Ticker,Date,Open,High,Low,Close,Volume
AAPL,2022-01-03,174.01,178.96,173.9,178.1,104487900
AAPL,2022-01-04,178.71,179.01,175.28,175.84,99310400
AAPL,2022-01-05,175.76,176.3,170.89,171.17,94537600
AAPL,2022-01-06,168.99,171.54,167.96,168.31,96904000
AAPL,2022-01-07,169.18,170.4,167.36,168.47,86709100
AAPL,2022-01-10,165.45,168.8,164.56,168.49,106765600
AAPL,2022-01-11,168.62,171.42,167.15,171.32,76138300
AAPL,2022-01-12,172.34,173.38,171.07,171.76,74805200
AAPL,2022-01-13,172.01,172.83,168.1,168.49,84505800
AAPL,2022-01-14,167.66,170.05,167.42,169.36,80440800
AAPL,2022-01-18,167.83,168.84,165.77,166.16,90956700
AAPL,2022-01-19,166.35,167.41,162.38,162.66,94815000
AAPL,2022-01-20,163.4,166.04,160.66,160.98,91420500
AAPL,2022-01-21,160.89,162.76,158.82,158.92,122848900
AAPL,2022-01-24,156.59,158.82,151.38,158.15,162294600
AAPL,2022-01-25,155.57,159.27,153.65,156.35,115798400
AAPL,2022-01-26,159.99,160.86,154.43,156.26,108275300
AAPL,2022-01-27,158.96,160.32,154.88,155.8,121954600
AAPL,2022-01-28,162.15,166.69,159.31,166.67,179935700
AAPL,2022-01-31,166.51,171.24,165.87,171.03,115541600
AAPL,2022-02-01,170.28,171.09,168.61,170.86,86213900
AAPL,2022-02-02,171.0,172.11,169.61,172.07,84914300
AAPL,2022-02-03,170.74,172.46,168.43,169.19,89418100
AAPL,2022-02-04,168.21,170.58,167.23,168.91,82465400
AAPL,2022-02-07,169.37,170.43,167.49,168.19,77251200
AAPL,2022-02-08,168.26,171.81,167.96,171.3,74829200
AAPL,2022-02-09,172.49,173.08,171.36,172.72,71285000
AAPL,2022-02-10,170.62,171.93,168.08,168.64,90865900
AAPL,2022-02-11,168.85,169.58,164.64,165.23,98670700
AAPL,2022-02-14,163.99,166.15,163.19,165.47,86185500
AAPL,2022-02-15,167.51,169.45,166.81,169.3,62527400
AAPL,2022-02-16,168.38,169.84,166.61,169.06,61177400
AAPL,2022-02-17,167.57,168.43,165.06,165.47,69589300
AAPL,2022-02-18,166.39,167.09,162.83,163.92,82772700
AAPL,2022-02-22,161.64,163.32,158.87,161.0,91162800
AAPL,2022-02-23,162.19,162.79,156.52,156.83,90009200
AAPL,2022-02-24,149.5,159.56,148.93,159.45,141147500
AAPL,2022-02-25,160.53,161.78,157.62,161.52,91974200
AAPL,2022-02-28,159.76,162.08,159.15,161.78,95056600
AAPL,2022-03-01,161.37,163.23,158.7,159.9,83474400
AAPL,2022-03-02,161.07,163.98,159.66,163.19,79724800
AAPL,2022-03-03,165.06,165.5,162.2,162.87,76678400
AAPL,2022-03-04,161.16,162.2,158.82,159.87,83737200
AAPL,2022-03-07,160.06,161.68,155.82,156.08,96418800
AAPL,2022-03-08,155.61,159.59,152.65,154.26,131148300
AAPL,2022-03-09,158.22,160.11,156.19,159.66,91454900
AAPL,2022-03-10,156.96,157.15,152.83,155.32,105342000
AAPL,2022-03-11,155.72,156.06,151.38,151.6,96970100
AAPL,2022-03-14,148.39,151.0,147.07,147.58,108732100
AAPL,2022-03-15,147.85,152.43,147.34,151.95,92964300
AAPL,2022-03-16,153.88,156.77,151.34,156.36,102300200
AAPL,2022-03-17,155.4,157.75,154.44,157.37,75615400
AAPL,2022-03-18,157.27,161.15,156.53,160.67,123511700
AAPL,2022-03-21,160.2,162.99,159.71,162.04,95811400
AAPL,2022-03-22,162.16,166.0,161.58,165.41,81532000
AAPL,2022-03-23,164.59,169.15,164.26,166.77,98062700
AAPL,2022-03-24,167.6,170.62,166.77,170.55,90131400
AAPL,2022-03-25,170.36,171.74,169.26,171.19,80546200
AAPL,2022-03-28,168.69,172.18,168.52,172.05,90371900
AAPL,2022-03-29,173.12,175.39,172.78,175.34,100589400
AAPL,2022-03-30,174.94,175.98,173.13,174.18,92633200
AAPL,2022-03-31,174.24,174.43,170.87,171.08,103049300
AAPL,2022-04-01,170.51,171.34,168.46,170.79,78751300
AAPL,2022-04-04,171.04,174.88,170.91,174.83,76468400
AAPL,2022-04-05,173.91,174.7,170.89,171.52,73401800
AAPL,2022-04-06,168.88,170.12,166.69,168.36,89058800
AAPL,2022-04-07,167.7,169.86,166.42,168.66,77594700
AAPL,2022-04-08,168.31,168.31,165.78,166.65,76575500
AAPL,2022-04-11,165.3,165.61,162.15,162.4,72246700
AAPL,2022-04-12,164.62,166.44,163.27,164.27,79265200
AAPL,2022-04-13,164.01,167.58,163.4,166.96,70618900
AAPL,2022-04-14,167.17,167.81,161.7,161.95,75329400
AAPL,2022-04-18,160.61,163.23,160.26,161.73,69023900
AAPL,2022-04-19,161.68,164.43,160.6,164.02,67723800
AAPL,2022-04-20,165.35,165.47,162.74,163.85,67929800
AAPL,2022-04-21,165.5,168.06,162.56,163.06,87227800
AAPL,2022-04-22,163.09,164.48,158.24,158.52,84882400
AAPL,2022-04-25,157.86,159.87,155.26,159.59,96046400
AAPL,2022-04-26,158.97,159.06,153.55,153.63,95623200
AAPL,2022-04-27,152.76,156.56,152.24,153.4,88063200
AAPL,2022-04-28,156.03,161.19,155.72,160.33,130216800
AAPL,2022-04-29,158.57,162.84,154.07,154.46,131747600
AAPL,2022-05-02,153.54,155.03,150.17,154.77,123055300
AAPL,2022-05-03,154.95,157.46,153.16,156.26,88966500
AAPL,2022-05-04,156.44,163.11,156.04,162.66,108256500
AAPL,2022-05-05,160.54,160.76,151.82,153.6,130525300
AAPL,2022-05-06,153.08,156.45,151.29,154.33,116124600
AAPL,2022-05-09,152.02,152.9,148.65,149.2,131577900
AAPL,2022-05-10,152.6,153.8,150.06,151.61,115366700
AAPL,2022-05-11,150.62,152.53,143.07,143.75,142689800
AAPL,2022-05-12,140.09,143.45,136.19,139.88,182602000
AAPL,2022-05-13,141.88,145.32,140.42,144.35,113990900
AAPL,2022-05-16,142.82,144.75,141.47,142.81,86643800
AAPL,2022-05-17,146.07,146.96,143.93,146.44,78336300
AAPL,2022-05-18,144.09,144.59,137.27,138.18,109742900
AAPL,2022-05-19,137.25,139.0,134.04,134.77,136095600
AAPL,2022-05-20,136.48,138.06,130.12,135.01,137426100
AAPL,2022-05-23,135.2,140.57,135.07,140.42,117726300
AAPL,2022-05-24,138.17,139.3,134.75,137.72,104132700
AAPL,2022-05-25,135.83,139.13,135.74,137.88,92482700
AAPL,2022-05-26,134.81,141.63,134.57,141.08,90601500
AAPL,2022-05-27,142.66,146.87,142.53,146.83,90978500
AAPL,2022-05-31,146.27,147.83,144.08,146.05,103718400
AAPL,2022-06-01,147.09,148.89,144.91,145.92,74286600
AAPL,2022-06-02,145.05,148.43,144.1,148.37,72348100
AAPL,2022-06-03,144.14,145.19,141.75,142.65,88570300
AAPL,2022-06-06,144.27,145.78,142.18,143.4,71598400
AAPL,2022-06-07,141.64,146.2,141.39,145.92,67808200
AAPL,2022-06-08,145.79,147.06,144.69,145.18,53950200
AAPL,2022-06-09,144.32,145.17,139.85,139.96,69473000
AAPL,2022-06-10,137.65,138.12,134.49,134.56,91437900
AAPL,2022-06-13,130.38,132.66,128.97,129.4,122207100
AAPL,2022-06-14,130.63,131.38,129.01,130.27,84784300
AAPL,2022-06-15,131.77,134.76,129.68,132.89,91533000
AAPL,2022-06-16,129.6,129.9,126.62,127.62,108123900
AAPL,2022-06-17,127.63,130.58,127.37,129.09,134520300
AAPL,2022-06-21,130.91,134.49,130.82,133.32,81000500
AAPL,2022-06-22,132.26,135.17,131.4,132.81,73409200
AAPL,2022-06-23,134.25,135.99,133.08,135.67,72433800
AAPL,2022-06-24,137.27,139.25,137.15,139.0,89116800
AAPL,2022-06-27,140.02,140.8,138.32,139.0,70207900
AAPL,2022-06-28,139.46,140.73,134.74,134.86,67083400
AAPL,2022-06-29,134.88,138.03,134.1,136.62,66242400
AAPL,2022-06-30,134.67,135.77,131.26,134.15,98964500
AAPL,2022-07-01,133.49,136.43,133.11,136.32,71051600
AAPL,2022-07-05,135.18,138.95,134.36,138.9,73353800
AAPL,2022-07-06,138.7,141.41,138.43,140.24,74064300
AAPL,2022-07-07,140.6,143.8,140.59,143.6,66253700
AAPL,2022-07-08,142.53,144.78,142.28,144.28,64547800
AAPL,2022-07-11,142.93,143.89,141.08,142.15,63141600
AAPL,2022-07-12,143.02,145.66,142.33,143.12,77588800
AAPL,2022-07-13,140.31,143.7,139.45,142.76,71185600
AAPL,2022-07-14,141.37,146.15,140.56,145.68,78140700
AAPL,2022-07-15,146.97,148.03,145.42,147.35,76259900
AAPL,2022-07-18,147.91,148.72,143.95,144.31,81420900
AAPL,2022-07-19,145.14,148.39,144.15,148.16,82982400
AAPL,2022-07-20,148.28,150.83,147.55,150.17,64823400
AAPL,2022-07-21,151.6,152.65,149.09,152.43,65086600
AAPL,2022-07-22,152.47,153.35,150.53,151.2,66675400
AAPL,2022-07-25,151.12,152.13,149.42,150.08,53623900
AAPL,2022-07-26,149.4,150.22,147.97,148.75,55138700
AAPL,2022-07-27,149.72,154.38,149.3,153.85,78620700
AAPL,2022-07-28,154.03,154.68,151.51,154.4,81378700
AAPL,2022-07-29,158.21,160.56,156.51,159.46,101786900
AAPL,2022-08-01,157.99,160.52,157.87,158.48,67829400
AAPL,2022-08-02,157.09,159.36,156.63,157.01,59907000
AAPL,2022-08-03,157.82,163.46,157.73,163.01,82507500
AAPL,2022-08-04,162.89,164.05,161.34,162.7,55474100
AAPL,2022-08-05,160.37,162.96,160.16,162.47,56697000
AAPL,2022-08-08,163.47,164.89,161.34,162.0,60276900
AAPL,2022-08-09,161.16,162.93,160.41,162.05,63135500
AAPL,2022-08-10,164.76,166.39,163.99,166.29,70170500
AAPL,2022-08-11,167.1,168.01,165.26,165.56,57149200
AAPL,2022-08-12,166.86,169.17,166.45,169.1,68039400
AAPL,2022-08-15,168.53,170.37,168.37,170.17,54091700
AAPL,2022-08-16,169.77,170.69,168.67,170.02,56377100
AAPL,2022-08-17,169.76,173.08,169.57,171.51,79542000
AAPL,2022-08-18,170.72,171.85,170.11,171.12,62290100
AAPL,2022-08-19,170.02,170.71,168.33,168.53,70346300
AAPL,2022-08-22,166.74,166.9,164.23,164.65,69026800
AAPL,2022-08-23,164.17,165.77,163.75,164.32,54147100
AAPL,2022-08-24,164.41,165.18,163.36,164.61,53841500
AAPL,2022-08-25,165.84,167.18,165.42,167.07,51218200
AAPL,2022-08-26,167.6,168.07,160.71,160.77,78961000
AAPL,2022-08-29,158.34,160.06,157.04,158.57,73314000
AAPL,2022-08-30,159.31,159.73,154.97,156.14,77906200
AAPL,2022-08-31,157.52,157.78,154.4,154.48,87991100
AAPL,2022-09-01,153.91,155.66,151.98,155.21,74229900
AAPL,2022-09-02,156.97,157.57,152.27,153.1,76957800
AAPL,2022-09-06,153.75,154.35,151.01,151.84,73714800
AAPL,2022-09-07,152.12,153.94,150.94,153.24,87449600
AAPL,2022-09-08,151.95,153.64,150.02,151.77,84923800
AAPL,2022-09-09,152.76,155.07,152.06,154.63,68028800
AAPL,2022-09-12,156.81,161.4,156.53,160.58,104956000
AAPL,2022-09-13,157.12,157.74,150.7,151.16,122656600
AAPL,2022-09-14,152.09,154.36,150.94,152.61,87965400
AAPL,2022-09-15,151.96,152.54,148.74,149.72,90481100
AAPL,2022-09-16,148.58,148.71,145.79,148.08,162278800
AAPL,2022-09-19,146.71,151.87,146.5,151.79,81474200
AAPL,2022-09-20,150.73,155.33,150.41,154.17,107689800
AAPL,2022-09-21,154.6,155.98,150.93,151.04,101696800
AAPL,2022-09-22,149.73,151.78,148.28,150.08,86652500
AAPL,2022-09-23,148.56,148.83,145.97,147.81,96029900
AAPL,2022-09-26,147.05,151.09,147.03,148.14,93339400
AAPL,2022-09-27,150.08,152.03,147.34,149.12,84442700
AAPL,2022-09-28,145.07,148.02,142.32,147.23,146691400
AAPL,2022-09-29,143.56,144.17,138.23,140.0,128138200
AAPL,2022-09-30,138.82,140.61,135.6,135.79,124925300
AAPL,2022-10-03,135.8,140.58,135.29,139.97,114311700
AAPL,2022-10-04,142.5,143.67,141.75,143.56,87830100
AAPL,2022-10-05,141.56,144.81,140.52,143.85,79471000
AAPL,2022-10-06,143.27,144.97,142.69,142.9,68402200
AAPL,2022-10-07,140.06,140.61,137.02,137.65,85925600
AAPL,2022-10-10,137.97,139.42,136.16,137.97,74899000
AAPL,2022-10-11,137.46,138.89,135.81,136.56,77033700
AAPL,2022-10-12,136.71,137.92,135.75,135.93,70433700
AAPL,2022-10-13,132.64,141.09,132.03,140.5,113224000
AAPL,2022-10-14,141.8,142.0,135.78,135.97,88598000
AAPL,2022-10-17,138.61,140.41,137.83,139.93,85250900
AAPL,2022-10-18,142.96,144.15,138.16,141.25,99136600
AAPL,2022-10-19,139.22,142.43,139.04,141.35,61758300
AAPL,2022-10-20,140.53,143.35,140.17,140.89,64522000
AAPL,2022-10-21,140.38,145.28,140.17,144.71,86548600
AAPL,2022-10-24,144.63,147.61,143.46,146.85,75981900
AAPL,2022-10-25,147.48,149.83,146.76,149.69,74732300
AAPL,2022-10-26,148.33,149.34,145.46,146.75,88194300
AAPL,2022-10-27,145.49,146.45,141.62,142.28,109180200
AAPL,2022-10-28,145.62,154.76,145.25,153.03,164762400
AAPL,2022-10-31,150.49,151.55,149.27,150.67,97943200
AAPL,2022-11-01,152.38,152.74,146.53,148.03,80379300
AAPL,2022-11-02,146.36,149.52,142.48,142.5,93604600
AAPL,2022-11-03,139.59,140.31,136.33,136.46,97918500
AAPL,2022-11-04,139.85,140.42,132.26,136.2,140814800
AAPL,2022-11-07,134.95,136.95,133.53,136.73,83374600
AAPL,2022-11-08,138.19,139.2,135.32,137.3,89908500
AAPL,2022-11-09,136.31,136.36,132.47,132.74,74917800
AAPL,2022-11-10,139.01,144.55,137.3,144.55,118854000
AAPL,2022-11-11,143.52,147.64,142.09,147.34,93979700
AAPL,2022-11-14,146.62,147.91,145.1,145.94,73374100
AAPL,2022-11-15,149.82,151.17,146.22,147.67,89868300
AAPL,2022-11-16,146.78,147.5,144.97,146.44,64218300
AAPL,2022-11-17,144.12,149.09,143.84,148.34,80389400
AAPL,2022-11-18,149.91,150.29,147.6,148.9,74829600
AAPL,2022-11-21,147.79,148.0,145.39,145.67,58724100
AAPL,2022-11-22,145.79,148.05,144.61,147.81,51804100
AAPL,2022-11-23,147.09,149.43,146.98,148.69,58301400
AAPL,2022-11-25,145.97,146.53,144.8,145.77,35195900
AAPL,2022-11-28,142.85,144.33,141.12,141.94,69246000
AAPL,2022-11-29,142.01,142.52,138.13,138.94,83763800
AAPL,2022-11-30,139.17,146.37,138.33,145.69,111380900
AAPL,2022-12-01,145.87,146.78,144.3,145.97,71250400
AAPL,2022-12-02,143.66,145.66,143.35,145.48,65447400
AAPL,2022-12-05,145.44,148.54,143.47,144.32,68826400
AAPL,2022-12-06,144.75,144.98,139.68,140.65,64727200
AAPL,2022-12-07,139.95,141.11,137.79,138.72,69721100
AAPL,2022-12-08,140.11,141.25,138.87,140.4,62128300
AAPL,2022-12-09,140.09,143.27,138.68,139.92,76097000
AAPL,2022-12-12,140.45,142.22,138.83,142.21,70462700
AAPL,2022-12-13,147.14,147.6,141.96,143.17,93886200
AAPL,2022-12-14,143.06,144.35,138.93,140.95,82291200
AAPL,2022-12-15,138.88,139.56,133.88,134.35,98931900
AAPL,2022-12-16,134.53,135.48,131.62,132.39,160156900
AAPL,2022-12-19,132.98,133.07,129.25,130.28,79592600
AAPL,2022-12-20,129.32,131.15,127.84,130.21,77432800
AAPL,2022-12-21,130.88,134.65,130.65,133.31,85928000
AAPL,2022-12-22,132.23,132.44,128.24,130.14,77852100
AAPL,2022-12-23,128.85,130.33,127.59,129.78,63814900
AAPL,2022-12-27,129.31,129.34,126.69,127.98,69007800
AAPL,2022-12-28,127.62,128.96,123.88,124.05,85438400
AAPL,2022-12-29,125.97,128.42,125.71,127.56,75703700
AAPL,2022-12-30,126.38,127.9,125.42,127.88,77034200
AAPL,2023-01-03,128.22,128.83,122.21,123.1,112117500
AAPL,2023-01-04,124.89,126.63,123.11,124.37,89113600
AAPL,2023-01-05,125.12,125.75,122.79,123.05,80962700
AAPL,2023-01-06,124.02,128.23,122.92,127.57,87754700
AAPL,2023-01-09,128.41,131.3,127.84,128.1,70790800
AAPL,2023-01-10,128.2,129.19,126.1,128.67,63896200
AAPL,2023-01-11,129.18,131.4,128.4,131.38,69458900
AAPL,2023-01-12,131.77,132.14,129.37,131.3,71379600
AAPL,2023-01-13,129.95,132.79,129.58,132.63,57809700
AAPL,2023-01-17,132.7,135.12,132.01,133.79,63646600
AAPL,2023-01-18,134.66,136.42,132.9,133.08,69672800
AAPL,2023-01-19,131.96,134.1,131.66,133.14,58280400
AAPL,2023-01-20,133.14,135.84,132.1,135.69,80223600
AAPL,2023-01-23,135.94,141.06,135.72,138.88,81760300
AAPL,2023-01-24,138.1,140.9,138.09,140.28,66435100
AAPL,2023-01-25,138.67,140.18,136.62,139.62,65799300
AAPL,2023-01-26,140.91,141.97,139.66,141.69,54105100
AAPL,2023-01-27,140.9,144.91,140.82,143.63,70555800
AAPL,2023-01-30,142.67,143.25,140.6,140.74,64015300
AAPL,2023-01-31,140.45,142.06,140.03,142.01,65874500
AAPL,2023-02-01,141.7,144.3,139.09,143.13,77663600
AAPL,2023-02-02,146.55,148.79,145.83,148.44,118339000
AAPL,2023-02-03,145.69,154.9,145.5,152.06,154357300
AAPL,2023-02-06,150.16,150.68,148.4,149.34,69858300
AAPL,2023-02-07,148.26,152.78,148.26,152.21,83322600
AAPL,2023-02-08,151.45,152.14,148.78,149.52,64120100
AAPL,2023-02-09,151.35,151.89,148.05,148.49,56007100
AAPL,2023-02-10,147.33,149.18,147.09,148.85,57450700
AAPL,2023-02-13,148.79,152.06,148.76,151.65,62199000
AAPL,2023-02-14,149.95,151.57,148.71,151.01,61707600
AAPL,2023-02-15,150.92,153.28,150.7,153.11,65573800
AAPL,2023-02-16,151.32,154.1,151.16,151.51,68167900
AAPL,2023-02-17,150.17,150.82,148.7,150.37,59144100
AAPL,2023-02-21,148.06,149.14,146.29,146.36,58867200
AAPL,2023-02-22,146.74,147.81,145.06,146.78,51011300
AAPL,2023-02-23,147.95,148.19,145.14,147.27,48394200
AAPL,2023-02-24,145.01,145.09,143.64,144.61,55469600
AAPL,2023-02-27,145.6,147.04,145.34,145.81,44998500
AAPL,2023-02-28,144.95,146.95,144.73,145.3,50547000
AAPL,2023-03-01,144.73,145.13,142.94,143.23,55479000
AAPL,2023-03-02,142.32,144.61,141.85,143.83,52238100
AAPL,2023-03-03,145.93,148.95,145.23,148.87,70732300
AAPL,2023-03-06,151.59,154.07,151.27,151.63,87558000
AAPL,2023-03-07,151.51,151.83,148.97,149.44,56182000
AAPL,2023-03-08,150.63,151.28,149.66,150.69,47204800
AAPL,2023-03-09,151.37,152.33,148.08,148.44,53833600
AAPL,2023-03-10,148.06,148.78,145.5,146.38,68572400
AAPL,2023-03-13,145.7,150.95,145.59,148.32,84457100
AAPL,2023-03-14,149.12,151.21,147.96,150.41,73695900
AAPL,2023-03-15,149.03,151.06,147.78,150.81,77167900
AAPL,2023-03-16,149.99,154.23,149.47,153.62,76161100
AAPL,2023-03-17,153.85,154.5,152.08,152.79,98944600
AAPL,2023-03-20,152.86,155.57,151.95,155.15,73641400
AAPL,2023-03-21,155.07,157.12,154.3,157.01,73938300
AAPL,2023-03-22,157.03,159.82,155.56,155.58,75701800
AAPL,2023-03-23,156.56,159.24,155.43,156.66,67622100
AAPL,2023-03-24,156.59,158.05,155.6,157.96,59196500
AAPL,2023-03-27,157.66,158.47,155.62,156.02,52390300
AAPL,2023-03-28,155.71,156.23,153.75,155.4,45992200
AAPL,2023-03-29,157.09,158.75,157.07,158.47,51305700
AAPL,2023-03-30,159.22,160.15,158.97,160.04,49501700
AAPL,2023-03-31,160.12,162.64,159.6,162.55,68749800
AAPL,2023-04-03,161.92,163.92,161.87,163.8,56976200
AAPL,2023-04-04,164.22,164.46,162.75,163.26,46278300
AAPL,2023-04-05,162.39,162.69,159.49,161.42,51511700
AAPL,2023-04-06,160.11,162.6,159.69,162.31,45390100
AAPL,2023-04-10,159.11,159.72,157.79,159.72,47716900
AAPL,2023-04-11,160.03,160.04,158.22,158.5,47644200
AAPL,2023-04-12,158.92,159.75,157.5,157.81,50133100
AAPL,2023-04-13,159.32,163.43,159.11,163.2,68445600
AAPL,2023-04-14,162.24,163.94,161.48,162.85,49386500
AAPL,2023-04-17,162.73,163.03,161.69,162.87,41516200
AAPL,2023-04-18,163.73,165.02,163.28,164.09,49923000
AAPL,2023-04-19,163.43,165.76,163.18,165.24,47720200
AAPL,2023-04-20,163.72,165.47,163.2,164.27,52456400
AAPL,2023-04-21,162.69,164.07,162.14,162.66,58337300
AAPL,2023-04-24,162.64,163.24,161.55,162.97,41949600
AAPL,2023-04-25,162.83,163.94,161.39,161.43,48714100
AAPL,2023-04-26,160.73,162.92,160.48,161.42,45498800
AAPL,2023-04-27,162.83,166.15,162.83,166.01,64902300
AAPL,2023-04-28,166.08,167.42,165.48,167.26,55275900
AAPL,2023-05-01,166.86,168.02,166.23,167.17,52472900
AAPL,2023-05-02,167.66,167.92,165.15,166.13,48425700
AAPL,2023-05-03,167.08,168.48,164.77,165.06,65136000
AAPL,2023-05-04,162.54,164.65,161.96,163.42,81235400
AAPL,2023-05-05,168.54,171.81,168.32,171.09,113453200
AAPL,2023-05-08,170.02,171.37,169.65,171.02,55962800
AAPL,2023-05-09,170.58,171.06,169.15,169.32,45326900
AAPL,2023-05-10,170.55,171.54,169.45,171.08,53724500
AAPL,2023-05-11,171.37,172.1,169.71,171.27,49514700
AAPL,2023-05-12,171.38,171.81,168.79,170.34,45533100
AAPL,2023-05-15,170.92,170.97,169.26,169.85,37266700
AAPL,2023-05-16,169.77,170.9,169.58,169.85,42110300
AAPL,2023-05-17,169.49,170.7,168.22,170.46,57951600
AAPL,2023-05-18,170.77,172.98,170.35,172.79,65496700
AAPL,2023-05-19,174.11,174.11,172.68,172.9,55809500
AAPL,2023-05-22,171.73,172.45,171.21,171.95,43570900
AAPL,2023-05-23,170.89,171.14,169.07,169.34,50747300
AAPL,2023-05-24,168.88,170.19,168.32,169.62,45143500
AAPL,2023-05-25,170.18,171.65,169.47,170.76,56058300
AAPL,2023-05-26,171.08,173.5,170.87,173.16,54835000
AAPL,2023-05-30,174.67,176.68,174.29,175.01,55964400
AAPL,2023-05-31,175.04,177.03,174.48,174.96,99625300
AAPL,2023-06-01,175.4,177.79,174.64,177.76,68901800
AAPL,2023-06-02,178.69,179.43,176.94,178.61,61996900
AAPL,2023-06-05,180.27,182.56,175.74,177.26,121946500
AAPL,2023-06-06,177.65,177.79,175.14,176.9,64848400
AAPL,2023-06-07,176.14,178.87,175.03,175.52,61944600
AAPL,2023-06-08,175.6,178.5,175.17,178.24,50214900
AAPL,2023-06-09,179.16,179.88,178.3,178.62,48900000
AAPL,2023-06-12,178.93,181.51,178.63,181.42,54274900
AAPL,2023-06-13,180.44,181.77,180.08,180.94,54929100
AAPL,2023-06-14,181.0,182.01,179.67,181.57,57462900
AAPL,2023-06-15,181.58,184.11,181.41,183.61,65433200
AAPL,2023-06-16,184.32,184.57,181.89,182.53,101256200
AAPL,2023-06-20,182.03,183.7,182.03,182.62,49799100
AAPL,2023-06-21,182.51,183.02,180.23,181.58,49515700
AAPL,2023-06-22,181.37,184.63,181.3,184.58,51245300
AAPL,2023-06-23,183.15,185.14,182.62,184.27,53117000
AAPL,2023-06-26,184.42,185.62,182.84,182.88,48088700
AAPL,2023-06-27,183.49,185.96,183.27,185.63,50730800
AAPL,2023-06-28,185.5,187.45,185.18,186.81,51216800
AAPL,2023-06-29,186.64,187.61,186.5,187.14,46347300
AAPL,2023-06-30,189.15,191.97,188.79,191.46,85213200
AAPL,2023-07-03,191.28,191.38,189.28,189.97,31458200
AAPL,2023-07-05,189.1,190.49,188.16,188.86,46920300
AAPL,2023-07-06,187.39,189.54,186.76,189.33,45094300
AAPL,2023-07-07,188.94,190.18,187.78,188.22,46815000
AAPL,2023-07-10,186.82,187.54,184.62,186.17,59922200
AAPL,2023-07-11,186.72,186.85,184.19,185.65,46638100
AAPL,2023-07-12,187.23,189.22,186.04,187.32,60750200
AAPL,2023-07-13,188.04,188.72,187.33,188.08,41342300
AAPL,2023-07-14,187.77,188.71,187.18,188.23,41616200
AAPL,2023-07-17,189.42,191.81,189.33,191.48,50520200
AAPL,2023-07-18,190.85,191.82,189.93,191.23,48288200
AAPL,2023-07-19,190.61,195.67,190.16,192.58,80507300
AAPL,2023-07-20,192.57,193.93,190.01,190.64,59581200
AAPL,2023-07-21,191.59,192.45,188.76,189.46,71951700
AAPL,2023-07-24,190.91,192.39,189.77,190.26,45377800
AAPL,2023-07-25,190.83,191.93,190.43,191.12,37283200
AAPL,2023-07-26,191.17,193.11,190.82,191.99,47471900
AAPL,2023-07-27,193.49,194.65,190.06,190.72,47460200
AAPL,2023-07-28,192.16,194.09,191.63,193.3,48291400
AAPL,2023-07-31,193.53,193.95,192.74,193.91,38824100
AAPL,2023-08-01,193.71,194.19,192.76,193.08,35175100
AAPL,2023-08-02,192.52,192.66,189.37,190.09,50389300
AAPL,2023-08-03,189.1,189.89,188.23,188.7,61235200
AAPL,2023-08-04,183.12,184.96,179.57,179.64,115956800
AAPL,2023-08-07,179.78,180.76,175.06,176.54,97576100
AAPL,2023-08-08,177.37,177.94,175.29,177.48,67823000
AAPL,2023-08-09,178.53,178.59,174.72,175.89,60378500
AAPL,2023-08-10,177.16,178.42,175.31,175.67,54686900
AAPL,2023-08-11,175.27,176.55,174.5,175.73,52036700
AAPL,2023-08-14,175.91,177.61,175.26,177.38,43675600
AAPL,2023-08-15,176.81,177.4,175.0,175.39,43622600
AAPL,2023-08-16,175.08,176.47,174.46,174.52,46964900
AAPL,2023-08-17,175.09,175.45,171.47,171.98,66062900
AAPL,2023-08-18,170.3,173.07,169.97,172.47,61172200
AAPL,2023-08-21,173.04,174.09,171.73,173.8,46311900
AAPL,2023-08-22,175.01,175.62,174.21,175.18,42038900
AAPL,2023-08-23,176.45,179.45,176.26,179.02,52722800
AAPL,2023-08-24,178.58,179.0,173.97,174.34,54945800
AAPL,2023-08-25,175.33,177.07,173.78,176.54,51449600
AAPL,2023-08-28,178.0,178.5,176.48,178.1,43820700
AAPL,2023-08-29,177.62,182.76,177.42,181.99,53003900
AAPL,2023-08-30,182.8,185.67,182.6,185.48,60813900
AAPL,2023-08-31,185.66,186.93,185.31,185.69,60794500
AAPL,2023-09-01,187.29,187.72,186.1,187.27,45766500
AAPL,2023-09-05,186.1,187.78,185.44,187.5,45280000
AAPL,2023-09-06,186.22,186.66,179.37,180.79,81755800
AAPL,2023-09-07,173.15,176.15,171.53,175.5,112488800
AAPL,2023-09-08,176.28,178.15,175.73,176.12,65551300
AAPL,2023-09-11,177.98,178.21,175.29,177.28,58953100
AAPL,2023-09-12,177.41,178.04,172.79,174.26,90370200
AAPL,2023-09-13,174.47,175.25,171.96,172.19,84267900
AAPL,2023-09-14,171.98,174.06,171.57,173.7,60895800
AAPL,2023-09-15,174.44,174.46,171.81,172.98,109259500
AAPL,2023-09-18,174.44,177.3,174.13,175.91,67257600
AAPL,2023-09-19,175.46,177.55,175.08,177.0,51826900
AAPL,2023-09-20,177.18,177.62,173.37,173.46,58436200
AAPL,2023-09-21,172.53,174.26,171.85,171.92,63149100
AAPL,2023-09-22,172.65,175.03,172.03,172.77,56725400
AAPL,2023-09-25,172.18,174.92,172.13,174.04,46172700
AAPL,2023-09-26,172.79,173.17,169.67,169.97,64588900
AAPL,2023-09-27,170.62,171.04,167.09,168.46,66921800
AAPL,2023-09-28,167.38,170.04,165.68,168.71,56294400
AAPL,2023-09-29,170.03,171.07,168.37,169.23,51861100
AAPL,2023-10-02,169.24,172.28,168.95,171.74,52164500
AAPL,2023-10-03,170.26,171.62,168.84,170.4,49594600
AAPL,2023-10-04,169.11,172.19,168.99,171.65,53020300
AAPL,2023-10-05,171.78,173.42,170.68,172.88,48527900
AAPL,2023-10-06,171.79,175.93,171.17,175.43,57266700
AAPL,2023-10-09,174.76,176.98,173.76,176.92,42390800
AAPL,2023-10-10,176.04,177.64,175.89,176.32,43698000
AAPL,2023-10-11,176.14,177.77,175.54,177.72,47551100
AAPL,2023-10-12,177.98,180.23,176.97,178.62,56743100
AAPL,2023-10-13,179.32,179.82,176.08,176.78,51427100
AAPL,2023-10-16,174.7,177.01,174.47,176.65,52517000
AAPL,2023-10-17,174.6,176.35,172.78,175.1,57549400
AAPL,2023-10-18,173.55,175.52,173.08,173.8,54764400
AAPL,2023-10-19,174.0,175.78,173.16,173.43,59302900
AAPL,2023-10-20,173.28,173.39,170.64,170.88,64244000
AAPL,2023-10-23,168.93,171.99,167.96,171.0,55980100
AAPL,2023-10-24,171.05,171.66,169.46,171.43,43816600
AAPL,2023-10-25,169.89,171.06,168.67,169.12,57157000
AAPL,2023-10-26,168.4,169.39,163.75,164.96,70625300
AAPL,2023-10-27,164.98,167.0,164.9,166.27,58499100
AAPL,2023-10-30,167.06,169.19,166.91,168.32,51131000
AAPL,2023-10-31,167.39,168.92,165.96,168.79,44846000
AAPL,2023-11-01,169.02,172.21,168.15,171.95,56934900
AAPL,2023-11-02,173.49,175.72,173.43,175.51,77334800
AAPL,2023-11-03,172.22,174.77,171.34,174.6,79829200
AAPL,2023-11-06,174.34,177.35,174.17,177.15,63841300
AAPL,2023-11-07,177.1,180.33,176.9,179.71,70530000
AAPL,2023-11-08,180.24,181.32,179.49,180.77,49340300
AAPL,2023-11-09,180.84,181.99,179.7,180.3,53763500
AAPL,2023-11-10,182.08,184.65,181.64,184.48,66133400
AAPL,2023-11-13,183.91,184.12,182.32,182.9,43627500
AAPL,2023-11-14,185.77,186.18,184.38,185.51,60108400
AAPL,2023-11-15,185.92,187.55,185.85,186.08,53790500
AAPL,2023-11-16,187.62,189.0,186.71,187.76,54412900
AAPL,2023-11-17,188.29,188.42,186.63,187.74,50922700
AAPL,2023-11-20,187.94,189.94,187.93,189.48,46505100
AAPL,2023-11-21,189.44,189.55,187.79,188.68,38134500
AAPL,2023-11-22,189.52,190.95,188.87,189.34,39617700
AAPL,2023-11-24,188.91,188.94,187.3,188.02,24048300
AAPL,2023-11-27,187.97,188.71,186.96,187.84,40552600
AAPL,2023-11-28,187.83,189.12,187.45,188.44,38415400
AAPL,2023-11-29,188.94,190.11,187.03,187.42,43014200
AAPL,2023-11-30,187.89,188.36,186.26,188.0,48794400
AAPL,2023-12-01,188.37,189.59,187.28,189.27,45704800
AAPL,2023-12-04,188.03,188.1,185.52,187.48,43389500
AAPL,2023-12-05,188.25,192.4,188.22,191.43,66628400
AAPL,2023-12-06,192.45,192.76,190.13,190.34,41089700
AAPL,2023-12-07,191.64,193.0,191.6,192.27,47477700
AAPL,2023-12-08,192.2,193.97,191.68,193.7,53406400
AAPL,2023-12-11,191.12,191.5,189.45,191.19,60943700
AAPL,2023-12-12,191.09,192.72,189.75,192.71,52696900
AAPL,2023-12-13,193.08,195.96,192.85,195.92,70404200
AAPL,2023-12-14,195.98,197.57,194.14,196.07,66831600
AAPL,2023-12-15,195.5,196.36,194.97,195.54,128538400
AAPL,2023-12-18,194.07,194.61,192.39,193.88,55751900
AAPL,2023-12-19,194.14,194.93,193.88,194.92,40714100
AAPL,2023-12-20,194.88,195.65,192.83,192.83,52242800
AAPL,2023-12-21,194.08,195.05,191.51,192.68,46482500
AAPL,2023-12-22,193.17,193.4,190.99,191.61,37149600
AAPL,2023-12-26,191.62,191.9,190.85,191.07,28919300
AAPL,2023-12-27,190.51,191.51,189.13,191.16,48087700
AAPL,2023-12-28,192.14,192.66,191.18,191.59,34049900
AAPL,2023-12-29,191.91,192.4,189.76,190.55,42672100
AAPL,2024-01-02,185.23,186.5,182.0,183.73,82488700
AAPL,2024-01-03,182.33,183.97,181.54,182.36,58414500
AAPL,2024-01-04,180.28,181.21,179.02,180.04,71983600
AAPL,2024-01-05,180.12,180.88,178.32,179.32,62379700
AAPL,2024-01-08,180.22,183.69,179.63,183.65,59144500
AAPL,2024-01-09,182.03,183.25,180.85,183.24,42841800
AAPL,2024-01-10,182.45,184.48,182.03,184.28,46792900
AAPL,2024-01-11,184.62,185.13,181.73,183.68,49128400
AAPL,2024-01-12,184.15,184.82,183.29,184.01,40477800
AAPL,2024-01-16,180.29,182.37,179.07,181.74,65603000
AAPL,2024-01-17,179.41,181.05,178.45,180.8,47317400
AAPL,2024-01-18,184.18,187.2,183.92,186.69,78005800
AAPL,2024-01-19,187.38,189.98,186.88,189.59,68903000
AAPL,2024-01-22,190.32,193.32,190.28,191.9,60133900
AAPL,2024-01-23,193.01,193.74,191.84,193.17,42355600
AAPL,2024-01-24,193.41,194.36,192.34,192.5,53631300
AAPL,2024-01-25,193.21,194.25,191.12,192.17,54822100
AAPL,2024-01-26,192.27,192.76,189.97,190.44,44594000
AAPL,2024-01-29,190.04,190.22,187.63,189.76,47145600
AAPL,2024-01-30,188.98,189.83,185.54,186.11,55859400
AAPL,2024-01-31,185.12,185.18,182.45,182.5,55467800
AAPL,2024-02-01,182.1,185.03,181.93,184.94,64885400
AAPL,2024-02-02,178.01,185.4,177.41,183.94,102551700
AAPL,2024-02-05,186.22,187.3,183.93,185.75,69668800
AAPL,2024-02-06,184.94,187.36,184.85,187.35,43490800
AAPL,2024-02-07,188.68,189.09,186.67,187.46,53439000
AAPL,2024-02-08,187.44,187.59,185.42,186.38,40962000
AAPL,2024-02-09,186.95,188.28,186.3,187.15,45155200
AAPL,2024-02-12,186.72,186.97,185.11,185.46,41781900
AAPL,2024-02-13,184.09,184.53,181.85,183.37,56529500
AAPL,2024-02-14,183.65,183.86,180.79,182.49,54630500
AAPL,2024-02-15,181.89,182.83,179.71,182.2,65434500
AAPL,2024-02-16,181.77,183.18,180.03,180.67,49752500
AAPL,2024-02-20,180.15,180.78,178.38,179.92,53665600
AAPL,2024-02-21,180.3,181.24,179.03,180.68,41371400
AAPL,2024-02-22,181.83,183.29,180.81,182.71,52292200
AAPL,2024-02-23,183.34,183.37,180.59,180.87,45119700
AAPL,2024-02-26,180.6,181.11,179.02,179.53,40867400
AAPL,2024-02-27,179.47,182.26,177.94,180.98,54318900
AAPL,2024-02-28,180.86,181.47,178.51,179.78,48953900
AAPL,2024-02-29,179.64,180.92,177.91,179.12,136682600
AAPL,2024-03-01,177.93,178.9,175.78,178.04,73563100
AAPL,2024-03-04,174.56,175.3,172.22,173.52,81510100
AAPL,2024-03-05,169.22,170.49,168.09,168.59,95132400
AAPL,2024-03-06,169.52,169.7,167.16,167.59,68587700
AAPL,2024-03-07,167.62,169.19,166.97,167.48,71765100
AAPL,2024-03-08,167.48,172.13,167.42,169.19,76267000
AAPL,2024-03-11,171.38,172.81,170.5,171.19,60139500
AAPL,2024-03-12,171.59,172.46,169.47,171.67,59825400
AAPL,2024-03-13,171.21,171.63,169.22,169.59,52488700
AAPL,2024-03-14,171.35,172.74,170.5,171.44,72913500
AAPL,2024-03-15,169.63,171.06,168.75,171.06,121752700
AAPL,2024-03-18,173.99,176.11,171.96,172.15,75604200
AAPL,2024-03-19,172.77,175.02,171.47,174.49,55215200
AAPL,2024-03-20,174.14,177.06,173.51,177.06,53423100
AAPL,2024-03-21,175.45,175.89,169.3,169.82,106181300
AAPL,2024-03-22,170.21,171.49,168.53,170.73,71160100
AAPL,2024-03-25,169.03,170.39,167.92,169.31,54288300
AAPL,2024-03-26,168.47,169.87,168.05,168.18,57388400
AAPL,2024-03-27,168.87,172.03,168.58,171.75,60273300
AAPL,2024-03-28,170.2,170.68,168.97,169.93,65672700
AAPL,2024-04-01,169.65,169.71,167.95,168.5,46240500
AAPL,2024-04-02,167.56,167.81,166.71,167.32,49329500
AAPL,2024-04-03,167.27,169.14,167.06,168.12,47691700
AAPL,2024-04-04,168.75,170.37,167.3,167.3,53704400
AAPL,2024-04-05,168.06,168.85,167.43,168.05,42104800
AAPL,2024-04-08,167.51,167.67,166.72,166.93,37425500
AAPL,2024-04-09,167.18,168.55,166.83,168.14,42373800
AAPL,2024-04-10,167.28,167.57,165.6,166.27,49709300
AAPL,2024-04-11,166.82,173.88,166.64,173.46,91070300
AAPL,2024-04-12,172.69,176.75,172.64,174.96,101670900
AAPL,2024-04-15,173.78,175.04,170.94,171.13,73531800
AAPL,2024-04-16,170.2,172.19,166.75,167.85,73711200
AAPL,2024-04-17,168.08,169.11,166.48,166.48,50901200
AAPL,2024-04-18,166.51,167.12,165.05,165.53,43122900
AAPL,2024-04-19,164.71,164.9,162.6,163.51,68149400
AAPL,2024-04-22,164.03,165.75,163.28,164.34,48116400
AAPL,2024-04-23,163.86,165.54,163.43,165.39,49537800
AAPL,2024-04-24,165.04,167.77,164.71,167.5,48251800
AAPL,2024-04-25,168.0,169.07,166.63,168.36,50558300
AAPL,2024-04-26,168.35,169.79,167.65,167.77,44838400
AAPL,2024-04-29,171.81,174.44,171.54,171.94,68169400
AAPL,2024-04-30,171.77,173.41,168.47,168.79,65934800
AAPL,2024-05-01,168.05,171.15,167.58,167.77,50383100
AAPL,2024-05-02,170.95,171.86,169.35,171.47,94214900
AAPL,2024-05-03,184.97,185.31,181.01,181.73,163224100
AAPL,2024-05-06,180.71,182.54,178.79,180.07,78569700
AAPL,2024-05-07,181.8,183.23,179.68,180.75,77305800
AAPL,2024-05-08,181.2,181.42,179.81,181.09,45057100
AAPL,2024-05-09,180.91,182.99,180.47,182.91,48983000
AAPL,2024-05-10,183.48,183.67,180.73,181.65,50759500
AAPL,2024-05-13,184.02,185.66,183.2,184.85,72044800
AAPL,2024-05-14,186.07,186.85,184.86,185.99,52393600
AAPL,2024-05-15,186.47,189.19,185.93,188.26,70400000
AAPL,2024-05-16,189.01,189.63,188.2,188.38,52845200
AAPL,2024-05-17,188.06,189.35,187.73,188.41,41282900
AAPL,2024-05-20,187.88,190.45,187.56,189.57,44361300
AAPL,2024-05-21,189.62,191.25,189.45,190.87,42309400
AAPL,2024-05-22,190.79,191.34,188.81,189.43,34648500
AAPL,2024-05-23,189.51,189.53,185.2,185.45,51005900
AAPL,2024-05-24,187.37,189.12,186.6,188.52,36327000
AAPL,2024-05-28,190.04,191.52,187.65,188.53,52280100
AAPL,2024-05-29,188.15,190.77,188.06,188.83,53068000
AAPL,2024-05-30,189.3,190.71,189.17,189.82,49889100
AAPL,2024-05-31,189.97,191.09,188.45,190.77,75158300
AAPL,2024-06-03,191.42,193.49,191.04,192.54,50080500
AAPL,2024-06-04,193.15,193.82,191.55,192.86,47471400
AAPL,2024-06-05,193.9,195.39,193.37,194.37,54156800
AAPL,2024-06-06,194.19,194.99,192.68,192.99,41181800
AAPL,2024-06-07,193.16,195.43,192.65,195.38,53103900
AAPL,2024-06-10,195.39,195.79,190.68,191.64,97010200
AAPL,2024-06-11,192.16,205.57,192.14,205.56,172373300
AAPL,2024-06-12,205.78,218.51,205.31,211.43,198134300
AAPL,2024-06-13,213.09,215.09,209.98,212.6,97862700
AAPL,2024-06-14,212.21,213.52,209.68,210.86,70122700
AAPL,2024-06-17,211.73,217.27,211.09,215.01,93728300
AAPL,2024-06-18,215.92,216.95,211.37,212.65,79943300
AAPL,2024-06-20,212.29,212.6,207.25,208.07,86172500
AAPL,2024-06-21,208.78,210.26,205.52,205.9,241805100
AAPL,2024-06-24,206.13,211.07,205.0,206.54,80727000
AAPL,2024-06-25,207.54,209.76,207.01,207.47,55549700
AAPL,2024-06-26,209.88,213.21,209.02,211.61,66213200
AAPL,2024-06-27,213.04,214.08,210.72,212.46,49772700
AAPL,2024-06-28,214.11,214.41,208.69,209.0,82542700
AAPL,2024-07-01,210.46,215.84,210.29,215.09,60402900
AAPL,2024-07-02,214.49,218.69,213.45,218.58,58046200
AAPL,2024-07-03,218.31,219.85,217.35,219.85,37369800
AAPL,2024-07-05,219.95,224.71,219.95,224.6,60412400
AAPL,2024-07-08,225.35,226.1,221.54,226.07,59085900
AAPL,2024-07-09,226.18,227.64,224.63,226.92,48076100
AAPL,2024-07-10,227.54,231.29,227.49,231.19,62627700
AAPL,2024-07-11,229.61,230.61,224.04,225.82,64710600
AAPL,2024-07-12,227.16,230.85,226.92,228.77,53046500
AAPL,2024-07-15,234.67,235.41,231.3,232.6,62631300
AAPL,2024-07-16,233.2,234.46,230.55,233.02,43234300
AAPL,2024-07-17,227.69,229.68,224.9,227.12,57345900
AAPL,2024-07-18,228.51,228.67,220.56,222.46,66034600
AAPL,2024-07-19,223.09,225.06,221.57,222.59,49151500
AAPL,2024-07-22,225.27,226.03,221.38,222.24,48201800
AAPL,2024-07-23,222.65,225.2,220.97,223.28,39960300
AAPL,2024-07-24,222.28,223.07,215.46,216.86,61777600
AAPL,2024-07-25,217.25,219.16,212.97,215.82,51391200
AAPL,2024-07-26,217.02,217.81,214.35,216.29,41601300
AAPL,2024-07-29,215.29,217.62,214.09,216.57,36311800
AAPL,2024-07-30,217.51,218.64,214.46,217.12,41643800
AAPL,2024-07-31,219.74,222.1,218.94,220.38,50036300
AAPL,2024-08-01,222.65,222.76,215.35,216.68,62501000
AAPL,2024-08-02,217.47,223.87,216.04,218.17,105568600
AAPL,2024-08-05,197.56,211.86,194.5,207.66,119548600
AAPL,2024-08-06,203.72,208.38,199.53,205.64,69660500
AAPL,2024-08-07,205.31,212.0,204.81,208.21,63516400
AAPL,2024-08-08,211.47,212.56,207.23,211.67,47161100
AAPL,2024-08-09,210.47,215.12,210.34,214.58,42201600
AAPL,2024-08-12,214.66,218.08,214.19,216.11,38028100
AAPL,2024-08-13,217.58,220.44,217.58,219.83,44155300
AAPL,2024-08-14,219.13,221.57,218.27,220.27,41960600
AAPL,2024-08-15,223.13,223.88,221.31,223.25,46414000
AAPL,2024-08-16,222.46,225.35,222.19,224.57,44340200
AAPL,2024-08-19,224.25,224.52,221.58,224.42,40687800
AAPL,2024-08-20,224.3,225.69,223.98,225.03,30299000
AAPL,2024-08-21,225.04,226.49,223.58,224.92,34765500
AAPL,2024-08-22,226.3,226.85,222.44,223.06,43695300
AAPL,2024-08-23,224.19,226.73,222.87,225.36,38677300
AAPL,2024-08-26,225.28,225.8,222.43,225.7,30602200
AAPL,2024-08-27,224.53,227.36,223.42,226.54,35934600
AAPL,2024-08-28,226.43,228.36,224.21,225.01,38052200
AAPL,2024-08-29,228.6,231.4,227.39,228.29,51906300
AAPL,2024-08-30,228.69,228.9,226.0,227.51,52990800
AAPL,2024-09-03,227.06,227.51,219.73,221.32,50190600
AAPL,2024-09-04,220.21,220.33,216.06,219.41,43840200
AAPL,2024-09-05,220.18,224.01,220.07,220.93,36615400
AAPL,2024-09-06,222.49,223.77,218.34,219.38,48423000
AAPL,2024-09-09,219.38,219.83,215.3,219.47,67180000
AAPL,2024-09-10,217.49,220.03,215.32,218.67,51591000
AAPL,2024-09-11,220.01,221.63,216.47,221.21,44587100
AAPL,2024-09-12,221.05,222.09,218.39,221.32,37455600
AAPL,2024-09-13,222.12,222.58,220.46,221.05,36766600
AAPL,2024-09-16,215.13,215.8,212.52,214.91,59357400
AAPL,2024-09-17,214.34,215.48,213.1,215.38,45519300
AAPL,2024-09-18,216.13,221.26,216.12,219.25,59894900
AAPL,2024-09-19,223.52,228.32,223.16,227.38,66781300
AAPL,2024-09-20,228.47,231.57,226.13,226.71,318679900
AAPL,2024-09-23,225.86,227.95,224.34,224.99,54146000
AAPL,2024-09-24,227.16,227.85,224.26,225.89,43556100
AAPL,2024-09-25,223.46,225.81,222.56,224.89,42308700
AAPL,2024-09-26,225.82,227.01,223.94,226.04,36636700
AAPL,2024-09-27,226.97,228.02,225.82,226.3,34026000
AAPL,2024-09-30,228.54,231.48,228.15,231.48,54541900
AAPL,2024-10-01,228.02,228.15,222.28,224.73,63285000
AAPL,2024-10-02,224.42,225.89,221.56,225.3,32880600
AAPL,2024-10-03,223.67,225.33,221.86,224.2,34044200
AAPL,2024-10-04,226.41,226.51,222.67,225.32,37245100
AAPL,2024-10-07,223.03,224.22,219.89,220.24,39505400
AAPL,2024-10-08,222.84,224.51,221.79,224.3,31855700
AAPL,2024-10-09,223.76,228.25,223.36,228.04,33591100
AAPL,2024-10-10,226.29,228.0,225.69,227.55,28183500
AAPL,2024-10-11,227.8,227.91,225.86,226.07,31759200
AAPL,2024-10-14,227.21,230.22,227.11,229.79,39882100
AAPL,2024-10-15,232.09,235.94,230.85,232.32,64751400
AAPL,2024-10-16,230.09,230.61,228.34,230.27,34082200
AAPL,2024-10-17,231.91,232.32,229.02,230.63,32993800
AAPL,2024-10-18,234.64,234.64,232.48,233.47,46431500
AAPL,2024-10-21,232.92,235.3,232.92,234.94,36254500
AAPL,2024-10-22,232.36,234.68,231.08,234.32,38846600
AAPL,2024-10-23,232.55,233.61,226.27,229.25,52287000
AAPL,2024-10-24,228.48,229.31,226.92,229.07,31109500
AAPL,2024-10-25,228.24,231.7,228.07,229.9,38802300
AAPL,2024-10-28,231.8,233.2,231.03,231.88,36087100
AAPL,2024-10-29,231.58,232.8,230.8,232.15,35417200
AAPL,2024-10-30,231.09,231.95,228.05,228.6,47070900
AAPL,2024-10-31,227.84,228.33,223.9,224.44,64370100
AAPL,2024-11-01,219.53,223.88,218.83,221.46,65276700
AAPL,2024-11-04,219.55,221.34,218.28,220.56,44944500
AAPL,2024-11-05,220.35,222.49,219.7,221.99,28111300
AAPL,2024-11-06,221.16,224.59,219.75,221.27,54561100
AAPL,2024-11-07,223.16,226.39,223.1,226.0,42137700
AAPL,2024-11-08,225.94,227.42,225.18,225.73,38328800
AAPL,2024-11-11,223.78,224.47,220.3,223.01,42005600
AAPL,2024-11-12,223.33,224.36,222.15,223.01,40398300
AAPL,2024-11-13,222.79,225.42,221.55,223.9,48566200
AAPL,2024-11-14,223.8,227.63,223.78,226.98,44923900
AAPL,2024-11-15,225.17,225.69,223.05,223.78,47923700
AAPL,2024-11-18,224.03,228.49,223.95,226.78,44633700
AAPL,2024-11-19,225.75,228.91,225.43,227.04,36211800
AAPL,2024-11-20,226.82,228.68,224.66,227.76,35169600
AAPL,2024-11-21,227.64,228.91,224.48,227.28,42108300
AAPL,2024-11-22,226.82,229.47,226.82,228.62,38168300
AAPL,2024-11-25,230.2,231.98,228.49,231.6,90152800
AAPL,2024-11-26,232.06,234.29,232.06,233.78,45986200
AAPL,2024-11-27,233.2,234.41,232.54,233.65,33498400
AAPL,2024-11-29,233.53,236.52,232.7,236.04,28481400
AAPL,2024-12-02,235.98,239.48,235.87,238.29,48137100
AAPL,2024-12-03,238.51,241.44,237.6,241.33,38861000
AAPL,2024-12-04,241.55,242.78,239.94,241.69,44383900
AAPL,2024-12-05,242.66,243.21,240.81,241.72,40033900
AAPL,2024-12-06,241.59,243.3,240.76,241.52,36870600
AAPL,2024-12-09,240.52,245.9,240.44,245.41,44649200
AAPL,2024-12-10,245.55,246.86,244.01,246.42,36914800
AAPL,2024-12-11,246.61,249.44,244.92,245.15,45205800
AAPL,2024-12-12,245.55,247.39,244.35,246.61,32777500
AAPL,2024-12-13,246.47,247.94,244.9,246.78,33155300
AAPL,2024-12-16,246.64,250.01,246.3,249.68,51694800
AAPL,2024-12-17,248.72,252.45,248.42,252.1,51356400
AAPL,2024-12-18,250.79,252.9,246.39,246.7,56774100
AAPL,2024-12-19,246.16,250.63,245.75,248.43,60882300
AAPL,2024-12-20,246.69,253.61,244.36,253.11,147495300
AAPL,2024-12-23,253.39,254.26,252.07,253.88,40858800
AAPL,2024-12-24,254.1,256.81,253.9,256.8,23234700
AAPL,2024-12-26,256.79,258.69,256.23,257.61,27237100
AAPL,2024-12-27,256.43,257.29,251.69,254.2,42355300
AAPL,2024-12-30,250.86,252.12,249.39,250.83,35557500
AAPL,2024-12-31,251.07,251.9,248.07,249.06,39480700
AAPL,2025-01-02,247.58,247.75,240.51,242.53,55740700
AAPL,2025-01-03,242.04,242.85,240.58,242.04,40244100
AAPL,2025-01-06,242.98,245.99,241.88,243.67,45045600
AAPL,2025-01-07,241.66,244.22,240.04,240.89,40856000
AAPL,2025-01-08,240.61,242.39,238.75,241.38,37628900
AAPL,2025-01-10,238.71,238.86,231.73,235.56,61710900
AAPL,2025-01-13,232.26,233.4,228.47,233.13,49630700
AAPL,2025-01-14,233.47,234.84,231.21,232.01,39435300
AAPL,2025-01-15,233.37,237.66,233.16,236.58,39832000
AAPL,2025-01-16,236.06,236.72,226.79,227.02,71759100
AAPL,2025-01-17,230.86,231.03,227.24,228.73,68488300
AAPL,2025-01-21,222.78,223.2,218.19,221.43,98070400
AAPL,2025-01-22,218.6,222.9,218.6,222.61,64126500
AAPL,2025-01-23,223.52,225.8,221.09,222.44,60234800
AAPL,2025-01-24,223.56,224.4,220.21,221.57,54697900
AAPL,2025-01-27,222.8,230.89,222.76,228.61,94863400
AAPL,2025-01-28,229.6,238.89,229.56,236.97,75707600
AAPL,2025-01-29,232.85,238.56,232.74,238.06,45486100
AAPL,2025-01-30,237.37,239.48,235.92,236.3,55658300
AAPL,2025-01-31,245.85,245.85,232.17,234.72,100959800
AAPL,2025-02-03,228.74,230.57,224.47,226.77,73063300
AAPL,2025-02-04,226.02,231.86,225.42,231.54,45067300
AAPL,2025-02-05,227.29,231.41,227.03,231.21,39620300
AAPL,2025-02-06,230.03,232.53,229.18,231.95,29925300
AAPL,2025-02-07,231.34,232.73,226.03,226.39,39707200
AAPL,2025-02-10,228.57,229.59,226.21,226.66,33115600
AAPL,2025-02-11,227.21,234.21,227.14,231.61,53718400
AAPL,2025-02-12,230.2,235.93,229.68,235.84,45243300
AAPL,2025-02-13,235.88,241.29,234.55,240.48,53614100
AAPL,2025-02-14,240.2,244.48,239.94,243.54,40896200
AAPL,2025-02-18,243.09,244.12,240.79,243.41,48822500
AAPL,2025-02-19,243.6,244.94,242.1,243.81,32204200
AAPL,2025-02-20,243.88,245.71,243.23,244.76,32316900
AAPL,2025-02-21,244.88,247.61,244.16,244.48,53197400
AAPL,2025-02-24,243.87,247.78,243.36,246.03,51326400
AAPL,2025-02-25,246.92,248.92,243.85,245.97,48013300
AAPL,2025-02-26,243.27,243.92,238.09,239.32,44433600
AAPL,2025-02-27,238.37,241.41,236.03,236.27,41153600
AAPL,2025-02-28,235.92,241.04,229.2,240.79,56833400
AAPL,2025-03-03,240.74,242.97,235.09,237.0,47184000
AAPL,2025-03-04,236.68,239.03,233.66,234.91,53798100
AAPL,2025-03-05,234.4,235.52,228.24,234.72,47227600
AAPL,2025-03-06,233.42,236.83,232.15,234.31,45170400
AAPL,2025-03-07,234.09,240.32,233.74,238.03,46273600
AAPL,2025-03-10,234.52,235.14,223.25,226.49,72071200
AAPL,2025-03-11,222.84,224.86,216.51,219.88,76137400
AAPL,2025-03-12,219.18,220.79,213.98,216.04,62547500
AAPL,2025-03-13,215.01,215.9,207.52,208.77,61368300
AAPL,2025-03-14,210.33,213.02,208.67,212.56,60107600
AAPL,2025-03-17,212.38,214.29,209.06,213.07,48073400
AAPL,2025-03-18,213.23,214.22,210.57,211.77,42432400
AAPL,2025-03-19,213.29,217.81,212.82,214.31,54385400
AAPL,2025-03-20,213.06,216.55,211.3,213.17,48862900
AAPL,2025-03-21,210.64,217.89,210.36,217.32,94127800
AAPL,2025-03-24,220.04,220.52,217.63,219.77,44299500
AAPL,2025-03-25,219.81,223.13,219.12,222.78,34493600
AAPL,2025-03-26,222.54,224.04,219.51,220.57,34466100
AAPL,2025-03-27,220.43,224.01,219.6,222.88,37094800
AAPL,2025-03-28,220.71,222.84,216.74,216.95,39818600
AAPL,2025-03-31,216.07,224.64,215.29,221.17,65299300
AAPL,2025-04-01,218.86,222.71,217.95,222.22,36412700
AAPL,2025-04-02,220.36,224.21,220.06,222.92,35905900
AAPL,2025-04-03,204.65,206.59,200.38,202.31,103419000
AAPL,2025-04-04,193.05,199.01,186.53,187.56,125910900
AAPL,2025-04-07,176.43,193.31,173.86,180.67,160466300
AAPL,2025-04-08,185.89,189.51,168.48,171.67,120859500
AAPL,2025-04-09,171.2,199.74,171.14,197.99,184395900
AAPL,2025-04-10,188.25,193.93,182.21,189.59,121880000
AAPL,2025-04-11,185.29,198.67,185.25,197.29,87435900
AAPL,2025-04-14,210.52,212.02,200.29,201.64,101352900
AAPL,2025-04-15,200.98,202.63,198.93,201.26,51343900
AAPL,2025-04-16,197.5,199.83,191.54,193.43,59732400
AAPL,2025-04-17,196.34,197.97,193.58,196.13,52164700
AAPL,2025-04-21,192.43,192.96,188.99,192.32,46742500
AAPL,2025-04-22,195.27,200.72,195.12,198.87,52976400
AAPL,2025-04-23,205.11,207.1,201.92,203.71,52929200
AAPL,2025-04-24,204.0,207.92,202.06,207.47,47311000
AAPL,2025-04-25,205.47,208.84,205.31,208.37,38222300
AAPL,2025-04-28,209.09,210.58,206.56,209.23,38743100
AAPL,2025-04-29,207.78,211.32,207.47,210.29,36827600
AAPL,2025-04-30,208.39,212.65,205.77,211.58,52286500
AAPL,2025-05-01,208.17,213.63,207.99,212.39,57365700
AAPL,2025-05-02,205.2,206.09,201.28,204.46,101010600
AAPL,2025-05-05,202.22,203.21,197.35,198.03,69018500
AAPL,2025-05-06,197.35,199.78,196.17,197.65,51216500
AAPL,2025-05-07,198.31,198.57,192.41,195.4,68536700
AAPL,2025-05-08,196.86,199.18,193.84,196.63,50478900
AAPL,2025-05-09,198.14,199.67,196.68,197.67,36453900
AAPL,2025-05-12,210.33,210.63,206.12,210.15,63775800
AAPL,2025-05-13,209.79,212.75,208.37,212.28,51909300
AAPL,2025-05-14,211.79,213.29,209.94,211.69,49325800
AAPL,2025-05-15,210.31,212.31,208.9,210.81,45029500
AAPL,2025-05-16,211.72,211.93,209.13,210.62,54737900
AAPL,2025-05-19,207.28,208.84,203.64,208.15,46140500
AAPL,2025-05-20,207.04,207.84,204.41,206.23,42496600
AAPL,2025-05-21,204.55,206.41,200.1,201.48,59211800
AAPL,2025-05-22,200.1,202.13,199.09,200.75,46742400
AAPL,2025-05-23,193.08,197.1,192.87,194.68,78432900
AAPL,2025-05-27,197.7,200.13,196.83,199.6,56288500
AAPL,2025-05-28,199.98,202.11,199.29,199.81,45339700
AAPL,2025-05-29,202.96,203.19,197.91,199.34,51396800
AAPL,2025-05-30,198.77,201.35,196.18,200.24,70819900
AAPL,2025-06-02,199.67,201.52,199.51,201.09,35423300
AAPL,2025-06-03,200.74,203.15,200.35,202.65,46381600
AAPL,2025-06-04,202.29,205.61,201.49,202.2,43604000
AAPL,2025-06-05,202.88,204.13,199.54,200.02,55126100
AAPL,2025-06-06,202.38,205.08,201.44,203.3,46607700
AAPL,2025-06-09,203.77,205.38,199.41,200.84,72862600
AAPL,2025-06-10,199.99,203.73,199.96,202.06,54672600
AAPL,2025-06-11,202.88,203.88,197.81,198.18,60989900
AAPL,2025-06-12,198.48,199.07,196.76,198.6,43904600
AAPL,2025-06-13,199.12,199.76,195.11,195.85,51447300
AAPL,2025-06-16,196.7,198.09,195.96,197.82,43020700
AAPL,2025-06-17,196.6,197.79,194.62,195.05,38856200
AAPL,2025-06-18,195.35,196.97,194.48,195.98,45394700
AAPL,2025-06-20,197.64,201.09,196.26,200.39,96813500
AAPL,2025-06-23,201.02,201.69,198.36,200.89,55814300
AAPL,2025-06-24,201.98,202.82,199.59,199.69,54064000
AAPL,2025-06-25,200.84,203.05,200.01,200.95,39525700
AAPL,2025-06-26,200.82,202.03,198.85,200.39,50799100
AAPL,2025-06-27,201.28,202.6,199.39,200.47,73188600
AAPL,2025-06-30,201.4,206.76,198.66,204.55,91912800
AAPL,2025-07-01,206.04,209.55,205.51,207.19,78788900
AAPL,2025-07-02,208.28,212.69,207.51,211.8,67941800
AAPL,2025-07-03,211.51,214.0,211.17,212.9,34955800
AAPL,2025-07-07,212.03,215.57,208.17,209.31,50229000
AAPL,2025-07-08,209.46,210.79,207.82,209.37,42848900
AAPL,2025-07-09,208.89,210.69,206.59,210.5,48749400
AAPL,2025-07-10,209.87,212.83,209.39,211.77,44443600
AAPL,2025-07-11,209.93,211.49,209.22,210.52,39765800
AAPL,2025-07-14,209.29,210.27,206.91,207.99,38840100
AAPL,2025-07-15,208.59,211.25,208.29,208.48,42296300
AAPL,2025-07-16,209.66,211.76,208.01,209.52,47490500
AAPL,2025-07-17,209.93,211.16,208.95,209.38,48068100
AAPL,2025-07-18,210.23,211.15,209.06,210.54,48974600
AAPL,2025-07-21,211.46,215.13,210.99,211.84,51377400
AAPL,2025-07-22,212.49,214.3,211.59,213.75,46404100
AAPL,2025-07-23,214.35,214.5,211.77,213.5,46989300
AAPL,2025-07-24,213.25,215.04,212.88,213.11,46022600
AAPL,2025-07-25,214.05,214.59,212.75,213.23,40268800
AAPL,2025-07-28,213.38,214.2,212.41,213.4,37858000
AAPL,2025-07-29,213.53,214.16,210.18,210.63,51411700
AAPL,2025-07-30,211.26,211.75,207.09,208.42,45512500
AAPL,2025-07-31,207.86,209.2,206.53,206.94,80698400
AAPL,2025-08-01,210.23,212.93,200.89,201.77,104434500
AAPL,2025-08-04,203.89,207.25,201.07,202.73,75109300
AAPL,2025-08-05,202.78,204.72,201.55,202.3,44155100
AAPL,2025-08-06,205.01,214.73,204.97,212.6,108483100
AAPL,2025-08-07,218.22,220.18,215.92,219.36,90224800
AAPL,2025-08-08,220.16,230.3,218.58,228.65,113854000
AAPL,2025-08-11,227.49,229.12,224.33,226.75,61806100
AAPL,2025-08-12,227.58,230.36,226.64,229.21,55626200
AAPL,2025-08-13,230.63,234.55,229.99,232.89,69878500
AAPL,2025-08-14,233.61,234.67,230.41,232.34,51916300
AAPL,2025-08-15,233.55,233.83,228.9,231.15,56038700
AAPL,2025-08-18,231.26,232.68,229.67,230.45,37476200
AAPL,2025-08-19,230.84,232.43,228.91,230.12,39402600
AAPL,2025-08-20,229.54,230.03,225.34,225.58,42263900
AAPL,2025-08-21,225.84,226.09,223.35,224.47,30621200
AAPL,2025-08-22,225.74,228.65,224.98,227.33,42477800
AAPL,2025-08-25,226.05,228.86,225.8,226.73,30983100
AAPL,2025-08-26,226.44,229.05,224.26,228.87,54575100
AAPL,2025-08-27,228.18,230.46,227.83,230.05,31259500
AAPL,2025-08-28,230.38,232.97,228.9,232.12,38074700
AAPL,2025-08-29,232.07,232.94,230.93,231.7,39418400
AAPL,2025-09-02,228.81,230.41,226.54,229.28,44075600
AAPL,2025-09-03,236.76,238.4,233.91,238.02,66427800
AAPL,2025-09-04,238.0,239.44,236.29,239.32,47549400
AAPL,2025-09-05,239.54,240.86,238.04,239.23,54870400
AAPL,2025-09-08,238.84,239.69,235.89,237.43,48999500
AAPL,2025-09-09,236.55,238.33,232.92,233.9,66313900
AAPL,2025-09-10,231.75,231.98,225.52,226.36,83440800
AAPL,2025-09-11,226.45,230.01,226.22,229.59,50208600
AAPL,2025-09-12,228.78,234.06,228.58,233.62,55824200
AAPL,2025-09-15,236.55,237.74,234.58,236.25,42699500
AAPL,2025-09-16,236.73,240.76,235.87,237.7,63421100
AAPL,2025-09-17,238.52,239.64,237.28,238.54,46508000
AAPL,2025-09-18,239.51,240.74,236.2,237.43,44249600
AAPL,2025-09-19,240.77,245.83,239.75,245.03,163741300
AAPL,2025-09-22,247.83,256.15,247.65,255.59,105517400
AAPL,2025-09-23,255.39,256.85,253.1,253.95,60275200
AAPL,2025-09-24,254.73,255.25,250.56,251.83,42303700
AAPL,2025-09-25,252.73,256.68,251.23,256.38,55202100
AAPL,2025-09-26,253.62,257.11,253.3,254.97,46076300
AAPL,2025-09-29,254.08,254.51,252.53,253.95,40127700
AAPL,2025-09-30,254.38,255.43,252.63,254.15,37704300
AAPL,2025-10-01,254.55,258.3,254.45,254.96,48713900
AAPL,2025-10-02,256.09,257.69,253.67,256.64,42630200
AAPL,2025-10-03,254.19,258.75,253.47,257.53,49155600
AAPL,2025-10-06,257.5,258.58,254.56,256.2,44664100
AAPL,2025-10-07,256.32,256.91,254.94,255.99,31955800
AAPL,2025-10-08,256.03,258.03,255.62,257.57,36496900
AAPL,2025-10-09,257.32,257.51,252.66,253.56,38322000
AAPL,2025-10-10,254.46,255.89,243.54,244.8,61999100
AAPL,2025-10-13,248.91,249.21,245.09,247.19,38142900
AAPL,2025-10-14,246.13,248.38,244.23,247.3,35478000
AAPL,2025-10-15,249.02,251.34,247.0,248.87,33893600
AAPL,2025-10-16,247.78,248.57,244.66,246.98,39777000
AAPL,2025-10-17,247.55,252.9,246.8,251.81,49147000
AAPL,2025-10-20,255.4,263.88,255.14,261.74,90483000
AAPL,2025-10-21,261.38,264.79,261.33,262.27,46695900
AAPL,2025-10-22,262.15,262.35,254.94,257.96,45015300
AAPL,2025-10-23,259.45,260.12,257.52,259.09,32754900
AAPL,2025-10-24,260.69,263.63,258.69,262.32,38253700
AAPL,2025-10-27,264.38,268.61,264.15,268.3,44888200
AAPL,2025-10-28,268.48,269.38,267.64,268.49,41534800
AAPL,2025-10-29,268.77,270.89,266.6,269.19,51086700
AAPL,2025-10-30,271.47,273.62,267.97,270.88,69886500
AAPL,2025-10-31,276.46,276.79,268.65,269.86,86167100
AAPL,2025-11-03,269.91,270.33,265.74,268.54,50194600
AAPL,2025-11-04,267.82,270.97,267.11,269.53,49274800
AAPL,2025-11-05,268.1,271.18,266.42,269.63,43683100
AAPL,2025-11-06,267.38,272.88,267.38,269.26,51204000
AAPL,2025-11-07,269.29,271.77,266.26,267.96,48227400
AAPL,2025-11-10,268.71,273.47,267.21,269.18,41312400
AAPL,2025-11-11,269.56,275.65,269.55,274.99,46208300
AAPL,2025-11-12,274.74,275.47,271.45,273.21,48398000
AAPL,2025-11-13,273.85,276.44,271.84,272.69,49602800
AAPL,2025-11-14,270.8,275.7,269.35,272.16,47431300
AAPL,2025-11-17,268.57,270.24,265.48,267.21,45018300
AAPL,2025-11-18,269.74,270.46,265.07,267.19,45677300
AAPL,2025-11-19,265.28,271.96,265.25,268.31,40424500
AAPL,2025-11-20,270.58,275.17,265.67,266.0,45823600
AAPL,2025-11-21,265.7,273.07,265.42,271.24,59030800
AAPL,2025-11-24,270.65,276.74,270.65,275.66,65585800
AAPL,2025-11-25,275.01,280.12,274.99,276.71,46914200
AAPL,2025-11-26,276.7,279.27,276.37,277.29,33431400
AAPL,2025-11-28,277.0,278.74,275.73,278.59,20135600
AAPL,2025-12-01,277.75,283.16,275.88,282.84,46587700
AAPL,2025-12-02,282.74,287.13,282.37,285.92,53669500
AAPL,2025-12-03,285.93,288.35,283.04,283.88,43538700
AAPL,2025-12-04,283.83,284.46,278.33,280.44,43989100
AAPL,2025-12-05,280.28,280.88,277.79,278.52,47265800
AAPL,2025-12-08,277.87,279.41,275.89,277.63,38211800
AAPL,2025-12-09,277.9,279.77,276.66,276.92,32193300
AAPL,2025-12-10,277.49,279.49,276.18,278.52,33038300
AAPL,2025-12-11,278.84,279.33,273.55,277.77,33248000
AAPL,2025-12-12,277.64,278.96,276.56,278.02,39532900
AAPL,2025-12-15,279.89,279.89,272.58,273.85,50409100
AAPL,2025-12-16,272.56,275.24,271.54,274.35,37648600
AAPL,2025-12-17,274.75,275.9,271.39,271.59,50138700
AAPL,2025-12-18,273.35,273.37,266.7,271.94,51630700
AAPL,2025-12-19,271.9,274.34,269.65,273.41,144632000
AAPL,2025-12-22,272.6,273.62,270.26,270.72,36571800
AAPL,2025-12-23,270.59,272.25,269.31,272.11,29642000
AAPL,2025-12-24,272.09,275.17,271.95,273.55,17910600
AAPL,2025-12-26,273.9,275.11,272.6,273.14,21521800
AAPL,2025-12-29,272.44,274.1,272.1,273.5,23715200
AAPL,2025-12-30,272.55,273.82,272.03,272.82,22139600
AAPL,2025-12-31,272.8,273.42,271.5,271.61,27293600
AAPL,2026-01-02,272.01,277.58,268.75,270.76,37838100
AAPL,2026-01-05,270.39,271.26,265.89,267.01,45647200
AAPL,2026-01-06,266.75,267.3,261.87,262.11,52352100
AAPL,2026-01-07,262.95,263.43,259.57,260.09,48309800
AAPL,2026-01-08,256.78,259.05,255.46,258.8,50419300
AAPL,2026-01-09,258.84,259.97,255.98,259.13,39997000
AAPL,2026-01-12,258.92,261.06,256.56,260.01,45263800
AAPL,2026-01-13,258.48,261.57,258.15,260.81,45730800
AAPL,2026-01-14,259.25,261.58,256.47,259.72,40019400
AAPL,2026-01-15,260.41,260.8,256.81,257.97,39388600
AAPL,2026-01-16,257.66,258.66,254.69,255.29,72142800
AAPL,2026-01-20,252.49,254.55,243.19,246.47,80267500
AAPL,2026-01-21,248.47,251.32,244.95,247.42,54641700
AAPL,2026-01-22,248.97,250.77,247.92,248.12,39708300
AAPL,2026-01-23,247.09,249.18,244.45,247.81,41689000
AAPL,2026-01-26,251.24,256.32,249.57,255.17,55969200
AAPL,2026-01-27,258.93,261.71,257.97,258.03,49648300
AAPL,2026-01-28,257.41,258.62,254.27,256.2,41288000
AAPL,2026-01-29,257.76,259.41,254.17,258.04,67253000
AAPL,2026-01-30,254.93,261.66,251.94,259.24,92443400
AAPL,2026-02-02,259.79,270.24,258.97,269.76,73913400
AAPL,2026-02-03,268.95,271.63,267.36,269.23,64394700
AAPL,2026-02-04,272.04,278.69,272.04,276.23,90545700
AAPL,2026-02-05,277.87,279.24,272.97,275.65,52977400
AAPL,2026-02-06,276.86,280.65,276.67,277.86,50453400
AAPL,2026-02-09,277.91,278.2,271.7,274.62,44623400
AAPL,2026-02-10,274.89,275.37,272.94,273.68,34376900
AAPL,2026-02-11,274.7,280.18,274.45,275.5,51931300
AAPL,2026-02-12,275.59,275.72,260.18,261.73,81077200
AAPL,2026-02-13,262.01,262.23,255.45,255.78,56290700
AAPL,2026-02-17,258.05,266.29,255.54,263.88,58469100
AAPL,2026-02-18,263.6,266.82,262.45,264.35,34203300
AAPL,2026-02-19,262.6,264.48,260.05,260.58,30845300
AAPL,2026-02-20,258.97,264.75,258.16,264.58,42070500
AAPL,2026-02-23,263.49,269.43,263.38,266.18,37266000
AAPL,2026-02-24,267.86,274.89,267.71,272.14,47014600
AAPL,2026-02-25,271.78,274.94,271.05,274.23,33714300
AAPL,2026-02-26,274.95,276.11,270.8,272.95,32345100
AAPL,2026-02-27,272.81,272.81,262.89,264.18,72366500
AAPL,2026-03-02,262.41,266.53,260.2,264.72,41827900
AAPL,2026-03-03,263.48,265.56,260.13,263.75,38568900
AAPL,2026-03-04,264.65,266.15,261.42,262.52,39258957
AAPL,2026-03-05,260.79,261.56,257.25,260.29,49554600
AAPL,2026-03-06,258.74,258.76,254.37,257.46,40628988
AAPL,2026-03-09,255.69,261.15,253.68,259.88,38153500
AAPL,2026-03-10,257.65,262.48,256.95,260.83,30537200
AAPL,2026-03-11,261.09,262.13,259.55,260.81,26131800
AAPL,2026-03-12,258.64,258.95,254.18,255.76,40132517
AAPL,2026-03-13,255.4,256.33,249.52,250.12,34193754
AMZN,2022-01-03,167.55,170.7,166.16,170.4,63520000
AMZN,2022-01-04,170.44,171.4,166.35,167.52,70726000
AMZN,2022-01-05,166.88,167.13,164.36,164.36,64302000
AMZN,2022-01-06,163.45,164.8,161.94,163.25,51958000
AMZN,2022-01-07,163.84,165.24,162.03,162.55,46606000
AMZN,2022-01-10,160.59,161.66,156.3,161.49,87798000
AMZN,2022-01-11,161.5,166.35,160.7,165.36,62806000
AMZN,2022-01-12,166.57,166.88,164.42,165.21,50030000
AMZN,2022-01-13,165.25,166.22,161.09,161.21,52188000
AMZN,2022-01-14,160.15,162.25,159.8,162.14,45974000
AMZN,2022-01-18,159.1,159.73,157.66,158.92,67292000
AMZN,2022-01-19,158.76,159.25,156.25,156.3,53242000
AMZN,2022-01-20,156.77,158.0,151.35,151.67,71974000
AMZN,2022-01-21,149.95,150.9,142.07,142.64,163972000
AMZN,2022-01-24,139.0,144.95,135.35,144.54,155624000
AMZN,2022-01-25,142.24,143.6,138.15,139.99,90824000
AMZN,2022-01-26,144.75,145.18,137.32,138.87,95602000
AMZN,2022-01-27,140.8,144.24,139.35,139.64,77516000
AMZN,2022-01-28,140.86,144.0,137.93,143.98,74392000
AMZN,2022-01-31,144.75,150.36,144.3,149.57,78308000
AMZN,2022-02-01,150.0,151.71,147.63,151.19,59220000
AMZN,2022-02-02,155.05,155.07,148.86,150.61,87330000
AMZN,2022-02-03,141.74,144.25,138.33,138.85,225532000
AMZN,2022-02-04,155.61,161.2,150.61,157.64,253456000
AMZN,2022-02-07,158.52,162.69,157.25,157.94,102624000
AMZN,2022-02-08,156.75,161.79,155.55,161.41,76040000
AMZN,2022-02-09,162.87,163.83,160.25,161.19,68786000
AMZN,2022-02-10,158.35,160.72,157.75,159.0,68268000
AMZN,2022-02-11,158.13,159.0,152.73,153.29,77100000
AMZN,2022-02-14,151.75,158.45,151.65,155.17,83230000
AMZN,2022-02-15,157.61,158.01,154.64,156.51,56440000
AMZN,2022-02-16,155.79,158.83,154.73,158.1,52704000
AMZN,2022-02-17,158.15,160.35,154.5,154.65,64032000
AMZN,2022-02-18,155.5,155.5,150.89,152.6,63604000
AMZN,2022-02-22,150.48,152.98,148.49,150.2,66128000
AMZN,2022-02-23,151.65,151.76,144.65,144.83,64244000
AMZN,2022-02-24,139.84,151.75,139.5,151.36,100786000
AMZN,2022-02-25,150.55,153.99,149.21,153.79,62396000
AMZN,2022-02-28,152.43,154.45,150.85,153.56,57684000
AMZN,2022-03-01,152.73,154.1,149.98,151.14,44874000
AMZN,2022-03-02,150.85,153.0,148.75,152.05,47334000
AMZN,2022-03-03,153.53,153.93,146.86,147.9,65198000
AMZN,2022-03-04,147.16,147.85,143.81,145.64,60934000
AMZN,2022-03-07,145.44,146.09,137.42,137.45,86934000
AMZN,2022-03-08,136.68,140.7,133.57,136.01,91662000
AMZN,2022-03-09,139.5,140.25,136.83,139.28,82656000
AMZN,2022-03-10,145.68,148.67,143.98,146.82,135062000
AMZN,2022-03-11,149.57,149.68,145.37,145.52,68900000
AMZN,2022-03-14,145.98,147.45,140.88,141.85,74086000
AMZN,2022-03-15,142.85,147.99,142.0,147.37,75584000
AMZN,2022-03-16,148.5,153.15,147.35,153.1,84958000
AMZN,2022-03-17,152.64,157.5,152.14,157.24,72934000
AMZN,2022-03-18,156.81,161.59,156.01,161.25,102962000
AMZN,2022-03-21,161.12,163.08,159.55,161.49,66538000
AMZN,2022-03-22,161.81,166.17,161.7,164.89,64086000
AMZN,2022-03-23,163.71,166.37,162.69,163.41,55812000
AMZN,2022-03-24,163.75,164.12,160.05,163.65,56798000
AMZN,2022-03-25,164.0,165.37,162.25,164.77,49032000
AMZN,2022-03-28,164.98,169.04,164.9,168.99,59854000
AMZN,2022-03-29,170.38,170.83,167.87,169.32,66154000
AMZN,2022-03-30,168.51,168.95,165.5,166.3,56168000
AMZN,2022-03-31,166.45,166.49,162.95,163.0,59966000
AMZN,2022-04-01,164.15,165.83,162.32,163.56,57090000
AMZN,2022-04-04,164.12,168.39,163.21,168.35,49882000
AMZN,2022-04-05,167.74,168.11,163.27,164.05,53728000
AMZN,2022-04-06,161.65,162.2,157.25,158.76,79056000
AMZN,2022-04-07,158.4,160.08,154.51,157.78,68136000
AMZN,2022-04-08,156.75,157.37,154.23,154.46,46002000
AMZN,2022-04-11,152.71,154.14,150.53,151.12,52112000
AMZN,2022-04-12,153.69,155.1,150.38,150.79,55178000
AMZN,2022-04-13,150.02,156.02,149.6,155.54,53390000
AMZN,2022-04-14,155.39,155.9,151.47,151.71,51598000
AMZN,2022-04-18,151.52,154.04,150.25,152.79,46514000
AMZN,2022-04-19,152.03,158.65,151.55,158.12,54926000
AMZN,2022-04-20,157.6,157.6,153.6,154.0,59630000
AMZN,2022-04-21,154.71,156.74,147.59,148.3,63970000
AMZN,2022-04-22,148.25,149.62,143.7,144.35,73078000
AMZN,2022-04-25,144.02,146.22,142.31,146.07,61874000
AMZN,2022-04-26,144.8,144.86,138.93,139.39,77530000
AMZN,2022-04-27,140.19,141.95,135.78,138.17,71336000
AMZN,2022-04-28,142.18,145.94,140.3,144.6,117316000
AMZN,2022-04-29,129.85,130.76,121.62,124.28,272662000
AMZN,2022-05-02,122.4,124.67,118.38,124.5,148788000
AMZN,2022-05-03,124.05,126.22,122.82,124.25,79134000
AMZN,2022-05-04,123.6,126.0,119.18,125.93,110746000
AMZN,2022-05-05,123.0,123.5,115.07,116.41,144392000
AMZN,2022-05-06,114.85,119.05,113.08,114.77,124260000
AMZN,2022-05-09,111.31,114.0,107.96,108.79,128124000
AMZN,2022-05-10,111.25,112.64,107.17,108.86,105434000
AMZN,2022-05-11,108.1,110.16,104.43,105.37,109704000
AMZN,2022-05-12,102.75,110.78,102.41,106.93,132026000
AMZN,2022-05-13,109.07,113.18,107.8,113.06,93684000
AMZN,2022-05-16,113.1,113.99,110.35,110.81,74566000
AMZN,2022-05-17,113.28,115.8,111.28,115.37,76448000
AMZN,2022-05-18,111.44,112.85,106.25,107.11,108380000
AMZN,2022-05-19,106.28,110.03,106.19,107.32,88142000
AMZN,2022-05-20,109.57,109.9,105.01,107.59,99500000
AMZN,2022-05-23,108.46,108.82,103.95,107.56,107798000
AMZN,2022-05-24,104.03,105.4,101.26,104.1,102934000
AMZN,2022-05-25,103.66,108.18,103.65,106.78,93120000
AMZN,2022-05-26,107.97,112.67,107.45,111.08,93002000
AMZN,2022-05-27,113.55,115.19,112.63,115.15,93660000
AMZN,2022-05-31,116.28,121.99,115.68,120.21,144634000
AMZN,2022-06-01,122.26,125.18,120.62,121.68,127528000
AMZN,2022-06-02,121.68,125.61,120.04,125.51,100560000
AMZN,2022-06-03,124.2,124.4,121.05,122.35,97604000
AMZN,2022-06-06,125.25,128.99,123.81,124.79,135269000
AMZN,2022-06-07,122.01,124.1,120.63,123.0,85156700
AMZN,2022-06-08,122.61,123.75,120.75,121.18,64926600
AMZN,2022-06-09,119.99,121.3,116.1,116.15,67029800
AMZN,2022-06-10,113.42,114.5,109.05,109.65,87266000
AMZN,2022-06-13,104.19,106.54,101.86,103.67,99277700
AMZN,2022-06-14,104.19,104.88,101.43,102.31,69728800
AMZN,2022-06-15,103.86,109.06,103.53,107.67,85011100
AMZN,2022-06-16,104.47,104.58,102.01,103.66,82186300
AMZN,2022-06-17,102.8,106.98,102.51,106.22,99772100
AMZN,2022-06-21,108.2,111.63,103.56,108.68,70901200
AMZN,2022-06-22,107.43,112.13,107.02,108.95,60040100
AMZN,2022-06-23,110.39,113.0,107.93,112.44,64345300
AMZN,2022-06-24,112.38,116.71,111.43,116.46,69867600
AMZN,2022-06-27,117.09,117.98,112.7,113.22,62133200
AMZN,2022-06-28,113.5,114.85,107.04,107.4,74942900
AMZN,2022-06-29,107.38,110.99,106.91,108.92,66375300
AMZN,2022-06-30,108.11,108.18,102.52,106.21,97679400
AMZN,2022-07-01,106.29,109.75,105.85,109.56,73021200
AMZN,2022-07-05,107.6,114.08,106.32,113.5,76583700
AMZN,2022-07-06,113.21,115.48,112.01,114.33,66958900
AMZN,2022-07-07,113.85,116.99,113.49,116.33,57872300
AMZN,2022-07-08,114.6,116.58,113.69,115.54,45719700
AMZN,2022-07-11,114.08,114.3,110.87,111.75,53487600
AMZN,2022-07-12,112.16,113.23,108.34,109.22,54280300
AMZN,2022-07-13,107.03,111.78,106.01,110.4,61353800
AMZN,2022-07-14,110.24,111.18,107.58,110.63,51163100
AMZN,2022-07-15,112.5,115.59,111.59,113.55,84317800
AMZN,2022-07-18,115.0,117.24,113.15,113.76,59115400
AMZN,2022-07-19,115.7,118.95,114.03,118.21,60990000
AMZN,2022-07-20,118.62,123.48,118.32,122.77,71268300
AMZN,2022-07-21,123.2,124.85,121.26,124.63,60239900
AMZN,2022-07-22,125.01,125.5,121.35,122.42,51463800
AMZN,2022-07-25,122.7,123.64,120.03,121.14,50221300
AMZN,2022-07-26,115.79,118.15,114.53,114.81,67075100
AMZN,2022-07-27,117.31,121.9,117.16,120.97,61582000
AMZN,2022-07-28,121.57,122.84,118.08,122.28,82245500
AMZN,2022-07-29,134.9,137.65,132.41,134.95,148892900
AMZN,2022-08-01,134.96,138.83,133.51,135.39,76846900
AMZN,2022-08-02,134.72,137.44,134.09,134.16,61922400
AMZN,2022-08-03,136.21,140.49,136.05,139.52,71827800
AMZN,2022-08-04,140.58,143.56,139.55,142.57,70585000
AMZN,2022-08-05,140.1,142.86,139.6,140.8,50686900
AMZN,2022-08-08,142.05,144.23,138.29,139.41,52229000
AMZN,2022-08-09,138.05,138.95,136.21,137.83,40434700
AMZN,2022-08-10,142.9,144.6,141.01,142.69,54773800
AMZN,2022-08-11,143.86,144.49,139.76,140.64,44867300
AMZN,2022-08-12,142.05,143.57,140.12,143.55,47643500
AMZN,2022-08-15,142.8,143.76,141.49,143.18,39014600
AMZN,2022-08-16,143.91,146.57,142.0,144.78,59102900
AMZN,2022-08-17,142.69,143.38,140.78,142.1,48149800
AMZN,2022-08-18,141.32,142.77,140.38,142.3,37458700
AMZN,2022-08-19,140.47,141.11,137.91,138.23,47792800
AMZN,2022-08-22,135.72,136.32,132.85,133.22,50461500
AMZN,2022-08-23,133.41,134.99,132.95,133.62,36252100
AMZN,2022-08-24,132.75,135.47,132.1,133.8,38627000
AMZN,2022-08-25,135.26,137.42,134.28,137.28,37496300
AMZN,2022-08-26,136.55,137.83,130.5,130.75,53322700
AMZN,2022-08-29,129.9,131.95,128.77,129.79,48101600
AMZN,2022-08-30,131.25,132.07,126.85,128.73,49203000
AMZN,2022-08-31,129.45,130.59,126.74,126.77,53648700
AMZN,2022-09-01,126.0,128.02,123.66,127.82,56636100
AMZN,2022-09-02,129.5,131.38,126.39,127.51,57429800
AMZN,2022-09-06,127.92,128.62,124.74,126.11,43888600
AMZN,2022-09-07,126.12,129.82,125.4,129.48,47900300
AMZN,2022-09-08,127.72,130.28,127.1,129.82,43988500
AMZN,2022-09-09,130.91,133.69,130.76,133.27,49387600
AMZN,2022-09-12,134.1,136.49,134.0,136.45,53826900
AMZN,2022-09-13,131.01,131.4,126.27,126.82,72694000
AMZN,2022-09-14,127.36,128.84,126.33,128.55,45316800
AMZN,2022-09-15,127.38,130.37,125.5,126.28,52887200
AMZN,2022-09-16,122.78,123.87,120.7,123.53,115667800
AMZN,2022-09-19,122.16,124.71,121.8,124.66,47279700
AMZN,2022-09-20,123.35,124.4,121.14,122.19,47698400
AMZN,2022-09-21,122.49,123.76,118.45,118.54,58498900
AMZN,2022-09-22,117.08,118.79,116.26,117.31,55229200
AMZN,2022-09-23,116.0,116.05,112.06,113.78,65126700
AMZN,2022-09-26,113.3,117.34,113.13,115.15,62723300
AMZN,2022-09-27,117.2,118.32,113.05,114.41,60094700
AMZN,2022-09-28,114.38,118.7,113.8,118.01,55763800
AMZN,2022-09-29,115.6,116.07,113.06,114.8,58969700
AMZN,2022-09-30,114.08,116.92,112.84,113.0,59479600
AMZN,2022-10-03,113.58,116.91,112.45,115.88,50941900
AMZN,2022-10-04,119.89,123.0,119.79,121.09,62812600
AMZN,2022-10-05,118.58,121.75,117.69,120.95,48217500
AMZN,2022-10-06,120.77,121.53,119.5,120.3,42253800
AMZN,2022-10-07,118.0,118.17,113.88,114.56,54678000
AMZN,2022-10-10,115.1,116.25,112.43,113.67,42339700
AMZN,2022-10-11,112.71,115.48,110.39,112.21,56432200
AMZN,2022-10-12,112.49,113.83,111.4,112.9,45728700
AMZN,2022-10-13,107.88,113.44,105.35,112.53,86868100
AMZN,2022-10-14,114.1,114.96,106.6,106.9,67737300
AMZN,2022-10-17,110.11,114.19,110.09,113.79,62782000
AMZN,2022-10-18,119.06,119.52,114.79,116.36,65607400
AMZN,2022-10-19,114.71,116.59,113.22,115.07,47198100
AMZN,2022-10-20,113.83,118.24,113.51,115.25,48795100
AMZN,2022-10-21,114.79,119.59,114.5,119.32,55660500
AMZN,2022-10-24,119.98,120.39,116.57,119.82,49531500
AMZN,2022-10-25,119.65,121.32,118.95,120.6,50934600
AMZN,2022-10-26,116.0,119.35,114.76,115.66,68802300
AMZN,2022-10-27,113.92,114.12,109.77,110.96,129605400
AMZN,2022-10-28,97.91,103.96,97.66,103.41,223133400
AMZN,2022-10-31,103.56,104.87,100.74,102.44,99251400
AMZN,2022-11-01,103.99,104.58,96.06,96.79,153370000
AMZN,2022-11-02,97.32,97.74,92.01,92.12,135761800
AMZN,2022-11-03,92.47,93.5,89.02,89.3,136683300
AMZN,2022-11-04,91.49,92.44,88.04,90.98,129101300
AMZN,2022-11-07,91.95,92.1,89.04,90.53,77495700
AMZN,2022-11-08,90.79,91.72,88.23,89.98,88703400
AMZN,2022-11-09,89.47,89.48,85.87,86.14,90796200
AMZN,2022-11-10,92.94,98.69,91.65,96.63,173414900
AMZN,2022-11-11,97.88,101.19,96.66,100.79,111590500
AMZN,2022-11-14,98.77,100.12,97.29,98.49,99533100
AMZN,2022-11-15,103.21,103.79,97.34,98.94,111336300
AMZN,2022-11-16,96.85,98.49,95.54,97.12,87958800
AMZN,2022-11-17,95.37,96.97,94.03,94.85,82617900
AMZN,2022-11-18,95.95,95.99,92.48,94.14,72428200
AMZN,2022-11-21,93.97,95.02,90.59,92.46,84330300
AMZN,2022-11-22,92.62,93.35,90.87,93.2,62192000
AMZN,2022-11-23,93.24,94.58,92.83,94.13,59414700
AMZN,2022-11-25,93.79,94.43,93.07,93.41,35088600
AMZN,2022-11-28,93.93,96.4,93.43,93.95,74943100
AMZN,2022-11-29,94.04,94.41,91.44,92.42,65567300
AMZN,2022-11-30,92.47,96.54,91.53,96.54,102805800
AMZN,2022-12-01,96.99,97.23,94.92,95.5,68488000
AMZN,2022-12-02,94.48,95.36,93.78,94.13,72496400
AMZN,2022-12-05,93.05,94.06,90.82,91.01,71535500
AMZN,2022-12-06,90.5,91.04,87.9,88.25,75503600
AMZN,2022-12-07,88.34,89.89,87.48,88.46,68086900
AMZN,2022-12-08,89.24,90.86,87.88,90.35,73305900
AMZN,2022-12-09,88.9,90.3,88.63,89.09,67398500
AMZN,2022-12-12,89.21,90.58,87.87,90.55,61999800
AMZN,2022-12-13,95.23,96.25,90.52,92.49,100212000
AMZN,2022-12-14,92.5,93.46,89.87,91.58,70298000
AMZN,2022-12-15,89.89,89.97,87.47,88.45,84802900
AMZN,2022-12-16,88.27,89.35,86.73,87.86,146144100
AMZN,2022-12-19,87.51,87.63,84.51,84.92,83531500
AMZN,2022-12-20,85.33,86.61,84.33,85.19,74348300
AMZN,2022-12-21,86.18,87.23,85.21,86.77,59267200
AMZN,2022-12-22,85.52,85.68,82.25,83.79,81431300
AMZN,2022-12-23,83.25,85.78,82.93,85.25,57433700
AMZN,2022-12-27,84.97,85.35,83.0,83.04,57284000
AMZN,2022-12-28,82.8,83.48,81.69,81.82,58228600
AMZN,2022-12-29,82.87,84.55,82.55,84.18,54995900
AMZN,2022-12-30,83.12,84.05,82.47,84.0,62401200
AMZN,2023-01-03,85.46,86.96,84.21,85.82,76706000
AMZN,2023-01-04,86.55,86.98,83.36,85.14,68885100
AMZN,2023-01-05,85.33,85.42,83.07,83.12,67930800
AMZN,2023-01-06,83.03,86.4,81.43,86.08,83303400
AMZN,2023-01-09,87.46,89.48,87.08,87.36,65266100
AMZN,2023-01-10,87.57,90.19,87.29,89.87,67756600
AMZN,2023-01-11,90.93,95.26,90.93,95.09,103126200
AMZN,2023-01-12,96.93,97.19,93.5,95.27,85254800
AMZN,2023-01-13,94.18,98.37,94.12,98.12,85549400
AMZN,2023-01-17,98.68,98.89,95.73,96.05,72755000
AMZN,2023-01-18,97.25,99.32,95.38,95.46,79570400
AMZN,2023-01-19,94.74,95.44,92.86,93.68,69002700
AMZN,2023-01-20,93.86,97.35,93.2,97.25,67481500
AMZN,2023-01-23,97.56,97.78,95.86,97.52,76501100
AMZN,2023-01-24,96.93,98.09,96.0,96.32,66929500
AMZN,2023-01-25,92.56,97.24,91.52,97.18,94261600
AMZN,2023-01-26,98.24,99.49,96.92,99.22,68523600
AMZN,2023-01-27,99.53,103.49,99.53,102.24,87775600
AMZN,2023-01-30,101.09,101.74,99.01,100.55,70691900
AMZN,2023-01-31,101.16,103.35,101.14,103.13,66527300
AMZN,2023-02-01,102.53,106.24,101.24,105.15,80450100
AMZN,2023-02-02,110.25,114.0,108.88,112.91,158154200
AMZN,2023-02-03,105.26,108.78,102.52,103.39,144374800
AMZN,2023-02-06,102.93,103.95,100.65,102.18,81945200
AMZN,2023-02-07,101.17,102.41,98.08,102.11,119501300
AMZN,2023-02-08,102.04,102.67,98.78,100.05,75878300
AMZN,2023-02-09,101.32,101.78,97.57,98.24,64622500
AMZN,2023-02-10,97.56,98.82,96.23,97.61,52740100
AMZN,2023-02-13,97.85,99.68,96.91,99.54,52841500
AMZN,2023-02-14,98.41,100.92,97.52,99.7,56202900
AMZN,2023-02-15,99.09,101.17,98.45,101.16,47957600
AMZN,2023-02-16,99.21,100.63,98.1,98.15,56339200
AMZN,2023-02-17,97.8,97.94,95.65,97.2,60029400
AMZN,2023-02-21,95.34,95.61,94.27,94.58,56580400
AMZN,2023-02-22,95.1,97.01,94.8,95.79,59534100
AMZN,2023-02-23,96.12,96.43,93.67,95.82,48467000
AMZN,2023-02-24,93.53,94.14,92.32,93.5,57053800
AMZN,2023-02-27,94.28,94.78,93.14,93.76,47470300
AMZN,2023-02-28,93.14,94.69,92.92,94.23,43959300
AMZN,2023-03-01,93.87,94.68,91.59,92.17,52299500
AMZN,2023-03-02,91.41,92.23,90.39,92.13,55509400
AMZN,2023-03-03,92.74,94.94,92.66,94.9,55759600
AMZN,2023-03-06,95.19,96.55,93.74,93.75,52112400
AMZN,2023-03-07,94.06,95.09,92.78,93.55,49100700
AMZN,2023-03-08,93.6,94.17,92.18,93.92,44899100
AMZN,2023-03-09,93.68,96.21,92.18,92.25,56218700
AMZN,2023-03-10,92.67,93.57,90.25,90.73,69827500
AMZN,2023-03-13,89.97,94.02,88.12,92.43,72397100
AMZN,2023-03-14,93.83,95.07,92.71,94.88,60912700
AMZN,2023-03-15,93.22,96.67,93.07,96.2,70731800
AMZN,2023-03-16,95.75,100.99,95.61,100.04,84446900
AMZN,2023-03-17,99.79,100.66,97.46,98.95,87300200
AMZN,2023-03-20,98.41,98.48,95.7,97.71,62388900
AMZN,2023-03-21,98.14,100.85,98.0,100.61,58597300
AMZN,2023-03-22,100.45,102.1,98.61,98.7,57475400
AMZN,2023-03-23,100.43,101.06,97.62,98.71,57559300
AMZN,2023-03-24,98.07,98.3,96.4,98.13,56095400
AMZN,2023-03-27,99.07,99.34,97.08,98.04,46721300
AMZN,2023-03-28,98.11,98.44,96.29,97.24,38720100
AMZN,2023-03-29,98.69,100.42,98.56,100.25,49783300
AMZN,2023-03-30,101.55,103.04,101.01,102.0,53633400
AMZN,2023-03-31,102.16,103.49,101.95,103.29,56750300
AMZN,2023-04-03,102.3,103.29,101.43,102.41,41135700
AMZN,2023-04-04,102.75,104.2,102.11,103.95,48662500
AMZN,2023-04-05,103.91,103.91,100.75,101.1,45175400
AMZN,2023-04-06,100.75,102.38,99.8,102.06,43808000
AMZN,2023-04-10,100.96,102.2,99.57,102.17,37261200
AMZN,2023-04-11,100.8,101.0,99.01,99.92,60417800
AMZN,2023-04-12,100.4,100.51,97.71,97.83,56735000
AMZN,2023-04-13,98.95,102.57,98.71,102.4,67925100
AMZN,2023-04-14,102.07,103.2,101.11,102.51,51450500
AMZN,2023-04-17,103.16,103.73,101.59,102.74,39919500
AMZN,2023-04-18,103.95,104.2,101.52,102.3,39790500
AMZN,2023-04-19,101.58,105.12,101.39,104.3,58398900
AMZN,2023-04-20,103.53,105.25,103.21,103.81,57696900
AMZN,2023-04-21,106.1,108.15,105.08,106.96,86774200
AMZN,2023-04-24,107.66,109.23,105.07,106.21,69575600
AMZN,2023-04-25,104.91,105.45,102.45,102.57,65026800
AMZN,2023-04-26,105.04,106.62,104.1,104.98,73803800
AMZN,2023-04-27,108.16,110.86,106.8,109.82,149961200
AMZN,2023-04-28,107.73,109.48,104.33,105.45,130715900
AMZN,2023-05-01,104.95,105.23,101.82,102.05,74728100
AMZN,2023-05-02,101.47,103.9,101.15,103.63,73469400
AMZN,2023-05-03,103.74,105.96,103.28,103.65,65051900
AMZN,2023-05-04,104.04,105.39,103.31,104.0,45345500
AMZN,2023-05-05,104.27,105.76,103.55,105.66,56951700
AMZN,2023-05-08,105.04,106.1,104.7,105.83,49430900
AMZN,2023-05-09,105.48,106.79,105.16,106.62,44089400
AMZN,2023-05-10,108.1,110.67,108.05,110.19,78627600
AMZN,2023-05-11,111.03,113.28,110.49,112.18,74924800
AMZN,2023-05-12,112.16,112.64,109.32,110.26,49852700
AMZN,2023-05-15,111.15,112.29,109.25,111.2,53011100
AMZN,2023-05-16,111.05,114.79,111.05,113.4,71472900
AMZN,2023-05-17,114.89,115.83,114.22,115.5,65655200
AMZN,2023-05-18,116.69,118.6,116.34,118.15,73174100
AMZN,2023-05-19,118.16,118.31,115.7,116.25,55056300
AMZN,2023-05-22,116.77,116.77,114.25,115.01,70741100
AMZN,2023-05-23,114.27,117.14,113.78,114.99,67576300
AMZN,2023-05-24,115.35,117.34,115.02,116.75,63487900
AMZN,2023-05-25,116.63,116.87,114.31,115.0,66496700
AMZN,2023-05-26,116.04,121.5,116.02,120.11,96779900
AMZN,2023-05-30,122.37,122.92,119.86,121.66,64314800
AMZN,2023-05-31,121.45,122.04,119.17,120.58,72800800
AMZN,2023-06-01,120.69,123.49,119.93,122.77,54375100
AMZN,2023-06-02,124.92,126.39,124.02,124.25,61264400
AMZN,2023-06-05,123.36,125.8,123.03,125.3,47950100
AMZN,2023-06-06,125.07,127.4,125.0,126.61,45695200
AMZN,2023-06-07,127.01,127.37,120.63,121.23,95663300
AMZN,2023-06-08,123.01,125.63,122.26,124.25,62159300
AMZN,2023-06-09,124.08,125.8,123.19,123.43,51396000
AMZN,2023-06-12,124.02,126.78,123.53,126.57,51338000
AMZN,2023-06-13,128.12,128.41,125.18,126.66,50564800
AMZN,2023-06-14,126.7,126.95,124.12,126.42,52422500
AMZN,2023-06-15,125.21,127.69,124.32,127.11,60458500
AMZN,2023-06-16,127.71,127.9,125.3,125.49,84247100
AMZN,2023-06-20,124.97,127.25,124.5,125.78,56930100
AMZN,2023-06-21,125.64,126.73,123.85,124.83,52137700
AMZN,2023-06-22,125.31,130.33,125.14,130.15,90354600
AMZN,2023-06-23,129.11,130.84,128.28,129.33,71927800
AMZN,2023-06-26,129.33,131.49,127.1,127.33,59989300
AMZN,2023-06-27,128.63,130.09,127.55,129.18,46801000
AMZN,2023-06-28,128.94,131.48,128.44,129.04,52149500
AMZN,2023-06-29,128.77,129.26,127.26,127.9,40761000
AMZN,2023-06-30,129.47,131.25,128.95,130.36,54350700
AMZN,2023-07-03,130.82,131.85,130.07,130.22,28264800
AMZN,2023-07-05,130.24,131.4,129.64,130.38,35895400
AMZN,2023-07-06,128.25,128.73,127.37,128.36,40639900
AMZN,2023-07-07,128.59,130.97,128.13,129.78,41992300
AMZN,2023-07-10,129.07,129.28,125.92,127.13,61889300
AMZN,2023-07-11,127.75,129.77,127.35,128.78,49951500
AMZN,2023-07-12,130.31,131.26,128.83,130.8,54022800
AMZN,2023-07-13,134.04,134.67,132.71,134.3,61170900
AMZN,2023-07-14,134.06,136.65,134.06,134.68,54487100
AMZN,2023-07-17,134.56,135.62,133.21,133.56,48450200
AMZN,2023-07-18,132.71,133.86,131.35,132.83,54882900
AMZN,2023-07-19,133.39,135.99,132.53,135.36,54531000
AMZN,2023-07-20,134.07,134.79,129.33,129.96,59820600
AMZN,2023-07-21,131.34,131.37,128.42,130.0,133307300
AMZN,2023-07-24,130.31,131.66,128.35,128.8,45591100
AMZN,2023-07-25,129.31,129.58,128.53,129.13,39236700
AMZN,2023-07-26,126.51,129.08,126.11,128.15,53910100
AMZN,2023-07-27,131.0,132.63,127.79,128.25,52610700
AMZN,2023-07-28,129.69,133.01,129.33,132.21,46317400
AMZN,2023-07-31,133.2,133.87,132.38,133.68,41901500
AMZN,2023-08-01,133.55,133.69,131.62,131.69,42098500
AMZN,2023-08-02,130.15,130.23,126.82,128.21,51027600
AMZN,2023-08-03,127.48,129.84,126.41,128.91,88585200
AMZN,2023-08-04,141.06,143.63,139.32,139.57,153128500
AMZN,2023-08-07,140.99,142.54,138.95,142.22,71213100
AMZN,2023-08-08,140.62,140.84,138.42,139.94,51710500
AMZN,2023-08-09,139.97,140.32,137.1,137.85,50017300
AMZN,2023-08-10,139.07,140.41,137.49,138.56,58928400
AMZN,2023-08-11,137.4,139.33,137.0,138.41,42905800
AMZN,2023-08-14,138.3,140.59,137.75,140.57,47148700
AMZN,2023-08-15,140.05,141.28,137.23,137.67,42781500
AMZN,2023-08-16,137.19,137.27,135.01,135.07,41675900
AMZN,2023-08-17,135.46,136.09,133.53,133.98,48354100
AMZN,2023-08-18,131.62,134.07,131.15,133.22,48497700
AMZN,2023-08-21,133.74,135.19,132.71,134.68,41442500
AMZN,2023-08-22,135.08,135.65,133.73,134.25,32905400
AMZN,2023-08-23,134.5,135.95,133.22,135.52,42801000
AMZN,2023-08-24,136.4,136.78,131.83,131.84,43646300
AMZN,2023-08-25,132.47,133.87,130.58,133.26,44147500
AMZN,2023-08-28,133.78,133.95,131.85,133.14,34108400
AMZN,2023-08-29,133.38,135.14,133.25,134.91,38646100
AMZN,2023-08-30,134.93,135.68,133.92,135.07,36137000
AMZN,2023-08-31,135.06,138.79,135.0,138.01,58781300
AMZN,2023-09-01,139.46,139.96,136.88,138.12,40991500
AMZN,2023-09-05,137.73,137.8,135.82,137.27,40636700
AMZN,2023-09-06,136.32,137.45,134.61,135.36,41785500
AMZN,2023-09-07,133.9,138.03,133.16,137.85,48498900
AMZN,2023-09-08,136.86,138.85,136.75,138.23,38348200
AMZN,2023-09-11,138.75,143.62,138.64,143.1,56764500
AMZN,2023-09-12,142.32,143.0,140.61,141.23,42668500
AMZN,2023-09-13,140.95,144.98,140.87,144.85,60465200
AMZN,2023-09-14,145.08,145.86,142.95,144.72,64033600
AMZN,2023-09-15,142.69,143.57,140.09,140.39,102909300
AMZN,2023-09-18,140.48,141.75,139.22,139.98,42823500
AMZN,2023-09-19,138.7,138.84,135.56,137.63,61482500
AMZN,2023-09-20,138.55,139.37,135.2,135.29,46263700
AMZN,2023-09-21,131.94,132.24,129.31,129.33,70343300
AMZN,2023-09-22,131.11,132.03,128.52,129.12,59904300
AMZN,2023-09-25,129.36,131.78,128.77,131.27,46017800
AMZN,2023-09-26,130.12,130.39,125.28,125.98,73048200
AMZN,2023-09-27,125.76,127.48,124.13,125.98,66553400
AMZN,2023-09-28,124.04,126.58,123.04,125.98,54555000
AMZN,2023-09-29,128.2,129.15,126.32,127.12,62411700
AMZN,2023-10-02,127.28,130.47,126.54,129.46,48029700
AMZN,2023-10-03,128.06,128.52,124.25,124.72,51565000
AMZN,2023-10-04,126.06,127.36,125.68,127.0,44203900
AMZN,2023-10-05,126.71,126.73,124.33,125.96,39660600
AMZN,2023-10-06,124.16,128.45,124.13,127.96,46836700
AMZN,2023-10-09,126.22,128.79,124.76,128.26,38773700
AMZN,2023-10-10,128.82,130.74,128.05,129.48,42178600
AMZN,2023-10-11,129.74,132.05,129.61,131.83,40741800
AMZN,2023-10-12,132.17,134.48,131.23,132.33,55528600
AMZN,2023-10-13,132.98,133.31,128.95,129.79,45786600
AMZN,2023-10-16,130.69,133.07,130.43,132.55,42832900
AMZN,2023-10-17,130.39,132.58,128.71,131.47,49344600
AMZN,2023-10-18,129.9,130.67,127.51,128.13,42699500
AMZN,2023-10-19,130.57,132.24,127.47,128.4,60961400
AMZN,2023-10-20,128.05,128.17,124.97,125.17,56406400
AMZN,2023-10-23,124.63,127.88,123.98,126.56,48260000
AMZN,2023-10-24,127.74,128.8,126.34,128.56,46477400
AMZN,2023-10-25,126.04,126.34,120.79,121.39,74577500
AMZN,2023-10-26,120.63,121.64,118.35,119.57,100419500
AMZN,2023-10-27,126.2,130.02,125.52,127.74,125309300
AMZN,2023-10-30,129.72,133.0,128.56,132.71,72485500
AMZN,2023-10-31,132.75,133.57,131.71,133.09,51589400
AMZN,2023-11-01,133.96,137.35,133.71,137.0,61529400
AMZN,2023-11-02,138.73,138.81,136.47,138.07,52236700
AMZN,2023-11-03,138.99,139.49,137.45,138.6,44059800
AMZN,2023-11-06,138.76,140.73,138.36,139.74,44970400
AMZN,2023-11-07,140.55,143.37,140.5,142.71,53553500
AMZN,2023-11-08,142.97,143.12,141.22,142.08,44521700
AMZN,2023-11-09,142.02,142.65,139.84,140.6,36235400
AMZN,2023-11-10,140.46,143.65,139.91,143.56,49287800
AMZN,2023-11-13,142.08,143.23,140.67,142.59,35680600
AMZN,2023-11-14,145.0,147.26,144.68,145.8,56674600
AMZN,2023-11-15,147.06,147.29,142.59,143.2,63875700
AMZN,2023-11-16,140.91,143.32,139.52,142.83,49653500
AMZN,2023-11-17,142.66,145.23,142.54,145.18,49636700
AMZN,2023-11-20,145.13,146.63,144.73,146.13,41951200
AMZN,2023-11-21,143.91,144.05,141.5,143.9,71226000
AMZN,2023-11-22,144.57,147.74,144.57,146.71,45669100
AMZN,2023-11-24,146.7,147.2,145.32,146.74,22378400
AMZN,2023-11-27,147.53,149.26,146.88,147.73,53762400
AMZN,2023-11-28,146.98,147.6,145.53,147.03,42711700
AMZN,2023-11-29,147.85,148.54,145.97,146.32,40610900
AMZN,2023-11-30,144.76,146.93,144.33,146.09,65814000
AMZN,2023-12-01,146.0,147.25,145.55,147.03,39951800
AMZN,2023-12-04,145.25,145.35,142.81,144.84,48294200
AMZN,2023-12-05,143.55,148.57,143.13,146.88,46822400
AMZN,2023-12-06,147.58,147.85,144.28,144.52,39679000
AMZN,2023-12-07,146.15,147.92,145.34,146.88,52352800
AMZN,2023-12-08,145.48,147.84,145.4,147.42,41906000
AMZN,2023-12-11,145.66,146.19,143.64,145.89,50907300
AMZN,2023-12-12,145.52,147.5,145.3,147.48,44944300
AMZN,2023-12-13,148.12,149.46,146.82,148.84,52766200
AMZN,2023-12-14,149.93,150.54,145.52,147.42,58400800
AMZN,2023-12-15,148.38,150.57,147.88,149.97,110089300
AMZN,2023-12-18,150.56,154.85,150.05,154.07,62512800
AMZN,2023-12-19,154.4,155.12,152.69,153.79,43171300
AMZN,2023-12-20,152.9,155.63,151.56,152.12,50322100
AMZN,2023-12-21,153.3,153.97,152.1,153.84,36305700
AMZN,2023-12-22,153.77,154.35,152.71,153.42,29514100
AMZN,2023-12-26,153.56,153.98,153.03,153.41,25067200
AMZN,2023-12-27,153.56,154.78,153.12,153.34,31434700
AMZN,2023-12-28,153.72,154.08,152.95,153.38,27057000
AMZN,2023-12-29,153.1,153.89,151.03,151.94,39823200
AMZN,2024-01-02,151.54,152.38,148.39,149.93,47339400
AMZN,2024-01-03,149.2,151.05,148.33,148.47,49425500
AMZN,2024-01-04,145.59,147.38,144.05,144.57,56039800
AMZN,2024-01-05,144.69,146.59,144.53,145.24,45153100
AMZN,2024-01-08,146.74,149.4,146.15,149.1,46757100
AMZN,2024-01-09,148.33,151.71,148.21,151.37,43812600
AMZN,2024-01-10,152.06,154.42,151.88,153.73,44421800
AMZN,2024-01-11,155.04,157.17,153.12,155.18,49072700
AMZN,2024-01-12,155.39,156.2,154.01,154.62,40484200
AMZN,2024-01-16,153.53,154.99,152.15,153.16,41384600
AMZN,2024-01-17,151.49,152.15,149.91,151.71,34953400
AMZN,2024-01-18,152.77,153.78,151.82,153.5,37850200
AMZN,2024-01-19,153.83,155.76,152.74,155.34,51651600
AMZN,2024-01-22,156.89,157.05,153.9,154.78,43687500
AMZN,2024-01-23,154.85,156.21,153.93,156.02,37986000
AMZN,2024-01-24,157.8,158.51,156.48,156.87,48547300
AMZN,2024-01-25,156.95,158.51,154.55,157.75,43638600
AMZN,2024-01-26,158.42,160.72,157.91,159.12,51047400
AMZN,2024-01-29,159.34,161.29,158.9,161.26,45270400
AMZN,2024-01-30,160.7,161.73,158.49,159.0,45207400
AMZN,2024-01-31,157.0,159.01,154.81,155.2,50284400
AMZN,2024-02-01,155.87,159.76,155.62,159.28,76542400
AMZN,2024-02-02,169.19,172.5,167.33,171.81,117218300
AMZN,2024-02-05,170.2,170.55,167.7,170.31,55081300
AMZN,2024-02-06,169.39,170.71,167.65,169.15,42505500
AMZN,2024-02-07,169.48,170.88,168.94,170.53,47174100
AMZN,2024-02-08,169.65,171.43,168.88,169.84,42316500
AMZN,2024-02-09,170.9,175.0,170.58,174.45,56986000
AMZN,2024-02-12,174.8,175.39,171.54,172.34,51050400
AMZN,2024-02-13,167.73,170.95,165.75,168.64,56345100
AMZN,2024-02-14,169.21,171.21,168.28,170.98,42815500
AMZN,2024-02-15,170.58,171.17,167.59,169.8,49855200
AMZN,2024-02-16,168.74,170.42,167.17,169.51,48107700
AMZN,2024-02-20,167.83,168.71,165.74,167.08,41980300
AMZN,2024-02-21,168.94,170.23,167.14,168.59,44420100
AMZN,2024-02-22,173.1,174.8,171.77,174.58,55392400
AMZN,2024-02-23,174.28,175.75,173.7,174.99,59715200
AMZN,2024-02-26,175.7,176.37,174.26,174.73,44368600
AMZN,2024-02-27,174.08,174.62,172.86,173.54,31141700
AMZN,2024-02-28,172.44,174.05,172.27,173.16,28180500
AMZN,2024-02-29,173.01,177.22,172.85,176.76,53805400
AMZN,2024-03-01,176.75,178.73,176.07,178.22,31981200
AMZN,2024-03-04,177.53,180.14,177.49,177.58,37381500
AMZN,2024-03-05,176.93,176.93,173.3,174.12,37228300
AMZN,2024-03-06,175.54,176.46,173.26,173.51,32090900
AMZN,2024-03-07,174.83,177.99,173.72,176.82,34063300
AMZN,2024-03-08,176.44,178.79,174.33,175.35,37893200
AMZN,2024-03-11,174.31,174.47,171.47,171.96,28484800
AMZN,2024-03-12,173.5,176.76,171.98,175.39,36610600
AMZN,2024-03-13,175.9,177.62,175.55,176.56,30772600
AMZN,2024-03-14,177.69,179.53,176.47,178.75,43705800
AMZN,2024-03-15,176.64,177.93,173.9,174.42,72147400
AMZN,2024-03-18,175.8,176.69,174.28,174.48,31250700
AMZN,2024-03-19,174.22,176.09,173.52,175.9,26880900
AMZN,2024-03-20,176.14,178.53,174.64,178.15,29947200
AMZN,2024-03-21,179.99,181.42,178.15,178.15,32824300
AMZN,2024-03-22,177.75,179.26,176.75,178.87,27995400
AMZN,2024-03-25,178.01,180.99,177.24,179.71,29815500
AMZN,2024-03-26,180.15,180.45,177.95,178.3,29659000
AMZN,2024-03-27,179.88,180.0,177.31,179.83,33272600
AMZN,2024-03-28,180.17,181.7,179.26,180.38,38051600
AMZN,2024-04-01,180.79,183.0,179.95,180.97,29174500
AMZN,2024-04-02,179.07,180.79,178.38,180.69,32611500
AMZN,2024-04-03,179.9,182.87,179.8,182.41,31046600
AMZN,2024-04-04,184.0,185.1,180.0,180.0,41624300
AMZN,2024-04-05,182.38,186.27,181.97,185.07,42374000
AMZN,2024-04-08,186.9,187.29,184.81,185.19,39221300
AMZN,2024-04-09,187.24,187.34,184.2,185.67,36520100
AMZN,2024-04-10,182.77,186.27,182.67,185.95,35879200
AMZN,2024-04-11,186.74,189.77,185.51,189.05,40020700
AMZN,2024-04-12,187.72,188.38,185.08,186.13,38608800
AMZN,2024-04-15,187.43,188.69,183.0,183.62,48052400
AMZN,2024-04-16,183.27,184.83,182.26,183.32,32891300
AMZN,2024-04-17,184.31,184.57,179.82,181.28,31359700
AMZN,2024-04-18,181.47,182.39,178.65,179.22,30723800
AMZN,2024-04-19,178.74,179.0,173.44,174.63,56000700
AMZN,2024-04-22,176.94,178.87,174.56,177.23,37924900
AMZN,2024-04-23,178.08,179.93,175.98,179.54,37046500
AMZN,2024-04-24,179.94,180.32,176.18,176.59,34185100
AMZN,2024-04-25,169.68,173.92,166.32,173.67,49249400
AMZN,2024-04-26,177.8,180.82,176.13,179.62,43919800
AMZN,2024-04-29,182.75,183.53,179.39,180.96,54063900
AMZN,2024-04-30,181.09,182.99,174.8,175.0,94639800
AMZN,2024-05-01,181.64,185.15,176.56,179.0,94645100
AMZN,2024-05-02,180.85,185.1,179.91,184.72,54303500
AMZN,2024-05-03,186.99,187.87,185.42,186.21,39172000
AMZN,2024-05-06,186.28,188.75,184.8,188.7,34725300
AMZN,2024-05-07,188.92,189.94,187.31,188.76,34048900
AMZN,2024-05-08,187.44,188.43,186.39,188.0,26136400
AMZN,2024-05-09,188.88,191.7,187.44,189.5,43368400
AMZN,2024-05-10,189.16,189.89,186.93,187.48,34141800
AMZN,2024-05-13,188.0,188.31,185.36,186.57,24898600
AMZN,2024-05-14,183.82,187.72,183.45,187.07,38698200
AMZN,2024-05-15,185.97,186.72,182.73,185.99,75459900
AMZN,2024-05-16,185.6,187.31,183.46,183.63,38834500
AMZN,2024-05-17,183.76,185.3,183.35,184.7,33175700
AMZN,2024-05-20,184.34,186.67,183.28,183.54,30511800
AMZN,2024-05-21,182.3,183.26,180.75,183.15,50839100
AMZN,2024-05-22,183.88,185.22,181.97,183.13,28148800
AMZN,2024-05-23,183.66,184.76,180.08,181.05,33670200
AMZN,2024-05-24,181.65,182.44,180.3,180.75,27471600
AMZN,2024-05-28,179.93,182.24,179.49,182.15,29927000
AMZN,2024-05-29,181.7,184.08,181.55,182.02,32009300
AMZN,2024-05-30,181.31,181.34,178.36,179.32,29184700
AMZN,2024-05-31,178.3,179.21,173.87,176.44,58903900
AMZN,2024-06-03,177.7,178.7,175.92,178.34,30786600
AMZN,2024-06-04,177.64,179.82,176.44,179.34,27198400
AMZN,2024-06-05,180.1,181.5,178.75,181.28,32116400
AMZN,2024-06-06,181.75,185.0,181.49,185.0,31371200
AMZN,2024-06-07,184.9,186.29,183.36,184.3,28021500
AMZN,2024-06-10,184.07,187.23,183.79,187.06,34445600
AMZN,2024-06-11,187.06,187.77,184.54,187.23,27265100
AMZN,2024-06-12,188.02,188.35,185.43,186.89,33984200
AMZN,2024-06-13,186.09,187.67,182.67,183.83,39721500
AMZN,2024-06-14,183.08,183.72,182.23,183.66,25456400
AMZN,2024-06-17,182.52,185.0,181.22,184.06,35601900
AMZN,2024-06-18,183.74,184.29,181.43,182.81,36659200
AMZN,2024-06-20,182.91,186.51,182.72,186.1,44726800
AMZN,2024-06-21,187.8,189.28,185.86,189.08,70792500
AMZN,2024-06-24,189.33,191.0,185.33,185.57,50610400
AMZN,2024-06-25,186.81,188.84,185.42,186.34,45366400
AMZN,2024-06-26,186.92,194.8,186.26,193.61,65103900
AMZN,2024-06-27,195.01,199.84,194.2,197.85,74397500
AMZN,2024-06-28,197.73,198.85,192.5,193.25,76930200
AMZN,2024-07-01,193.49,198.3,192.82,197.2,41192000
AMZN,2024-07-02,197.28,200.43,195.93,200.0,45600000
AMZN,2024-07-03,199.94,200.03,196.76,197.59,31597900
AMZN,2024-07-05,198.65,200.55,198.17,200.0,39858900
AMZN,2024-07-08,200.04,201.2,197.96,199.29,34767300
AMZN,2024-07-09,199.4,200.57,199.05,199.34,32700100
AMZN,2024-07-10,200.0,200.11,197.69,199.79,32883800
AMZN,2024-07-11,200.09,200.27,192.86,195.05,44565000
AMZN,2024-07-12,194.8,196.47,193.83,194.49,30598500
AMZN,2024-07-15,194.56,196.19,190.83,192.72,40683200
AMZN,2024-07-16,195.59,196.62,192.24,193.02,33994700
AMZN,2024-07-17,191.35,191.58,185.99,187.93,48076100
AMZN,2024-07-18,189.59,189.68,181.45,183.75,51043600
AMZN,2024-07-19,181.14,184.93,180.11,183.13,43081800
AMZN,2024-07-22,185.0,185.06,182.48,182.55,39931900
AMZN,2024-07-23,184.1,189.39,183.56,186.41,47537700
AMZN,2024-07-24,183.2,185.45,180.41,180.83,41532400
AMZN,2024-07-25,182.91,183.9,176.8,179.85,44464200
AMZN,2024-07-26,180.39,183.19,180.24,182.5,29506000
AMZN,2024-07-29,183.84,184.75,182.38,183.2,33270100
AMZN,2024-07-30,184.72,185.86,179.38,181.71,39508600
AMZN,2024-07-31,185.05,187.94,184.46,186.98,41667300
AMZN,2024-08-01,189.29,190.6,181.87,184.07,70435600
AMZN,2024-08-02,166.75,168.77,160.55,167.9,141448400
AMZN,2024-08-05,154.21,162.96,151.61,161.02,83149400
AMZN,2024-08-06,161.71,165.08,158.54,161.93,59950800
AMZN,2024-08-07,166.55,167.58,161.43,162.77,48408200
AMZN,2024-08-08,165.17,166.69,162.55,165.8,44616200
AMZN,2024-08-09,166.4,168.55,165.85,166.94,36401000
AMZN,2024-08-12,168.14,168.55,166.11,166.8,30072800
AMZN,2024-08-13,167.81,171.04,167.1,170.23,39237900
AMZN,2024-08-14,172.11,172.28,168.86,170.1,28843800
AMZN,2024-08-15,174.86,177.91,173.99,177.59,51698500
AMZN,2024-08-16,177.04,178.34,176.26,177.06,31489200
AMZN,2024-08-19,177.64,178.3,176.16,178.22,31129800
AMZN,2024-08-20,177.92,179.01,177.43,178.88,26255200
AMZN,2024-08-21,179.92,182.39,178.89,180.11,35599100
AMZN,2024-08-22,181.38,181.47,175.68,176.13,32047500
AMZN,2024-08-23,177.34,178.97,175.24,177.04,29150100
AMZN,2024-08-26,176.7,177.47,174.3,175.5,22366200
AMZN,2024-08-27,174.15,174.89,172.25,173.12,29842000
AMZN,2024-08-28,173.69,173.69,168.92,170.8,29045000
AMZN,2024-08-29,173.22,174.29,170.81,172.12,26407800
AMZN,2024-08-30,172.78,178.9,172.6,178.5,43429400
AMZN,2024-09-03,177.55,178.26,175.26,176.25,37817500
AMZN,2024-09-04,174.48,175.98,172.54,173.33,30309200
AMZN,2024-09-05,175.0,179.88,175.0,177.89,40170500
AMZN,2024-09-06,177.24,178.38,171.16,171.39,41466500
AMZN,2024-09-09,174.53,175.85,173.51,175.4,29037400
AMZN,2024-09-10,177.49,180.5,176.79,179.55,36233800
AMZN,2024-09-11,180.1,184.99,175.73,184.52,42564700
AMZN,2024-09-12,184.8,187.41,183.54,187.0,33544200
AMZN,2024-09-13,187.0,188.5,185.91,186.49,26495400
AMZN,2024-09-16,185.29,185.81,183.36,184.89,26065500
AMZN,2024-09-17,186.85,189.45,186.14,186.88,26091700
AMZN,2024-09-18,186.45,188.8,185.06,186.43,34448100
AMZN,2024-09-19,190.04,190.99,188.47,189.87,39543200
AMZN,2024-09-20,190.23,191.84,187.41,191.6,100378600
AMZN,2024-09-23,191.64,194.45,190.57,193.88,36993100
AMZN,2024-09-24,194.27,195.37,190.13,193.96,43478900
AMZN,2024-09-25,193.75,193.95,192.16,192.53,26391100
AMZN,2024-09-26,194.31,194.53,189.54,191.16,36334900
AMZN,2024-09-27,190.68,190.9,187.34,187.97,36002300
AMZN,2024-09-30,187.14,188.49,184.65,186.33,41583900
AMZN,2024-10-01,184.9,186.19,183.45,185.13,36044900
AMZN,2024-10-02,184.44,186.6,184.04,184.76,23704100
AMZN,2024-10-03,183.05,183.44,180.88,181.96,30204300
AMZN,2024-10-04,185.75,187.6,183.6,186.51,40890300
AMZN,2024-10-07,182.95,183.6,180.25,180.8,42364200
AMZN,2024-10-08,181.92,183.09,180.92,182.72,26372100
AMZN,2024-10-09,182.82,185.85,182.05,185.17,26343100
AMZN,2024-10-10,187.13,188.13,185.83,186.65,27785000
AMZN,2024-10-11,186.63,189.93,186.3,188.82,25751600
AMZN,2024-10-14,189.78,189.83,187.36,187.54,22614400
AMZN,2024-10-15,187.63,188.41,184.58,187.69,32178900
AMZN,2024-10-16,187.05,187.78,185.61,186.89,23456800
AMZN,2024-10-17,188.22,188.94,186.0,187.53,25039400
AMZN,2024-10-18,187.15,190.74,186.28,188.99,37417700
AMZN,2024-10-21,188.05,189.46,186.4,189.07,24639400
AMZN,2024-10-22,188.35,191.52,186.98,189.7,29650600
AMZN,2024-10-23,188.85,189.16,183.69,184.71,31937100
AMZN,2024-10-24,185.25,187.11,183.86,186.38,21647400
AMZN,2024-10-25,187.85,190.45,187.53,187.83,29362100
AMZN,2024-10-28,189.57,190.21,188.21,188.39,27930800
AMZN,2024-10-29,188.58,191.46,187.82,190.83,35690200
AMZN,2024-10-30,194.7,195.61,192.42,192.73,37707600
AMZN,2024-10-31,190.51,190.6,185.23,186.4,75146800
AMZN,2024-11-01,199.0,200.5,197.02,197.93,99687800
AMZN,2024-11-04,196.45,197.33,194.31,195.78,38492100
AMZN,2024-11-05,196.04,199.82,195.99,199.5,30564800
AMZN,2024-11-06,200.01,207.55,199.14,207.09,72292200
AMZN,2024-11-07,207.44,212.25,207.19,210.05,52878400
AMZN,2024-11-08,209.72,209.96,207.44,208.18,36075800
AMZN,2024-11-11,208.5,209.65,205.59,206.84,35456000
AMZN,2024-11-12,208.37,209.54,206.01,208.91,38942900
AMZN,2024-11-13,209.4,215.09,209.14,214.1,46212900
AMZN,2024-11-14,214.16,215.9,210.88,211.48,42620300
AMZN,2024-11-15,206.76,207.34,199.61,202.61,86591100
AMZN,2024-11-18,204.15,204.67,200.95,201.7,36409900
AMZN,2024-11-19,199.33,205.3,198.78,204.61,31197900
AMZN,2024-11-20,202.98,203.13,199.45,202.88,32769000
AMZN,2024-11-21,203.49,203.49,195.75,198.38,58800000
AMZN,2024-11-22,198.25,199.26,196.75,197.12,31530800
AMZN,2024-11-25,199.28,201.95,199.0,201.45,40685700
AMZN,2024-11-26,201.9,208.0,201.79,207.86,41673700
AMZN,2024-11-27,206.98,207.64,205.05,205.74,28061600
AMZN,2024-11-29,205.83,208.2,204.59,207.89,24892400
AMZN,2024-12-02,209.96,212.99,209.51,210.71,39523200
AMZN,2024-12-03,210.31,214.02,209.65,213.44,32214800
AMZN,2024-12-04,215.96,220.0,215.75,218.16,48745700
AMZN,2024-12-05,218.03,222.15,217.3,220.55,41140200
AMZN,2024-12-06,220.75,227.15,220.6,227.03,44178100
AMZN,2024-12-09,227.21,230.08,225.67,226.09,46819400
AMZN,2024-12-10,226.09,229.06,224.2,225.04,31199900
AMZN,2024-12-11,226.41,231.2,226.26,230.26,35385800
AMZN,2024-12-12,229.83,231.09,227.63,228.97,28204100
AMZN,2024-12-13,228.4,230.2,225.86,227.46,28768100
AMZN,2024-12-16,230.23,233.0,228.01,232.93,37552100
AMZN,2024-12-17,232.39,232.73,227.85,231.15,35948100
AMZN,2024-12-18,230.77,231.4,220.11,220.52,43281400
AMZN,2024-12-19,224.91,226.09,222.92,223.29,39918700
AMZN,2024-12-20,219.84,226.21,218.73,224.92,88279200
AMZN,2024-12-23,225.01,226.88,223.9,225.06,28070000
AMZN,2024-12-24,226.94,229.14,226.13,229.05,15007500
AMZN,2024-12-26,228.5,228.5,226.67,227.05,16146700
AMZN,2024-12-27,225.6,226.03,220.9,223.75,27367100
AMZN,2024-12-30,220.06,223.0,218.43,221.3,28321200
AMZN,2024-12-31,222.97,223.23,218.94,219.39,24819700
AMZN,2025-01-02,222.03,225.15,218.19,220.22,33956600
AMZN,2025-01-03,222.51,225.36,221.62,224.19,27515600
AMZN,2025-01-06,226.78,228.84,224.84,227.61,31849800
AMZN,2025-01-07,227.9,228.38,221.46,222.11,28084200
AMZN,2025-01-08,223.19,223.52,220.2,222.13,25033300
AMZN,2025-01-10,221.46,221.71,216.5,218.94,36811500
AMZN,2025-01-13,218.06,219.4,216.47,218.46,27262700
AMZN,2025-01-14,220.44,221.82,216.2,217.76,24711700
AMZN,2025-01-15,222.83,223.57,220.75,223.35,31291300
AMZN,2025-01-16,224.42,224.65,220.31,220.66,24757300
AMZN,2025-01-17,225.84,226.51,223.08,225.94,42370100
AMZN,2025-01-21,228.9,231.78,226.94,230.71,39951500
AMZN,2025-01-22,232.02,235.44,231.19,235.01,41448200
AMZN,2025-01-23,234.1,235.52,231.51,235.42,26404400
AMZN,2025-01-24,234.5,236.4,232.93,234.85,25890700
AMZN,2025-01-27,226.21,235.61,225.86,235.42,49428300
AMZN,2025-01-28,234.29,241.77,233.98,238.15,41587200
AMZN,2025-01-29,239.02,240.39,236.15,237.07,26091700
AMZN,2025-01-30,237.14,237.95,232.22,234.64,32020700
AMZN,2025-01-31,236.5,240.29,236.41,237.68,36110200
AMZN,2025-02-03,234.06,239.25,232.9,237.42,37285900
AMZN,2025-02-04,239.01,242.52,238.03,242.06,29713800
AMZN,2025-02-05,237.02,238.32,235.2,236.17,38727300
AMZN,2025-02-06,238.01,239.66,236.01,238.83,60897100
AMZN,2025-02-07,232.5,234.81,228.06,229.15,77539300
AMZN,2025-02-10,230.55,233.92,229.2,233.14,35419900
AMZN,2025-02-11,231.92,233.44,230.13,232.76,23713700
AMZN,2025-02-12,230.46,231.18,228.16,228.93,32285200
AMZN,2025-02-13,228.85,230.42,227.52,230.37,31346500
AMZN,2025-02-14,229.2,229.89,227.23,228.68,27031100
AMZN,2025-02-18,228.82,229.3,223.72,226.65,42975100
AMZN,2025-02-19,225.52,226.83,223.71,226.63,28566700
AMZN,2025-02-20,224.78,225.13,221.81,222.88,30001700
AMZN,2025-02-21,223.28,223.31,214.74,216.58,55323900
AMZN,2025-02-24,217.45,217.72,212.42,212.71,42387600
AMZN,2025-02-25,211.63,213.34,204.16,212.8,58958000
AMZN,2025-02-26,214.94,218.16,213.09,214.35,39120600
AMZN,2025-02-27,218.35,219.97,208.37,208.74,40548600
AMZN,2025-02-28,208.65,212.62,206.99,212.28,51771700
AMZN,2025-03-03,213.35,214.01,202.55,205.02,42948400
AMZN,2025-03-04,200.11,206.8,197.43,203.8,60853100
AMZN,2025-03-05,204.8,209.98,203.26,208.36,38610100
AMZN,2025-03-06,204.4,205.77,198.3,200.7,49863800
AMZN,2025-03-07,199.49,202.27,192.53,199.25,59802800
AMZN,2025-03-10,195.6,196.73,190.85,194.54,62350900
AMZN,2025-03-11,193.9,200.18,193.4,196.59,54002900
AMZN,2025-03-12,200.72,201.52,195.29,198.89,43679300
AMZN,2025-03-13,198.17,198.88,191.82,193.89,41270800
AMZN,2025-03-14,197.41,198.65,195.32,197.95,38096700
AMZN,2025-03-17,198.77,199.0,194.32,195.74,47341800
AMZN,2025-03-18,192.52,194.0,189.38,192.82,40414900
AMZN,2025-03-19,193.38,195.97,191.96,195.54,39442900
AMZN,2025-03-20,193.07,199.32,192.3,194.95,38921100
AMZN,2025-03-21,192.9,196.99,192.52,196.21,60056900
AMZN,2025-03-24,200.0,203.64,199.95,203.26,41625400
AMZN,2025-03-25,203.6,206.21,203.22,205.71,31171200
AMZN,2025-03-26,205.84,206.01,199.93,201.13,32855300
AMZN,2025-03-27,200.89,203.79,199.28,201.36,27317700
AMZN,2025-03-28,198.42,199.26,191.88,192.72,52548200
AMZN,2025-03-31,188.19,191.33,184.4,190.26,63547600
AMZN,2025-04-01,187.86,193.93,187.2,192.17,41267300
AMZN,2025-04-02,187.66,198.34,187.66,196.01,53679200
AMZN,2025-04-03,183.0,184.13,176.92,178.41,95553600
AMZN,2025-04-04,167.15,178.14,166.0,171.0,123159400
AMZN,2025-04-07,162.0,183.41,161.38,175.26,109327100
AMZN,2025-04-08,185.23,185.9,168.57,170.66,87710400
AMZN,2025-04-09,172.12,192.65,169.93,191.1,116804300
AMZN,2025-04-10,185.44,186.87,175.85,181.22,68302000
AMZN,2025-04-11,179.93,185.86,178.0,184.87,50594300
AMZN,2025-04-14,186.84,187.44,179.23,182.12,48002500
AMZN,2025-04-15,181.41,182.35,177.93,179.59,43642000
AMZN,2025-04-16,176.29,179.1,171.41,174.33,51875300
AMZN,2025-04-17,176.0,176.21,172.0,172.61,44726500
AMZN,2025-04-21,169.6,169.6,165.29,167.32,48126100
AMZN,2025-04-22,169.85,176.78,169.35,173.18,56607200
AMZN,2025-04-23,183.45,187.38,180.19,180.6,63470100
AMZN,2025-04-24,180.92,186.74,180.18,186.54,43763200
AMZN,2025-04-25,187.62,189.94,185.49,188.99,36414300
AMZN,2025-04-28,190.11,190.22,184.89,187.7,33224700
AMZN,2025-04-29,183.99,188.02,183.68,187.39,41667300
AMZN,2025-04-30,182.17,185.05,178.85,184.42,55176500
AMZN,2025-05-01,190.63,191.81,187.5,190.2,74266000
AMZN,2025-05-02,191.44,192.88,186.4,189.98,77903500
AMZN,2025-05-05,186.51,188.18,185.53,186.35,35217500
AMZN,2025-05-06,184.57,187.93,183.85,185.01,29314100
AMZN,2025-05-07,185.56,190.99,185.01,188.71,43948600
AMZN,2025-05-08,191.43,194.33,188.82,192.08,41043600
AMZN,2025-05-09,193.38,194.69,191.16,193.06,29663100
AMZN,2025-05-12,210.71,211.66,205.75,208.64,75205000
AMZN,2025-05-13,211.08,214.84,210.1,211.37,56193700
AMZN,2025-05-14,211.45,211.93,208.85,210.25,38492100
AMZN,2025-05-15,206.45,206.88,202.67,205.17,64347300
AMZN,2025-05-16,206.85,206.85,204.37,205.59,43318500
AMZN,2025-05-19,201.65,206.62,201.26,206.16,34314800
AMZN,2025-05-20,204.63,205.59,202.65,204.07,29470400
AMZN,2025-05-21,201.61,203.46,200.06,201.12,42460900
AMZN,2025-05-22,201.38,205.76,200.16,203.1,38938900
AMZN,2025-05-23,198.9,202.37,197.85,200.99,33393500
AMZN,2025-05-27,203.09,206.69,202.19,206.02,34892000
AMZN,2025-05-28,205.92,207.66,204.41,204.72,28549800
AMZN,2025-05-29,208.03,208.81,204.23,205.7,34650000
AMZN,2025-05-30,204.84,205.99,201.7,205.01,51679400
AMZN,2025-06-02,204.98,207.0,202.68,206.65,29113300
AMZN,2025-06-03,207.11,208.95,205.03,205.71,33139100
AMZN,2025-06-04,206.55,208.18,205.18,207.23,29915600
AMZN,2025-06-05,209.55,212.81,207.56,207.91,51864200
AMZN,2025-06-06,212.4,213.87,210.5,213.57,39832500
AMZN,2025-06-09,214.75,217.85,212.88,216.98,38102500
AMZN,2025-06-10,216.78,217.69,214.15,217.61,31303300
AMZN,2025-06-11,217.41,218.4,212.89,213.2,39326000
AMZN,2025-06-12,211.78,213.58,211.33,213.24,27640000
AMZN,2025-06-13,209.96,214.05,209.62,212.1,29337800
AMZN,2025-06-16,212.31,217.06,211.6,216.1,33284200
AMZN,2025-06-17,215.2,217.41,214.56,214.82,32086300
AMZN,2025-06-18,215.09,217.96,212.34,212.52,44360500
AMZN,2025-06-20,214.68,214.89,208.27,209.69,75350700
AMZN,2025-06-23,209.79,210.39,207.31,208.47,37311700
AMZN,2025-06-24,212.14,214.34,211.05,212.77,38378800
AMZN,2025-06-25,214.62,216.03,211.11,211.99,31755700
AMZN,2025-06-26,213.12,218.04,212.01,217.12,50480800
AMZN,2025-06-27,219.92,223.3,216.74,223.3,119217100
AMZN,2025-06-30,223.52,223.82,219.12,219.39,58887800
AMZN,2025-07-01,219.5,221.88,217.93,220.46,39256800
AMZN,2025-07-02,219.73,221.6,219.06,219.92,30894200
AMZN,2025-07-03,221.82,224.01,221.36,223.41,29632400
AMZN,2025-07-07,223.0,224.29,222.37,223.47,36604100
AMZN,2025-07-08,223.92,224.0,218.43,219.36,45692000
AMZN,2025-07-09,221.07,224.29,220.47,222.54,38155100
AMZN,2025-07-10,221.55,222.79,219.7,222.26,30370600
AMZN,2025-07-11,223.58,226.68,222.37,225.02,50518300
AMZN,2025-07-14,225.07,226.66,224.24,225.69,35702600
AMZN,2025-07-15,226.2,227.27,225.46,226.35,34907300
AMZN,2025-07-16,225.88,226.1,222.18,223.19,39535900
AMZN,2025-07-17,223.32,224.5,222.51,223.88,31855800
AMZN,2025-07-18,225.14,226.4,222.98,226.13,37833800
AMZN,2025-07-21,225.84,229.69,225.65,229.3,40297600
AMZN,2025-07-22,229.68,230.0,226.35,227.47,37483700
AMZN,2025-07-23,228.47,228.79,227.09,228.29,28294900
AMZN,2025-07-24,229.17,236.0,228.64,232.23,42902300
AMZN,2025-07-25,232.22,232.48,231.18,231.44,28712100
AMZN,2025-07-28,233.35,234.29,232.25,232.79,26300100
AMZN,2025-07-29,234.15,234.72,230.31,231.01,33716200
AMZN,2025-07-30,231.64,231.8,229.29,230.19,32993300
AMZN,2025-07-31,235.77,236.53,231.4,234.11,104357300
AMZN,2025-08-01,217.21,220.44,212.8,214.75,122258800
AMZN,2025-08-04,217.4,217.44,211.42,211.65,77890100
AMZN,2025-08-05,213.05,216.3,212.87,213.75,51505100
AMZN,2025-08-06,214.7,222.65,213.74,222.31,54823000
AMZN,2025-08-07,221.0,226.22,220.82,223.13,40603500
AMZN,2025-08-08,223.14,223.8,221.88,222.69,32970500
AMZN,2025-08-11,221.78,223.05,220.4,221.3,31646200
AMZN,2025-08-12,222.23,223.5,219.05,221.47,37185800
AMZN,2025-08-13,222.0,224.92,222.0,224.56,36508300
AMZN,2025-08-14,227.4,233.11,227.02,230.98,61545800
AMZN,2025-08-15,232.58,234.08,229.81,231.03,39649200
AMZN,2025-08-18,230.23,231.91,228.33,231.49,25248900
AMZN,2025-08-19,230.09,230.53,227.12,228.01,29891000
AMZN,2025-08-20,227.12,227.27,220.92,223.81,36604300
AMZN,2025-08-21,222.65,222.78,220.5,221.95,32140500
AMZN,2025-08-22,222.79,229.14,220.82,228.84,37315300
AMZN,2025-08-25,227.35,229.6,227.31,227.94,22633700
AMZN,2025-08-26,227.11,229.0,226.02,228.71,26105400
AMZN,2025-08-27,228.57,229.87,227.81,229.12,21254500
AMZN,2025-08-28,229.01,232.71,228.02,231.6,33679600
AMZN,2025-08-29,231.32,231.81,228.16,229.0,26199200
AMZN,2025-09-02,223.52,226.17,221.83,225.34,38843900
AMZN,2025-09-03,225.21,227.17,224.36,225.99,29223100
AMZN,2025-09-04,231.19,235.77,230.78,235.68,59391800
AMZN,2025-09-05,235.19,236.0,231.93,232.33,36721800
AMZN,2025-09-08,234.94,237.6,233.75,235.84,33947100
AMZN,2025-09-09,236.36,238.85,235.08,238.24,27033800
AMZN,2025-09-10,237.52,237.68,229.1,230.33,60907700
AMZN,2025-09-11,231.49,231.53,229.34,229.95,37485600
AMZN,2025-09-12,230.35,230.79,226.29,228.15,38496200
AMZN,2025-09-15,230.63,233.73,230.32,231.43,33243300
AMZN,2025-09-16,232.94,235.9,232.23,234.05,38203900
AMZN,2025-09-17,233.77,234.3,228.71,231.62,42815200
AMZN,2025-09-18,232.5,233.48,228.79,231.23,37931700
AMZN,2025-09-19,232.37,234.16,229.7,231.48,97943200
AMZN,2025-09-22,230.56,230.57,227.51,227.63,45914500
AMZN,2025-09-23,227.83,227.86,220.07,220.71,70956200
AMZN,2025-09-24,224.15,224.56,219.45,220.21,49509000
AMZN,2025-09-25,220.06,220.67,216.47,218.15,52226300
AMZN,2025-09-26,219.08,221.05,218.02,219.78,41650100
AMZN,2025-09-29,220.08,222.6,219.3,222.17,44259200
AMZN,2025-09-30,222.03,222.24,217.89,219.57,48396400
AMZN,2025-10-01,217.36,222.15,216.61,220.63,43933800
AMZN,2025-10-02,221.01,222.81,218.95,222.41,41258600
AMZN,2025-10-03,223.44,224.2,219.34,219.51,43639000
AMZN,2025-10-06,221.0,221.73,216.03,220.9,43690900
AMZN,2025-10-07,220.88,222.89,220.17,221.78,31194700
AMZN,2025-10-08,222.92,226.73,221.19,225.22,46686000
AMZN,2025-10-09,225.0,228.21,221.75,227.74,46412100
AMZN,2025-10-10,226.21,228.25,216.0,216.37,72367500
AMZN,2025-10-13,217.7,220.68,217.04,220.07,37809700
AMZN,2025-10-14,215.56,219.32,212.6,216.39,45665600
AMZN,2025-10-15,216.62,217.71,212.66,215.57,45909500
AMZN,2025-10-16,215.67,218.59,212.81,214.47,42414600
AMZN,2025-10-17,214.56,214.8,211.03,213.04,45986900
AMZN,2025-10-20,213.88,216.69,213.59,216.48,38882800
AMZN,2025-10-21,218.43,223.32,217.99,222.03,50494600
AMZN,2025-10-22,219.3,220.01,216.52,217.95,44308500
AMZN,2025-10-23,219.0,221.3,218.18,221.09,31540000
AMZN,2025-10-24,221.97,225.4,221.9,224.21,38685100
AMZN,2025-10-27,227.66,228.4,225.54,226.97,38267000
AMZN,2025-10-28,228.22,231.49,226.21,229.25,47100000
AMZN,2025-10-29,231.67,232.82,227.76,230.3,52036200
AMZN,2025-10-30,227.06,228.44,222.75,222.86,102252900
AMZN,2025-10-31,250.1,250.5,243.98,244.22,166340800
AMZN,2025-11-03,255.36,258.6,252.9,254.0,95997800
AMZN,2025-11-04,250.38,257.01,248.66,249.32,51546300
AMZN,2025-11-05,249.03,251.0,246.16,250.2,40610700
AMZN,2025-11-06,249.16,250.38,242.17,243.04,46004200
AMZN,2025-11-07,242.9,244.9,238.49,244.41,46374300
AMZN,2025-11-10,248.34,251.75,245.59,248.4,36476500
AMZN,2025-11-11,248.41,249.75,247.23,249.1,23564100
AMZN,2025-11-12,250.24,250.37,243.75,244.2,31190100
AMZN,2025-11-13,243.05,243.75,236.5,237.58,41401700
AMZN,2025-11-14,235.06,238.73,232.89,234.69,38956700
AMZN,2025-11-17,233.25,234.6,229.19,232.87,59919000
AMZN,2025-11-18,228.1,230.2,222.42,222.55,60608400
AMZN,2025-11-19,223.74,223.74,218.52,222.69,58335600
AMZN,2025-11-20,227.05,227.41,216.74,217.14,50309000
AMZN,2025-11-21,216.35,222.21,215.18,220.69,68490500
AMZN,2025-11-24,222.56,227.33,222.27,226.28,54318400
AMZN,2025-11-25,226.38,230.52,223.8,229.67,39379300
AMZN,2025-11-26,230.74,231.75,228.77,229.16,38497900
AMZN,2025-11-28,231.24,233.29,230.22,233.22,20292300
AMZN,2025-12-01,233.22,235.8,232.25,233.88,42904000
AMZN,2025-12-02,235.01,238.97,233.55,234.42,45785400
AMZN,2025-12-03,233.35,233.38,230.61,232.38,35495100
AMZN,2025-12-04,232.77,233.5,226.8,229.11,45683200
AMZN,2025-12-05,230.32,231.24,228.55,229.53,33117400
AMZN,2025-12-08,229.59,230.83,226.27,226.89,35019200
AMZN,2025-12-09,226.84,228.57,225.11,227.92,25841700
AMZN,2025-12-10,228.81,232.42,228.46,231.78,38790700
AMZN,2025-12-11,230.71,232.11,228.69,230.28,28249600
AMZN,2025-12-12,229.87,230.08,225.12,226.19,35639100
AMZN,2025-12-15,227.93,227.93,221.5,222.54,47286100
AMZN,2025-12-16,223.04,223.66,221.13,222.56,39298900
AMZN,2025-12-17,224.66,225.19,220.99,221.27,44034400
AMZN,2025-12-18,225.71,229.23,224.41,226.76,50272400
AMZN,2025-12-19,226.76,229.13,225.58,227.35,85544400
AMZN,2025-12-22,228.61,229.48,226.71,228.43,32261300
AMZN,2025-12-23,229.06,232.45,228.73,232.14,29230200
AMZN,2025-12-24,232.13,232.95,231.33,232.38,11420500
AMZN,2025-12-26,232.04,232.99,231.18,232.52,15994700
AMZN,2025-12-29,231.94,232.6,230.77,232.07,19797900
AMZN,2025-12-30,231.21,232.77,230.2,232.53,21910500
AMZN,2025-12-31,232.91,232.99,230.12,230.82,24383700
AMZN,2026-01-02,231.34,235.46,224.7,226.5,51456200
AMZN,2026-01-05,228.84,234.0,227.18,233.06,49733300
AMZN,2026-01-06,232.1,243.18,232.07,240.93,53764700
AMZN,2026-01-07,239.61,245.29,239.52,241.56,42236500
AMZN,2026-01-08,243.06,246.41,241.88,246.29,39509800
AMZN,2026-01-09,244.57,247.86,242.24,247.38,34560000
AMZN,2026-01-12,246.73,248.94,245.96,246.47,35867800
AMZN,2026-01-13,246.53,247.66,240.25,242.6,38371800
AMZN,2026-01-14,241.15,241.28,236.22,236.65,41410600
AMZN,2026-01-15,239.31,240.65,236.63,238.18,43003600
AMZN,2026-01-16,239.09,239.57,236.41,239.12,45888300
AMZN,2026-01-20,233.76,235.09,229.34,231.0,47737900
AMZN,2026-01-21,231.09,232.3,226.88,231.31,47276100
AMZN,2026-01-22,234.05,235.72,230.9,234.34,31913300
AMZN,2026-01-23,234.96,240.45,234.57,239.16,33778500
AMZN,2026-01-26,239.98,240.95,237.54,238.42,32825500
AMZN,2026-01-27,239.69,244.88,238.08,244.68,38029200
AMZN,2026-01-28,246.37,247.78,241.53,243.01,40882700
AMZN,2026-01-29,242.82,243.0,236.74,241.73,47229600
AMZN,2026-01-30,239.89,243.32,237.64,239.3,46585000
AMZN,2026-02-02,238.31,245.63,238.17,242.96,37546100
AMZN,2026-02-03,244.98,246.35,235.45,238.62,53831300
AMZN,2026-02-04,238.86,238.86,231.82,232.99,51299900
AMZN,2026-02-05,224.91,226.31,220.38,222.69,103509200
AMZN,2026-02-06,202.7,211.44,200.31,210.32,179210900
AMZN,2026-02-09,208.97,212.81,203.35,208.72,91178400
AMZN,2026-02-10,208.8,212.65,206.41,206.96,67175000
AMZN,2026-02-11,208.06,208.57,202.49,204.08,65545500
AMZN,2026-02-12,203.96,203.96,197.56,199.6,83975400
AMZN,2026-02-13,198.88,201.16,197.28,198.79,66321600
AMZN,2026-02-17,198.13,201.74,196.0,201.15,69879200
AMZN,2026-02-18,202.07,206.86,201.51,204.79,51003300
AMZN,2026-02-19,203.8,205.64,202.81,204.86,35669600
AMZN,2026-02-20,204.76,211.17,203.75,210.11,65881600
AMZN,2026-02-23,208.1,208.43,203.11,205.27,53491300
AMZN,2026-02-24,205.47,210.36,203.25,208.56,41137200
AMZN,2026-02-25,210.46,211.59,208.93,210.64,41346400
AMZN,2026-02-26,210.73,211.05,205.35,207.92,47756800
AMZN,2026-02-27,206.83,210.33,205.2,210.0,57422800
AMZN,2026-03-02,204.55,209.73,203.46,208.39,46001000
AMZN,2026-03-03,203.1,209.18,202.48,208.73,43184900
AMZN,2026-03-04,210.47,217.54,210.15,216.82,54286831
AMZN,2026-03-05,215.98,220.47,215.59,218.94,60834400
AMZN,2026-03-06,214.99,217.32,212.53,213.21,51090300
AMZN,2026-03-09,210.45,213.82,207.11,213.49,54483400
AMZN,2026-03-10,214.19,215.65,212.43,214.33,35582400
AMZN,2026-03-11,215.71,217.0,211.35,212.65,34006300
AMZN,2026-03-12,210.33,211.71,208.15,209.53,44067157
AMZN,2026-03-13,209.4,210.56,206.22,207.67,34201623
GOOGL,2022-01-03,143.97,144.76,142.64,143.9,28646000
GOOGL,2022-01-04,144.31,145.39,142.64,143.32,28400000
GOOGL,2022-01-05,143.34,143.42,136.66,136.74,54618000
GOOGL,2022-01-06,135.97,138.89,135.53,136.71,37348000
GOOGL,2022-01-07,137.11,137.41,134.75,135.99,29760000
GOOGL,2022-01-10,134.07,137.78,132.17,137.63,44408000
GOOGL,2022-01-11,136.97,139.16,135.67,138.69,28730000
GOOGL,2022-01-12,140.09,141.54,139.64,140.37,26108000
GOOGL,2022-01-13,140.48,141.78,137.37,137.55,31436000
GOOGL,2022-01-14,136.05,139.69,135.97,138.43,29662000
GOOGL,2022-01-18,135.15,136.1,134.42,134.98,34872000
GOOGL,2022-01-19,135.5,136.92,134.0,134.1,28648000
GOOGL,2022-01-20,135.23,136.59,131.97,132.31,29908000
GOOGL,2022-01-21,131.6,133.85,129.11,129.37,55652000
GOOGL,2022-01-24,125.03,130.22,123.57,129.82,76622000
GOOGL,2022-01-25,127.77,128.43,125.55,125.98,46960000
GOOGL,2022-01-26,130.14,132.0,126.19,128.26,49130000
GOOGL,2022-01-27,130.32,131.66,127.97,128.04,31950000
GOOGL,2022-01-28,128.69,132.36,127.52,132.35,34362000
GOOGL,2022-01-31,133.16,134.46,131.22,134.29,39986000
GOOGL,2022-02-01,136.56,136.76,133.36,136.61,68644000
GOOGL,2022-02-02,150.12,150.41,144.43,146.89,123200000
GOOGL,2022-02-03,144.61,148.55,141.6,142.02,71518000
GOOGL,2022-02-04,142.37,143.79,139.46,142.22,57998000
GOOGL,2022-02-07,143.17,143.17,137.86,138.16,54974000
GOOGL,2022-02-08,137.98,138.95,135.99,138.35,54284000
GOOGL,2022-02-09,139.91,141.46,139.14,140.53,40144000
GOOGL,2022-02-10,138.66,140.42,136.92,137.58,39330000
GOOGL,2022-02-11,137.56,138.11,132.4,133.28,39958000
GOOGL,2022-02-14,132.26,135.28,132.26,134.51,34302000
GOOGL,2022-02-15,136.54,137.07,134.8,135.58,26680000
GOOGL,2022-02-16,135.62,137.05,133.91,136.71,25022000
GOOGL,2022-02-17,135.22,136.09,131.49,131.55,38950000
GOOGL,2022-02-18,132.47,133.06,129.22,129.43,45620000
GOOGL,2022-02-22,128.86,131.19,127.26,128.84,44990000
GOOGL,2022-02-23,130.66,131.06,126.57,126.63,32786000
GOOGL,2022-02-24,124.02,132.0,124.02,131.7,54456000
GOOGL,2022-02-25,132.55,134.26,130.76,133.45,36406000
GOOGL,2022-02-28,132.05,134.73,131.6,134.04,38864000
GOOGL,2022-03-01,133.87,135.23,132.22,133.06,26496000
GOOGL,2022-03-02,133.62,134.25,132.07,133.56,23520000
GOOGL,2022-03-03,134.99,135.42,132.03,132.9,24604000
GOOGL,2022-03-04,131.93,132.85,129.36,130.92,30430000
GOOGL,2022-03-07,130.5,130.75,125.35,125.43,45112000
GOOGL,2022-03-08,125.3,130.27,124.73,126.15,40428000
GOOGL,2022-03-09,130.27,132.73,128.93,132.42,37026000
GOOGL,2022-03-10,130.28,132.27,129.93,131.44,27102000
GOOGL,2022-03-11,132.49,132.79,128.66,128.9,31526000
GOOGL,2022-03-14,129.27,129.43,124.34,125.01,38812000
GOOGL,2022-03-15,126.02,128.88,124.78,128.23,30920000
GOOGL,2022-03-16,129.75,132.33,127.77,132.28,35576000
GOOGL,2022-03-17,132.15,133.08,131.19,132.84,28264000
GOOGL,2022-03-18,132.42,135.22,131.27,135.1,44566000
GOOGL,2022-03-21,135.14,136.02,133.09,135.08,26832000
GOOGL,2022-03-22,135.08,139.99,135.08,138.82,35496000
GOOGL,2022-03-23,137.66,138.54,136.8,137.24,25154000
GOOGL,2022-03-24,138.16,140.56,136.72,140.51,26396000
GOOGL,2022-03-25,140.85,140.97,138.69,140.61,24126000
GOOGL,2022-03-28,139.84,140.94,138.76,140.39,35050000
GOOGL,2022-03-29,141.58,142.72,140.97,141.44,34318000
GOOGL,2022-03-30,141.39,141.65,140.54,140.87,19884000
GOOGL,2022-03-31,140.99,141.04,137.98,138.02,37524000
GOOGL,2022-04-01,138.45,139.42,137.27,139.1,25942000
GOOGL,2022-04-04,139.31,142.63,139.26,141.9,25942000
GOOGL,2022-04-05,141.8,141.92,139.33,139.54,21418000
GOOGL,2022-04-06,137.71,138.32,134.5,135.52,32468000
GOOGL,2022-04-07,134.99,136.14,133.22,134.87,26234000
GOOGL,2022-04-08,134.57,134.65,131.97,132.29,25142000
GOOGL,2022-04-11,130.83,131.1,127.7,127.86,36884000
GOOGL,2022-04-12,130.61,130.61,125.84,126.76,32710000
GOOGL,2022-04-13,127.04,129.36,126.78,128.92,27928000
GOOGL,2022-04-14,129.5,129.5,125.65,125.78,31598000
GOOGL,2022-04-18,126.05,127.25,125.24,126.72,20808000
GOOGL,2022-04-19,126.73,129.36,126.05,129.03,26490000
GOOGL,2022-04-20,129.91,130.41,126.54,127.08,31696000
GOOGL,2022-04-21,128.28,129.12,123.59,123.88,36446000
GOOGL,2022-04-22,124.06,124.46,118.03,118.74,56884000
GOOGL,2022-04-25,118.21,122.35,117.62,122.15,46128000
GOOGL,2022-04-26,121.38,121.59,117.62,117.76,73054000
GOOGL,2022-04-27,113.61,116.36,111.89,113.44,91820000
GOOGL,2022-04-28,115.54,118.75,113.26,117.63,48884000
GOOGL,2022-04-29,115.86,117.04,112.96,113.25,42676000
GOOGL,2022-05-02,112.55,115.87,111.76,115.71,35534000
GOOGL,2022-05-03,115.56,117.55,115.16,116.45,24968000
GOOGL,2022-05-04,116.15,121.93,114.25,121.34,49916000
GOOGL,2022-05-05,119.3,120.13,114.14,115.63,45840000
GOOGL,2022-05-06,114.32,116.69,113.16,114.88,39710000
GOOGL,2022-05-09,112.4,114.21,111.16,111.67,40802000
GOOGL,2022-05-10,114.64,115.38,112.05,113.54,39900000
GOOGL,2022-05-11,112.39,115.49,112.39,112.75,37534000
GOOGL,2022-05-12,110.54,113.44,109.0,112.0,53836000
GOOGL,2022-05-13,113.67,116.99,112.75,115.18,35038000
GOOGL,2022-05-16,114.09,115.3,113.04,113.59,25990000
GOOGL,2022-05-17,115.96,116.02,114.01,115.6,23054000
GOOGL,2022-05-18,114.14,114.53,110.72,111.06,35126000
GOOGL,2022-05-19,110.6,112.16,109.18,109.56,34144000
GOOGL,2022-05-20,111.11,111.34,105.0,108.09,48962000
GOOGL,2022-05-23,108.77,111.31,107.93,110.65,37184000
GOOGL,2022-05-24,104.98,105.66,101.12,105.18,76780000
GOOGL,2022-05-25,104.2,105.7,103.08,105.01,40258000
GOOGL,2022-05-26,104.88,107.83,104.44,106.98,37948000
GOOGL,2022-05-27,108.66,111.48,108.32,111.47,37914000
GOOGL,2022-05-31,111.9,114.87,111.24,112.91,50012000
GOOGL,2022-06-01,113.99,116.22,112.4,113.04,36606000
GOOGL,2022-06-02,113.15,117.02,112.1,116.74,37992000
GOOGL,2022-06-03,115.19,115.45,112.67,113.68,26136000
GOOGL,2022-06-06,115.83,118.45,115.29,115.94,33542000
GOOGL,2022-06-07,114.61,116.81,114.19,116.27,31590000
GOOGL,2022-06-08,115.89,117.68,115.73,116.32,26108000
GOOGL,2022-06-09,115.46,117.41,113.92,113.97,25798000
GOOGL,2022-06-10,111.6,112.43,109.54,110.33,41452000
GOOGL,2022-06-13,105.99,107.98,105.32,105.59,47252000
GOOGL,2022-06-14,105.74,107.12,105.01,105.92,33706000
GOOGL,2022-06-15,107.73,110.59,106.86,108.94,39698000
GOOGL,2022-06-16,106.42,107.83,104.35,105.24,51684000
GOOGL,2022-06-17,105.24,107.88,104.26,106.34,51376000
GOOGL,2022-06-21,108.11,111.65,107.79,110.71,47416000
GOOGL,2022-06-22,109.73,112.5,109.55,110.65,30774000
GOOGL,2022-06-23,111.39,111.9,109.67,111.4,28362000
GOOGL,2022-06-24,112.15,117.19,112.11,117.09,41164000
GOOGL,2022-06-27,117.39,117.69,114.32,114.96,36420000
GOOGL,2022-06-28,114.93,116.43,111.01,111.17,35792000
GOOGL,2022-06-29,110.72,112.31,110.04,110.86,24716000
GOOGL,2022-06-30,109.18,110.06,105.95,108.15,43170000
GOOGL,2022-07-01,107.12,108.43,105.93,107.92,35476000
GOOGL,2022-07-05,106.3,112.53,104.94,112.41,39342000
GOOGL,2022-07-06,112.45,114.72,110.64,113.71,37432000
GOOGL,2022-07-07,114.22,118.3,113.97,117.89,40936000
GOOGL,2022-07-08,116.37,118.79,116.02,118.46,38238000
GOOGL,2022-07-11,117.11,117.11,114.47,114.81,31196000
GOOGL,2022-07-12,115.34,116.1,112.84,113.17,29960000
GOOGL,2022-07-13,110.86,113.34,110.37,110.52,43722000
GOOGL,2022-07-14,109.38,110.26,107.56,109.54,37004000
GOOGL,2022-07-15,111.16,112.29,110.07,110.94,46770000
GOOGL,2022-07-18,111.8,112.83,107.56,108.21,43164600
GOOGL,2022-07-19,110.02,113.16,108.74,112.96,36530900
GOOGL,2022-07-20,112.32,114.53,111.64,113.05,35600400
GOOGL,2022-07-21,113.42,113.69,110.28,113.48,32676200
GOOGL,2022-07-22,110.17,111.5,105.7,107.09,48901200
GOOGL,2022-07-25,107.6,109.05,105.5,106.7,34690900
GOOGL,2022-07-26,105.8,106.4,103.29,104.23,47991000
GOOGL,2022-07-27,108.44,113.06,107.2,112.21,59858500
GOOGL,2022-07-28,111.53,113.48,110.62,113.36,32816600
GOOGL,2022-07-29,112.23,115.83,112.21,115.45,37223400
GOOGL,2022-08-01,114.44,115.84,113.48,114.0,26034300
GOOGL,2022-08-02,113.15,115.48,112.87,114.27,20236000
GOOGL,2022-08-03,114.84,117.73,114.61,117.19,28499000
GOOGL,2022-08-04,116.6,117.89,116.01,117.3,21602900
GOOGL,2022-08-05,115.36,117.22,115.13,116.59,19159500
GOOGL,2022-08-08,117.5,119.25,116.0,116.42,19138300
GOOGL,2022-08-09,116.26,116.44,114.84,115.76,19086500
GOOGL,2022-08-10,117.89,120.01,117.52,118.8,30930400
GOOGL,2022-08-11,120.37,120.58,117.67,117.95,24293700
GOOGL,2022-08-12,119.36,120.77,118.56,120.77,19096300
GOOGL,2022-08-15,120.22,121.38,119.71,121.16,19494800
GOOGL,2022-08-16,120.61,121.51,119.74,120.79,19041200
GOOGL,2022-08-17,119.22,120.38,118.48,118.65,22847000
GOOGL,2022-08-18,118.53,119.91,117.83,119.27,17987700
GOOGL,2022-08-19,118.17,118.26,115.88,116.33,21809500
GOOGL,2022-08-22,114.34,114.76,113.0,113.38,21456600
GOOGL,2022-08-23,112.63,114.15,112.58,113.01,15870400
GOOGL,2022-08-24,112.65,113.92,112.02,112.84,17734600
GOOGL,2022-08-25,113.38,115.84,113.25,115.78,16956800
GOOGL,2022-08-26,113.86,114.26,109.36,109.51,37245700
GOOGL,2022-08-29,109.17,110.12,107.98,108.6,21191200
GOOGL,2022-08-30,109.34,109.67,106.99,108.12,27513300
GOOGL,2022-08-31,109.82,110.02,107.32,107.41,28627000
GOOGL,2022-09-01,107.47,109.62,106.55,108.92,28360900
GOOGL,2022-09-02,109.76,109.91,106.46,107.04,24160700
GOOGL,2022-09-06,106.5,107.22,104.99,106.01,25068300
GOOGL,2022-09-07,106.26,109.16,106.1,108.63,23167000
GOOGL,2022-09-08,107.23,108.78,106.36,107.57,24238300
GOOGL,2022-09-09,108.25,110.16,108.2,109.82,23197700
GOOGL,2022-09-12,110.16,110.78,109.11,110.03,22966800
GOOGL,2022-09-13,106.99,107.49,103.31,103.54,38172900
GOOGL,2022-09-14,103.79,104.49,102.88,104.21,26395100
GOOGL,2022-09-15,103.25,104.48,101.58,102.14,34188300
GOOGL,2022-09-16,101.3,102.36,100.18,102.03,42797200
GOOGL,2022-09-19,100.99,102.56,100.79,102.3,23036800
GOOGL,2022-09-20,101.31,101.6,99.77,100.38,26517100
GOOGL,2022-09-21,100.91,102.11,98.53,98.54,31487300
GOOGL,2022-09-22,98.08,100.48,98.05,99.39,34298600
GOOGL,2022-09-23,98.88,98.91,96.74,98.0,31625400
GOOGL,2022-09-26,97.36,99.13,97.07,97.43,27072700
GOOGL,2022-09-27,98.68,99.25,96.14,96.77,30072800
GOOGL,2022-09-28,96.92,99.94,96.38,99.3,32466300
GOOGL,2022-09-29,97.9,97.9,95.24,96.69,31047200
GOOGL,2022-09-30,96.32,98.16,94.84,94.93,32941500
GOOGL,2022-10-03,96.03,98.55,95.8,97.9,27982000
GOOGL,2022-10-04,99.69,101.08,99.63,100.88,28850800
GOOGL,2022-10-05,99.08,101.17,98.06,100.67,22176900
GOOGL,2022-10-06,99.92,102.16,99.84,100.66,22324000
GOOGL,2022-10-07,99.1,99.78,97.56,97.94,27502800
GOOGL,2022-10-10,98.26,98.36,96.28,97.13,18225100
GOOGL,2022-10-11,96.7,98.51,95.59,96.45,26507100
GOOGL,2022-10-12,96.57,98.01,96.01,96.83,21876400
GOOGL,2022-10-13,94.44,99.03,93.67,98.32,34574500
GOOGL,2022-10-14,99.24,99.93,95.65,95.84,25410700
GOOGL,2022-10-17,98.12,100.17,98.09,99.22,28419200
GOOGL,2022-10-18,102.36,102.69,99.22,100.01,24060700
GOOGL,2022-10-19,99.26,100.26,98.18,98.88,23811100
GOOGL,2022-10-20,99.25,101.55,98.64,99.22,25323200
GOOGL,2022-10-21,97.12,100.55,96.99,100.37,32458700
GOOGL,2022-10-24,101.04,101.98,99.23,101.75,27176400
GOOGL,2022-10-25,102.13,104.03,101.95,103.7,40611400
GOOGL,2022-10-26,95.71,97.57,93.98,94.22,88114100
GOOGL,2022-10-27,93.81,94.71,91.11,91.53,60710900
GOOGL,2022-10-28,91.58,95.83,91.44,95.57,43697300
GOOGL,2022-10-31,94.7,95.31,93.28,93.8,31675000
GOOGL,2022-11-01,94.73,95.31,89.69,89.79,47161400
GOOGL,2022-11-02,90.26,90.5,86.23,86.32,57038300
GOOGL,2022-11-03,85.67,85.87,82.72,82.8,61288000
GOOGL,2022-11-04,84.76,85.99,83.08,85.93,51124900
GOOGL,2022-11-07,86.63,88.23,86.2,87.83,34078900
GOOGL,2022-11-08,88.23,89.64,86.93,88.23,30429000
GOOGL,2022-11-09,87.79,88.77,86.63,86.67,31769100
GOOGL,2022-11-10,91.56,93.68,90.92,93.24,51620100
GOOGL,2022-11-11,93.98,96.2,93.22,95.69,33090500
GOOGL,2022-11-14,94.38,96.06,93.8,94.98,30179500
GOOGL,2022-11-15,97.52,99.39,95.98,97.7,41640800
GOOGL,2022-11-16,97.17,98.89,96.91,98.11,29105200
GOOGL,2022-11-17,96.24,98.54,96.06,97.62,26052600
GOOGL,2022-11-18,98.03,98.16,95.65,96.7,28342300
GOOGL,2022-11-21,96.56,97.66,94.64,94.88,21647400
GOOGL,2022-11-22,95.23,96.49,93.34,96.32,23438500
GOOGL,2022-11-23,96.36,98.02,96.36,97.72,18868100
GOOGL,2022-11-25,97.5,97.9,96.67,96.73,9701400
GOOGL,2022-11-28,96.31,96.85,94.89,95.33,26237500
GOOGL,2022-11-29,95.01,95.4,93.4,94.48,20061700
GOOGL,2022-11-30,94.11,100.28,93.71,100.23,43647500
GOOGL,2022-12-01,100.26,101.48,99.5,100.23,28687100
GOOGL,2022-12-02,98.31,100.01,98.16,99.69,21480700
GOOGL,2022-12-05,98.65,100.62,98.26,98.73,24405100
GOOGL,2022-12-06,98.56,99.03,95.7,96.25,24910700
GOOGL,2022-12-07,95.69,96.15,94.01,94.23,31045400
GOOGL,2022-12-08,94.66,94.86,92.75,93.01,32213300
GOOGL,2022-12-09,93.07,93.55,92.05,92.13,28225400
GOOGL,2022-12-12,92.01,92.86,90.92,92.61,29420000
GOOGL,2022-12-13,97.03,98.78,94.32,94.91,40593700
GOOGL,2022-12-14,94.49,96.14,92.9,94.36,28733600
GOOGL,2022-12-15,92.43,92.94,89.34,90.18,40107000
GOOGL,2022-12-16,90.08,90.65,88.85,89.58,58011800
GOOGL,2022-12-19,89.58,89.88,87.55,87.78,29493000
GOOGL,2022-12-20,87.45,88.51,86.78,88.35,23453800
GOOGL,2022-12-21,88.41,89.54,87.66,88.91,24745600
GOOGL,2022-12-22,87.5,87.88,85.67,87.1,27658300
GOOGL,2022-12-23,86.46,88.88,86.42,88.56,23003000
GOOGL,2022-12-27,88.13,88.27,86.36,86.73,20097300
GOOGL,2022-12-28,86.33,87.38,85.3,85.37,19523200
GOOGL,2022-12-29,85.97,88.18,85.96,87.79,23333500
GOOGL,2022-12-30,86.33,87.64,85.92,87.57,23986300
GOOGL,2023-01-03,88.92,90.37,87.86,88.45,28131200
GOOGL,2023-01-04,89.67,89.97,86.62,87.42,34854800
GOOGL,2023-01-05,86.81,86.91,85.26,85.55,27194400
GOOGL,2023-01-06,86.14,87.03,84.22,86.69,41381500
GOOGL,2023-01-09,87.7,89.37,87.2,87.36,29003900
GOOGL,2023-01-10,85.34,88.01,85.19,87.76,30467800
GOOGL,2023-01-11,88.51,90.91,88.34,90.83,26862000
GOOGL,2023-01-12,90.79,91.18,89.08,90.45,30258100
GOOGL,2023-01-13,90.17,91.5,89.45,91.43,26329200
GOOGL,2023-01-17,91.37,91.56,89.37,90.61,32602400
GOOGL,2023-01-18,91.45,92.1,89.96,90.44,29116700
GOOGL,2023-01-19,90.04,92.91,89.95,92.35,37000400
GOOGL,2023-01-20,94.39,97.56,94.31,97.28,63191100
GOOGL,2023-01-23,97.22,99.29,96.77,99.04,40005100
GOOGL,2023-01-24,97.36,98.86,96.47,96.97,33078500
GOOGL,2023-01-25,94.85,95.44,93.06,94.51,42330000
GOOGL,2023-01-26,95.78,96.84,94.66,96.79,30114000
GOOGL,2023-01-27,96.58,99.57,96.58,98.62,33879800
GOOGL,2023-01-30,96.75,97.55,95.68,96.21,27226200
GOOGL,2023-01-31,96.14,98.14,96.09,98.1,29870700
GOOGL,2023-02-01,97.97,100.43,96.85,99.68,35531100
GOOGL,2023-02-02,105.01,107.04,104.82,106.93,69883800
GOOGL,2023-02-03,102.16,107.0,101.81,103.99,65309300
GOOGL,2023-02-06,101.63,103.58,101.12,102.13,31999600
GOOGL,2023-02-07,102.45,107.37,102.35,106.83,49010200
GOOGL,2023-02-08,101.28,102.37,97.3,98.62,94743500
GOOGL,2023-02-09,99.25,99.28,92.93,94.3,119455000
GOOGL,2023-02-10,94.73,96.02,93.54,93.86,54980700
GOOGL,2023-02-13,94.03,94.49,93.14,93.9,50076100
GOOGL,2023-02-14,93.72,94.14,91.57,93.97,54726100
GOOGL,2023-02-15,93.78,96.39,93.44,96.21,50169000
GOOGL,2023-02-16,94.65,96.95,94.03,94.79,42462600
GOOGL,2023-02-17,94.14,94.84,92.51,93.64,34284100
GOOGL,2023-02-21,92.3,92.4,91.03,91.1,33629300
GOOGL,2023-02-22,91.01,91.42,89.93,90.96,30884000
GOOGL,2023-02-23,91.23,91.25,89.09,90.21,41206400
GOOGL,2023-02-24,88.77,89.22,87.92,88.46,36585100
GOOGL,2023-02-27,89.2,89.48,88.67,89.2,27502300
GOOGL,2023-02-28,88.66,90.55,88.65,89.38,30142000
GOOGL,2023-03-01,89.31,90.35,89.0,89.68,31111200
GOOGL,2023-03-02,88.99,91.59,88.92,91.31,32204400
GOOGL,2023-03-03,91.79,93.03,91.76,92.95,35160100
GOOGL,2023-03-06,93.31,95.25,93.3,94.42,32639300
GOOGL,2023-03-07,94.27,94.95,92.83,93.16,27835500
GOOGL,2023-03-08,93.41,95.24,93.3,93.54,34103300
GOOGL,2023-03-09,93.34,94.81,91.21,91.63,28813500
GOOGL,2023-03-10,91.48,92.09,89.72,89.95,35941000
GOOGL,2023-03-13,89.41,91.88,88.75,90.43,37335600
GOOGL,2023-03-14,91.87,93.65,91.75,93.27,36050200
GOOGL,2023-03-15,92.52,96.2,91.95,95.39,50622100
GOOGL,2023-03-16,95.48,100.43,94.78,99.57,65492000
GOOGL,2023-03-17,99.51,102.07,99.35,100.86,61028500
GOOGL,2023-03-20,99.37,100.99,99.12,100.46,32960400
GOOGL,2023-03-21,100.49,104.31,100.46,104.13,42110300
GOOGL,2023-03-22,103.49,105.79,102.56,102.59,43427400
GOOGL,2023-03-23,104.27,105.5,103.68,104.81,40797800
GOOGL,2023-03-24,104.2,104.7,103.06,104.65,30393300
GOOGL,2023-03-27,103.84,103.97,101.17,101.69,31120900
GOOGL,2023-03-28,101.67,101.68,98.99,100.27,32057900
GOOGL,2023-03-29,101.51,101.72,99.9,100.63,28779600
GOOGL,2023-03-30,100.15,100.4,99.03,100.13,33086200
GOOGL,2023-03-31,100.54,103.11,100.28,102.95,36863400
GOOGL,2023-04-03,101.62,103.75,101.17,103.58,25035400
GOOGL,2023-04-04,103.55,104.79,103.26,103.93,24420100
GOOGL,2023-04-05,104.99,105.3,102.88,103.69,28290500
GOOGL,2023-04-06,104.47,108.35,103.55,107.61,48711500
GOOGL,2023-04-10,106.18,106.78,104.33,105.64,27067400
GOOGL,2023-04-11,105.75,105.93,103.9,104.56,26311800
GOOGL,2023-04-12,105.78,105.95,103.56,103.86,24370300
GOOGL,2023-04-13,105.05,106.68,105.05,106.62,24843600
GOOGL,2023-04-14,106.09,108.12,106.04,108.05,26578000
GOOGL,2023-04-17,103.88,105.36,103.74,105.18,37571200
GOOGL,2023-04-18,105.69,105.74,103.29,103.72,26596400
GOOGL,2023-04-19,102.8,104.19,102.3,103.4,20905700
GOOGL,2023-04-20,103.13,105.45,103.09,104.5,27820800
GOOGL,2023-04-21,104.68,105.21,103.99,104.62,25800100
GOOGL,2023-04-24,104.7,105.83,103.91,105.18,23542800
GOOGL,2023-04-25,105.04,105.89,103.06,103.07,46664100
GOOGL,2023-04-26,104.13,105.55,101.86,102.93,53347600
GOOGL,2023-04-27,103.67,107.56,102.76,106.78,50089200
GOOGL,2023-04-28,106.24,106.54,104.3,106.54,36139800
GOOGL,2023-05-01,106.04,107.18,106.02,106.4,26681700
GOOGL,2023-05-02,106.34,106.4,102.93,104.53,30997200
GOOGL,2023-05-03,104.74,106.68,104.17,104.62,21795400
GOOGL,2023-05-04,104.7,104.81,103.19,103.9,23419500
GOOGL,2023-05-05,104.03,105.09,103.33,104.78,26639300
GOOGL,2023-05-08,104.39,107.15,104.37,106.96,26511400
GOOGL,2023-05-09,107.58,109.32,106.39,106.54,36360100
GOOGL,2023-05-10,107.16,112.09,107.12,110.91,63153400
GOOGL,2023-05-11,114.53,117.04,113.55,115.7,78900000
GOOGL,2023-05-12,115.81,117.14,115.24,116.63,41102300
GOOGL,2023-05-15,115.24,117.59,115.14,115.64,36266800
GOOGL,2023-05-16,115.62,119.84,115.56,118.61,45035600
GOOGL,2023-05-17,118.71,120.76,118.0,119.93,33323600
GOOGL,2023-05-18,120.04,122.39,119.92,121.91,35234200
GOOGL,2023-05-19,122.62,125.03,121.23,121.84,41353400
GOOGL,2023-05-22,122.02,125.48,121.82,124.11,35253000
GOOGL,2023-05-23,123.23,123.7,121.29,121.64,34046300
GOOGL,2023-05-24,120.21,121.0,118.96,119.99,34182600
GOOGL,2023-05-25,123.59,124.38,121.05,122.55,42317000
GOOGL,2023-05-26,122.25,124.32,121.53,123.68,35635900
GOOGL,2023-05-30,124.7,124.72,121.09,122.74,35076700
GOOGL,2023-05-31,121.83,123.13,121.58,121.95,37325800
GOOGL,2023-06-01,121.9,123.49,121.7,122.79,30772700
GOOGL,2023-06-02,123.06,125.2,122.83,123.74,26980100
GOOGL,2023-06-05,123.08,126.47,122.91,125.07,32305500
GOOGL,2023-06-06,125.07,127.33,124.42,126.36,26638300
GOOGL,2023-06-07,126.02,128.07,121.2,121.58,52539000
GOOGL,2023-06-08,121.31,122.31,120.33,121.22,29389200
GOOGL,2023-06-09,121.33,122.83,121.0,121.31,23778300
GOOGL,2023-06-12,121.87,123.12,120.75,122.71,28306400
GOOGL,2023-06-13,124.04,124.22,122.26,122.9,22278300
GOOGL,2023-06-14,122.18,123.12,120.54,122.74,30592300
GOOGL,2023-06-15,122.22,124.52,121.48,124.15,35246300
GOOGL,2023-06-16,124.99,125.16,122.36,122.6,45535600
GOOGL,2023-06-20,122.01,123.64,121.22,122.18,26097500
GOOGL,2023-06-21,121.48,121.74,119.2,119.65,30306300
GOOGL,2023-06-22,119.1,122.32,117.94,122.23,26952200
GOOGL,2023-06-23,120.47,121.87,120.15,121.42,34913600
GOOGL,2023-06-26,119.85,121.09,117.38,117.45,33969900
GOOGL,2023-06-27,116.2,118.19,115.23,117.44,39535900
GOOGL,2023-06-28,116.21,119.49,115.97,119.28,27091400
GOOGL,2023-06-29,118.35,119.16,117.41,118.21,24090900
GOOGL,2023-06-30,119.27,120.17,118.79,118.8,29532200
GOOGL,2023-07-03,118.35,119.29,117.93,119.0,14467900
GOOGL,2023-07-05,118.35,121.69,118.34,120.84,27584800
GOOGL,2023-07-06,118.9,119.4,117.51,119.21,24745200
GOOGL,2023-07-07,119.2,120.14,118.5,118.58,21709500
GOOGL,2023-07-10,117.41,117.42,115.27,115.58,35315200
GOOGL,2023-07-11,115.42,116.83,114.48,116.26,23078800
GOOGL,2023-07-12,117.91,119.43,117.52,118.04,30404400
GOOGL,2023-07-13,120.02,123.89,119.55,123.61,44297900
GOOGL,2023-07-14,123.86,125.83,122.56,124.48,33283100
GOOGL,2023-07-17,125.0,126.15,123.27,123.72,25716200
GOOGL,2023-07-18,123.67,123.75,122.04,122.83,26193600
GOOGL,2023-07-19,123.67,124.24,120.89,121.11,37224000
GOOGL,2023-07-20,120.51,123.16,117.33,118.31,37906800
GOOGL,2023-07-21,119.72,120.08,117.84,119.12,72937900
GOOGL,2023-07-24,120.75,122.08,120.07,120.62,29686100
GOOGL,2023-07-25,120.45,122.23,120.11,121.29,52509600
GOOGL,2023-07-26,129.09,130.0,127.36,128.3,61682100
GOOGL,2023-07-27,130.68,132.24,127.82,128.43,44952100
GOOGL,2023-07-28,129.8,132.74,129.59,131.59,36591200
GOOGL,2023-07-31,131.73,132.53,130.79,131.72,28055500
GOOGL,2023-08-01,129.8,131.64,129.7,130.56,23166800
GOOGL,2023-08-02,128.48,129.11,126.6,127.42,26273300
GOOGL,2023-08-03,127.01,128.42,126.46,127.49,20089500
GOOGL,2023-08-04,128.31,130.52,126.95,127.15,26147200
GOOGL,2023-08-07,128.19,130.62,128.05,130.54,22746300
GOOGL,2023-08-08,129.64,130.52,128.57,130.41,23535200
GOOGL,2023-08-09,130.67,131.05,128.03,128.69,24912900
GOOGL,2023-08-10,130.34,131.06,128.48,128.72,20857800
GOOGL,2023-08-11,127.7,128.96,127.21,128.59,19591100
GOOGL,2023-08-14,128.42,130.38,127.99,130.35,24695600
GOOGL,2023-08-15,130.12,130.43,128.31,128.81,19770700
GOOGL,2023-08-16,127.73,129.3,126.91,127.73,25216100
GOOGL,2023-08-17,128.83,131.0,128.32,128.95,33446300
GOOGL,2023-08-18,127.55,128.28,125.43,126.5,30504800
GOOGL,2023-08-21,126.23,127.76,125.61,127.41,25248700
GOOGL,2023-08-22,127.55,129.3,127.36,128.11,22054900
GOOGL,2023-08-23,129.2,132.41,128.9,131.38,27819700
GOOGL,2023-08-24,132.95,133.24,128.6,128.81,28500700
GOOGL,2023-08-25,128.57,129.78,126.3,128.91,26762900
GOOGL,2023-08-28,130.33,131.55,129.16,130.03,20543300
GOOGL,2023-08-29,131.25,135.55,131.25,133.56,43075600
GOOGL,2023-08-30,133.77,135.26,133.06,134.86,28315800
GOOGL,2023-08-31,134.99,136.97,134.77,135.15,30053800
GOOGL,2023-09-01,136.43,136.43,133.84,134.64,21543700
GOOGL,2023-09-05,134.42,135.4,133.57,134.75,19403100
GOOGL,2023-09-06,135.0,135.51,132.67,133.45,18684500
GOOGL,2023-09-07,132.59,134.56,131.95,134.25,18844300
GOOGL,2023-09-08,133.9,135.64,133.84,135.36,23558300
GOOGL,2023-09-11,135.52,136.45,134.77,135.89,20763400
GOOGL,2023-09-12,135.24,135.84,134.18,134.33,18405500
GOOGL,2023-09-13,134.08,135.87,133.14,135.68,20749500
GOOGL,2023-09-14,136.57,137.66,135.22,137.06,24751000
GOOGL,2023-09-15,136.95,137.48,135.46,136.37,38919600
GOOGL,2023-09-18,135.59,138.12,135.59,137.17,21861300
GOOGL,2023-09-19,136.39,137.37,135.6,137.0,20353700
GOOGL,2023-09-20,137.04,137.04,132.62,132.74,29927500
GOOGL,2023-09-21,130.45,131.24,129.09,129.46,31503900
GOOGL,2023-09-22,129.78,131.04,128.63,129.27,26397300
GOOGL,2023-09-25,128.86,130.19,127.99,130.13,20094600
GOOGL,2023-09-26,128.8,129.38,126.27,127.61,25718700
GOOGL,2023-09-27,127.61,129.92,127.61,129.56,22746500
GOOGL,2023-09-28,128.87,132.3,128.82,131.32,22513100
GOOGL,2023-09-29,132.28,133.04,129.38,129.88,30859800
GOOGL,2023-10-02,130.23,133.41,130.19,133.16,22288000
GOOGL,2023-10-03,132.94,133.25,130.85,131.44,22989400
GOOGL,2023-10-04,131.79,134.55,131.54,134.23,26752300
GOOGL,2023-10-05,134.06,134.47,132.45,134.06,19832600
GOOGL,2023-10-06,133.01,137.12,133.01,136.55,27597600
GOOGL,2023-10-09,135.91,137.9,134.59,137.38,19278100
GOOGL,2023-10-10,137.46,138.67,136.3,137.02,27786600
GOOGL,2023-10-11,137.54,140.05,137.54,139.5,25884300
GOOGL,2023-10-12,139.99,140.16,137.22,137.93,24765500
GOOGL,2023-10-13,138.33,138.95,135.6,136.33,23420500
GOOGL,2023-10-16,137.13,138.58,136.96,138.06,28501900
GOOGL,2023-10-17,137.59,138.85,136.15,138.67,23515800
GOOGL,2023-10-18,138.4,139.66,136.35,136.93,23375000
GOOGL,2023-10-19,137.46,138.61,136.35,136.72,26066000
GOOGL,2023-10-20,136.3,136.84,134.07,134.58,26335700
GOOGL,2023-10-23,134.03,136.63,132.95,135.48,26317900
GOOGL,2023-10-24,136.8,138.31,136.39,137.77,44814300
GOOGL,2023-10-25,127.2,127.35,124.13,124.67,84366200
GOOGL,2023-10-26,122.35,123.4,120.36,121.36,57061100
GOOGL,2023-10-27,121.96,122.39,119.31,121.25,44566500
GOOGL,2023-10-30,122.29,124.46,121.83,123.53,28940100
GOOGL,2023-10-31,124.12,124.43,121.77,123.15,26292300
GOOGL,2023-11-01,123.14,125.54,122.79,125.5,30082400
GOOGL,2023-11-02,127.46,128.01,125.98,126.53,27124600
GOOGL,2023-11-03,127.06,128.56,126.9,128.13,26393100
GOOGL,2023-11-06,128.08,129.36,127.71,129.27,19052700
GOOGL,2023-11-07,129.73,130.92,128.91,129.99,29757300
GOOGL,2023-11-08,129.99,131.22,129.8,130.85,26425800
GOOGL,2023-11-09,130.97,131.56,129.09,129.26,23747800
GOOGL,2023-11-10,129.12,131.8,128.44,131.6,26913300
GOOGL,2023-11-13,130.79,131.6,130.27,131.1,18324800
GOOGL,2023-11-14,133.18,134.68,132.32,132.62,32395200
GOOGL,2023-11-15,133.86,134.02,132.57,133.61,23861500
GOOGL,2023-11-16,134.18,136.19,133.31,135.9,28013200
GOOGL,2023-11-17,134.98,135.04,132.65,134.3,37240600
GOOGL,2023-11-20,132.69,135.64,132.62,135.23,27815500
GOOGL,2023-11-21,135.27,136.15,134.94,135.94,22635300
GOOGL,2023-11-22,136.44,138.37,136.44,137.45,17813900
GOOGL,2023-11-24,136.99,137.09,134.97,135.66,12514300
GOOGL,2023-11-27,135.01,137.38,134.98,135.39,23436500
GOOGL,2023-11-28,135.06,136.22,134.4,136.17,18730000
GOOGL,2023-11-29,136.54,137.25,133.83,133.98,23967200
GOOGL,2023-11-30,134.04,134.53,130.3,131.54,38988300
GOOGL,2023-12-01,130.87,131.12,129.69,130.87,31442300
GOOGL,2023-12-04,128.91,129.05,126.94,128.3,36669900
GOOGL,2023-12-05,127.98,131.15,127.29,130.01,27384800
GOOGL,2023-12-06,130.45,130.85,128.91,129.04,23576200
GOOGL,2023-12-07,134.03,137.52,133.69,135.9,56767100
GOOGL,2023-12-08,133.19,135.38,133.02,133.98,32260100
GOOGL,2023-12-11,131.39,132.34,130.37,132.29,31138000
GOOGL,2023-12-12,130.82,132.0,130.28,131.53,29032800
GOOGL,2023-12-13,132.38,132.5,130.58,131.58,30104800
GOOGL,2023-12-14,132.38,132.72,128.72,130.95,38722400
GOOGL,2023-12-15,130.63,132.51,130.2,131.61,50847100
GOOGL,2023-12-18,131.64,136.12,131.44,134.78,32258000
GOOGL,2023-12-19,135.81,136.44,135.06,135.63,25476800
GOOGL,2023-12-20,137.93,140.64,137.03,137.3,49107200
GOOGL,2023-12-21,138.44,139.63,138.14,139.37,27488300
GOOGL,2023-12-22,139.71,140.93,139.65,140.43,26532200
GOOGL,2023-12-26,140.53,141.61,140.13,140.46,16780300
GOOGL,2023-12-27,140.53,141.01,138.84,139.32,19628600
GOOGL,2023-12-28,139.72,140.08,138.7,139.18,16045700
GOOGL,2023-12-29,138.58,139.31,137.74,138.64,18733000
GOOGL,2024-01-02,137.51,138.4,135.46,137.13,23711200
GOOGL,2024-01-03,136.22,138.58,136.05,137.88,24212100
GOOGL,2024-01-04,137.38,138.12,135.33,135.37,27137700
GOOGL,2024-01-05,135.72,136.13,134.14,134.71,22513900
GOOGL,2024-01-08,135.27,137.97,135.24,137.8,21404000
GOOGL,2024-01-09,137.46,140.43,137.11,139.89,24759600
GOOGL,2024-01-10,139.94,141.93,139.85,141.21,21320200
GOOGL,2024-01-11,142.41,144.13,139.59,141.01,24008700
GOOGL,2024-01-12,141.6,142.13,140.76,141.58,18785500
GOOGL,2024-01-16,140.94,143.27,140.39,141.42,22670500
GOOGL,2024-01-17,140.29,140.78,137.86,140.41,20968600
GOOGL,2024-01-18,140.98,143.13,140.93,142.4,25746400
GOOGL,2024-01-19,143.65,145.35,143.3,145.28,34271900
GOOGL,2024-01-22,146.0,147.28,144.75,144.9,32200400
GOOGL,2024-01-23,144.8,146.08,144.41,145.94,21636100
GOOGL,2024-01-24,147.43,148.73,146.99,147.58,25233500
GOOGL,2024-01-25,148.94,151.9,148.42,150.73,29149100
GOOGL,2024-01-26,149.97,151.4,149.88,151.05,26115500
GOOGL,2024-01-29,150.92,152.63,150.29,152.36,27784300
GOOGL,2024-01-30,151.65,152.47,150.06,150.32,36331800
GOOGL,2024-01-31,142.54,142.92,138.82,139.05,71910000
GOOGL,2024-02-01,141.05,141.99,139.73,140.1,40466500
GOOGL,2024-02-02,138.22,141.55,135.48,141.31,62499600
GOOGL,2024-02-05,141.75,144.38,141.71,142.6,38505400
GOOGL,2024-02-06,143.57,144.27,142.12,143.02,29128200
GOOGL,2024-02-07,143.67,144.53,142.85,144.45,25208900
GOOGL,2024-02-08,144.74,145.23,144.01,144.82,22563800
GOOGL,2024-02-09,145.58,148.32,145.08,147.88,26829500
GOOGL,2024-02-12,147.31,148.22,146.26,146.42,21564100
GOOGL,2024-02-13,143.83,145.57,142.61,144.05,27837700
GOOGL,2024-02-14,144.98,145.42,143.01,144.85,22704200
GOOGL,2024-02-15,142.07,142.44,139.41,141.7,37590700
GOOGL,2024-02-16,141.92,142.12,139.09,139.47,31468900
GOOGL,2024-02-20,138.61,141.01,138.44,140.06,25144700
GOOGL,2024-02-21,140.39,141.62,139.63,141.48,23223300
GOOGL,2024-02-22,143.84,143.91,141.73,143.01,27191900
GOOGL,2024-02-23,142.59,143.6,142.35,142.88,19493800
GOOGL,2024-02-26,141.07,141.37,136.36,136.54,53641800
GOOGL,2024-02-27,136.98,138.21,136.06,137.84,33099200
GOOGL,2024-02-28,136.87,136.98,134.39,135.36,37328600
GOOGL,2024-02-29,136.25,137.82,135.38,137.42,42133000
GOOGL,2024-03-01,137.39,137.83,135.89,136.11,31151100
GOOGL,2024-03-04,134.64,134.64,130.92,132.35,55999400
GOOGL,2024-03-05,130.89,132.24,129.69,131.68,40194800
GOOGL,2024-03-06,132.12,132.58,129.87,130.41,35318600
GOOGL,2024-03-07,131.79,133.93,130.62,133.37,37738200
GOOGL,2024-03-08,133.2,137.05,133.0,134.39,39370400
GOOGL,2024-03-11,135.11,138.06,135.11,136.64,32437800
GOOGL,2024-03-12,136.0,138.33,136.0,137.46,27563400
GOOGL,2024-03-13,137.96,140.03,137.95,138.74,23347200
GOOGL,2024-03-14,140.13,142.51,139.41,142.03,42753400
GOOGL,2024-03-15,141.43,142.11,138.98,140.12,49475400
GOOGL,2024-03-18,147.5,151.01,146.07,146.57,69273700
GOOGL,2024-03-19,147.05,147.67,144.98,145.93,24070400
GOOGL,2024-03-20,146.89,147.74,145.64,147.62,21311500
GOOGL,2024-03-21,148.35,149.24,145.8,146.49,24755600
GOOGL,2024-03-22,148.0,150.44,147.86,149.64,29211800
GOOGL,2024-03-25,148.82,149.25,146.71,148.94,19229300
GOOGL,2024-03-26,149.09,151.12,148.86,149.54,22149100
GOOGL,2024-03-27,150.05,150.5,147.78,149.74,22879200
GOOGL,2024-03-28,149.72,150.29,149.04,149.8,24485400
GOOGL,2024-04-01,149.56,154.57,149.48,154.32,31730800
GOOGL,2024-04-02,152.35,153.54,151.01,153.4,24586000
GOOGL,2024-04-03,152.45,153.92,151.58,153.76,24705000
GOOGL,2024-04-04,152.35,153.61,149.32,149.4,34724700
GOOGL,2024-04-05,148.9,152.27,148.48,151.36,23459200
GOOGL,2024-04-08,151.63,154.11,151.47,153.69,20702000
GOOGL,2024-04-09,154.92,157.37,154.03,155.43,31079500
GOOGL,2024-04-10,155.04,155.44,153.52,154.97,22838600
GOOGL,2024-04-11,155.73,158.48,155.29,158.21,27166400
GOOGL,2024-04-12,156.78,159.02,155.96,156.55,25353700
GOOGL,2024-04-15,157.67,158.05,153.43,153.7,27136500
GOOGL,2024-04-16,153.03,154.48,152.28,153.24,20779500
GOOGL,2024-04-17,154.45,155.9,153.42,154.3,21763100
GOOGL,2024-04-18,154.18,155.76,153.46,154.84,19883000
GOOGL,2024-04-19,155.03,155.19,151.16,152.93,32615600
GOOGL,2024-04-22,153.15,156.46,152.9,155.11,26446200
GOOGL,2024-04-23,155.78,157.78,155.11,157.07,21151600
GOOGL,2024-04-24,156.31,158.37,155.99,157.94,22779100
GOOGL,2024-04-25,150.2,155.32,149.74,154.83,57109700
GOOGL,2024-04-26,173.06,173.4,168.38,170.66,64665300
GOOGL,2024-04-29,167.79,168.28,163.97,164.9,45610000
GOOGL,2024-04-30,164.37,166.84,161.38,161.56,33562900
GOOGL,2024-05-01,163.07,165.87,161.87,162.63,33493200
GOOGL,2024-05-02,163.55,165.48,162.66,165.37,24294500
GOOGL,2024-05-03,166.3,166.7,161.83,165.99,34662400
GOOGL,2024-05-06,166.2,166.88,164.78,166.84,21871300
GOOGL,2024-05-07,167.24,170.47,167.13,169.97,28039700
GOOGL,2024-05-08,167.73,168.87,167.47,168.11,19569100
GOOGL,2024-05-09,168.12,169.41,166.92,168.69,15346700
GOOGL,2024-05-10,166.77,168.58,164.94,167.39,29799900
GOOGL,2024-05-13,163.03,168.01,162.77,167.87,31327600
GOOGL,2024-05-14,168.5,169.97,167.53,169.06,25127100
GOOGL,2024-05-15,169.35,171.36,169.23,171.22,26948400
GOOGL,2024-05-16,171.99,173.81,171.39,172.87,27867900
GOOGL,2024-05-17,172.87,174.95,172.39,174.74,24479300
GOOGL,2024-05-20,174.87,177.43,174.76,175.59,22554400
GOOGL,2024-05-21,175.57,176.81,174.49,176.52,16989400
GOOGL,2024-05-22,175.32,175.82,173.9,175.06,17880000
GOOGL,2024-05-23,175.74,176.91,171.65,172.25,21024900
GOOGL,2024-05-24,173.67,174.45,172.35,173.68,16579400
GOOGL,2024-05-28,173.14,175.94,173.06,175.08,20572200
GOOGL,2024-05-29,174.11,175.51,173.41,174.58,23388700
GOOGL,2024-05-30,173.89,173.91,170.5,170.82,22931500
GOOGL,2024-05-31,170.57,171.76,168.17,171.21,37638900
GOOGL,2024-06-03,171.25,173.22,169.88,171.87,27459100
GOOGL,2024-06-04,171.98,172.55,170.6,172.49,26879600
GOOGL,2024-06-05,173.89,175.33,172.63,174.09,22068500
GOOGL,2024-06-06,174.58,175.82,174.43,175.4,23251000
GOOGL,2024-06-07,175.72,176.54,172.99,173.15,19661400
GOOGL,2024-06-10,173.86,175.93,171.66,173.9,23726700
GOOGL,2024-06-11,175.1,175.72,172.66,175.5,21540600
GOOGL,2024-06-12,177.12,179.26,174.99,176.66,27864700
GOOGL,2024-06-13,174.99,175.62,173.77,174.05,20913300
GOOGL,2024-06-14,173.11,175.93,173.04,175.67,18063600
GOOGL,2024-06-17,174.34,177.23,173.7,176.11,19618500
GOOGL,2024-06-18,176.01,176.26,172.99,173.98,21869900
GOOGL,2024-06-20,174.25,176.16,173.88,175.18,20160100
GOOGL,2024-06-21,175.87,179.7,175.49,178.49,57759000
GOOGL,2024-06-24,179.01,179.74,177.53,178.08,18298000
GOOGL,2024-06-25,178.48,183.12,178.28,182.86,23130200
GOOGL,2024-06-26,181.47,183.34,181.32,182.71,19839000
GOOGL,2024-06-27,183.01,184.87,182.85,184.23,18848900
GOOGL,2024-06-28,183.15,183.95,180.8,180.99,29156600
GOOGL,2024-07-01,181.87,182.71,180.15,181.83,16006100
GOOGL,2024-07-02,180.89,184.39,180.41,184.06,17372500
GOOGL,2024-07-03,183.67,184.91,182.83,184.64,10242100
GOOGL,2024-07-05,184.68,189.65,184.62,189.39,20967500
GOOGL,2024-07-08,188.69,188.96,186.59,187.83,21035900
GOOGL,2024-07-09,189.1,190.14,187.52,187.78,15121400
GOOGL,2024-07-10,187.95,190.53,187.83,189.96,15952500
GOOGL,2024-07-11,188.64,189.65,183.9,184.39,25625800
GOOGL,2024-07-12,183.9,185.92,183.32,183.89,22898400
GOOGL,2024-07-15,183.74,187.04,183.74,185.34,16474000
GOOGL,2024-07-16,186.17,187.48,182.2,182.75,18290700
GOOGL,2024-07-17,181.81,182.38,178.76,179.87,20734100
GOOGL,2024-07-18,180.77,181.34,175.35,176.56,25315700
GOOGL,2024-07-19,177.74,179.14,176.0,176.53,18881900
GOOGL,2024-07-22,179.44,181.54,179.08,180.51,24100300
GOOGL,2024-07-23,180.89,182.44,180.39,180.63,36352700
GOOGL,2024-07-24,172.5,175.07,170.73,171.53,49585200
GOOGL,2024-07-25,171.42,172.32,166.13,166.22,44852000
GOOGL,2024-07-26,166.09,167.02,163.02,165.94,41336900
GOOGL,2024-07-29,167.76,169.35,166.92,168.45,20293800
GOOGL,2024-07-30,169.16,170.14,167.37,169.21,18959700
GOOGL,2024-07-31,172.14,173.14,168.93,170.45,25729100
GOOGL,2024-08-01,169.17,172.94,167.81,169.67,24531400
GOOGL,2024-08-02,165.38,167.44,163.62,165.6,29130100
GOOGL,2024-08-05,154.51,163.38,153.94,158.24,53630700
GOOGL,2024-08-06,158.32,159.55,155.42,157.28,49004600
GOOGL,2024-08-07,160.22,161.94,157.46,157.93,25138600
GOOGL,2024-08-08,159.49,162.65,159.19,161.0,25578800
GOOGL,2024-08-09,158.99,162.75,158.05,162.63,28602300
GOOGL,2024-08-12,163.3,163.85,160.81,161.26,15895300
GOOGL,2024-08-13,162.37,163.68,161.93,163.12,18551700
GOOGL,2024-08-14,161.37,162.18,156.71,159.35,40591100
GOOGL,2024-08-15,159.48,160.61,158.59,160.27,31524300
GOOGL,2024-08-16,160.44,164.01,160.11,161.92,24208600
GOOGL,2024-08-19,164.23,165.63,163.22,165.61,22416200
GOOGL,2024-08-20,165.84,167.57,165.76,166.12,18341500
GOOGL,2024-08-21,164.1,165.79,163.62,164.8,22902000
GOOGL,2024-08-22,166.2,166.52,162.27,162.76,22493300
GOOGL,2024-08-23,163.67,165.12,162.79,164.57,13955700
GOOGL,2024-08-26,165.32,166.48,163.41,165.1,14190400
GOOGL,2024-08-27,164.79,165.38,163.41,163.63,11821900
GOOGL,2024-08-28,163.99,164.55,160.5,161.81,16407400
GOOGL,2024-08-29,163.26,164.91,159.23,160.75,19699800
GOOGL,2024-08-30,161.59,162.62,160.66,162.34,22123800
GOOGL,2024-09-03,160.69,160.82,155.48,156.36,38945300
GOOGL,2024-09-04,155.66,157.99,154.97,155.45,19353800
GOOGL,2024-09-05,155.31,158.44,154.99,156.24,18688700
GOOGL,2024-09-06,156.3,156.83,149.59,149.96,37912100
GOOGL,2024-09-09,151.74,152.63,146.48,147.96,39260500
GOOGL,2024-09-10,149.69,150.51,147.59,147.91,31118800
GOOGL,2024-09-11,149.16,150.74,146.78,150.4,29607700
GOOGL,2024-09-12,153.02,154.04,151.88,153.91,29621500
GOOGL,2024-09-13,154.65,157.58,154.43,156.67,29591200
GOOGL,2024-09-16,156.52,157.45,155.81,157.26,18379800
GOOGL,2024-09-17,158.22,159.74,157.58,158.52,20715600
GOOGL,2024-09-18,159.05,159.69,157.8,159.0,23677300
GOOGL,2024-09-19,162.88,162.96,160.53,161.32,26587700
GOOGL,2024-09-20,162.68,162.9,161.24,162.77,40896400
GOOGL,2024-09-23,163.52,164.66,160.85,161.03,24150900
GOOGL,2024-09-24,162.21,162.4,159.88,161.47,23332100
GOOGL,2024-09-25,160.66,161.99,160.49,160.68,18869200
GOOGL,2024-09-26,162.82,163.25,161.46,161.91,20319300
GOOGL,2024-09-27,161.99,164.86,161.81,163.12,21101300
GOOGL,2024-09-30,162.5,165.31,162.44,165.01,20413900
GOOGL,2024-10-01,166.84,168.31,163.75,166.15,28338100
GOOGL,2024-10-02,165.58,166.68,163.9,165.02,17760200
GOOGL,2024-10-03,163.58,165.8,163.09,165.02,15073100
GOOGL,2024-10-04,167.21,167.38,164.65,166.22,19047400
GOOGL,2024-10-07,166.87,167.63,161.93,162.16,22463100
GOOGL,2024-10-08,163.11,163.9,162.05,163.55,23072700
GOOGL,2024-10-09,162.63,164.01,158.93,161.04,31181800
GOOGL,2024-10-10,160.06,162.25,159.59,161.26,14144100
GOOGL,2024-10-11,161.31,163.07,160.43,162.42,15344300
GOOGL,2024-10-14,162.82,165.39,162.58,164.13,19016100
GOOGL,2024-10-15,164.95,166.83,163.8,164.63,20247200
GOOGL,2024-10-16,163.7,164.96,162.91,164.33,16406000
GOOGL,2024-10-17,164.89,165.53,161.94,162.11,21453400
GOOGL,2024-10-18,162.37,163.88,162.26,162.6,19757700
GOOGL,2024-10-21,162.13,163.67,161.8,163.24,20946500
GOOGL,2024-10-22,162.16,164.93,162.16,164.31,16568100
GOOGL,2024-10-23,163.93,164.98,161.11,161.96,18280500
GOOGL,2024-10-24,162.01,162.51,160.2,161.9,22412500
GOOGL,2024-10-25,162.84,164.76,162.6,164.44,19828900
GOOGL,2024-10-28,167.9,167.9,163.12,165.88,32138600
GOOGL,2024-10-29,166.88,169.52,166.25,168.82,42169000
GOOGL,2024-10-30,179.77,181.1,173.18,173.58,68890800
GOOGL,2024-10-31,172.26,175.93,170.14,170.25,44769000
GOOGL,2024-11-01,169.21,171.45,168.03,170.43,31796500
GOOGL,2024-11-04,169.07,169.87,167.16,168.39,21492700
GOOGL,2024-11-05,168.58,169.67,167.99,168.88,18242100
GOOGL,2024-11-06,172.92,176.05,172.63,175.62,33695500
GOOGL,2024-11-07,176.52,180.17,176.3,179.84,25352900
GOOGL,2024-11-08,179.74,179.99,177.18,177.45,22006200
GOOGL,2024-11-11,177.68,179.64,177.57,179.44,17450400
GOOGL,2024-11-12,178.91,181.57,178.49,180.7,25134900
GOOGL,2024-11-13,179.55,180.05,177.64,177.98,23184000
GOOGL,2024-11-14,177.38,177.92,173.44,174.69,31007500
GOOGL,2024-11-15,172.85,173.26,170.36,171.62,32504600
GOOGL,2024-11-18,172.55,174.56,172.03,174.42,20135300
GOOGL,2024-11-19,172.84,177.97,172.69,177.22,23434900
GOOGL,2024-11-20,176.45,176.78,172.9,175.09,18997100
GOOGL,2024-11-21,173.02,173.25,162.87,166.78,59734400
GOOGL,2024-11-22,165.01,165.62,163.07,163.93,38604600
GOOGL,2024-11-25,165.25,167.78,164.78,166.8,33135300
GOOGL,2024-11-26,166.78,168.96,166.74,168.27,20486700
GOOGL,2024-11-27,168.15,168.63,167.17,168.38,19266500
GOOGL,2024-11-29,167.65,168.58,166.32,168.1,14257200
GOOGL,2024-12-02,167.92,171.21,167.72,170.63,23789100
GOOGL,2024-12-03,170.63,171.81,169.99,170.48,22248700
GOOGL,2024-12-04,170.29,174.03,170.2,173.49,31615100
GOOGL,2024-12-05,174.48,175.17,171.46,171.77,21356200
GOOGL,2024-12-06,171.16,174.2,170.99,173.83,21462400
GOOGL,2024-12-09,173.28,175.57,172.97,174.69,25389600
GOOGL,2024-12-10,182.14,185.63,180.34,184.45,54813000
GOOGL,2024-12-11,184.59,194.85,184.13,194.64,67894100
GOOGL,2024-12-12,194.24,194.42,190.96,191.21,34817500
GOOGL,2024-12-13,190.26,191.98,188.9,189.08,25143500
GOOGL,2024-12-16,192.12,198.22,191.87,195.89,44934900
GOOGL,2024-12-17,196.48,200.63,194.22,194.66,43504000
GOOGL,2024-12-18,194.46,196.23,187.01,187.67,34166100
GOOGL,2024-12-19,190.88,192.28,187.65,187.77,32265200
GOOGL,2024-12-20,185.06,192.14,184.5,190.66,63462900
GOOGL,2024-12-23,191.87,194.34,189.41,193.87,25675000
GOOGL,2024-12-24,194.08,195.34,193.02,195.34,10403300
GOOGL,2024-12-26,194.39,195.98,193.62,194.84,12046600
GOOGL,2024-12-27,194.19,194.56,189.91,192.01,18891400
GOOGL,2024-12-30,189.06,191.8,188.38,190.49,14264700
GOOGL,2024-12-31,190.33,191.21,187.77,188.56,17466900
GOOGL,2025-01-02,189.91,191.25,186.77,188.69,20370800
GOOGL,2025-01-03,190.62,192.46,189.24,191.04,18596200
GOOGL,2025-01-06,193.22,197.45,193.09,196.1,29563600
GOOGL,2025-01-07,196.34,200.22,193.84,194.73,26487200
GOOGL,2025-01-08,191.82,195.52,191.63,193.19,24864800
GOOGL,2025-01-10,193.54,195.75,189.57,191.29,26665200
GOOGL,2025-01-13,189.33,190.43,186.63,190.26,21823700
GOOGL,2025-01-14,190.49,191.23,187.58,188.92,17174900
GOOGL,2025-01-15,192.34,195.59,191.11,194.79,21776000
GOOGL,2025-01-16,193.38,194.72,192.06,192.16,17815400
GOOGL,2025-01-17,195.76,196.46,192.99,195.24,27735100
GOOGL,2025-01-21,198.29,201.5,197.1,197.28,29971300
GOOGL,2025-01-22,198.28,199.7,196.76,197.6,26200600
GOOGL,2025-01-23,197.37,199.52,194.44,197.21,26951400
GOOGL,2025-01-24,197.33,200.12,197.23,199.43,23877500
GOOGL,2025-01-27,191.66,196.11,189.99,191.06,41728900
GOOGL,2025-01-28,192.0,194.72,189.94,194.54,24157900
GOOGL,2025-01-29,194.8,196.02,192.68,194.65,18218300
GOOGL,2025-01-30,197.23,200.61,196.9,200.09,24354700
GOOGL,2025-01-31,201.21,204.68,201.01,203.22,32001100
GOOGL,2025-02-03,199.91,202.96,199.32,200.44,27838300
GOOGL,2025-02-04,202.6,206.24,202.02,205.57,43856400
GOOGL,2025-02-05,190.32,192.0,187.3,190.58,70373900
GOOGL,2025-02-06,188.76,191.35,187.98,190.85,29297400
GOOGL,2025-02-07,190.3,190.43,182.53,184.62,49315000
GOOGL,2025-02-10,186.62,187.47,185.13,185.74,23105600
GOOGL,2025-02-11,184.31,186.21,183.56,184.6,21239500
GOOGL,2025-02-12,182.51,184.39,181.12,182.89,22072600
GOOGL,2025-02-13,183.6,185.55,182.43,185.41,21402500
GOOGL,2025-02-14,184.34,185.67,183.6,184.51,20448400
GOOGL,2025-02-18,184.88,185.23,181.03,183.05,29916700
GOOGL,2025-02-19,183.35,184.74,182.87,184.55,19549400
GOOGL,2025-02-20,184.08,184.59,182.01,183.84,20441500
GOOGL,2025-02-21,184.43,184.62,178.38,178.96,35199200
GOOGL,2025-02-24,181.28,182.41,178.19,178.55,29854200
GOOGL,2025-02-25,177.35,178.04,174.01,174.74,41913400
GOOGL,2025-02-26,174.39,175.39,170.91,172.06,35431300
GOOGL,2025-02-27,173.31,173.88,167.28,167.84,39991000
GOOGL,2025-02-28,168.02,169.94,166.12,169.62,48130600
GOOGL,2025-03-03,171.26,172.69,165.28,166.36,40770500
GOOGL,2025-03-04,165.59,172.61,165.15,170.25,45388000
GOOGL,2025-03-05,169.85,173.1,168.4,172.35,30954900
GOOGL,2025-03-06,169.86,174.13,169.83,171.68,28302000
GOOGL,2025-03-07,170.59,174.29,169.61,173.18,27385800
GOOGL,2025-03-10,167.8,168.0,163.24,165.41,43604000
GOOGL,2025-03-11,164.46,166.29,160.93,163.59,39587400
GOOGL,2025-03-12,166.12,167.18,163.08,166.65,28372400
GOOGL,2025-03-13,165.58,165.67,161.66,162.31,31756200
GOOGL,2025-03-14,162.82,166.03,162.0,165.03,31995900
GOOGL,2025-03-17,164.58,165.84,163.22,163.84,31184300
GOOGL,2025-03-18,163.23,163.8,156.29,160.23,42074800
GOOGL,2025-03-19,161.31,165.41,160.56,163.44,34275600
GOOGL,2025-03-20,161.13,164.44,160.52,162.35,28138500
GOOGL,2025-03-21,160.77,163.79,160.45,163.54,36625800
GOOGL,2025-03-24,166.61,167.86,164.69,167.22,30879100
GOOGL,2025-03-25,168.51,170.16,167.86,170.09,24174400
GOOGL,2025-03-26,168.53,169.14,164.39,164.61,28901600
GOOGL,2025-03-27,164.18,164.96,161.55,161.79,24508300
GOOGL,2025-03-28,160.05,161.37,153.21,153.9,48669300
GOOGL,2025-03-31,152.69,155.11,150.25,154.21,54603500
GOOGL,2025-04-01,153.2,157.66,153.2,156.64,30672900
GOOGL,2025-04-02,154.72,157.97,154.27,156.61,25041700
GOOGL,2025-04-03,150.69,152.36,149.98,150.3,46883400
GOOGL,2025-04-04,147.6,150.65,144.98,145.2,62259500
GOOGL,2025-04-07,141.16,152.43,140.14,146.35,76794100
GOOGL,2025-04-08,150.8,151.82,142.64,144.3,52200200
GOOGL,2025-04-09,144.02,159.11,143.51,158.27,70406200
GOOGL,2025-04-10,156.11,157.29,149.52,152.4,48022000
GOOGL,2025-04-11,152.48,157.24,152.4,156.71,33636200
GOOGL,2025-04-14,159.56,161.27,157.13,158.63,30333000
GOOGL,2025-04-15,158.69,159.21,154.78,155.88,27551500
GOOGL,2025-04-16,152.68,155.46,151.09,152.91,28187400
GOOGL,2025-04-17,153.87,154.25,148.09,150.74,33046600
GOOGL,2025-04-21,148.47,148.54,145.7,147.26,26049100
GOOGL,2025-04-22,148.48,151.77,148.13,151.05,26971800
GOOGL,2025-04-23,155.18,157.1,153.39,154.92,31128800
GOOGL,2025-04-24,155.72,159.15,155.36,158.84,45894000
GOOGL,2025-04-25,164.62,165.64,160.6,161.51,56034000
GOOGL,2025-04-28,161.98,162.7,158.16,160.17,29745800
GOOGL,2025-04-29,159.88,160.3,157.09,159.72,26809000
GOOGL,2025-04-30,157.54,158.83,154.97,158.36,34981100
GOOGL,2025-05-01,160.01,161.5,158.47,160.86,30203200
GOOGL,2025-05-02,162.96,164.52,161.42,163.58,25715000
GOOGL,2025-05-05,162.55,164.93,162.27,163.76,21341800
GOOGL,2025-05-06,161.72,164.35,160.75,162.78,21277200
GOOGL,2025-05-07,163.63,164.55,147.43,150.96,127490100
GOOGL,2025-05-08,154.57,155.5,152.48,153.86,57498700
GOOGL,2025-05-09,153.75,154.62,151.78,152.33,32435300
GOOGL,2025-05-12,157.06,158.66,155.82,158.02,44138800
GOOGL,2025-05-13,158.35,160.13,155.73,159.09,42382100
GOOGL,2025-05-14,159.52,166.54,159.17,164.91,48755900
GOOGL,2025-05-15,165.38,165.75,161.92,163.51,33146700
GOOGL,2025-05-16,167.27,168.88,165.16,165.73,42846900
GOOGL,2025-05-19,164.06,166.18,163.77,166.08,30426100
GOOGL,2025-05-20,165.97,168.04,162.45,163.53,46607700
GOOGL,2025-05-21,163.24,172.66,163.11,168.1,73416000
GOOGL,2025-05-22,171.38,176.28,170.24,170.4,74864400
GOOGL,2025-05-23,168.59,169.49,167.43,168.01,35211400
GOOGL,2025-05-27,169.69,172.69,169.53,172.42,37995700
GOOGL,2025-05-28,172.68,174.79,171.44,171.89,34784000
GOOGL,2025-05-29,173.52,173.94,170.16,171.39,29317300
GOOGL,2025-05-30,170.88,171.74,166.98,171.27,52639900
GOOGL,2025-06-02,167.38,169.4,166.93,168.56,38612300
GOOGL,2025-06-03,167.03,168.02,164.82,165.72,45084900
GOOGL,2025-06-04,166.28,167.76,165.9,167.59,26900800
GOOGL,2025-06-05,169.87,170.46,167.13,167.75,36379100
GOOGL,2025-06-06,170.36,174.02,170.36,173.2,35731800
GOOGL,2025-06-09,174.27,176.2,174.1,175.82,28935900
GOOGL,2025-06-10,175.93,180.83,174.64,178.32,61766100
GOOGL,2025-06-11,179.49,180.09,176.48,177.08,31646800
GOOGL,2025-06-12,175.91,176.45,174.48,175.43,20941900
GOOGL,2025-06-13,172.17,176.86,172.12,174.4,27663100
GOOGL,2025-06-16,174.46,176.67,174.38,176.5,27389200
GOOGL,2025-06-17,175.43,177.09,174.31,175.68,24973000
GOOGL,2025-06-18,175.74,176.29,172.93,173.05,28707500
GOOGL,2025-06-20,173.68,174.07,165.2,166.38,75659900
GOOGL,2025-06-23,166.01,167.08,161.75,164.93,57671000
GOOGL,2025-06-24,166.66,167.96,165.87,166.51,40524300
GOOGL,2025-06-25,167.37,172.09,167.29,170.42,35479000
GOOGL,2025-06-26,172.16,173.42,169.68,173.27,31796700
GOOGL,2025-06-27,173.27,178.4,171.46,178.25,108140200
GOOGL,2025-06-30,180.5,180.95,174.31,175.96,63378900
GOOGL,2025-07-01,175.47,175.82,173.26,175.57,35904500
GOOGL,2025-07-02,175.27,178.58,174.8,178.36,29128900
GOOGL,2025-07-03,178.22,179.39,176.78,179.25,21689700
GOOGL,2025-07-07,178.78,179.02,175.41,176.52,34175600
GOOGL,2025-07-08,177.57,177.67,172.54,174.09,40442500
GOOGL,2025-07-09,174.98,179.16,172.5,176.35,43025600
GOOGL,2025-07-10,175.36,178.15,174.11,177.35,29252400
GOOGL,2025-07-11,176.52,181.15,176.21,179.91,34282900
GOOGL,2025-07-14,180.73,183.39,179.4,181.28,32536600
GOOGL,2025-07-15,182.53,183.94,181.32,181.72,33448300
GOOGL,2025-07-16,182.96,184.04,181.75,182.69,33104200
GOOGL,2025-07-17,181.86,183.78,180.2,183.3,31992600
GOOGL,2025-07-18,185.11,186.13,183.43,184.77,34014500
GOOGL,2025-07-21,185.96,190.0,185.86,189.81,45803100
GOOGL,2025-07-22,191.2,191.35,187.17,191.04,44660200
GOOGL,2025-07-23,191.2,192.23,188.89,189.94,58681900
GOOGL,2025-07-24,196.73,197.64,190.7,191.87,74881700
GOOGL,2025-07-25,191.68,194.03,190.96,192.88,39785900
GOOGL,2025-07-28,193.35,193.75,190.54,192.28,38139500
GOOGL,2025-07-29,192.13,195.62,191.78,195.45,41389200
GOOGL,2025-07-30,195.3,197.29,194.39,196.23,32445400
GOOGL,2025-07-31,195.41,195.69,190.79,191.6,51329200
GOOGL,2025-08-01,188.74,190.53,187.53,188.84,34832200
GOOGL,2025-08-04,190.0,194.97,189.83,194.74,31547400
GOOGL,2025-08-05,194.41,197.55,193.59,194.37,31602300
GOOGL,2025-08-06,194.2,196.33,193.37,195.79,21562900
GOOGL,2025-08-07,196.76,197.23,194.03,196.22,26321800
GOOGL,2025-08-08,196.91,202.3,196.87,201.11,39161800
GOOGL,2025-08-11,200.63,201.17,198.76,200.69,25832400
GOOGL,2025-08-12,201.06,204.18,200.28,203.03,30397900
GOOGL,2025-08-13,203.81,204.21,197.2,201.65,28342900
GOOGL,2025-08-14,201.19,204.12,200.92,202.63,25230400
GOOGL,2025-08-15,203.53,206.12,200.97,203.58,34931400
GOOGL,2025-08-18,203.88,204.95,202.18,203.19,18526600
GOOGL,2025-08-19,202.72,203.13,199.65,201.26,24240200
GOOGL,2025-08-20,200.42,200.97,196.3,199.01,28955500
GOOGL,2025-08-21,199.44,202.17,199.12,199.44,19774600
GOOGL,2025-08-22,202.42,208.22,200.99,205.77,42827000
GOOGL,2025-08-25,206.11,210.19,204.96,208.17,29928900
GOOGL,2025-08-26,207.19,207.53,205.38,206.82,28464100
GOOGL,2025-08-27,205.38,208.59,205.33,207.16,23022900
GOOGL,2025-08-28,206.93,211.89,206.58,211.31,32339300
GOOGL,2025-08-29,210.18,214.32,209.87,212.58,39728400
GOOGL,2025-09-02,208.12,211.35,205.88,211.02,47523000
GOOGL,2025-09-03,225.86,230.95,224.44,230.3,103336100
GOOGL,2025-09-04,229.29,232.01,225.76,231.94,51684200
GOOGL,2025-09-05,231.84,235.4,231.54,234.64,46588900
GOOGL,2025-09-08,235.32,237.97,233.52,233.89,32474700
GOOGL,2025-09-09,234.02,240.31,233.08,239.47,38061000
GOOGL,2025-09-10,238.74,241.5,237.69,239.01,35141100
GOOGL,2025-09-11,239.72,242.09,236.1,240.21,30599300
GOOGL,2025-09-12,240.21,241.92,237.84,240.64,26771600
GOOGL,2025-09-15,244.5,252.25,244.5,251.45,58383800
GOOGL,2025-09-16,251.92,252.87,249.31,251.0,34109700
GOOGL,2025-09-17,251.06,251.44,246.12,249.37,34108000
GOOGL,2025-09-18,251.52,253.82,249.64,251.87,31239500
GOOGL,2025-09-19,253.08,255.83,251.65,254.55,55571400
GOOGL,2025-09-22,254.26,255.61,250.14,252.36,32290500
GOOGL,2025-09-23,252.87,254.19,250.32,251.5,26628000
GOOGL,2025-09-24,251.5,252.19,246.28,246.98,28201000
GOOGL,2025-09-25,244.24,246.33,240.58,245.63,31020400
GOOGL,2025-09-26,246.91,249.26,245.81,246.38,18503200
GOOGL,2025-09-29,247.69,250.99,242.61,243.89,32505800
GOOGL,2025-09-30,242.65,243.13,239.09,242.94,34724300
GOOGL,2025-10-01,240.59,246.14,238.45,244.74,31658200
GOOGL,2025-10-02,244.99,246.65,242.14,245.53,25483300
GOOGL,2025-10-03,244.33,246.14,241.5,245.19,30249600
GOOGL,2025-10-06,244.62,251.16,244.42,250.27,28894700
GOOGL,2025-10-07,248.11,250.28,245.36,245.6,23181300
GOOGL,2025-10-08,244.8,245.85,243.66,244.46,21307100
GOOGL,2025-10-09,244.31,244.6,238.99,241.37,27892100
GOOGL,2025-10-10,241.27,243.93,235.69,236.42,33180300
GOOGL,2025-10-13,240.05,244.34,239.55,243.99,24995000
GOOGL,2025-10-14,241.07,246.96,240.35,245.29,22111600
GOOGL,2025-10-15,247.09,251.95,245.83,250.87,27007700
GOOGL,2025-10-16,251.61,256.79,249.94,251.3,27997200
GOOGL,2025-10-17,250.6,254.05,247.65,253.13,29671600
GOOGL,2025-10-20,254.52,257.16,254.06,256.38,22350200
GOOGL,2025-10-21,254.57,254.71,243.99,250.3,47312100
GOOGL,2025-10-22,254.2,256.19,249.13,251.53,35029400
GOOGL,2025-10-23,252.81,254.87,251.69,252.91,19901400
GOOGL,2025-10-24,256.41,261.51,255.15,259.75,28655100
GOOGL,2025-10-27,264.65,269.96,264.11,269.09,35235200
GOOGL,2025-10-28,269.51,270.55,266.33,267.3,29738600
GOOGL,2025-10-29,267.57,275.16,267.5,274.39,43580300
GOOGL,2025-10-30,291.4,291.4,279.88,281.3,74876000
GOOGL,2025-10-31,283.02,285.81,276.85,281.01,39267900
GOOGL,2025-11-03,282.0,285.34,279.62,283.53,29786000
GOOGL,2025-11-04,276.57,281.09,276.08,277.36,30078400
GOOGL,2025-11-05,278.69,286.23,277.16,284.12,31010300
GOOGL,2025-11-06,285.14,288.16,280.96,284.56,37173600
GOOGL,2025-11-07,283.02,283.59,275.01,278.65,34479600
GOOGL,2025-11-10,284.23,290.61,282.68,289.91,29557300
GOOGL,2025-11-11,287.56,291.73,287.13,291.12,19842100
GOOGL,2025-11-12,291.49,291.82,283.5,286.52,24829900
GOOGL,2025-11-13,282.16,282.66,277.06,278.39,29494000
GOOGL,2025-11-14,271.23,278.38,270.52,276.23,31647200
GOOGL,2025-11-17,285.59,293.76,283.38,284.83,52670200
GOOGL,2025-11-18,287.73,288.61,278.02,284.09,49158700
GOOGL,2025-11-19,286.97,303.61,286.44,292.62,68198900
GOOGL,2025-11-20,304.34,306.22,288.48,289.26,62025200
GOOGL,2025-11-21,296.23,303.72,293.66,299.46,74137700
GOOGL,2025-11-24,310.93,319.27,309.4,318.37,85165100
GOOGL,2025-11-25,326.0,328.62,317.44,323.23,88632100
GOOGL,2025-11-26,320.47,324.29,316.58,319.74,51373400
GOOGL,2025-11-28,323.16,326.64,316.58,319.97,26018600
GOOGL,2025-12-01,317.49,319.64,313.68,314.68,41183000
GOOGL,2025-12-02,316.53,318.17,313.7,315.6,35854700
GOOGL,2025-12-03,315.68,321.37,313.89,319.42,41838300
GOOGL,2025-12-04,322.02,322.15,314.49,317.41,31240900
GOOGL,2025-12-05,319.28,322.95,318.96,321.06,28851700
GOOGL,2025-12-08,320.05,320.44,311.22,313.72,33909400
GOOGL,2025-12-09,312.37,317.99,311.9,317.08,30194000
GOOGL,2025-12-10,315.83,321.31,314.68,320.21,33428900
GOOGL,2025-12-11,320.08,321.12,308.6,312.43,42353700
GOOGL,2025-12-12,313.7,314.87,305.56,309.29,35940200
GOOGL,2025-12-15,311.32,311.42,304.88,308.22,29151900
GOOGL,2025-12-16,304.95,310.77,302.59,306.57,30585000
GOOGL,2025-12-17,308.01,308.09,296.12,296.72,43930400
GOOGL,2025-12-18,301.72,303.96,299.23,302.46,33518000
GOOGL,2025-12-19,301.73,307.25,300.97,307.16,59943200
GOOGL,2025-12-22,309.88,310.13,305.3,309.78,26429900
GOOGL,2025-12-23,309.63,314.94,309.32,314.35,25478700
GOOGL,2025-12-24,314.77,315.08,311.92,314.09,10097400
GOOGL,2025-12-26,314.48,315.09,312.28,313.51,10899000
GOOGL,2025-12-29,311.37,314.02,310.62,313.56,19621800
GOOGL,2025-12-30,312.5,316.95,312.46,313.85,17380900
GOOGL,2025-12-31,312.85,314.58,311.44,313.0,16377700
GOOGL,2026-01-02,316.9,322.5,310.33,315.15,32009400
GOOGL,2026-01-05,317.66,319.02,314.63,316.54,30195600
GOOGL,2026-01-06,316.4,320.94,311.78,314.34,31212100
GOOGL,2026-01-07,314.36,326.15,314.19,321.98,35104400
GOOGL,2026-01-08,328.97,330.32,321.5,325.44,31896100
GOOGL,2026-01-09,327.09,330.83,325.8,328.57,26214200
GOOGL,2026-01-12,325.8,334.04,325.0,331.86,33923900
GOOGL,2026-01-13,334.95,340.49,333.62,335.97,33517600
GOOGL,2026-01-14,335.06,336.52,330.48,335.84,28525600
GOOGL,2026-01-15,337.65,337.69,330.74,332.78,28442400
GOOGL,2026-01-16,334.41,334.65,327.7,330.0,40341600
GOOGL,2026-01-20,320.87,327.73,320.43,322.0,35361000
GOOGL,2026-01-21,320.92,332.48,319.35,328.38,35386600
GOOGL,2026-01-22,334.45,335.15,328.75,330.54,26253600
GOOGL,2026-01-23,332.49,333.69,327.45,327.93,27280000
GOOGL,2026-01-26,327.81,335.84,327.0,333.26,26042100
GOOGL,2026-01-27,335.37,337.91,333.48,334.55,21636200
GOOGL,2026-01-28,336.06,337.54,331.94,336.01,27434400
GOOGL,2026-01-29,340.3,342.29,326.54,338.25,39785600
GOOGL,2026-01-30,340.0,340.0,332.29,338.0,31024000
GOOGL,2026-02-02,336.22,344.83,335.63,343.69,32006100
GOOGL,2026-02-03,347.34,349.0,337.47,339.71,36506700
GOOGL,2026-02-04,342.96,343.31,328.52,333.04,70618400
GOOGL,2026-02-05,312.22,332.69,306.46,331.25,88205800
GOOGL,2026-02-06,327.18,330.38,319.92,322.86,56380500
GOOGL,2026-02-09,320.93,327.7,317.26,324.32,39640100
GOOGL,2026-02-10,320.97,321.67,314.61,318.58,39170000
GOOGL,2026-02-11,318.97,321.06,309.66,310.96,45406400
GOOGL,2026-02-12,312.09,316.24,307.2,309.0,47761300
GOOGL,2026-02-13,307.73,308.63,303.71,305.72,38499700
GOOGL,2026-02-17,300.04,304.44,296.25,302.02,39247600
GOOGL,2026-02-18,302.09,305.38,301.25,303.33,28482100
GOOGL,2026-02-19,301.82,305.47,300.04,302.85,25834400
GOOGL,2026-02-20,304.32,316.5,303.9,314.98,53210800
GOOGL,2026-02-23,319.05,319.52,309.87,311.49,31384900
GOOGL,2026-02-24,310.52,312.27,305.93,310.9,25615600
GOOGL,2026-02-25,312.06,313.64,309.44,312.9,29963600
GOOGL,2026-02-26,312.64,313.14,302.35,307.38,36431200
GOOGL,2026-02-27,304.14,312.37,303.8,311.76,44640600
GOOGL,2026-03-02,303.23,308.49,301.3,306.52,34790200
GOOGL,2026-03-03,298.59,303.94,296.71,303.58,35497000
GOOGL,2026-03-04,302.89,305.46,300.75,303.13,29310644
GOOGL,2026-03-05,303.04,303.3,297.99,300.88,35693600
GOOGL,2026-03-06,296.09,300.53,295.18,298.52,25546200
GOOGL,2026-03-09,294.36,306.8,294.08,306.36,29263400
GOOGL,2026-03-10,306.17,309.51,305.57,307.04,23208800
GOOGL,2026-03-11,306.75,311.42,305.92,308.7,24048500
GOOGL,2026-03-12,306.85,308.94,301.04,303.55,24717197
GOOGL,2026-03-13,307.18,307.61,300.44,302.28,23640054
META,2022-01-03,335.95,338.71,334.85,336.19,14537900
META,2022-01-04,337.59,340.71,329.57,334.2,15998000
META,2022-01-05,330.71,333.43,321.59,321.92,20564500
META,2022-01-06,320.58,336.82,320.48,330.15,27962800
META,2022-01-07,330.43,334.66,326.6,329.49,14722000
META,2022-01-10,323.05,326.06,313.24,325.79,24942400
META,2022-01-11,324.51,332.31,323.02,332.05,16226800
META,2022-01-12,332.85,334.04,327.74,330.95,14104900
META,2022-01-13,332.66,333.3,323.5,324.22,14797100
META,2022-01-14,319.56,330.42,318.98,329.6,16868500
META,2022-01-18,321.05,321.96,315.44,315.94,22645600
META,2022-01-19,317.36,324.83,317.11,317.37,20814700
META,2022-01-20,321.65,325.55,313.79,314.36,16925000
META,2022-01-21,312.63,316.1,300.94,301.07,28710700
META,2022-01-24,295.77,307.38,287.01,306.57,38878100
META,2022-01-25,297.87,304.11,295.52,298.07,25108500
META,2022-01-26,304.88,305.38,288.83,292.59,28348800
META,2022-01-27,295.68,299.62,292.22,292.6,21629900
META,2022-01-28,293.57,299.81,291.0,299.62,21871600
META,2022-01-31,298.59,311.61,297.24,311.09,21579500
META,2022-02-01,312.38,317.44,309.95,316.79,18023800
META,2022-02-02,325.55,325.72,314.67,320.76,58458300
META,2022-02-03,242.95,246.28,234.11,236.11,188119900
META,2022-02-04,233.34,240.93,228.51,235.45,89342200
META,2022-02-07,236.05,236.65,222.46,223.35,88613800
META,2022-02-08,219.32,224.2,214.65,218.65,94729700
META,2022-02-09,222.64,231.75,220.67,230.39,86563300
META,2022-02-10,226.69,233.37,225.13,226.49,49310400
META,2022-02-11,226.88,228.82,217.25,218.03,46156900
META,2022-02-14,217.79,219.47,213.29,216.19,38184000
META,2022-02-15,218.94,219.62,213.57,219.47,42685500
META,2022-02-16,210.94,215.95,210.89,215.04,45817500
META,2022-02-17,212.54,215.99,205.72,206.27,38747500
META,2022-02-18,207.94,209.29,203.76,204.73,37128400
META,2022-02-22,200.94,206.04,198.67,200.68,39852400
META,2022-02-23,202.74,205.5,196.68,197.07,44481400
META,2022-02-24,189.73,206.9,188.9,206.16,49957200
META,2022-02-25,203.52,209.85,201.77,209.02,37627600
META,2022-02-28,206.24,211.67,205.4,209.57,34239800
META,2022-03-01,208.41,210.28,200.82,202.08,27094900
META,2022-03-02,203.36,207.7,200.62,206.67,29452100
META,2022-03-03,207.57,207.63,200.02,201.56,27263500
META,2022-03-04,200.97,204.46,197.41,198.67,32130900
META,2022-03-07,199.4,199.5,185.98,186.17,38560600
META,2022-03-08,186.55,195.34,184.82,188.97,37508100
META,2022-03-09,194.38,197.72,192.57,197.12,31894700
META,2022-03-10,193.49,194.92,189.74,193.86,24853000
META,2022-03-11,191.3,192.22,185.38,186.31,34694500
META,2022-03-14,185.73,190.96,184.53,185.34,31010500
META,2022-03-15,189.48,190.95,184.62,190.7,31721700
META,2022-03-16,193.35,202.32,193.17,202.22,40640300
META,2022-03-17,200.3,206.6,199.71,206.4,29499700
META,2022-03-18,205.27,215.3,204.57,214.99,52128000
META,2022-03-21,213.01,213.22,206.19,210.02,30142300
META,2022-03-22,209.9,217.94,208.72,215.15,31998800
META,2022-03-23,211.85,215.3,210.69,211.98,23717300
META,2022-03-24,213.51,219.14,213.3,218.05,31502300
META,2022-03-25,218.98,223.94,217.37,220.28,40039000
META,2022-03-28,220.59,222.49,218.02,222.04,26224100
META,2022-03-29,224.5,229.29,223.73,228.27,31417900
META,2022-03-30,227.32,229.55,225.14,226.27,25588000
META,2022-03-31,226.87,226.91,220.72,220.82,24192300
META,2022-04-01,222.99,225.7,221.16,223.29,19544800
META,2022-04-04,224.41,232.72,224.29,232.27,28054800
META,2022-04-05,232.46,235.22,229.42,230.23,29727200
META,2022-04-06,225.34,227.4,219.87,221.75,28995100
META,2022-04-07,222.38,223.96,217.04,221.4,21037200
META,2022-04-08,220.84,223.57,218.5,220.79,18375700
META,2022-04-11,216.9,219.08,213.73,214.96,20516600
META,2022-04-12,218.71,220.49,211.65,212.65,20128800
META,2022-04-13,210.35,215.11,209.86,213.5,19231800
META,2022-04-14,213.4,213.5,208.54,208.72,18379500
META,2022-04-18,208.54,211.9,206.86,209.31,16580800
META,2022-04-19,209.06,216.91,207.55,215.8,20089900
META,2022-04-20,212.13,212.67,197.54,199.03,43036500
META,2022-04-21,200.2,201.56,184.29,186.77,49954100
META,2022-04-22,189.05,191.38,182.0,182.83,36426800
META,2022-04-25,181.46,185.88,180.4,185.69,29281100
META,2022-04-26,185.34,185.89,178.25,179.69,31747400
META,2022-04-27,173.22,179.95,167.83,173.74,71062900
META,2022-04-28,201.51,207.08,191.56,204.3,100890600
META,2022-04-29,203.04,211.01,198.51,199.08,49193400
META,2022-05-02,199.77,210.41,199.6,209.67,49915300
META,2022-05-03,208.99,213.41,206.65,210.56,41556300
META,2022-05-04,209.19,222.74,205.52,221.86,41375900
META,2022-05-05,217.22,218.64,204.73,206.84,41129200
META,2022-05-06,205.9,207.93,199.63,202.36,34747200
META,2022-05-09,198.45,201.16,194.22,194.85,36303200
META,2022-05-10,198.13,201.55,192.84,196.28,34452500
META,2022-05-11,194.97,199.28,186.96,187.43,31153400
META,2022-05-12,185.76,196.68,183.5,189.91,38262200
META,2022-05-13,191.24,198.5,189.95,197.24,24549800
META,2022-05-16,195.68,203.95,194.57,198.65,27112600
META,2022-05-17,200.72,204.03,196.98,201.21,24872700
META,2022-05-18,198.61,199.61,190.3,190.91,23960000
META,2022-05-19,189.87,193.94,188.28,189.96,24446900
META,2022-05-20,193.62,196.54,186.57,192.2,31465600
META,2022-05-23,193.84,195.62,189.91,194.87,25059200
META,2022-05-24,179.3,182.41,174.89,180.02,50406300
META,2022-05-25,179.15,184.16,178.08,182.55,28030200
META,2022-05-26,181.61,191.49,181.0,190.3,23056500
META,2022-05-27,190.03,193.98,188.48,193.78,22562700
META,2022-05-31,193.54,196.23,190.68,192.3,26131100
META,2022-06-01,195.15,198.15,183.72,187.33,36623500
META,2022-06-02,187.14,199.55,186.43,197.48,31951600
META,2022-06-03,194.62,195.25,188.46,189.46,19465000
META,2022-06-06,192.64,195.55,187.09,192.9,30574200
META,2022-06-07,190.6,195.17,190.16,194.29,18828700
META,2022-06-08,193.32,200.63,193.06,195.28,22267200
META,2022-06-09,192.93,198.07,182.41,182.72,23501600
META,2022-06-10,181.77,181.83,173.81,174.35,27450800
META,2022-06-13,169.41,171.38,162.89,163.12,31749300
META,2022-06-14,164.88,165.59,160.24,162.59,27244300
META,2022-06-15,166.04,170.97,162.84,168.18,30008300
META,2022-06-16,162.58,163.93,158.5,159.75,26944100
META,2022-06-17,160.56,164.75,158.79,162.6,31374200
META,2022-06-21,164.78,166.6,154.89,155.96,50724900
META,2022-06-22,157.28,159.67,154.36,154.77,47267800
META,2022-06-23,155.19,158.64,153.18,157.65,40499200
META,2022-06-24,160.61,169.07,160.18,168.98,68736000
META,2022-06-27,170.13,170.56,166.84,168.31,29174600
META,2022-06-28,168.72,170.11,159.5,159.57,27744500
META,2022-06-29,162.44,165.18,159.21,162.8,28595200
META,2022-06-30,161.03,164.08,157.39,160.13,35250600
META,2022-07-01,159.2,159.51,153.92,158.92,31423900
META,2022-07-05,157.04,167.08,155.93,167.02,28618600
META,2022-07-06,167.03,170.4,164.31,168.59,23085900
META,2022-07-07,168.27,171.52,166.62,171.0,24083400
META,2022-07-08,168.8,171.2,166.98,169.69,19249200
META,2022-07-11,165.91,166.33,160.79,161.75,21885600
META,2022-07-12,163.66,164.76,160.98,162.14,16639700
META,2022-07-13,159.05,163.84,158.5,162.36,16555100
META,2022-07-14,160.1,161.46,156.19,156.95,23765200
META,2022-07-15,159.43,163.84,158.71,163.56,23342800
META,2022-07-18,165.59,170.5,164.49,166.07,23574300
META,2022-07-19,169.19,175.27,168.33,174.56,25933700
META,2022-07-20,176.26,182.33,175.47,181.82,24784300
META,2022-07-21,179.38,182.57,177.63,181.9,27195800
META,2022-07-22,171.87,174.38,167.24,168.1,42583900
META,2022-07-25,167.83,169.39,163.67,165.49,26166300
META,2022-07-26,164.79,164.85,156.85,158.05,28468400
META,2022-07-27,161.46,169.68,160.9,168.4,43846600
META,2022-07-28,159.94,160.39,153.78,159.61,73214300
META,2022-07-29,156.6,159.03,154.09,158.0,42065400
META,2022-08-01,156.16,164.04,154.15,158.82,40596700
META,2022-08-02,157.21,161.11,156.91,159.08,27374500
META,2022-08-03,161.56,168.36,160.45,167.63,31721900
META,2022-08-04,167.13,170.96,165.64,169.39,23938200
META,2022-08-05,165.83,170.42,164.65,165.95,25832700
META,2022-08-08,166.83,176.28,165.97,169.07,27299100
META,2022-08-09,167.78,168.35,165.44,167.36,18655100
META,2022-08-10,174.77,179.23,172.74,177.1,30262100
META,2022-08-11,178.46,181.83,175.15,176.26,24079100
META,2022-08-12,179.56,180.2,177.67,179.25,21274000
META,2022-08-15,177.72,180.18,176.96,179.64,15878700
META,2022-08-16,178.2,179.73,175.81,178.23,21156700
META,2022-08-17,175.53,176.9,172.96,173.64,20118100
META,2022-08-18,173.13,174.54,170.67,173.45,18844500
META,2022-08-19,169.02,171.12,165.89,166.79,26240800
META,2022-08-22,164.34,164.34,161.13,161.92,19499700
META,2022-08-23,161.35,163.91,159.59,159.99,18111800
META,2022-08-24,159.49,164.31,158.66,162.13,20891500
META,2022-08-25,164.03,167.71,162.88,167.61,15550500
META,2022-08-26,167.31,169.73,160.55,160.66,24023600
META,2022-08-29,159.55,161.92,157.91,158.07,20052700
META,2022-08-30,159.24,160.54,154.83,156.07,19567900
META,2022-08-31,165.91,166.68,161.02,161.8,40953000
META,2022-09-01,162.45,166.2,159.24,164.21,30145700
META,2022-09-02,166.29,166.77,158.12,159.21,22634200
META,2022-09-06,158.99,160.57,156.6,157.44,19339800
META,2022-09-07,156.67,159.84,155.72,159.28,16831200
META,2022-09-08,157.61,161.1,156.65,160.94,22530800
META,2022-09-09,162.12,168.36,161.89,167.98,22086800
META,2022-09-12,166.23,170.2,166.12,167.79,23220400
META,2022-09-13,160.42,160.51,151.61,152.07,44444100
META,2022-09-14,152.27,152.47,148.02,150.42,43064200
META,2022-09-15,148.76,153.13,147.67,148.51,34606300
META,2022-09-16,147.02,147.55,143.29,145.28,40122800
META,2022-09-19,144.23,147.55,144.09,146.99,22169500
META,2022-09-20,144.77,147.81,144.21,145.08,23217400
META,2022-09-21,145.37,148.56,141.01,141.13,38338600
META,2022-09-22,140.57,143.58,139.89,141.83,34418500
META,2022-09-23,140.44,141.63,137.93,139.44,31710700
META,2022-09-26,139.15,141.25,135.25,135.42,30497000
META,2022-09-27,136.96,138.45,133.19,133.47,30826500
META,2022-09-28,133.69,141.04,133.34,140.63,32658500
META,2022-09-29,138.39,138.87,134.26,135.46,38985400
META,2022-09-30,135.11,140.01,134.56,134.74,33166400
META,2022-10-03,136.19,138.65,135.16,137.65,27723100
META,2022-10-04,139.52,141.4,138.37,139.31,34670700
META,2022-10-05,137.28,139.24,133.85,138.02,27979300
META,2022-10-06,136.76,140.47,135.65,138.11,36231100
META,2022-10-07,135.81,137.33,131.52,132.52,33214800
META,2022-10-10,132.62,135.17,130.96,132.86,24024000
META,2022-10-11,130.71,131.74,126.11,127.65,38481400
META,2022-10-12,127.43,128.77,125.37,126.62,34605200
META,2022-10-13,122.67,130.23,121.68,129.39,34325700
META,2022-10-14,130.09,130.88,125.64,125.88,23559400
META,2022-10-17,129.4,133.85,129.28,133.11,29612200
META,2022-10-18,136.14,136.88,130.49,131.88,25445000
META,2022-10-19,131.97,136.05,131.3,132.31,30691000
META,2022-10-20,132.01,135.82,130.4,130.62,26356300
META,2022-10-21,125.43,129.22,124.57,129.11,46348600
META,2022-10-24,126.37,132.55,123.71,128.82,63563400
META,2022-10-25,129.97,137.39,129.68,136.56,38433200
META,2022-10-26,130.77,134.61,127.64,128.92,82791500
META,2022-10-27,97.3,101.79,95.71,97.26,232316600
META,2022-10-28,98.89,100.15,96.83,98.51,95928300
META,2022-10-31,97.54,98.63,91.96,92.51,121361400
META,2022-11-01,93.68,96.81,92.9,94.54,110189600
META,2022-11-02,93.56,94.54,89.85,89.91,71821100
META,2022-11-03,89.46,89.83,87.8,88.29,60664000
META,2022-11-04,89.72,90.76,87.48,90.16,55638100
META,2022-11-07,94.12,96.21,92.45,96.05,81987300
META,2022-11-08,95.25,97.12,94.13,95.8,52088300
META,2022-11-09,101.01,104.17,100.04,100.77,107677300
META,2022-11-10,106.38,111.97,103.88,111.09,80671000
META,2022-11-11,108.47,114.1,108.06,112.24,59961700
META,2022-11-14,110.22,115.46,110.03,113.43,53395000
META,2022-11-15,115.26,117.92,113.62,116.27,50670500
META,2022-11-16,113.71,115.27,111.88,112.44,33287800
META,2022-11-17,109.64,111.55,109.04,110.68,35093800
META,2022-11-18,113.01,113.53,109.85,111.27,33357700
META,2022-11-21,110.75,111.59,108.43,109.1,24351100
META,2022-11-22,109.1,110.85,107.57,110.67,29029000
META,2022-11-23,110.95,111.89,109.96,111.46,21343100
META,2022-11-25,110.53,111.95,110.25,110.64,12007600
META,2022-11-28,110.01,111.26,107.63,108.03,23309400
META,2022-11-29,108.78,110.17,107.79,108.7,23899200
META,2022-11-30,108.75,117.34,108.62,117.28,43348600
META,2022-12-01,118.37,120.36,117.58,119.6,36551400
META,2022-12-02,117.01,123.18,116.79,122.63,39950500
META,2022-12-05,120.91,123.81,120.51,121.58,35474900
META,2022-12-06,119.08,119.71,112.95,113.33,43689200
META,2022-12-07,112.97,115.08,112.1,113.14,29461100
META,2022-12-08,115.58,116.53,113.8,114.53,30619400
META,2022-12-09,114.5,116.72,113.08,115.1,26033400
META,2022-12-12,114.38,114.92,112.36,113.91,24747100
META,2022-12-13,121.28,122.44,117.82,119.32,44701100
META,2022-12-14,118.56,123.28,118.56,120.75,36922000
META,2022-12-15,117.51,117.81,113.22,115.34,34531000
META,2022-12-16,119.4,122.45,118.0,118.6,67064000
META,2022-12-19,116.02,116.98,113.54,113.69,29769900
META,2022-12-20,112.47,116.52,111.68,116.28,28742500
META,2022-12-21,115.89,119.51,114.82,118.93,20392800
META,2022-12-22,116.39,117.8,113.59,116.31,23618100
META,2022-12-23,115.23,117.36,114.74,117.22,17796600
META,2022-12-27,117.11,117.78,115.24,116.07,21392300
META,2022-12-28,115.44,117.33,114.71,114.82,19612500
META,2022-12-29,115.59,120.19,114.97,119.43,22366200
META,2022-12-30,117.34,119.58,116.92,119.51,19583800
META,2023-01-03,121.97,125.49,121.43,123.87,35528500
META,2023-01-04,126.5,128.15,124.98,126.49,32397100
META,2023-01-05,125.26,127.63,123.68,126.06,25447100
META,2023-01-06,128.08,129.43,125.17,129.12,27584500
META,2023-01-09,130.25,132.03,128.38,128.57,26649100
META,2023-01-10,126.39,132.51,126.27,132.07,28684400
META,2023-01-11,130.05,132.92,129.44,131.97,25423000
META,2023-01-12,132.51,136.72,130.85,135.76,30757700
META,2023-01-13,134.03,136.44,133.9,136.03,22423800
META,2023-01-17,135.24,135.8,133.32,134.42,21147600
META,2023-01-18,134.87,136.3,131.88,132.1,20215500
META,2023-01-19,131.57,136.5,131.22,135.21,28625200
META,2023-01-20,134.95,138.97,133.68,138.4,28688600
META,2023-01-23,138.32,142.76,137.7,142.28,27470100
META,2023-01-24,140.71,143.99,140.38,142.15,21970200
META,2023-01-25,140.24,142.18,139.34,140.52,26622000
META,2023-01-26,143.4,146.49,142.31,146.28,25482100
META,2023-01-27,147.21,152.13,146.37,150.69,35771900
META,2023-01-30,148.37,150.07,145.93,146.04,28040100
META,2023-01-31,146.92,148.84,146.5,147.94,29842100
META,2023-02-01,147.0,152.51,146.04,152.06,55661000
META,2023-02-02,182.11,195.79,178.91,187.46,150475700
META,2023-02-03,182.2,195.41,181.62,185.24,76809700
META,2023-02-06,185.24,189.38,184.23,184.77,42483800
META,2023-02-07,184.29,192.44,183.12,190.29,47080700
META,2023-02-08,188.68,189.51,181.65,182.16,36139100
META,2023-02-09,184.84,185.36,176.04,176.69,37118800
META,2023-02-10,175.13,177.65,172.15,172.94,33433600
META,2023-02-13,176.98,179.74,174.6,178.19,31463200
META,2023-02-14,175.93,180.25,174.66,178.23,24034600
META,2023-02-15,175.2,176.95,174.11,175.93,25308900
META,2023-02-16,171.55,174.63,170.6,171.24,25827500
META,2023-02-17,169.04,171.98,168.52,171.68,24171300
META,2023-02-21,173.1,176.93,170.69,170.89,34592600
META,2023-02-22,169.88,171.56,168.51,169.93,22433200
META,2023-02-23,170.81,172.49,168.21,170.85,20017800
META,2023-02-24,167.47,169.54,166.5,169.21,19791300
META,2023-02-27,170.69,171.92,167.89,168.36,19277000
META,2023-02-28,170.71,176.32,170.68,173.73,46051100
META,2023-03-01,173.38,176.62,171.85,172.22,30998400
META,2023-03-02,171.18,173.8,170.24,173.32,17352000
META,2023-03-03,177.68,185.33,175.82,183.96,45877700
META,2023-03-06,186.7,188.34,183.36,183.62,33209400
META,2023-03-07,187.69,189.04,182.73,183.23,36701500
META,2023-03-08,181.6,183.97,180.08,183.69,19432400
META,2023-03-09,185.06,187.62,179.05,180.43,26582800
META,2023-03-10,179.75,183.49,177.56,178.26,25665000
META,2023-03-13,176.73,182.51,173.61,179.65,24728000
META,2023-03-14,186.28,192.97,185.27,192.67,41642600
META,2023-03-15,191.61,196.41,189.52,196.38,42123600
META,2023-03-16,196.88,204.33,194.73,203.51,50447100
META,2023-03-17,199.17,200.5,194.07,194.25,50141100
META,2023-03-20,197.1,197.98,192.3,196.44,25186300
META,2023-03-21,201.79,202.14,196.58,200.76,31827000
META,2023-03-22,201.1,205.93,198.28,198.42,28477800
META,2023-03-23,201.43,206.44,200.75,202.86,27389700
META,2023-03-24,203.76,206.14,202.14,204.58,27716400
META,2023-03-27,203.39,204.43,199.96,201.43,18527200
META,2023-03-28,198.76,199.64,196.53,199.29,19127300
META,2023-03-29,202.15,204.29,201.13,203.93,18851100
META,2023-03-30,201.97,206.65,201.41,206.4,22608300
META,2023-03-31,205.8,210.7,205.34,210.47,25440300
META,2023-04-03,207.39,212.01,206.76,211.59,17924600
META,2023-04-04,211.91,214.74,211.07,213.23,21026400
META,2023-04-05,212.66,213.7,208.48,210.01,19396600
META,2023-04-06,207.8,215.44,207.2,214.6,26104400
META,2023-04-10,213.22,214.16,209.2,213.26,16106100
META,2023-04-11,213.99,214.52,211.93,212.37,16710100
META,2023-04-12,213.35,215.34,211.11,212.52,18972200
META,2023-04-13,214.23,219.62,214.19,218.82,23310400
META,2023-04-14,216.37,220.57,216.04,219.95,21591200
META,2023-04-17,218.27,219.45,215.62,217.34,15481900
META,2023-04-18,218.38,218.91,214.71,216.38,12281000
META,2023-04-19,211.99,215.82,211.45,214.2,15898100
META,2023-04-20,212.0,215.25,211.29,211.59,16475400
META,2023-04-21,208.75,211.93,208.13,211.41,17717200
META,2023-04-24,212.2,212.44,209.25,211.31,15750900
META,2023-04-25,209.36,209.79,205.69,206.11,19198200
META,2023-04-26,211.03,212.62,207.43,207.95,41992700
META,2023-04-27,238.23,240.01,235.13,236.91,71196500
META,2023-04-28,237.35,238.76,234.11,238.65,39554000
META,2023-05-01,236.96,242.31,234.82,241.49,29143900
META,2023-05-02,241.49,243.22,237.33,237.58,24350100
META,2023-05-03,237.81,240.07,231.14,235.39,34463900
META,2023-05-04,234.42,236.55,231.31,231.9,17889400
META,2023-05-05,230.63,233.05,228.26,231.17,27000500
META,2023-05-08,229.81,233.99,228.67,231.65,16400500
META,2023-05-09,229.85,234.24,229.48,231.75,16865600
META,2023-05-10,234.53,235.11,229.12,231.46,19119000
META,2023-05-11,231.43,236.56,230.69,234.15,20449000
META,2023-05-12,235.1,235.32,229.84,232.19,16161400
META,2023-05-15,235.28,238.59,233.7,237.2,20653200
META,2023-05-16,234.15,237.98,233.89,237.16,18163800
META,2023-05-17,236.8,242.15,236.49,240.81,21193100
META,2023-05-18,239.63,245.38,239.52,245.14,22943300
META,2023-05-19,245.75,246.96,241.72,243.94,21733600
META,2023-05-22,243.71,251.81,243.42,246.6,27738500
META,2023-05-23,245.1,249.86,244.94,245.03,17748100
META,2023-05-24,243.58,247.86,243.25,247.48,17724300
META,2023-05-25,251.64,253.85,247.44,250.94,22371400
META,2023-05-26,251.18,260.49,250.96,260.22,25727200
META,2023-05-30,263.41,266.79,259.48,260.7,23816500
META,2023-05-31,258.2,263.16,256.66,262.88,25473700
META,2023-06-01,264.06,272.1,264.05,270.72,25609500
META,2023-06-02,270.77,273.44,269.24,270.72,19416900
META,2023-06-05,268.42,273.66,267.69,269.51,20742900
META,2023-06-06,268.27,274.65,267.82,269.24,19419000
META,2023-06-07,269.79,272.35,260.98,261.77,26163600
META,2023-06-08,258.81,265.79,257.08,262.74,20899400
META,2023-06-09,260.66,266.09,259.88,263.11,16949800
META,2023-06-12,265.32,269.86,263.49,269.17,15442500
META,2023-06-13,272.97,273.81,267.22,269.44,16164000
META,2023-06-14,270.0,273.08,266.46,271.45,19175100
META,2023-06-15,270.41,282.02,269.54,279.87,25973500
META,2023-06-16,282.77,285.85,278.19,279.05,43127700
META,2023-06-20,276.8,282.82,274.3,282.36,20701600
META,2023-06-21,281.56,282.03,276.43,279.69,20556200
META,2023-06-22,277.14,283.28,275.86,282.9,17563100
META,2023-06-23,279.56,287.66,277.02,286.73,51092000
META,2023-06-26,286.7,287.78,275.67,276.54,24232700
META,2023-06-27,280.05,287.34,278.7,285.06,26108300
META,2023-06-28,282.84,287.54,282.09,283.31,16722100
META,2023-06-29,282.53,284.58,278.74,279.58,15395700
META,2023-06-30,282.78,287.04,282.45,284.99,19694900
META,2023-07-03,284.71,287.39,282.87,284.04,8629300
META,2023-07-05,285.65,296.05,284.37,292.33,33865500
META,2023-07-06,293.84,296.05,289.29,289.96,47600500
META,2023-07-07,290.15,294.15,286.66,288.51,25586000
META,2023-07-10,293.5,296.06,285.06,292.06,37058300
META,2023-07-11,291.86,298.1,289.88,296.22,27585900
META,2023-07-12,299.66,307.3,298.02,307.19,36677100
META,2023-07-13,311.44,314.05,308.14,311.24,30281000
META,2023-07-14,309.63,312.7,305.23,306.73,23054100
META,2023-07-17,305.41,309.55,302.6,308.47,25323100
META,2023-07-18,308.72,312.02,305.49,309.89,20731900
META,2023-07-19,310.86,316.47,308.37,313.82,21763700
META,2023-07-20,311.33,313.35,300.12,300.42,23836900
META,2023-07-21,302.46,303.34,289.18,292.22,42139300
META,2023-07-24,293.73,295.46,286.3,289.59,24915700
META,2023-07-25,293.14,296.23,289.84,292.43,19585600
META,2023-07-26,299.1,299.68,289.88,296.5,47256900
META,2023-07-27,322.86,323.09,307.69,309.55,64229200
META,2023-07-28,314.68,323.94,312.07,323.22,39220300
META,2023-07-31,321.44,323.4,315.39,316.39,25799600
META,2023-08-01,315.34,321.89,312.48,320.47,22817900
META,2023-08-02,315.79,316.18,308.5,312.13,20461100
META,2023-08-03,307.78,313.76,307.78,311.02,15180200
META,2023-08-04,312.78,316.2,308.05,308.57,17612800
META,2023-08-07,311.06,314.87,308.31,314.36,16236500
META,2023-08-08,312.22,315.68,307.96,310.47,15183500
META,2023-08-09,310.71,311.45,300.75,303.09,19955800
META,2023-08-10,305.8,310.17,301.76,303.62,14358900
META,2023-08-11,300.47,302.61,298.28,299.55,14046300
META,2023-08-14,298.89,304.09,296.18,304.07,15641900
META,2023-08-15,304.02,305.1,297.95,299.86,11623600
META,2023-08-16,298.12,298.99,292.24,292.25,18547700
META,2023-08-17,291.02,294.0,282.97,283.11,23950100
META,2023-08-18,277.09,283.71,272.48,281.29,35347900
META,2023-08-21,281.48,288.48,279.89,287.89,20181500
META,2023-08-22,290.52,290.87,284.76,285.6,12980200
META,2023-08-23,286.5,295.34,285.67,292.2,18287000
META,2023-08-24,296.43,297.38,284.65,284.76,18360900
META,2023-08-25,284.15,286.39,274.12,283.52,23701400
META,2023-08-28,286.0,289.43,283.82,288.25,14239300
META,2023-08-29,286.58,297.07,286.18,295.92,20844500
META,2023-08-30,295.11,296.22,291.39,293.05,17717000
META,2023-08-31,293.75,299.01,293.61,293.84,17229900
META,2023-09-01,297.29,299.65,292.43,294.32,12842300
META,2023-09-05,294.96,299.3,293.46,298.07,14956000
META,2023-09-06,299.62,301.2,293.61,297.09,15418100
META,2023-09-07,295.93,304.92,290.19,296.6,33748700
META,2023-09-08,297.14,303.13,294.72,295.82,17548000
META,2023-09-11,299.32,306.9,299.19,305.43,19489300
META,2023-09-12,304.21,306.52,298.15,299.57,13480400
META,2023-09-13,300.26,305.05,299.23,302.94,13210900
META,2023-09-14,304.61,310.7,302.91,309.56,19343100
META,2023-09-15,309.45,309.84,296.68,298.23,28131100
META,2023-09-18,296.12,301.49,295.73,300.45,14234200
META,2023-09-19,300.38,304.05,297.73,302.95,15924400
META,2023-09-20,302.93,305.92,297.35,297.59,19379500
META,2023-09-21,293.65,298.18,291.24,293.68,21319600
META,2023-09-22,297.22,303.26,296.2,297.01,25369600
META,2023-09-25,293.59,298.86,291.66,298.74,18987000
META,2023-09-26,295.6,298.22,293.96,296.89,19417200
META,2023-09-27,298.37,299.21,284.8,295.67,36429800
META,2023-09-28,296.87,304.21,294.64,301.85,22167100
META,2023-09-29,305.25,308.49,297.28,298.13,25373700
META,2023-10-02,300.64,305.05,299.54,304.69,16265600
META,2023-10-03,302.15,304.64,297.56,298.85,17362300
META,2023-10-04,296.66,304.77,296.43,303.46,16880500
META,2023-10-05,302.52,304.09,297.42,302.68,19130000
META,2023-10-06,299.35,314.12,298.82,313.24,21803900
META,2023-10-09,310.33,318.11,309.66,316.15,22503700
META,2023-10-10,316.91,322.41,315.95,319.61,19038000
META,2023-10-11,320.77,326.56,320.71,325.55,22036300
META,2023-10-12,325.72,328.25,320.45,321.91,20530500
META,2023-10-13,321.29,322.8,310.2,312.51,21341000
META,2023-10-16,316.43,319.59,313.33,318.92,16536100
META,2023-10-17,315.97,322.15,315.1,321.75,16387800
META,2023-10-18,319.16,323.68,313.37,314.77,16851000
META,2023-10-19,317.66,319.66,309.59,310.64,18709200
META,2023-10-20,311.96,313.11,304.34,306.51,22312300
META,2023-10-23,307.35,315.16,305.13,311.83,17796800
META,2023-10-24,314.58,316.14,308.48,310.38,19525500
META,2023-10-25,307.85,308.72,296.77,297.45,42192500
META,2023-10-26,292.95,292.95,277.46,286.35,66684100
META,2023-10-27,292.44,297.23,290.94,294.67,29596300
META,2023-10-30,297.02,307.25,296.98,300.56,28435100
META,2023-10-31,301.21,301.57,294.8,299.18,19434200
META,2023-11-01,299.76,310.57,299.76,309.69,20434600
META,2023-11-02,315.1,316.61,306.19,308.71,21631800
META,2023-11-03,310.38,313.36,308.86,312.42,16764300
META,2023-11-06,313.79,316.12,312.27,313.61,12887700
META,2023-11-07,314.86,318.77,312.93,316.61,14055600
META,2023-11-08,315.93,319.1,312.7,317.56,13609700
META,2023-11-09,317.2,321.93,316.59,318.33,16103100
META,2023-11-10,317.72,326.82,317.24,326.49,19096200
META,2023-11-13,323.94,330.02,323.44,326.91,16908900
META,2023-11-14,332.22,335.75,331.02,333.98,17179400
META,2023-11-15,335.59,336.05,327.73,330.4,14531200
META,2023-11-16,327.09,332.26,324.12,331.87,18932600
META,2023-11-17,327.97,333.17,327.07,332.72,14494400
META,2023-11-20,332.57,339.5,331.87,337.61,16960500
META,2023-11-21,335.98,337.54,333.57,334.64,12027900
META,2023-11-22,336.86,340.54,336.23,339.12,10702700
META,2023-11-24,337.77,339.49,334.43,335.88,5467500
META,2023-11-27,333.85,337.54,331.88,332.38,15684500
META,2023-11-28,331.09,337.03,331.09,336.64,12637200
META,2023-11-29,337.33,337.54,328.49,329.9,16024500
META,2023-11-30,329.59,331.19,320.16,324.88,23146400
META,2023-12-01,323.22,324.59,318.53,322.57,15276400
META,2023-12-04,315.09,318.63,311.48,317.8,19037100
META,2023-12-05,316.77,319.65,313.2,316.08,16952100
META,2023-12-06,319.7,320.01,314.84,315.25,11294300
META,2023-12-07,315.57,325.96,315.57,324.32,15905100
META,2023-12-08,320.85,330.86,320.76,330.44,14087400
META,2023-12-11,327.12,327.6,317.78,323.02,25802500
META,2023-12-12,322.35,332.15,322.31,331.9,18485500
META,2023-12-13,331.61,336.02,330.33,332.42,16353300
META,2023-12-14,331.53,332.38,326.36,330.86,19607300
META,2023-12-15,329.69,336.31,328.92,332.6,31776900
META,2023-12-18,335.14,345.15,334.68,342.23,18993900
META,2023-12-19,343.18,351.15,342.73,347.93,17729400
META,2023-12-20,346.23,352.5,345.38,346.86,16369900
META,2023-12-21,350.53,353.94,346.79,351.63,15289600
META,2023-12-22,353.11,354.72,348.78,350.94,11772800
META,2023-12-26,352.53,354.5,351.0,352.37,9898600
META,2023-12-27,353.6,356.51,352.85,355.35,13207900
META,2023-12-28,357.2,359.39,355.33,355.83,11798800
META,2023-12-29,356.5,357.5,349.38,351.5,14987100
META,2024-01-02,348.88,350.71,337.65,343.89,19042200
META,2024-01-03,342.59,345.54,340.8,342.08,15451100
META,2024-01-04,342.11,345.73,341.02,344.71,12099900
META,2024-01-05,344.58,351.05,343.86,349.51,13920700
META,2024-01-08,352.24,356.49,349.61,356.17,13890200
META,2024-01-09,353.93,358.14,352.89,354.95,13463900
META,2024-01-10,357.67,370.35,356.59,367.9,22117200
META,2024-01-11,369.55,370.19,360.41,367.11,17205400
META,2024-01-12,367.59,374.44,366.98,371.89,19310000
META,2024-01-16,371.06,373.0,364.68,364.91,15306900
META,2024-01-17,363.76,365.98,356.12,365.81,12724800
META,2024-01-18,368.91,374.24,368.38,373.52,16354300
META,2024-01-19,376.37,381.69,375.35,380.79,21670800
META,2024-01-22,385.26,387.64,378.52,379.13,17680500
META,2024-01-23,381.95,385.69,379.43,382.53,15506100
META,2024-01-24,387.29,393.4,385.12,387.99,15698500
META,2024-01-25,387.46,392.75,382.98,390.45,15091100
META,2024-01-26,391.61,394.04,388.87,391.41,13163700
META,2024-01-29,392.25,400.13,390.37,398.24,18742400
META,2024-01-30,400.79,403.54,396.8,397.28,18614700
META,2024-01-31,386.3,395.24,384.41,387.43,20180800
META,2024-02-01,391.21,397.72,390.32,392.04,29727100
META,2024-02-02,456.41,482.59,449.87,471.7,84707600
META,2024-02-05,466.62,468.63,456.03,456.22,40832400
META,2024-02-06,460.78,463.88,449.86,451.57,21655200
META,2024-02-07,454.82,468.25,453.02,466.33,23066000
META,2024-02-08,465.07,467.33,461.8,466.74,18815100
META,2024-02-09,469.67,470.3,464.23,464.86,18413100
META,2024-02-12,464.94,475.83,463.34,465.65,19382000
META,2024-02-13,453.7,464.64,451.93,456.93,20916600
META,2024-02-14,464.68,470.82,462.86,470.0,16858400
META,2024-02-15,471.98,485.23,468.94,480.67,24212300
META,2024-02-16,474.79,475.64,465.96,470.04,23324600
META,2024-02-20,466.46,472.88,463.32,468.48,18015500
META,2024-02-21,463.76,466.24,459.07,465.28,12921800
META,2024-02-22,477.41,487.11,473.26,483.27,21625800
META,2024-02-23,485.18,491.45,479.51,481.18,18374300
META,2024-02-26,480.63,483.28,477.77,478.91,12101400
META,2024-02-27,477.16,484.4,477.1,484.18,10809600
META,2024-02-28,482.15,488.16,479.91,481.17,12715500
META,2024-02-29,485.57,488.81,479.77,487.25,17732000
META,2024-03-01,489.21,501.28,488.96,499.34,16273600
META,2024-03-04,500.04,501.45,493.5,495.26,12324100
META,2024-03-05,492.09,492.66,485.02,487.34,15325300
META,2024-03-06,494.7,500.01,491.38,493.17,11757900
META,2024-03-07,500.32,516.79,498.43,509.18,18586400
META,2024-03-08,511.16,520.49,496.41,502.97,18597100
META,2024-03-11,494.09,494.39,473.2,480.74,20428300
META,2024-03-12,490.36,499.35,481.88,496.81,15448200
META,2024-03-13,492.48,498.03,488.14,492.65,12090700
META,2024-03-14,497.32,498.4,485.29,488.94,12620000
META,2024-03-15,486.13,488.94,478.47,481.25,29153600
META,2024-03-18,489.02,494.49,483.95,494.06,11755300
META,2024-03-19,485.3,493.71,478.45,493.32,10903100
META,2024-03-20,496.56,505.21,492.26,502.55,11711100
META,2024-03-21,511.68,512.01,503.03,504.77,9712500
META,2024-03-22,504.02,506.97,501.37,506.58,8120600
META,2024-03-25,502.81,504.24,497.3,500.06,8380600
META,2024-03-26,502.16,507.0,492.3,492.97,11205400
META,2024-03-27,496.36,496.95,485.2,490.95,9989700
META,2024-03-28,489.94,489.99,482.3,482.72,15212800
META,2024-04-01,484.33,494.5,478.95,488.46,9247000
META,2024-04-02,482.25,494.6,481.8,494.44,11081000
META,2024-04-03,495.99,504.26,495.82,503.76,12099200
META,2024-04-04,513.38,526.88,507.58,507.91,26476300
META,2024-04-05,513.82,527.58,511.38,524.24,19263300
META,2024-04-08,526.17,528.36,515.84,516.2,13260600
META,2024-04-09,519.16,522.78,503.76,513.86,10863800
META,2024-04-10,506.29,519.49,502.82,516.77,11418500
META,2024-04-11,518.04,520.78,514.25,520.08,10369500
META,2024-04-12,514.7,517.13,506.33,508.89,11984500
META,2024-04-15,513.68,515.48,494.35,497.29,13512900
META,2024-04-16,495.18,501.8,494.19,496.82,9847900
META,2024-04-17,500.14,500.2,484.27,491.26,12193700
META,2024-04-18,496.88,509.2,496.1,498.85,14808700
META,2024-04-19,499.84,499.84,472.93,478.24,25215400
META,2024-04-22,486.84,489.12,470.61,478.9,17271100
META,2024-04-23,488.36,495.83,486.09,493.18,15079200
META,2024-04-24,505.07,507.0,481.73,490.6,37772700
META,2024-04-25,418.92,443.15,412.06,438.78,82890700
META,2024-04-26,438.86,443.81,429.42,440.68,32691400
META,2024-04-29,436.97,437.17,426.04,430.07,21502600
META,2024-04-30,428.51,437.03,427.19,427.64,18429500
META,2024-05-01,426.08,447.31,424.6,436.61,20344900
META,2024-05-02,436.26,441.35,429.74,439.08,15221300
META,2024-05-03,443.31,451.5,441.24,449.3,16489100
META,2024-05-06,452.9,463.42,450.67,462.94,15094600
META,2024-05-07,463.55,468.76,458.6,465.49,13406800
META,2024-05-08,460.77,472.78,460.28,469.82,11683900
META,2024-05-09,467.23,473.28,464.88,472.62,9437700
META,2024-05-10,474.28,474.69,466.84,473.4,10750000
META,2024-05-13,469.97,470.57,460.13,465.26,14668800
META,2024-05-14,460.64,469.76,457.37,469.07,10478600
META,2024-05-15,472.19,479.66,468.43,478.71,13100500
META,2024-05-16,472.21,474.88,469.97,470.45,16608200
META,2024-05-17,468.06,470.02,465.66,469.13,10807300
META,2024-05-20,467.19,470.42,464.29,466.08,11745100
META,2024-05-21,464.37,467.93,459.55,461.9,11742200
META,2024-05-22,465.12,470.93,462.91,465.03,10078600
META,2024-05-23,470.1,471.57,458.82,463.04,11747900
META,2024-05-24,464.87,477.03,463.56,475.41,12024300
META,2024-05-28,473.78,478.03,472.05,477.1,10175800
META,2024-05-29,471.87,477.03,470.91,471.57,9226200
META,2024-05-30,468.9,468.95,461.98,464.3,10719600
META,2024-05-31,463.06,466.36,451.79,464.08,16919800
META,2024-06-03,468.09,476.78,465.49,474.68,11279400
META,2024-06-04,474.19,476.07,470.45,474.18,7088700
META,2024-06-05,481.6,493.73,481.06,492.15,15690500
META,2024-06-06,490.08,499.86,488.0,490.86,10667300
META,2024-06-07,492.99,495.97,487.29,490.06,9380700
META,2024-06-10,490.95,499.7,490.51,499.64,11220900
META,2024-06-11,497.22,504.61,495.34,504.48,9673700
META,2024-06-12,510.97,510.99,501.5,505.85,11983200
META,2024-06-13,502.73,506.36,498.41,501.13,9954600
META,2024-06-14,500.19,504.67,498.3,501.69,10243300
META,2024-06-17,499.21,508.25,493.58,504.15,11266600
META,2024-06-18,502.09,503.52,492.6,497.04,13060400
META,2024-06-20,499.54,501.2,494.34,499.24,11801200
META,2024-06-21,500.99,500.99,489.98,492.36,22359200
META,2024-06-24,496.76,505.31,491.87,496.47,13525300
META,2024-06-25,494.62,508.21,493.07,508.1,12063200
META,2024-06-26,504.17,511.29,502.21,510.61,8882300
META,2024-06-27,511.73,520.32,511.38,517.02,10121200
META,2024-06-28,514.62,519.32,501.37,501.75,15855100
META,2024-07-01,502.48,504.1,490.76,502.21,10328200
META,2024-07-02,498.31,508.0,497.0,507.01,7739500
META,2024-07-03,503.89,508.78,503.54,507.46,6005600
META,2024-07-05,509.1,538.22,509.1,537.27,21354100
META,2024-07-08,539.69,540.15,524.07,526.73,14917500
META,2024-07-09,531.14,534.85,525.6,527.41,8753200
META,2024-07-10,528.19,536.24,525.77,532.07,10983300
META,2024-07-11,528.29,532.84,505.88,510.19,16458300
META,2024-07-12,495.32,505.6,491.81,496.43,19750500
META,2024-07-15,496.19,504.2,490.95,493.73,12539200
META,2024-07-16,499.04,501.48,483.41,487.39,14075800
META,2024-07-17,476.82,476.82,456.87,459.73,28076600
META,2024-07-18,472.67,476.89,462.27,473.52,19267200
META,2024-07-19,473.73,484.33,473.38,474.46,15149400
META,2024-07-22,484.2,489.65,481.53,485.01,12023100
META,2024-07-23,487.44,492.8,485.33,486.3,9455500
META,2024-07-24,470.0,473.97,458.32,459.01,17649700
META,2024-07-25,460.99,461.28,440.48,451.19,18240500
META,2024-07-26,461.93,467.47,457.17,463.42,14222400
META,2024-07-29,467.58,471.64,462.74,463.43,11339600
META,2024-07-30,464.71,470.42,454.46,460.92,11390400
META,2024-07-31,468.71,474.17,464.46,472.51,24285800
META,2024-08-01,518.45,524.59,489.69,495.3,43083100
META,2024-08-02,486.61,498.7,473.82,485.75,24044700
META,2024-08-05,449.14,481.11,448.59,473.4,21396200
META,2024-08-06,476.65,500.1,476.31,491.67,20955000
META,2024-08-07,500.67,507.65,484.48,486.53,20105300
META,2024-08-08,495.06,507.46,492.3,507.13,16156800
META,2024-08-09,505.22,515.8,503.22,515.23,13696600
META,2024-08-12,514.33,515.48,506.61,513.42,9767400
META,2024-08-13,517.46,528.9,515.61,525.95,13743800
META,2024-08-14,525.47,531.39,520.57,524.18,11444200
META,2024-08-15,529.19,537.13,524.12,534.7,13482100
META,2024-08-16,529.3,531.05,522.09,524.84,14776700
META,2024-08-19,524.29,529.06,520.2,526.69,9879700
META,2024-08-20,525.76,528.49,523.31,524.15,7944400
META,2024-08-21,524.57,536.76,524.35,532.54,13423300
META,2024-08-22,534.37,541.57,526.0,529.33,15708300
META,2024-08-23,534.29,537.23,522.49,525.41,11323900
META,2024-08-26,525.02,525.41,512.43,518.57,9584000
META,2024-08-27,516.44,521.44,512.79,516.56,6282700
META,2024-08-28,515.14,518.54,509.94,514.25,9106100
META,2024-08-29,516.51,524.62,513.16,515.68,8317400
META,2024-08-30,518.8,520.98,512.68,518.76,9157500
META,2024-09-03,517.1,522.92,506.13,509.25,12459100
META,2024-09-04,503.59,514.06,501.6,510.23,8335200
META,2024-09-05,509.21,519.08,508.65,514.33,8640900
META,2024-09-06,519.32,522.01,495.81,497.82,14744500
META,2024-09-09,503.68,508.83,499.62,502.32,11047800
META,2024-09-10,505.67,511.66,497.58,502.32,9899000
META,2024-09-11,504.53,510.61,493.17,509.32,10782500
META,2024-09-12,514.52,524.13,512.7,523.03,11970500
META,2024-09-13,517.79,525.0,514.58,522.05,10321400
META,2024-09-16,522.47,531.99,515.36,531.18,9527600
META,2024-09-17,535.48,539.96,528.48,534.2,11690800
META,2024-09-18,534.95,542.05,531.79,535.83,10323500
META,2024-09-19,547.83,559.85,544.36,556.89,15647000
META,2024-09-20,557.79,562.27,554.1,559.13,22066800
META,2024-09-23,567.25,571.71,560.19,562.18,12830700
META,2024-09-24,564.44,565.51,552.0,561.11,12993000
META,2024-09-25,561.82,574.6,561.49,566.07,16543400
META,2024-09-26,573.46,575.12,560.13,565.6,14400800
META,2024-09-27,567.85,568.59,562.28,565.12,9398400
META,2024-09-30,565.46,572.41,562.57,570.18,12792300
META,2024-10-01,575.7,580.74,567.85,574.19,15259300
META,2024-10-02,572.59,573.73,567.09,570.55,6524700
META,2024-10-03,567.9,581.06,566.49,580.47,11581000
META,2024-10-04,581.43,594.49,579.14,593.59,14169500
META,2024-10-07,595.86,600.57,581.73,582.47,12014200
META,2024-10-08,587.36,591.22,583.66,590.55,7857400
META,2024-10-09,591.65,592.04,579.31,588.18,9529700
META,2024-10-10,585.25,587.9,580.22,581.53,7740400
META,2024-10-11,582.52,588.88,580.41,587.62,8587100
META,2024-10-14,591.87,597.73,587.63,588.09,8252000
META,2024-10-15,587.83,588.28,577.85,583.96,9564200
META,2024-10-16,579.11,579.78,571.76,574.51,11268400
META,2024-10-17,581.03,582.66,572.93,574.65,8701200
META,2024-10-18,578.81,581.67,572.98,574.19,7694300
META,2024-10-21,573.76,574.96,566.86,572.89,8171900
META,2024-10-22,572.02,581.23,569.86,579.71,8544500
META,2024-10-23,577.68,582.69,560.28,561.47,14248400
META,2024-10-24,564.89,566.63,559.3,565.54,7184700
META,2024-10-25,571.66,579.0,569.46,570.99,11337900
META,2024-10-28,579.7,581.45,571.85,575.88,10925100
META,2024-10-29,577.86,591.33,573.13,590.94,13019100
META,2024-10-30,598.61,598.83,587.05,589.46,26864900
META,2024-10-31,582.69,587.57,560.79,565.34,26838400
META,2024-11-01,565.37,571.41,560.34,564.92,15303200
META,2024-11-04,561.87,566.45,555.69,558.47,12064600
META,2024-11-05,565.06,571.22,564.43,570.17,9775400
META,2024-11-06,560.53,570.74,552.98,569.79,18305400
META,2024-11-07,574.61,592.45,572.94,589.36,14653700
META,2024-11-08,589.21,590.76,582.21,587.01,9415700
META,2024-11-11,584.05,584.68,574.23,580.87,10209100
META,2024-11-12,586.22,597.29,578.09,582.51,16287700
META,2024-11-13,580.31,583.33,572.9,577.71,10757600
META,2024-11-14,574.72,578.47,570.75,574.88,11053700
META,2024-11-15,568.97,570.31,549.32,551.89,17712900
META,2024-11-18,554.84,557.69,547.92,552.21,14327300
META,2024-11-19,549.68,559.21,548.43,558.88,9522400
META,2024-11-20,560.71,564.11,552.01,563.29,9797300
META,2024-11-21,567.27,567.75,546.88,560.87,11154700
META,2024-11-22,561.33,561.6,552.4,556.93,9164000
META,2024-11-25,559.88,570.33,554.19,562.88,13599800
META,2024-11-26,563.77,575.22,562.97,571.28,10356600
META,2024-11-27,572.62,572.71,561.87,566.95,7200200
META,2024-11-29,566.75,576.18,564.66,572.05,7130500
META,2024-12-02,575.22,592.15,573.3,590.49,12522400
META,2024-12-03,592.65,611.78,588.92,611.23,14907200
META,2024-12-04,610.54,615.34,602.71,611.36,14697000
META,2024-12-05,614.64,617.45,604.65,606.53,8081200
META,2024-12-06,607.69,627.3,606.13,621.31,16935500
META,2024-12-09,621.46,623.93,603.78,611.15,11426000
META,2024-12-10,615.12,623.12,610.32,616.88,10938900
META,2024-12-11,620.91,635.88,619.08,630.18,10837200
META,2024-12-12,629.01,634.15,624.73,628.3,7474700
META,2024-12-13,624.74,628.59,614.46,617.9,8453300
META,2024-12-16,628.0,629.17,616.64,622.28,10885600
META,2024-12-17,624.2,630.38,614.6,617.49,12897800
META,2024-12-18,619.05,625.39,594.45,595.31,17075500
META,2024-12-19,608.47,609.6,593.13,593.7,14958100
META,2024-12-20,588.72,601.21,578.18,583.41,48989400
META,2024-12-23,587.75,599.2,584.41,597.96,10205800
META,2024-12-24,600.83,606.08,597.4,605.84,4726100
META,2024-12-26,603.58,604.39,597.06,601.45,6081400
META,2024-12-27,597.53,599.96,587.95,597.92,8084200
META,2024-12-30,586.9,595.06,583.74,589.38,7025900
META,2024-12-31,590.41,592.1,582.01,583.67,6019500
META,2025-01-02,587.87,603.01,585.97,597.36,12682300
META,2025-01-03,602.86,607.58,594.54,602.73,11436800
META,2025-01-06,609.91,629.01,603.72,628.22,14560800
META,2025-01-07,629.71,630.11,606.32,615.95,12071500
META,2025-01-08,611.47,614.5,600.9,608.8,10085800
META,2025-01-10,608.11,627.93,595.46,613.92,19256600
META,2025-01-13,605.19,607.06,596.57,606.42,10785000
META,2025-01-14,603.17,603.59,586.7,592.38,13598000
META,2025-01-15,608.29,620.5,604.59,615.18,15524300
META,2025-01-16,609.58,614.31,607.79,609.38,8355300
META,2025-01-17,622.09,623.01,601.77,610.84,17280600
META,2025-01-21,615.89,619.55,607.1,614.52,11674000
META,2025-01-22,621.34,631.71,617.48,621.54,12274000
META,2025-01-23,625.39,634.6,619.2,634.45,9910200
META,2025-01-24,634.4,649.95,632.21,645.45,19065300
META,2025-01-27,624.64,661.78,623.14,657.81,28399200
META,2025-01-28,663.91,680.43,657.4,672.21,20950100
META,2025-01-29,672.88,678.91,663.58,674.36,21377800
META,2025-01-30,694.63,708.56,673.97,684.84,29322900
META,2025-01-31,688.83,703.08,683.42,687.01,19303900
META,2025-02-03,673.79,701.79,673.13,695.27,21415700
META,2025-02-04,700.29,705.49,689.44,701.98,13826300
META,2025-02-05,701.34,715.88,696.81,702.65,17778200
META,2025-02-06,703.66,716.64,701.29,709.75,13080700
META,2025-02-07,714.55,722.73,709.51,712.27,16427100
META,2025-02-10,716.3,718.93,709.09,715.14,12904300
META,2025-02-11,711.08,721.39,707.81,717.54,12998000
META,2025-02-12,713.05,724.81,710.36,723.1,12016500
META,2025-02-13,719.25,726.71,715.78,726.27,12569100
META,2025-02-14,723.86,738.58,723.34,734.35,16901200
META,2025-02-18,733.69,734.68,704.22,714.12,21938700
META,2025-02-19,701.89,704.78,693.2,701.56,17535500
META,2025-02-20,695.09,703.41,691.46,692.66,12587400
META,2025-02-21,694.39,701.66,680.22,681.4,15660400
META,2025-02-24,684.12,685.11,660.37,666.03,15677000
META,2025-02-25,663.88,665.9,639.84,655.43,20579700
META,2025-02-26,657.58,680.86,655.93,671.58,14488700
META,2025-02-27,680.3,686.49,655.5,656.17,12500000
META,2025-02-28,655.97,667.53,640.58,666.1,17534200
META,2025-03-03,671.56,679.11,648.79,652.99,10843800
META,2025-03-04,643.48,647.71,621.69,637.99,21495200
META,2025-03-05,638.99,657.43,635.66,654.41,13770000
META,2025-03-06,645.96,648.52,622.15,625.96,13446500
META,2025-03-07,623.4,632.79,598.72,623.69,21375700
META,2025-03-10,606.16,608.19,585.03,596.11,21999900
META,2025-03-11,593.18,613.0,591.46,603.81,17401500
META,2025-03-12,627.92,631.34,607.43,617.61,15747000
META,2025-03-13,618.3,618.55,584.67,588.78,16480300
META,2025-03-14,601.44,607.49,593.44,606.23,12364500
META,2025-03-17,606.09,611.72,596.65,603.54,15473900
META,2025-03-18,598.7,598.9,573.36,581.05,20297700
META,2025-03-19,582.96,590.98,573.47,582.74,20537500
META,2025-03-20,581.44,608.82,578.2,584.68,24336500
META,2025-03-21,582.1,596.19,579.64,594.9,25015900
META,2025-03-24,613.58,621.14,610.82,617.45,15741300
META,2025-03-25,625.35,632.45,619.78,624.9,15312500
META,2025-03-26,623.48,625.34,605.24,609.6,12609800
META,2025-03-27,600.64,612.86,598.75,601.22,10436500
META,2025-03-28,598.96,600.39,572.62,575.44,17602800
META,2025-03-31,562.23,577.39,552.05,575.06,21124700
META,2025-04-01,569.55,588.58,568.71,584.68,12836600
META,2025-04-02,573.61,591.32,572.07,582.61,13470800
META,2025-04-03,544.99,551.31,529.1,530.42,34777500
META,2025-04-04,505.48,516.83,493.08,503.59,38589800
META,2025-04-07,484.01,538.15,480.81,515.09,36606100
META,2025-04-08,542.02,546.19,501.73,509.3,28034200
META,2025-04-09,508.12,586.56,500.98,584.45,39216600
META,2025-04-10,574.19,579.99,534.09,545.06,28173500
META,2025-04-11,534.3,546.16,527.4,542.34,17642300
META,2025-04-14,554.91,556.51,527.09,530.28,14130900
META,2025-04-15,530.91,536.73,516.33,520.34,15558700
META,2025-04-16,507.36,512.21,494.51,501.18,18735100
META,2025-04-17,504.11,506.16,496.89,500.35,14593500
META,2025-04-21,490.22,492.39,478.72,483.57,16166000
META,2025-04-22,490.76,505.74,485.26,499.15,17399400
META,2025-04-23,527.34,534.13,515.35,519.1,18173900
META,2025-04-24,517.56,532.7,516.33,531.95,13910000
META,2025-04-25,545.57,548.62,535.04,546.04,17098900
META,2025-04-28,554.39,557.23,539.37,548.5,15179000
META,2025-04-29,544.77,555.31,542.89,553.19,11835000
META,2025-04-30,537.19,547.86,528.31,547.76,29244000
META,2025-05-01,590.74,591.61,569.21,570.92,31159000
META,2025-05-02,582.14,602.98,577.03,595.67,24739300
META,2025-05-05,589.89,601.85,586.72,597.92,13887700
META,2025-05-06,591.19,594.69,585.26,585.98,10600700
META,2025-05-07,589.03,601.72,585.35,595.46,13139100
META,2025-05-08,604.92,609.92,595.27,596.66,14622800
META,2025-05-09,602.36,605.6,590.37,591.15,10427300
META,2025-05-12,629.5,638.94,619.63,637.99,21965100
META,2025-05-13,644.08,659.43,641.38,654.55,18570800
META,2025-05-14,659.72,661.17,652.83,657.87,12348200
META,2025-05-15,652.8,655.83,637.14,642.43,14341800
META,2025-05-16,636.52,638.99,624.74,638.9,18519000
META,2025-05-19,626.83,641.55,626.38,638.98,9592400
META,2025-05-20,634.57,637.91,630.83,635.66,6743500
META,2025-05-21,630.36,645.15,628.75,634.07,11464600
META,2025-05-22,632.62,641.8,629.29,635.13,8228400
META,2025-05-23,622.59,631.02,621.24,625.65,8454100
META,2025-05-27,633.98,641.63,631.32,640.87,9508400
META,2025-05-28,641.15,649.41,641.1,642.13,9042900
META,2025-05-29,650.18,651.85,638.06,643.59,8858800
META,2025-05-30,641.05,647.94,631.35,646.03,16241000
META,2025-06-02,642.94,671.74,642.81,669.39,15766300
META,2025-06-03,669.93,674.06,663.53,665.35,11585000
META,2025-06-04,667.81,687.45,667.06,686.4,14031900
META,2025-06-05,690.1,692.81,680.71,683.08,13083100
META,2025-06-06,694.6,701.22,690.31,696.14,11728000
META,2025-06-09,696.88,703.6,692.37,692.49,12773200
META,2025-06-10,699.77,701.64,690.0,700.82,10850100
META,2025-06-11,702.12,707.27,690.43,692.57,9582500
META,2025-06-12,691.74,693.81,685.45,691.8,7322700
META,2025-06-13,686.4,693.0,679.47,681.33,9274400
META,2025-06-16,698.29,706.1,692.48,701.07,13720300
META,2025-06-17,700.95,704.92,695.02,696.19,10066100
META,2025-06-18,697.14,700.55,693.87,694.73,10068300
META,2025-06-20,699.71,700.78,677.66,681.33,22538600
META,2025-06-23,682.67,698.01,677.74,697.49,11080100
META,2025-06-24,703.84,712.13,701.06,711.14,13823200
META,2025-06-25,712.26,715.51,704.33,707.62,9320400
META,2025-06-26,713.3,727.14,709.99,725.01,13964800
META,2025-06-27,725.44,734.34,724.78,732.54,18775700
META,2025-06-30,743.44,746.79,733.16,736.99,15402100
META,2025-07-01,735.78,736.65,714.3,718.15,13431200
META,2025-07-02,714.27,719.23,711.74,712.51,9336700
META,2025-07-03,725.53,727.94,713.36,717.94,8601700
META,2025-07-07,716.53,725.92,712.45,717.28,9457100
META,2025-07-08,720.5,721.83,713.75,719.6,7770700
META,2025-07-09,721.64,736.43,721.64,731.69,11418000
META,2025-07-10,730.46,734.7,718.53,726.16,9913600
META,2025-07-11,721.42,724.08,708.64,716.44,10873900
META,2025-07-14,716.53,726.92,715.48,719.85,8939400
META,2025-07-15,722.82,723.39,708.76,709.33,11529500
META,2025-07-16,712.31,712.91,698.23,701.86,13067600
META,2025-07-17,703.34,704.85,696.07,700.37,11803300
META,2025-07-18,701.14,703.66,690.62,703.23,12779800
META,2025-07-21,705.75,715.93,704.71,711.91,9404400
META,2025-07-22,715.12,715.53,700.37,703.76,8921100
META,2025-07-23,705.32,713.57,703.88,712.52,8771600
META,2025-07-24,715.98,722.54,712.94,713.74,10920800
META,2025-07-25,715.85,719.58,710.84,711.62,8271700
META,2025-07-28,714.14,723.66,711.62,716.56,8715700
META,2025-07-29,718.93,723.39,698.87,698.96,13267000
META,2025-07-30,707.04,707.45,690.17,694.17,27077300
META,2025-07-31,774.05,783.58,764.37,772.29,38831100
META,2025-08-01,759.6,764.86,744.2,748.89,19028700
META,2025-08-04,758.87,775.69,757.28,775.21,15801700
META,2025-08-05,775.29,781.96,761.86,762.32,11640300
META,2025-08-06,768.85,772.49,759.33,770.84,9733900
META,2025-08-07,772.34,773.85,758.42,760.7,9019700
META,2025-08-08,761.61,768.75,757.45,768.15,7320800
META,2025-08-11,768.93,772.31,763.53,764.73,7612000
META,2025-08-12,771.85,792.49,771.28,788.82,14563100
META,2025-08-13,789.97,794.28,777.07,778.92,8811800
META,2025-08-14,776.72,786.64,771.36,780.97,8116200
META,2025-08-15,782.98,795.06,779.66,784.06,13375400
META,2025-08-18,773.94,774.65,755.43,766.23,16513700
META,2025-08-19,765.98,766.03,748.24,750.36,12286700
META,2025-08-20,746.46,749.08,729.91,746.61,11898200
META,2025-08-21,743.6,744.39,732.02,738.0,8876300
META,2025-08-22,738.13,755.77,733.3,753.67,10612700
META,2025-08-25,753.7,757.75,749.01,752.18,6861200
META,2025-08-26,749.68,753.75,746.83,752.98,7601800
META,2025-08-27,751.18,753.03,741.73,746.27,8315400
META,2025-08-28,742.89,751.93,739.7,749.99,7468000
META,2025-08-29,744.17,746.03,734.26,737.6,9070500
META,2025-09-02,724.96,734.9,720.66,734.02,9350900
META,2025-09-03,734.9,739.15,732.9,735.95,7699300
META,2025-09-04,747.46,760.03,744.71,747.54,11439100
META,2025-09-05,751.5,756.82,743.92,751.33,9663400
META,2025-09-08,754.87,765.37,750.9,751.18,13087800
META,2025-09-09,756.36,765.16,752.31,764.56,10999000
META,2025-09-10,763.99,764.56,749.88,750.86,12478300
META,2025-09-11,753.53,755.97,747.26,749.78,7923300
META,2025-09-12,747.62,756.44,742.65,754.47,8248600
META,2025-09-15,756.34,772.92,750.87,763.56,10533800
META,2025-09-16,765.86,780.2,763.96,777.84,11782500
META,2025-09-17,778.83,782.12,765.17,774.57,9400900
META,2025-09-18,779.59,787.61,772.21,779.09,10955000
META,2025-09-19,785.25,789.62,768.04,777.22,23696800
META,2025-09-22,781.21,785.09,763.85,764.54,11706900
META,2025-09-23,768.62,769.97,750.46,754.78,10872600
META,2025-09-24,756.88,760.49,751.92,760.04,8828200
META,2025-09-25,752.84,756.15,743.94,748.3,10591100
META,2025-09-26,749.39,751.32,736.75,743.14,9696300
META,2025-09-29,748.11,750.17,738.55,742.79,9246800
META,2025-09-30,741.65,742.36,725.71,733.78,16226800
META,2025-10-01,720.9,721.26,709.62,716.76,20419600
META,2025-10-02,721.99,727.18,717.55,726.46,11415300
META,2025-10-03,729.04,730.4,709.6,709.98,16154300
META,2025-10-06,704.62,716.3,689.95,715.08,21654700
META,2025-10-07,717.14,717.91,705.17,712.5,12062900
META,2025-10-08,712.87,719.06,707.23,717.26,10790600
META,2025-10-09,717.69,732.91,711.86,732.91,12717200
META,2025-10-10,730.32,734.67,703.94,704.73,16980100
META,2025-10-13,712.43,719.35,707.06,715.12,9251800
META,2025-10-14,707.2,714.97,698.76,708.07,8829800
META,2025-10-15,716.48,723.31,708.93,716.97,10246800
META,2025-10-16,716.97,724.9,703.31,711.49,9017000
META,2025-10-17,706.5,717.95,705.54,716.34,12232400
META,2025-10-20,720.6,733.17,719.59,731.57,8900200
META,2025-10-21,735.42,737.9,728.16,732.67,7647300
META,2025-10-22,733.23,740.0,723.44,732.81,8734500
META,2025-10-23,734.1,741.8,732.5,733.4,9856000
META,2025-10-24,736.19,740.61,730.55,737.76,9151300
META,2025-10-27,749.12,755.13,747.4,750.21,11321100
META,2025-10-28,752.02,757.78,744.91,750.83,12193800
META,2025-10-29,754.13,758.54,741.9,751.06,26818600
META,2025-10-30,668.6,680.41,649.64,665.93,88440100
META,2025-10-31,673.96,674.34,645.04,647.82,56953200
META,2025-11-03,655.47,658.79,635.66,637.19,33003600
META,2025-11-04,627.53,641.22,625.5,626.81,27356600
META,2025-11-05,631.79,641.71,626.03,635.43,20219900
META,2025-11-06,635.33,635.48,617.5,618.44,23628800
META,2025-11-07,615.99,621.62,600.71,621.2,29946800
META,2025-11-10,630.58,634.48,617.61,631.25,19245000
META,2025-11-11,627.49,629.05,618.89,626.57,13302200
META,2025-11-12,627.62,628.48,607.27,608.51,24493300
META,2025-11-13,612.57,617.15,602.51,609.39,20973800
META,2025-11-14,601.3,613.18,594.71,608.96,20724100
META,2025-11-17,608.54,611.19,594.91,601.52,16501300
META,2025-11-18,591.12,603.17,583.3,597.2,25500600
META,2025-11-19,593.24,594.84,580.78,589.84,24744700
META,2025-11-20,603.01,606.23,582.87,588.67,20603000
META,2025-11-21,588.02,597.63,581.39,593.77,21052600
META,2025-11-24,598.23,616.2,597.14,612.55,23554900
META,2025-11-25,623.49,636.53,617.8,635.7,25213000
META,2025-11-26,637.17,637.84,631.12,633.09,15209500
META,2025-11-28,635.56,647.52,634.98,647.42,11033200
META,2025-12-01,639.03,644.79,637.24,640.35,13029900
META,2025-12-02,641.82,647.34,637.55,646.57,11640900
META,2025-12-03,643.88,648.32,637.03,639.08,11134300
META,2025-12-04,675.45,675.55,659.51,660.99,29874600
META,2025-12-05,663.46,674.14,661.85,672.87,21207900
META,2025-12-08,668.79,676.16,664.53,666.26,13161000
META,2025-12-09,663.23,663.94,652.81,656.42,12997100
META,2025-12-10,649.42,653.98,642.88,649.6,16910900
META,2025-12-11,642.77,654.75,640.28,652.18,13056700
META,2025-12-12,649.27,710.42,638.09,643.71,14016900
META,2025-12-15,645.7,653.0,638.7,647.51,15549100
META,2025-12-16,643.5,662.54,643.2,657.15,14309100
META,2025-12-17,655.61,661.23,649.2,649.5,15598500
META,2025-12-18,657.03,670.56,656.46,664.45,20260300
META,2025-12-19,666.42,671.0,658.18,658.77,49977100
META,2025-12-22,661.65,673.58,656.65,661.5,15659400
META,2025-12-23,660.05,666.0,658.25,664.94,8486800
META,2025-12-24,662.53,668.18,662.2,667.55,5627500
META,2025-12-26,668.06,668.95,661.32,663.29,7133800
META,2025-12-29,658.01,660.25,654.39,658.69,8506500
META,2025-12-30,658.69,672.22,657.84,665.95,9187500
META,2025-12-31,664.75,665.0,659.44,660.09,7940400
META,2026-01-02,662.73,664.39,643.5,650.41,13726500
META,2026-01-05,651.01,664.54,647.75,658.79,12213700
META,2026-01-06,659.57,665.52,651.9,660.62,11074400
META,2026-01-07,655.64,659.15,644.81,648.69,12846300
META,2026-01-08,645.88,647.1,635.72,646.06,11921700
META,2026-01-09,645.44,654.95,642.85,653.06,11634900
META,2026-01-12,652.53,653.97,641.23,641.97,14797200
META,2026-01-13,642.27,642.27,624.1,631.09,18030400
META,2026-01-14,626.5,628.45,614.82,615.52,15527900
META,2026-01-15,618.48,624.17,614.23,620.8,13076100
META,2026-01-16,624.18,629.08,620.08,620.25,17012500
META,2026-01-20,607.88,611.4,600.0,604.12,15169600
META,2026-01-21,606.74,618.27,600.08,612.96,14494700
META,2026-01-22,629.35,660.57,626.55,647.63,21394700
META,2026-01-23,644.77,666.49,644.45,658.76,22797700
META,2026-01-26,665.13,675.28,661.29,672.36,16327400
META,2026-01-27,674.59,676.82,664.66,672.97,13297400
META,2026-01-28,674.5,677.68,666.1,668.73,25709600
META,2026-01-29,737.43,744.0,712.55,738.31,59852900
META,2026-01-30,727.5,732.17,713.59,716.5,23744600
META,2026-02-02,714.6,721.3,703.52,706.41,14365200
META,2026-02-03,707.37,717.0,686.41,691.7,13760700
META,2026-02-04,687.73,688.83,667.46,668.99,16882800
META,2026-02-05,663.58,681.5,653.5,670.21,17131800
META,2026-02-06,665.49,671.99,646.5,661.46,18159300
META,2026-02-09,663.18,683.31,658.78,677.22,14837500
META,2026-02-10,677.6,680.65,669.79,670.72,10455800
META,2026-02-11,674.0,679.27,657.1,668.69,14323800
META,2026-02-12,669.97,676.0,645.28,649.81,14960100
META,2026-02-13,645.1,651.43,634.57,639.77,12336400
META,2026-02-17,639.5,642.6,628.8,639.29,12674700
META,2026-02-18,633.8,645.0,628.15,643.22,14649200
META,2026-02-19,638.57,647.19,636.72,644.78,10035700
META,2026-02-20,639.69,663.35,638.78,655.66,14183500
META,2026-02-23,652.54,657.7,636.0,637.25,8581100
META,2026-02-24,633.08,641.11,628.98,639.3,10135600
META,2026-02-25,642.53,653.88,642.14,653.69,11330700
META,2026-02-26,650.55,661.0,647.5,657.01,10637700
META,2026-02-27,643.45,649.44,638.12,648.18,15703000
META,2026-03-02,637.16,659.94,634.5,653.56,9816100
META,2026-03-03,648.29,659.04,638.84,655.08,12263800
META,2026-03-04,657.96,672.75,657.67,667.73,10709535
META,2026-03-05,661.93,670.7,650.31,660.57,13314300
META,2026-03-06,647.9,649.46,636.18,644.86,13000591
META,2026-03-09,634.78,647.75,626.78,647.39,13463300
META,2026-03-10,653.56,660.3,649.0,654.07,9844600
META,2026-03-11,654.76,659.12,648.36,654.86,8940900
META,2026-03-12,648.82,653.5,636.9,638.18,11019525
META,2026-03-13,623.27,629.17,609.55,613.71,18758294
MSFT,2022-01-03,323.74,326.3,318.36,323.16,28865100
MSFT,2022-01-04,323.24,323.6,314.83,317.62,32674300
MSFT,2022-01-05,314.58,314.78,305.04,305.43,40054300
MSFT,2022-01-06,302.31,307.67,300.71,303.01,39646100
MSFT,2022-01-07,303.27,305.54,299.35,303.17,32720000
MSFT,2022-01-10,298.78,303.82,294.14,303.39,44289500
MSFT,2022-01-11,302.53,305.65,299.16,304.08,29386800
MSFT,2022-01-12,308.6,312.21,306.1,307.25,34372200
MSFT,2022-01-13,309.38,309.77,293.48,294.25,45366000
MSFT,2022-01-14,293.72,300.06,293.23,299.46,39846400
MSFT,2022-01-18,293.54,299.07,291.29,292.17,42333200
MSFT,2022-01-19,295.69,303.04,292.22,292.83,45933900
MSFT,2022-01-20,298.37,300.86,290.71,291.16,35380700
MSFT,2022-01-21,292.21,293.58,285.38,285.78,57984400
MSFT,2022-01-24,282.08,286.82,266.49,286.11,85731500
MSFT,2022-01-25,281.43,284.78,275.3,278.5,72848600
MSFT,2022-01-26,297.33,297.82,282.89,286.44,90428900
MSFT,2022-01-27,292.18,296.66,287.62,289.46,53481300
MSFT,2022-01-28,289.84,297.8,284.26,297.59,49743700
MSFT,2022-01-31,298.25,301.57,295.76,300.21,46444500
MSFT,2022-02-01,299.66,299.88,294.57,298.07,40950400
MSFT,2022-02-02,298.91,304.21,298.19,302.61,36636000
MSFT,2022-02-03,298.78,300.46,289.58,290.82,43730000
MSFT,2022-02-04,289.82,298.11,289.58,295.35,35096500
MSFT,2022-02-07,295.57,297.18,289.52,290.53,28533300
MSFT,2022-02-08,290.82,294.98,289.57,294.02,32421200
MSFT,2022-02-09,299.14,301.13,296.75,300.44,31284700
MSFT,2022-02-10,293.51,298.42,290.29,291.91,45386200
MSFT,2022-02-11,292.69,293.76,284.03,284.83,39175600
MSFT,2022-02-14,283.6,286.49,281.26,284.79,36359500
MSFT,2022-02-15,289.62,290.39,286.74,290.07,27058300
MSFT,2022-02-16,288.64,291.05,284.1,289.73,29982100
MSFT,2022-02-17,286.69,287.12,280.54,281.25,32461600
MSFT,2022-02-18,283.49,284.27,276.97,278.54,34264000
MSFT,2022-02-22,275.7,282.03,275.22,278.33,41736100
MSFT,2022-02-23,280.71,282.18,270.96,271.13,37811200
MSFT,2022-02-24,263.62,285.53,262.66,284.98,56989700
MSFT,2022-02-25,285.51,287.92,282.14,287.61,32546700
MSFT,2022-02-28,284.71,289.38,283.44,289.04,34627500
MSFT,2022-03-01,286.73,290.18,282.62,285.33,31217800
MSFT,2022-03-02,285.72,291.63,284.12,290.4,31873000
MSFT,2022-03-03,293.01,293.24,284.46,286.27,27314500
MSFT,2022-03-04,284.69,286.01,277.8,280.4,32356500
MSFT,2022-03-07,279.12,280.24,269.44,269.81,43157200
MSFT,2022-03-08,268.74,274.7,261.19,266.85,48159500
MSFT,2022-03-09,274.19,280.15,271.62,279.09,35204500
MSFT,2022-03-10,273.79,277.25,271.43,276.27,30628000
MSFT,2022-03-11,278.57,280.06,270.31,270.93,27209300
MSFT,2022-03-14,271.19,276.09,266.82,267.42,30660700
MSFT,2022-03-15,271.2,278.43,269.64,277.78,34245100
MSFT,2022-03-16,279.68,284.96,273.96,284.79,37826300
MSFT,2022-03-17,283.72,285.97,279.93,285.59,30816600
MSFT,2022-03-18,285.73,291.18,283.18,290.63,43390600
MSFT,2022-03-21,289.14,290.35,285.28,289.4,28351200
MSFT,2022-03-22,290.02,295.05,289.02,294.14,27599700
MSFT,2022-03-23,290.71,293.34,288.01,289.72,25715400
MSFT,2022-03-24,289.38,294.28,288.59,294.18,24484500
MSFT,2022-03-25,295.27,295.53,289.53,293.77,22566500
MSFT,2022-03-28,294.4,300.66,294.4,300.56,29578200
MSFT,2022-03-29,303.67,305.52,298.97,305.12,30393400
MSFT,2022-03-30,303.52,305.64,301.41,303.62,28163600
MSFT,2022-03-31,303.66,304.86,297.85,298.25,33422100
MSFT,2022-04-01,299.28,300.01,295.57,299.33,27110500
MSFT,2022-04-04,299.97,304.83,299.61,304.69,24289600
MSFT,2022-04-05,303.05,304.6,299.76,300.74,23156700
MSFT,2022-04-06,295.23,296.98,287.03,289.73,40110400
MSFT,2022-04-07,286.98,293.74,286.68,291.54,31411200
MSFT,2022-04-08,290.64,291.3,286.61,287.28,24361900
MSFT,2022-04-11,282.27,283.06,275.7,275.95,34569300
MSFT,2022-04-12,279.8,281.25,271.34,272.86,30966700
MSFT,2022-04-13,273.51,279.17,272.12,278.24,21907200
MSFT,2022-04-14,278.69,278.9,270.21,270.7,28221600
MSFT,2022-04-18,269.81,273.24,269.26,271.37,20778000
MSFT,2022-04-19,270.27,276.83,269.33,275.99,22297700
MSFT,2022-04-20,279.96,280.25,276.06,277.02,22906700
MSFT,2022-04-21,279.17,283.73,270.92,271.65,29454600
MSFT,2022-04-22,272.49,273.96,264.46,265.09,29405800
MSFT,2022-04-25,264.37,271.94,261.94,271.56,35678900
MSFT,2022-04-26,268.45,269.28,261.19,261.4,46518400
MSFT,2022-04-27,272.9,281.48,270.05,273.98,63477700
MSFT,2022-04-28,275.89,281.49,272.28,280.18,33646600
MSFT,2022-04-29,279.19,280.42,267.48,268.47,37073900
MSFT,2022-05-02,268.65,275.64,267.21,275.19,35151100
MSFT,2022-05-03,274.7,274.86,271.01,272.59,25978600
MSFT,2022-05-04,273.37,281.39,267.7,280.52,33599300
MSFT,2022-05-05,276.22,277.01,265.39,268.3,43260400
MSFT,2022-05-06,265.84,270.14,262.42,265.77,37780300
MSFT,2022-05-09,261.25,263.47,254.73,255.95,47726000
MSFT,2022-05-10,262.83,264.82,256.42,260.71,39336400
MSFT,2022-05-11,257.01,262.51,250.84,252.05,48975900
MSFT,2022-05-12,249.28,251.4,241.86,247.02,51033800
MSFT,2022-05-13,248.95,254.46,247.02,252.6,34925100
MSFT,2022-05-16,251.48,257.15,247.44,252.97,32550900
MSFT,2022-05-17,257.43,259.58,253.9,258.12,28828800
MSFT,2022-05-18,255.01,255.59,245.09,246.36,31356000
MSFT,2022-05-19,246.19,249.84,244.23,245.45,32692300
MSFT,2022-05-20,249.43,250.69,238.96,244.89,39199300
MSFT,2022-05-23,247.73,253.56,245.73,252.73,33175400
MSFT,2022-05-24,250.06,253.39,245.8,251.74,29043900
MSFT,2022-05-25,250.3,256.54,249.32,254.55,28547900
MSFT,2022-05-26,254.3,259.0,253.49,257.82,25002100
MSFT,2022-05-27,260.33,265.04,259.43,264.94,26910800
MSFT,2022-05-31,264.25,266.42,260.76,263.61,37827700
MSFT,2022-06-01,266.84,269.26,261.84,264.15,25292200
MSFT,2022-06-02,256.42,266.31,253.65,266.24,44008200
MSFT,2022-06-03,262.1,265.15,260.26,261.82,28059000
MSFT,2022-06-06,263.8,265.85,259.1,260.59,22400300
MSFT,2022-06-07,258.54,264.83,257.86,264.22,22860700
MSFT,2022-06-08,263.46,264.71,261.42,262.2,17372300
MSFT,2022-06-09,259.65,264.43,256.59,256.75,26439700
MSFT,2022-06-10,252.67,252.67,244.86,245.31,31422800
MSFT,2022-06-13,237.67,241.46,234.19,234.9,46135800
MSFT,2022-06-14,236.45,238.28,234.18,237.06,28651500
MSFT,2022-06-15,240.77,247.55,238.94,244.11,33111700
MSFT,2022-06-16,238.51,239.91,235.64,237.53,33169200
MSFT,2022-06-17,237.27,242.89,236.62,240.13,43084800
MSFT,2022-06-21,242.66,247.01,241.93,246.03,29928300
MSFT,2022-06-22,244.24,249.36,242.77,245.44,25939900
MSFT,2022-06-23,247.81,251.49,245.93,251.0,25861400
MSFT,2022-06-24,253.86,259.84,253.77,259.57,33923200
MSFT,2022-06-27,260.06,260.15,255.28,256.84,24615100
MSFT,2022-06-28,255.96,258.8,248.54,248.69,27295500
MSFT,2022-06-29,249.77,254.01,247.99,252.36,20069800
MSFT,2022-06-30,249.24,251.65,245.22,249.03,31730900
MSFT,2022-07-01,248.6,251.88,246.88,251.7,22837700
MSFT,2022-07-05,248.38,254.99,247.0,254.87,22941000
MSFT,2022-07-06,255.74,259.85,254.43,258.12,23824400
MSFT,2022-07-07,257.07,260.89,256.97,260.25,20859900
MSFT,2022-07-08,256.75,259.96,255.29,259.53,19658800
MSFT,2022-07-11,257.58,258.44,254.22,256.48,19455200
MSFT,2022-07-12,257.8,257.86,244.39,245.97,35868500
MSFT,2022-07-13,242.59,245.85,240.57,245.04,29497400
MSFT,2022-07-14,242.96,247.39,238.47,246.36,25102800
MSFT,2022-07-15,247.95,252.46,247.03,248.92,29774100
MSFT,2022-07-18,251.86,252.92,245.61,246.53,20975000
MSFT,2022-07-19,249.76,251.83,245.98,251.65,25012600
MSFT,2022-07-20,252.01,256.83,251.05,254.3,22788300
MSFT,2022-07-21,251.9,256.85,249.22,256.8,22404700
MSFT,2022-07-22,257.18,257.27,251.2,252.45,21881300
MSFT,2022-07-25,253.07,253.56,249.01,250.97,21056000
MSFT,2022-07-26,251.97,251.99,241.99,244.25,39348000
MSFT,2022-07-27,253.23,261.85,250.99,260.58,45994000
MSFT,2022-07-28,261.56,269.4,259.73,268.02,33459300
MSFT,2022-07-29,269.27,273.44,268.23,272.21,32152800
MSFT,2022-08-01,269.38,272.74,267.46,269.57,21539600
MSFT,2022-08-02,267.62,269.45,264.11,266.47,22754200
MSFT,2022-08-03,268.35,274.89,268.21,273.89,23518900
MSFT,2022-08-04,273.24,275.18,271.66,275.04,18098700
MSFT,2022-08-05,270.67,275.04,270.22,274.32,16774600
MSFT,2022-08-08,275.42,277.24,270.84,271.81,18739200
MSFT,2022-08-09,271.15,274.48,269.18,273.73,23405200
MSFT,2022-08-10,279.42,281.01,278.23,280.38,24687800
MSFT,2022-08-11,282.02,282.37,277.81,278.3,20065900
MSFT,2022-08-12,279.72,283.04,278.23,283.04,22619700
MSFT,2022-08-15,282.16,285.25,281.3,284.56,18085700
MSFT,2022-08-16,283.12,285.11,281.6,283.82,18102900
MSFT,2022-08-17,281.54,285.04,281.27,283.07,18253400
MSFT,2022-08-18,281.97,283.65,280.9,281.95,17186200
MSFT,2022-08-19,280.72,281.06,277.47,278.05,20570000
MSFT,2022-08-22,274.09,274.46,269.37,269.89,25061100
MSFT,2022-08-23,268.61,270.96,267.6,268.61,17527400
MSFT,2022-08-24,267.61,269.38,267.32,267.98,18137000
MSFT,2022-08-25,269.48,271.12,266.75,270.95,16583400
MSFT,2022-08-26,271.18,272.4,260.39,260.5,27549300
MSFT,2022-08-29,258.32,259.83,256.38,257.72,20338500
MSFT,2022-08-30,259.12,259.49,253.28,255.52,22767100
MSFT,2022-08-31,257.88,259.55,253.93,254.07,24791800
MSFT,2022-09-01,251.54,253.5,248.18,253.03,23263400
MSFT,2022-09-02,254.29,257.24,247.27,248.81,22855400
MSFT,2022-09-06,248.95,250.53,244.81,246.08,21328200
MSFT,2022-09-07,247.49,251.5,246.05,250.78,24126700
MSFT,2022-09-08,250.22,253.06,247.58,251.2,20319900
MSFT,2022-09-09,253.12,257.72,252.92,256.97,22084700
MSFT,2022-09-12,258.25,259.88,257.65,259.1,18747700
MSFT,2022-09-13,251.51,253.03,244.47,244.86,33353300
MSFT,2022-09-14,246.35,247.03,242.79,245.08,23913000
MSFT,2022-09-15,242.7,244.28,237.11,238.43,31530900
MSFT,2022-09-16,237.34,238.35,235.21,237.81,39791800
MSFT,2022-09-19,235.6,238.2,234.03,237.6,26826900
MSFT,2022-09-20,235.22,236.62,232.86,235.59,26660300
MSFT,2022-09-21,237.35,240.65,232.14,232.18,28625600
MSFT,2022-09-22,231.14,236.96,230.84,234.16,31061200
MSFT,2022-09-23,232.76,234.3,228.54,231.18,34176000
MSFT,2022-09-26,230.34,234.61,230.19,230.73,27694200
MSFT,2022-09-27,233.19,234.95,227.86,229.72,27018700
MSFT,2022-09-28,230.11,235.47,228.08,234.24,29029700
MSFT,2022-09-29,232.13,233.16,227.77,230.78,27484200
MSFT,2022-09-30,231.54,233.73,226.14,226.31,35694800
MSFT,2022-10-03,228.74,234.77,228.02,233.92,28880400
MSFT,2022-10-04,238.15,243.27,238.04,241.83,34888400
MSFT,2022-10-05,239.03,243.49,237.19,242.14,20347100
MSFT,2022-10-06,240.91,243.25,239.11,239.8,20239900
MSFT,2022-10-07,234.08,234.49,226.57,227.61,37769600
MSFT,2022-10-10,226.45,227.92,220.31,222.76,29743600
MSFT,2022-10-11,221.18,222.57,217.76,219.03,30474000
MSFT,2022-10-12,219.02,221.41,217.62,219.36,21903900
MSFT,2022-10-13,213.63,229.42,212.93,227.61,42551800
MSFT,2022-10-14,228.87,230.52,221.87,222.09,30198600
MSFT,2022-10-17,229.14,232.19,228.48,230.8,28142300
MSFT,2022-10-18,236.35,237.02,228.71,231.75,26329600
MSFT,2022-10-19,230.33,232.83,227.66,229.78,19985700
MSFT,2022-10-20,229.09,234.48,228.22,229.46,21811000
MSFT,2022-10-21,228.09,236.12,227.86,235.26,26299700
MSFT,2022-10-24,236.86,240.82,234.47,240.25,24911200
MSFT,2022-10-25,240.26,243.93,238.87,243.56,34775500
MSFT,2022-10-26,224.62,231.55,223.55,224.77,82543200
MSFT,2022-10-27,224.5,227.07,219.39,220.33,40424600
MSFT,2022-10-28,219.83,229.9,219.65,229.19,40647700
MSFT,2022-10-31,227.14,228.27,224.61,225.56,28357300
MSFT,2022-11-01,227.96,229.07,220.89,221.71,30592300
MSFT,2022-11-02,222.96,224.75,213.81,213.87,38407000
MSFT,2022-11-03,213.86,214.17,207.92,208.18,36633900
MSFT,2022-11-04,211.39,215.32,207.39,215.12,36789100
MSFT,2022-11-07,215.7,221.94,215.01,221.42,33498000
MSFT,2022-11-08,222.22,225.09,219.45,222.39,28192500
MSFT,2022-11-09,220.93,222.16,217.98,218.15,27852900
MSFT,2022-11-10,228.76,236.44,228.35,236.1,46268000
MSFT,2022-11-11,236.11,240.97,235.08,240.11,34620200
MSFT,2022-11-14,235.14,237.0,232.44,234.71,31123300
MSFT,2022-11-15,238.7,240.01,233.23,235.12,31390100
MSFT,2022-11-16,236.58,237.56,234.27,235.55,24093300
MSFT,2022-11-17,231.7,237.03,231.55,235.5,23123500
MSFT,2022-11-18,237.28,237.51,232.92,235.05,27613500
MSFT,2022-11-21,235.26,238.41,235.02,235.86,26394700
MSFT,2022-11-22,237.36,239.04,234.55,238.76,19665700
MSFT,2022-11-23,238.84,241.93,238.02,241.25,19508500
MSFT,2022-11-25,240.99,242.34,240.42,241.16,9200800
MSFT,2022-11-28,239.79,240.34,234.64,235.58,24778200
MSFT,2022-11-29,235.23,236.58,232.12,234.18,17956300
MSFT,2022-11-30,234.42,248.8,233.73,248.61,47594200
MSFT,2022-12-01,247.38,249.57,244.5,248.18,26041500
MSFT,2022-12-02,243.43,249.51,243.3,248.5,21528500
MSFT,2022-12-05,245.56,247.33,241.72,243.8,23435300
MSFT,2022-12-06,244.41,245.42,237.55,238.85,22463700
MSFT,2022-12-07,238.57,239.86,236.02,238.12,20481500
MSFT,2022-12-08,238.58,242.38,236.84,241.07,22611800
MSFT,2022-12-09,238.44,241.96,237.92,239.14,20609700
MSFT,2022-12-12,241.12,246.08,240.85,246.05,30665100
MSFT,2022-12-13,255.0,257.17,246.6,250.35,42196900
MSFT,2022-12-14,250.55,255.87,247.81,250.64,35410900
MSFT,2022-12-15,247.23,247.7,241.01,242.64,35560400
MSFT,2022-12-16,242.19,243.45,237.28,238.43,86102000
MSFT,2022-12-19,238.6,238.94,232.61,234.3,29696400
MSFT,2022-12-20,233.28,236.7,232.32,235.62,25150800
MSFT,2022-12-21,235.51,239.34,233.97,238.18,23690600
MSFT,2022-12-22,235.09,235.8,227.89,232.1,28651700
MSFT,2022-12-23,230.07,232.76,227.96,232.62,21207000
MSFT,2022-12-27,232.6,232.82,229.8,230.9,16688600
MSFT,2022-12-28,230.83,233.59,228.18,228.53,17457100
MSFT,2022-12-29,229.62,235.73,229.62,234.85,19770700
MSFT,2022-12-30,232.12,233.82,230.61,233.69,21938500
MSFT,2023-01-03,236.86,239.46,231.33,233.45,25740000
MSFT,2023-01-04,226.34,226.91,220.18,223.24,50623400
MSFT,2023-01-05,221.39,221.73,216.09,216.62,39585600
MSFT,2023-01-06,217.3,219.99,213.74,219.18,43613600
MSFT,2023-01-09,220.66,225.33,220.62,221.31,27369800
MSFT,2023-01-10,221.94,225.39,221.52,223.0,27033900
MSFT,2023-01-11,225.37,229.92,225.2,229.74,28669300
MSFT,2023-01-12,229.24,233.76,227.59,232.41,27269500
MSFT,2023-01-13,230.94,233.25,228.91,233.11,21333300
MSFT,2023-01-17,231.88,234.75,231.03,234.2,29831300
MSFT,2023-01-18,235.39,236.18,229.5,229.78,30028700
MSFT,2023-01-19,227.8,229.5,224.78,226.0,28623000
MSFT,2023-01-20,228.85,234.58,228.51,234.08,35389800
MSFT,2023-01-23,234.93,238.9,233.52,236.38,31934000
MSFT,2023-01-24,236.3,237.71,234.29,235.85,40234400
MSFT,2023-01-25,228.48,237.08,224.99,234.46,66526600
MSFT,2023-01-26,237.42,241.96,235.81,241.66,33454500
MSFT,2023-01-27,242.62,243.44,240.52,241.81,26498900
MSFT,2023-01-30,238.26,239.32,236.01,236.5,25867400
MSFT,2023-01-31,237.22,241.61,236.74,241.47,26541100
MSFT,2023-02-01,241.66,248.65,239.19,246.29,31259900
MSFT,2023-02-02,252.2,257.92,250.67,257.83,39940400
MSFT,2023-02-03,252.9,257.44,250.52,251.74,29077300
MSFT,2023-02-06,250.86,251.69,248.26,250.2,22518000
MSFT,2023-02-07,253.87,261.9,253.43,260.72,50841400
MSFT,2023-02-08,266.21,269.68,259.4,259.91,54686000
MSFT,2023-02-09,266.8,266.97,256.08,256.88,42375100
MSFT,2023-02-10,254.84,257.34,253.99,256.37,25818500
MSFT,2023-02-13,260.8,267.58,260.32,264.38,44630900
MSFT,2023-02-14,265.7,267.94,262.39,265.21,37047900
MSFT,2023-02-15,262.11,264.47,260.02,263.09,28922400
MSFT,2023-02-16,257.91,260.57,255.84,256.09,29603600
MSFT,2023-02-17,253.39,254.07,250.08,252.09,30000100
MSFT,2023-02-21,248.59,249.58,245.77,246.82,28397400
MSFT,2023-02-22,248.21,248.46,244.55,245.69,22491100
MSFT,2023-02-23,249.65,250.9,244.69,248.88,29219100
MSFT,2023-02-24,244.18,245.19,242.36,243.45,24990900
MSFT,2023-02-27,246.62,246.97,243.62,244.37,21190000
MSFT,2023-02-28,243.31,245.67,242.98,243.65,22491000
MSFT,2023-03-01,244.96,245.12,240.1,240.57,27565300
MSFT,2023-03-02,240.85,245.58,239.93,245.3,24808200
MSFT,2023-03-03,246.36,249.71,245.57,249.38,30760100
MSFT,2023-03-06,250.5,254.1,250.06,250.93,24109800
MSFT,2023-03-07,250.37,251.73,247.53,248.27,21473200
MSFT,2023-03-08,248.16,248.65,245.01,247.83,17340200
MSFT,2023-03-09,249.9,253.56,245.76,246.48,26653400
MSFT,2023-03-10,245.27,246.94,241.87,242.84,28333900
MSFT,2023-03-13,241.68,251.94,240.05,248.05,33339700
MSFT,2023-03-14,250.81,255.03,249.94,254.76,33620300
MSFT,2023-03-15,253.97,260.32,253.21,259.3,46028000
MSFT,2023-03-16,259.07,270.16,257.19,269.81,54768800
MSFT,2023-03-17,271.82,276.78,269.93,272.97,69527400
MSFT,2023-03-20,270.57,271.06,263.61,265.93,43466600
MSFT,2023-03-21,268.52,268.64,263.28,267.45,34558700
MSFT,2023-03-22,267.08,274.54,265.88,265.99,34873300
MSFT,2023-03-23,271.51,274.56,268.83,271.24,36610900
MSFT,2023-03-24,270.83,274.14,268.91,274.08,28172000
MSFT,2023-03-27,274.01,274.95,269.15,269.99,26840200
MSFT,2023-03-28,269.41,269.75,265.76,268.86,21878600
MSFT,2023-03-29,272.51,274.64,271.97,274.02,25087000
MSFT,2023-03-30,277.65,277.88,274.97,277.48,25053400
MSFT,2023-03-31,277.17,282.58,276.45,281.63,32766000
MSFT,2023-04-03,279.89,281.6,277.38,280.59,24883300
MSFT,2023-04-04,280.59,283.73,279.06,280.54,25824300
MSFT,2023-04-05,279.24,280.51,276.37,277.76,22064800
MSFT,2023-04-06,276.66,285.32,275.51,284.85,29770300
MSFT,2023-04-10,282.52,282.9,278.12,282.7,23103000
MSFT,2023-04-11,279.14,279.36,275.12,276.29,27276600
MSFT,2023-04-12,278.2,280.37,275.44,276.93,27403400
MSFT,2023-04-13,277.03,283.19,276.62,283.13,24222700
MSFT,2023-04-14,280.36,281.81,277.13,279.52,20987900
MSFT,2023-04-17,283.22,284.85,279.54,282.12,23836200
MSFT,2023-04-18,284.82,285.01,280.37,281.7,20161800
MSFT,2023-04-19,279.37,282.36,277.96,281.78,17150300
MSFT,2023-04-20,278.65,282.34,278.48,279.49,23244400
MSFT,2023-04-21,278.42,279.65,276.51,279.15,21676400
MSFT,2023-04-24,275.56,278.36,272.27,275.25,26611000
MSFT,2023-04-25,273.04,275.09,269.0,269.05,45772200
MSFT,2023-04-26,289.84,292.64,285.96,288.54,64599200
MSFT,2023-04-27,289.12,298.14,288.42,297.78,46462600
MSFT,2023-04-28,296.98,301.78,296.29,300.15,36469600
MSFT,2023-05-01,299.87,301.46,298.09,298.49,21294100
MSFT,2023-05-02,300.64,302.03,296.88,298.34,26404400
MSFT,2023-05-03,299.53,301.47,297.06,297.36,22360800
MSFT,2023-05-04,299.16,300.64,296.38,298.34,22519900
MSFT,2023-05-05,298.65,304.75,297.23,303.46,28197100
MSFT,2023-05-08,302.96,303.02,299.01,301.51,21318600
MSFT,2023-05-09,300.87,302.87,299.22,299.9,21340800
MSFT,2023-05-10,301.48,305.76,300.55,305.08,30078000
MSFT,2023-05-11,302.93,303.92,299.17,302.94,31680200
MSFT,2023-05-12,303.37,303.46,299.51,301.82,19774700
MSFT,2023-05-15,301.95,302.73,300.47,302.3,16336500
MSFT,2023-05-16,302.66,306.45,302.66,304.53,26730300
MSFT,2023-05-17,305.73,307.83,304.21,307.41,24315000
MSFT,2023-05-18,307.93,312.34,307.13,311.83,27276000
MSFT,2023-05-19,310.09,312.06,309.73,311.66,27546700
MSFT,2023-05-22,311.91,315.82,311.33,314.44,24115700
MSFT,2023-05-23,313.31,315.94,308.63,308.64,30797200
MSFT,2023-05-24,308.12,309.85,306.05,307.26,23384900
MSFT,2023-05-25,316.45,320.04,313.28,319.08,43301700
MSFT,2023-05-26,317.22,326.4,317.08,325.9,36630600
MSFT,2023-05-30,328.19,328.69,323.58,324.26,29503100
MSFT,2023-05-31,325.31,328.89,320.46,321.49,45950600
MSFT,2023-06-01,319.09,326.53,317.9,325.6,26773900
MSFT,2023-06-02,327.23,330.41,325.57,328.36,25873800
MSFT,2023-06-05,328.18,331.45,327.63,328.89,21307100
MSFT,2023-06-06,328.29,328.33,325.19,326.67,20396200
MSFT,2023-06-07,324.69,327.47,315.73,316.59,40717100
MSFT,2023-06-08,317.14,319.78,316.56,318.43,23277700
MSFT,2023-06-09,318.17,323.06,317.6,319.93,22529000
MSFT,2023-06-12,321.68,325.13,318.33,324.88,24260300
MSFT,2023-06-13,327.45,329.9,323.45,327.27,22951300
MSFT,2023-06-14,327.32,331.92,325.82,330.26,26003800
MSFT,2023-06-15,330.39,342.49,330.12,340.79,38899100
MSFT,2023-06-16,343.94,344.09,334.77,335.14,46552000
MSFT,2023-06-20,332.18,334.9,328.81,330.95,26375400
MSFT,2023-06-21,329.31,330.64,325.1,326.56,25117800
MSFT,2023-06-22,327.1,332.98,326.34,332.58,23556800
MSFT,2023-06-23,327.34,330.86,326.45,327.98,23146900
MSFT,2023-06-26,326.71,329.05,321.59,321.7,21520600
MSFT,2023-06-27,324.89,329.09,322.39,327.54,24354100
MSFT,2023-06-28,327.63,330.88,326.8,328.8,20259500
MSFT,2023-06-29,327.68,329.05,325.64,328.01,16997000
MSFT,2023-06-30,330.66,335.53,330.12,333.39,26832800
MSFT,2023-07-03,332.07,333.74,329.5,330.89,12508700
MSFT,2023-07-05,328.05,334.48,327.7,331.05,18172400
MSFT,2023-07-06,330.22,335.79,328.46,334.1,28161200
MSFT,2023-07-07,332.19,334.61,329.92,330.14,21214800
MSFT,2023-07-10,327.57,328.19,320.71,324.86,32791400
MSFT,2023-07-11,324.11,325.87,320.13,325.49,26698200
MSFT,2023-07-12,329.53,334.48,328.62,330.12,29995300
MSFT,2023-07-13,332.43,336.52,331.9,335.46,20567200
MSFT,2023-07-14,340.29,344.05,337.08,337.99,28352700
MSFT,2023-07-17,338.42,339.7,335.01,338.47,20363900
MSFT,2023-07-18,338.57,359.08,334.98,351.94,64738600
MSFT,2023-07-19,354.15,354.85,345.04,347.62,39732900
MSFT,2023-07-20,346.15,350.45,338.12,339.59,33778400
MSFT,2023-07-21,341.82,342.94,332.69,336.55,69405400
MSFT,2023-07-24,338.59,339.64,335.12,337.86,26678100
MSFT,2023-07-25,339.82,344.5,337.82,343.61,41637700
MSFT,2023-07-26,334.27,337.43,326.12,330.68,58383700
MSFT,2023-07-27,333.33,334.16,322.14,323.78,39635300
MSFT,2023-07-28,326.66,332.87,326.17,331.26,28484900
MSFT,2023-07-31,329.85,330.61,326.36,328.87,25446000
MSFT,2023-08-01,328.15,331.43,326.69,329.28,18311900
MSFT,2023-08-02,326.62,326.62,319.51,320.62,27761300
MSFT,2023-08-03,319.15,322.95,319.11,319.8,18253700
MSFT,2023-08-04,324.91,328.1,320.37,320.9,23741500
MSFT,2023-08-07,321.47,324.16,320.64,323.18,17741500
MSFT,2023-08-08,320.09,321.85,316.22,319.2,22327600
MSFT,2023-08-09,319.61,320.24,314.31,315.46,22373300
MSFT,2023-08-10,319.17,321.37,314.44,316.15,20113700
MSFT,2023-08-11,313.54,315.64,312.51,314.27,24355500
MSFT,2023-08-14,314.64,317.26,313.36,317.24,18836100
MSFT,2023-08-15,316.22,318.26,314.16,315.1,16966300
MSFT,2023-08-16,314.73,318.28,313.75,314.34,20698900
MSFT,2023-08-17,314.47,315.78,310.23,310.88,21257200
MSFT,2023-08-18,308.54,312.35,305.65,310.49,24755000
MSFT,2023-08-21,311.91,316.66,311.04,315.79,24040000
MSFT,2023-08-22,319.34,319.91,315.38,316.36,16084600
MSFT,2023-08-23,317.69,322.97,317.34,320.81,21166400
MSFT,2023-08-24,326.55,326.68,313.9,313.91,23281400
MSFT,2023-08-25,315.39,319.2,312.77,316.87,21684100
MSFT,2023-08-28,319.5,319.98,315.63,317.57,14808500
MSFT,2023-08-29,315.79,322.75,315.79,322.19,19284600
MSFT,2023-08-30,322.45,323.57,320.27,322.57,15222100
MSFT,2023-08-31,322.97,324.65,320.6,321.56,26411000
MSFT,2023-09-01,325.04,325.71,320.6,322.44,14942000
MSFT,2023-09-05,322.77,328.51,322.44,327.24,18553900
MSFT,2023-09-06,327.07,328.13,323.93,326.58,17535800
MSFT,2023-09-07,325.02,326.78,322.8,323.67,18381000
MSFT,2023-09-08,323.84,329.8,323.22,327.94,19530100
MSFT,2023-09-11,330.86,332.02,329.08,331.54,16583300
MSFT,2023-09-12,329.46,330.42,325.21,325.49,17565500
MSFT,2023-09-13,325.04,330.47,324.9,329.7,16544400
MSFT,2023-09-14,332.73,334.41,330.2,332.29,20267000
MSFT,2023-09-15,330.54,331.01,323.41,323.97,37679800
MSFT,2023-09-18,321.6,324.15,320.18,322.83,16834200
MSFT,2023-09-19,320.0,323.16,318.37,322.43,16505900
MSFT,2023-09-20,323.27,323.35,314.44,314.7,21436500
MSFT,2023-09-21,313.22,319.19,309.04,313.48,35560400
MSFT,2023-09-22,315.24,315.37,310.17,311.01,21447900
MSFT,2023-09-25,310.6,311.66,309.04,311.53,17836000
MSFT,2023-09-26,309.17,309.9,304.15,306.23,26297600
MSFT,2023-09-27,306.39,308.35,303.83,306.87,19410100
MSFT,2023-09-28,305.1,309.51,303.59,307.7,19683600
MSFT,2023-09-29,311.74,313.42,309.02,309.77,24147300
MSFT,2023-10-02,310.29,315.8,309.21,315.71,20570000
MSFT,2023-10-03,314.76,315.31,305.32,307.46,21033500
MSFT,2023-10-04,308.09,313.98,308.06,312.92,20720100
MSFT,2023-10-05,313.05,313.92,308.94,313.32,16965600
MSFT,2023-10-06,310.56,322.96,310.31,321.07,25673600
MSFT,2023-10-09,318.6,324.05,317.06,323.58,19891200
MSFT,2023-10-10,324.7,324.83,321.47,322.17,20557100
MSFT,2023-10-11,324.94,326.52,322.91,326.13,20063200
MSFT,2023-10-12,324.31,327.32,322.5,324.89,19313100
MSFT,2023-10-13,326.09,327.51,320.18,321.53,21072400
MSFT,2023-10-16,324.78,329.78,324.34,326.34,22158000
MSFT,2023-10-17,323.35,327.15,321.21,325.78,18338500
MSFT,2023-10-18,326.2,329.24,322.09,323.86,23153600
MSFT,2023-10-19,325.86,330.5,324.65,325.05,25052100
MSFT,2023-10-20,325.44,325.64,319.29,320.49,25027700
MSFT,2023-10-23,319.31,326.43,318.25,323.09,24374700
MSFT,2023-10-24,325.03,325.56,321.4,324.27,31153600
MSFT,2023-10-25,338.49,339.65,331.23,334.22,55053800
MSFT,2023-10-26,334.09,335.16,320.75,321.68,37828500
MSFT,2023-10-27,324.18,330.35,322.18,323.57,29856500
MSFT,2023-10-30,327.1,333.03,325.55,330.93,22828100
MSFT,2023-10-31,332.44,332.58,328.36,331.71,20265300
MSFT,2023-11-01,333.36,340.84,333.22,339.52,28158800
MSFT,2023-11-02,340.67,342.23,338.24,341.73,24348100
MSFT,2023-11-03,343.01,347.68,340.76,346.12,23637700
MSFT,2023-11-06,346.76,350.77,346.66,349.78,23828300
MSFT,2023-11-07,352.6,355.6,350.86,353.71,25833900
MSFT,2023-11-08,354.83,356.98,353.73,356.33,26767800
MSFT,2023-11-09,355.44,357.89,353.54,353.86,24847300
MSFT,2023-11-10,354.65,363.1,354.24,362.67,28042100
MSFT,2023-11-13,361.25,361.5,358.98,359.74,19986500
MSFT,2023-11-14,363.99,364.91,360.4,363.26,27683900
MSFT,2023-11-15,364.99,366.81,360.89,363.41,26860100
MSFT,2023-11-16,364.68,369.98,363.91,369.8,27182300
MSFT,2023-11-17,367.28,368.03,360.79,363.59,40157000
MSFT,2023-11-20,364.93,372.45,364.72,371.05,52465100
MSFT,2023-11-21,369.31,369.85,364.84,366.75,28423100
MSFT,2023-11-22,371.6,373.36,368.62,371.45,23345300
MSFT,2023-11-24,370.94,371.57,368.79,371.04,10176600
MSFT,2023-11-27,370.4,374.19,369.83,372.2,22179200
MSFT,2023-11-28,371.94,376.51,371.76,376.22,20453100
MSFT,2023-11-29,377.26,377.79,371.05,372.43,28963400
MSFT,2023-11-30,372.08,373.65,369.11,372.49,30554400
MSFT,2023-12-01,370.38,371.76,365.02,368.17,33040500
MSFT,2023-12-04,362.85,363.26,356.75,362.89,32063300
MSFT,2023-12-05,360.24,366.76,359.43,366.21,23065000
MSFT,2023-12-06,367.21,367.84,361.8,362.55,21182100
MSFT,2023-12-07,361.99,365.16,360.12,364.67,23118900
MSFT,2023-12-08,362.95,368.12,361.99,367.89,20154400
MSFT,2023-12-11,362.24,365.31,359.9,365.01,27708800
MSFT,2023-12-12,364.57,368.08,364.19,368.04,24838300
MSFT,2023-12-13,369.65,371.24,364.49,368.03,30955500
MSFT,2023-12-14,366.99,367.43,357.96,359.73,43277500
MSFT,2023-12-15,360.64,366.09,360.08,364.45,78502300
MSFT,2023-12-18,363.19,366.68,362.44,366.34,21802900
MSFT,2023-12-19,365.2,366.94,363.58,366.94,20603700
MSFT,2023-12-20,368.65,369.66,364.26,364.34,26316700
MSFT,2023-12-21,366.25,368.07,363.77,367.21,17708000
MSFT,2023-12-22,367.35,368.83,366.4,368.24,17107500
MSFT,2023-12-26,368.65,370.56,367.17,368.32,12673100
MSFT,2023-12-27,367.36,368.71,366.5,367.74,14905400
MSFT,2023-12-28,369.01,370.08,367.82,368.92,14327000
MSFT,2023-12-29,369.63,370.77,367.16,369.67,18730800
MSFT,2024-01-02,367.53,369.53,360.56,364.59,25258600
MSFT,2024-01-03,362.76,366.94,362.27,364.32,23083500
MSFT,2024-01-04,364.39,366.78,360.95,361.71,20901500
MSFT,2024-01-05,362.72,365.76,360.29,361.52,21004600
MSFT,2024-01-08,363.05,368.85,362.76,368.34,23134000
MSFT,2024-01-09,365.71,369.62,364.9,369.43,20830000
MSFT,2024-01-10,370.0,377.66,369.95,376.29,25514200
MSFT,2024-01-11,379.46,384.06,373.94,378.12,27850800
MSFT,2024-01-12,378.96,382.1,378.14,381.89,21661200
MSFT,2024-01-16,386.99,387.36,381.06,383.66,27202300
MSFT,2024-01-17,381.41,383.5,378.29,382.87,22234100
MSFT,2024-01-18,385.09,387.32,383.51,387.2,23392100
MSFT,2024-01-19,389.06,391.92,386.84,391.92,29331100
MSFT,2024-01-22,393.25,393.84,386.92,389.8,27016900
MSFT,2024-01-23,389.05,392.62,387.26,392.14,20525900
MSFT,2024-01-24,394.74,398.76,393.67,395.74,24867000
MSFT,2024-01-25,397.47,400.12,395.71,398.01,21021200
MSFT,2024-01-26,397.52,399.29,395.62,397.09,17803300
MSFT,2024-01-29,399.18,403.04,397.48,402.78,24510200
MSFT,2024-01-30,405.28,406.06,399.57,401.67,33477600
MSFT,2024-01-31,400.07,408.29,390.48,390.85,47871100
MSFT,2024-02-01,395.03,401.09,395.0,396.94,30657700
MSFT,2024-02-02,396.97,405.66,396.73,404.26,28256700
MSFT,2024-02-05,402.96,404.2,397.15,398.78,25352300
MSFT,2024-02-06,399.01,401.06,396.09,398.62,18382600
MSFT,2024-02-07,400.54,407.28,400.5,407.04,22340500
MSFT,2024-02-08,407.04,408.52,405.54,407.1,21225300
MSFT,2024-02-09,408.22,413.69,408.06,413.43,22032800
MSFT,2024-02-12,413.44,413.61,407.73,408.23,21202900
MSFT,2024-02-13,398.08,403.13,396.56,399.44,27824900
MSFT,2024-02-14,401.9,403.64,398.45,403.3,20401200
MSFT,2024-02-15,401.97,402.95,398.18,400.41,21825500
MSFT,2024-02-16,401.79,402.12,397.34,397.95,22296500
MSFT,2024-02-20,397.14,398.38,391.99,396.7,24307900
MSFT,2024-02-21,394.12,396.21,391.22,396.1,18518900
MSFT,2024-02-22,403.99,406.59,402.39,405.43,27009900
MSFT,2024-02-23,409.39,409.57,402.79,404.14,16295900
MSFT,2024-02-26,405.24,405.93,401.2,401.38,16193500
MSFT,2024-02-27,401.82,402.15,397.75,401.32,14835800
MSFT,2024-02-28,402.01,403.11,399.19,401.56,13183100
MSFT,2024-02-29,402.46,407.94,399.78,407.39,31947300
MSFT,2024-03-01,405.05,409.58,404.67,409.22,17823400
MSFT,2024-03-04,407.19,411.04,406.09,408.65,17596000
MSFT,2024-03-05,407.7,407.99,394.58,396.56,26919200
MSFT,2024-03-06,396.88,399.04,392.37,396.01,22344100
MSFT,2024-03-07,399.98,403.59,396.16,402.96,18718500
MSFT,2024-03-08,401.79,404.22,398.22,400.08,18002200
MSFT,2024-03-11,397.66,399.55,395.19,398.41,16120800
MSFT,2024-03-12,401.46,409.29,400.64,409.0,22457000
MSFT,2024-03-13,411.78,411.86,405.23,408.83,17115900
MSFT,2024-03-14,413.89,421.35,411.67,418.79,34157300
MSFT,2024-03-15,412.95,416.21,406.55,410.13,45079900
MSFT,2024-03-18,407.99,414.37,407.53,411.01,20106000
MSFT,2024-03-19,411.51,415.3,409.27,415.04,19837900
MSFT,2024-03-20,415.62,419.52,414.3,418.8,17860100
MSFT,2024-03-21,423.33,424.31,420.7,422.88,21296200
MSFT,2024-03-22,423.2,423.36,419.63,422.26,17648500
MSFT,2024-03-25,418.81,420.95,415.24,416.47,18060500
MSFT,2024-03-26,419.18,419.55,414.98,415.28,16725600
MSFT,2024-03-27,418.02,418.03,412.68,415.06,16705000
MSFT,2024-03-28,414.6,415.49,412.78,414.36,21871200
MSFT,2024-04-01,417.54,421.42,415.84,418.15,16316000
MSFT,2024-04-02,413.76,416.0,411.52,415.07,17912000
MSFT,2024-04-03,413.39,416.86,412.75,414.09,16502300
MSFT,2024-04-04,418.57,422.19,411.26,411.56,19370900
MSFT,2024-04-05,413.66,420.06,412.0,419.09,16554800
MSFT,2024-04-08,418.74,420.82,416.9,418.17,14272400
MSFT,2024-04-09,419.99,421.27,415.25,419.84,12496900
MSFT,2024-04-10,415.81,417.62,413.36,416.86,16216600
MSFT,2024-04-11,419.38,422.88,415.98,421.46,17966400
MSFT,2024-04-12,417.64,418.75,413.42,415.52,19253800
MSFT,2024-04-15,420.15,420.37,407.18,407.39,20273500
MSFT,2024-04-16,408.3,412.08,407.48,408.31,16765600
MSFT,2024-04-17,410.94,412.55,404.13,405.61,15855500
MSFT,2024-04-18,404.42,405.66,397.84,398.16,21029900
MSFT,2024-04-19,397.92,399.35,391.76,393.09,30565800
MSFT,2024-04-22,394.03,396.76,389.77,394.9,20286900
MSFT,2024-04-23,398.13,402.03,396.97,401.41,15734500
MSFT,2024-04-24,403.37,406.23,400.63,402.88,15065300
MSFT,2024-04-25,388.07,393.84,382.16,393.01,40586500
MSFT,2024-04-26,405.94,406.76,399.63,400.18,29694700
MSFT,2024-04-29,399.12,400.18,393.16,396.17,19582100
MSFT,2024-04-30,395.42,396.08,383.29,383.44,28781400
MSFT,2024-05-01,386.68,395.65,384.41,388.97,23562500
MSFT,2024-05-02,391.65,393.88,388.68,391.83,17709400
MSFT,2024-05-03,396.2,401.0,395.79,400.51,17446700
MSFT,2024-05-06,402.58,407.67,400.23,407.29,16996600
MSFT,2024-05-07,408.39,408.4,402.91,403.15,20018200
MSFT,2024-05-08,402.0,406.0,400.56,404.33,11792300
MSFT,2024-05-09,404.36,406.48,402.92,406.09,14689700
MSFT,2024-05-10,406.7,409.1,405.57,408.47,13402300
MSFT,2024-05-13,411.69,412.03,404.61,407.47,15440200
MSFT,2024-05-14,405.79,411.18,405.33,410.26,15109300
MSFT,2024-05-15,412.33,418.16,411.7,417.44,22239500
MSFT,2024-05-16,416.17,419.74,414.74,415.37,17530100
MSFT,2024-05-17,416.9,417.28,412.45,414.6,15352200
MSFT,2024-05-20,414.6,421.08,414.39,419.67,16272100
MSFT,2024-05-21,421.14,427.19,419.18,423.32,21453300
MSFT,2024-05-22,424.35,426.64,421.43,424.78,18073700
MSFT,2024-05-23,427.19,427.82,419.74,421.3,17211700
MSFT,2024-05-24,421.49,425.31,418.75,424.42,11855300
MSFT,2024-05-28,423.9,425.07,420.91,424.58,15718000
MSFT,2024-05-29,420.01,425.19,420.01,423.44,15517100
MSFT,2024-05-30,418.64,418.64,408.71,409.14,28394500
MSFT,2024-05-31,411.19,411.19,399.11,409.59,47995300
MSFT,2024-06-03,409.99,410.87,403.46,408.0,17484700
MSFT,2024-06-04,406.93,410.88,404.21,410.52,14348900
MSFT,2024-06-05,412.24,418.42,410.75,418.35,16988000
MSFT,2024-06-06,418.35,419.64,414.97,418.86,14861300
MSFT,2024-06-07,420.51,420.59,417.36,418.2,13621700
MSFT,2024-06-10,419.03,422.37,418.24,422.16,13982900
MSFT,2024-06-11,419.8,427.05,419.58,426.91,14551100
MSFT,2024-06-12,429.51,437.48,427.47,435.18,22366200
MSFT,2024-06-13,434.97,437.48,433.51,435.69,15960600
MSFT,2024-06-14,432.43,437.23,430.89,436.67,13582000
MSFT,2024-06-17,436.69,444.92,434.84,442.39,20790000
MSFT,2024-06-18,443.71,444.14,438.96,440.39,17112500
MSFT,2024-06-20,440.35,440.57,435.38,439.75,19877400
MSFT,2024-06-21,441.41,444.57,440.55,443.78,34187100
MSFT,2024-06-24,443.8,446.71,440.45,441.7,15913700
MSFT,2024-06-25,442.27,445.4,440.79,444.93,16413400
MSFT,2024-06-26,443.01,447.55,442.21,446.13,16507000
MSFT,2024-06-27,446.15,450.08,445.74,446.81,14806300
MSFT,2024-06-28,447.03,449.31,440.45,440.99,28362300
MSFT,2024-07-01,442.67,451.27,439.71,450.64,17662800
MSFT,2024-07-02,447.15,453.46,447.07,453.15,13979800
MSFT,2024-07-03,452.08,454.87,451.77,454.62,9932800
MSFT,2024-07-05,453.48,462.1,452.85,461.32,16000300
MSFT,2024-07-08,460.33,461.46,458.26,460.02,12962300
MSFT,2024-07-09,460.77,461.1,451.89,453.41,17207200
MSFT,2024-07-10,455.07,460.24,452.74,460.03,18196100
MSFT,2024-07-11,456.8,458.58,445.53,448.63,23111200
MSFT,2024-07-12,448.27,450.27,444.64,447.5,16324300
MSFT,2024-07-15,447.25,451.16,445.41,447.9,14429400
MSFT,2024-07-16,448.16,448.24,440.7,443.52,17175700
MSFT,2024-07-17,436.69,438.92,433.32,437.6,21778000
MSFT,2024-07-18,438.41,438.72,428.61,434.5,20794800
MSFT,2024-07-19,427.32,435.26,426.24,431.28,20940400
MSFT,2024-07-22,435.9,438.67,433.05,437.03,15808800
MSFT,2024-07-23,437.98,442.41,437.19,438.92,13107100
MSFT,2024-07-24,434.57,435.59,421.89,423.18,26805800
MSFT,2024-07-25,423.08,424.07,411.94,412.82,29943800
MSFT,2024-07-26,412.62,423.2,411.7,419.6,23583800
MSFT,2024-07-29,425.82,426.39,419.03,421.04,15125800
MSFT,2024-07-30,422.01,423.33,411.79,417.28,32687600
MSFT,2024-07-31,414.89,416.15,406.71,412.77,42891400
MSFT,2024-08-01,415.18,421.76,407.58,411.55,30296400
MSFT,2024-08-02,406.99,409.46,398.95,403.04,29437900
MSFT,2024-08-05,383.98,395.69,380.44,389.88,40709200
MSFT,2024-08-06,394.66,400.26,393.18,394.28,24946500
MSFT,2024-08-07,403.19,404.61,392.17,393.11,20650900
MSFT,2024-08-08,397.07,400.45,394.6,397.32,20203000
MSFT,2024-08-09,398.64,402.61,396.89,400.6,19276700
MSFT,2024-08-12,401.63,403.31,398.85,401.38,16762900
MSFT,2024-08-13,404.13,409.41,404.11,408.49,19414300
MSFT,2024-08-14,409.27,412.15,406.95,411.3,18267000
MSFT,2024-08-15,414.95,416.24,412.83,416.16,20752100
MSFT,2024-08-16,415.74,416.47,412.48,413.63,22775600
MSFT,2024-08-19,414.12,416.87,411.64,416.66,15234000
MSFT,2024-08-20,416.82,420.94,416.77,419.89,16387600
MSFT,2024-08-21,419.18,421.47,416.84,419.24,16067300
MSFT,2024-08-22,419.45,421.86,409.82,410.75,19361900
MSFT,2024-08-23,412.16,414.41,407.33,411.97,18493800
MSFT,2024-08-26,411.56,412.46,406.58,408.71,13152800
MSFT,2024-08-27,408.09,409.57,405.51,409.06,13492900
MSFT,2024-08-28,410.08,410.2,402.6,405.85,14882700
MSFT,2024-08-29,410.14,417.17,405.85,408.34,17045200
MSFT,2024-08-30,410.79,412.66,407.37,412.32,24308300
MSFT,2024-09-03,413.08,415.03,402.32,404.71,20313600
MSFT,2024-09-04,401.22,406.49,399.69,404.17,15135800
MSFT,2024-09-05,402.91,408.32,401.43,403.67,14195500
MSFT,2024-09-06,404.33,405.9,396.17,397.06,19609500
MSFT,2024-09-09,402.53,403.93,397.5,401.03,15295100
MSFT,2024-09-10,403.48,411.52,402.99,409.41,19594300
MSFT,2024-09-11,410.7,419.09,404.84,418.15,19266900
MSFT,2024-09-12,418.42,422.43,414.9,422.06,17395700
MSFT,2024-09-13,420.91,426.84,420.54,425.61,15874600
MSFT,2024-09-16,425.62,428.52,423.27,426.35,13834700
MSFT,2024-09-17,435.14,436.74,427.27,430.12,18874200
MSFT,2024-09-18,429.97,430.99,425.43,425.83,18898000
MSFT,2024-09-19,436.13,436.4,431.85,433.62,21706600
MSFT,2024-09-20,432.16,434.16,429.2,430.24,55167100
MSFT,2024-09-23,429.26,431.41,425.41,428.5,15128900
MSFT,2024-09-24,427.99,428.34,421.17,424.21,17015800
MSFT,2024-09-25,424.86,428.11,423.61,427.11,13396400
MSFT,2024-09-26,430.06,430.27,424.17,426.32,14492000
MSFT,2024-09-27,426.53,426.86,422.53,423.07,14896100
MSFT,2024-09-30,423.26,425.44,420.45,425.32,16807300
MSFT,2024-10-01,423.5,423.53,413.97,415.83,19092900
MSFT,2024-10-02,417.69,417.93,411.89,412.31,16582300
MSFT,2024-10-03,412.8,414.7,409.5,411.72,13686400
MSFT,2024-10-04,413.4,414.9,410.17,411.25,19169700
MSFT,2024-10-07,411.19,412.29,404.27,404.8,20919800
MSFT,2024-10-08,406.15,410.85,403.45,409.92,19229300
MSFT,2024-10-09,411.05,415.52,409.51,412.63,14974300
MSFT,2024-10-10,410.43,412.52,408.37,411.03,13848400
MSFT,2024-10-11,411.33,412.31,408.47,411.51,14144900
MSFT,2024-10-14,412.94,419.14,412.69,414.29,16653100
MSFT,2024-10-15,417.3,417.6,410.46,413.9,18900200
MSFT,2024-10-16,410.37,411.55,405.73,411.31,15508900
MSFT,2024-10-17,417.48,417.62,410.79,411.9,14820000
MSFT,2024-10-18,412.32,414.8,411.45,413.33,17145300
MSFT,2024-10-21,411.31,414.12,408.97,413.94,14206100
MSFT,2024-10-22,413.65,425.6,413.21,422.57,25482200
MSFT,2024-10-23,425.88,426.1,417.64,419.69,19654400
MSFT,2024-10-24,420.41,421.05,417.52,419.82,13581600
MSFT,2024-10-25,421.83,427.52,421.64,423.2,16899100
MSFT,2024-10-28,426.67,426.95,421.37,421.66,14882400
MSFT,2024-10-29,423.05,428.16,420.88,426.96,17644100
MSFT,2024-10-30,432.38,433.43,427.1,427.53,29749100
MSFT,2024-10-31,410.56,411.35,401.6,401.65,53971000
MSFT,2024-11-01,404.28,410.7,402.79,405.63,24230400
MSFT,2024-11-04,405.06,405.67,400.88,403.74,19672300
MSFT,2024-11-05,403.65,410.1,403.36,406.7,17626000
MSFT,2024-11-06,407.65,415.59,405.77,415.32,26681800
MSFT,2024-11-07,416.41,421.91,415.03,420.51,19901800
MSFT,2024-11-08,420.4,421.57,416.9,417.65,16891400
MSFT,2024-11-11,417.63,419.9,411.19,413.18,24503300
MSFT,2024-11-12,413.41,419.53,412.38,418.14,19401200
MSFT,2024-11-13,416.77,424.37,413.37,420.28,21502200
MSFT,2024-11-14,420.09,423.22,415.14,421.95,30246900
MSFT,2024-11-15,414.97,417.91,408.86,410.2,28247600
MSFT,2024-11-18,410.07,413.56,407.34,410.95,24727000
MSFT,2024-11-19,408.33,413.11,406.79,412.96,18133500
MSFT,2024-11-20,412.05,412.47,405.83,410.69,19191700
MSFT,2024-11-21,415.48,415.76,406.36,408.91,20780200
MSFT,2024-11-22,407.43,413.4,407.12,413.0,24814600
MSFT,2024-11-25,414.37,417.04,410.87,414.78,27691100
MSFT,2024-11-26,415.57,424.93,414.84,423.89,23458900
MSFT,2024-11-27,421.04,423.14,417.98,418.94,18332400
MSFT,2024-11-29,416.06,420.81,413.8,419.4,16271900
MSFT,2024-12-02,417.53,428.85,417.27,426.85,20207200
MSFT,2024-12-03,425.72,428.33,423.64,427.07,18302000
MSFT,2024-12-04,428.88,435.46,428.48,433.23,26009400
MSFT,2024-12-05,433.72,440.4,431.99,438.38,21697800
MSFT,2024-12-06,438.06,441.82,437.54,439.32,18821000
MSFT,2024-12-09,438.36,444.03,436.28,441.75,19144400
MSFT,2024-12-10,440.13,445.31,437.37,439.08,18469500
MSFT,2024-12-11,439.79,446.03,439.79,444.69,19200200
MSFT,2024-12-12,444.81,451.79,444.81,445.25,20834800
MSFT,2024-12-13,444.14,447.1,441.31,442.98,20177800
MSFT,2024-12-16,442.98,447.85,441.01,447.26,23598800
MSFT,2024-12-17,446.69,450.93,445.26,450.1,22733500
MSFT,2024-12-18,446.99,448.31,432.83,433.2,24444500
MSFT,2024-12-19,437.39,438.93,432.14,432.84,22963700
MSFT,2024-12-20,428.96,439.49,424.52,432.42,64263700
MSFT,2024-12-23,432.55,433.46,428.68,431.08,19152500
MSFT,2024-12-24,430.48,435.39,430.03,435.12,7164500
MSFT,2024-12-26,434.87,436.71,432.45,433.91,8194200
MSFT,2024-12-27,430.44,431.05,422.26,426.4,18117700
MSFT,2024-12-30,421.98,423.45,417.86,420.76,13158700
MSFT,2024-12-31,422.02,422.64,416.63,417.46,13246500
MSFT,2025-01-02,421.45,421.99,410.87,414.57,16896500
MSFT,2025-01-03,417.04,419.97,415.52,419.29,16662900
MSFT,2025-01-06,423.9,430.16,421.4,423.75,20573600
MSFT,2025-01-07,424.89,426.52,416.77,418.32,18139100
MSFT,2025-01-08,419.4,422.88,417.5,420.49,15054600
MSFT,2025-01-10,420.56,420.64,411.04,414.94,20201100
MSFT,2025-01-13,411.26,414.49,408.34,413.19,17604800
MSFT,2025-01-14,413.81,415.72,406.78,411.69,16935900
MSFT,2025-01-15,415.11,424.05,414.26,422.22,19637800
MSFT,2025-01-16,424.59,425.37,420.32,420.51,15300000
MSFT,2025-01-17,429.93,430.32,424.07,424.92,26197500
MSFT,2025-01-21,426.08,426.77,421.52,424.39,26085700
MSFT,2025-01-22,433.37,442.98,431.82,441.92,27803800
MSFT,2025-01-23,437.76,442.47,437.27,442.43,18389300
MSFT,2025-01-24,440.89,442.37,437.17,439.8,15549500
MSFT,2025-01-27,419.95,431.03,419.44,430.4,35647800
MSFT,2025-01-28,430.44,444.08,427.25,442.91,23491700
MSFT,2025-01-29,442.41,442.6,436.18,438.09,23581400
MSFT,2025-01-30,414.76,418.81,409.2,411.01,54586300
MSFT,2025-01-31,414.96,416.66,410.93,411.08,34161900
MSFT,2025-02-03,407.66,411.43,404.74,406.98,25679100
MSFT,2025-02-04,408.74,409.95,405.81,408.42,20532100
MSFT,2025-02-05,408.4,409.86,406.47,409.33,16316700
MSFT,2025-02-06,410.03,414.19,410.03,411.84,16309800
MSFT,2025-02-07,412.49,414.64,404.19,405.82,22886800
MSFT,2025-02-10,409.75,411.48,406.98,408.27,20817900
MSFT,2025-02-11,405.71,408.54,405.38,407.5,18140600
MSFT,2025-02-12,403.31,406.81,400.49,405.12,19121700
MSFT,2025-02-13,403.1,407.06,402.47,406.61,23891700
MSFT,2025-02-14,403.88,404.99,401.99,404.52,22758500
MSFT,2025-02-18,404.09,406.67,402.6,405.71,21423100
MSFT,2025-02-19,403.97,411.51,403.74,410.8,24114200
MSFT,2025-02-20,412.13,416.12,409.41,412.97,23508700
MSFT,2025-02-21,414.17,414.87,404.79,405.11,27524800
MSFT,2025-02-24,405.41,406.26,396.29,400.93,26443700
MSFT,2025-02-25,398.05,398.87,393.69,394.88,29387400
MSFT,2025-02-26,394.99,400.53,391.25,396.69,19619000
MSFT,2025-02-27,398.22,402.66,389.19,389.55,21127400
MSFT,2025-02-28,389.68,394.61,383.63,393.97,32845700
MSFT,2025-03-03,395.79,395.79,383.23,385.54,23007700
MSFT,2025-03-04,380.49,389.6,378.11,385.66,29342900
MSFT,2025-03-05,386.38,398.62,385.86,397.97,23433100
MSFT,2025-03-06,391.28,399.09,389.7,393.87,23304600
MSFT,2025-03-07,389.34,391.8,382.61,390.32,22034100
MSFT,2025-03-10,382.91,383.46,374.35,377.27,32840100
MSFT,2025-03-11,376.12,383.07,374.05,377.56,30380200
MSFT,2025-03-12,380.04,382.29,376.07,380.36,24253600
MSFT,2025-03-13,380.25,382.39,374.58,375.89,20473000
MSFT,2025-03-14,376.89,387.27,376.63,385.61,19952800
MSFT,2025-03-17,383.76,389.73,382.64,385.75,22474300
MSFT,2025-03-18,384.13,384.43,378.2,380.61,19486900
MSFT,2025-03-19,382.6,386.72,381.08,384.87,19185500
MSFT,2025-03-20,382.81,388.81,380.37,383.9,18470500
MSFT,2025-03-21,380.31,388.76,379.89,388.29,39675900
MSFT,2025-03-24,392.4,392.4,386.85,390.09,21004500
MSFT,2025-03-25,390.93,393.35,389.66,392.16,15775000
MSFT,2025-03-26,392.0,392.31,385.62,387.01,16108400
MSFT,2025-03-27,387.17,389.26,384.46,387.61,13766800
MSFT,2025-03-28,385.13,386.17,374.07,375.92,21632000
MSFT,2025-03-31,369.71,374.21,364.45,372.54,35184700
MSFT,2025-04-01,371.8,379.94,370.39,379.29,19689500
MSFT,2025-04-02,375.1,382.15,373.76,379.24,16092600
MSFT,2025-04-03,371.94,374.61,366.54,370.28,30198000
MSFT,2025-04-04,361.36,371.74,356.75,357.11,49209900
MSFT,2025-04-07,348.21,368.18,342.17,355.14,50425000
MSFT,2025-04-08,365.46,370.81,347.59,351.87,35868900
MSFT,2025-04-09,350.85,390.24,350.42,387.52,50199700
MSFT,2025-04-10,379.16,380.98,365.01,378.45,38024400
MSFT,2025-04-11,377.75,387.09,376.01,385.5,23839200
MSFT,2025-04-14,390.23,391.65,381.29,384.86,19251200
MSFT,2025-04-15,385.56,388.91,381.24,382.8,17199900
MSFT,2025-04-16,377.78,378.71,365.2,368.79,21967800
MSFT,2025-04-17,370.91,371.48,364.1,364.99,21120200
MSFT,2025-04-21,360.06,361.71,352.97,356.39,20807300
MSFT,2025-04-22,360.62,364.98,357.13,364.03,19485000
MSFT,2025-04-23,373.2,377.5,370.19,371.55,20545500
MSFT,2025-04-24,372.85,385.5,372.34,384.36,22232300
MSFT,2025-04-25,384.06,389.18,381.68,388.87,18973200
MSFT,2025-04-28,388.98,389.76,383.7,388.19,16579400
MSFT,2025-04-29,388.33,392.1,387.41,391.05,14974000
MSFT,2025-04-30,387.33,393.65,381.52,392.26,36461100
MSFT,2025-05-01,427.83,433.67,421.67,422.17,58938100
MSFT,2025-05-02,428.46,436.1,426.72,431.97,30757400
MSFT,2025-05-05,429.58,436.16,428.83,432.86,20136100
MSFT,2025-05-06,428.92,434.4,427.89,430.02,15104200
MSFT,2025-05-07,430.54,434.79,427.83,430.06,23295300
MSFT,2025-05-08,434.6,440.3,432.35,434.84,23491300
MSFT,2025-05-09,436.66,437.39,432.57,435.4,15324200
MSFT,2025-05-12,442.55,445.96,436.44,445.85,22821900
MSFT,2025-05-13,444.38,447.25,441.98,445.73,23618800
MSFT,2025-05-14,444.74,450.45,444.74,449.5,19902800
MSFT,2025-05-15,448.17,453.56,447.83,450.51,21992300
MSFT,2025-05-16,449.44,451.74,446.14,451.65,23849800
MSFT,2025-05-19,448.28,456.94,448.2,456.22,21336500
MSFT,2025-05-20,452.96,455.69,451.7,455.52,15441800
MSFT,2025-05-21,451.94,455.14,449.2,449.96,19216900
MSFT,2025-05-22,452.32,457.59,451.28,452.23,18025600
MSFT,2025-05-23,447.38,451.07,446.32,447.58,16883500
MSFT,2025-05-27,453.84,458.29,453.49,458.03,20974300
MSFT,2025-05-28,458.56,459.85,454.29,454.72,17086300
MSFT,2025-05-29,458.88,459.05,452.68,456.03,13974800
MSFT,2025-05-30,457.06,459.01,452.91,457.7,34770500
MSFT,2025-06-02,454.5,459.44,454.25,459.3,16626500
MSFT,2025-06-03,458.8,461.46,458.2,460.3,15743800
MSFT,2025-06-04,461.32,463.0,460.35,461.19,14162700
MSFT,2025-06-05,462.27,466.94,461.35,464.98,20131700
MSFT,2025-06-06,467.37,470.61,466.07,467.66,15285600
MSFT,2025-06-09,466.99,470.7,465.91,470.02,16469900
MSFT,2025-06-10,468.47,470.07,464.26,468.2,15375900
MSFT,2025-06-11,467.31,472.72,466.95,469.89,16399200
MSFT,2025-06-12,472.28,477.65,470.79,476.1,18950600
MSFT,2025-06-13,473.66,476.41,470.03,472.22,16814500
MSFT,2025-06-16,472.47,477.91,472.26,476.37,15626100
MSFT,2025-06-17,472.65,475.98,471.34,475.28,15414100
MSFT,2025-06-18,475.24,478.22,471.72,477.47,17526500
MSFT,2025-06-20,479.44,480.67,474.12,474.64,37576200
MSFT,2025-06-23,475.45,484.93,469.78,483.19,24864000
MSFT,2025-06-24,486.13,489.01,483.99,487.28,22305600
MSFT,2025-06-25,489.2,491.7,486.56,489.43,17495100
MSFT,2025-06-26,490.13,495.16,489.96,494.58,21578900
MSFT,2025-06-27,494.68,496.42,490.18,493.08,34539200
MSFT,2025-06-30,494.17,497.87,492.47,494.54,28369000
MSFT,2025-07-01,493.6,495.17,488.14,489.21,19945400
MSFT,2025-07-02,487.16,490.65,485.88,488.25,16319600
MSFT,2025-07-03,490.96,497.24,490.59,495.96,13984800
MSFT,2025-07-07,494.51,495.87,492.37,494.85,13981600
MSFT,2025-07-08,494.37,495.32,491.26,493.75,11846600
MSFT,2025-07-09,497.41,503.85,496.85,500.6,18659500
MSFT,2025-07-10,500.14,501.53,494.88,498.58,16492100
MSFT,2025-07-11,495.59,502.11,494.92,500.41,16459500
MSFT,2025-07-14,498.62,501.06,498.14,500.11,12058800
MSFT,2025-07-15,500.11,505.36,499.89,502.9,14927200
MSFT,2025-07-16,502.26,503.79,498.99,502.7,15154400
MSFT,2025-07-17,502.76,510.4,502.7,508.74,17503100
MSFT,2025-07-18,511.51,511.67,504.5,507.1,21209700
MSFT,2025-07-21,503.78,509.13,502.63,507.11,14066800
MSFT,2025-07-22,508.02,508.25,502.35,502.35,13868600
MSFT,2025-07-23,503.82,503.86,497.81,502.95,16396600
MSFT,2025-07-24,505.83,510.7,504.37,507.93,16107000
MSFT,2025-07-25,509.51,515.3,507.41,510.74,19125700
MSFT,2025-07-28,511.11,512.03,507.17,509.54,14308000
MSFT,2025-07-29,512.55,514.63,508.61,509.61,16469200
MSFT,2025-07-30,512.19,512.97,506.5,510.28,26380400
MSFT,2025-07-31,552.02,552.24,528.83,530.42,51617300
MSFT,2025-08-01,531.91,532.71,517.85,521.08,28977600
MSFT,2025-08-04,525.22,535.14,525.08,532.55,25349000
MSFT,2025-08-05,534.08,534.2,524.19,524.7,19171600
MSFT,2025-08-06,527.83,528.63,521.0,521.91,21355700
MSFT,2025-08-07,523.76,525.04,514.56,517.83,16079100
MSFT,2025-08-08,519.58,521.63,516.41,519.02,15531000
MSFT,2025-08-11,519.28,524.54,516.72,518.76,20194400
MSFT,2025-08-12,520.73,527.91,519.68,526.18,18667000
MSFT,2025-08-13,529.04,529.62,516.37,517.57,19619200
MSFT,2025-08-14,519.54,522.91,517.14,519.46,20269100
MSFT,2025-08-15,519.75,523.06,516.08,517.17,25213300
MSFT,2025-08-18,518.58,519.8,511.05,514.11,23760600
MSFT,2025-08-19,512.03,512.18,505.61,506.83,21481000
MSFT,2025-08-20,506.93,508.05,501.53,502.8,27723000
MSFT,2025-08-21,501.6,505.53,500.64,502.15,18443300
MSFT,2025-08-22,502.16,508.62,500.33,505.13,24324200
MSFT,2025-08-25,504.53,506.09,502.03,502.17,21638600
MSFT,2025-08-26,502.27,502.89,496.45,499.96,30835700
MSFT,2025-08-27,499.92,505.19,497.83,504.64,17277900
MSFT,2025-08-28,504.99,508.97,503.41,507.53,18015600
MSFT,2025-08-29,506.55,507.49,502.4,504.59,20961600
MSFT,2025-09-02,498.4,503.9,494.75,503.03,18128000
MSFT,2025-09-03,501.7,505.69,500.24,503.26,16345100
MSFT,2025-09-04,502.21,506.05,501.07,505.87,15509500
MSFT,2025-09-05,506.96,509.85,490.33,492.95,31994800
MSFT,2025-09-08,496.05,499.12,492.98,496.14,16771000
MSFT,2025-09-09,499.35,500.17,495.64,496.35,14410500
MSFT,2025-09-10,500.9,501.15,494.66,498.3,21611800
MSFT,2025-09-11,500.17,501.09,495.82,498.94,18881600
MSFT,2025-09-12,504.55,510.43,501.76,507.79,23624900
MSFT,2025-09-15,506.68,513.34,504.9,513.23,17143800
MSFT,2025-09-16,514.74,515.09,506.49,506.93,19711900
MSFT,2025-09-17,508.51,509.17,503.83,507.91,15816600
MSFT,2025-09-18,509.37,510.95,505.56,506.34,18913700
MSFT,2025-09-19,508.45,517.15,508.2,515.79,52474100
MSFT,2025-09-22,513.45,515.6,510.42,512.32,20009300
MSFT,2025-09-23,511.67,512.46,505.21,507.12,19799600
MSFT,2025-09-24,508.27,510.36,504.82,508.04,13533700
MSFT,2025-09-25,506.2,507.9,502.95,504.93,15786500
MSFT,2025-09-26,507.95,511.81,504.52,509.34,16213100
MSFT,2025-09-29,509.38,514.71,506.77,512.47,17617800
MSFT,2025-09-30,511.11,516.01,507.55,515.81,19728200
MSFT,2025-10-01,512.67,518.35,509.57,517.56,22632300
MSFT,2025-10-02,515.5,519.44,508.57,513.6,21222900
MSFT,2025-10-03,514.96,518.33,512.87,515.21,15112300
MSFT,2025-10-06,516.46,528.83,516.05,526.38,21388600
MSFT,2025-10-07,526.1,527.61,519.28,521.81,14615200
MSFT,2025-10-08,521.11,524.77,520.92,522.68,13363400
MSFT,2025-10-09,520.18,522.16,515.26,520.24,18343600
MSFT,2025-10-10,517.49,521.41,507.52,508.84,24133800
MSFT,2025-10-13,514.27,514.27,509.56,511.92,14284200
MSFT,2025-10-14,508.12,513.15,503.9,511.44,14684300
MSFT,2025-10-15,512.83,515.05,507.89,511.3,14694700
MSFT,2025-10-16,510.46,514.71,506.03,509.49,15559600
MSFT,2025-10-17,506.93,513.35,505.21,511.45,19867800
MSFT,2025-10-20,512.48,516.55,511.3,514.65,14665600
MSFT,2025-10-21,515.36,516.54,510.92,515.52,15586200
MSFT,2025-10-22,518.99,523.05,515.57,518.38,18962700
MSFT,2025-10-23,520.3,521.78,516.46,518.4,14023500
MSFT,2025-10-24,520.63,523.17,518.55,521.44,15532400
MSFT,2025-10-27,529.58,532.37,526.82,529.32,18734700
MSFT,2025-10-28,547.72,551.43,538.53,539.83,29986700
MSFT,2025-10-29,542.68,544.01,534.51,539.31,36023000
MSFT,2025-10-30,528.28,532.75,519.96,523.58,41023100
MSFT,2025-10-31,526.69,527.13,512.97,515.67,34006400
MSFT,2025-11-03,517.66,522.79,512.46,514.89,22374700
MSFT,2025-11-04,509.64,513.42,505.74,512.2,20958700
MSFT,2025-11-05,511.17,512.7,504.48,505.06,23024300
MSFT,2025-11-06,503.57,503.61,493.76,495.04,27406500
MSFT,2025-11-07,494.89,497.31,491.21,494.76,24019800
MSFT,2025-11-10,497.97,504.75,496.73,503.9,26101500
MSFT,2025-11-11,502.71,507.49,500.27,506.57,17980000
MSFT,2025-11-12,507.25,509.55,497.05,509.02,26574900
MSFT,2025-11-13,508.2,511.37,499.21,501.21,25273100
MSFT,2025-11-14,496.17,509.48,495.38,508.07,28505700
MSFT,2025-11-17,506.34,510.0,502.82,505.39,19092800
MSFT,2025-11-18,493.32,500.9,484.76,491.75,33815100
MSFT,2025-11-19,488.07,493.14,480.83,485.1,23245300
MSFT,2025-11-20,491.59,492.45,474.42,477.34,26802500
MSFT,2025-11-21,477.41,477.83,467.2,471.04,31769200
MSFT,2025-11-24,473.92,475.81,466.95,472.92,34421000
MSFT,2025-11-25,472.99,478.06,463.83,475.9,28019800
MSFT,2025-11-26,485.2,487.2,480.1,484.39,25709100
MSFT,2025-11-28,486.49,491.51,485.54,490.89,14386700
MSFT,2025-12-01,487.33,488.74,483.55,485.63,23964000
MSFT,2025-12-02,485.61,492.38,485.21,488.88,19562700
MSFT,2025-12-03,475.24,483.14,474.12,476.64,34615100
MSFT,2025-12-04,478.67,480.22,475.4,479.74,22318200
MSFT,2025-12-05,481.42,482.3,477.79,482.06,22608700
MSFT,2025-12-08,483.79,491.18,483.28,489.9,21965900
MSFT,2025-12-09,487.99,491.0,487.39,490.9,14696100
MSFT,2025-12-10,482.93,483.15,474.0,477.47,35756200
MSFT,2025-12-11,475.54,484.92,474.78,482.37,24669200
MSFT,2025-12-12,478.73,481.35,475.26,477.44,21248100
MSFT,2025-12-15,479.01,479.63,471.44,473.74,23727700
MSFT,2025-12-16,470.84,476.8,469.81,475.31,20705600
MSFT,2025-12-17,475.82,478.91,473.92,475.04,24527200
MSFT,2025-12-18,477.1,488.49,476.8,482.88,28573500
MSFT,2025-12-19,486.25,486.74,481.39,484.81,70836100
MSFT,2025-12-22,485.01,487.62,481.59,483.82,16963000
MSFT,2025-12-23,483.88,486.72,483.64,485.74,14683600
MSFT,2025-12-24,484.57,488.05,483.73,486.91,5855900
MSFT,2025-12-26,485.6,487.01,484.85,486.6,8842200
MSFT,2025-12-29,483.76,487.24,483.08,485.99,10893400
MSFT,2025-12-30,484.82,488.56,484.39,486.37,13944500
MSFT,2025-12-31,486.73,487.03,482.2,482.52,15601600
MSFT,2026-01-02,483.29,483.56,469.09,471.86,25571600
MSFT,2026-01-05,472.98,474.99,468.43,471.77,25250300
MSFT,2026-01-06,472.72,477.65,468.68,477.42,23037700
MSFT,2026-01-07,478.67,488.58,476.86,482.37,25564200
MSFT,2026-01-08,480.14,481.56,474.78,477.02,18162600
MSFT,2026-01-09,472.98,478.73,471.12,478.19,18491000
MSFT,2026-01-12,475.58,479.89,474.6,476.09,23519900
MSFT,2026-01-13,473.6,474.7,464.89,469.6,28545800
MSFT,2026-01-14,465.4,467.13,456.13,458.33,28184300
MSFT,2026-01-15,463.06,463.19,454.86,455.62,23225800
MSFT,2026-01-16,456.79,462.14,455.44,458.81,34246700
MSFT,2026-01-20,450.19,455.76,448.26,453.48,26130000
MSFT,2026-01-21,451.57,451.66,437.68,443.1,37980500
MSFT,2026-01-22,446.6,451.81,443.69,450.11,25349400
MSFT,2026-01-23,450.84,470.03,449.5,464.89,38000200
MSFT,2026-01-26,464.25,473.17,460.95,469.21,29291200
MSFT,2026-01-27,472.62,481.77,472.08,479.49,29213900
MSFT,2026-01-28,482.11,482.64,476.91,480.53,36875400
MSFT,2026-01-29,438.99,441.49,420.06,432.51,128855300
MSFT,2026-01-30,438.17,438.6,425.48,429.31,58566800
MSFT,2026-02-02,429.26,429.76,421.29,422.41,42219900
MSFT,2026-02-03,421.05,421.09,407.63,410.27,61424100
MSFT,2026-02-04,410.06,418.84,408.31,413.25,45012400
MSFT,2026-02-05,406.51,407.37,391.43,392.77,66289200
MSFT,2026-02-06,398.26,400.88,392.03,400.23,53515300
MSFT,2026-02-09,403.93,413.95,399.96,412.66,45480500
MSFT,2026-02-10,418.66,422.72,411.76,412.33,44857900
MSFT,2026-02-11,415.23,415.51,400.1,403.45,42491000
MSFT,2026-02-12,404.08,405.27,397.1,400.92,40802400
MSFT,2026-02-13,403.53,404.62,397.14,400.41,34091600
MSFT,2026-02-17,398.31,399.61,393.63,395.96,32078800
MSFT,2026-02-18,397.22,401.64,395.42,398.69,23223400
MSFT,2026-02-19,400.69,404.43,396.67,398.46,28234000
MSFT,2026-02-20,396.11,400.12,395.16,397.23,34015200
MSFT,2026-02-23,395.0,395.36,383.1,384.47,43133000
MSFT,2026-02-24,384.14,389.36,381.71,389.0,33884700
MSFT,2026-02-25,390.53,401.47,390.16,400.6,43625500
MSFT,2026-02-26,404.71,407.49,398.74,401.72,34405900
MSFT,2026-02-27,390.88,396.82,389.88,392.74,51367200
MSFT,2026-03-02,392.86,401.19,390.63,398.55,35474900
MSFT,2026-03-03,393.14,406.7,392.67,403.93,38199200
MSFT,2026-03-04,401.16,411.03,400.31,405.2,35644323
MSFT,2026-03-05,404.42,411.61,404.4,410.68,38912100
MSFT,2026-03-06,409.2,413.05,408.51,408.96,31085000
MSFT,2026-03-09,404.92,410.21,403.5,409.41,30073800
MSFT,2026-03-10,410.03,410.2,402.93,405.76,31655300
MSFT,2026-03-11,405.57,409.01,401.59,404.88,25424000
MSFT,2026-03-12,404.84,406.12,401.71,401.86,26767393
MSFT,2026-03-13,400.72,404.8,394.25,395.55,26350249
NVDA,2022-01-03,29.76,30.65,29.73,30.06,391547000
NVDA,2022-01-04,30.22,30.41,28.29,29.23,527154000
NVDA,2022-01-05,28.89,29.36,27.48,27.55,498064000
NVDA,2022-01-06,27.59,28.38,27.01,28.12,454186000
NVDA,2022-01-07,28.09,28.37,27.0,27.19,409939000
NVDA,2022-01-10,26.53,27.42,25.59,27.35,594681000
NVDA,2022-01-11,27.27,28.01,26.79,27.76,404089000
NVDA,2022-01-12,28.01,28.54,27.55,27.94,383413000
NVDA,2022-01-13,28.32,28.42,26.45,26.52,540171000
NVDA,2022-01-14,26.25,27.14,26.16,26.89,395832000
NVDA,2022-01-18,26.21,26.59,25.72,25.85,424270000
NVDA,2022-01-19,26.03,26.49,25.0,25.02,488315000
NVDA,2022-01-20,25.26,25.53,24.03,24.1,435181000
NVDA,2022-01-21,23.46,24.78,23.22,23.33,718958000
NVDA,2022-01-24,22.29,23.33,20.85,23.33,913982000
NVDA,2022-01-25,22.5,22.9,21.96,22.28,664616000
NVDA,2022-01-26,23.2,24.01,22.26,22.73,755959000
NVDA,2022-01-27,23.52,23.95,21.63,21.9,573353000
NVDA,2022-01-28,21.97,22.81,21.25,22.8,543774000
NVDA,2022-01-31,23.14,24.46,23.01,24.44,564680000
NVDA,2022-02-01,25.06,25.1,23.84,24.59,518925000
NVDA,2022-02-02,25.74,25.77,24.51,25.19,543419000
NVDA,2022-02-03,24.41,25.03,23.73,23.9,410178000
NVDA,2022-02-04,23.93,24.59,23.59,24.27,354829000
NVDA,2022-02-07,24.32,25.13,24.16,24.68,376868000
NVDA,2022-02-08,24.31,25.18,23.93,25.06,410359000
NVDA,2022-02-09,25.57,26.67,25.3,26.65,524282000
NVDA,2022-02-10,25.94,26.87,25.55,25.77,513200000
NVDA,2022-02-11,25.87,26.1,23.73,23.9,605472000
NVDA,2022-02-14,23.89,24.83,23.71,24.22,440424000
NVDA,2022-02-15,24.9,26.49,24.74,26.44,699869000
NVDA,2022-02-16,26.21,26.53,25.5,26.46,732676000
NVDA,2022-02-17,25.58,25.74,24.12,24.46,810595000
NVDA,2022-02-18,24.62,24.94,23.06,23.6,761255000
NVDA,2022-02-22,22.99,24.02,22.96,23.34,633422000
NVDA,2022-02-23,23.76,24.11,22.26,22.34,566511000
NVDA,2022-02-24,20.97,23.75,20.85,23.7,735801000
NVDA,2022-02-25,23.68,24.17,23.34,24.11,528866000
NVDA,2022-02-28,23.95,24.62,23.66,24.34,477319000
NVDA,2022-03-01,24.24,24.33,23.09,23.43,412056000
NVDA,2022-03-02,23.71,24.37,23.37,24.18,389642000
NVDA,2022-03-03,24.22,24.28,23.43,23.67,365095000
NVDA,2022-03-04,23.34,23.64,22.44,22.9,431415000
NVDA,2022-03-07,22.78,22.99,21.29,21.31,450821000
NVDA,2022-03-08,21.27,22.33,20.61,21.48,557467000
NVDA,2022-03-09,22.35,23.18,22.21,22.97,492742000
NVDA,2022-03-10,22.49,22.75,21.84,22.62,428066000
NVDA,2022-03-11,22.98,23.1,22.01,22.06,367209000
NVDA,2022-03-14,21.83,22.22,21.12,21.29,385354000
NVDA,2022-03-15,21.48,23.0,21.28,22.93,491996000
NVDA,2022-03-16,23.46,24.55,23.13,24.45,671422000
NVDA,2022-03-17,24.08,24.8,23.86,24.72,471941000
NVDA,2022-03-18,24.76,26.52,24.58,26.41,730719000
NVDA,2022-03-21,26.46,27.1,25.92,26.69,591727000
NVDA,2022-03-22,26.68,27.19,26.03,26.48,547007000
NVDA,2022-03-23,26.08,26.57,25.53,25.59,502120000
NVDA,2022-03-24,26.12,28.27,25.86,28.1,877379000
NVDA,2022-03-25,27.84,28.31,27.22,27.64,579016000
NVDA,2022-03-28,27.71,28.2,27.16,28.17,425494000
NVDA,2022-03-29,28.64,28.89,27.93,28.61,488984000
NVDA,2022-03-30,28.25,28.45,27.45,27.64,463487000
NVDA,2022-03-31,27.73,28.2,27.22,27.24,523440000
NVDA,2022-04-01,27.33,27.45,26.22,26.66,517235000
NVDA,2022-04-04,26.68,27.51,26.57,27.31,397120000
NVDA,2022-04-05,27.21,27.27,25.77,25.89,436615000
NVDA,2022-04-06,24.89,25.26,23.96,24.36,703833000
NVDA,2022-04-07,24.4,24.68,23.44,24.17,557992000
NVDA,2022-04-08,23.87,23.88,23.02,23.08,524781000
NVDA,2022-04-11,22.17,22.28,21.62,21.88,575207000
NVDA,2022-04-12,22.5,22.68,21.24,21.47,662258000
NVDA,2022-04-13,21.69,22.46,21.42,22.16,516943000
NVDA,2022-04-14,22.47,22.74,21.13,21.22,569097000
NVDA,2022-04-18,21.16,22.05,21.04,21.74,525701000
NVDA,2022-04-19,21.68,22.33,21.28,22.16,512781000
NVDA,2022-04-20,22.48,22.63,21.16,21.44,468974000
NVDA,2022-04-21,21.67,22.35,19.96,20.15,656209000
NVDA,2022-04-22,20.27,20.45,19.47,19.48,624713000
NVDA,2022-04-25,19.17,19.91,19.06,19.87,641566000
NVDA,2022-04-26,19.68,19.75,18.64,18.75,653143000
NVDA,2022-04-27,18.57,19.13,18.26,18.38,499460000
NVDA,2022-04-28,18.93,20.0,18.46,19.75,570327000
NVDA,2022-04-29,19.37,20.09,18.48,18.51,500435000
NVDA,2022-05-02,18.51,19.54,18.36,19.5,572049000
NVDA,2022-05-03,19.37,19.79,19.1,19.57,475751000
NVDA,2022-05-04,19.89,20.36,18.72,20.3,648855000
NVDA,2022-05-05,19.83,19.89,18.47,18.81,626331000
NVDA,2022-05-06,18.7,19.48,17.96,18.64,633297000
NVDA,2022-05-09,18.0,18.22,16.8,16.92,644455000
NVDA,2022-05-10,17.66,18.17,16.99,17.56,761474000
NVDA,2022-05-11,17.32,17.72,16.54,16.6,670167000
NVDA,2022-05-12,16.19,16.76,15.54,16.15,708728000
NVDA,2022-05-13,16.76,17.9,16.56,17.67,670437000
NVDA,2022-05-16,17.48,17.76,17.08,17.23,521446000
NVDA,2022-05-17,18.04,18.34,17.6,18.14,585830000
NVDA,2022-05-18,17.67,18.09,16.83,16.91,545161000
NVDA,2022-05-19,16.91,17.66,16.7,17.09,621310000
NVDA,2022-05-20,17.3,17.38,15.73,16.66,739105000
NVDA,2022-05-23,16.25,16.89,16.15,16.87,639889000
NVDA,2022-05-24,16.48,16.57,15.75,16.13,588550000
NVDA,2022-05-25,15.99,17.08,15.97,16.95,781132000
NVDA,2022-05-26,16.01,18.06,15.99,17.82,996575000
NVDA,2022-05-27,18.15,18.85,18.07,18.78,738379000
NVDA,2022-05-31,18.95,19.17,18.32,18.64,664100000
NVDA,2022-06-01,18.69,19.02,18.09,18.29,544514000
NVDA,2022-06-02,18.26,19.58,18.17,19.56,648656000
NVDA,2022-06-03,19.05,19.3,18.49,18.69,598779000
NVDA,2022-06-06,19.11,19.3,18.53,18.75,422406000
NVDA,2022-06-07,18.44,18.97,18.16,18.89,388914000
NVDA,2022-06-08,18.77,19.15,18.51,18.62,363252000
NVDA,2022-06-09,18.45,18.9,18.01,18.02,395574000
NVDA,2022-06-10,17.57,17.67,16.84,16.95,465248000
NVDA,2022-06-13,15.98,16.29,15.58,15.62,604153000
NVDA,2022-06-14,15.71,16.04,15.39,15.81,469680000
NVDA,2022-06-15,16.07,16.84,15.9,16.5,563936000
NVDA,2022-06-16,15.84,15.92,15.38,15.58,545749000
NVDA,2022-06-17,15.62,15.97,15.3,15.86,630334000
NVDA,2022-06-21,16.45,16.98,16.38,16.54,483089000
NVDA,2022-06-22,16.2,16.64,16.15,16.33,437135000
NVDA,2022-06-23,16.49,16.56,15.83,16.2,463680000
NVDA,2022-06-24,16.47,17.11,16.28,17.1,472153000
NVDA,2022-06-27,17.29,17.3,16.6,16.84,427968000
NVDA,2022-06-28,16.87,17.18,15.92,15.96,461149000
NVDA,2022-06-29,15.79,15.8,15.15,15.52,482352000
NVDA,2022-06-30,15.34,15.54,14.84,15.14,686070000
NVDA,2022-07-01,14.88,15.04,14.37,14.5,577610000
NVDA,2022-07-05,14.15,14.95,14.03,14.94,651397000
NVDA,2022-07-06,14.99,15.3,14.77,15.11,529066000
NVDA,2022-07-07,15.43,15.92,15.37,15.83,492903000
NVDA,2022-07-08,15.41,16.01,15.37,15.81,467972000
NVDA,2022-07-11,15.5,15.5,15.01,15.13,437321000
NVDA,2022-07-12,15.24,15.41,14.85,15.06,458483000
NVDA,2022-07-13,14.57,15.35,14.44,15.14,521918000
NVDA,2022-07-14,15.08,15.45,14.71,15.35,456235000
NVDA,2022-07-15,15.63,15.76,15.42,15.74,385935000
NVDA,2022-07-18,16.28,16.87,15.98,16.08,670517000
NVDA,2022-07-19,16.46,17.08,16.15,16.97,702366000
NVDA,2022-07-20,16.92,17.91,16.77,17.78,760538000
NVDA,2022-07-21,17.86,18.12,17.52,18.02,557049000
NVDA,2022-07-22,17.87,17.94,17.11,17.29,536671000
NVDA,2022-07-25,16.99,17.1,16.62,17.0,480748000
NVDA,2022-07-26,16.86,16.89,16.45,16.51,397865000
NVDA,2022-07-27,17.01,17.91,16.89,17.76,569776000
NVDA,2022-07-28,17.95,18.11,17.41,17.96,474646000
NVDA,2022-07-29,17.79,18.22,17.66,18.13,435460000
NVDA,2022-08-01,18.15,18.82,17.96,18.41,476469000
NVDA,2022-08-02,18.09,18.91,18.06,18.5,489527000
NVDA,2022-08-03,18.16,18.94,18.11,18.86,418146000
NVDA,2022-08-04,18.82,19.24,18.73,19.19,409652000
NVDA,2022-08-05,18.78,19.2,18.64,18.96,386068000
NVDA,2022-08-08,17.47,18.21,17.22,17.77,981859000
NVDA,2022-08-09,17.23,17.42,16.7,17.06,668263000
NVDA,2022-08-10,17.67,18.09,17.29,18.07,597422000
NVDA,2022-08-11,18.1,18.68,17.85,17.91,509327000
NVDA,2022-08-12,18.13,18.69,17.93,18.68,478094000
NVDA,2022-08-15,18.67,19.13,18.58,19.0,457666000
NVDA,2022-08-16,18.89,19.11,18.47,18.85,451240000
NVDA,2022-08-17,18.49,18.66,18.12,18.31,446799000
NVDA,2022-08-18,18.27,18.84,18.15,18.74,415447000
NVDA,2022-08-19,18.38,18.49,17.74,17.82,441588000
NVDA,2022-08-22,17.46,17.53,16.94,17.01,409593000
NVDA,2022-08-23,16.96,17.44,16.94,17.15,369986000
NVDA,2022-08-24,16.99,17.38,16.87,17.2,522661000
NVDA,2022-08-25,16.82,17.92,16.81,17.89,770691000
NVDA,2022-08-26,17.83,17.9,16.21,16.23,769127000
NVDA,2022-08-29,16.0,16.31,15.74,15.78,496132000
NVDA,2022-08-30,15.94,16.01,15.16,15.44,530181000
NVDA,2022-08-31,15.36,15.52,14.94,15.07,573710000
NVDA,2022-09-01,14.19,14.36,13.25,13.92,1178865000
NVDA,2022-09-02,14.08,14.15,13.57,13.63,743157000
NVDA,2022-09-06,13.71,13.76,13.33,13.44,535751000
NVDA,2022-09-07,13.55,13.82,13.33,13.7,512657000
NVDA,2022-09-08,13.44,13.99,13.35,13.97,624873000
NVDA,2022-09-09,14.14,14.46,14.11,14.37,486612000
NVDA,2022-09-12,14.35,14.53,14.18,14.49,484159000
NVDA,2022-09-13,13.78,13.9,13.08,13.11,714956000
NVDA,2022-09-14,13.24,13.27,12.9,13.11,588507000
NVDA,2022-09-15,13.0,13.22,12.77,12.91,523625000
NVDA,2022-09-16,12.73,13.2,12.6,13.18,670751000
NVDA,2022-09-19,13.0,13.45,12.99,13.37,569685000
NVDA,2022-09-20,13.2,13.47,13.04,13.16,524818000
NVDA,2022-09-21,13.2,14.01,13.09,13.24,807679000
NVDA,2022-09-22,13.05,13.13,12.41,12.55,759162000
NVDA,2022-09-23,12.4,12.6,12.24,12.5,663309000
NVDA,2022-09-26,12.48,12.64,12.2,12.21,547343000
NVDA,2022-09-27,12.49,12.72,12.24,12.4,553854000
NVDA,2022-09-28,12.39,12.81,12.34,12.72,542414000
NVDA,2022-09-29,12.43,12.48,11.93,12.2,532763000
NVDA,2022-09-30,12.07,12.62,12.06,12.12,565638000
NVDA,2022-10-03,12.33,12.66,12.09,12.5,547478000
NVDA,2022-10-04,12.86,13.2,12.86,13.15,584182000
NVDA,2022-10-05,12.89,13.3,12.61,13.19,507131000
NVDA,2022-10-06,13.2,13.64,13.09,13.11,644157000
NVDA,2022-10-07,12.49,12.65,12.01,12.06,672478000
NVDA,2022-10-10,12.02,12.11,11.39,11.66,698699000
NVDA,2022-10-11,11.55,11.83,11.27,11.57,667482000
NVDA,2022-10-12,11.56,11.72,11.33,11.49,492590000
NVDA,2022-10-13,10.96,12.06,10.8,11.94,850103000
NVDA,2022-10-14,12.04,12.1,11.19,11.21,713432000
NVDA,2022-10-17,11.5,11.93,11.5,11.87,580774000
NVDA,2022-10-18,12.33,12.48,11.6,11.95,659362000
NVDA,2022-10-19,11.86,12.33,11.82,12.04,523131000
NVDA,2022-10-20,12.1,12.75,12.09,12.18,652398000
NVDA,2022-10-21,12.08,12.48,11.87,12.45,609494000
NVDA,2022-10-24,12.49,12.69,12.05,12.58,517457000
NVDA,2022-10-25,12.68,13.28,12.65,13.24,505482000
NVDA,2022-10-26,12.85,13.37,12.69,12.88,532953000
NVDA,2022-10-27,13.61,13.82,13.11,13.16,583113000
NVDA,2022-10-28,13.09,13.83,13.04,13.82,521040000
NVDA,2022-10-31,13.76,13.82,13.28,13.48,486341000
NVDA,2022-11-01,13.79,13.91,13.5,13.53,432817000
NVDA,2022-11-02,13.83,14.19,13.19,13.2,672628000
NVDA,2022-11-03,13.03,13.76,12.94,13.4,500065000
NVDA,2022-11-04,13.97,14.21,13.68,14.14,612576000
NVDA,2022-11-07,14.21,14.39,13.94,14.28,410061000
NVDA,2022-11-08,14.78,14.87,14.2,14.58,595292000
NVDA,2022-11-09,14.14,14.19,13.74,13.76,454414000
NVDA,2022-11-10,14.78,15.75,14.53,15.73,700819000
NVDA,2022-11-11,15.79,16.37,15.46,16.31,655487000
NVDA,2022-11-14,16.2,16.52,15.9,16.27,527852000
NVDA,2022-11-15,16.7,16.98,16.36,16.65,545876000
NVDA,2022-11-16,16.14,16.34,15.85,15.89,649547000
NVDA,2022-11-17,15.7,16.25,15.52,15.66,710894000
NVDA,2022-11-18,15.95,15.98,15.1,15.39,492072000
NVDA,2022-11-21,15.13,15.46,15.06,15.3,404739000
NVDA,2022-11-22,15.31,16.04,15.1,16.02,472866000
NVDA,2022-11-23,16.08,16.51,16.03,16.5,427241000
NVDA,2022-11-25,16.3,16.47,16.15,16.25,167934000
NVDA,2022-11-28,16.01,16.34,15.71,15.81,303741000
NVDA,2022-11-29,15.81,15.91,15.5,15.62,298384000
NVDA,2022-11-30,15.68,16.91,15.58,16.91,565298000
NVDA,2022-12-01,16.98,17.25,16.62,17.12,470977000
NVDA,2022-12-02,16.64,16.92,16.43,16.86,371389000
NVDA,2022-12-05,16.66,16.98,16.46,16.59,352255000
NVDA,2022-12-06,16.51,16.56,15.8,15.97,352694000
NVDA,2022-12-07,15.76,16.17,15.65,16.1,372388000
NVDA,2022-12-08,16.26,17.16,15.94,17.15,515456000
NVDA,2022-12-09,17.14,17.57,16.96,16.98,465338000
NVDA,2022-12-12,17.02,17.52,16.78,17.52,457328000
NVDA,2022-12-13,18.51,18.77,17.69,18.05,656589000
NVDA,2022-12-14,17.97,18.23,17.4,17.66,496888000
NVDA,2022-12-15,17.13,17.3,16.68,16.94,478542000
NVDA,2022-12-16,16.85,17.02,16.39,16.55,478232000
NVDA,2022-12-19,16.56,16.59,16.13,16.24,354039000
NVDA,2022-12-20,16.05,16.29,15.84,16.07,403260000
NVDA,2022-12-21,16.1,16.61,16.09,16.48,325025000
NVDA,2022-12-22,16.08,16.12,14.87,15.32,565045000
NVDA,2022-12-23,15.18,15.32,14.87,15.19,349326000
NVDA,2022-12-27,15.06,15.08,14.04,14.11,464902000
NVDA,2022-12-28,13.91,14.25,13.87,14.02,351066000
NVDA,2022-12-29,14.39,14.67,14.21,14.59,354923000
NVDA,2022-12-30,14.32,14.61,14.22,14.6,310490000
NVDA,2023-01-03,14.84,14.98,14.08,14.3,401277000
NVDA,2023-01-04,14.55,14.84,14.23,14.73,431324000
NVDA,2023-01-05,14.48,14.55,14.13,14.25,389168000
NVDA,2023-01-06,14.46,14.99,14.02,14.84,405044000
NVDA,2023-01-09,15.27,16.04,15.13,15.61,504231000
NVDA,2023-01-10,15.49,15.95,15.46,15.89,384101000
NVDA,2023-01-11,15.82,16.01,15.55,15.98,353285000
NVDA,2023-01-12,16.08,16.62,15.48,16.49,551409000
NVDA,2023-01-13,16.26,16.91,16.15,16.88,447287000
NVDA,2023-01-17,16.88,17.71,16.88,17.68,511102000
NVDA,2023-01-18,17.65,17.86,17.26,17.36,439624000
NVDA,2023-01-19,17.02,17.18,16.71,16.75,452932000
NVDA,2023-01-20,16.99,17.84,16.81,17.82,564967000
NVDA,2023-01-23,18.05,19.23,17.8,19.17,655163000
NVDA,2023-01-24,18.81,19.48,18.8,19.25,496204000
NVDA,2023-01-25,18.89,19.35,18.56,19.3,449537000
NVDA,2023-01-26,19.68,20.15,19.26,19.78,489535000
NVDA,2023-01-27,19.44,20.61,19.39,20.34,542142000
NVDA,2023-01-30,19.93,20.12,19.13,19.14,488611000
NVDA,2023-01-31,19.15,19.67,18.93,19.52,498017000
NVDA,2023-02-01,19.67,21.17,19.59,20.92,660477000
NVDA,2023-02-02,20.98,21.93,20.68,21.69,564276000
NVDA,2023-02-03,20.98,21.72,20.77,21.08,429366000
NVDA,2023-02-06,20.79,21.55,20.77,21.07,452197000
NVDA,2023-02-07,21.36,22.24,21.13,22.15,664150000
NVDA,2023-02-08,22.36,22.86,21.99,22.18,559651000
NVDA,2023-02-09,22.58,23.0,22.1,22.31,523876000
NVDA,2023-02-10,21.67,22.06,20.79,21.24,550737000
NVDA,2023-02-13,21.52,22.03,20.94,21.77,474919000
NVDA,2023-02-14,21.56,23.03,21.34,22.95,675474000
NVDA,2023-02-15,22.53,22.83,22.08,22.74,420575000
NVDA,2023-02-16,22.11,22.53,21.91,21.98,412026000
NVDA,2023-02-17,21.61,21.72,20.95,21.37,465888000
NVDA,2023-02-21,20.98,21.47,20.6,20.63,410015000
NVDA,2023-02-22,20.69,21.08,20.4,20.73,513184000
NVDA,2023-02-23,23.42,23.86,23.0,23.64,1117995000
NVDA,2023-02-24,23.2,23.45,22.92,23.26,589716000
NVDA,2023-02-27,23.65,23.86,23.43,23.48,452994000
NVDA,2023-02-28,23.35,23.8,23.18,23.19,455963000
NVDA,2023-03-01,23.17,23.23,22.49,22.68,460026000
NVDA,2023-03-02,22.47,23.36,22.41,23.29,389415000
NVDA,2023-03-03,23.3,23.88,23.11,23.87,412393000
NVDA,2023-03-06,23.87,24.22,23.46,23.53,437429000
NVDA,2023-03-07,23.58,24.1,23.22,23.27,515154000
NVDA,2023-03-08,23.47,24.18,23.4,24.16,513573000
NVDA,2023-03-09,24.15,24.43,23.36,23.42,501257000
NVDA,2023-03-10,23.39,23.61,22.71,22.95,474866000
NVDA,2023-03-13,22.73,23.28,22.28,22.95,421890000
NVDA,2023-03-14,23.48,24.2,23.44,24.04,474910000
NVDA,2023-03-15,23.74,24.27,23.34,24.21,524486000
NVDA,2023-03-16,24.01,25.57,23.87,25.52,583253000
NVDA,2023-03-17,25.96,26.38,25.65,25.7,848547000
NVDA,2023-03-20,25.59,26.0,25.11,25.88,432747000
NVDA,2023-03-21,26.16,26.37,25.36,26.18,547408000
NVDA,2023-03-22,26.4,27.57,26.22,26.45,797295000
NVDA,2023-03-23,27.09,27.48,26.67,27.17,564889000
NVDA,2023-03-24,27.01,27.14,26.33,26.76,454920000
NVDA,2023-03-27,26.81,26.98,26.34,26.51,361026000
NVDA,2023-03-28,26.43,26.49,25.83,26.39,356104000
NVDA,2023-03-29,26.8,27.06,26.57,26.96,393694000
NVDA,2023-03-30,27.21,27.48,27.08,27.36,364516000
NVDA,2023-03-31,27.12,27.81,27.08,27.75,433933000
NVDA,2023-04-03,27.49,27.98,27.31,27.94,398716000
NVDA,2023-04-04,27.94,27.98,27.28,27.43,368592000
NVDA,2023-04-05,26.81,26.98,26.37,26.86,515015000
NVDA,2023-04-06,26.56,27.06,26.41,27.01,397654000
NVDA,2023-04-10,26.8,27.6,26.65,27.56,395279000
NVDA,2023-04-11,27.7,27.77,27.1,27.15,314378000
NVDA,2023-04-12,27.35,27.45,26.43,26.47,446259000
NVDA,2023-04-13,26.71,26.86,26.31,26.44,353615000
NVDA,2023-04-14,26.48,26.86,26.2,26.74,395660000
NVDA,2023-04-17,26.54,26.98,26.41,26.98,321471000
NVDA,2023-04-18,27.51,28.09,27.33,27.64,604812000
NVDA,2023-04-19,27.34,27.98,27.21,27.91,358660000
NVDA,2023-04-20,27.65,28.01,26.98,27.08,427713000
NVDA,2023-04-21,26.93,27.16,26.7,27.1,345103000
NVDA,2023-04-24,26.99,27.34,26.65,27.02,339282000
NVDA,2023-04-25,27.06,27.22,26.2,26.22,378527000
NVDA,2023-04-26,26.98,27.31,26.68,26.93,406337000
NVDA,2023-04-27,27.34,27.47,26.6,27.2,377161000
NVDA,2023-04-28,27.2,27.73,27.05,27.73,292216000
NVDA,2023-05-01,27.82,29.03,27.76,28.89,570329000
NVDA,2023-05-02,28.66,28.81,28.06,28.19,402730000
NVDA,2023-05-03,27.82,28.34,27.45,27.78,383387000
NVDA,2023-05-04,27.63,27.84,27.22,27.54,321850000
NVDA,2023-05-05,27.8,28.73,27.71,28.66,361494000
NVDA,2023-05-08,28.5,29.2,28.33,29.13,344979000
NVDA,2023-05-09,28.88,28.95,28.43,28.55,314869000
NVDA,2023-05-10,28.98,29.09,28.44,28.86,369350000
NVDA,2023-05-11,28.87,28.93,28.22,28.55,322149000
NVDA,2023-05-12,28.51,28.76,28.02,28.32,274222000
NVDA,2023-05-15,28.48,28.94,28.13,28.93,293926000
NVDA,2023-05-16,28.82,29.85,28.81,29.19,449405000
NVDA,2023-05-17,29.56,30.17,29.41,30.15,432535000
NVDA,2023-05-18,30.38,31.8,30.29,31.65,748725000
NVDA,2023-05-19,31.51,31.55,30.89,31.24,473908000
NVDA,2023-05-22,30.88,31.49,30.65,31.15,372000000
NVDA,2023-05-23,30.97,31.26,30.61,30.66,356253000
NVDA,2023-05-24,30.18,30.58,29.78,30.51,721419000
NVDA,2023-05-25,38.49,39.45,36.6,37.95,1543911000
NVDA,2023-05-26,37.86,39.14,37.52,38.91,714397000
NVDA,2023-05-30,40.56,41.9,39.92,40.08,923401000
NVDA,2023-05-31,39.46,40.26,37.79,37.8,1002580000
NVDA,2023-06-01,38.46,40.02,38.31,39.74,635873000
NVDA,2023-06-02,40.06,40.47,39.03,39.29,482731000
NVDA,2023-06-05,38.88,39.53,38.67,39.14,396094000
NVDA,2023-06-06,38.8,39.13,38.12,38.62,388729000
NVDA,2023-06-07,38.89,39.47,37.33,37.45,511998000
NVDA,2023-06-08,37.7,38.84,37.48,38.48,417772000
NVDA,2023-06-09,39.01,39.68,38.54,38.74,427717000
NVDA,2023-06-12,39.17,39.5,38.59,39.45,388701000
NVDA,2023-06-13,40.16,41.07,39.71,40.99,613208000
NVDA,2023-06-14,40.79,42.97,40.52,42.97,740465000
NVDA,2023-06-15,42.57,43.26,42.12,42.62,568622000
NVDA,2023-06-16,43.42,43.69,42.63,42.66,655709000
NVDA,2023-06-20,42.97,43.96,42.64,43.78,451153000
NVDA,2023-06-21,43.47,43.58,42.05,43.01,551603000
NVDA,2023-06-22,42.22,43.39,42.2,42.99,417737000
NVDA,2023-06-23,42.43,42.78,41.98,42.18,358140000
NVDA,2023-06-26,42.43,42.73,40.07,40.6,594322000
NVDA,2023-06-27,40.77,41.91,40.42,41.85,462175000
NVDA,2023-06-28,40.63,41.81,40.49,41.09,582639000
NVDA,2023-06-29,41.53,41.57,40.57,40.79,380514000
NVDA,2023-06-30,41.65,42.52,41.47,42.27,501148000
NVDA,2023-07-03,42.49,42.87,42.17,42.38,198209000
NVDA,2023-07-05,42.1,43.15,42.05,42.29,323618000
NVDA,2023-07-06,41.81,42.15,41.32,42.07,303582000
NVDA,2023-07-07,42.29,43.18,42.15,42.47,355881000
NVDA,2023-07-10,42.63,42.78,41.62,42.15,353908000
NVDA,2023-07-11,42.45,42.73,42.04,42.37,298244000
NVDA,2023-07-12,43.0,43.9,42.75,43.87,481277000
NVDA,2023-07-13,44.49,46.12,44.46,45.94,478204000
NVDA,2023-07-14,46.55,48.05,45.03,45.44,772075000
NVDA,2023-07-17,46.26,46.46,45.23,46.43,510488000
NVDA,2023-07-18,46.67,47.86,45.7,47.46,569164000
NVDA,2023-07-19,47.43,47.78,46.71,47.04,427502000
NVDA,2023-07-20,46.47,47.05,45.03,45.49,537865000
NVDA,2023-07-21,45.75,45.83,44.07,44.28,963769000
NVDA,2023-07-24,44.7,45.08,44.01,44.58,382516000
NVDA,2023-07-25,44.91,46.15,44.89,45.65,348081000
NVDA,2023-07-26,45.99,46.02,44.6,45.42,364237000
NVDA,2023-07-27,46.49,47.36,45.72,45.87,455976000
NVDA,2023-07-28,46.63,46.99,46.35,46.72,331194000
NVDA,2023-07-31,46.72,47.1,46.47,46.7,251055000
NVDA,2023-08-01,46.43,46.87,45.99,46.47,237858000
NVDA,2023-08-02,45.8,45.81,43.36,44.24,530142000
NVDA,2023-08-03,43.77,45.09,43.77,44.48,324176000
NVDA,2023-08-04,44.95,45.61,44.36,44.65,362666000
NVDA,2023-08-07,45.08,45.51,44.53,45.38,322154000
NVDA,2023-08-08,44.82,45.21,44.02,44.63,353843000
NVDA,2023-08-09,44.24,44.28,42.1,42.52,586449000
NVDA,2023-08-10,42.13,43.54,41.8,42.36,492705000
NVDA,2023-08-11,41.72,41.99,40.61,40.83,533085000
NVDA,2023-08-14,40.46,43.77,40.28,43.72,690286000
NVDA,2023-08-15,44.53,45.24,43.68,43.91,676512000
NVDA,2023-08-16,44.49,44.64,43.37,43.45,527451000
NVDA,2023-08-17,43.94,44.03,42.97,43.31,452395000
NVDA,2023-08-18,42.6,43.55,41.63,43.27,583768000
NVDA,2023-08-21,44.46,47.03,44.19,46.93,692573000
NVDA,2023-08-22,48.1,48.15,45.3,45.63,755293000
NVDA,2023-08-23,45.83,47.17,45.18,47.08,779046000
NVDA,2023-08-24,50.18,50.23,47.12,47.13,1156044000
NVDA,2023-08-25,46.98,47.77,44.99,45.98,925341000
NVDA,2023-08-28,46.45,46.95,44.86,46.8,685192000
NVDA,2023-08-29,46.63,49.05,46.36,48.75,701397000
NVDA,2023-08-30,49.01,49.89,48.39,49.23,735206000
NVDA,2023-08-31,49.34,49.71,48.92,49.32,528570000
NVDA,2023-09-01,49.73,49.76,48.11,48.47,463830000
NVDA,2023-09-05,48.19,48.82,47.83,48.51,382653000
NVDA,2023-09-06,48.41,48.52,46.55,47.03,468670000
NVDA,2023-09-07,45.5,46.31,45.12,46.21,433330000
NVDA,2023-09-08,45.91,46.58,45.24,45.54,473069000
NVDA,2023-09-11,46.12,46.13,44.28,45.15,473966000
NVDA,2023-09-12,44.71,45.64,44.5,44.84,349256000
NVDA,2023-09-13,44.57,45.9,44.47,45.46,398355000
NVDA,2023-09-14,45.92,45.96,45.1,45.55,370097000
NVDA,2023-09-15,45.31,45.57,43.78,43.87,506831000
NVDA,2023-09-18,42.72,44.21,41.97,43.94,500271000
NVDA,2023-09-19,43.8,43.94,42.97,43.49,373064000
NVDA,2023-09-20,43.57,43.87,42.2,42.21,367108000
NVDA,2023-09-21,41.56,42.07,40.95,40.99,450736000
NVDA,2023-09-22,41.55,42.09,41.2,41.58,479236000
NVDA,2023-09-25,41.56,42.51,41.15,42.19,419091000
NVDA,2023-09-26,41.97,42.79,41.63,41.88,402282000
NVDA,2023-09-27,42.3,42.84,41.6,42.44,444935000
NVDA,2023-09-28,42.43,43.42,42.09,43.06,424663000
NVDA,2023-09-29,43.8,44.12,43.28,43.47,397830000
NVDA,2023-10-02,44.0,45.15,43.83,44.75,433298000
NVDA,2023-10-03,44.78,45.1,43.22,43.49,470850000
NVDA,2023-10-04,43.71,44.11,43.26,44.01,361821000
NVDA,2023-10-05,44.02,44.87,43.86,44.66,393483000
NVDA,2023-10-06,44.16,45.76,44.0,45.73,434436000
NVDA,2023-10-09,44.81,45.58,44.34,45.24,409675000
NVDA,2023-10-10,45.28,46.23,45.06,45.77,368582000
NVDA,2023-10-11,46.17,46.83,46.02,46.78,378137000
NVDA,2023-10-12,46.75,47.58,46.3,46.91,481325000
NVDA,2023-10-13,46.93,47.09,45.25,45.43,474115000
NVDA,2023-10-16,45.03,46.2,44.88,46.07,375099000
NVDA,2023-10-17,43.97,44.73,42.45,43.91,812333000
NVDA,2023-10-18,42.56,43.19,41.8,42.17,627294000
NVDA,2023-10-19,42.78,43.27,41.86,42.07,501233000
NVDA,2023-10-20,41.86,42.44,41.05,41.36,477266000
NVDA,2023-10-23,41.2,43.22,40.92,42.95,478530000
NVDA,2023-10-24,43.05,43.67,42.66,43.63,401463000
NVDA,2023-10-25,43.37,43.62,41.53,41.75,398379000
NVDA,2023-10-26,41.83,42.23,39.85,40.3,541001000
NVDA,2023-10-27,41.1,41.18,39.99,40.47,416784000
NVDA,2023-10-30,41.06,41.74,40.45,41.13,388028000
NVDA,2023-10-31,40.42,40.85,39.2,40.75,517969000
NVDA,2023-11-01,40.86,42.35,40.84,42.3,437593000
NVDA,2023-11-02,43.3,43.86,42.87,43.48,409172000
NVDA,2023-11-03,43.99,45.28,43.69,44.98,424610000
NVDA,2023-11-06,45.26,45.91,44.87,45.72,400733000
NVDA,2023-11-07,45.69,46.19,45.13,45.93,343165000
NVDA,2023-11-08,46.07,46.84,45.94,46.54,346719000
NVDA,2023-11-09,47.44,48.2,46.72,46.92,540496000
NVDA,2023-11-10,47.47,48.44,47.25,48.3,421245000
NVDA,2023-11-13,48.29,49.08,48.07,48.59,384136000
NVDA,2023-11-14,49.65,49.8,49.01,49.62,416954000
NVDA,2023-11-15,49.9,49.93,48.17,48.86,475497000
NVDA,2023-11-16,48.65,49.49,48.3,49.45,339756000
NVDA,2023-11-17,49.49,49.68,48.98,49.27,325205000
NVDA,2023-11-20,49.28,50.52,49.15,50.38,414120000
NVDA,2023-11-21,50.09,50.48,49.19,49.91,565747000
NVDA,2023-11-22,49.82,50.3,47.66,48.68,899420000
NVDA,2023-11-24,48.44,48.89,47.71,47.75,294645000
NVDA,2023-11-27,47.77,48.5,47.62,48.21,395662000
NVDA,2023-11-28,48.2,48.29,47.44,47.79,401491000
NVDA,2023-11-29,48.35,48.73,47.83,48.11,382005000
NVDA,2023-11-30,47.99,48.08,46.39,46.74,526247000
NVDA,2023-12-01,46.5,47.17,46.16,46.73,369317000
NVDA,2023-12-04,46.05,46.05,44.98,45.48,437543000
NVDA,2023-12-05,45.44,46.57,45.25,46.54,371718000
NVDA,2023-12-06,47.19,47.36,45.39,45.48,380590000
NVDA,2023-12-07,45.67,46.6,45.58,46.57,350823000
NVDA,2023-12-08,46.57,47.71,46.52,47.48,359224000
NVDA,2023-12-11,47.46,47.5,45.8,46.6,509728000
NVDA,2023-12-12,46.02,47.64,46.02,47.63,372387000
NVDA,2023-12-13,47.6,48.57,47.58,48.06,447792000
NVDA,2023-12-14,48.36,48.64,47.4,48.32,391232000
NVDA,2023-12-15,48.17,49.38,48.09,48.86,479948000
NVDA,2023-12-18,49.37,50.4,49.12,50.05,412587000
NVDA,2023-12-19,49.4,49.67,48.87,49.58,464444000
NVDA,2023-12-20,49.63,49.97,48.07,48.08,397894000
NVDA,2023-12-21,48.78,49.07,48.39,48.96,300425000
NVDA,2023-12-22,49.17,49.36,48.44,48.8,252507000
NVDA,2023-12-26,48.94,49.57,48.93,49.25,244200000
NVDA,2023-12-27,49.48,49.65,49.06,49.39,233648000
NVDA,2023-12-28,49.62,49.86,49.38,49.49,246587000
NVDA,2023-12-29,49.79,49.97,48.72,49.49,389293000
NVDA,2024-01-02,49.22,49.27,47.57,48.14,411254000
NVDA,2024-01-03,47.46,48.16,47.29,47.54,320896000
NVDA,2024-01-04,47.74,48.47,47.48,47.97,306535000
NVDA,2024-01-05,48.44,49.52,48.28,49.07,415039000
NVDA,2024-01-08,49.48,52.25,49.45,52.22,642510000
NVDA,2024-01-09,52.37,54.29,51.66,53.11,773100000
NVDA,2024-01-10,53.59,54.57,53.46,54.32,533796000
NVDA,2024-01-11,54.97,55.32,53.53,54.79,596759000
NVDA,2024-01-12,54.59,54.94,54.3,54.68,352994000
NVDA,2024-01-16,54.99,56.8,54.87,56.35,449580000
NVDA,2024-01-17,56.32,56.44,54.71,56.02,474394000
NVDA,2024-01-18,57.23,57.57,56.08,57.08,491650000
NVDA,2024-01-19,57.96,59.47,57.19,59.46,543501000
NVDA,2024-01-22,60.02,60.3,59.04,59.62,452955000
NVDA,2024-01-23,59.54,59.88,58.55,59.84,294654000
NVDA,2024-01-24,60.27,62.81,59.9,61.33,560271000
NVDA,2024-01-25,62.32,62.68,60.82,61.58,482777000
NVDA,2024-01-26,60.93,61.75,60.54,61.0,390309000
NVDA,2024-01-29,61.2,62.45,60.87,62.43,348733000
NVDA,2024-01-30,62.86,63.46,62.23,62.74,410735000
NVDA,2024-01-31,61.41,62.23,60.67,61.49,453795000
NVDA,2024-02-01,62.07,63.16,61.62,62.99,369146000
NVDA,2024-02-02,63.94,66.56,63.65,66.12,476578000
NVDA,2024-02-05,68.19,69.46,67.17,69.29,680078000
NVDA,2024-02-06,69.59,69.72,66.26,68.19,683111000
NVDA,2024-02-07,68.28,70.18,67.56,70.06,495575000
NVDA,2024-02-08,70.03,70.75,69.42,69.6,414422000
NVDA,2024-02-09,70.49,72.14,70.17,72.09,436637000
NVDA,2024-02-12,72.56,74.57,71.21,72.21,613710000
NVDA,2024-02-13,70.36,73.41,69.58,72.09,602580000
NVDA,2024-02-14,73.16,74.19,71.9,73.86,504917000
NVDA,2024-02-15,73.83,73.93,72.36,72.62,420122000
NVDA,2024-02-16,74.06,74.36,72.46,72.57,495327000
NVDA,2024-02-20,71.91,71.92,67.7,69.41,704833000
NVDA,2024-02-21,67.97,68.85,66.21,67.43,673755000
NVDA,2024-02-22,74.98,78.53,74.18,78.49,865100000
NVDA,2024-02-23,80.75,82.35,77.53,78.77,829388000
NVDA,2024-02-26,79.66,80.6,78.46,79.05,503973000
NVDA,2024-02-27,79.34,79.44,77.12,78.66,391705000
NVDA,2024-02-28,77.58,78.89,77.08,77.62,393110000
NVDA,2024-02-29,79.05,79.95,78.31,79.07,507289000
NVDA,2024-03-01,79.96,82.25,79.39,82.23,479135000
NVDA,2024-03-04,84.08,87.65,83.67,85.19,615616000
NVDA,2024-03-05,85.23,86.05,83.37,85.92,520639000
NVDA,2024-03-06,87.98,89.68,86.99,88.65,582520000
NVDA,2024-03-07,90.11,92.72,89.56,92.62,608119000
NVDA,2024-03-08,95.09,97.35,86.46,87.48,1142269000
NVDA,2024-03-11,86.38,88.75,84.12,85.73,678364000
NVDA,2024-03-12,88.0,91.91,86.11,91.87,668075000
NVDA,2024-03-13,91.01,91.46,88.39,90.84,635713000
NVDA,2024-03-14,89.53,90.6,86.56,87.9,602318000
NVDA,2024-03-15,86.89,89.5,86.21,87.79,642086000
NVDA,2024-03-18,90.34,92.36,87.04,88.41,668976000
NVDA,2024-03-19,86.66,90.5,84.97,89.35,672171000
NVDA,2024-03-20,89.75,90.36,88.18,90.33,479063000
NVDA,2024-03-21,92.25,92.6,90.36,91.39,480372000
NVDA,2024-03-22,91.09,94.73,90.79,94.24,586719000
NVDA,2024-03-25,93.89,96.72,93.46,94.95,552136000
NVDA,2024-03-26,95.8,96.33,92.45,92.51,513648000
NVDA,2024-03-27,93.06,93.19,89.08,90.2,586067000
NVDA,2024-03-28,89.95,91.25,89.15,90.31,435212000
NVDA,2024-04-01,90.25,92.18,89.16,90.32,452441000
NVDA,2024-04-02,88.4,90.05,87.58,89.41,433064000
NVDA,2024-04-03,88.44,90.33,88.35,88.92,370067000
NVDA,2024-04-04,90.36,90.59,85.84,85.86,434965000
NVDA,2024-04-05,86.82,88.44,85.88,87.96,399678000
NVDA,2024-04-08,88.65,88.78,86.69,87.09,283220000
NVDA,2024-04-09,87.4,87.59,82.98,85.31,501700000
NVDA,2024-04-10,83.88,87.36,83.67,86.99,431929000
NVDA,2024-04-11,87.38,90.69,86.88,90.57,431637000
NVDA,2024-04-12,89.65,90.13,87.49,88.14,426805000
NVDA,2024-04-15,89.05,90.57,85.89,85.96,443077000
NVDA,2024-04-16,86.39,88.07,86.02,87.37,370453000
NVDA,2024-04-17,88.29,88.73,83.91,83.99,495400000
NVDA,2024-04-18,84.93,86.15,82.36,84.63,447260000
NVDA,2024-04-19,83.11,84.28,75.57,76.16,875198000
NVDA,2024-04-22,78.06,80.03,76.36,79.48,596341000
NVDA,2024-04-23,80.73,82.73,80.22,82.38,438559000
NVDA,2024-04-24,83.91,84.04,79.14,79.64,512208000
NVDA,2024-04-25,78.83,83.28,78.18,82.59,424641000
NVDA,2024-04-26,83.78,88.29,83.34,87.69,551011000
NVDA,2024-04-29,87.55,87.95,85.22,87.71,388971000
NVDA,2024-04-30,87.2,88.77,86.26,86.36,363709000
NVDA,2024-05-01,85.03,85.96,81.21,83.0,559863000
NVDA,2024-05-02,84.41,86.19,83.16,85.77,377898000
NVDA,2024-05-03,87.74,89.24,87.0,88.74,398341000
NVDA,2024-05-06,89.34,92.17,89.01,92.09,376203000
NVDA,2024-05-07,91.05,91.73,88.97,90.51,437342000
NVDA,2024-05-08,89.44,91.15,89.37,90.37,325721000
NVDA,2024-05-09,90.48,91.03,88.19,88.7,378013000
NVDA,2024-05-10,90.26,91.35,89.18,89.83,335325000
NVDA,2024-05-13,90.43,90.95,88.48,90.35,289680000
NVDA,2024-05-14,89.55,91.6,88.89,91.31,296507000
NVDA,2024-05-15,92.42,94.81,91.55,94.58,417735000
NVDA,2024-05-16,94.86,95.77,94.06,94.31,323952000
NVDA,2024-05-17,94.32,94.69,91.76,92.43,359691000
NVDA,2024-05-20,93.7,95.15,93.39,94.73,318764000
NVDA,2024-05-21,93.55,95.35,93.13,95.34,328946000
NVDA,2024-05-22,95.41,95.97,93.2,94.9,548648000
NVDA,2024-05-23,101.98,106.27,101.47,103.75,835065000
NVDA,2024-05-24,104.4,106.42,102.95,106.41,429494000
NVDA,2024-05-28,110.19,114.88,109.83,113.84,652728000
NVDA,2024-05-29,112.99,115.43,110.84,114.77,557442000
NVDA,2024-05-30,114.59,115.76,109.61,110.44,484553000
NVDA,2024-05-31,112.46,112.66,106.89,109.58,613263000
NVDA,2024-06-03,113.56,114.94,111.95,114.94,438392000
NVDA,2024-06-04,115.66,116.54,113.99,116.38,403324000
NVDA,2024-06-05,118.31,122.39,117.41,122.38,528402000
NVDA,2024-06-06,123.98,125.52,118.26,120.94,664696000
NVDA,2024-06-07,119.71,121.63,117.96,120.83,412386000
NVDA,2024-06-10,120.31,123.04,116.95,121.73,313434100
NVDA,2024-06-11,121.72,122.82,118.69,120.86,222551200
NVDA,2024-06-12,123.01,126.83,122.52,125.15,299595000
NVDA,2024-06-13,129.33,129.74,127.11,129.55,260704500
NVDA,2024-06-14,129.9,132.78,128.27,131.82,309320400
NVDA,2024-06-17,132.93,133.67,129.52,130.92,288504400
NVDA,2024-06-18,131.08,136.27,130.63,135.52,294335100
NVDA,2024-06-20,139.74,140.7,129.46,130.72,517768400
NVDA,2024-06-21,127.07,130.57,124.25,126.52,649445800
NVDA,2024-06-24,123.19,124.41,117.99,118.06,476060900
NVDA,2024-06-25,121.15,126.45,119.27,126.04,414192600
NVDA,2024-06-26,126.08,128.07,122.55,126.35,362975900
NVDA,2024-06-27,124.05,126.36,122.87,123.94,252571700
NVDA,2024-06-28,124.53,127.66,122.7,123.49,315516700
NVDA,2024-07-01,123.42,124.79,118.78,124.25,284885500
NVDA,2024-07-02,121.08,123.36,120.98,122.62,218374000
NVDA,2024-07-03,121.61,128.23,121.31,128.23,215749000
NVDA,2024-07-05,127.33,128.79,125.63,125.78,214176700
NVDA,2024-07-08,127.44,130.71,126.99,128.15,237677300
NVDA,2024-07-09,130.29,133.76,128.59,131.32,285366600
NVDA,2024-07-10,133.97,135.04,132.36,134.85,248978600
NVDA,2024-07-11,135.69,136.09,127.0,127.35,374782700
NVDA,2024-07-12,128.21,131.86,127.17,129.18,252680500
NVDA,2024-07-15,130.5,131.33,127.13,128.39,208326200
NVDA,2024-07-16,128.39,128.98,124.53,126.31,214769500
NVDA,2024-07-17,121.3,121.8,116.67,117.94,390086200
NVDA,2024-07-18,121.8,122.35,116.51,121.04,320979500
NVDA,2024-07-19,120.3,121.55,117.32,117.88,217223800
NVDA,2024-07-22,120.3,124.02,119.81,123.49,258068900
NVDA,2024-07-23,122.73,124.64,122.05,122.54,173911000
NVDA,2024-07-24,119.12,119.9,113.39,114.2,327776900
NVDA,2024-07-25,112.99,116.58,106.25,112.23,460067000
NVDA,2024-07-26,116.14,116.15,111.53,113.01,293399100
NVDA,2024-07-29,113.64,116.23,111.25,111.54,248152100
NVDA,2024-07-30,111.47,111.94,102.5,103.69,486833300
NVDA,2024-07-31,112.85,118.29,110.83,116.97,473174200
NVDA,2024-08-01,117.48,120.11,106.76,109.16,523462300
NVDA,2024-08-02,103.72,108.67,101.33,107.22,482027500
NVDA,2024-08-05,92.02,103.37,90.65,100.41,552842400
NVDA,2024-08-06,103.8,107.66,100.51,104.21,409012100
NVDA,2024-08-07,107.76,108.75,98.65,98.87,411440400
NVDA,2024-08-08,101.96,105.45,97.48,104.93,391910000
NVDA,2024-08-09,105.59,106.55,103.39,104.71,290844200
NVDA,2024-08-12,106.27,111.02,106.21,108.97,325559900
NVDA,2024-08-13,112.39,116.18,111.53,116.09,312646700
NVDA,2024-08-14,118.48,118.55,114.02,118.03,339246400
NVDA,2024-08-15,118.71,123.19,117.42,122.81,318086700
NVDA,2024-08-16,121.89,124.95,121.13,124.53,302589900
NVDA,2024-08-19,124.23,129.94,123.37,129.94,318333600
NVDA,2024-08-20,128.35,129.82,125.84,127.2,300087400
NVDA,2024-08-21,127.27,129.29,126.61,128.45,257883600
NVDA,2024-08-22,129.96,130.69,123.05,123.69,376189100
NVDA,2024-08-23,125.81,129.54,125.17,129.31,323230300
NVDA,2024-08-26,129.51,131.2,124.32,126.41,331964700
NVDA,2024-08-27,125.0,129.14,123.83,128.25,303134600
NVDA,2024-08-28,128.07,128.28,122.59,125.56,448101100
NVDA,2024-08-29,121.31,124.38,116.66,117.54,453023300
NVDA,2024-08-30,119.48,121.7,117.17,119.32,333751600
NVDA,2024-09-03,115.96,116.16,107.24,107.95,477155100
NVDA,2024-09-04,105.36,113.22,104.08,106.16,372470300
NVDA,2024-09-05,104.95,109.6,104.72,107.16,306850700
NVDA,2024-09-06,107.99,108.1,100.91,102.79,413638100
NVDA,2024-09-09,104.84,106.5,103.65,106.42,273912000
NVDA,2024-09-10,107.76,109.35,104.91,108.05,268283700
NVDA,2024-09-11,109.34,117.14,107.37,116.86,441422400
NVDA,2024-09-12,116.8,120.75,115.34,119.1,366052700
NVDA,2024-09-13,119.04,119.92,117.56,119.06,238358300
NVDA,2024-09-16,116.75,118.14,114.32,116.74,248772300
NVDA,2024-09-17,118.13,118.76,114.79,115.55,231925900
NVDA,2024-09-18,115.85,117.66,113.18,113.33,310318900
NVDA,2024-09-19,117.31,119.62,117.21,117.83,293506400
NVDA,2024-09-20,117.02,118.58,115.35,115.96,382462400
NVDA,2024-09-23,116.51,116.95,114.82,116.22,206228500
NVDA,2024-09-24,116.48,121.76,115.34,120.83,354966800
NVDA,2024-09-25,121.98,124.9,121.57,123.47,284692900
NVDA,2024-09-26,126.76,127.63,121.76,124.0,302582900
NVDA,2024-09-27,123.93,123.99,119.22,121.36,271009200
NVDA,2024-09-30,118.27,121.46,118.11,121.4,226553700
NVDA,2024-10-01,121.73,122.4,115.75,116.96,302094500
NVDA,2024-10-02,116.4,119.34,115.1,118.81,221845900
NVDA,2024-10-03,120.88,124.32,120.3,122.81,277118000
NVDA,2024-10-04,124.9,125.0,121.79,124.88,243678100
NVDA,2024-10-07,124.95,130.6,124.91,127.68,346250200
NVDA,2024-10-08,130.22,133.43,129.38,132.84,285722500
NVDA,2024-10-09,134.06,134.47,131.34,132.6,246191600
NVDA,2024-10-10,131.86,134.95,130.96,134.76,242311300
NVDA,2024-10-11,133.96,135.73,133.61,134.75,170209500
NVDA,2024-10-14,136.42,139.55,136.25,138.02,232347700
NVDA,2024-10-15,137.82,138.52,128.7,131.55,377831000
NVDA,2024-10-16,133.93,136.57,131.53,135.67,264879700
NVDA,2024-10-17,139.29,140.84,136.82,136.88,306435900
NVDA,2024-10-18,138.62,138.85,137.23,137.95,176090200
NVDA,2024-10-21,138.08,143.66,137.95,143.66,264554500
NVDA,2024-10-22,142.86,144.37,141.73,143.54,226311600
NVDA,2024-10-23,141.98,142.38,137.41,139.51,285930000
NVDA,2024-10-24,140.77,141.3,138.41,140.36,172354900
NVDA,2024-10-25,140.88,144.08,140.75,141.49,205122100
NVDA,2024-10-28,142.95,143.09,140.0,140.47,173586700
NVDA,2024-10-29,140.24,142.21,138.85,141.2,157593600
NVDA,2024-10-30,139.49,140.28,136.76,139.29,179418100
NVDA,2024-10-31,137.55,137.56,132.06,132.71,270039600
NVDA,2024-11-01,134.65,137.26,134.52,135.35,207127800
NVDA,2024-11-04,137.16,138.91,135.52,136.0,187528200
NVDA,2024-11-05,137.4,140.32,137.28,139.86,160537400
NVDA,2024-11-06,142.91,146.44,141.91,145.56,242043900
NVDA,2024-11-07,146.34,148.88,146.12,148.83,207323300
NVDA,2024-11-08,148.72,149.72,146.21,147.58,175665800
NVDA,2024-11-11,148.63,148.8,143.52,145.21,182325600
NVDA,2024-11-12,146.73,149.6,145.96,148.24,198634700
NVDA,2024-11-13,149.02,149.28,145.85,146.22,191903300
NVDA,2024-11-14,147.59,148.95,145.5,146.71,194463300
NVDA,2024-11-15,144.82,145.19,140.03,141.93,250132900
NVDA,2024-11-18,139.45,141.5,137.1,140.1,221205300
NVDA,2024-11-19,141.27,147.08,140.94,146.96,227834900
NVDA,2024-11-20,147.36,147.51,142.68,145.84,309871700
NVDA,2024-11-21,149.3,152.84,140.65,146.62,400946600
NVDA,2024-11-22,145.88,147.11,141.05,141.9,236406200
NVDA,2024-11-25,141.94,142.0,135.77,135.97,344941900
NVDA,2024-11-26,137.65,139.25,135.62,136.87,190287700
NVDA,2024-11-27,134.96,137.17,131.75,135.29,226370900
NVDA,2024-11-29,136.73,139.3,136.0,138.2,141863200
NVDA,2024-12-02,138.78,140.4,137.77,138.58,171682800
NVDA,2024-12-03,138.21,140.49,137.9,140.21,164414000
NVDA,2024-12-04,141.95,145.74,140.24,145.09,231224300
NVDA,2024-12-05,145.07,146.5,143.91,145.02,172621200
NVDA,2024-12-06,144.56,145.66,141.27,142.4,188505600
NVDA,2024-12-09,138.93,139.91,137.09,138.77,189308600
NVDA,2024-12-10,138.97,141.78,133.75,135.03,210020900
NVDA,2024-12-11,137.32,140.13,135.17,139.27,184905200
NVDA,2024-12-12,137.04,138.4,135.76,137.3,159211400
NVDA,2024-12-13,138.9,139.56,132.5,134.21,231514900
NVDA,2024-12-16,134.14,134.36,130.38,131.96,237951100
NVDA,2024-12-17,129.05,131.55,126.83,130.35,259410300
NVDA,2024-12-18,133.82,136.66,128.24,128.87,277444500
NVDA,2024-12-19,131.72,133.99,129.51,130.64,209719200
NVDA,2024-12-20,129.77,135.24,128.18,134.66,306528600
NVDA,2024-12-23,136.24,139.75,135.08,139.63,176053500
NVDA,2024-12-24,139.96,141.86,138.61,140.18,105157000
NVDA,2024-12-26,139.66,140.81,137.69,139.89,116205600
NVDA,2024-12-27,138.51,138.98,134.67,136.97,170582600
NVDA,2024-12-30,134.79,140.23,133.98,137.45,167734700
NVDA,2024-12-31,137.99,138.03,133.79,134.25,155659200
NVDA,2025-01-02,135.96,138.84,134.59,138.27,198247200
NVDA,2025-01-03,139.97,144.86,139.69,144.43,229322500
NVDA,2025-01-06,148.55,152.12,147.78,149.39,265377400
NVDA,2025-01-07,152.99,153.09,139.97,140.1,351782200
NVDA,2025-01-08,142.54,143.91,137.52,140.07,227349900
NVDA,2025-01-10,137.41,139.88,134.18,135.87,207602500
NVDA,2025-01-13,129.95,133.45,129.47,133.19,204808900
NVDA,2025-01-14,136.01,136.34,130.01,131.72,195590500
NVDA,2025-01-15,133.61,136.41,131.25,136.2,185217300
NVDA,2025-01-16,138.6,138.71,133.45,133.53,209235600
NVDA,2025-01-17,136.65,138.46,135.42,137.67,201188800
NVDA,2025-01-21,139.12,141.79,137.05,140.79,197749000
NVDA,2025-01-22,144.62,147.75,143.63,147.03,237651400
NVDA,2025-01-23,145.01,147.19,143.68,147.18,155915500
NVDA,2025-01-24,148.33,148.93,141.84,142.58,234657600
NVDA,2025-01-27,124.77,128.36,116.67,118.39,818830900
NVDA,2025-01-28,121.78,128.96,116.22,128.95,579666400
NVDA,2025-01-29,126.47,126.86,120.02,123.67,467120600
NVDA,2025-01-30,123.07,124.97,118.07,124.62,392925500
NVDA,2025-01-31,123.75,127.82,119.16,120.04,388161100
NVDA,2025-02-03,114.72,118.54,112.98,116.63,371235700
NVDA,2025-02-04,116.93,121.17,116.67,118.62,256550000
NVDA,2025-02-05,121.73,124.97,120.73,124.8,262230800
NVDA,2025-02-06,127.39,128.73,125.18,128.64,251483600
NVDA,2025-02-07,129.18,130.33,124.97,129.8,228186300
NVDA,2025-02-10,130.05,134.96,129.92,133.53,216989100
NVDA,2025-02-11,132.54,134.44,130.98,132.76,178902400
NVDA,2025-02-12,129.98,132.2,129.04,131.1,160278600
NVDA,2025-02-13,131.52,136.46,131.13,135.25,197430000
NVDA,2025-02-14,136.44,139.21,135.46,138.81,195479600
NVDA,2025-02-18,141.23,143.4,137.89,139.36,219176600
NVDA,2025-02-19,139.47,141.32,137.18,139.19,167536000
NVDA,2025-02-20,139.99,140.62,136.75,140.07,143903600
NVDA,2025-02-21,140.0,141.42,133.99,134.39,228217600
NVDA,2025-02-24,136.52,138.55,130.04,130.24,251381100
NVDA,2025-02-25,129.94,130.16,124.41,126.6,271428700
NVDA,2025-02-26,129.95,133.69,128.45,131.24,322553800
NVDA,2025-02-27,134.96,134.97,119.98,120.12,443175800
NVDA,2025-02-28,117.99,125.06,116.37,124.89,389091100
NVDA,2025-03-03,123.48,123.67,112.25,114.03,411381400
NVDA,2025-03-04,110.62,119.28,110.08,115.96,398163300
NVDA,2025-03-05,117.55,118.25,114.48,117.27,284337900
NVDA,2025-03-06,113.5,115.32,110.19,110.54,321181900
NVDA,2025-03-07,111.22,113.45,107.53,112.66,341755500
NVDA,2025-03-10,109.87,111.82,105.43,106.95,366487400
NVDA,2025-03-11,106.96,112.21,104.74,108.73,354865700
NVDA,2025-03-12,114.1,116.74,112.86,115.72,323857500
NVDA,2025-03-13,117.01,117.74,113.77,115.56,299033100
NVDA,2025-03-14,118.59,121.86,118.13,121.65,277593500
NVDA,2025-03-17,122.72,122.87,118.01,119.51,255501500
NVDA,2025-03-18,117.98,119.0,114.52,115.41,299686900
NVDA,2025-03-19,117.25,120.43,115.66,117.5,273426200
NVDA,2025-03-20,116.53,120.18,116.45,118.51,248829700
NVDA,2025-03-21,116.92,117.97,115.4,117.68,266498500
NVDA,2025-03-24,119.86,122.2,119.32,121.39,228452500
NVDA,2025-03-25,120.53,121.27,118.9,120.67,167447200
NVDA,2025-03-26,118.71,118.82,112.69,113.74,293463300
NVDA,2025-03-27,111.33,114.43,110.64,111.41,236902100
NVDA,2025-03-28,111.47,112.85,109.05,109.65,229872500
NVDA,2025-03-31,105.11,110.94,103.63,108.36,299212700
NVDA,2025-04-01,108.5,110.18,106.45,110.13,222614000
NVDA,2025-04-02,107.27,111.96,106.77,110.4,220601200
NVDA,2025-04-03,103.49,105.61,101.58,101.78,338769400
NVDA,2025-04-04,98.89,100.11,92.09,94.29,532273800
NVDA,2025-04-07,87.44,101.73,86.6,97.62,611041300
NVDA,2025-04-08,103.79,105.83,94.44,96.28,476243400
NVDA,2025-04-09,98.87,115.08,97.51,114.31,612918300
NVDA,2025-04-10,109.35,110.84,99.13,107.55,437812400
NVDA,2025-04-11,108.48,111.53,107.46,110.91,313417300
NVDA,2025-04-14,114.09,114.27,109.05,110.69,264705000
NVDA,2025-04-15,110.95,113.6,110.48,112.18,228966900
NVDA,2025-04-16,104.53,106.77,100.43,104.47,397016900
NVDA,2025-04-17,104.43,104.45,100.03,101.47,292517500
NVDA,2025-04-21,98.75,99.42,95.02,96.89,288501100
NVDA,2025-04-22,98.76,99.79,97.26,98.87,241004800
NVDA,2025-04-23,104.5,104.78,102.0,102.69,247526000
NVDA,2025-04-24,103.46,106.52,103.09,106.41,220815000
NVDA,2025-04-25,106.83,111.9,105.71,110.99,251064700
NVDA,2025-04-28,109.67,110.35,106.0,108.71,207708500
NVDA,2025-04-29,107.65,110.18,107.42,109.0,170444300
NVDA,2025-04-30,104.45,108.9,104.06,108.9,235044600
NVDA,2025-05-01,113.06,114.92,111.28,111.59,236121500
NVDA,2025-05-02,114.16,115.38,113.35,114.48,190194800
NVDA,2025-05-05,112.89,114.65,112.64,113.8,133163200
NVDA,2025-05-06,111.46,114.72,110.8,113.52,158525600
NVDA,2025-05-07,113.03,117.66,112.26,117.04,206758800
NVDA,2025-05-08,118.23,118.66,115.83,117.35,198428100
NVDA,2025-05-09,117.33,118.21,115.19,116.63,132972200
NVDA,2025-05-12,121.95,122.98,120.26,122.98,225023300
NVDA,2025-05-13,124.96,131.2,124.45,129.91,330430100
NVDA,2025-05-14,133.18,135.42,131.66,135.32,281180800
NVDA,2025-05-15,134.27,136.28,132.64,134.81,226632600
NVDA,2025-05-16,136.2,136.33,133.44,135.38,226542500
NVDA,2025-05-19,132.37,135.85,132.37,135.55,193154600
NVDA,2025-05-20,134.27,134.56,132.6,134.36,161514200
NVDA,2025-05-21,133.04,137.38,130.57,131.78,270608700
NVDA,2025-05-22,132.21,134.23,131.53,132.81,187344000
NVDA,2025-05-23,129.98,132.66,129.14,131.27,198821300
NVDA,2025-05-27,134.13,135.64,133.29,135.48,192953600
NVDA,2025-05-28,136.01,137.23,134.77,134.79,304021100
NVDA,2025-05-29,142.22,143.46,137.88,139.16,369241900
NVDA,2025-05-30,138.69,139.59,132.9,135.11,333170900
NVDA,2025-06-02,135.47,138.09,135.38,137.36,197663100
NVDA,2025-06-03,138.75,141.97,137.92,141.19,225578800
NVDA,2025-06-04,142.16,142.36,139.51,141.89,167120800
NVDA,2025-06-05,142.14,143.97,138.8,139.96,231397900
NVDA,2025-06-06,142.48,143.24,141.48,141.69,153986200
NVDA,2025-06-09,143.16,144.97,141.91,142.6,185114500
NVDA,2025-06-10,142.66,144.26,141.5,143.93,155881900
NVDA,2025-06-11,144.59,144.97,141.85,142.81,167694000
NVDA,2025-06-12,141.95,144.98,141.83,144.98,162365000
NVDA,2025-06-13,142.46,143.56,140.83,141.95,180820600
NVDA,2025-06-16,143.33,146.16,143.18,144.67,183133700
NVDA,2025-06-17,144.47,145.2,143.76,144.1,139108000
NVDA,2025-06-18,143.99,145.63,143.1,145.46,161494100
NVDA,2025-06-20,145.43,146.18,142.63,143.83,242956200
NVDA,2025-06-23,142.48,144.76,142.01,144.15,154308900
NVDA,2025-06-24,145.54,147.94,145.48,147.88,187566100
NVDA,2025-06-25,149.25,154.43,149.24,154.29,269146500
NVDA,2025-06-26,155.96,156.7,153.98,155.0,198145700
NVDA,2025-06-27,156.02,158.69,155.24,157.73,263234500
NVDA,2025-06-30,158.38,158.64,155.94,157.97,194580300
NVDA,2025-07-01,156.27,157.18,151.47,153.28,213143600
NVDA,2025-07-02,152.96,157.58,152.95,157.23,171224100
NVDA,2025-07-03,158.35,160.96,157.75,159.32,143716100
NVDA,2025-07-07,158.18,159.29,157.32,158.22,140139000
NVDA,2025-07-08,159.31,160.2,158.37,159.98,138133000
NVDA,2025-07-09,161.2,164.4,161.14,162.86,183656400
NVDA,2025-07-10,164.3,164.48,161.59,164.08,167704100
NVDA,2025-07-11,163.7,167.87,163.45,164.9,193633300
NVDA,2025-07-14,165.35,165.47,162.0,164.05,136975800
NVDA,2025-07-15,171.17,172.38,169.18,170.68,230627400
NVDA,2025-07-16,171.04,171.73,168.88,171.35,158831500
NVDA,2025-07-17,172.0,174.14,170.81,172.98,160841100
NVDA,2025-07-18,173.62,174.23,171.24,172.39,146456400
NVDA,2025-07-21,172.73,173.36,170.98,171.36,123126100
NVDA,2025-07-22,171.32,171.37,164.56,167.01,193114300
NVDA,2025-07-23,169.51,171.24,167.95,170.76,154082200
NVDA,2025-07-24,172.42,173.81,171.28,173.72,128984600
NVDA,2025-07-25,173.59,174.7,172.94,173.48,122316800
NVDA,2025-07-28,174.0,176.98,173.95,176.73,140023500
NVDA,2025-07-29,177.94,179.36,175.0,175.49,154077500
NVDA,2025-07-30,176.49,179.87,176.02,179.25,174312200
NVDA,2025-07-31,182.88,183.28,175.91,177.85,221685400
NVDA,2025-08-01,174.07,176.52,170.87,173.7,204529000
NVDA,2025-08-04,175.14,180.18,174.5,179.98,148174600
NVDA,2025-08-05,179.6,180.24,175.88,178.24,156407600
NVDA,2025-08-06,176.31,179.88,176.23,179.4,137192300
NVDA,2025-08-07,181.55,183.86,178.78,180.75,151878400
NVDA,2025-08-08,181.53,183.28,180.38,182.68,123396700
NVDA,2025-08-11,182.03,183.82,180.23,182.04,138323200
NVDA,2025-08-12,182.94,184.46,179.44,183.14,145485700
NVDA,2025-08-13,182.6,183.95,179.33,181.57,179871700
NVDA,2025-08-14,179.73,183.0,179.44,182.0,129554000
NVDA,2025-08-15,181.86,181.88,178.02,180.43,156602200
NVDA,2025-08-18,180.58,182.92,180.57,181.99,132008000
NVDA,2025-08-19,182.41,182.48,175.47,175.62,185229200
NVDA,2025-08-20,175.15,175.98,168.78,175.38,215142700
NVDA,2025-08-21,174.83,176.88,173.79,174.96,140040900
NVDA,2025-08-22,172.59,178.57,171.18,177.97,172789400
NVDA,2025-08-25,178.33,181.89,176.55,179.79,163012800
NVDA,2025-08-26,180.04,182.37,178.79,181.75,168688200
NVDA,2025-08-27,181.96,182.47,179.08,181.58,235518900
NVDA,2025-08-28,180.8,184.45,176.39,180.15,281787800
NVDA,2025-08-29,178.09,178.13,173.13,174.16,243257900
NVDA,2025-09-02,169.98,172.36,167.2,170.76,231164900
NVDA,2025-09-03,171.04,172.39,168.86,170.6,164424900
NVDA,2025-09-04,170.55,171.84,169.39,171.64,141670100
NVDA,2025-09-05,168.01,169.01,164.05,167.0,224441400
NVDA,2025-09-08,167.53,170.94,167.33,168.29,163769100
NVDA,2025-09-09,169.07,170.96,166.72,170.74,157548400
NVDA,2025-09-10,176.62,179.27,175.45,177.31,226852000
NVDA,2025-09-11,179.67,180.27,176.47,177.16,151159300
NVDA,2025-09-12,177.76,178.59,176.44,177.81,124911000
NVDA,2025-09-15,175.66,178.84,174.5,177.74,147061600
NVDA,2025-09-16,176.99,177.49,174.37,174.87,140737800
NVDA,2025-09-17,172.63,173.19,168.4,170.28,211843800
NVDA,2025-09-18,173.97,177.09,172.95,176.23,191763300
NVDA,2025-09-19,175.76,178.07,175.17,176.66,237182100
NVDA,2025-09-22,175.29,184.54,174.7,183.6,269637000
NVDA,2025-09-23,181.96,182.41,176.2,178.42,192559600
NVDA,2025-09-24,179.76,179.77,175.39,176.96,143564100
NVDA,2025-09-25,174.47,180.25,173.12,177.68,191586700
NVDA,2025-09-26,178.16,179.76,174.92,178.18,148573700
NVDA,2025-09-29,180.42,183.99,180.31,181.84,193063500
NVDA,2025-09-30,182.07,187.34,181.47,186.57,236981000
NVDA,2025-10-01,185.23,188.13,183.89,187.23,173844900
NVDA,2025-10-02,189.59,191.04,188.05,188.88,136805800
NVDA,2025-10-03,189.18,190.35,185.37,187.61,137596900
NVDA,2025-10-06,185.49,187.22,183.32,185.53,157678100
NVDA,2025-10-07,186.22,189.05,183.99,185.03,140088000
NVDA,2025-10-08,186.56,189.59,186.53,189.1,130168900
NVDA,2025-10-09,192.22,195.29,191.05,192.56,182997200
NVDA,2025-10-10,193.5,195.61,182.04,183.15,268774400
NVDA,2025-10-13,187.96,190.1,185.95,188.31,153482800
NVDA,2025-10-14,184.76,184.79,179.69,180.02,205641400
NVDA,2025-10-15,184.79,184.86,177.28,179.82,214450500
NVDA,2025-10-16,182.22,183.27,179.76,181.8,179723300
NVDA,2025-10-17,180.17,184.09,179.74,183.21,173135200
NVDA,2025-10-20,183.12,185.19,181.72,182.63,128544700
NVDA,2025-10-21,182.78,182.78,179.79,181.15,124240200
NVDA,2025-10-22,181.13,183.43,176.75,180.27,162249600
NVDA,2025-10-23,180.41,183.02,179.78,182.15,111363700
NVDA,2025-10-24,183.83,187.46,183.49,186.25,131296700
NVDA,2025-10-27,189.98,191.99,188.42,191.48,153452700
NVDA,2025-10-28,193.04,203.14,191.9,201.02,297986200
NVDA,2025-10-29,207.97,212.18,204.77,207.03,308829600
NVDA,2025-10-30,205.14,206.15,201.4,202.88,178864400
NVDA,2025-10-31,206.44,207.96,202.06,202.48,179802200
NVDA,2025-11-03,208.07,211.33,205.55,206.87,180267300
NVDA,2025-11-04,202.99,203.96,197.92,198.68,188919300
NVDA,2025-11-05,198.76,202.91,194.64,195.2,171350300
NVDA,2025-11-06,196.41,197.61,186.37,188.07,223029800
NVDA,2025-11-07,184.89,188.31,178.9,188.14,264942300
NVDA,2025-11-10,195.1,199.93,193.78,199.04,198897100
NVDA,2025-11-11,195.15,195.41,191.29,193.15,176483300
NVDA,2025-11-12,195.71,195.88,191.12,193.79,154935300
NVDA,2025-11-13,191.04,191.43,183.84,186.85,207423100
NVDA,2025-11-14,182.85,191.0,180.57,190.16,186591900
NVDA,2025-11-17,185.96,188.99,184.31,186.59,173628900
NVDA,2025-11-18,183.37,184.79,179.64,181.35,213598900
NVDA,2025-11-19,184.78,187.85,182.82,186.51,247246400
NVDA,2025-11-20,195.94,195.99,179.84,180.63,343504800
NVDA,2025-11-21,181.23,184.55,172.92,178.87,346926200
NVDA,2025-11-24,179.48,183.49,176.47,182.54,256618300
NVDA,2025-11-25,174.9,178.15,169.54,177.81,320600300
NVDA,2025-11-26,181.62,182.9,178.23,180.25,183852000
NVDA,2025-11-28,179.0,179.28,176.49,176.99,121332800
NVDA,2025-12-01,174.75,180.29,173.67,179.91,188131000
NVDA,2025-12-02,181.75,185.65,179.99,181.45,182632200
NVDA,2025-12-03,181.07,182.44,179.1,179.58,165138000
NVDA,2025-12-04,181.62,184.52,179.96,183.38,167364900
NVDA,2025-12-05,183.89,184.66,180.91,182.41,143971100
NVDA,2025-12-08,182.64,188.0,182.4,185.55,204378100
NVDA,2025-12-09,185.56,185.72,183.32,184.97,144719700
NVDA,2025-12-10,184.97,185.48,182.04,183.78,162785400
NVDA,2025-12-11,180.28,181.32,176.62,180.93,182136600
NVDA,2025-12-12,181.11,182.82,174.62,175.02,204274900
NVDA,2025-12-15,177.94,178.42,175.03,176.29,164775600
NVDA,2025-12-16,176.26,178.49,174.9,177.72,148588100
NVDA,2025-12-17,176.1,176.13,170.31,170.94,222775500
NVDA,2025-12-18,174.53,176.15,171.82,174.14,176096000
NVDA,2025-12-19,176.67,181.45,176.34,180.99,324925900
NVDA,2025-12-22,183.92,184.16,182.35,183.69,129064400
NVDA,2025-12-23,182.97,189.33,182.9,189.21,174873600
NVDA,2025-12-24,187.94,188.91,186.59,188.61,65528500
NVDA,2025-12-26,189.92,192.69,188.0,190.53,139740300
NVDA,2025-12-29,187.71,188.76,185.91,188.22,120006100
NVDA,2025-12-30,188.24,188.99,186.93,187.54,97687300
NVDA,2025-12-31,189.57,190.56,186.49,186.5,120100500
NVDA,2026-01-02,189.84,192.93,188.26,188.85,148240500
NVDA,2026-01-05,191.76,193.63,186.15,188.12,183529700
NVDA,2026-01-06,190.52,192.17,186.82,187.24,176862600
NVDA,2026-01-07,188.57,191.37,186.56,189.11,153543200
NVDA,2026-01-08,189.11,189.55,183.71,185.04,172457000
NVDA,2026-01-09,185.08,186.34,183.67,184.86,131327500
NVDA,2026-01-12,183.22,187.12,183.02,184.94,137968500
NVDA,2026-01-13,185.0,188.11,183.4,185.81,160128900
NVDA,2026-01-14,184.32,184.46,180.8,183.14,159586100
NVDA,2026-01-15,186.5,189.7,186.33,187.05,206188600
NVDA,2026-01-16,189.08,190.44,186.08,186.23,187967200
NVDA,2026-01-20,181.9,182.38,177.61,178.07,223345300
NVDA,2026-01-21,179.05,185.38,178.4,183.32,200381000
NVDA,2026-01-22,184.75,186.17,183.93,184.84,139636600
NVDA,2026-01-23,187.5,189.6,186.82,187.67,142748100
NVDA,2026-01-26,187.16,189.12,185.99,186.47,124799600
NVDA,2026-01-27,187.24,190.0,185.7,188.52,143711600
NVDA,2026-01-28,191.27,192.35,189.84,191.52,148552700
NVDA,2026-01-29,191.34,193.48,186.06,192.51,171764400
NVDA,2026-01-30,191.21,194.49,189.47,191.13,179489500
NVDA,2026-02-02,187.2,190.3,184.88,185.61,165794100
NVDA,2026-02-03,186.24,186.27,176.23,180.34,204019600
NVDA,2026-02-04,179.46,179.58,171.91,174.19,207014100
NVDA,2026-02-05,174.93,176.82,171.03,171.88,206312900
NVDA,2026-02-06,176.69,187.0,174.6,185.41,231346200
NVDA,2026-02-09,184.26,193.66,183.95,190.04,196387400
NVDA,2026-02-10,191.38,192.48,188.12,188.54,136764800
NVDA,2026-02-11,192.45,193.26,188.77,190.05,144192700
NVDA,2026-02-12,193.03,193.61,186.51,186.94,189932500
NVDA,2026-02-13,187.48,187.5,181.59,182.81,161888000
NVDA,2026-02-17,181.75,187.15,179.18,184.97,162276900
NVDA,2026-02-18,188.75,190.37,186.76,187.98,164749100
NVDA,2026-02-19,187.06,188.43,185.66,187.9,126554500
NVDA,2026-02-20,186.57,190.33,185.94,189.82,178422300
NVDA,2026-02-23,191.4,193.95,189.58,191.55,171079800
NVDA,2026-02-24,191.49,193.77,187.4,192.85,175123600
NVDA,2026-02-25,194.45,197.63,193.79,195.56,250637100
NVDA,2026-02-26,194.27,194.29,184.32,184.89,360807900
NVDA,2026-02-27,181.25,182.59,176.38,177.19,311636500
NVDA,2026-03-02,175.01,183.46,174.64,182.48,209095300
NVDA,2026-03-03,178.49,180.9,176.92,180.05,178099400
NVDA,2026-03-04,180.37,184.7,180.06,183.04,175709563
NVDA,2026-03-05,181.17,184.06,177.88,183.34,198153200
NVDA,2026-03-06,179.84,182.76,176.82,177.82,187239412
NVDA,2026-03-09,176.83,182.91,175.56,182.65,176547500
NVDA,2026-03-10,182.4,186.44,182.01,184.77,178696400
NVDA,2026-03-11,185.91,187.62,184.45,186.03,144428800
NVDA,2026-03-12,184.05,184.94,181.75,183.14,153887196
NVDA,2026-03-13,184.91,186.09,179.94,180.25,156420571
TSLA,2022-01-03,382.58,400.36,378.68,399.93,103931400
TSLA,2022-01-04,396.52,402.67,374.35,383.2,100248300
TSLA,2022-01-05,382.22,390.11,360.34,362.71,80119800
TSLA,2022-01-06,359.0,362.67,340.17,354.9,90336600
TSLA,2022-01-07,360.12,360.31,336.67,342.32,84164700
TSLA,2022-01-10,333.33,353.03,326.67,352.71,91815000
TSLA,2022-01-11,351.22,358.62,346.27,354.8,66063300
TSLA,2022-01-12,359.62,371.61,357.53,368.74,83739000
TSLA,2022-01-13,369.69,371.87,342.18,343.85,97209900
TSLA,2022-01-14,339.96,350.67,337.79,349.87,72924300
TSLA,2022-01-18,342.2,356.93,338.69,343.5,66743400
TSLA,2022-01-19,347.24,351.56,331.67,331.88,75442500
TSLA,2022-01-20,336.58,347.22,331.33,332.09,70488600
TSLA,2022-01-21,332.11,334.85,313.5,314.63,103416000
TSLA,2022-01-24,301.59,311.17,283.82,310.0,151565700
TSLA,2022-01-25,304.73,317.09,301.07,306.13,86595900
TSLA,2022-01-26,317.48,329.23,302.0,312.47,104867400
TSLA,2022-01-27,311.12,311.8,276.33,276.37,147109500
TSLA,2022-01-28,277.19,285.83,264.0,282.12,134789100
TSLA,2022-01-31,290.9,312.66,287.35,312.24,104436000
TSLA,2022-02-01,311.74,314.57,301.67,310.42,73138200
TSLA,2022-02-02,309.39,310.5,296.47,301.89,66792900
TSLA,2022-02-03,294.0,312.33,293.51,297.05,78855600
TSLA,2022-02-04,299.07,312.17,293.72,307.77,73625400
TSLA,2022-02-07,307.93,315.92,300.9,302.45,60994500
TSLA,2022-02-08,301.84,308.76,298.27,307.33,50729100
TSLA,2022-02-09,311.67,315.42,306.67,310.67,52259400
TSLA,2022-02-10,302.79,314.6,298.9,301.52,66126900
TSLA,2022-02-11,303.21,305.32,283.57,286.67,79645800
TSLA,2022-02-14,287.19,299.63,284.38,291.92,67756500
TSLA,2022-02-15,300.0,307.67,297.79,307.48,57286200
TSLA,2022-02-16,304.68,308.81,300.4,307.8,51294300
TSLA,2022-02-17,304.42,306.17,291.37,292.12,55178400
TSLA,2022-02-18,295.33,295.62,279.2,285.66,68501700
TSLA,2022-02-22,278.04,285.58,267.03,273.84,83288100
TSLA,2022-02-23,276.81,278.43,253.52,254.68,95256900
TSLA,2022-02-24,233.46,267.49,233.33,266.92,135322200
TSLA,2022-02-25,269.74,273.17,260.8,269.96,76067700
TSLA,2022-02-28,271.67,292.29,271.57,290.14,99006900
TSLA,2022-03-01,289.89,296.63,284.59,288.12,74766900
TSLA,2022-03-02,290.71,295.49,281.42,293.3,74643300
TSLA,2022-03-03,292.92,295.48,277.53,279.76,61623600
TSLA,2022-03-04,283.03,285.22,275.05,279.43,66999600
TSLA,2022-03-07,285.43,288.71,268.19,268.19,72494100
TSLA,2022-03-08,265.18,283.33,260.72,274.8,80399100
TSLA,2022-03-09,279.83,286.85,277.34,286.32,59184000
TSLA,2022-03-10,283.82,284.82,270.12,279.43,58648500
TSLA,2022-03-11,280.07,281.27,264.59,265.12,67037100
TSLA,2022-03-14,260.2,266.9,252.01,255.46,71152200
TSLA,2022-03-15,258.42,268.52,252.19,267.3,66841200
TSLA,2022-03-16,269.67,280.67,267.42,280.08,84028800
TSLA,2022-03-17,277.0,291.67,275.24,290.53,66582900
TSLA,2022-03-18,291.5,302.62,289.13,301.8,100414200
TSLA,2022-03-21,304.99,314.28,302.36,307.05,81981600
TSLA,2022-03-22,310.0,332.62,307.25,331.33,105868500
TSLA,2022-03-23,326.65,346.9,325.47,333.04,120676200
TSLA,2022-03-24,336.58,341.5,329.6,337.97,68920800
TSLA,2022-03-25,336.0,340.6,332.44,336.88,62031600
TSLA,2022-03-28,355.03,365.96,351.2,363.95,102506100
TSLA,2022-03-29,369.33,371.59,357.7,366.52,73614900
TSLA,2022-03-30,363.72,371.32,361.33,364.66,59865000
TSLA,2022-03-31,364.86,367.71,358.88,359.2,48992700
TSLA,2022-04-01,360.38,364.92,355.55,361.53,54263100
TSLA,2022-04-04,363.13,383.3,357.51,381.82,82035900
TSLA,2022-04-05,378.77,384.29,362.43,363.75,80075100
TSLA,2022-04-06,357.82,359.67,342.57,348.59,89348400
TSLA,2022-04-07,350.8,358.86,340.51,352.42,79447200
TSLA,2022-04-08,347.74,349.48,340.81,341.83,55013700
TSLA,2022-04-11,326.8,336.16,324.88,325.31,59357100
TSLA,2022-04-12,332.55,340.4,325.53,328.98,65976000
TSLA,2022-04-13,327.03,342.08,324.37,340.79,55121100
TSLA,2022-04-14,333.1,337.57,327.4,328.33,58422300
TSLA,2022-04-18,329.68,338.31,324.47,334.76,51715200
TSLA,2022-04-19,335.02,344.98,331.78,342.72,49847700
TSLA,2022-04-20,343.33,344.67,325.08,325.73,70711200
TSLA,2022-04-21,358.24,364.07,332.14,336.26,105416400
TSLA,2022-04-22,338.3,344.95,331.33,335.02,69696600
TSLA,2022-04-25,326.32,336.21,325.1,332.67,68341200
TSLA,2022-04-26,331.81,333.33,291.67,292.14,136133700
TSLA,2022-04-27,299.53,306.0,292.45,293.84,76956300
TSLA,2022-04-28,299.99,300.0,273.9,292.5,124948500
TSLA,2022-04-29,300.75,311.47,290.0,290.25,88133100
TSLA,2022-05-02,286.92,302.12,282.68,300.98,75781500
TSLA,2022-05-03,301.06,308.03,296.2,303.08,63709500
TSLA,2022-05-04,301.31,318.5,295.09,317.54,81643800
TSLA,2022-05-05,313.01,315.2,285.9,291.09,92519100
TSLA,2022-05-06,295.67,296.0,281.04,288.55,72903000
TSLA,2022-05-09,278.82,281.88,260.38,262.37,90810300
TSLA,2022-05-10,273.1,275.12,258.08,266.68,84401700
TSLA,2022-05-11,265.0,269.92,242.4,244.67,97224600
TSLA,2022-05-12,233.67,253.22,226.67,242.67,140313000
TSLA,2022-05-13,257.83,262.45,250.52,256.53,92150700
TSLA,2022-05-16,255.72,256.59,239.7,241.46,86098500
TSLA,2022-05-17,249.12,254.83,242.95,253.87,80236200
TSLA,2022-05-18,248.17,253.5,233.6,236.6,87811800
TSLA,2022-05-19,235.67,244.67,231.37,236.47,90296700
TSLA,2022-05-20,238.0,240.53,211.0,221.3,144973200
TSLA,2022-05-23,218.34,226.65,212.69,224.97,88903500
TSLA,2022-05-24,217.84,217.97,206.86,209.39,89092500
TSLA,2022-05-25,207.95,223.11,207.67,219.6,92139300
TSLA,2022-05-26,220.47,239.56,217.89,235.91,106003200
TSLA,2022-05-27,241.08,253.27,240.18,253.21,89295000
TSLA,2022-05-31,257.95,259.6,244.74,252.75,101914500
TSLA,2022-06-01,251.72,257.33,243.64,246.79,77247900
TSLA,2022-06-02,244.16,264.21,242.07,258.33,93473100
TSLA,2022-06-03,243.23,247.8,233.42,234.52,112393800
TSLA,2022-06-06,244.35,244.87,234.35,238.28,84204600
TSLA,2022-06-07,234.0,240.0,230.09,238.89,72808500
TSLA,2022-06-08,240.09,249.96,239.18,241.87,76210500
TSLA,2022-06-09,249.34,255.55,239.33,239.71,96491400
TSLA,2022-06-10,235.16,239.5,227.91,232.23,97536600
TSLA,2022-06-13,223.17,226.63,214.68,215.74,102767400
TSLA,2022-06-14,218.29,226.33,211.74,220.89,97988700
TSLA,2022-06-15,220.92,235.66,218.15,233.0,119131800
TSLA,2022-06-16,222.74,225.17,208.69,213.1,107390700
TSLA,2022-06-17,213.43,220.97,213.2,216.76,92641800
TSLA,2022-06-21,224.6,243.58,224.33,237.04,122793000
TSLA,2022-06-22,234.5,246.83,233.83,236.09,101107500
TSLA,2022-06-23,237.91,239.32,228.64,235.07,104202600
TSLA,2022-06-24,237.47,246.07,236.09,245.71,95770800
TSLA,2022-06-27,249.37,252.07,242.57,244.92,89178300
TSLA,2022-06-28,244.48,249.97,232.34,232.66,90391200
TSLA,2022-06-29,230.5,231.17,222.27,228.49,82897200
TSLA,2022-06-30,224.51,229.46,218.86,224.47,94600500
TSLA,2022-07-01,227.0,230.23,222.12,227.26,74460300
TSLA,2022-07-05,223.0,233.15,216.17,233.07,84581100
TSLA,2022-07-06,230.78,234.56,227.19,231.73,71853600
TSLA,2022-07-07,233.92,245.36,232.21,244.54,81930600
TSLA,2022-07-08,242.33,254.98,241.16,250.76,101854200
TSLA,2022-07-11,252.1,253.06,233.63,234.34,99241200
TSLA,2022-07-12,236.85,239.77,228.37,233.07,87930900
TSLA,2022-07-13,225.5,242.06,225.03,237.04,97954500
TSLA,2022-07-14,234.9,238.65,229.33,238.31,78557400
TSLA,2022-07-15,240.0,243.62,236.89,240.07,69683100
TSLA,2022-07-18,244.94,250.52,239.6,240.55,82537500
TSLA,2022-07-19,245.0,247.14,236.98,245.53,80890200
TSLA,2022-07-20,246.78,250.66,243.48,247.5,88864200
TSLA,2022-07-21,255.11,273.27,254.87,271.71,142032300
TSLA,2022-07-22,276.22,280.79,270.71,272.24,103472700
TSLA,2022-07-25,272.22,274.15,267.4,268.43,64073400
TSLA,2022-07-26,266.51,267.31,256.26,258.86,66820800
TSLA,2022-07-27,263.81,275.93,261.79,274.82,88110000
TSLA,2022-07-28,280.07,283.3,272.8,280.9,84723000
TSLA,2022-07-29,280.7,298.32,279.1,297.15,95313000
TSLA,2022-08-01,301.28,311.88,295.0,297.28,117042900
TSLA,2022-08-02,294.0,307.83,292.67,300.59,95577600
TSLA,2022-08-03,305.0,309.55,301.15,307.4,80091000
TSLA,2022-08-04,311.0,313.61,305.0,308.63,72256200
TSLA,2022-08-05,302.67,304.61,285.54,288.17,113172900
TSLA,2022-08-08,295.0,305.2,289.09,290.42,98994000
TSLA,2022-08-09,290.29,292.4,279.35,283.33,86244600
TSLA,2022-08-10,297.07,297.51,283.37,294.36,94918800
TSLA,2022-08-11,296.51,298.24,285.83,286.63,70155000
TSLA,2022-08-12,289.42,300.16,285.03,300.03,79657200
TSLA,2022-08-15,301.79,313.13,301.23,309.32,89359200
TSLA,2022-08-16,311.67,314.67,302.88,306.56,88136400
TSLA,2022-08-17,303.4,309.66,300.03,304.0,68766000
TSLA,2022-08-18,306.0,306.5,301.85,302.87,47500500
TSLA,2022-08-19,299.0,300.36,292.5,296.67,61395300
TSLA,2022-08-22,291.91,292.4,286.3,289.91,55843200
TSLA,2022-08-23,291.45,298.83,287.92,296.45,63984900
TSLA,2022-08-24,297.56,303.65,296.5,297.1,57259800
TSLA,2022-08-25,302.36,302.96,291.6,296.07,53230000
TSLA,2022-08-26,297.43,302.0,287.47,288.09,57163900
TSLA,2022-08-29,282.83,287.74,280.7,284.82,41864700
TSLA,2022-08-30,287.87,288.48,272.65,277.7,50541800
TSLA,2022-08-31,280.62,281.25,271.81,275.61,52107300
TSLA,2022-09-01,272.58,277.58,266.15,277.16,54287000
TSLA,2022-09-02,281.07,282.35,269.08,270.21,50890100
TSLA,2022-09-06,272.68,275.99,265.74,274.42,55860000
TSLA,2022-09-07,273.1,283.84,272.27,283.7,50028900
TSLA,2022-09-08,281.3,289.5,279.76,289.26,53713100
TSLA,2022-09-09,291.67,299.85,291.25,299.68,54338100
TSLA,2022-09-12,300.72,305.49,300.4,304.42,48674600
TSLA,2022-09-13,292.9,297.4,290.4,292.13,68229600
TSLA,2022-09-14,292.24,306.0,291.64,302.61,72628700
TSLA,2022-09-15,301.83,309.12,300.72,303.75,64795500
TSLA,2022-09-16,299.61,303.71,295.6,303.35,87087800
TSLA,2022-09-19,300.09,309.84,297.8,309.07,60231200
TSLA,2022-09-20,306.91,313.33,305.58,308.73,61642800
TSLA,2022-09-21,308.29,313.8,300.63,300.8,62555700
TSLA,2022-09-22,299.86,301.29,285.82,288.59,70545400
TSLA,2022-09-23,283.09,284.5,272.82,275.33,63748400
TSLA,2022-09-26,271.83,284.09,270.31,276.01,58076900
TSLA,2022-09-27,283.84,288.67,277.51,282.94,61925200
TSLA,2022-09-28,283.08,289.0,277.57,287.81,54664800
TSLA,2022-09-29,282.76,283.65,265.78,268.21,77620600
TSLA,2022-09-30,266.15,275.57,262.47,265.25,67726600
TSLA,2022-10-03,254.5,255.16,241.01,242.4,98363500
TSLA,2022-10-04,250.52,257.5,242.01,249.44,109578500
TSLA,2022-10-05,245.01,246.67,233.27,240.81,86982700
TSLA,2022-10-06,239.44,244.58,235.35,238.13,69298400
TSLA,2022-10-07,233.94,234.57,222.02,223.07,83916800
TSLA,2022-10-10,223.93,226.99,218.36,222.96,67925000
TSLA,2022-10-11,220.95,225.75,215.0,216.5,77013200
TSLA,2022-10-12,215.33,219.3,211.51,217.24,66860700
TSLA,2022-10-13,208.3,222.99,206.22,221.72,91483000
TSLA,2022-10-14,224.01,226.26,204.16,204.99,94124500
TSLA,2022-10-17,210.04,221.86,209.45,219.35,79428800
TSLA,2022-10-18,229.5,229.82,217.25,220.19,75891900
TSLA,2022-10-19,219.8,222.93,217.78,222.04,66571500
TSLA,2022-10-20,208.28,215.55,202.0,207.28,117798100
TSLA,2022-10-21,206.42,214.66,203.8,214.44,75713800
TSLA,2022-10-24,205.82,213.5,198.59,211.25,100446800
TSLA,2022-10-25,210.1,224.35,210.0,222.42,96507900
TSLA,2022-10-26,219.4,230.6,218.2,224.64,85012500
TSLA,2022-10-27,229.77,233.81,222.85,225.09,61638800
TSLA,2022-10-28,225.4,228.86,216.35,228.52,69152400
TSLA,2022-10-31,226.19,229.85,221.94,227.54,61554300
TSLA,2022-11-01,234.05,237.4,227.28,227.82,62688800
TSLA,2022-11-02,226.04,227.87,214.82,214.98,63070300
TSLA,2022-11-03,211.36,221.2,210.14,215.31,56538800
TSLA,2022-11-04,222.6,223.8,203.08,207.47,98622200
TSLA,2022-11-07,208.65,208.9,196.66,197.08,93916500
TSLA,2022-11-08,194.02,195.2,186.75,191.3,128803400
TSLA,2022-11-09,190.78,195.89,177.12,177.59,127062700
TSLA,2022-11-10,189.9,191.0,180.03,190.72,132703000
TSLA,2022-11-11,186.0,196.52,182.59,195.97,114403600
TSLA,2022-11-14,192.77,195.73,186.34,190.95,92226600
TSLA,2022-11-15,195.88,200.82,192.06,194.42,91293800
TSLA,2022-11-16,191.51,192.57,185.66,186.92,66567600
TSLA,2022-11-17,183.96,186.16,180.9,183.17,64336000
TSLA,2022-11-18,185.05,185.19,176.55,180.19,76048900
TSLA,2022-11-21,175.85,176.77,167.54,167.87,92882700
TSLA,2022-11-22,168.63,170.92,166.19,169.91,78452300
TSLA,2022-11-23,173.57,183.62,172.5,183.2,109536700
TSLA,2022-11-25,185.06,185.2,180.63,182.86,50672700
TSLA,2022-11-28,179.96,188.5,179.0,182.92,92905200
TSLA,2022-11-29,184.99,186.38,178.75,180.83,83357100
TSLA,2022-11-30,182.43,194.76,180.63,194.7,109186400
TSLA,2022-12-01,197.08,198.92,191.8,194.7,80046200
TSLA,2022-12-02,191.78,196.25,191.11,194.86,73645900
TSLA,2022-12-05,189.44,191.27,180.55,182.45,93122700
TSLA,2022-12-06,181.22,183.65,175.33,179.82,92150800
TSLA,2022-12-07,175.03,179.38,172.22,174.04,84213300
TSLA,2022-12-08,172.2,175.2,169.06,173.44,97624500
TSLA,2022-12-09,173.84,182.5,173.36,179.05,104872300
TSLA,2022-12-12,176.1,177.37,167.52,167.82,109794500
TSLA,2022-12-13,174.87,175.05,156.91,160.95,175862700
TSLA,2022-12-14,159.25,161.62,155.31,156.8,140682300
TSLA,2022-12-15,153.44,160.93,153.28,157.67,122334500
TSLA,2022-12-16,159.64,160.99,150.04,150.23,139032200
TSLA,2022-12-19,154.0,155.25,145.82,149.87,139390600
TSLA,2022-12-20,146.05,148.47,137.66,137.8,159563300
TSLA,2022-12-21,139.34,141.26,135.89,137.57,145417400
TSLA,2022-12-22,136.0,136.63,122.26,125.35,210090300
TSLA,2022-12-23,126.37,128.62,121.02,123.15,166989700
TSLA,2022-12-27,117.5,119.67,108.76,109.1,208643400
TSLA,2022-12-28,110.35,116.27,108.24,112.71,221070500
TSLA,2022-12-29,120.39,123.57,117.5,121.82,221923300
TSLA,2022-12-30,119.95,124.48,119.75,123.18,157777300
TSLA,2023-01-03,118.47,118.8,104.64,108.1,231402800
TSLA,2023-01-04,109.11,114.59,107.52,113.64,180389000
TSLA,2023-01-05,110.51,111.75,107.16,110.34,157986300
TSLA,2023-01-06,103.0,114.39,101.81,113.06,220911100
TSLA,2023-01-09,118.96,123.52,117.11,119.77,190284000
TSLA,2023-01-10,121.07,122.76,114.92,118.85,167642500
TSLA,2023-01-11,122.09,125.95,120.51,123.22,183810800
TSLA,2023-01-12,122.56,124.13,117.0,123.56,169400900
TSLA,2023-01-13,116.55,122.63,115.6,122.4,180714100
TSLA,2023-01-17,125.7,131.7,125.02,131.49,186477000
TSLA,2023-01-18,136.56,136.68,127.01,128.78,195680300
TSLA,2023-01-19,127.26,129.99,124.31,127.17,170291900
TSLA,2023-01-20,128.68,133.51,127.35,133.42,138858100
TSLA,2023-01-23,135.87,145.38,134.27,143.75,203119200
TSLA,2023-01-24,143.0,146.5,141.1,143.89,158699100
TSLA,2023-01-25,141.91,146.41,138.07,144.43,192734300
TSLA,2023-01-26,159.97,161.42,154.76,160.27,234815100
TSLA,2023-01-27,162.43,180.68,161.17,177.9,306590600
TSLA,2023-01-30,178.05,179.77,166.5,166.66,230878800
TSLA,2023-01-31,164.57,174.3,162.78,173.22,196813500
TSLA,2023-02-01,173.89,183.81,169.93,181.41,213806300
TSLA,2023-02-02,187.33,196.75,182.61,188.27,217448300
TSLA,2023-02-03,183.95,199.0,183.69,189.98,232662000
TSLA,2023-02-06,193.01,198.17,189.92,194.76,186188100
TSLA,2023-02-07,196.43,197.5,189.55,196.81,186010300
TSLA,2023-02-08,196.1,203.0,194.31,201.29,180673600
TSLA,2023-02-09,207.78,214.0,204.77,207.32,215431400
TSLA,2023-02-10,202.23,206.2,192.89,196.89,204754100
TSLA,2023-02-13,194.42,196.3,187.61,194.64,172475500
TSLA,2023-02-14,191.94,209.82,189.44,209.25,216455700
TSLA,2023-02-15,211.76,214.66,206.11,214.24,181006400
TSLA,2023-02-16,210.78,217.65,201.84,202.04,229586500
TSLA,2023-02-17,199.99,208.44,197.5,208.31,213738500
TSLA,2023-02-21,204.99,209.71,197.22,197.37,180018600
TSLA,2023-02-22,197.93,201.99,191.78,200.86,191828500
TSLA,2023-02-23,203.91,205.14,196.33,202.07,146360000
TSLA,2023-02-24,196.33,197.67,192.8,196.88,142228100
TSLA,2023-02-27,202.03,209.42,201.26,207.63,161028300
TSLA,2023-02-28,210.59,211.23,203.75,205.71,153144900
TSLA,2023-03-01,206.21,207.2,198.52,202.77,156852800
TSLA,2023-03-02,186.74,193.75,186.01,190.9,181500700
TSLA,2023-03-03,194.8,200.48,192.88,197.79,154193300
TSLA,2023-03-06,198.54,198.6,192.3,193.81,128100100
TSLA,2023-03-07,191.38,194.2,186.1,187.71,148125800
TSLA,2023-03-08,185.04,186.5,180.0,182.0,151897800
TSLA,2023-03-09,180.25,185.18,172.51,172.92,170023800
TSLA,2023-03-10,175.13,178.29,168.44,173.44,191488900
TSLA,2023-03-13,167.46,177.35,163.91,174.48,167790300
TSLA,2023-03-14,177.31,183.8,177.14,183.26,143717900
TSLA,2023-03-15,180.8,182.34,176.03,180.45,145995600
TSLA,2023-03-16,180.37,185.81,178.84,184.13,121136800
TSLA,2023-03-17,184.52,186.22,177.33,180.13,133197100
TSLA,2023-03-20,178.08,186.44,176.35,183.25,129684400
TSLA,2023-03-21,188.28,198.0,188.04,197.58,153391400
TSLA,2023-03-22,199.3,200.66,190.95,191.15,150376400
TSLA,2023-03-23,195.26,199.31,188.65,192.22,144193900
TSLA,2023-03-24,191.65,192.36,187.15,190.41,116312400
TSLA,2023-03-27,194.42,197.39,189.94,191.81,120851600
TSLA,2023-03-28,192.0,192.35,185.43,189.19,98654600
TSLA,2023-03-29,193.13,195.29,189.44,193.88,123660000
TSLA,2023-03-30,195.58,197.33,194.42,195.28,110252200
TSLA,2023-03-31,197.53,207.79,197.2,207.46,170222100
TSLA,2023-04-03,199.91,202.69,192.2,194.77,169545900
TSLA,2023-04-04,197.32,198.74,190.32,192.58,126463800
TSLA,2023-04-05,190.52,190.68,183.76,185.52,133882500
TSLA,2023-04-06,183.08,186.39,179.74,185.06,123857900
TSLA,2023-04-10,179.94,185.1,176.11,184.51,142154600
TSLA,2023-04-11,186.69,189.19,185.65,186.79,115770900
TSLA,2023-04-12,190.74,191.58,180.31,180.54,150256300
TSLA,2023-04-13,182.96,186.5,180.94,185.9,112933000
TSLA,2023-04-14,183.95,186.28,182.01,185.0,96438700
TSLA,2023-04-17,186.32,189.69,182.69,187.04,116662200
TSLA,2023-04-18,187.15,187.69,183.58,184.31,92067000
TSLA,2023-04-19,179.1,183.5,177.65,180.59,125732700
TSLA,2023-04-20,166.17,169.7,160.56,162.99,210970800
TSLA,2023-04-21,164.8,166.0,161.32,165.08,123539000
TSLA,2023-04-24,164.65,165.65,158.61,162.55,140006600
TSLA,2023-04-25,159.82,163.47,158.75,160.67,121999300
TSLA,2023-04-26,160.29,160.67,153.14,153.75,153364100
TSLA,2023-04-27,152.64,160.48,152.37,160.19,127015200
TSLA,2023-04-28,160.9,165.0,157.32,164.31,122515800
TSLA,2023-05-01,163.17,163.28,158.83,161.83,109015000
TSLA,2023-05-02,161.88,165.49,158.93,160.31,128259700
TSLA,2023-05-03,160.01,165.0,159.91,160.61,119728000
TSLA,2023-05-04,162.71,162.95,159.65,161.2,95108500
TSLA,2023-05-05,163.97,170.79,163.51,170.06,107607300
TSLA,2023-05-08,173.72,173.8,169.19,171.79,112249400
TSLA,2023-05-09,168.95,169.82,166.56,169.15,88965000
TSLA,2023-05-10,172.55,174.43,166.68,168.54,119840700
TSLA,2023-05-11,168.7,173.57,166.79,172.08,103889900
TSLA,2023-05-12,176.07,177.38,167.23,167.98,157849600
TSLA,2023-05-15,167.66,169.76,164.55,166.35,105592500
TSLA,2023-05-16,165.65,169.52,164.35,166.52,98288800
TSLA,2023-05-17,168.41,174.5,167.19,173.86,125473600
TSLA,2023-05-18,174.22,177.06,172.45,176.89,109520300
TSLA,2023-05-19,177.17,181.95,176.31,180.14,136196700
TSLA,2023-05-22,180.7,189.32,180.11,188.87,132001400
TSLA,2023-05-23,186.2,192.96,185.26,185.77,156952100
TSLA,2023-05-24,182.23,184.22,178.22,182.9,137605100
TSLA,2023-05-25,186.54,186.78,180.58,184.47,96870700
TSLA,2023-05-26,184.62,198.6,184.53,193.17,162061500
TSLA,2023-05-30,200.1,204.48,197.53,201.16,128818700
TSLA,2023-05-31,199.78,203.95,195.12,203.93,150711700
TSLA,2023-06-01,202.59,209.8,199.37,207.52,148029900
TSLA,2023-06-02,210.15,217.25,209.75,213.97,164398400
TSLA,2023-06-05,217.8,221.29,214.52,217.61,151143100
TSLA,2023-06-06,216.14,221.91,212.53,221.31,146911600
TSLA,2023-06-07,228.0,230.83,223.2,224.57,185710800
TSLA,2023-06-08,224.22,235.23,223.01,234.86,164489700
TSLA,2023-06-09,249.07,252.42,242.02,244.4,200242400
TSLA,2023-06-12,247.94,250.97,244.59,249.83,150337900
TSLA,2023-06-13,253.51,259.68,251.34,258.71,162384300
TSLA,2023-06-14,260.17,261.57,250.5,256.79,170575500
TSLA,2023-06-15,248.4,258.95,247.29,255.9,160171200
TSLA,2023-06-16,258.92,263.6,257.21,260.54,167915600
TSLA,2023-06-20,261.5,274.75,261.12,274.45,165611200
TSLA,2023-06-21,275.13,276.99,257.78,259.46,211797100
TSLA,2023-06-22,250.77,265.0,248.25,264.61,166875900
TSLA,2023-06-23,259.29,262.45,252.8,256.6,177460800
TSLA,2023-06-26,250.07,258.37,240.7,241.05,179990600
TSLA,2023-06-27,243.24,250.39,240.85,250.21,164968200
TSLA,2023-06-28,249.7,259.88,248.89,256.24,159770800
TSLA,2023-06-29,258.03,260.74,253.61,257.5,131283400
TSLA,2023-06-30,260.6,264.45,259.89,261.77,112620800
TSLA,2023-07-03,276.49,284.25,275.11,279.82,119685900
TSLA,2023-07-05,278.82,283.85,277.6,282.48,131530900
TSLA,2023-07-06,278.09,279.97,272.88,276.54,120332100
TSLA,2023-07-07,278.43,280.78,273.77,274.43,113879200
TSLA,2023-07-10,276.47,277.52,265.1,269.61,119425400
TSLA,2023-07-11,268.65,270.9,266.37,269.79,91972400
TSLA,2023-07-12,276.33,276.52,271.46,271.99,95672100
TSLA,2023-07-13,274.59,279.45,270.6,277.9,112681500
TSLA,2023-07-14,277.01,285.3,276.31,281.38,120062400
TSLA,2023-07-17,286.63,292.23,283.57,290.38,131569600
TSLA,2023-07-18,290.15,295.26,286.01,293.34,112120300
TSLA,2023-07-19,296.04,299.29,289.52,291.26,142355400
TSLA,2023-07-20,279.56,280.93,261.2,262.9,175158300
TSLA,2023-07-21,268.0,268.0,255.8,260.02,161796100
TSLA,2023-07-24,255.85,269.85,254.12,269.06,136508500
TSLA,2023-07-25,272.38,272.9,265.0,265.28,112757300
TSLA,2023-07-26,263.25,268.04,261.75,264.35,95856200
TSLA,2023-07-27,268.31,269.13,255.3,255.71,103697300
TSLA,2023-07-28,259.86,267.25,258.23,266.44,111446000
TSLA,2023-07-31,267.48,269.08,263.78,267.43,84582200
TSLA,2023-08-01,266.26,266.47,260.25,261.07,83166000
TSLA,2023-08-02,255.57,259.52,250.49,254.11,101752900
TSLA,2023-08-03,252.04,260.49,252.0,259.32,97569100
TSLA,2023-08-04,260.97,264.77,253.11,253.86,99539900
TSLA,2023-08-07,251.45,253.65,242.76,251.45,111097900
TSLA,2023-08-08,247.45,250.92,245.01,249.7,96642200
TSLA,2023-08-09,250.87,251.1,241.9,242.19,101596300
TSLA,2023-08-10,245.4,251.8,243.0,245.34,109498600
TSLA,2023-08-11,241.77,243.79,238.02,242.65,99038600
TSLA,2023-08-14,235.7,240.66,233.75,239.76,98595300
TSLA,2023-08-15,238.73,240.5,232.61,232.96,88197600
TSLA,2023-08-16,228.02,233.97,225.38,225.6,112484500
TSLA,2023-08-17,226.06,226.74,218.83,219.22,120718400
TSLA,2023-08-18,214.12,217.58,212.36,215.49,136276600
TSLA,2023-08-21,221.55,232.13,220.58,231.28,135702700
TSLA,2023-08-22,240.25,240.82,229.55,233.19,130442800
TSLA,2023-08-23,229.34,238.98,229.29,236.86,101077600
TSLA,2023-08-24,238.66,238.92,228.18,230.04,99777400
TSLA,2023-08-25,231.31,239.0,230.35,238.59,106612200
TSLA,2023-08-28,242.58,244.38,235.35,238.82,107673700
TSLA,2023-08-29,238.58,257.48,237.77,257.18,134047600
TSLA,2023-08-30,254.2,260.51,250.59,256.9,121988400
TSLA,2023-08-31,255.98,261.18,255.05,258.08,108861700
TSLA,2023-09-01,257.26,259.08,242.01,245.01,132541600
TSLA,2023-09-05,245.0,258.0,244.86,256.49,129469600
TSLA,2023-09-06,255.14,255.39,245.06,251.92,116959800
TSLA,2023-09-07,245.07,252.81,243.27,251.49,115312900
TSLA,2023-09-08,251.22,256.52,246.67,248.5,118367700
TSLA,2023-09-11,264.27,274.85,260.61,273.58,174667900
TSLA,2023-09-12,270.76,278.39,266.6,267.48,135999900
TSLA,2023-09-13,270.07,274.98,268.1,271.3,111673700
TSLA,2023-09-14,271.32,276.71,270.42,276.04,107709800
TSLA,2023-09-15,277.55,278.98,271.0,274.39,133692300
TSLA,2023-09-18,271.16,271.44,263.76,265.28,101543300
TSLA,2023-09-19,264.35,267.85,261.2,266.5,103704000
TSLA,2023-09-20,267.04,273.93,262.46,262.59,122514600
TSLA,2023-09-21,257.85,260.86,254.21,255.7,119951500
TSLA,2023-09-22,257.4,257.79,244.48,244.88,127524100
TSLA,2023-09-25,243.38,247.1,238.31,246.99,104636600
TSLA,2023-09-26,242.98,249.55,241.66,244.12,101993600
TSLA,2023-09-27,244.26,245.33,234.58,240.5,136597200
TSLA,2023-09-28,240.02,247.55,238.65,246.38,117058900
TSLA,2023-09-29,250.0,254.77,246.35,250.22,128522700
TSLA,2023-10-02,244.81,254.28,242.62,251.6,123810400
TSLA,2023-10-03,248.61,250.02,244.45,246.53,101985300
TSLA,2023-10-04,248.14,261.86,247.6,261.16,129721600
TSLA,2023-10-05,260.0,263.6,256.25,260.05,119159200
TSLA,2023-10-06,253.98,261.65,250.65,260.53,118121800
TSLA,2023-10-09,255.31,261.36,252.05,259.67,101377900
TSLA,2023-10-10,257.75,268.94,257.65,263.62,122656000
TSLA,2023-10-11,266.2,268.6,260.9,262.99,103706300
TSLA,2023-10-12,262.92,265.41,256.63,258.87,111508100
TSLA,2023-10-13,258.9,259.6,250.22,251.12,102073800
TSLA,2023-10-16,250.05,255.4,248.48,253.92,88917200
TSLA,2023-10-17,250.1,257.18,247.08,254.85,93562900
TSLA,2023-10-18,252.7,254.63,242.08,242.68,125147800
TSLA,2023-10-19,225.95,230.61,216.78,220.11,170772700
TSLA,2023-10-20,217.01,218.86,210.42,211.99,138010100
TSLA,2023-10-23,210.0,216.98,202.51,212.08,150683400
TSLA,2023-10-24,216.5,222.05,214.11,216.52,118231100
TSLA,2023-10-25,215.88,220.1,212.2,212.42,107065100
TSLA,2023-10-26,211.32,214.8,204.88,205.76,115112600
TSLA,2023-10-27,210.6,212.41,205.77,207.3,94881200
TSLA,2023-10-30,209.28,210.88,194.67,197.36,136448200
TSLA,2023-10-31,196.12,202.8,194.07,200.84,118068300
TSLA,2023-11-01,204.04,205.99,197.85,205.66,121661700
TSLA,2023-11-02,212.97,219.2,211.45,218.51,125987600
TSLA,2023-11-03,221.15,226.37,218.4,219.96,119534800
TSLA,2023-11-06,223.98,226.32,215.0,219.27,117335800
TSLA,2023-11-07,219.98,223.12,215.72,222.18,116900100
TSLA,2023-11-08,223.15,224.15,217.64,222.11,106584800
TSLA,2023-11-09,219.75,220.8,206.68,209.98,142110500
TSLA,2023-11-10,210.03,215.38,205.69,214.65,130994000
TSLA,2023-11-13,215.6,225.4,211.61,223.71,140447600
TSLA,2023-11-14,235.03,238.14,230.72,237.41,149771600
TSLA,2023-11-15,239.29,246.7,236.45,242.84,150354000
TSLA,2023-11-16,239.49,240.88,230.96,233.59,136816800
TSLA,2023-11-17,232.0,237.39,226.54,234.3,142532800
TSLA,2023-11-20,234.04,237.1,231.02,235.6,116320100
TSLA,2023-11-21,235.04,243.62,233.34,241.2,122288000
TSLA,2023-11-22,242.04,244.01,231.4,234.21,117950600
TSLA,2023-11-24,233.75,238.75,232.33,235.45,65125200
TSLA,2023-11-27,236.89,238.33,232.1,236.08,112031800
TSLA,2023-11-28,236.68,247.0,234.01,246.72,148549900
TSLA,2023-11-29,249.21,252.75,242.76,244.14,135401300
TSLA,2023-11-30,245.14,245.22,236.91,240.08,132353200
TSLA,2023-12-01,233.14,240.19,231.9,238.83,121331700
TSLA,2023-12-04,235.75,239.37,233.29,235.58,104099800
TSLA,2023-12-05,233.87,246.66,233.7,238.72,137971100
TSLA,2023-12-06,242.92,246.57,239.17,239.37,126436200
TSLA,2023-12-07,241.55,244.08,236.98,242.64,107142300
TSLA,2023-12-08,240.27,245.27,239.27,243.84,103126800
TSLA,2023-12-11,242.74,243.44,237.45,239.74,97913900
TSLA,2023-12-12,238.55,238.99,233.87,237.01,95328300
TSLA,2023-12-13,234.19,240.3,228.2,239.29,146286300
TSLA,2023-12-14,241.22,253.88,240.79,251.05,160829200
TSLA,2023-12-15,251.21,254.13,248.3,253.5,135932800
TSLA,2023-12-18,253.78,258.74,251.36,252.08,116416500
TSLA,2023-12-19,253.48,258.34,253.01,257.22,106737400
TSLA,2023-12-20,256.41,259.84,247.0,247.14,125097000
TSLA,2023-12-21,251.9,254.8,248.55,254.5,109594200
TSLA,2023-12-22,256.76,258.22,251.37,252.54,93370100
TSLA,2023-12-26,254.49,257.97,252.91,256.61,86892400
TSLA,2023-12-27,258.35,263.34,257.52,261.44,106494400
TSLA,2023-12-28,263.66,265.13,252.71,253.18,113619900
TSLA,2023-12-29,255.1,255.19,247.43,248.48,100891600
TSLA,2024-01-02,250.08,251.25,244.41,248.42,104654200
TSLA,2024-01-03,244.98,245.68,236.32,238.45,121082600
TSLA,2024-01-04,239.25,242.7,237.73,237.93,102629300
TSLA,2024-01-05,236.86,240.12,234.9,237.49,92488900
TSLA,2024-01-08,236.14,241.25,235.3,240.45,85166600
TSLA,2024-01-09,238.11,238.96,232.04,234.96,96705700
TSLA,2024-01-10,235.1,235.5,231.29,233.94,91628500
TSLA,2024-01-11,230.57,230.93,225.37,227.22,105873600
TSLA,2024-01-12,220.08,225.34,217.15,218.89,123043800
TSLA,2024-01-16,215.1,223.49,212.18,219.91,115355000
TSLA,2024-01-17,214.86,215.67,212.01,215.55,103164400
TSLA,2024-01-18,216.88,217.45,208.74,211.88,108595400
TSLA,2024-01-19,209.99,213.19,207.56,212.19,102260300
TSLA,2024-01-22,212.26,217.8,206.27,208.8,117952500
TSLA,2024-01-23,211.3,215.65,207.75,209.14,106605900
TSLA,2024-01-24,211.88,212.73,206.77,207.83,123369900
TSLA,2024-01-25,189.7,193.0,180.06,182.63,198076800
TSLA,2024-01-26,185.5,186.78,182.1,183.25,107343200
TSLA,2024-01-29,185.63,191.48,183.67,190.93,125013100
TSLA,2024-01-30,195.33,196.36,190.61,191.59,109982300
TSLA,2024-01-31,187.0,193.97,185.85,187.29,103221400
TSLA,2024-02-01,188.5,189.88,184.28,188.86,91843300
TSLA,2024-02-02,185.04,188.69,182.0,187.91,110612700
TSLA,2024-02-05,184.26,184.68,175.01,181.06,134294400
TSLA,2024-02-06,177.21,186.49,177.11,185.1,122676000
TSLA,2024-02-07,188.18,189.79,182.68,187.58,111535200
TSLA,2024-02-08,189.0,191.62,185.58,189.56,83034000
TSLA,2024-02-09,190.18,194.12,189.48,193.57,84476300
TSLA,2024-02-12,192.11,194.73,187.28,188.13,95498600
TSLA,2024-02-13,183.99,187.26,182.11,184.02,86759500
TSLA,2024-02-14,185.3,188.89,183.35,188.71,81203000
TSLA,2024-02-15,189.16,200.88,188.86,200.45,120831800
TSLA,2024-02-16,202.06,203.17,197.4,199.95,111346700
TSLA,2024-02-20,196.13,198.6,189.13,193.76,104545800
TSLA,2024-02-21,193.36,199.44,191.95,194.77,103500300
TSLA,2024-02-22,194.0,198.32,191.36,197.41,92739500
TSLA,2024-02-23,195.31,197.57,191.5,191.97,78841900
TSLA,2024-02-26,192.29,201.78,192.0,199.4,111747100
TSLA,2024-02-27,204.04,205.6,198.26,199.73,108645400
TSLA,2024-02-28,200.42,205.3,198.44,202.04,99806200
TSLA,2024-02-29,204.18,205.28,198.45,201.88,85907000
TSLA,2024-03-01,200.52,204.52,198.5,202.64,82243100
TSLA,2024-03-04,198.73,199.75,186.72,188.14,134334900
TSLA,2024-03-05,183.05,184.59,177.57,180.74,119660800
TSLA,2024-03-06,179.99,181.58,173.7,176.54,107920900
TSLA,2024-03-07,174.35,180.04,173.7,178.65,102129000
TSLA,2024-03-08,181.5,182.73,174.7,175.34,85544600
TSLA,2024-03-11,175.45,182.87,174.8,177.77,85391500
TSLA,2024-03-12,177.77,179.43,172.41,177.54,87391700
TSLA,2024-03-13,173.05,176.05,169.15,169.48,106524500
TSLA,2024-03-14,167.77,171.17,160.51,162.5,126325700
TSLA,2024-03-15,163.16,165.18,160.76,163.57,97146800
TSLA,2024-03-18,170.02,174.72,165.9,173.8,108214400
TSLA,2024-03-19,172.36,172.82,167.42,171.32,77271400
TSLA,2024-03-20,173.0,176.25,170.82,175.66,83846700
TSLA,2024-03-21,176.39,178.18,171.8,172.82,73178000
TSLA,2024-03-22,166.69,171.2,166.3,170.83,75580600
TSLA,2024-03-25,168.76,175.24,168.73,172.63,74228600
TSLA,2024-03-26,178.58,184.25,177.38,177.67,113186200
TSLA,2024-03-27,181.41,181.91,176.0,179.83,81804000
TSLA,2024-03-28,177.45,179.57,175.3,175.79,77654800
TSLA,2024-04-01,176.17,176.75,170.21,175.22,81562100
TSLA,2024-04-02,164.75,167.69,163.43,166.63,116650600
TSLA,2024-04-03,164.02,168.82,163.28,168.38,82950100
TSLA,2024-04-04,170.07,177.19,168.01,171.11,123162000
TSLA,2024-04-05,169.08,170.86,160.51,164.9,143157600
TSLA,2024-04-08,169.34,174.5,167.79,172.98,104423300
TSLA,2024-04-09,172.91,179.22,171.92,176.88,102951700
TSLA,2024-04-10,173.04,174.93,170.01,171.76,84532400
TSLA,2024-04-11,172.55,175.88,168.51,174.6,94516000
TSLA,2024-04-12,172.34,173.81,170.36,171.05,64722700
TSLA,2024-04-15,170.24,170.69,161.38,161.48,100245300
TSLA,2024-04-16,156.74,158.19,153.75,157.11,97000000
TSLA,2024-04-17,157.64,158.33,153.78,155.45,82439700
TSLA,2024-04-18,151.25,152.2,148.7,149.93,96098800
TSLA,2024-04-19,148.97,150.94,146.22,147.05,87074500
TSLA,2024-04-22,140.56,144.44,138.8,142.05,107097600
TSLA,2024-04-23,143.33,147.26,141.11,144.68,124545100
TSLA,2024-04-24,162.84,167.97,157.51,162.13,181178000
TSLA,2024-04-25,158.96,170.88,158.36,170.18,126427500
TSLA,2024-04-26,168.85,172.12,166.37,168.29,109815700
TSLA,2024-04-29,188.42,198.87,184.54,194.05,243869700
TSLA,2024-04-30,186.98,190.95,182.84,183.28,127031800
TSLA,2024-05-01,182.0,185.86,179.01,179.99,92829700
TSLA,2024-05-02,182.86,184.6,176.02,180.01,89148000
TSLA,2024-05-03,182.1,184.78,178.42,181.19,75491500
TSLA,2024-05-06,183.8,187.56,182.2,184.76,84390300
TSLA,2024-05-07,182.4,183.26,177.4,177.81,75045900
TSLA,2024-05-08,171.59,176.06,170.15,174.72,79969500
TSLA,2024-05-09,175.01,175.62,171.37,171.97,65950300
TSLA,2024-05-10,173.05,173.06,167.75,168.47,72627200
TSLA,2024-05-13,170.0,175.4,169.0,171.89,67018900
TSLA,2024-05-14,174.5,179.49,174.07,177.55,86407400
TSLA,2024-05-15,179.9,180.0,173.11,173.99,79663000
TSLA,2024-05-16,174.1,175.79,171.43,174.84,59812200
TSLA,2024-05-17,173.55,179.63,172.75,177.46,77445800
TSLA,2024-05-20,177.56,177.75,173.52,174.95,61727400
TSLA,2024-05-21,175.51,186.88,174.71,186.6,115266500
TSLA,2024-05-22,182.85,183.8,178.12,180.11,88313500
TSLA,2024-05-23,181.8,181.9,173.26,173.74,71975500
TSLA,2024-05-24,174.84,180.08,173.73,179.24,65584500
TSLA,2024-05-28,176.4,178.25,173.16,176.75,59736600
TSLA,2024-05-29,174.19,178.15,173.93,176.19,54782600
TSLA,2024-05-30,178.58,182.67,175.38,178.79,77618400
TSLA,2024-05-31,178.5,180.32,173.82,178.08,67314600
TSLA,2024-06-03,178.13,182.64,174.49,176.29,68568900
TSLA,2024-06-04,174.78,177.76,174.0,174.77,60056300
TSLA,2024-06-05,175.35,176.15,172.13,175.0,57953800
TSLA,2024-06-06,174.6,179.73,172.73,177.94,69887000
TSLA,2024-06-07,176.13,179.35,175.58,177.48,56244900
TSLA,2024-06-10,176.06,178.57,173.17,173.79,50774600
TSLA,2024-06-11,173.92,174.75,167.41,170.66,64761900
TSLA,2024-06-12,171.12,180.55,169.8,177.29,90389400
TSLA,2024-06-13,188.39,191.08,181.23,182.47,118984100
TSLA,2024-06-14,185.8,186.0,176.92,178.01,82038200
TSLA,2024-06-17,177.92,188.81,177.0,187.44,109786100
TSLA,2024-06-18,186.56,187.2,182.37,184.86,68982300
TSLA,2024-06-20,184.68,185.21,179.66,181.57,55893100
TSLA,2024-06-21,182.3,183.95,180.69,183.01,61937300
TSLA,2024-06-24,184.97,188.8,182.55,182.58,61992100
TSLA,2024-06-25,184.4,187.97,182.01,187.35,62905700
TSLA,2024-06-26,186.54,197.76,186.36,196.37,95737100
TSLA,2024-06-27,195.17,198.72,194.05,197.42,72746500
TSLA,2024-06-28,199.55,203.2,195.26,197.88,95438100
TSLA,2024-07-01,201.02,213.23,200.85,209.86,135691400
TSLA,2024-07-02,218.89,231.3,218.06,231.26,205047900
TSLA,2024-07-03,234.56,248.35,234.25,246.39,166561500
TSLA,2024-07-05,249.81,252.37,242.46,251.52,154501200
TSLA,2024-07-08,247.71,259.44,244.57,252.94,157219600
TSLA,2024-07-09,251.0,265.61,250.3,262.33,160210900
TSLA,2024-07-10,262.8,267.59,257.86,263.26,128519400
TSLA,2024-07-11,263.3,271.0,239.65,241.03,221707300
TSLA,2024-07-12,235.8,251.84,233.09,248.23,155955800
TSLA,2024-07-15,255.97,265.6,251.73,252.64,146912900
TSLA,2024-07-16,255.31,258.62,245.8,256.56,126332500
TSLA,2024-07-17,252.73,258.47,246.18,248.5,115584800
TSLA,2024-07-18,251.09,257.14,247.2,249.23,110869000
TSLA,2024-07-19,247.79,249.44,236.83,239.2,87403900
TSLA,2024-07-22,244.21,253.21,243.75,251.51,101225400
TSLA,2024-07-23,253.6,255.76,245.63,246.38,111928200
TSLA,2024-07-24,225.42,225.99,214.71,215.99,167942900
TSLA,2024-07-25,216.8,226.0,216.23,220.25,100636500
TSLA,2024-07-26,221.19,222.28,215.33,219.8,94604100
TSLA,2024-07-29,224.9,234.27,224.7,232.1,129201800
TSLA,2024-07-30,232.25,232.41,220.0,222.62,100560300
TSLA,2024-07-31,227.9,234.68,226.79,232.07,67497000
TSLA,2024-08-01,227.69,231.87,214.33,216.86,83861900
TSLA,2024-08-02,214.88,216.13,205.78,207.67,82880100
TSLA,2024-08-05,185.22,203.88,182.0,198.88,100308800
TSLA,2024-08-06,200.75,202.9,192.67,200.64,73783900
TSLA,2024-08-07,200.77,203.49,191.48,191.76,71159800
TSLA,2024-08-08,195.7,200.7,192.04,198.84,65033900
TSLA,2024-08-09,197.05,200.88,195.11,200.0,58648300
TSLA,2024-08-12,199.02,199.26,194.67,197.49,64044900
TSLA,2024-08-13,198.47,208.49,197.06,207.83,76247400
TSLA,2024-08-14,207.39,208.44,198.75,201.38,70250000
TSLA,2024-08-15,205.02,215.88,204.82,214.14,89848500
TSLA,2024-08-16,211.15,219.8,210.8,216.12,88765100
TSLA,2024-08-19,217.07,222.98,214.09,222.72,76435200
TSLA,2024-08-20,224.88,228.22,219.56,221.1,74001200
TSLA,2024-08-21,222.67,224.66,218.86,223.27,70146000
TSLA,2024-08-22,223.82,224.8,210.32,210.66,79514500
TSLA,2024-08-23,214.46,221.48,214.21,220.32,81525200
TSLA,2024-08-26,218.75,219.09,211.01,213.21,59301200
TSLA,2024-08-27,213.25,215.66,206.94,209.21,62821400
TSLA,2024-08-28,209.72,211.84,202.59,205.75,64116400
TSLA,2024-08-29,209.8,214.89,205.97,206.28,62308800
TSLA,2024-08-30,208.63,214.57,207.03,214.11,63370600
TSLA,2024-09-03,215.26,219.9,209.64,210.6,76714200
TSLA,2024-09-04,210.59,222.22,210.57,219.41,80651800
TSLA,2024-09-05,223.49,235.0,222.25,230.17,119355000
TSLA,2024-09-06,232.6,233.6,210.51,210.73,112177000
TSLA,2024-09-09,216.2,219.87,213.67,216.27,67443500
TSLA,2024-09-10,220.07,226.4,218.64,226.17,78891100
TSLA,2024-09-11,224.55,228.47,216.8,228.13,83548600
TSLA,2024-09-12,224.66,231.45,223.83,229.81,71894900
TSLA,2024-09-13,228.0,232.67,226.32,230.29,59515100
TSLA,2024-09-16,229.3,229.96,223.53,226.78,54323000
TSLA,2024-09-17,229.45,234.57,226.55,227.87,66761600
TSLA,2024-09-18,230.09,235.68,226.88,227.2,78010200
TSLA,2024-09-19,234.0,244.24,232.13,243.92,102694600
TSLA,2024-09-20,241.52,243.99,235.92,238.25,99879100
TSLA,2024-09-23,242.61,250.0,241.92,250.0,86927200
TSLA,2024-09-24,254.08,257.19,249.05,254.27,88491000
TSLA,2024-09-25,252.54,257.05,252.28,257.02,65034300
TSLA,2024-09-26,260.6,261.75,251.53,254.22,67142200
TSLA,2024-09-27,257.38,260.7,254.12,260.46,70988100
TSLA,2024-09-30,259.04,264.86,255.77,261.63,80705700
TSLA,2024-10-01,262.67,263.98,248.53,258.02,87397600
TSLA,2024-10-02,247.55,251.16,241.5,249.02,93983900
TSLA,2024-10-03,244.48,249.79,237.81,240.66,80729200
TSLA,2024-10-04,246.69,250.96,244.58,250.08,86573200
TSLA,2024-10-07,249.0,249.83,240.7,240.83,68113300
TSLA,2024-10-08,243.56,246.21,240.56,244.5,56303200
TSLA,2024-10-09,243.82,247.43,239.51,241.05,66289500
TSLA,2024-10-10,241.81,242.79,232.34,238.77,83087100
TSLA,2024-10-11,220.13,223.34,214.38,217.8,142628900
TSLA,2024-10-14,220.13,221.91,213.74,219.16,86291900
TSLA,2024-10-15,220.01,224.26,217.12,219.57,62988800
TSLA,2024-10-16,221.4,222.82,218.93,221.33,49632800
TSLA,2024-10-17,221.59,222.08,217.9,220.89,50791800
TSLA,2024-10-18,220.71,222.28,219.23,220.7,49611900
TSLA,2024-10-21,218.9,220.48,215.73,218.85,47329000
TSLA,2024-10-22,217.31,218.22,215.26,217.97,43268700
TSLA,2024-10-23,217.13,218.72,212.11,213.65,80938900
TSLA,2024-10-24,244.68,262.12,242.65,260.48,204491900
TSLA,2024-10-25,256.01,269.49,255.32,269.19,161611900
TSLA,2024-10-28,270.0,273.54,262.24,262.51,107653600
TSLA,2024-10-29,264.51,264.98,255.51,259.52,80521800
TSLA,2024-10-30,258.04,263.35,255.82,257.55,53993600
TSLA,2024-10-31,257.99,259.75,249.25,249.85,66575300
TSLA,2024-11-01,252.04,254.0,246.63,248.98,57544800
TSLA,2024-11-04,244.56,248.9,238.88,242.84,68802400
TSLA,2024-11-05,247.34,255.28,246.21,251.44,69282500
TSLA,2024-11-06,284.67,289.59,275.62,288.53,165228700
TSLA,2024-11-07,288.89,299.75,285.52,296.91,117309200
TSLA,2024-11-08,299.14,328.71,297.66,321.22,204782800
TSLA,2024-11-11,346.3,358.64,336.0,350.0,210521600
TSLA,2024-11-12,342.74,345.84,323.31,328.49,155726000
TSLA,2024-11-13,335.85,344.6,322.5,330.24,125405600
TSLA,2024-11-14,327.69,329.98,310.37,311.18,120726100
TSLA,2024-11-15,310.57,324.68,309.22,320.72,114440300
TSLA,2024-11-18,340.73,348.55,330.01,338.74,126085600
TSLA,2024-11-19,335.76,347.38,332.75,346.0,88852500
TSLA,2024-11-20,345.0,346.6,334.3,342.03,66340700
TSLA,2024-11-21,343.81,347.99,335.28,339.64,58011700
TSLA,2024-11-22,341.09,361.53,337.7,352.56,89140700
TSLA,2024-11-25,360.14,361.93,338.2,338.59,95890900
TSLA,2024-11-26,341.0,346.96,335.66,338.23,62295900
TSLA,2024-11-27,341.8,342.55,326.59,332.89,57896400
TSLA,2024-11-29,336.08,345.45,334.65,345.16,37167600
TSLA,2024-12-02,352.38,360.0,351.15,357.09,77986500
TSLA,2024-12-03,351.8,355.69,348.2,351.42,58267200
TSLA,2024-12-04,353.0,358.1,348.6,357.93,50810900
TSLA,2024-12-05,359.87,375.43,359.5,369.49,81403600
TSLA,2024-12-06,377.42,389.49,370.8,389.22,81455800
TSLA,2024-12-09,397.61,404.8,378.01,389.79,96359200
TSLA,2024-12-10,392.68,409.73,390.85,400.99,97563600
TSLA,2024-12-11,409.7,424.88,402.38,424.77,104287600
TSLA,2024-12-12,424.84,429.3,415.0,418.1,87752200
TSLA,2024-12-13,420.0,436.3,415.71,436.23,89000200
TSLA,2024-12-16,441.09,463.19,436.15,463.02,114083800
TSLA,2024-12-17,475.9,483.99,457.51,479.86,131223000
TSLA,2024-12-18,466.5,488.54,427.01,440.13,149340800
TSLA,2024-12-19,451.88,456.36,420.02,436.17,118566100
TSLA,2024-12-20,425.51,447.08,417.64,421.06,132216200
TSLA,2024-12-23,431.0,434.51,415.41,430.6,72698100
TSLA,2024-12-24,435.9,462.78,435.14,462.28,59551800
TSLA,2024-12-26,465.16,465.33,451.02,454.13,76366400
TSLA,2024-12-27,449.52,450.0,426.5,431.66,82666800
TSLA,2024-12-30,419.4,427.0,415.75,417.41,64941000
TSLA,2024-12-31,423.79,427.93,402.54,403.84,76825100
TSLA,2025-01-02,390.1,392.73,373.04,379.28,109710700
TSLA,2025-01-03,381.48,411.88,379.45,410.44,95423300
TSLA,2025-01-06,423.2,426.43,401.7,411.05,85516500
TSLA,2025-01-07,405.83,414.33,390.0,394.36,75699500
TSLA,2025-01-08,392.95,402.5,387.4,394.94,73038800
TSLA,2025-01-10,391.4,399.28,377.29,394.74,62287300
TSLA,2025-01-13,383.21,403.79,380.07,403.31,67580500
TSLA,2025-01-14,414.34,422.64,394.54,396.36,84565000
TSLA,2025-01-15,409.9,429.8,405.66,428.22,81375500
TSLA,2025-01-16,423.49,424.0,409.13,413.82,68335200
TSLA,2025-01-17,421.5,439.74,419.75,426.5,94991400
TSLA,2025-01-21,432.64,433.2,406.31,424.07,87320900
TSLA,2025-01-22,416.81,428.0,414.59,415.11,60963300
TSLA,2025-01-23,416.06,420.73,408.95,412.38,50690600
TSLA,2025-01-24,414.45,418.88,405.78,406.58,56427100
TSLA,2025-01-27,394.8,406.69,389.0,397.15,58125500
TSLA,2025-01-28,396.91,400.59,386.5,398.09,48910700
TSLA,2025-01-29,395.21,398.59,384.48,389.1,68033600
TSLA,2025-01-30,410.78,412.5,384.41,400.28,98092900
TSLA,2025-01-31,401.53,419.99,401.34,404.6,83283600
TSLA,2025-02-03,386.68,389.17,374.36,383.68,93732100
TSLA,2025-02-04,382.63,394.0,381.4,392.21,57072200
TSLA,2025-02-05,387.51,388.39,375.53,378.17,57223300
TSLA,2025-02-06,373.03,375.4,363.18,374.32,77918200
TSLA,2025-02-07,370.19,380.55,360.34,361.62,70298300
TSLA,2025-02-10,356.21,362.7,350.51,350.73,77514900
TSLA,2025-02-11,345.8,349.37,325.1,328.5,118543400
TSLA,2025-02-12,329.94,346.4,329.12,336.51,105382700
TSLA,2025-02-13,345.0,358.69,342.85,355.94,89441500
TSLA,2025-02-14,360.62,362.0,347.5,355.84,68277300
TSLA,2025-02-18,355.01,359.1,350.02,354.11,51631700
TSLA,2025-02-19,354.0,367.34,353.67,360.56,67094400
TSLA,2025-02-20,361.51,362.3,348.0,354.4,45965400
TSLA,2025-02-21,353.44,354.98,334.42,337.8,74058600
TSLA,2025-02-24,338.14,342.4,324.7,330.53,76052300
TSLA,2025-02-25,327.02,328.89,297.25,302.8,134228800
TSLA,2025-02-26,303.71,309.0,288.04,290.8,100118300
TSLA,2025-02-27,291.16,297.23,280.88,281.95,101748200
TSLA,2025-02-28,279.5,293.88,273.6,292.98,115697000
TSLA,2025-03-03,300.34,303.94,277.3,284.65,115551400
TSLA,2025-03-04,270.93,284.35,261.84,272.04,126706600
TSLA,2025-03-05,272.92,279.55,267.71,279.1,94042900
TSLA,2025-03-06,272.06,272.65,260.02,263.45,98451600
TSLA,2025-03-07,259.32,266.25,250.73,262.67,102369600
TSLA,2025-03-10,252.54,253.37,220.0,222.15,189076900
TSLA,2025-03-11,225.31,237.06,217.02,230.58,174896400
TSLA,2025-03-12,247.22,251.84,241.1,248.09,142215700
TSLA,2025-03-13,248.13,248.29,232.6,240.68,114813500
TSLA,2025-03-14,247.31,251.58,240.73,249.98,100242300
TSLA,2025-03-17,245.06,245.4,232.8,238.01,111900600
TSLA,2025-03-18,228.16,230.1,222.28,225.31,111477600
TSLA,2025-03-19,231.61,241.41,229.2,235.86,111993800
TSLA,2025-03-20,233.35,238.0,230.05,236.26,99028300
TSLA,2025-03-21,234.99,249.52,234.55,248.71,132728700
TSLA,2025-03-24,258.08,278.64,256.33,278.39,169079900
TSLA,2025-03-25,283.6,288.2,271.28,288.14,150361500
TSLA,2025-03-26,282.66,284.9,266.51,272.06,153629800
TSLA,2025-03-27,272.48,291.85,271.82,273.13,162572100
TSLA,2025-03-28,275.58,276.1,260.57,263.55,123809400
TSLA,2025-03-31,249.31,260.56,243.36,259.16,134008900
TSLA,2025-04-01,263.8,277.45,259.25,268.46,146486900
TSLA,2025-04-02,254.6,284.99,251.27,282.76,212787800
TSLA,2025-04-03,265.29,276.3,261.51,267.28,136174300
TSLA,2025-04-04,255.38,261.0,236.0,239.43,181229400
TSLA,2025-04-07,223.78,252.0,214.25,233.29,183453800
TSLA,2025-04-08,245.0,250.44,217.8,221.86,171603500
TSLA,2025-04-09,224.69,274.69,223.88,272.2,219433400
TSLA,2025-04-10,260.0,262.49,239.33,252.4,181722600
TSLA,2025-04-11,251.84,257.74,241.36,252.31,128948100
TSLA,2025-04-14,258.36,261.8,245.93,252.35,100135200
TSLA,2025-04-15,249.91,258.75,247.54,254.11,79594300
TSLA,2025-04-16,247.61,251.97,233.89,241.55,112378700
TSLA,2025-04-17,243.47,244.34,237.68,241.37,83404800
TSLA,2025-04-21,230.26,232.21,222.79,227.5,97768000
TSLA,2025-04-22,230.96,242.79,229.85,237.97,120858500
TSLA,2025-04-23,254.86,259.45,244.43,250.74,150381900
TSLA,2025-04-24,250.5,259.54,249.2,259.51,94464200
TSLA,2025-04-25,261.69,286.85,259.63,284.95,167560700
TSLA,2025-04-28,288.98,294.86,272.42,285.88,151731800
TSLA,2025-04-29,285.5,293.32,279.47,292.03,108906600
TSLA,2025-04-30,279.9,284.45,270.78,282.16,128961100
TSLA,2025-05-01,280.01,290.87,279.81,280.52,99659000
TSLA,2025-05-02,284.9,294.78,279.81,287.21,114454700
TSLA,2025-05-05,284.57,284.85,274.4,280.26,94618900
TSLA,2025-05-06,273.11,277.73,271.35,275.35,76715800
TSLA,2025-05-07,276.88,277.92,271.0,276.22,71592600
TSLA,2025-05-08,279.63,289.8,279.41,284.82,97539400
TSLA,2025-05-09,290.21,307.04,290.0,298.26,132387800
TSLA,2025-05-12,321.99,322.21,311.5,318.38,112826700
TSLA,2025-05-13,320.0,337.59,316.8,334.07,136992600
TSLA,2025-05-14,342.5,350.0,337.0,347.68,136997300
TSLA,2025-05-15,340.34,346.14,334.72,342.82,97882600
TSLA,2025-05-16,346.24,351.62,342.33,349.98,95895700
TSLA,2025-05-19,336.3,343.0,333.37,342.09,88869900
TSLA,2025-05-20,347.87,354.99,341.63,343.82,131715500
TSLA,2025-05-21,344.43,347.35,332.2,334.62,102354800
TSLA,2025-05-22,331.9,347.27,331.39,341.04,97113400
TSLA,2025-05-23,337.92,343.18,333.21,339.34,84654800
TSLA,2025-05-27,347.35,363.79,347.32,362.89,120146400
TSLA,2025-05-28,364.84,365.0,355.91,356.9,91404300
TSLA,2025-05-29,365.29,367.71,356.0,358.43,88087800
TSLA,2025-05-30,355.52,363.68,345.29,346.46,123474900
TSLA,2025-06-02,343.5,348.02,333.33,342.69,81873800
TSLA,2025-06-03,346.6,355.4,343.04,344.27,99324500
TSLA,2025-06-04,345.1,345.6,327.33,332.05,98912100
TSLA,2025-06-05,322.49,324.55,273.21,284.7,287499800
TSLA,2025-06-06,298.83,305.5,291.14,295.14,164747700
TSLA,2025-06-09,285.96,309.83,281.85,308.58,140908900
TSLA,2025-06-10,314.94,327.83,310.67,326.09,151256500
TSLA,2025-06-11,334.4,335.5,322.5,326.43,122611400
TSLA,2025-06-12,323.08,332.56,316.86,319.11,105127500
TSLA,2025-06-13,313.97,332.99,313.3,325.31,128964300
TSLA,2025-06-16,331.29,332.05,326.41,329.13,83925900
TSLA,2025-06-17,326.09,327.26,314.74,316.35,88282700
TSLA,2025-06-18,317.31,329.32,315.45,322.05,95137700
TSLA,2025-06-20,327.95,332.36,317.78,322.16,108688000
TSLA,2025-06-23,327.54,357.54,327.48,348.68,190716800
TSLA,2025-06-24,356.17,356.26,340.44,340.47,114736200
TSLA,2025-06-25,342.7,343.0,320.4,327.55,119845100
TSLA,2025-06-26,324.61,331.05,323.61,325.78,80440900
TSLA,2025-06-27,324.51,329.34,317.5,323.63,89067000
TSLA,2025-06-30,319.9,325.58,316.6,317.66,76695100
TSLA,2025-07-01,298.46,305.89,293.21,300.71,145085700
TSLA,2025-07-02,312.63,316.83,303.82,315.65,119483700
TSLA,2025-07-03,317.99,318.45,312.76,315.35,58042300
TSLA,2025-07-07,291.37,296.15,288.77,293.94,131177900
TSLA,2025-07-08,297.0,304.05,294.35,297.81,103246700
TSLA,2025-07-09,297.55,300.15,293.55,295.88,75586800
TSLA,2025-07-10,300.05,310.48,300.0,309.87,104365300
TSLA,2025-07-11,307.89,314.09,305.65,313.51,79236400
TSLA,2025-07-14,317.73,322.6,312.67,316.9,78043400
TSLA,2025-07-15,319.68,321.2,310.5,310.78,77556300
TSLA,2025-07-16,312.8,323.5,312.62,321.67,97284800
TSLA,2025-07-17,323.15,324.34,317.06,319.41,73922900
TSLA,2025-07-18,321.66,330.9,321.42,329.65,94255000
TSLA,2025-07-21,334.4,338.0,326.88,328.49,75768800
TSLA,2025-07-22,329.74,335.41,321.55,332.11,77370400
TSLA,2025-07-23,330.9,336.2,328.67,332.56,92553800
TSLA,2025-07-24,310.0,310.15,300.41,305.3,156966000
TSLA,2025-07-25,308.74,323.63,308.01,316.06,148227000
TSLA,2025-07-28,318.45,330.49,315.69,325.59,112673800
TSLA,2025-07-29,325.55,326.25,318.25,321.2,87358900
TSLA,2025-07-30,322.18,324.45,311.62,319.04,83931900
TSLA,2025-07-31,319.61,321.37,306.1,308.27,85270900
TSLA,2025-08-01,306.21,309.31,297.82,302.63,89121400
TSLA,2025-08-04,309.08,312.12,303.0,309.26,78683900
TSLA,2025-08-05,308.95,312.45,305.5,308.72,57961300
TSLA,2025-08-06,307.89,320.47,306.93,319.91,78523600
TSLA,2025-08-07,319.79,322.4,316.16,322.27,66658700
TSLA,2025-08-08,321.43,335.15,320.98,329.65,91200300
TSLA,2025-08-11,335.0,346.64,334.15,339.03,105320200
TSLA,2025-08-12,345.0,345.26,332.94,340.84,80522100
TSLA,2025-08-13,341.5,348.98,338.2,339.38,67838900
TSLA,2025-08-14,335.76,340.47,330.4,335.58,75000700
TSLA,2025-08-15,337.66,339.3,327.02,330.56,74319800
TSLA,2025-08-18,329.62,336.27,329.59,335.16,56956600
TSLA,2025-08-19,335.79,340.55,327.85,329.31,75956000
TSLA,2025-08-20,329.22,331.37,314.6,323.9,77481800
TSLA,2025-08-21,322.08,324.9,318.68,320.11,55744400
TSLA,2025-08-22,321.66,340.25,319.69,340.01,94016300
TSLA,2025-08-25,338.9,349.53,335.03,346.6,86670000
TSLA,2025-08-26,344.93,351.9,343.72,351.67,76651600
TSLA,2025-08-27,351.94,355.39,349.16,349.6,65519000
TSLA,2025-08-28,350.91,353.55,340.26,345.98,67903200
TSLA,2025-08-29,347.23,348.75,331.7,333.87,81145700
TSLA,2025-09-02,328.23,333.33,325.6,329.36,58392000
TSLA,2025-09-03,335.2,343.33,328.51,334.09,88733300
TSLA,2025-09-04,336.15,338.89,331.48,338.53,60711000
TSLA,2025-09-05,348.0,355.87,344.68,350.84,108989800
TSLA,2025-09-08,354.64,358.44,344.84,346.4,75208300
TSLA,2025-09-09,348.44,350.77,343.82,346.97,53816000
TSLA,2025-09-10,350.55,356.33,346.07,347.79,72121700
TSLA,2025-09-11,350.17,368.99,347.6,368.81,103756000
TSLA,2025-09-12,370.94,396.69,370.24,395.94,168156400
TSLA,2025-09-15,423.13,425.7,402.43,410.04,163823700
TSLA,2025-09-16,414.5,423.25,411.43,421.62,104285700
TSLA,2025-09-17,415.75,428.31,409.67,425.86,106133500
TSLA,2025-09-18,428.87,432.22,416.56,416.85,90454500
TSLA,2025-09-19,421.82,429.47,421.72,426.07,93131000
TSLA,2025-09-22,431.11,444.98,429.13,434.21,97108800
TSLA,2025-09-23,439.88,440.97,423.72,425.85,83422700
TSLA,2025-09-24,429.83,444.21,429.03,442.79,93133600
TSLA,2025-09-25,435.24,435.35,419.08,423.39,96746400
TSLA,2025-09-26,428.3,440.47,421.02,440.4,101628200
TSLA,2025-09-29,444.35,450.98,439.5,443.21,79491500
TSLA,2025-09-30,441.52,445.0,433.12,444.72,74358000
TSLA,2025-10-01,443.8,462.29,440.75,459.46,98122300
TSLA,2025-10-02,470.54,470.75,435.57,436.0,137009000
TSLA,2025-10-03,443.29,446.77,416.58,429.83,133188200
TSLA,2025-10-06,440.75,453.55,436.69,453.25,85324900
TSLA,2025-10-07,447.82,452.68,432.45,433.09,102296100
TSLA,2025-10-08,437.57,441.33,425.23,438.69,71192100
TSLA,2025-10-09,431.81,436.35,426.18,435.54,69339900
TSLA,2025-10-10,436.54,443.13,411.45,413.49,112107900
TSLA,2025-10-13,423.53,436.89,419.7,435.9,79552800
TSLA,2025-10-14,426.79,434.2,417.86,429.24,72669400
TSLA,2025-10-15,434.9,440.51,426.33,435.15,71558200
TSLA,2025-10-16,434.73,439.35,421.31,428.75,77189900
TSLA,2025-10-17,425.5,441.46,423.6,439.31,89331600
TSLA,2025-10-20,443.87,449.8,440.61,447.43,63719000
TSLA,2025-10-21,445.76,449.3,442.05,442.6,54412200
TSLA,2025-10-22,443.45,445.54,429.0,438.97,84023500
TSLA,2025-10-23,420.0,449.4,413.9,448.98,126709800
TSLA,2025-10-24,446.83,451.68,430.17,433.72,94727800
TSLA,2025-10-27,439.98,460.16,438.69,452.42,105867500
TSLA,2025-10-28,454.78,467.0,451.6,460.55,80185700
TSLA,2025-10-29,462.5,465.7,452.65,461.51,67983500
TSLA,2025-10-30,451.05,455.06,439.61,440.1,72447900
TSLA,2025-10-31,446.75,458.0,443.69,456.56,83135800
TSLA,2025-11-03,455.99,474.07,453.8,468.37,84595200
TSLA,2025-11-04,454.46,460.22,443.6,444.26,87756600
TSLA,2025-11-05,452.05,466.33,440.71,462.07,85573000
TSLA,2025-11-06,461.96,467.45,435.09,445.91,109622900
TSLA,2025-11-07,437.92,439.36,421.88,429.52,103471500
TSLA,2025-11-10,439.6,449.67,433.36,445.23,76515900
TSLA,2025-11-11,439.4,442.49,432.36,439.62,60533200
TSLA,2025-11-12,442.15,442.33,426.56,430.6,58513500
TSLA,2025-11-13,423.13,424.5,396.34,401.99,118948000
TSLA,2025-11-14,386.3,412.19,382.78,404.35,105506700
TSLA,2025-11-17,398.74,423.96,398.74,408.92,102214300
TSLA,2025-11-18,405.38,408.9,393.71,401.25,80688600
TSLA,2025-11-19,406.18,411.78,398.5,403.99,72047700
TSLA,2025-11-20,414.63,428.94,394.74,395.23,113548800
TSLA,2025-11-21,402.32,402.8,383.76,391.09,100460600
TSLA,2025-11-24,402.17,421.72,401.09,417.78,96806400
TSLA,2025-11-25,414.42,420.48,405.95,419.4,71915600
TSLA,2025-11-26,423.95,426.94,416.89,426.58,63463000
TSLA,2025-11-28,426.59,432.93,426.2,430.17,36252900
TSLA,2025-12-01,425.32,433.66,425.29,430.14,57463600
TSLA,2025-12-02,430.81,436.8,422.12,429.24,69336600
TSLA,2025-12-03,432.1,447.92,431.11,446.74,87483000
TSLA,2025-12-04,449.94,454.63,445.39,454.53,71906500
TSLA,2025-12-05,453.03,458.87,451.66,455.0,56427500
TSLA,2025-12-08,447.45,449.75,435.25,439.58,69165800
TSLA,2025-12-09,437.54,452.39,435.7,445.17,62367400
TSLA,2025-12-10,446.07,456.88,443.61,451.45,63257500
TSLA,2025-12-11,448.95,449.27,440.33,446.89,55979500
TSLA,2025-12-12,448.09,463.01,441.67,458.96,95656700
TSLA,2025-12-15,469.44,481.77,467.66,475.31,114542200
TSLA,2025-12-16,472.21,491.5,465.83,489.88,107608100
TSLA,2025-12-17,488.22,495.28,466.2,467.26,106490400
TSLA,2025-12-18,478.16,490.86,473.12,483.37,95168400
TSLA,2025-12-19,488.12,490.49,474.72,481.2,103305400
TSLA,2025-12-22,489.88,498.83,485.33,488.73,86916100
TSLA,2025-12-23,489.4,491.97,482.84,485.56,58223600
TSLA,2025-12-24,488.48,490.9,476.8,485.4,41285400
TSLA,2025-12-26,485.23,489.09,473.82,475.19,58780700
TSLA,2025-12-29,469.0,469.4,459.0,459.64,66263000
TSLA,2025-12-30,461.09,463.12,453.83,454.43,59238500
TSLA,2025-12-31,456.1,456.55,449.3,449.72,49078000
TSLA,2026-01-02,457.8,458.34,435.3,438.07,85535400
TSLA,2026-01-05,447.99,457.55,444.57,451.67,67940800
TSLA,2026-01-06,446.38,448.25,428.78,432.96,89093800
TSLA,2026-01-07,435.9,438.37,431.29,431.41,59828800
TSLA,2026-01-08,427.89,436.89,424.37,435.8,57041100
TSLA,2026-01-09,435.95,449.05,430.39,445.01,67331500
TSLA,2026-01-12,441.23,454.3,438.0,448.96,61649600
TSLA,2026-01-13,450.2,451.81,443.95,447.2,53719200
TSLA,2026-01-14,442.81,443.91,434.22,439.2,57259500
TSLA,2026-01-15,441.13,445.36,437.65,438.57,49465800
TSLA,2026-01-16,439.5,447.25,435.26,437.5,60220600
TSLA,2026-01-20,429.36,430.73,417.44,419.25,63187300
TSLA,2026-01-21,421.66,438.2,419.62,431.44,68124000
TSLA,2026-01-22,435.16,449.5,432.63,449.36,71546700
TSLA,2026-01-23,447.43,452.43,444.04,449.06,56771400
TSLA,2026-01-26,445.0,445.04,434.28,435.2,49397400
TSLA,2026-01-27,437.41,437.52,430.69,430.9,37733100
TSLA,2026-01-28,431.91,438.26,430.1,431.46,54857400
TSLA,2026-01-29,437.8,440.23,414.62,416.56,81686100
TSLA,2026-01-30,425.35,439.88,422.7,430.41,82626100
TSLA,2026-02-02,421.29,427.15,414.5,421.81,58739500
TSLA,2026-02-03,424.27,428.56,413.69,421.96,56886500
TSLA,2026-02-04,420.46,423.9,399.18,406.01,74606900
TSLA,2026-02-05,397.02,402.1,387.53,397.21,72819800
TSLA,2026-02-06,400.87,414.55,397.75,411.11,62677100
TSLA,2026-02-09,409.91,421.25,407.29,417.32,54484300
TSLA,2026-02-10,418.08,427.25,417.0,425.21,64450200
TSLA,2026-02-11,427.96,436.35,420.03,428.27,57362000
TSLA,2026-02-12,430.3,436.23,414.0,417.07,61933400
TSLA,2026-02-13,414.31,424.06,410.88,417.44,51434100
TSLA,2026-02-17,412.36,413.72,400.51,410.63,59678800
TSLA,2026-02-18,411.11,416.9,409.58,411.32,45921400
TSLA,2026-02-19,407.25,415.25,404.11,411.71,51019600
TSLA,2026-02-20,408.3,414.7,405.5,411.82,57912200
TSLA,2026-02-23,407.29,407.7,394.04,399.83,69480900
TSLA,2026-02-24,399.5,410.82,397.64,409.38,58579500
TSLA,2026-02-25,412.15,420.34,412.15,417.4,54809700
TSLA,2026-02-26,414.42,416.81,403.66,408.58,53602500
TSLA,2026-02-27,402.94,407.12,398.11,402.51,56890100
TSLA,2026-03-02,390.6,404.54,388.25,403.32,55088300
TSLA,2026-03-03,395.09,396.34,385.39,392.43,62617300
TSLA,2026-03-04,397.85,408.33,394.59,405.94,67670354
TSLA,2026-03-05,401.57,408.62,399.42,405.55,51772200
TSLA,2026-03-06,398.09,402.35,394.21,396.73,63870200
TSLA,2026-03-09,390.05,401.59,381.4,398.68,66821300
TSLA,2026-03-10,402.22,406.59,398.19,399.24,59148300
TSLA,2026-03-11,402.28,416.38,402.15,407.82,62220300
TSLA,2026-03-12,405.1,406.5,394.65,395.01,59382702
TSLA,2026-03-13,399.17,400.16,389.95,391.2,57370326
