Ticker,Date,Open,High,Low,Close,Volume
A,2026-09-17,156.0,156.89,154.03,156.34,2892300
A,2026-09-18,156.0,156.73,154.6,156.47,4849800
A,2026-09-21,157.87,162.89,157.08,161.94,2710300
A,2026-09-22,163.08,167.59,161.04,167.26,3780872
A,2026-09-23,166.54,168.94,163.27,165.32,3238300
A,2026-09-24,163.95,174.77,163.62,172.84,3053300
A,2026-09-25,171.98,172.94,169.43,172.79,2582100
A,2026-09-28,170.0,176.02,169.5,175.21,2141700
A,2026-09-29,174.49,177.05,173.22,175.03,2053800
A,2026-09-30,174.44,176.04,172.27,172.31,2590400
A,2026-10-01,172.0,172.57,166.07,166.68,2787200
A,2026-10-02,168.25,170.24,166.33,167.78,2290100
A,2026-10-05,167.35,171.43,166.49,171.29,1768900
A,2026-10-06,172.77,176.38,168.01,169.33,1869400
AAPL,2026-09-17,334.77,338.34,330.18,337.0,36632800
AAPL,2026-09-18,337.91,338.49,332.53,336.13,86433100
AAPL,2026-09-21,335.28,339.64,333.05,338.98,34955500
AAPL,2026-09-22,340.33,345.34,338.75,339.75,40599377
AAPL,2026-09-23,341.08,341.8,335.5,337.02,31587800
AAPL,2026-09-24,336.72,338.91,334.3,335.92,24686400
AAPL,2026-09-25,336.04,341.67,334.53,341.07,29950100
AAPL,2026-09-28,340.37,342.99,338.04,338.4,32724700
AAPL,2026-09-29,336.97,337.09,328.7,329.4,38427200
AAPL,2026-09-30,330.8,339.5,330.14,333.02,49931500
AAPL,2026-10-01,330.0,332.48,325.81,330.32,36243900
AAPL,2026-10-02,333.26,334.54,330.61,333.69,33245500
AAPL,2026-10-05,332.82,336.21,331.65,332.89,34350900
AAPL,2026-10-06,332.28,334.38,330.62,333.63,30425700
ABBV,2026-09-17,262.61,264.62,260.88,264.02,3507500
ABBV,2026-09-18,263.29,266.34,262.44,263.96,8162700
ABBV,2026-09-21,263.07,266.6,261.23,264.48,3434900
ABBV,2026-09-22,263.1,266.82,262.21,265.21,2757784
ABBV,2026-09-23,266.0,269.39,263.59,265.08,3466400
ABBV,2026-09-24,265.37,267.41,263.09,265.12,3456000
ABBV,2026-09-25,265.49,266.0,262.59,264.34,2540400
ABBV,2026-09-28,264.33,267.74,263.38,266.28,4421300
ABBV,2026-09-29,265.45,268.93,261.52,263.29,4004200
ABBV,2026-09-30,264.6,265.36,261.59,261.59,4386600
ABBV,2026-10-01,260.51,262.32,259.0,259.93,3889900
ABBV,2026-10-02,259.74,264.06,257.87,262.82,5861400
ABBV,2026-10-05,261.27,267.34,260.29,265.76,7542000
ABBV,2026-10-06,267.74,268.86,260.62,266.69,4500700
ABNB,2026-09-17,169.31,169.31,165.0,165.93,3176500
ABNB,2026-09-18,165.46,167.34,164.79,166.22,9498200
ABNB,2026-09-21,166.56,167.97,164.7,166.84,3301300
ABNB,2026-09-22,169.6,169.6,160.71,161.81,4960090
ABNB,2026-09-23,159.52,160.2,149.0,149.58,13664800
ABNB,2026-09-24,150.7,153.97,149.68,151.39,8594000
ABNB,2026-09-25,152.18,158.64,151.18,157.47,5476500
ABNB,2026-09-28,155.94,158.7,154.11,156.08,3917600
ABNB,2026-09-29,156.1,158.4,153.7,156.96,4391800
ABNB,2026-09-30,158.1,162.46,157.0,160.65,4603600
ABNB,2026-10-01,161.15,161.75,157.8,160.47,4808200
ABNB,2026-10-02,164.13,164.91,161.29,162.43,3443200
ABNB,2026-10-05,162.84,164.86,161.85,164.07,4161100
ABNB,2026-10-06,164.32,164.89,159.07,160.39,3393000
ABT,2026-09-17,102.15,103.0,100.33,102.23,8423800
ABT,2026-09-18,101.83,103.19,101.5,102.61,27061600
ABT,2026-09-21,102.27,103.2,101.84,102.98,5017600
ABT,2026-09-22,104.01,104.54,102.89,103.69,8293515
ABT,2026-09-23,104.22,104.31,102.66,103.49,12183900
ABT,2026-09-24,103.77,104.22,101.02,101.07,6216200
ABT,2026-09-25,100.81,101.82,100.09,101.29,7784200
ABT,2026-09-28,101.08,101.76,100.26,100.98,6729200
ABT,2026-09-29,100.26,101.07,99.48,100.95,8048900
ABT,2026-09-30,100.57,100.63,98.72,98.83,7571200
ABT,2026-10-01,99.1,99.45,96.54,96.69,8861900
ABT,2026-10-02,97.25,97.59,95.06,97.5,8709500
ABT,2026-10-05,97.84,100.7,97.39,100.1,11985600
ABT,2026-10-06,100.56,100.95,97.94,98.16,10575900
ACGL,2026-09-17,97.0,97.16,95.73,96.7,3183100
ACGL,2026-09-18,96.47,97.85,95.69,96.89,8501300
ACGL,2026-09-21,96.62,97.64,95.72,95.78,4101700
ACGL,2026-09-22,95.78,95.83,94.74,94.95,5598348
ACGL,2026-09-23,94.25,95.99,93.69,95.16,4787300
ACGL,2026-09-24,95.88,97.06,94.92,95.02,4550300
ACGL,2026-09-25,95.31,95.9,94.34,94.66,3836800
ACGL,2026-09-28,94.9,95.64,94.45,94.9,3563400
ACGL,2026-09-29,94.39,95.26,93.85,95.12,3921900
ACGL,2026-09-30,94.76,95.09,92.35,92.36,5663600
ACGL,2026-10-01,92.58,94.54,92.28,94.26,4093500
ACGL,2026-10-02,94.1,94.4,92.48,93.6,3032500
ACGL,2026-10-05,93.6,94.82,93.19,94.36,2426900
ACGL,2026-10-06,93.83,95.34,93.78,94.82,2255500
ACN,2026-09-17,189.94,192.11,188.9,190.29,2935900
ACN,2026-09-18,188.58,189.48,180.7,181.29,11582300
ACN,2026-09-21,187.0,193.75,184.99,186.11,7418300
ACN,2026-09-22,189.38,190.24,182.15,183.72,3844197
ACN,2026-09-23,185.5,188.28,182.56,183.52,4021400
ACN,2026-09-24,185.75,186.34,176.87,177.41,4634600
ACN,2026-09-25,177.13,180.05,175.74,176.11,4960100
ACN,2026-09-28,173.51,177.08,172.3,174.47,5499800
ACN,2026-09-29,173.09,177.77,172.11,177.12,6358600
ACN,2026-09-30,178.1,184.3,177.74,183.37,10531000
ACN,2026-10-01,215.98,227.63,211.04,212.3,28979200
ACN,2026-10-02,211.02,213.31,198.36,198.9,10032300
ACN,2026-10-05,196.3,199.74,193.77,195.05,6993900
ACN,2026-10-06,195.43,196.16,192.58,193.4,6147800
ADBE,2026-09-17,250.35,252.84,245.4,252.67,5111400
ADBE,2026-09-18,251.58,252.67,247.21,248.92,10194800
ADBE,2026-09-21,248.92,251.48,244.23,249.52,5179400
ADBE,2026-09-22,254.6,254.67,237.69,238.25,7327009
ADBE,2026-09-23,239.48,241.74,237.51,240.69,3855100
ADBE,2026-09-24,241.67,244.21,236.84,238.93,3673700
ADBE,2026-09-25,238.85,241.16,234.96,235.47,3112700
ADBE,2026-09-28,229.72,231.49,224.67,231.01,5208600
ADBE,2026-09-29,230.99,233.33,228.68,233.17,4103800
ADBE,2026-09-30,233.7,240.84,231.95,239.94,4516500
ADBE,2026-10-01,245.93,248.3,237.79,241.28,4762900
ADBE,2026-10-02,243.05,243.92,236.88,237.69,3113100
ADBE,2026-10-05,238.68,241.0,235.51,238.79,3292400
ADBE,2026-10-06,240.87,240.87,236.77,238.12,2641800
ADI,2026-09-17,369.96,372.27,360.58,362.65,2850800
ADI,2026-09-18,363.13,376.01,363.13,375.72,7701300
ADI,2026-09-21,377.05,384.12,370.97,383.0,4049300
ADI,2026-09-22,382.19,390.55,380.58,390.37,2960637
ADI,2026-09-23,388.95,390.06,379.0,385.23,3204200
ADI,2026-09-24,381.21,384.34,377.4,382.61,2372000
ADI,2026-09-25,381.53,395.92,381.53,393.6,2457900
ADI,2026-09-28,395.45,396.07,388.13,395.43,3064400
ADI,2026-09-29,401.62,405.38,395.74,398.22,2476000
ADI,2026-09-30,397.5,399.48,393.06,396.71,2362600
ADI,2026-10-01,396.94,406.19,393.92,404.6,3161400
ADI,2026-10-02,415.61,421.7,414.0,417.15,2629800
ADI,2026-10-05,417.85,419.34,409.65,419.1,2130900
ADI,2026-10-06,421.08,422.67,417.19,420.55,2263400
ADM,2026-09-17,84.59,88.27,84.24,88.09,3673200
ADM,2026-09-18,87.73,87.93,84.32,85.18,10792400
ADM,2026-09-21,85.05,86.4,83.09,83.38,2564900
ADM,2026-09-22,82.88,83.83,82.3,82.34,2536385
ADM,2026-09-23,82.33,83.0,81.54,82.15,2545200
ADM,2026-09-24,82.58,83.04,81.57,81.88,2735900
ADM,2026-09-25,81.39,81.73,80.4,81.12,3206200
ADM,2026-09-28,81.9,82.09,80.31,80.38,2834700
ADM,2026-09-29,78.77,80.29,78.52,79.4,3040300
ADM,2026-09-30,79.19,80.29,79.08,79.38,3134300
ADM,2026-10-01,79.12,79.6,78.1,79.52,2395600
ADM,2026-10-02,78.67,80.86,78.41,80.45,3456000
ADM,2026-10-05,81.1,83.2,79.79,82.47,4387400
ADM,2026-10-06,82.26,82.89,81.25,82.21,2185300
ADP,2026-09-17,271.31,273.3,270.18,272.24,1829800
ADP,2026-09-18,271.61,272.24,268.99,271.22,6603300
ADP,2026-09-21,269.16,271.91,267.9,269.94,2307200
ADP,2026-09-22,272.21,273.0,266.3,269.64,1890042
ADP,2026-09-23,268.54,269.72,262.47,263.68,2726100
ADP,2026-09-24,264.85,267.92,261.31,263.11,1993600
ADP,2026-09-25,261.89,265.06,261.38,263.67,1210300
ADP,2026-09-28,260.9,264.87,259.3,261.8,1666900
ADP,2026-09-29,259.7,262.21,258.3,261.8,2200200
ADP,2026-09-30,261.6,264.32,257.74,258.06,2525000
ADP,2026-10-01,263.48,266.46,261.86,263.96,1532200
ADP,2026-10-02,264.92,264.92,256.51,257.68,2188100
ADP,2026-10-05,255.96,260.78,255.96,260.26,1707900
ADP,2026-10-06,259.2,263.47,258.86,262.36,1486300
ADSK,2026-09-17,218.76,220.53,216.4,218.64,1621000
ADSK,2026-09-18,219.54,220.86,216.07,216.95,4850500
ADSK,2026-09-21,216.16,219.7,213.0,218.85,1523500
ADSK,2026-09-22,222.0,222.0,215.25,219.62,1692125
ADSK,2026-09-23,220.02,220.57,216.11,217.15,1475600
ADSK,2026-09-24,217.48,218.24,211.0,211.35,2105200
ADSK,2026-09-25,211.35,214.27,209.05,209.4,1877400
ADSK,2026-09-28,206.96,208.21,202.09,207.19,1695000
ADSK,2026-09-29,204.65,206.05,199.18,203.18,2185100
ADSK,2026-09-30,203.11,210.21,201.48,209.0,1937200
ADSK,2026-10-01,213.92,216.51,208.89,211.31,2334400
ADSK,2026-10-02,213.0,214.33,210.67,212.0,1672700
ADSK,2026-10-05,219.23,226.93,218.21,221.56,3223800
ADSK,2026-10-06,221.92,231.55,221.7,231.28,2201500
AEE,2026-09-17,103.42,104.23,103.33,103.9,1736800
AEE,2026-09-18,102.53,103.08,102.21,102.23,2843200
AEE,2026-09-21,102.03,102.37,101.53,101.83,1852600
AEE,2026-09-22,101.67,102.2,101.24,101.66,1567789
AEE,2026-09-23,101.13,101.13,99.57,99.74,1398700
AEE,2026-09-24,100.07,100.19,99.14,99.2,2330600
AEE,2026-09-25,99.06,99.53,98.25,99.39,2427000
AEE,2026-09-28,99.29,99.81,98.61,99.39,2392200
AEE,2026-09-29,98.77,100.62,98.75,100.25,2868600
AEE,2026-09-30,100.74,100.99,99.38,99.38,2292500
AEE,2026-10-01,98.82,99.71,98.18,99.64,2296400
AEE,2026-10-02,100.04,101.04,99.7,99.94,2406700
AEE,2026-10-05,100.07,100.34,99.22,99.7,2467100
AEE,2026-10-06,100.19,101.71,99.5,101.68,2734000
AEP,2026-09-17,121.25,121.71,120.43,121.62,4842500
AEP,2026-09-18,120.61,121.12,119.71,120.0,8016400
AEP,2026-09-21,119.8,120.75,119.16,120.03,6986100
AEP,2026-09-22,119.58,120.74,119.15,120.27,4992767
AEP,2026-09-23,119.88,119.88,117.95,118.4,5493200
AEP,2026-09-24,118.4,118.71,117.3,117.57,3503200
AEP,2026-09-25,117.53,118.5,116.71,118.35,4069300
AEP,2026-09-28,118.05,118.72,117.2,118.2,3078100
AEP,2026-09-29,117.5,119.58,117.26,119.3,2859300
AEP,2026-09-30,120.05,120.32,118.61,118.64,4110300
AEP,2026-10-01,118.24,119.93,117.34,119.75,4139400
AEP,2026-10-02,120.55,121.8,119.37,119.57,5539000
AEP,2026-10-05,119.46,120.55,118.63,119.73,3108500
AEP,2026-10-06,120.17,121.84,120.06,121.67,3329100
AES,2026-09-17,14.84,14.88,14.82,14.85,7222000
AES,2026-09-18,14.87,14.87,14.83,14.83,9540300
AES,2026-09-21,14.84,14.84,14.81,14.83,4790500
AES,2026-09-22,14.82,14.86,14.82,14.82,13970241
AES,2026-09-23,14.82,14.84,14.8,14.81,10759000
AES,2026-09-24,14.81,14.87,14.81,14.85,6161100
AES,2026-09-25,14.88,14.89,14.85,14.87,5157800
AES,2026-09-28,14.86,14.89,14.86,14.87,6573000
AES,2026-09-29,14.86,14.91,14.85,14.86,13734300
AES,2026-09-30,14.87,14.92,14.85,14.9,11685500
AES,2026-10-01,14.9,14.94,14.89,14.92,9167700
AES,2026-10-02,14.92,14.94,14.89,14.91,7258500
AES,2026-10-05,14.91,14.92,14.9,14.9,9216700
AES,2026-10-06,14.88,14.94,14.88,14.93,9704000
AFL,2026-09-17,117.02,117.18,115.82,116.6,1721000
AFL,2026-09-18,115.57,116.82,115.1,116.33,6744200
AFL,2026-09-21,116.41,116.73,114.99,115.18,1886300
AFL,2026-09-22,115.02,115.06,114.12,114.6,1994316
AFL,2026-09-23,114.06,116.19,114.04,115.23,1928700
AFL,2026-09-24,115.77,116.1,113.81,114.01,1600400
AFL,2026-09-25,114.24,114.46,113.02,113.72,1657800
AFL,2026-09-28,114.06,114.41,113.1,113.55,1482900
AFL,2026-09-29,112.75,113.69,112.17,113.66,1510000
AFL,2026-09-30,113.3,113.6,111.73,111.78,1774300
AFL,2026-10-01,111.74,112.01,110.66,111.18,1471100
AFL,2026-10-02,110.78,111.8,110.0,111.54,1874100
AFL,2026-10-05,111.81,112.47,110.0,112.38,1923300
AFL,2026-10-06,112.47,113.85,112.02,113.63,1924500
AIG,2026-09-17,75.85,76.2,74.7,75.68,4080200
AIG,2026-09-18,75.16,76.07,74.87,75.33,7700800
AIG,2026-09-21,75.33,75.67,74.45,74.54,3339800
AIG,2026-09-22,74.51,75.69,73.96,75.18,4472806
AIG,2026-09-23,75.01,76.46,74.75,75.58,3569200
AIG,2026-09-24,75.9,76.14,74.74,74.82,3168100
AIG,2026-09-25,74.85,74.85,73.95,74.17,2931800
AIG,2026-09-28,74.06,74.25,72.63,72.78,4038700
AIG,2026-09-29,72.72,75.87,72.72,75.27,11134500
AIG,2026-09-30,75.04,75.49,74.21,74.42,9411200
AIG,2026-10-01,74.54,75.58,74.33,75.43,5352200
AIG,2026-10-02,75.47,75.57,74.35,74.93,4739500
AIG,2026-10-05,75.08,75.5,74.53,75.12,4452000
AIG,2026-10-06,75.16,76.4,74.82,75.11,5299700
AIZ,2026-09-17,284.15,286.69,281.33,283.81,449100
AIZ,2026-09-18,282.42,284.76,279.73,282.23,728900
AIZ,2026-09-21,282.54,284.47,276.58,277.38,335500
AIZ,2026-09-22,278.18,281.43,270.72,271.08,699197
AIZ,2026-09-23,270.18,274.02,266.28,266.97,603200
AIZ,2026-09-24,266.98,269.53,261.07,261.86,563100
AIZ,2026-09-25,261.58,266.85,261.4,265.0,366200
AIZ,2026-09-28,264.4,265.93,262.98,263.53,335700
AIZ,2026-09-29,261.34,264.63,260.64,263.65,270500
AIZ,2026-09-30,263.62,264.42,262.0,263.5,306800
AIZ,2026-10-01,263.5,267.74,261.17,266.24,386000
AIZ,2026-10-02,266.15,269.3,263.15,267.32,349500
AIZ,2026-10-05,266.95,269.22,265.69,266.41,312600
AIZ,2026-10-06,266.13,271.28,265.13,270.96,409300
AJG,2026-09-17,243.18,244.73,240.08,241.41,943500
AJG,2026-09-18,240.0,241.93,238.75,239.48,1707700
AJG,2026-09-21,239.72,240.71,236.58,236.61,1283700
AJG,2026-09-22,236.29,236.6,226.79,230.45,1624494
AJG,2026-09-23,228.7,231.31,227.91,229.64,1847200
AJG,2026-09-24,230.72,233.19,226.26,227.13,1769600
AJG,2026-09-25,226.73,232.23,225.87,231.1,1497300
AJG,2026-09-28,230.0,232.81,226.95,229.46,1530400
AJG,2026-09-29,227.32,229.35,225.11,227.75,1484700
AJG,2026-09-30,227.44,229.49,225.55,228.11,1588600
AJG,2026-10-01,229.43,234.13,229.29,231.82,2862300
AJG,2026-10-02,230.79,232.76,225.27,226.11,1398300
AJG,2026-10-05,225.0,227.54,219.65,227.24,1147800
AJG,2026-10-06,225.81,230.73,225.08,229.85,1152800
AKAM,2026-09-17,105.06,109.85,104.31,107.08,2859700
AKAM,2026-09-18,107.25,107.25,102.61,104.52,4817000
AKAM,2026-09-21,106.04,117.58,105.4,117.41,4703100
AKAM,2026-09-22,117.91,122.79,116.1,118.34,4587970
AKAM,2026-09-23,117.33,119.48,113.76,118.44,3919400
AKAM,2026-09-24,116.74,118.0,110.31,110.41,6625500
AKAM,2026-09-25,125.23,128.46,113.84,113.94,31872400
AKAM,2026-09-28,112.85,115.1,108.8,108.99,8078900
AKAM,2026-09-29,110.78,111.43,105.75,108.45,6052000
AKAM,2026-09-30,108.84,113.43,106.33,106.35,6249400
AKAM,2026-10-01,107.16,108.1,104.0,106.93,5524000
AKAM,2026-10-02,108.75,113.13,108.5,108.92,5039400
AKAM,2026-10-05,108.87,109.54,106.27,107.99,3619700
AKAM,2026-10-06,109.5,111.6,107.51,108.62,2803800
ALB,2026-09-17,112.5,116.3,112.5,115.05,2161400
ALB,2026-09-18,115.1,115.13,110.42,110.91,4967500
ALB,2026-09-21,113.5,114.49,111.57,112.92,1908000
ALB,2026-09-22,113.62,117.59,112.8,116.8,4097425
ALB,2026-09-23,114.17,115.08,112.31,113.47,2202100
ALB,2026-09-24,110.0,110.5,108.21,108.25,2501800
ALB,2026-09-25,108.79,112.07,108.3,109.73,1989800
ALB,2026-09-28,107.5,108.7,104.66,107.39,2661700
ALB,2026-09-29,107.93,108.0,106.05,107.62,1782400
ALB,2026-09-30,107.6,107.79,105.62,105.78,1697500
ALB,2026-10-01,104.1,105.98,102.37,105.03,1948100
ALB,2026-10-02,105.35,106.29,103.19,104.59,2004600
ALB,2026-10-05,105.19,105.67,103.59,104.37,2028700
ALB,2026-10-06,105.41,107.59,104.98,106.35,1497000
ALGN,2026-09-17,151.21,152.11,148.98,149.71,796000
ALGN,2026-09-18,149.52,150.78,146.2,147.61,1498300
ALGN,2026-09-21,147.97,148.37,145.55,146.88,975800
ALGN,2026-09-22,149.17,154.1,147.62,153.29,940217
ALGN,2026-09-23,152.5,153.4,147.07,148.17,1327000
ALGN,2026-09-24,148.65,149.22,145.27,145.63,785800
ALGN,2026-09-25,145.57,148.17,144.2,146.78,829600
ALGN,2026-09-28,145.0,146.2,143.33,145.0,882800
ALGN,2026-09-29,145.0,145.93,142.24,144.01,937300
ALGN,2026-09-30,144.61,146.68,142.83,145.35,917800
ALGN,2026-10-01,145.0,146.23,143.23,145.35,619800
ALGN,2026-10-02,147.09,147.09,143.23,143.74,550000
ALGN,2026-10-05,140.07,142.35,138.36,140.65,1680100
ALGN,2026-10-06,141.96,143.64,141.14,141.45,1020200
ALL,2026-09-17,254.02,254.83,250.74,252.21,1482400
ALL,2026-09-18,251.41,251.41,247.78,249.83,3796100
ALL,2026-09-21,250.0,251.5,241.53,242.86,2354200
ALL,2026-09-22,240.7,242.16,227.29,229.5,5240623
ALL,2026-09-23,228.65,232.78,225.62,225.66,4131600
ALL,2026-09-24,228.86,230.79,226.39,227.17,2966500
ALL,2026-09-25,228.09,229.9,225.58,227.6,1716500
ALL,2026-09-28,228.68,229.61,225.82,227.55,1725200
ALL,2026-09-29,225.95,227.05,224.21,225.42,4096000
ALL,2026-09-30,224.51,225.59,221.81,221.86,3878900
ALL,2026-10-01,223.04,225.33,220.59,224.41,2944700
ALL,2026-10-02,223.71,224.8,221.84,223.74,1845300
ALL,2026-10-05,224.12,225.31,219.51,224.71,1978900
ALL,2026-10-06,224.3,225.22,222.22,224.27,1809400
ALLE,2026-09-17,155.02,155.54,152.53,153.63,1006900
ALLE,2026-09-18,153.46,154.08,151.15,152.28,2416300
ALLE,2026-09-21,153.09,153.09,151.35,151.36,1528000
ALLE,2026-09-22,153.53,154.32,152.41,153.95,1020441
ALLE,2026-09-23,153.02,155.62,153.02,154.09,902800
ALLE,2026-09-24,153.64,154.29,151.33,152.48,986000
ALLE,2026-09-25,152.65,155.84,152.54,154.47,654800
ALLE,2026-09-28,153.04,155.91,152.42,155.38,1003200
ALLE,2026-09-29,155.33,156.62,154.12,155.43,1202000
ALLE,2026-09-30,155.95,156.57,153.77,153.77,671000
ALLE,2026-10-01,153.35,154.64,151.13,154.28,1084300
ALLE,2026-10-02,155.51,157.3,154.08,154.21,888000
ALLE,2026-10-05,153.35,154.72,151.74,153.67,747600
ALLE,2026-10-06,154.35,156.16,154.3,155.2,698900
AMAT,2026-09-17,427.58,428.54,413.56,417.4,6918700
AMAT,2026-09-18,421.69,445.0,420.0,444.57,14276700
AMAT,2026-09-21,455.95,468.51,452.66,464.24,9478700
AMAT,2026-09-22,457.9,472.48,453.5,472.46,5785418
AMAT,2026-09-23,471.23,474.9,461.0,474.38,4585600
AMAT,2026-09-24,463.79,474.8,460.55,474.25,4159900
AMAT,2026-09-25,478.89,487.68,476.36,485.0,5201600
AMAT,2026-09-28,482.2,487.45,471.38,486.76,5955300
AMAT,2026-09-29,504.71,513.28,499.17,512.01,7150000
AMAT,2026-09-30,513.82,515.42,506.78,511.38,6255000
AMAT,2026-10-01,516.65,533.88,515.51,529.3,6079500
AMAT,2026-10-02,543.21,547.25,535.1,540.04,6074600
AMAT,2026-10-05,540.99,545.81,533.59,542.28,4644000
AMAT,2026-10-06,546.0,546.0,526.52,530.27,4876100
AMCR,2026-09-17,42.54,42.75,42.13,42.38,3237500
AMCR,2026-09-18,42.12,42.29,41.82,41.9,5787600
AMCR,2026-09-21,42.37,42.46,41.87,42.15,3212400
AMCR,2026-09-22,42.78,43.33,42.66,43.24,3676247
AMCR,2026-09-23,43.18,43.24,42.75,42.8,2647700
AMCR,2026-09-24,42.71,43.04,41.52,42.1,4195600
AMCR,2026-09-25,42.58,42.75,41.94,42.51,2446000
AMCR,2026-09-28,42.25,43.02,42.0,42.79,2655900
AMCR,2026-09-29,42.88,42.88,42.31,42.46,2625200
AMCR,2026-09-30,42.53,42.91,41.86,41.86,2752000
AMCR,2026-10-01,41.64,42.14,41.19,41.81,3029700
AMCR,2026-10-02,42.18,42.42,41.85,41.86,2401900
AMCR,2026-10-05,41.5,42.0,40.96,41.8,3036900
AMCR,2026-10-06,41.74,42.24,41.57,41.77,3049300
AMD,2026-09-17,533.6,551.42,527.6,545.09,28380800
AMD,2026-09-18,547.37,559.91,541.53,559.82,31785700
AMD,2026-09-21,583.88,616.69,582.27,615.52,44270000
AMD,2026-09-22,607.1,624.52,606.31,623.77,28045099
AMD,2026-09-23,621.5,624.69,608.08,614.61,16299200
AMD,2026-09-24,600.27,630.8,599.24,629.26,25259300
AMD,2026-09-25,634.54,639.0,625.52,630.63,17594900
AMD,2026-09-28,624.9,629.75,596.07,607.87,21995500
AMD,2026-09-29,616.74,624.13,605.25,607.57,16449600
AMD,2026-09-30,609.89,615.17,600.1,611.76,16685700
AMD,2026-10-01,612.7,619.3,601.5,615.73,17084200
AMD,2026-10-02,635.95,645.46,628.55,633.91,19825500
AMD,2026-10-05,630.61,633.5,619.99,631.75,13690000
AMD,2026-10-06,648.04,658.52,628.0,649.42,24200600
AME,2026-09-17,236.25,236.54,231.87,234.32,1869700
AME,2026-09-18,234.67,237.94,233.62,237.64,1738200
AME,2026-09-21,239.79,242.32,237.76,241.23,1351400
AME,2026-09-22,241.81,246.48,241.79,245.41,1313748
AME,2026-09-23,243.73,248.58,243.73,246.45,1466600
AME,2026-09-24,244.18,248.0,242.11,247.74,1992000
AME,2026-09-25,250.0,252.78,249.07,250.74,1400100
AME,2026-09-28,249.01,252.69,248.87,251.67,1408400
AME,2026-09-29,251.94,254.19,249.59,250.78,1188600
AME,2026-09-30,252.62,253.9,247.73,247.73,1727300
AME,2026-10-01,248.25,250.67,245.8,249.09,2009500
AME,2026-10-02,252.41,253.72,250.13,251.93,1588800
AME,2026-10-05,251.9,254.8,250.44,251.92,1204100
AME,2026-10-06,252.71,255.41,251.84,253.72,892300
AMGN,2026-09-17,379.15,382.49,376.08,379.78,3234700
AMGN,2026-09-18,378.51,386.5,378.51,385.65,8523800
AMGN,2026-09-21,385.71,394.5,381.9,393.16,2889000
AMGN,2026-09-22,403.5,412.99,398.53,410.24,3548041
AMGN,2026-09-23,410.09,415.76,404.34,406.09,2822500
AMGN,2026-09-24,406.09,409.99,403.88,406.04,2525000
AMGN,2026-09-25,408.25,415.2,404.19,414.61,2213100
AMGN,2026-09-28,411.52,419.02,410.96,418.13,2761800
AMGN,2026-09-29,414.37,424.57,414.11,423.64,3737800
AMGN,2026-09-30,424.01,426.59,420.63,421.51,3129500
AMGN,2026-10-01,421.72,422.8,407.13,407.27,2500500
AMGN,2026-10-02,410.16,410.16,401.96,403.04,3510200
AMGN,2026-10-05,399.03,403.69,397.03,402.98,3103900
AMGN,2026-10-06,403.3,405.0,396.01,402.6,2036500
AMP,2026-09-17,544.57,552.13,541.82,545.7,525100
AMP,2026-09-18,544.2,547.12,537.08,544.33,1373800
AMP,2026-09-21,550.22,552.51,534.12,535.72,659400
AMP,2026-09-22,536.78,535.7,498.8,512.37,1046316
AMP,2026-09-23,508.82,516.22,501.37,502.79,728100
AMP,2026-09-24,504.89,507.53,477.91,485.15,1020300
AMP,2026-09-25,486.37,500.21,486.37,493.0,765100
AMP,2026-09-28,491.59,497.76,489.39,496.16,724900
AMP,2026-09-29,493.45,498.34,492.58,497.32,496600
AMP,2026-09-30,497.78,502.49,492.0,492.35,769300
AMP,2026-10-01,489.28,497.44,486.82,494.82,595500
AMP,2026-10-02,492.59,497.18,487.32,490.91,462600
AMP,2026-10-05,493.56,496.59,489.68,494.94,579000
AMP,2026-10-06,495.24,497.87,489.39,496.61,562600
AMT,2026-09-17,177.38,177.38,174.75,175.58,2668100
AMT,2026-09-18,173.2,175.57,172.82,173.98,3651800
AMT,2026-09-21,173.83,175.46,173.11,174.6,3569000
AMT,2026-09-22,174.3,177.04,172.84,175.25,3832170
AMT,2026-09-23,174.57,175.97,170.46,170.78,3022600
AMT,2026-09-24,170.78,171.09,166.54,167.26,3216800
AMT,2026-09-25,166.95,169.2,166.42,169.03,2054800
AMT,2026-09-28,168.9,169.89,166.97,168.0,3221300
AMT,2026-09-29,167.25,169.22,166.07,167.35,2841000
AMT,2026-09-30,167.57,167.73,163.35,163.69,2778500
AMT,2026-10-01,163.62,164.79,160.94,161.06,2649100
AMT,2026-10-02,162.22,165.23,160.85,162.2,2908500
AMT,2026-10-05,161.78,162.67,160.3,162.26,2506000
AMT,2026-10-06,162.86,165.24,162.42,164.78,2185000
AMZN,2026-09-17,251.07,252.73,249.24,251.19,30336700
AMZN,2026-09-18,252.92,255.43,251.88,253.71,52148900
AMZN,2026-09-21,256.4,259.49,253.6,258.45,42857800
AMZN,2026-09-22,255.38,259.0,253.79,254.98,41258805
AMZN,2026-09-23,253.0,253.99,247.76,249.27,43999500
AMZN,2026-09-24,246.02,250.43,245.6,249.38,32986900
AMZN,2026-09-25,248.56,250.88,247.18,249.67,34216300
AMZN,2026-09-28,246.63,247.77,244.73,246.15,31955500
AMZN,2026-09-29,246.71,248.84,245.14,246.67,33643000
AMZN,2026-09-30,246.79,252.44,246.08,249.15,41825700
AMZN,2026-10-01,251.61,251.83,246.12,248.23,33173500
AMZN,2026-10-02,251.51,253.56,250.02,251.52,33393100
AMZN,2026-10-05,250.19,254.53,250.18,251.4,39168400
AMZN,2026-10-06,253.4,256.68,251.08,256.29,34013300
ANET,2026-09-17,203.11,204.91,192.98,199.53,7162400
ANET,2026-09-18,202.35,202.58,196.89,199.39,10710000
ANET,2026-09-21,203.47,205.95,200.74,205.42,4998500
ANET,2026-09-22,204.35,208.26,203.26,205.19,4449448
ANET,2026-09-23,205.46,206.48,200.75,203.47,3965900
ANET,2026-09-24,199.91,206.54,198.76,205.7,3556900
ANET,2026-09-25,208.85,212.0,205.52,206.55,4377000
ANET,2026-09-28,205.59,208.35,203.52,204.92,3467600
ANET,2026-09-29,207.1,207.48,201.35,202.86,4551800
ANET,2026-09-30,204.24,207.43,203.09,203.59,4876700
ANET,2026-10-01,204.7,206.35,200.77,204.49,4106100
ANET,2026-10-02,208.26,208.63,204.66,207.35,4145600
ANET,2026-10-05,207.76,208.91,204.5,206.9,3560300
ANET,2026-10-06,208.0,216.07,207.2,215.36,6969400
AON,2026-09-17,299.54,302.12,295.78,296.05,3273100
AON,2026-09-18,294.25,297.73,293.0,295.64,3186100
AON,2026-09-21,297.01,297.87,290.7,290.82,1936300
AON,2026-09-22,291.06,293.55,282.76,286.1,2537632
AON,2026-09-23,284.67,286.8,281.18,281.6,1793000
AON,2026-09-24,281.6,283.03,275.38,276.09,2713200
AON,2026-09-25,277.0,280.98,276.52,277.99,1633000
AON,2026-09-28,277.5,278.4,270.0,272.1,1833800
AON,2026-09-29,269.91,276.97,269.02,275.9,1987900
AON,2026-09-30,275.78,278.19,273.8,276.77,2287000
AON,2026-10-01,277.48,279.49,274.81,275.95,2009500
AON,2026-10-02,274.96,276.39,268.9,269.45,1608800
AON,2026-10-05,267.59,272.37,266.33,272.05,1366000
AON,2026-10-06,270.83,274.71,270.1,273.99,1382200
AOS,2026-09-17,57.8,58.12,56.59,56.93,1058000
AOS,2026-09-18,56.91,57.23,56.49,56.95,3270900
AOS,2026-09-21,57.63,57.63,56.55,56.96,1478600
AOS,2026-09-22,57.98,58.22,57.31,58.16,1466822
AOS,2026-09-23,57.73,58.4,57.64,57.74,1097400
AOS,2026-09-24,57.67,58.71,57.63,57.7,2203000
AOS,2026-09-25,57.86,58.95,57.17,58.65,995700
AOS,2026-09-28,58.17,58.69,57.63,58.38,1138800
AOS,2026-09-29,58.54,58.8,57.73,58.02,1164900
AOS,2026-09-30,58.19,58.21,56.33,56.37,2275700
AOS,2026-10-01,56.15,56.97,55.48,56.67,2114200
AOS,2026-10-02,57.21,57.28,56.62,56.75,1091000
AOS,2026-10-05,56.23,57.24,55.6,56.97,1456000
AOS,2026-10-06,57.24,57.88,56.77,56.9,1118000
APA,2026-09-17,44.63,45.62,44.4,45.46,5075100
APA,2026-09-18,45.31,45.47,44.64,44.87,11917500
APA,2026-09-21,44.13,44.38,43.58,43.81,6000900
APA,2026-09-22,42.95,43.45,42.26,42.3,6656254
APA,2026-09-23,42.84,44.19,42.3,43.7,5587000
APA,2026-09-24,44.34,44.71,43.54,43.68,6136100
APA,2026-09-25,42.8,43.26,42.23,42.74,5333400
APA,2026-09-28,43.15,43.47,42.24,42.33,8029300
APA,2026-09-29,41.38,42.51,41.23,42.19,5932600
APA,2026-09-30,42.18,42.71,41.36,41.54,5966100
APA,2026-10-01,41.36,43.46,41.31,43.34,6930800
APA,2026-10-02,42.4,43.68,42.3,43.68,3977000
APA,2026-10-05,43.55,44.45,42.69,43.85,3829400
APA,2026-10-06,43.3,44.4,43.23,44.1,3423200
APD,2026-09-17,287.96,288.01,283.53,286.12,1483700
APD,2026-09-18,283.99,286.03,281.23,284.18,2524900
APD,2026-09-21,284.12,284.32,279.37,279.46,1741400
APD,2026-09-22,280.94,288.37,279.72,287.86,2079680
APD,2026-09-23,287.35,289.88,286.09,286.97,925500
APD,2026-09-24,287.71,288.64,284.25,284.49,1046400
APD,2026-09-25,283.7,284.95,281.4,281.76,807600
APD,2026-09-28,280.81,282.2,277.89,278.75,1159200
APD,2026-09-29,277.75,281.06,276.47,279.19,1062200
APD,2026-09-30,281.11,282.55,278.21,278.23,988300
APD,2026-10-01,272.78,274.21,267.28,273.33,1568600
APD,2026-10-02,273.96,280.0,273.28,277.57,1015300
APD,2026-10-05,277.98,282.16,274.97,279.45,1090500
APD,2026-10-06,280.43,282.28,279.31,281.0,806800
APH,2026-09-17,78.86,79.08,77.08,78.37,8539200
APH,2026-09-18,78.33,79.3,77.4,77.55,29762400
APH,2026-09-21,79.26,81.21,78.88,80.72,11652200
APH,2026-09-22,80.19,83.37,79.51,82.84,13027344
APH,2026-09-23,83.38,83.4,81.38,82.19,13003400
APH,2026-09-24,80.49,83.53,80.05,83.08,11709500
APH,2026-09-25,83.91,85.01,83.48,84.09,10146000
APH,2026-09-28,84.16,85.71,82.52,84.62,13923300
APH,2026-09-29,86.08,86.22,83.71,84.34,10621600
APH,2026-09-30,85.45,85.81,83.83,84.3,15793900
APH,2026-10-01,85.0,87.09,83.63,85.67,11887200
APH,2026-10-02,86.82,88.02,85.72,86.96,9064600
APH,2026-10-05,86.75,87.7,86.61,87.27,9548400
APH,2026-10-06,88.7,89.93,88.21,88.62,9353700
APO,2026-09-17,125.67,128.71,125.67,126.0,3019800
APO,2026-09-18,126.36,126.89,124.23,125.91,5415400
APO,2026-09-21,127.37,128.63,126.17,127.91,2367800
APO,2026-09-22,129.16,129.9,124.15,124.15,3026949
APO,2026-09-23,124.0,126.21,123.32,124.36,3065300
APO,2026-09-24,123.94,124.04,118.5,120.69,3846500
APO,2026-09-25,121.05,122.48,120.25,121.69,1863900
APO,2026-09-28,120.84,120.84,118.71,119.0,3092600
APO,2026-09-29,119.4,121.85,118.34,119.0,2505600
APO,2026-09-30,119.28,119.64,115.42,116.06,4188900
APO,2026-10-01,116.38,117.68,112.1,114.34,4249700
APO,2026-10-02,115.2,116.95,113.8,114.02,2810300
APO,2026-10-05,113.79,116.1,112.79,115.35,3691200
APO,2026-10-06,115.56,116.33,114.73,115.95,2706300
APP,2026-09-17,331.86,333.43,314.82,321.6,4537400
APP,2026-09-18,323.39,328.15,307.76,308.06,10936300
APP,2026-09-21,309.69,336.94,306.8,330.17,5991100
APP,2026-09-22,333.57,333.57,323.68,328.73,3368623
APP,2026-09-23,315.9,316.5,304.77,315.25,6803700
APP,2026-09-24,315.5,320.45,308.24,312.47,3967300
APP,2026-09-25,312.5,316.01,308.33,310.75,3020100
APP,2026-09-28,322.05,322.74,306.88,308.24,4125600
APP,2026-09-29,309.0,313.38,304.84,305.66,3703300
APP,2026-09-30,299.5,303.17,290.36,290.43,6573300
APP,2026-10-01,291.0,291.55,275.13,281.31,7990300
APP,2026-10-02,270.17,279.94,266.84,268.22,8880600
APP,2026-10-05,270.61,287.2,270.0,281.97,6894700
APP,2026-10-06,282.73,283.76,276.66,278.78,4363000
APTV,2026-09-17,44.23,44.23,43.32,43.62,4333600
APTV,2026-09-18,43.46,43.84,43.0,43.59,14169500
APTV,2026-09-21,44.05,44.35,43.31,43.57,2779200
APTV,2026-09-22,44.09,44.98,43.71,44.61,4084110
APTV,2026-09-23,44.23,45.38,43.88,45.17,3124000
APTV,2026-09-24,44.97,45.25,43.27,43.58,3789100
APTV,2026-09-25,44.0,45.07,43.54,44.79,3141300
APTV,2026-09-28,44.5,44.78,43.46,43.64,2771200
APTV,2026-09-29,43.88,43.99,42.92,43.37,2685700
APTV,2026-09-30,43.66,43.79,42.92,43.02,3719700
APTV,2026-10-01,43.0,44.24,42.56,43.97,2582800
APTV,2026-10-02,44.19,44.28,43.13,43.54,2714200
APTV,2026-10-05,43.55,44.68,43.39,43.89,2621700
APTV,2026-10-06,44.1,44.94,43.61,44.72,2579000
ARE,2026-09-17,53.7,56.66,53.7,56.34,3356400
ARE,2026-09-18,56.7,57.28,53.21,53.3,4104000
ARE,2026-09-21,53.39,54.29,53.28,53.34,1919900
ARE,2026-09-22,53.94,54.69,53.37,53.85,1461756
ARE,2026-09-23,53.44,53.93,51.53,51.86,1937300
ARE,2026-09-24,50.93,51.87,50.38,50.48,1628100
ARE,2026-09-25,50.3,50.66,49.38,49.93,1506100
ARE,2026-09-28,49.9,49.9,47.87,48.66,1869600
ARE,2026-09-29,48.52,49.07,47.97,48.47,1428700
ARE,2026-09-30,47.98,48.1,47.18,47.46,1614600
ARE,2026-10-01,47.19,47.53,45.66,47.03,3204000
ARE,2026-10-02,47.31,48.22,47.0,47.37,2068800
ARE,2026-10-05,46.99,48.03,45.58,45.88,2282900
ARE,2026-10-06,46.12,47.12,45.79,45.92,1736100
ARES,2026-09-17,125.92,128.55,124.74,125.32,1551500
ARES,2026-09-18,124.58,125.96,122.86,123.8,7911900
ARES,2026-09-21,126.43,127.95,125.05,126.67,1615300
ARES,2026-09-22,130.65,130.65,124.2,124.72,2297135
ARES,2026-09-23,123.37,123.96,121.21,121.48,1637400
ARES,2026-09-24,121.3,121.35,116.3,120.11,3149000
ARES,2026-09-25,120.14,124.02,119.65,122.01,1575600
ARES,2026-09-28,120.69,120.69,117.47,118.34,2419700
ARES,2026-09-29,118.3,119.58,117.61,118.97,2167600
ARES,2026-09-30,118.97,119.52,115.41,116.17,2066900
ARES,2026-10-01,116.51,119.18,113.06,116.57,2330000
ARES,2026-10-02,118.44,120.5,116.72,117.55,2594000
ARES,2026-10-05,117.62,118.38,115.33,117.13,1688600
ARES,2026-10-06,117.9,119.13,116.94,117.74,1972200
ATO,2026-09-17,162.42,162.96,161.43,162.03,1414900
ATO,2026-09-18,161.0,161.12,159.98,160.3,2082200
ATO,2026-09-21,160.26,160.41,158.15,158.27,1059500
ATO,2026-09-22,158.02,158.88,157.26,157.34,966949
ATO,2026-09-23,156.53,157.32,155.0,156.24,1066400
ATO,2026-09-24,156.94,157.7,156.01,156.42,1218000
ATO,2026-09-25,156.11,157.5,155.39,157.21,1040400
ATO,2026-09-28,157.55,157.8,156.34,157.05,1039100
ATO,2026-09-29,156.08,157.99,155.64,157.6,921400
ATO,2026-09-30,158.13,158.16,156.25,156.44,942700
ATO,2026-10-01,156.01,156.86,154.72,156.38,1086700
ATO,2026-10-02,157.07,158.62,156.59,157.17,843800
ATO,2026-10-05,157.31,158.48,156.09,158.05,857400
ATO,2026-10-06,158.91,159.95,157.84,159.74,1046600
AVGO,2026-09-17,346.62,350.94,345.31,347.3,24351200
AVGO,2026-09-18,352.08,363.28,351.33,357.61,43948400
AVGO,2026-09-21,358.66,363.97,353.5,362.66,26408400
AVGO,2026-09-22,363.23,366.54,359.29,364.54,20440459
AVGO,2026-09-23,362.2,362.9,354.01,354.99,23333600
AVGO,2026-09-24,349.21,351.44,346.89,350.36,20887100
AVGO,2026-09-25,352.62,354.43,349.43,352.81,16220900
AVGO,2026-09-28,352.87,355.86,347.32,349.57,21413300
AVGO,2026-09-29,357.0,361.86,354.0,355.1,19144700
AVGO,2026-09-30,356.9,357.9,350.69,351.19,19694200
AVGO,2026-10-01,352.15,354.45,343.29,343.64,24487100
AVGO,2026-10-02,349.86,357.35,347.42,355.14,24607000
AVGO,2026-10-05,357.79,363.87,356.14,362.51,21428100
AVGO,2026-10-06,367.03,380.84,364.01,375.81,30791100
AVY,2026-09-17,173.84,174.0,170.9,171.09,788200
AVY,2026-09-18,171.5,171.5,167.69,167.71,2698600
AVY,2026-09-21,172.39,172.39,168.06,169.33,761800
AVY,2026-09-22,171.53,172.84,169.93,172.09,758145
AVY,2026-09-23,170.68,173.86,170.68,172.66,541800
AVY,2026-09-24,172.64,173.36,168.41,169.01,629200
AVY,2026-09-25,169.67,171.85,168.75,170.34,591400
AVY,2026-09-28,168.94,172.64,168.02,171.89,642700
AVY,2026-09-29,170.69,172.02,169.53,170.78,507100
AVY,2026-09-30,170.31,171.36,169.02,170.67,822100
AVY,2026-10-01,169.58,172.91,168.41,171.62,788000
AVY,2026-10-02,172.77,174.0,169.73,169.87,631600
AVY,2026-10-05,168.3,171.08,166.95,170.0,924200
AVY,2026-10-06,170.36,171.98,167.18,168.45,783800
AWK,2026-09-17,138.1,138.54,136.29,138.24,1961200
AWK,2026-09-18,136.85,137.32,135.44,135.9,3583100
AWK,2026-09-21,135.31,136.03,133.73,133.97,1442200
AWK,2026-09-22,134.06,135.07,133.51,133.82,2066229
AWK,2026-09-23,133.28,134.32,132.07,133.06,2119600
AWK,2026-09-24,133.84,134.75,131.4,131.53,1287100
AWK,2026-09-25,131.6,131.72,129.8,130.91,1232500
AWK,2026-09-28,130.44,131.05,128.47,128.93,1744500
AWK,2026-09-29,127.83,130.52,127.33,129.8,1599000
AWK,2026-09-30,130.48,131.51,129.44,129.47,1688300
AWK,2026-10-01,129.06,129.07,126.35,127.86,2423500
AWK,2026-10-02,128.89,130.38,128.21,130.25,2149900
AWK,2026-10-05,130.38,130.9,127.28,127.84,1821100
AWK,2026-10-06,128.07,128.99,127.02,128.04,2067400
AXON,2026-09-17,468.73,473.27,450.12,453.5,949400
AXON,2026-09-18,455.62,458.0,446.37,447.76,1207000
AXON,2026-09-21,446.42,456.0,443.72,452.06,990700
AXON,2026-09-22,460.83,462.0,444.7,459.32,674505
AXON,2026-09-23,459.56,460.98,448.17,450.61,770700
AXON,2026-09-24,445.92,449.54,431.01,445.0,1429700
AXON,2026-09-25,444.14,449.68,429.56,430.11,877300
AXON,2026-09-28,423.85,432.71,414.6,424.75,935300
AXON,2026-09-29,424.76,427.76,415.37,419.58,965600
AXON,2026-09-30,422.08,432.64,417.36,422.52,1107400
AXON,2026-10-01,426.66,429.17,411.8,422.21,829000
AXON,2026-10-02,429.76,429.76,408.24,413.35,824600
AXON,2026-10-05,412.74,418.0,408.0,411.81,1054500
AXON,2026-10-06,416.92,424.24,412.96,418.62,1477300
AXP,2026-09-17,316.09,316.74,310.97,311.17,4517300
AXP,2026-09-18,309.86,313.56,308.67,311.56,5715200
AXP,2026-09-21,315.18,315.31,310.74,313.59,2489900
AXP,2026-09-22,316.12,316.74,305.07,305.07,5096105
AXP,2026-09-23,304.9,305.67,301.29,301.96,3633500
AXP,2026-09-24,302.28,305.89,299.91,305.66,3951600
AXP,2026-09-25,307.0,310.0,304.49,308.89,3123700
AXP,2026-09-28,307.7,308.88,304.19,306.33,3354600
AXP,2026-09-29,307.08,307.18,303.97,305.4,3111600
AXP,2026-09-30,306.19,307.19,303.61,304.1,4209200
AXP,2026-10-01,303.0,305.0,297.2,302.09,3921400
AXP,2026-10-02,304.0,304.0,299.83,302.78,2778100
AXP,2026-10-05,302.38,304.31,300.82,304.02,2828200
AXP,2026-10-06,305.26,307.3,303.74,304.55,2330800
AZO,2026-09-17,2871.32,2879.4,2834.0,2844.31,291000
AZO,2026-09-18,2825.28,2873.52,2815.0,2855.31,428700
AZO,2026-09-21,2863.0,2870.72,2796.85,2803.25,609200
AZO,2026-09-22,2894.25,2998.0,2844.8,2894.73,777323
AZO,2026-09-23,2888.4,2920.0,2764.88,2843.34,656600
AZO,2026-09-24,2875.0,2939.02,2839.44,2861.75,481800
AZO,2026-09-25,2877.66,2916.42,2860.22,2872.16,438800
AZO,2026-09-28,2878.51,2931.46,2866.35,2913.28,432900
AZO,2026-09-29,2916.68,2921.48,2836.02,2875.97,413400
AZO,2026-09-30,2888.88,2899.53,2800.11,2830.02,493800
AZO,2026-10-01,2834.98,2843.15,2756.13,2819.03,303800
AZO,2026-10-02,2840.0,2840.04,2781.61,2792.03,169800
AZO,2026-10-05,2782.09,2812.0,2730.65,2807.73,219100
AZO,2026-10-06,2823.16,2921.0,2821.33,2898.57,287000
BA,2026-09-17,202.25,203.64,197.0,197.0,11764800
BA,2026-09-18,196.83,199.63,195.46,198.2,9814400
BA,2026-09-21,200.45,202.2,198.13,201.15,6339200
BA,2026-09-22,203.0,203.33,197.17,197.72,7776656
BA,2026-09-23,197.98,204.07,197.98,199.93,10004700
BA,2026-09-24,198.62,199.49,194.4,196.8,9615600
BA,2026-09-25,197.76,201.4,196.8,198.07,5376400
BA,2026-09-28,192.62,192.77,184.01,184.39,17954600
BA,2026-09-29,185.3,190.91,185.0,187.68,10495300
BA,2026-09-30,192.05,192.99,185.25,186.05,11547500
BA,2026-10-01,186.0,194.56,185.56,192.28,13534900
BA,2026-10-02,193.87,196.93,190.27,193.56,12628700
BA,2026-10-05,194.6,195.23,191.34,192.72,6488700
BA,2026-10-06,193.0,193.23,189.33,189.82,7690400
BAC,2026-09-17,58.4,58.5,57.42,58.18,36718400
BAC,2026-09-18,57.52,58.23,57.52,57.73,52425000
BAC,2026-09-21,58.05,58.28,57.47,57.96,33211300
BAC,2026-09-22,58.1,58.11,56.06,56.2,43683069
BAC,2026-09-23,55.92,56.48,55.74,56.0,36696000
BAC,2026-09-24,56.39,56.53,55.84,56.03,40972300
BAC,2026-09-25,56.31,56.75,55.87,56.7,28586200
BAC,2026-09-28,56.42,56.67,55.37,55.47,29002800
BAC,2026-09-29,55.4,55.55,54.73,54.96,31641700
BAC,2026-09-30,54.92,55.11,54.39,54.43,33995600
BAC,2026-10-01,53.91,54.34,52.89,53.73,60026500
BAC,2026-10-02,53.89,54.0,53.31,53.75,35067800
BAC,2026-10-05,54.04,54.34,53.69,54.0,34975200
BAC,2026-10-06,54.27,54.46,53.88,54.09,25370300
BALL,2026-09-17,61.8,61.8,60.73,60.75,1505400
BALL,2026-09-18,61.13,61.31,60.14,60.15,3597100
BALL,2026-09-21,60.57,60.81,59.71,59.71,2049300
BALL,2026-09-22,61.24,60.64,59.85,59.97,1748045
BALL,2026-09-23,59.71,59.8,58.64,58.82,2091300
BALL,2026-09-24,58.49,59.0,56.52,56.66,2510200
BALL,2026-09-25,56.75,57.22,56.3,56.83,1948300
BALL,2026-09-28,56.45,57.55,56.0,57.13,2014300
BALL,2026-09-29,56.81,57.05,56.1,56.65,1566200
BALL,2026-09-30,56.7,56.89,56.02,56.03,1951400
BALL,2026-10-01,55.73,56.74,55.11,56.5,3375200
BALL,2026-10-02,56.87,57.22,56.34,56.37,1864000
BALL,2026-10-05,56.23,57.5,55.91,57.11,2151500
BALL,2026-10-06,57.27,57.97,57.05,57.43,1805600
BAX,2026-09-17,23.7,23.74,22.98,23.02,6614700
BAX,2026-09-18,23.05,23.16,22.71,22.8,9968200
BAX,2026-09-21,22.99,23.08,22.56,22.93,11747700
BAX,2026-09-22,23.21,23.86,23.26,23.68,7303250
BAX,2026-09-23,23.59,24.3,23.45,23.49,9441600
BAX,2026-09-24,23.48,23.76,23.2,23.48,7346000
BAX,2026-09-25,23.43,23.71,23.2,23.37,6569000
BAX,2026-09-28,23.21,23.82,23.11,23.49,6171500
BAX,2026-09-29,23.29,23.72,23.15,23.48,6685700
BAX,2026-09-30,23.5,24.1,23.37,24.0,8727000
BAX,2026-10-01,23.95,24.04,23.48,23.64,7381000
BAX,2026-10-02,23.84,23.85,23.4,23.49,4808300
BAX,2026-10-05,23.46,24.29,23.24,24.22,10163100
BAX,2026-10-06,24.32,24.42,23.92,24.36,6523500
BBY,2026-09-17,92.74,95.85,92.59,94.56,3816300
BBY,2026-09-18,94.19,94.53,92.8,92.85,5108800
BBY,2026-09-21,92.76,94.34,92.58,93.22,2630700
BBY,2026-09-22,94.42,95.66,94.39,94.82,2546133
BBY,2026-09-23,95.27,96.53,90.12,90.8,4863000
BBY,2026-09-24,91.67,92.8,89.95,91.0,3374700
BBY,2026-09-25,89.71,91.2,88.63,90.51,2486100
BBY,2026-09-28,89.06,90.45,88.12,89.91,2665200
BBY,2026-09-29,89.53,89.85,87.42,88.75,2602500
BBY,2026-09-30,90.15,90.55,87.42,88.24,2647800
BBY,2026-10-01,87.21,88.51,86.1,87.7,3420900
BBY,2026-10-02,87.98,89.04,87.41,87.97,2187500
BBY,2026-10-05,88.06,88.38,86.14,87.39,2925900
BBY,2026-10-06,87.05,87.41,84.81,84.85,3216900
BDX,2026-09-17,182.71,184.34,181.27,181.38,1839800
BDX,2026-09-18,179.76,182.62,179.42,180.94,6414800
BDX,2026-09-21,181.25,181.53,179.98,180.7,1461500
BDX,2026-09-22,182.4,183.83,180.75,183.0,1425126
BDX,2026-09-23,182.1,184.37,181.31,182.52,1022800
BDX,2026-09-24,182.73,183.72,178.98,179.23,1404800
BDX,2026-09-25,179.22,183.92,177.87,183.82,1472800
BDX,2026-09-28,183.07,184.34,181.95,183.83,1878500
BDX,2026-09-29,182.51,182.95,180.09,181.97,1534700
BDX,2026-09-30,181.19,182.34,178.91,179.0,1798600
BDX,2026-10-01,179.11,179.67,177.02,178.07,1287900
BDX,2026-10-02,177.46,178.13,175.71,176.8,1865300
BDX,2026-10-05,176.58,180.9,176.04,180.67,1645000
BDX,2026-10-06,183.35,187.45,180.12,180.3,2053200
BE,2026-09-21,270.0,282.0,265.36,272.89,14507600
BE,2026-09-22,274.16,284.25,269.0,276.53,10554045
BE,2026-09-23,276.96,282.64,271.02,275.19,8169300
BE,2026-09-24,256.0,269.34,251.3,266.65,18049900
BE,2026-09-25,269.91,292.72,264.01,288.7,17334300
BE,2026-09-28,282.51,286.26,259.46,262.87,15522000
BE,2026-09-29,272.82,302.35,271.2,291.25,23655000
BE,2026-09-30,296.06,300.46,276.9,276.98,14852300
BE,2026-10-01,284.62,287.15,272.38,277.58,11480600
BE,2026-10-02,284.0,297.59,283.1,289.15,12862400
BE,2026-10-05,289.99,291.96,282.34,286.65,7481800
BE,2026-10-06,295.25,300.8,285.64,295.78,12308900
BEN,2026-09-17,33.19,33.39,32.78,33.07,2325600
BEN,2026-09-18,32.96,33.24,32.67,33.01,7454300
BEN,2026-09-21,33.5,33.71,33.03,33.64,4988600
BEN,2026-09-22,33.77,33.79,32.65,33.13,4753911
BEN,2026-09-23,32.9,33.31,32.67,32.71,6780600
BEN,2026-09-24,32.63,32.79,32.15,32.55,4861300
BEN,2026-09-25,32.73,33.23,32.53,33.02,3649900
BEN,2026-09-28,32.86,32.9,32.1,32.68,3694400
BEN,2026-09-29,32.65,32.89,32.22,32.67,3325100
BEN,2026-09-30,32.36,32.38,31.98,32.12,4526500
BEN,2026-10-01,32.05,32.5,31.56,32.5,5302300
BEN,2026-10-02,32.78,33.27,32.76,32.81,5056500
BEN,2026-10-05,32.8,33.28,32.3,32.88,3449500
BEN,2026-10-06,32.98,33.08,32.42,32.44,4848000
BG,2026-09-17,115.13,120.41,114.0,119.31,2208200
BG,2026-09-18,118.83,119.56,114.82,115.58,6775500
BG,2026-09-21,115.5,117.15,112.0,112.61,1583000
BG,2026-09-22,112.41,113.56,109.98,110.0,2038594
BG,2026-09-23,111.16,112.62,109.76,111.48,1946900
BG,2026-09-24,112.0,112.52,109.8,110.21,1433500
BG,2026-09-25,109.5,111.31,108.2,109.0,2004600
BG,2026-09-28,109.49,110.25,108.5,109.06,1769400
BG,2026-09-29,107.67,109.31,107.4,108.14,979800
BG,2026-09-30,108.27,109.2,106.89,106.95,1113000
BG,2026-10-01,106.65,107.24,104.04,106.61,2969700
BG,2026-10-02,105.85,107.48,104.04,106.72,2009900
BG,2026-10-05,106.06,107.8,104.33,107.32,1835300
BG,2026-10-06,106.86,108.1,106.03,107.33,916400
BIIB,2026-09-17,217.68,219.41,215.33,219.05,836700
BIIB,2026-09-18,219.05,220.17,215.26,215.5,2634700
BIIB,2026-09-21,216.14,221.92,214.59,219.07,928500
BIIB,2026-09-22,219.22,226.38,219.0,225.36,1111133
BIIB,2026-09-23,226.94,229.19,222.36,227.53,1494300
BIIB,2026-09-24,226.8,228.72,224.31,226.36,1034600
BIIB,2026-09-25,228.27,228.92,223.76,227.6,958000
BIIB,2026-09-28,225.87,230.49,225.51,228.69,1316600
BIIB,2026-09-29,227.02,229.41,224.45,227.07,1161200
BIIB,2026-09-30,227.23,229.36,225.51,225.88,1553300
BIIB,2026-10-01,225.5,228.31,222.5,222.82,1755300
BIIB,2026-10-02,222.98,224.08,219.81,219.88,779900
BIIB,2026-10-05,219.9,223.85,218.22,223.59,951300
BIIB,2026-10-06,224.53,225.97,218.0,222.89,1008100
BKNG,2026-09-17,173.55,173.55,168.37,170.52,7449800
BKNG,2026-09-18,169.15,169.93,166.9,167.9,18442600
BKNG,2026-09-21,167.27,170.18,166.1,168.52,6963800
BKNG,2026-09-22,172.1,173.29,160.59,164.22,14252929
BKNG,2026-09-23,162.74,162.74,155.37,155.9,13865300
BKNG,2026-09-24,157.05,159.25,155.38,157.41,9491200
BKNG,2026-09-25,158.2,164.59,158.2,163.95,8914300
BKNG,2026-09-28,162.63,166.19,160.75,163.87,8233800
BKNG,2026-09-29,163.68,164.18,161.0,162.34,5895700
BKNG,2026-09-30,162.65,166.02,160.98,162.91,8378000
BKNG,2026-10-01,163.47,165.15,159.61,160.28,6646200
BKNG,2026-10-02,161.23,162.24,158.38,159.02,7624300
BKNG,2026-10-05,158.67,158.8,154.06,158.33,8342100
BKNG,2026-10-06,158.54,160.5,155.34,157.63,6967200
BKR,2026-09-17,56.73,56.98,55.91,56.57,9393700
BKR,2026-09-18,56.35,57.57,56.06,57.25,21047900
BKR,2026-09-21,57.17,58.2,56.6,57.83,7973700
BKR,2026-09-22,57.03,57.56,56.57,57.26,9237129
BKR,2026-09-23,57.26,58.16,57.0,58.03,8651100
BKR,2026-09-24,58.08,58.44,57.15,57.29,7082700
BKR,2026-09-25,56.89,57.9,56.75,57.83,6521800
BKR,2026-09-28,58.06,58.19,57.09,57.12,7088800
BKR,2026-09-29,56.66,56.85,55.89,55.92,5486100
BKR,2026-09-30,56.19,56.47,54.79,54.9,8378500
BKR,2026-10-01,54.55,56.07,54.35,55.62,6572900
BKR,2026-10-02,55.53,56.32,55.3,56.0,4222600
BKR,2026-10-05,56.0,57.97,55.73,57.38,6663900
BKR,2026-10-06,57.19,57.61,56.15,57.13,4548700
BLDR,2026-09-17,61.45,61.82,57.31,57.68,3389800
BLDR,2026-09-18,57.27,58.91,56.56,58.12,27089800
BLK,2026-09-17,1052.06,1061.11,1047.6,1053.96,586400
BLK,2026-09-18,1047.14,1070.11,1041.91,1069.78,1086200
BLK,2026-09-21,1080.0,1091.18,1064.9,1090.27,512400
BLK,2026-09-22,1089.94,1093.06,1065.05,1066.66,499214
BLK,2026-09-23,1055.94,1073.36,1055.94,1060.89,460700
BLK,2026-09-24,1059.67,1073.77,1053.49,1073.45,501200
BLK,2026-09-25,1076.22,1087.83,1066.53,1086.31,513500
BLK,2026-09-28,1076.99,1083.0,1063.2,1071.25,517800
BLK,2026-09-29,1069.33,1075.88,1061.72,1067.94,352200
BLK,2026-09-30,1067.34,1071.92,1057.48,1058.29,551100
BLK,2026-10-01,1060.52,1072.84,1053.14,1064.36,524500
BLK,2026-10-02,1075.42,1089.37,1058.23,1059.63,565800
BLK,2026-10-05,1056.3,1074.45,1040.42,1066.45,610500
BLK,2026-10-06,1079.01,1086.45,1069.42,1079.42,539100
BMY,2026-09-17,64.08,64.35,62.52,62.84,12211300
BMY,2026-09-18,62.71,63.07,62.19,63.06,36831800
BMY,2026-09-21,63.09,63.4,62.62,62.62,6837900
BMY,2026-09-22,62.73,63.08,62.04,62.25,13520751
BMY,2026-09-23,62.31,62.65,61.08,61.15,15842800
BMY,2026-09-24,61.4,61.59,60.6,61.5,14901900
BMY,2026-09-25,61.75,62.91,61.4,62.86,10672800
BMY,2026-09-28,62.77,63.93,62.3,63.88,13394700
BMY,2026-09-29,63.58,63.89,61.95,62.86,15835700
BMY,2026-09-30,63.28,64.13,62.4,62.4,15867300
BMY,2026-10-01,62.2,62.61,61.25,61.46,10768200
BMY,2026-10-02,60.66,61.24,60.24,61.15,9933500
BMY,2026-10-05,59.89,60.15,58.33,58.81,19237900
BMY,2026-10-06,58.94,59.6,58.64,59.59,9885400
BNY,2026-09-17,154.52,155.0,151.93,153.02,5979800
BNY,2026-09-18,152.26,153.9,151.78,153.79,8457000
BNY,2026-09-21,155.19,155.48,153.24,153.89,3645600
BNY,2026-09-22,153.12,153.14,148.88,150.17,6119199
BNY,2026-09-23,149.51,152.28,149.21,149.51,3786100
BNY,2026-09-24,149.54,150.43,148.91,150.19,3544500
BNY,2026-09-25,150.45,151.35,148.51,150.15,3652600
BNY,2026-09-28,149.57,149.87,147.8,148.44,2990200
BNY,2026-09-29,148.65,148.79,146.28,146.98,4216900
BNY,2026-09-30,146.86,147.48,144.63,144.63,4419300
BNY,2026-10-01,143.66,144.35,140.91,143.92,6292600
BNY,2026-10-02,144.55,145.9,143.69,145.4,2901200
BNY,2026-10-05,145.6,145.65,143.32,143.75,3861700
BNY,2026-10-06,144.11,144.84,142.76,143.73,2352700
BR,2026-09-17,166.64,167.24,164.21,164.31,860000
BR,2026-09-18,163.54,164.93,162.29,163.13,3277700
BR,2026-09-21,163.99,165.05,162.3,164.62,1078700
BR,2026-09-22,166.77,166.04,162.2,163.02,770098
BR,2026-09-23,162.62,165.29,161.83,163.45,824500
BR,2026-09-24,163.74,165.29,161.75,162.66,963100
BR,2026-09-25,162.1,165.77,161.6,163.77,838700
BR,2026-09-28,162.01,163.85,160.71,162.92,836800
BR,2026-09-29,161.35,162.62,159.93,160.95,907900
BR,2026-09-30,160.8,161.96,160.52,161.1,1051900
BR,2026-10-01,163.1,164.55,161.01,161.15,653600
BR,2026-10-02,161.15,161.15,156.86,156.93,743100
BR,2026-10-05,156.72,159.08,155.68,159.08,702100
BR,2026-10-06,157.52,160.49,157.52,158.66,569500
BRO,2026-09-17,67.16,67.16,64.87,65.12,2188800
BRO,2026-09-18,64.66,65.83,64.4,65.02,5677900
BRO,2026-09-21,65.11,65.73,64.14,64.3,2328300
BRO,2026-09-22,64.65,64.6,61.45,62.44,3719313
BRO,2026-09-23,61.41,62.48,61.41,61.7,2486100
BRO,2026-09-24,62.11,62.43,60.17,60.33,1810400
BRO,2026-09-25,60.14,61.72,60.14,60.82,1999600
BRO,2026-09-28,60.78,60.91,60.07,60.24,1800400
BRO,2026-09-29,59.6,60.66,59.01,60.6,2478600
BRO,2026-09-30,60.52,61.08,60.36,60.9,1989200
BRO,2026-10-01,61.51,62.24,61.38,61.77,2804800
BRO,2026-10-02,61.36,62.06,59.82,59.91,2520300
BRO,2026-10-05,59.74,61.05,59.3,60.93,2263000
BRO,2026-10-06,60.71,61.41,60.38,60.97,1196600
BSX,2026-09-17,43.47,43.66,42.95,43.55,32563700
BSX,2026-09-18,43.08,43.9,43.05,43.34,29262100
BSX,2026-09-21,42.98,43.81,42.72,43.72,24995400
BSX,2026-09-22,44.7,45.08,44.04,44.92,21022921
BSX,2026-09-23,45.0,45.74,43.99,44.62,18564400
BSX,2026-09-24,44.65,45.16,44.46,44.68,17296200
BSX,2026-09-25,44.68,44.84,43.33,43.92,15205400
BSX,2026-09-28,43.91,44.15,43.17,44.11,21764200
BSX,2026-09-29,44.15,44.3,43.22,43.88,14603500
BSX,2026-09-30,43.74,43.97,43.3,43.65,17967400
BSX,2026-10-01,43.51,43.96,42.95,43.23,17931800
BSX,2026-10-02,43.32,43.44,41.94,42.6,18301900
BSX,2026-10-05,42.53,43.3,42.29,42.4,13737400
BSX,2026-10-06,42.47,42.75,42.0,42.19,12545600
BX,2026-09-17,126.0,126.58,124.13,125.41,3222900
BX,2026-09-18,124.28,125.17,122.83,124.96,5998700
BX,2026-09-21,126.35,127.08,124.55,126.41,2865100
BX,2026-09-22,127.63,127.64,123.27,124.01,3010629
BX,2026-09-23,121.83,122.48,118.76,119.27,5702100
BX,2026-09-24,118.5,119.43,115.28,117.21,5285700
BX,2026-09-25,117.5,119.5,117.19,118.42,4498900
BX,2026-09-28,117.0,117.35,113.88,114.56,8078400
BX,2026-09-29,115.36,115.37,113.44,114.0,5827200
BX,2026-09-30,114.0,114.37,111.93,112.09,5718500
BX,2026-10-01,112.75,114.33,109.66,112.24,5953200
BX,2026-10-02,112.64,115.58,111.62,111.75,5714400
BX,2026-10-05,110.71,112.96,109.01,111.65,4776800
BX,2026-10-06,112.81,113.86,112.09,113.36,4022600
BXP,2026-09-17,64.63,64.83,63.56,63.93,1407900
BXP,2026-09-18,63.7,63.96,63.17,63.17,4821100
BXP,2026-09-21,63.64,64.32,63.3,64.13,1305200
BXP,2026-09-22,64.45,64.64,63.38,64.31,1588338
BXP,2026-09-23,64.07,64.19,62.27,62.36,1379200
BXP,2026-09-24,62.41,62.62,61.72,62.27,1256700
BXP,2026-09-25,62.27,63.59,61.99,63.4,1022100
BXP,2026-09-28,63.25,63.4,61.85,62.43,1345100
BXP,2026-09-29,63.19,63.19,61.57,61.71,1206000
BXP,2026-09-30,61.32,61.68,60.51,61.11,1224400
BXP,2026-10-01,60.82,61.14,59.79,60.24,1409600
BXP,2026-10-02,60.73,61.79,60.27,60.45,968700
BXP,2026-10-05,60.34,60.34,59.34,59.37,1458500
BXP,2026-10-06,59.55,60.2,59.27,59.79,1133500
C,2026-09-17,135.2,135.2,130.31,132.7,11699800
C,2026-09-18,132.35,133.3,131.54,131.77,20213500
C,2026-09-21,133.74,135.73,132.62,135.05,10424800
C,2026-09-22,134.87,135.07,130.71,132.47,11473730
C,2026-09-23,131.2,133.59,131.2,131.93,8735100
C,2026-09-24,131.99,132.76,130.62,132.1,8648000
C,2026-09-25,132.85,134.72,132.12,134.28,8082700
C,2026-09-28,133.68,133.96,131.06,131.31,8808500
C,2026-09-29,131.9,132.25,130.07,130.8,7605000
C,2026-09-30,130.42,131.2,129.45,129.48,9799100
C,2026-10-01,127.95,128.93,123.57,127.0,13769900
C,2026-10-02,128.35,128.72,126.81,128.5,7611000
C,2026-10-05,129.51,129.52,128.09,128.55,6602000
C,2026-10-06,129.32,130.07,127.96,128.52,9633900
CAH,2026-09-17,232.71,232.71,226.02,226.34,2260200
CAH,2026-09-18,225.29,226.12,221.7,225.38,4141000
CAH,2026-09-21,225.28,227.58,223.54,225.75,1189000
CAH,2026-09-22,227.17,228.44,221.29,222.04,2712147
CAH,2026-09-23,221.79,225.64,220.94,221.27,1215800
CAH,2026-09-24,222.08,225.37,221.95,222.62,3480800
CAH,2026-09-25,222.0,223.02,219.1,220.22,2092900
CAH,2026-09-28,219.37,221.97,218.9,220.29,2174300
CAH,2026-09-29,218.54,224.01,216.7,223.91,973600
CAH,2026-09-30,223.66,226.49,222.07,222.5,1944800
CAH,2026-10-01,227.55,235.95,227.4,230.09,1913200
CAH,2026-10-02,229.54,231.1,224.45,228.3,1859500
CAH,2026-10-05,229.11,234.18,228.59,233.12,1721700
CAH,2026-10-06,233.69,235.19,231.64,233.44,1149600
CARR,2026-09-17,55.55,55.99,53.76,54.39,6152500
CARR,2026-09-18,54.63,54.86,52.96,53.88,21417100
CARR,2026-09-21,54.46,54.91,53.9,54.62,6875300
CARR,2026-09-22,55.18,55.58,54.85,55.26,8168273
CARR,2026-09-23,54.81,55.74,54.74,55.1,5305600
CARR,2026-09-24,54.75,55.21,54.4,54.87,5048700
CARR,2026-09-25,55.22,56.79,55.1,56.37,7024500
CARR,2026-09-28,56.04,56.25,54.64,55.87,5505200
CARR,2026-09-29,55.89,56.07,55.1,55.38,6387000
CARR,2026-09-30,55.55,55.75,54.75,54.86,6443800
CARR,2026-10-01,54.82,55.24,54.0,55.22,7430300
CARR,2026-10-02,56.05,56.19,54.9,55.12,5767700
CARR,2026-10-05,54.84,55.94,54.35,55.73,4902200
CARR,2026-10-06,55.95,56.71,55.62,56.1,3694800
CASY,2026-09-17,591.04,612.3,588.03,607.45,623200
CASY,2026-09-18,608.16,609.1,596.83,597.48,1084700
CASY,2026-09-21,591.0,597.93,584.16,585.34,646700
CASY,2026-09-22,585.34,588.0,576.1,584.83,749975
CASY,2026-09-23,584.81,609.25,575.1,597.31,1023300
CASY,2026-09-24,601.95,604.0,594.61,598.85,612000
CASY,2026-09-25,598.45,600.13,589.56,598.46,509500
CASY,2026-09-28,601.23,615.95,596.52,606.24,807100
CASY,2026-09-29,606.24,607.54,595.83,599.9,441700
CASY,2026-09-30,602.87,613.16,599.07,608.46,608400
CASY,2026-10-01,609.68,622.0,601.0,619.5,690900
CASY,2026-10-02,622.01,626.16,609.37,617.76,608700
CASY,2026-10-05,617.37,619.05,600.31,617.33,606600
CASY,2026-10-06,620.04,633.37,612.83,620.8,643600
CAT,2026-09-17,813.95,813.95,795.0,798.57,2429600
CAT,2026-09-18,800.79,809.49,799.57,808.99,4786800
CAT,2026-09-21,827.0,827.81,805.24,816.5,1867300
CAT,2026-09-22,806.06,812.46,802.61,808.01,2061499
CAT,2026-09-23,803.97,816.76,798.53,812.02,2788700
CAT,2026-09-24,798.87,809.14,794.2,805.25,2197800
CAT,2026-09-25,816.34,823.0,809.05,821.58,1978200
CAT,2026-09-28,821.05,827.57,808.2,819.95,2174700
CAT,2026-09-29,826.53,829.74,815.5,826.64,2313400
CAT,2026-09-30,828.5,831.95,810.07,810.79,1959800
CAT,2026-10-01,810.58,833.62,802.44,826.35,2153800
CAT,2026-10-02,840.8,858.87,836.46,845.42,2385400
CAT,2026-10-05,843.17,857.85,821.77,848.14,2300100
CAT,2026-10-06,853.0,876.95,851.47,863.44,1971400
CB,2026-09-17,341.79,342.65,337.24,341.9,1493900
CB,2026-09-18,339.41,341.74,338.29,340.64,4324100
CB,2026-09-21,339.65,341.34,337.23,337.26,934000
CB,2026-09-22,336.28,337.64,333.14,335.77,1423371
CB,2026-09-23,336.0,339.66,334.25,335.21,1820600
CB,2026-09-24,337.31,339.06,334.74,334.84,1170800
CB,2026-09-25,335.24,335.54,332.78,333.37,1522400
CB,2026-09-28,333.84,334.25,329.68,331.37,2662700
CB,2026-09-29,329.31,332.42,328.14,332.08,1211200
CB,2026-09-30,330.92,330.99,325.23,325.25,1430000
CB,2026-10-01,325.25,331.87,325.0,331.3,1368200
CB,2026-10-02,330.71,332.01,328.35,330.89,1986800
CB,2026-10-05,330.69,332.8,328.81,330.49,2715600
CB,2026-10-06,330.1,336.0,329.45,334.21,1277200
CBOE,2026-09-17,267.2,268.41,264.91,266.67,730600
CBOE,2026-09-18,270.13,273.82,265.17,272.86,1873600
CBOE,2026-09-21,271.38,275.76,268.65,271.43,1028600
CBOE,2026-09-22,269.81,272.29,264.73,266.83,977694
CBOE,2026-09-23,265.25,273.34,265.25,268.87,830200
CBOE,2026-09-24,268.87,270.53,265.76,267.57,535300
CBOE,2026-09-25,265.19,268.0,253.45,258.03,1314700
CBOE,2026-09-28,257.75,258.5,252.82,253.26,818900
CBOE,2026-09-29,279.54,282.0,259.36,261.75,2569100
CBOE,2026-09-30,263.12,278.34,263.11,275.29,2288000
CBOE,2026-10-01,273.94,283.54,273.94,277.19,1467600
CBOE,2026-10-02,278.93,280.33,269.54,271.26,1152000
CBOE,2026-10-05,278.35,281.51,266.32,277.47,1363300
CBOE,2026-10-06,276.88,281.38,271.6,278.2,854500
CBRE,2026-09-17,140.92,142.23,139.01,139.32,1843400
CBRE,2026-09-18,137.36,139.95,137.36,139.5,4456500
CBRE,2026-09-21,141.45,143.6,140.73,143.21,1995000
CBRE,2026-09-22,144.53,144.57,139.69,141.05,1578123
CBRE,2026-09-23,139.5,140.63,135.32,136.41,2374400
CBRE,2026-09-24,136.74,138.72,135.45,136.53,2384700
CBRE,2026-09-25,136.61,137.87,134.47,134.55,1980400
CBRE,2026-09-28,133.33,133.33,128.62,130.35,2640100
CBRE,2026-09-29,129.41,131.26,129.29,130.84,2419500
CBRE,2026-09-30,130.96,131.84,128.33,128.47,2608600
CBRE,2026-10-01,129.0,131.17,127.19,130.53,1905500
CBRE,2026-10-02,132.52,134.52,129.47,129.58,1903600
CBRE,2026-10-05,129.52,130.77,128.6,129.4,2003500
CBRE,2026-10-06,129.84,131.87,128.96,130.66,2656500
CCI,2026-09-17,73.87,74.11,72.8,73.74,3720700
CCI,2026-09-18,73.49,73.94,72.47,73.06,7108000
CCI,2026-09-21,73.34,73.84,72.84,73.22,3142200
CCI,2026-09-22,73.29,74.11,72.22,72.37,3024611
CCI,2026-09-23,71.85,72.47,70.08,70.23,2905900
CCI,2026-09-24,70.23,70.4,67.54,67.63,4595800
CCI,2026-09-25,67.63,68.09,66.83,67.84,3135500
CCI,2026-09-28,67.68,67.82,66.17,67.1,3164200
CCI,2026-09-29,67.0,67.67,66.35,67.07,3631400
CCI,2026-09-30,67.5,68.0,66.13,66.65,3866400
CCI,2026-10-01,66.87,67.01,65.68,66.12,3549400
CCI,2026-10-02,66.29,68.18,65.83,66.44,2960700
CCI,2026-10-05,66.23,67.62,65.32,67.58,3257900
CCI,2026-10-06,67.87,68.7,67.54,68.28,2757700
CCL,2026-09-17,22.7,22.95,22.15,22.17,18254200
CCL,2026-09-18,22.14,22.21,21.81,21.84,27226800
CCL,2026-09-21,22.34,22.45,22.04,22.31,18218800
CCL,2026-09-22,23.19,23.34,22.13,22.28,40549064
CCL,2026-09-23,22.08,22.16,21.52,21.8,28755600
CCL,2026-09-24,21.51,22.16,21.45,21.79,28492900
CCL,2026-09-25,21.96,22.67,21.69,22.25,22083100
CCL,2026-09-28,21.85,22.66,21.85,22.14,31165600
CCL,2026-09-29,24.39,25.29,24.0,25.11,75431200
CCL,2026-09-30,25.39,25.48,24.54,24.54,35988600
CCL,2026-10-01,24.66,25.17,24.52,25.07,26473400
CCL,2026-10-02,25.59,25.9,25.22,25.76,27424200
CCL,2026-10-05,25.89,25.94,25.34,25.56,22051800
CCL,2026-10-06,25.94,26.71,25.82,26.58,23948100
CDNS,2026-09-17,285.55,285.55,278.3,280.76,2095500
CDNS,2026-09-18,281.93,284.98,280.49,282.9,4132300
CDNS,2026-09-21,285.73,295.8,283.39,294.9,2341900
CDNS,2026-09-22,298.65,303.85,294.0,302.95,2813590
CDNS,2026-09-23,305.63,315.7,305.63,309.09,3589300
CDNS,2026-09-24,306.39,322.49,305.2,322.0,2474800
CDNS,2026-09-25,324.97,330.81,322.78,326.13,2697000
CDNS,2026-09-28,319.0,329.35,317.89,326.7,1983200
CDNS,2026-09-29,321.2,324.25,314.0,324.17,2632600
CDNS,2026-09-30,322.49,335.0,321.01,330.19,2969700
CDNS,2026-10-01,339.36,355.03,337.85,350.73,3283900
CDNS,2026-10-02,356.5,356.51,341.76,351.35,2098000
CDNS,2026-10-05,354.72,360.15,352.0,353.48,1952000
CDNS,2026-10-06,355.14,361.91,354.27,359.55,1594800
CDW,2026-09-17,150.71,151.5,148.45,149.2,1259200
CDW,2026-09-18,149.2,149.2,144.69,146.19,2865800
CDW,2026-09-21,147.23,148.79,143.67,146.41,1877800
CDW,2026-09-22,148.72,150.34,145.05,147.43,1846881
CDW,2026-09-23,148.58,150.34,145.81,146.16,1005200
CDW,2026-09-24,143.93,144.01,138.5,139.46,1567400
CDW,2026-09-25,140.0,141.45,135.33,135.43,1206400
CDW,2026-09-28,134.0,134.64,128.67,130.33,1610400
CDW,2026-09-29,129.28,132.0,128.77,129.71,1271400
CDW,2026-09-30,129.61,130.68,127.77,128.16,1056500
CDW,2026-10-01,130.14,138.48,130.04,135.83,1654400
CDW,2026-10-02,135.83,136.82,132.12,133.29,1330100
CDW,2026-10-05,133.12,137.37,132.4,133.92,1097600
CDW,2026-10-06,133.81,136.03,132.91,135.67,713200
CEG,2026-09-17,264.87,269.4,259.32,262.8,3418600
CEG,2026-09-18,260.25,262.42,254.56,254.71,6538500
CEG,2026-09-21,256.38,265.85,250.55,262.11,3398800
CEG,2026-09-22,263.67,266.27,259.61,263.46,2420400
CEG,2026-09-23,261.92,264.23,258.11,263.88,2983100
CEG,2026-09-24,261.7,263.83,258.5,261.62,1685900
CEG,2026-09-25,262.0,266.38,260.43,263.27,1928800
CEG,2026-09-28,261.75,262.66,257.38,260.43,2060900
CEG,2026-09-29,261.73,270.11,261.22,264.58,1879900
CEG,2026-09-30,261.73,263.71,247.2,254.02,4407100
CEG,2026-10-01,261.51,271.0,256.24,258.92,4212100
CEG,2026-10-02,263.79,265.69,249.05,257.49,3670500
CEG,2026-10-05,259.51,271.19,257.7,267.62,3520100
CEG,2026-10-06,291.11,309.8,291.0,300.4,13463900
CF,2026-09-17,130.28,134.5,130.0,133.82,1508700
CF,2026-09-18,132.72,132.86,127.51,127.7,4627900
CF,2026-09-21,126.59,127.65,122.21,123.27,3215800
CF,2026-09-22,122.01,122.4,118.29,120.59,3843281
CF,2026-09-23,121.7,122.61,120.46,120.64,1999500
CF,2026-09-24,121.96,122.19,117.77,118.44,1979900
CF,2026-09-25,117.83,117.98,114.38,114.67,2271700
CF,2026-09-28,117.3,117.69,114.68,115.51,2854000
CF,2026-09-29,114.83,117.62,114.03,115.71,2540100
CF,2026-09-30,115.66,117.73,115.09,115.2,2121900
CF,2026-10-01,114.33,115.76,111.83,114.54,2476400
CF,2026-10-02,113.84,116.16,112.92,115.01,1891800
CF,2026-10-05,115.49,118.16,114.28,116.02,2089300
CF,2026-10-06,115.5,116.96,115.0,116.02,2462700
CFG,2026-09-17,67.99,68.35,66.71,67.39,3263000
CFG,2026-09-18,67.12,67.46,66.6,67.04,5599300
CFG,2026-09-21,67.0,67.68,66.95,67.36,3171700
CFG,2026-09-22,67.5,67.61,65.37,65.49,4887333
CFG,2026-09-23,65.0,65.74,64.54,64.61,4702300
CFG,2026-09-24,64.77,64.89,63.85,64.73,4280300
CFG,2026-09-25,65.03,65.77,64.69,65.53,3852400
CFG,2026-09-28,65.38,65.39,64.64,64.8,3577600
CFG,2026-09-29,64.69,65.09,63.56,63.89,4454800
CFG,2026-09-30,63.98,64.33,63.59,63.76,4461100
CFG,2026-10-01,63.28,63.72,61.78,63.7,6319200
CFG,2026-10-02,64.05,64.62,63.84,64.33,4992000
CFG,2026-10-05,64.34,64.97,63.92,64.31,3488800
CFG,2026-10-06,64.41,64.76,63.73,64.09,4236900
CHD,2026-09-17,95.98,96.28,94.97,95.05,1616800
CHD,2026-09-18,94.01,95.39,94.01,94.75,2265800
CHD,2026-09-21,94.55,95.74,94.36,95.49,1928500
CHD,2026-09-22,96.29,96.66,95.81,96.12,1610660
CHD,2026-09-23,96.12,96.86,95.69,96.02,1147900
CHD,2026-09-24,96.37,97.04,95.27,95.33,1251900
CHD,2026-09-25,95.31,96.78,94.9,96.38,997600
CHD,2026-09-28,95.8,95.97,94.8,95.62,1512300
CHD,2026-09-29,95.05,95.74,94.54,94.95,2250900
CHD,2026-09-30,95.44,95.84,94.22,94.22,2383800
CHD,2026-10-01,93.8,94.43,93.33,94.11,2512300
CHD,2026-10-02,94.41,94.98,93.93,94.31,2181900
CHD,2026-10-05,94.64,95.96,94.24,95.66,2011500
CHD,2026-10-06,96.13,97.42,95.98,96.54,1409800
CHRW,2026-09-17,154.5,154.7,151.6,153.82,1102800
CHRW,2026-09-18,153.5,153.85,151.98,152.99,2042500
CHRW,2026-09-21,153.66,154.98,149.95,152.84,1397900
CHRW,2026-09-22,153.19,154.12,148.04,149.56,2586934
CHRW,2026-09-23,149.81,151.4,147.39,149.67,1267300
CHRW,2026-09-24,148.72,150.37,145.88,146.2,1495900
CHRW,2026-09-25,145.98,147.55,145.4,147.1,1152000
CHRW,2026-09-28,146.23,148.98,145.02,148.24,987100
CHRW,2026-09-29,147.59,149.83,147.21,149.71,1060600
CHRW,2026-09-30,151.74,151.88,147.79,147.96,1038300
CHRW,2026-10-01,148.18,153.94,147.76,153.14,1487900
CHRW,2026-10-02,155.06,158.35,154.29,157.72,1599300
CHRW,2026-10-05,140.51,144.75,132.05,140.61,8657100
CHRW,2026-10-06,140.83,141.0,133.31,135.05,3955300
CHTR,2026-09-17,135.72,136.23,132.42,133.37,1926900
CHTR,2026-09-18,131.23,132.15,128.05,128.17,6372400
CHTR,2026-09-21,128.84,129.37,123.25,123.35,2686100
CHTR,2026-09-22,126.0,126.48,117.06,117.26,4607507
CHTR,2026-09-23,116.75,120.65,112.65,116.61,4392400
CHTR,2026-09-24,117.02,118.53,115.01,117.55,3621300
CHTR,2026-09-25,116.03,116.76,112.5,112.91,2942900
CHTR,2026-09-28,112.75,114.62,110.35,111.4,2898100
CHTR,2026-09-29,110.41,113.78,109.96,110.67,2888900
CHTR,2026-09-30,112.05,112.93,110.0,110.9,2400500
CHTR,2026-10-01,111.39,112.57,108.65,111.37,2977600
CHTR,2026-10-02,111.26,112.83,108.3,109.29,2356400
CHTR,2026-10-05,109.09,109.36,104.91,107.77,3106300
CHTR,2026-10-06,111.67,112.87,107.79,108.64,2547700
CI,2026-09-17,280.83,281.41,275.76,276.0,1174400
CI,2026-09-18,274.86,277.72,273.74,275.28,2329600
CI,2026-09-21,275.91,275.91,272.62,274.47,1394900
CI,2026-09-22,276.85,277.92,272.73,273.74,1467204
CI,2026-09-23,273.26,274.75,267.02,268.27,1829700
CI,2026-09-24,267.9,269.33,263.76,265.5,1611900
CI,2026-09-25,266.13,273.36,265.35,272.01,1821800
CI,2026-09-28,272.48,272.49,269.05,271.83,1700600
CI,2026-09-29,269.97,276.61,269.01,275.26,1978700
CI,2026-09-30,274.03,278.88,263.36,271.83,3080100
CI,2026-10-01,275.97,275.97,262.85,267.96,1981000
CI,2026-10-02,270.03,271.4,266.0,270.53,1914100
CI,2026-10-05,270.0,273.11,266.46,271.29,1536000
CI,2026-10-06,271.72,275.82,270.0,274.37,1093400
CIEN,2026-09-17,350.6,375.7,341.93,344.25,3764100
CIEN,2026-09-18,355.87,358.0,338.25,348.8,4863900
CIEN,2026-09-21,365.05,367.62,356.46,365.96,2870500
CIEN,2026-09-22,364.31,376.74,363.14,368.56,2399231
CIEN,2026-09-23,368.64,369.0,351.53,355.91,1851600
CIEN,2026-09-24,350.4,363.46,346.56,358.43,1418900
CIEN,2026-09-25,363.0,366.43,355.01,356.91,1616900
CIEN,2026-09-28,352.42,356.99,339.33,344.19,1830200
CIEN,2026-09-29,350.16,356.21,344.8,354.92,2226000
CIEN,2026-09-30,354.92,359.98,340.52,351.82,2656100
CIEN,2026-10-01,355.19,381.0,350.68,379.14,2564300
CIEN,2026-10-02,385.0,395.96,377.03,391.34,2519400
CIEN,2026-10-05,393.77,397.47,382.5,389.69,2473900
CIEN,2026-10-06,393.58,446.37,392.0,443.65,6382800
CINF,2026-09-17,170.85,171.14,169.0,169.9,899200
CINF,2026-09-18,169.9,170.11,167.63,169.0,2356200
CINF,2026-09-21,168.3,168.99,166.76,166.85,520400
CINF,2026-09-22,166.67,167.5,164.22,165.83,639090
CINF,2026-09-23,163.88,165.61,162.38,162.57,800400
CINF,2026-09-24,163.09,164.79,162.27,162.33,606300
CINF,2026-09-25,162.99,163.33,161.17,162.54,409500
CINF,2026-09-28,162.44,163.15,161.58,161.92,395800
CINF,2026-09-29,161.5,162.43,160.28,161.13,1403000
CINF,2026-09-30,161.48,161.83,159.2,159.37,909500
CINF,2026-10-01,159.85,162.37,159.34,162.15,649500
CINF,2026-10-02,161.89,162.74,160.95,161.95,559300
CINF,2026-10-05,162.92,163.44,161.13,162.14,607300
CINF,2026-10-06,161.75,163.87,161.46,163.08,393200
CL,2026-09-17,87.31,87.74,86.77,87.73,6226900
CL,2026-09-18,87.11,87.73,86.79,87.47,10838600
CL,2026-09-21,87.26,87.27,86.03,86.26,7281300
CL,2026-09-22,87.08,87.55,86.86,87.05,7393987
CL,2026-09-23,86.77,87.4,85.77,85.93,6221300
CL,2026-09-24,86.33,87.25,85.29,85.32,4778500
CL,2026-09-25,85.09,86.14,85.05,86.06,3540200
CL,2026-09-28,85.65,86.61,85.3,86.52,4415000
CL,2026-09-29,85.84,86.51,85.58,86.46,4482600
CL,2026-09-30,86.9,87.22,85.29,85.32,4684400
CL,2026-10-01,84.79,85.19,84.33,84.53,5015300
CL,2026-10-02,84.59,84.83,83.99,84.26,6610600
CL,2026-10-05,84.51,86.36,84.33,86.19,6004700
CL,2026-10-06,86.55,88.05,86.23,87.25,4006100
CLX,2026-09-17,85.86,86.15,83.76,85.0,3927800
CLX,2026-09-18,84.07,84.71,83.09,83.1,5108000
CLX,2026-09-21,83.54,85.65,82.51,84.88,4124600
CLX,2026-09-22,86.99,87.65,86.54,87.15,3312787
CLX,2026-09-23,86.82,87.32,83.83,83.94,2276900
CLX,2026-09-24,84.28,84.51,81.73,81.8,3056600
CLX,2026-09-25,82.19,84.12,81.6,83.8,2633900
CLX,2026-09-28,82.8,83.32,80.84,81.42,3204400
CLX,2026-09-29,81.19,81.99,80.97,81.6,2703800
CLX,2026-09-30,82.44,82.51,80.84,81.01,2758600
CLX,2026-10-01,80.6,81.01,79.12,80.65,3730800
CLX,2026-10-02,81.25,81.46,79.78,80.41,2283400
CLX,2026-10-05,80.96,82.44,80.82,82.01,2793400
CLX,2026-10-06,82.94,84.73,82.37,83.52,3083400
CMCSA,2026-09-17,23.8,23.94,22.84,22.91,36258700
CMCSA,2026-09-18,22.67,22.91,22.36,22.74,64948100
CMCSA,2026-09-21,22.8,23.08,22.49,22.93,29074800
CMCSA,2026-09-22,23.07,23.13,22.35,22.42,43129053
CMCSA,2026-09-23,22.36,22.87,22.03,22.55,38887600
CMCSA,2026-09-24,22.7,22.81,22.02,22.13,35941700
CMCSA,2026-09-25,21.76,21.98,21.41,21.91,41801800
CMCSA,2026-09-28,21.92,21.97,21.5,21.79,29771100
CMCSA,2026-09-29,21.75,21.81,21.46,21.6,21436200
CMCSA,2026-09-30,21.72,22.0,21.69,21.76,34944400
CMCSA,2026-10-01,21.96,21.96,21.55,21.7,20414600
CMCSA,2026-10-02,21.92,21.92,21.4,21.57,21038100
CMCSA,2026-10-05,21.57,21.63,21.31,21.57,31087800
CMCSA,2026-10-06,21.75,21.76,21.33,21.56,23686100
CME,2026-09-17,271.24,273.23,269.45,271.15,1593800
CME,2026-09-18,271.89,277.49,270.98,276.01,3348600
CME,2026-09-21,276.38,277.74,273.87,275.53,1531800
CME,2026-09-22,273.43,274.7,266.95,267.21,1796464
CME,2026-09-23,267.51,274.17,267.39,270.8,1369800
CME,2026-09-24,270.8,271.68,268.02,268.91,1255000
CME,2026-09-25,268.72,270.77,258.87,264.48,2201500
CME,2026-09-28,266.09,268.2,262.51,263.24,1335700
CME,2026-09-29,263.52,266.94,262.78,263.22,1433500
CME,2026-09-30,261.86,264.88,260.49,261.98,1903300
CME,2026-10-01,263.93,267.82,262.6,265.1,2279200
CME,2026-10-02,265.41,265.41,260.06,263.14,1522400
CME,2026-10-05,264.67,270.17,260.35,270.03,1564800
CME,2026-10-06,269.43,272.39,266.81,270.18,1373800
CMG,2026-09-17,34.27,34.27,33.45,33.51,9599100
CMG,2026-09-18,33.61,33.61,32.86,33.43,22516500
CMG,2026-09-21,33.7,33.7,32.77,33.14,11591800
CMG,2026-09-22,33.62,33.75,32.58,32.63,11952837
CMG,2026-09-23,32.5,32.93,32.1,32.71,18153600
CMG,2026-09-24,32.57,32.94,31.65,32.01,15535000
CMG,2026-09-25,31.95,32.23,31.3,31.33,13257000
CMG,2026-09-28,31.2,33.6,31.14,31.85,31427900
CMG,2026-09-29,31.57,32.35,31.27,31.88,13882500
CMG,2026-09-30,31.95,32.12,31.54,31.95,14111100
CMG,2026-10-01,31.95,32.45,31.73,32.32,18540000
CMG,2026-10-02,32.48,32.55,31.83,32.36,15074300
CMG,2026-10-05,32.12,32.16,30.21,30.85,23566200
CMG,2026-10-06,30.76,31.46,30.61,30.9,17740000
CMI,2026-09-17,543.21,544.14,522.61,523.88,1193500
CMI,2026-09-18,524.97,532.64,522.87,532.23,1717200
CMI,2026-09-21,539.94,539.99,527.27,534.78,1017100
CMI,2026-09-22,531.0,532.29,520.98,526.13,1061896
CMI,2026-09-23,520.77,525.13,514.37,524.65,1416200
CMI,2026-09-24,519.94,524.08,515.25,521.07,1186200
CMI,2026-09-25,525.2,529.47,520.0,525.06,812000
CMI,2026-09-28,522.74,525.35,514.72,517.84,905700
CMI,2026-09-29,520.69,524.54,517.68,521.37,807500
CMI,2026-09-30,523.35,523.38,515.02,516.57,1092300
CMI,2026-10-01,515.0,525.62,507.2,517.0,1661100
CMI,2026-10-02,524.73,531.26,521.42,528.32,1045600
CMI,2026-10-05,525.41,533.16,519.01,523.37,802600
CMI,2026-10-06,527.37,540.49,525.5,535.31,785300
CMS,2026-09-17,66.25,66.57,65.79,66.2,3252300
CMS,2026-09-18,65.86,65.86,65.14,65.34,5831800
CMS,2026-09-21,65.38,65.41,64.42,64.7,2811700
CMS,2026-09-22,64.66,65.01,64.19,64.27,4443376
CMS,2026-09-23,64.04,64.04,62.93,63.15,4023700
CMS,2026-09-24,63.33,63.5,62.76,62.77,5025600
CMS,2026-09-25,62.72,63.15,62.38,62.95,3849000
CMS,2026-09-28,63.0,63.26,62.42,62.6,4128800
CMS,2026-09-29,62.29,63.5,62.29,63.45,6496400
CMS,2026-09-30,63.72,63.86,63.01,63.08,4744600
CMS,2026-10-01,62.96,63.71,62.55,63.64,5785800
CMS,2026-10-02,64.05,64.63,63.65,63.74,5152300
CMS,2026-10-05,63.83,64.58,63.37,64.03,5368600
CMS,2026-10-06,64.35,65.11,64.1,65.07,3681600
CNC,2026-09-17,66.63,67.79,65.76,67.1,5133500
CNC,2026-09-18,66.89,67.73,65.03,65.11,13444500
CNC,2026-09-21,65.19,65.58,64.56,64.99,4422800
CNC,2026-09-22,64.88,65.3,62.49,63.3,6093842
CNC,2026-09-23,63.29,63.67,61.87,62.08,3416800
CNC,2026-09-24,62.16,62.84,61.25,61.92,4571900
CNC,2026-09-25,62.09,63.67,61.73,61.82,3630400
CNC,2026-09-28,62.49,63.4,61.72,62.53,5152000
CNC,2026-09-29,61.85,62.42,61.38,62.21,4266700
CNC,2026-09-30,62.23,62.69,60.94,62.12,3580900
CNC,2026-10-01,61.82,62.29,59.46,60.99,5302600
CNC,2026-10-02,61.0,63.36,60.75,62.99,3579600
CNC,2026-10-05,63.01,64.34,62.93,64.3,4538100
CNC,2026-10-06,64.24,64.76,63.61,64.61,3661700
CNP,2026-09-17,38.44,38.64,38.11,38.56,7767400
CNP,2026-09-18,38.25,38.49,38.05,38.22,9668900
CNP,2026-09-21,38.15,38.3,37.94,37.99,4583800
CNP,2026-09-22,37.97,38.08,37.74,37.85,6689753
CNP,2026-09-23,37.71,37.71,37.04,37.16,7224100
CNP,2026-09-24,36.72,37.31,36.72,36.82,6926500
CNP,2026-09-25,36.78,36.9,36.49,36.84,6859600
CNP,2026-09-28,36.9,37.05,36.59,36.62,6036400
CNP,2026-09-29,36.54,37.06,36.37,36.94,5441300
CNP,2026-09-30,37.15,37.2,36.79,36.8,5829700
CNP,2026-10-01,36.65,37.31,36.39,37.21,8354700
CNP,2026-10-02,37.43,37.9,37.31,37.79,8756500
CNP,2026-10-05,37.84,38.21,37.51,37.75,7442000
CNP,2026-10-06,38.06,38.58,37.84,38.56,6480600
COF,2026-09-17,206.25,206.55,201.92,202.04,3403000
COF,2026-09-18,201.3,202.97,200.28,202.43,8066400
COF,2026-09-21,204.96,205.62,202.32,204.92,2922700
COF,2026-09-22,206.76,206.99,199.56,200.55,2912881
COF,2026-09-23,199.11,199.81,195.84,196.1,4938200
COF,2026-09-24,196.2,196.99,193.71,196.61,3688000
COF,2026-09-25,197.08,201.69,195.4,200.2,3902200
COF,2026-09-28,199.32,199.49,196.08,196.46,2495900
COF,2026-09-29,197.6,198.04,195.31,196.46,3063900
COF,2026-09-30,196.34,197.0,192.91,193.07,3224400
COF,2026-10-01,191.97,194.78,189.78,194.48,3743800
COF,2026-10-02,196.24,197.04,192.93,194.72,4296600
COF,2026-10-05,195.1,196.99,194.08,195.14,2489500
COF,2026-10-06,196.22,197.92,195.58,195.82,3527900
COHR,2026-09-17,302.91,312.42,290.1,295.98,6547400
COHR,2026-09-18,305.73,318.45,302.11,317.36,10161600
COHR,2026-09-21,326.48,332.86,316.64,321.52,7555100
COHR,2026-09-22,310.29,323.43,305.0,310.39,7414002
COHR,2026-09-23,312.12,312.24,298.47,300.6,5703000
COHR,2026-09-24,294.9,300.89,290.2,290.61,4983500
COHR,2026-09-25,297.92,301.77,290.28,295.83,4693700
COHR,2026-09-28,290.08,299.37,275.79,282.45,6862200
COHR,2026-09-29,289.93,302.72,285.85,292.21,5661500
COHR,2026-09-30,294.66,299.5,282.25,287.81,5339300
COHR,2026-10-01,290.0,323.23,286.42,319.19,11388900
COHR,2026-10-02,316.57,338.36,315.43,337.04,8653300
COHR,2026-10-05,340.93,341.76,326.46,333.64,5411800
COHR,2026-10-06,336.21,341.3,331.39,338.36,6415200
COIN,2026-09-17,169.8,174.22,165.73,173.97,9966500
COIN,2026-09-18,178.16,196.21,177.67,194.25,21861700
COIN,2026-09-21,205.19,208.33,200.65,201.05,14456400
COIN,2026-09-22,199.4,203.0,197.2,201.07,7229736
COIN,2026-09-23,198.0,204.5,195.64,198.13,7151900
COIN,2026-09-24,196.77,202.78,193.69,199.21,7352300
COIN,2026-09-25,199.16,199.75,192.58,195.11,6263400
COIN,2026-09-28,196.09,198.78,191.1,191.79,6678000
COIN,2026-09-29,197.53,197.63,188.14,190.02,5801900
COIN,2026-09-30,195.5,198.66,184.29,186.41,8349000
COIN,2026-10-01,186.01,192.31,185.7,189.29,5820700
COIN,2026-10-02,194.64,200.35,180.81,183.0,12833600
COIN,2026-10-05,186.91,191.78,184.12,188.22,7805000
COIN,2026-10-06,188.51,192.8,184.83,185.74,5590700
COO,2026-09-17,54.82,54.82,52.78,53.78,5693500
COO,2026-09-18,54.5,55.92,54.1,55.29,8794200
COO,2026-09-21,55.13,55.53,54.1,54.12,4185600
COO,2026-09-22,54.21,55.49,54.08,55.29,2693548
COO,2026-09-23,55.13,56.08,54.56,56.07,4136300
COO,2026-09-24,56.06,56.64,54.85,55.38,6253100
COO,2026-09-25,55.18,56.18,55.02,55.38,4453800
COO,2026-09-28,55.08,56.87,54.63,56.57,4708700
COO,2026-09-29,56.23,56.74,55.84,56.63,5404200
COO,2026-09-30,56.62,57.37,56.36,56.53,4830000
COO,2026-10-01,56.46,57.55,55.95,57.41,4897400
COO,2026-10-02,57.52,57.69,56.72,56.91,3310000
COO,2026-10-05,56.37,57.01,55.73,56.77,3948500
COO,2026-10-06,56.68,56.93,55.64,56.43,4003900
COP,2026-09-17,131.3,133.4,130.97,133.19,7329300
COP,2026-09-18,132.84,133.33,131.48,131.83,18510100
COP,2026-09-21,130.28,130.95,127.24,127.53,6155300
COP,2026-09-22,125.98,127.26,124.49,125.27,9027680
COP,2026-09-23,126.2,129.5,125.85,128.09,5059800
COP,2026-09-24,129.6,130.97,128.67,129.34,5361600
COP,2026-09-25,127.4,128.56,126.97,127.3,5083000
COP,2026-09-28,129.36,129.36,125.82,126.04,6196900
COP,2026-09-29,123.63,126.18,123.46,125.44,7506600
COP,2026-09-30,125.93,126.56,124.95,125.15,6490800
COP,2026-10-01,124.35,127.34,124.23,127.06,6070400
COP,2026-10-02,125.01,127.13,125.01,126.75,5245200
COP,2026-10-05,127.0,128.85,124.81,128.4,5707100
COP,2026-10-06,128.19,130.07,127.78,129.35,5839200
COR,2026-09-17,318.36,319.77,309.24,309.41,1098500
COR,2026-09-18,307.42,311.81,304.45,308.78,3343200
COR,2026-09-21,309.74,316.98,308.51,316.49,1049900
COR,2026-09-22,317.62,320.0,313.89,314.43,763962
COR,2026-09-23,315.51,320.24,310.71,312.28,1103000
COR,2026-09-24,313.32,316.61,309.18,309.87,1081400
COR,2026-09-25,308.95,310.89,304.31,306.92,1038500
COR,2026-09-28,306.2,307.94,302.84,303.81,1399800
COR,2026-09-29,300.0,307.62,298.21,307.6,1268400
COR,2026-09-30,306.4,306.4,295.01,300.25,1781200
COR,2026-10-01,303.18,313.02,300.77,309.78,1889600
COR,2026-10-02,308.29,310.43,302.14,309.05,1164300
COR,2026-10-05,309.43,316.06,307.87,314.93,1148100
COR,2026-10-06,314.63,316.44,311.83,316.37,817900
COST,2026-09-17,895.32,896.0,888.04,893.93,2320000
COST,2026-09-18,892.43,898.4,890.55,895.31,4175000
COST,2026-09-21,891.07,899.44,885.5,898.48,2160100
COST,2026-09-22,902.26,903.36,895.84,899.41,1978612
COST,2026-09-23,901.31,905.59,893.36,904.7,2280700
COST,2026-09-24,908.81,909.43,895.26,896.48,2874300
COST,2026-09-25,887.0,925.14,883.1,922.77,4629300
COST,2026-09-28,924.39,931.09,913.0,922.92,2420300
COST,2026-09-29,916.8,925.97,912.66,924.59,2412900
COST,2026-09-30,924.61,925.56,910.3,910.34,2218300
COST,2026-10-01,910.87,923.5,903.78,914.94,2125600
COST,2026-10-02,921.18,921.18,909.66,920.65,2024100
COST,2026-10-05,920.0,925.34,914.75,923.52,1952600
COST,2026-10-06,921.32,937.04,919.0,935.68,1899800
CPAY,2026-09-17,405.01,407.78,400.58,404.26,301800
CPAY,2026-09-18,403.21,403.21,396.39,397.76,754400
CPAY,2026-09-21,399.96,401.09,397.11,397.22,445200
CPAY,2026-09-22,400.05,400.93,388.19,392.95,559288
CPAY,2026-09-23,391.02,398.49,390.9,395.16,468200
CPAY,2026-09-24,396.31,400.42,394.92,400.32,457900
CPAY,2026-09-25,400.61,402.05,397.89,398.11,432700
CPAY,2026-09-28,395.41,399.32,391.85,396.23,492400
CPAY,2026-09-29,394.04,394.27,388.61,392.7,592800
CPAY,2026-09-30,392.42,394.1,386.23,388.6,801300
CPAY,2026-10-01,388.63,397.06,387.02,389.73,563900
CPAY,2026-10-02,391.99,397.31,388.94,394.6,576400
CPAY,2026-10-05,393.56,405.48,393.56,401.72,481400
CPAY,2026-10-06,403.53,406.95,401.63,406.79,372900
CPRT,2026-09-17,30.8,30.8,29.45,29.66,9308100
CPRT,2026-09-18,29.64,29.64,29.17,29.28,25589200
CPRT,2026-09-21,29.19,29.31,28.71,28.91,11103700
CPRT,2026-09-22,29.24,29.35,28.7,28.8,8667744
CPRT,2026-09-23,28.76,28.87,28.32,28.87,11025600
CPRT,2026-09-24,28.78,28.88,28.0,28.04,8375200
CPRT,2026-09-25,27.88,27.99,27.54,27.59,10902500
CPRT,2026-09-28,27.45,27.55,27.11,27.22,8004000
CPRT,2026-09-29,27.12,27.26,26.74,27.14,8808700
CPRT,2026-09-30,27.23,27.49,27.01,27.28,7849700
CPRT,2026-10-01,27.52,27.64,26.82,27.29,7284500
CPRT,2026-10-02,27.29,27.47,27.08,27.22,8445300
CPRT,2026-10-05,27.21,27.71,26.85,27.65,11327000
CPRT,2026-10-06,27.51,27.66,26.64,26.82,10821400
CPT,2026-09-17,101.83,101.87,100.85,100.93,962900
CPT,2026-09-18,100.56,101.03,99.1,99.12,2100300
CPT,2026-09-21,99.2,99.45,98.28,98.82,1513400
CPT,2026-09-22,99.1,100.16,98.7,99.31,861548
CPT,2026-09-23,98.73,99.69,97.62,97.68,1369100
CPT,2026-09-24,97.65,99.17,96.9,97.41,1877600
CPT,2026-09-25,97.33,98.51,96.89,98.12,1550600
CPT,2026-09-28,98.16,98.69,97.0,98.4,1450500
CPT,2026-09-29,98.19,99.19,97.63,98.46,1352300
CPT,2026-09-30,97.75,97.82,96.7,96.73,1274600
CPT,2026-10-01,96.5,96.92,95.63,96.62,1364200
CPT,2026-10-02,97.32,97.55,95.45,95.96,1053400
CPT,2026-10-05,96.01,97.62,95.51,97.37,960200
CPT,2026-10-06,97.24,99.06,97.24,97.65,948100
CRH,2026-09-17,88.5,88.95,85.47,86.7,5136100
CRH,2026-09-18,85.79,86.46,85.59,86.15,7010500
CRH,2026-09-21,86.82,87.31,85.68,87.14,4076500
CRH,2026-09-22,88.1,88.95,86.9,88.04,4378707
CRH,2026-09-23,86.59,87.0,85.05,85.23,5035800
CRH,2026-09-24,84.64,85.15,83.48,83.96,7404000
CRH,2026-09-25,83.94,85.84,83.56,85.04,5197100
CRH,2026-09-28,83.56,85.69,82.17,83.75,7738300
CRH,2026-09-29,84.48,84.78,83.06,84.53,9427600
CRH,2026-09-30,85.04,85.28,82.65,82.8,8654300
CRH,2026-10-01,82.15,83.33,80.81,81.7,5572500
CRH,2026-10-02,82.39,83.07,81.45,81.94,5441400
CRH,2026-10-05,81.29,82.95,80.13,82.65,3939900
CRH,2026-10-06,83.09,84.14,82.7,83.6,4428600
CRL,2026-09-17,280.11,285.58,274.4,281.67,809800
CRL,2026-09-18,281.26,283.0,276.0,278.06,1481200
CRL,2026-09-21,279.37,281.63,275.88,279.01,952900
CRL,2026-09-22,280.19,290.11,277.41,285.11,1107999
CRL,2026-09-23,283.85,291.09,276.64,277.33,1594200
CRL,2026-09-24,277.0,298.4,276.95,294.44,1590800
CRL,2026-09-25,293.19,295.23,287.23,292.84,838300
CRL,2026-09-28,289.13,296.88,289.13,294.59,900000
CRL,2026-09-29,294.71,298.2,289.38,295.96,661400
CRL,2026-09-30,296.97,298.98,293.46,295.01,794100
CRL,2026-10-01,291.86,297.0,284.61,286.83,823000
CRL,2026-10-02,287.91,290.61,285.75,290.19,443500
CRL,2026-10-05,292.05,312.26,292.02,310.77,1305600
CRL,2026-10-06,319.8,333.3,300.01,304.96,1923100
CRM,2026-09-17,244.18,247.0,241.52,242.85,16590200
CRM,2026-09-18,244.25,244.25,236.55,237.92,21947900
CRM,2026-09-21,239.8,241.34,236.25,236.42,10563800
CRM,2026-09-22,241.5,242.42,229.81,233.28,11888034
CRM,2026-09-23,234.42,241.12,234.24,237.58,12353500
CRM,2026-09-24,240.64,242.09,237.0,238.22,11060900
CRM,2026-09-25,237.03,239.37,233.38,234.02,8735500
CRM,2026-09-28,224.97,230.57,221.18,227.27,10263200
CRM,2026-09-29,227.27,228.98,223.43,225.31,13506300
CRM,2026-09-30,225.4,233.76,224.43,229.57,11228200
CRM,2026-10-01,235.28,239.45,230.75,236.69,9571200
CRM,2026-10-02,238.11,239.0,233.17,234.69,7901800
CRM,2026-10-05,234.43,235.02,227.81,229.79,6365500
CRM,2026-10-06,231.75,233.0,222.89,224.99,7296800
CRWD,2026-09-17,236.04,250.32,233.19,245.7,12331300
CRWD,2026-09-18,246.98,247.5,234.9,237.65,19433100
CRWD,2026-09-21,231.62,250.31,230.85,249.35,13361300
CRWD,2026-09-22,248.11,250.8,244.71,250.06,8910115
CRWD,2026-09-23,251.99,263.19,248.51,262.49,13203900
CRWD,2026-09-24,261.77,263.87,258.53,259.67,8385900
CRWD,2026-09-25,259.53,259.86,251.54,252.13,7630500
CRWD,2026-09-28,248.91,260.68,246.51,259.25,8944100
CRWD,2026-09-29,257.19,267.69,255.76,262.74,7059400
CRWD,2026-09-30,264.27,268.95,261.58,264.75,8778600
CRWD,2026-10-01,263.61,269.3,259.3,266.09,6947000
CRWD,2026-10-02,269.5,273.54,267.67,270.04,5848300
CRWD,2026-10-05,271.25,274.23,268.33,272.67,4833300
CRWD,2026-10-06,278.0,286.99,276.0,278.86,7929500
CSCO,2026-09-17,109.72,111.44,109.32,110.24,16153200
CSCO,2026-09-18,110.35,110.81,108.09,109.51,41260700
CSCO,2026-09-21,109.81,111.5,108.83,111.46,21543500
CSCO,2026-09-22,110.28,110.43,104.51,106.44,32333308
CSCO,2026-09-23,106.22,106.88,105.91,106.43,17630900
CSCO,2026-09-24,105.65,107.06,105.06,106.97,32360400
CSCO,2026-09-25,106.99,108.64,106.53,106.7,19950000
CSCO,2026-09-28,106.52,107.68,105.98,106.74,19356400
CSCO,2026-09-29,107.27,107.4,106.06,106.94,11732700
CSCO,2026-09-30,107.03,108.67,107.02,107.63,17001600
CSCO,2026-10-01,108.04,109.08,106.92,108.76,12746200
CSCO,2026-10-02,109.83,112.23,109.0,112.2,17495000
CSCO,2026-10-05,111.98,113.19,111.54,112.82,18540800
CSCO,2026-10-06,113.53,118.4,113.31,117.94,21021600
CSGP,2026-09-17,30.48,30.59,29.24,29.3,4863500
CSGP,2026-09-18,29.3,29.91,28.96,29.09,17117000
CSGP,2026-09-21,29.24,29.64,28.84,29.04,7098800
CSGP,2026-09-22,29.51,29.63,28.32,28.77,5284513
CSGP,2026-09-23,28.69,28.69,27.89,28.26,5664200
CSGP,2026-09-24,28.18,28.54,27.28,27.86,6497500
CSGP,2026-09-25,27.73,28.63,27.6,28.09,6662500
CSGP,2026-09-28,27.68,27.75,26.85,27.02,5182600
CSGP,2026-09-29,26.84,27.18,26.52,26.95,5193500
CSGP,2026-09-30,27.03,27.55,26.86,27.4,6693000
CSGP,2026-10-01,27.91,28.23,27.1,27.72,4630400
CSGP,2026-10-02,27.48,27.81,27.15,27.38,3741500
CSGP,2026-10-05,27.25,27.68,27.18,27.66,4934000
CSGP,2026-10-06,27.7,28.2,27.46,27.63,4577700
CSX,2026-09-17,48.6,48.6,47.53,47.9,9789200
CSX,2026-09-18,47.63,47.88,47.0,47.1,25734900
CSX,2026-09-21,47.48,47.48,45.79,45.99,16406500
CSX,2026-09-22,46.26,46.68,45.95,46.59,11264649
CSX,2026-09-23,46.65,47.59,46.26,47.19,10643000
CSX,2026-09-24,47.03,47.33,46.77,46.95,9553800
CSX,2026-09-25,46.79,47.03,46.51,46.78,8579200
CSX,2026-09-28,46.65,47.16,46.59,46.76,9361300
CSX,2026-09-29,46.46,47.03,46.39,46.93,8028900
CSX,2026-09-30,46.98,47.25,46.5,46.51,11006500
CSX,2026-10-01,46.23,46.56,45.85,46.54,12901200
CSX,2026-10-02,46.88,47.59,46.75,47.43,10964900
CSX,2026-10-05,47.22,47.54,46.9,47.43,8250700
CSX,2026-10-06,47.38,47.73,47.32,47.5,8567500
CTAS,2026-09-17,199.12,199.3,196.1,197.96,1555900
CTAS,2026-09-18,197.96,198.9,195.1,197.64,3983900
CTAS,2026-09-21,196.47,198.25,194.87,196.88,1626200
CTAS,2026-09-22,197.05,198.81,196.0,198.8,2227624
CTAS,2026-09-23,196.78,198.76,191.29,191.97,3295100
CTAS,2026-09-24,192.26,198.86,191.09,197.68,3398700
CTAS,2026-09-25,198.22,200.55,198.22,199.91,2487300
CTAS,2026-09-28,199.51,201.45,198.64,200.58,1800900
CTAS,2026-09-29,199.9,201.27,196.47,197.74,2000000
CTAS,2026-09-30,198.24,198.24,194.83,195.06,1626200
CTAS,2026-10-01,195.5,196.62,194.56,195.6,1824100
CTAS,2026-10-02,196.63,196.63,191.85,193.02,1863700
CTAS,2026-10-05,192.88,195.53,192.0,195.4,1344100
CTAS,2026-10-06,194.22,196.87,194.22,195.96,1134600
CTSH,2026-09-17,61.8,62.12,61.03,61.88,4153300
CTSH,2026-09-18,61.88,61.89,59.76,59.87,19126200
CTSH,2026-09-21,60.36,61.97,59.22,59.38,5753100
CTSH,2026-09-22,60.67,60.87,58.35,58.68,6356563
CTSH,2026-09-23,59.05,59.96,58.46,59.14,4520300
CTSH,2026-09-24,59.26,59.74,56.92,57.17,4618400
CTSH,2026-09-25,57.11,58.28,57.0,57.33,4465700
CTSH,2026-09-28,56.65,57.4,55.63,56.75,4846200
CTSH,2026-09-29,56.47,56.88,55.89,56.84,8660100
CTSH,2026-09-30,56.88,58.02,56.26,57.44,10941200
CTSH,2026-10-01,61.9,64.74,60.43,60.88,13750200
CTSH,2026-10-02,61.09,61.09,58.21,58.51,7001600
CTSH,2026-10-05,58.19,58.81,57.74,58.17,3478200
CTSH,2026-10-06,58.46,58.73,56.93,57.22,5402900
CTVA,2026-09-17,81.4,82.81,80.57,81.53,4905300
CTVA,2026-09-18,80.45,80.97,80.0,80.53,7608000
CTVA,2026-09-21,80.67,81.05,78.85,79.11,2881600
CTVA,2026-09-22,79.07,81.49,78.59,80.34,4006485
CTVA,2026-09-23,79.83,82.26,79.61,80.42,5550000
CTVA,2026-09-24,81.53,81.53,79.06,79.45,3498100
CTVA,2026-09-25,78.97,78.98,77.33,78.52,4163200
CTVA,2026-09-28,78.41,78.89,77.66,77.74,3224300
CTVA,2026-09-29,77.0,78.47,76.5,77.87,3633700
CTVA,2026-09-30,77.91,78.79,77.28,77.65,4034800
CTVA,2026-10-01,14.44,14.44,11.84,12.57,88127300
CTVA,2026-10-02,12.39,13.04,11.87,11.92,78723800
CTVA,2026-10-05,11.81,12.63,11.74,12.39,183186600
CTVA,2026-10-06,13.08,14.06,12.85,13.91,45109900
CVNA,2026-09-17,67.47,67.71,65.42,65.84,6450600
CVNA,2026-09-18,65.94,66.57,64.75,65.11,14442700
CVNA,2026-09-21,65.89,68.01,65.44,67.18,5439900
CVNA,2026-09-22,68.42,69.2,65.28,65.4,5973040
CVNA,2026-09-23,64.91,65.04,62.15,63.95,8563700
CVNA,2026-09-24,63.65,64.53,62.44,64.18,6965400
CVNA,2026-09-25,64.09,65.48,63.4,65.06,4216800
CVNA,2026-09-28,63.68,64.22,59.65,60.47,15472300
CVNA,2026-09-29,62.53,64.69,61.95,63.62,10167000
CVNA,2026-09-30,64.07,64.51,62.25,62.54,7238900
CVNA,2026-10-01,62.06,63.29,58.92,63.04,11320900
CVNA,2026-10-02,64.33,66.02,63.21,63.77,8864200
CVNA,2026-10-05,63.71,65.12,63.07,63.72,6980800
CVNA,2026-10-06,64.47,65.28,62.68,63.88,4657700
CVS,2026-09-17,92.0,92.14,90.17,90.27,7433000
CVS,2026-09-18,90.09,90.48,88.15,88.84,21869800
CVS,2026-09-21,88.73,88.91,87.19,87.6,10135700
CVS,2026-09-22,87.68,88.28,86.68,87.1,8678530
CVS,2026-09-23,86.7,86.98,85.67,85.86,7313600
CVS,2026-09-24,85.83,86.01,84.5,85.05,7382100
CVS,2026-09-25,85.35,89.35,84.7,89.13,15767300
CVS,2026-09-28,89.51,90.02,87.83,87.85,7900300
CVS,2026-09-29,87.2,87.56,86.36,87.1,7152300
CVS,2026-09-30,87.04,87.44,85.42,85.69,8379100
CVS,2026-10-01,85.48,86.26,84.23,85.2,6560100
CVS,2026-10-02,85.25,87.15,85.25,86.46,10463000
CVS,2026-10-05,86.69,87.51,86.33,87.01,12009700
CVS,2026-10-06,86.8,87.08,85.53,86.43,11024000
CVX,2026-09-17,209.61,211.75,209.17,211.57,7387300
CVX,2026-09-18,211.09,211.9,207.31,209.51,47279400
CVX,2026-09-21,207.89,209.0,203.5,203.67,8464000
CVX,2026-09-22,201.87,204.44,200.78,202.41,9340485
CVX,2026-09-23,204.46,207.0,203.48,205.51,8257800
CVX,2026-09-24,207.24,208.1,204.87,205.65,9382800
CVX,2026-09-25,203.81,206.54,203.4,204.45,7134300
CVX,2026-09-28,207.0,208.25,205.38,206.37,9501800
CVX,2026-09-29,203.05,205.48,202.7,204.38,5917600
CVX,2026-09-30,205.09,206.83,204.21,204.21,6390200
CVX,2026-10-01,203.33,207.41,202.82,207.1,5999700
CVX,2026-10-02,204.8,207.32,204.45,206.69,6669900
CVX,2026-10-05,206.83,207.26,201.96,206.47,6445100
CVX,2026-10-06,205.57,208.69,204.89,207.58,5468800
D,2026-09-17,63.79,64.34,63.64,64.29,2641000
D,2026-09-18,64.01,64.2,63.45,63.58,9223300
D,2026-09-21,63.53,64.45,62.78,62.82,5326100
D,2026-09-22,62.67,62.99,62.4,62.43,8182368
D,2026-09-23,62.21,62.28,61.04,61.17,4908100
D,2026-09-24,61.25,61.42,60.38,60.4,5049500
D,2026-09-25,60.33,61.0,60.14,60.68,4906200
D,2026-09-28,60.63,60.88,59.84,60.28,3409200
D,2026-09-29,60.04,60.89,59.61,60.64,4113500
D,2026-09-30,60.95,61.14,60.46,60.52,4359500
D,2026-10-01,60.29,60.91,59.44,60.76,5583700
D,2026-10-02,61.03,61.86,61.03,61.31,3879000
D,2026-10-05,61.17,61.43,60.55,61.02,4046600
D,2026-10-06,61.14,62.08,61.01,62.0,3897800
DAL,2026-09-17,79.61,79.88,78.94,79.43,6084600
DAL,2026-09-18,79.42,80.33,78.94,79.62,24904500
DAL,2026-09-21,81.0,82.77,79.85,82.5,9196700
DAL,2026-09-22,84.88,84.88,82.46,83.92,8625287
DAL,2026-09-23,82.7,83.13,81.57,81.75,6640600
DAL,2026-09-24,81.0,83.59,80.71,82.76,6253600
DAL,2026-09-25,84.0,85.47,82.33,84.94,7067200
DAL,2026-09-28,83.35,84.56,82.0,84.03,7517800
DAL,2026-09-29,85.01,85.32,83.56,84.87,5618300
DAL,2026-09-30,84.85,85.14,83.13,83.46,6574100
DAL,2026-10-01,83.77,84.23,82.55,84.13,6419900
DAL,2026-10-02,85.76,86.17,83.34,84.09,8151300
DAL,2026-10-05,85.0,85.35,82.81,83.08,7558900
DAL,2026-10-06,84.24,85.76,82.82,83.66,9346800
DASH,2026-09-17,200.76,201.49,193.47,194.56,2763500
DASH,2026-09-18,194.56,196.01,192.35,192.94,7211400
DASH,2026-09-21,193.85,194.95,188.71,193.83,5054500
DASH,2026-09-22,198.07,200.59,191.98,192.21,5209619
DASH,2026-09-23,190.63,191.36,184.85,189.27,5832700
DASH,2026-09-24,189.0,192.56,182.14,187.53,5530500
DASH,2026-09-25,187.82,193.67,187.53,193.36,2872400
DASH,2026-09-28,188.53,191.4,178.04,178.39,6847900
DASH,2026-09-29,180.23,188.14,179.12,187.1,5753000
DASH,2026-09-30,187.71,189.96,182.51,183.55,4251000
DASH,2026-10-01,183.69,185.77,179.59,182.18,4171100
DASH,2026-10-02,184.87,189.56,180.43,189.15,4237600
DASH,2026-10-05,188.13,194.24,188.13,191.77,2920400
DASH,2026-10-06,192.18,194.03,190.82,193.62,2897500
DD,2026-09-17,129.1,129.82,128.36,128.46,1214800
DD,2026-09-18,128.39,129.28,127.77,129.01,2097000
DD,2026-09-21,130.0,130.87,128.96,129.79,922200
DD,2026-09-22,130.72,132.22,129.95,131.8,1097388
DD,2026-09-23,130.83,131.89,130.53,130.88,686700
DD,2026-09-24,130.23,131.65,129.14,130.22,809900
DD,2026-09-25,130.5,132.16,129.73,131.71,780500
DD,2026-09-28,130.5,131.63,129.81,130.98,834200
DD,2026-09-29,130.97,131.21,129.59,130.12,1015600
DD,2026-09-30,130.48,131.17,129.75,129.89,778200
DD,2026-10-01,128.96,129.9,127.62,129.2,950700
DD,2026-10-02,130.74,130.86,129.14,129.98,686000
DD,2026-10-05,131.25,131.61,129.18,130.69,700700
DD,2026-10-06,131.35,134.0,130.68,133.28,716700
DDOG,2026-09-17,229.62,239.04,227.37,236.0,2803400
DDOG,2026-09-18,238.46,238.96,228.6,229.92,5189100
DDOG,2026-09-21,229.73,245.31,226.83,245.05,2925300
DDOG,2026-09-22,246.0,249.91,244.13,247.48,2822910
DDOG,2026-09-23,251.61,256.71,247.6,251.49,2827000
DDOG,2026-09-24,249.6,258.39,247.27,256.92,3487500
DDOG,2026-09-25,263.17,280.7,261.0,268.13,5366500
DDOG,2026-09-28,257.0,272.79,255.5,268.7,3464800
DDOG,2026-09-29,267.03,269.44,259.26,268.56,2970800
DDOG,2026-09-30,270.13,277.5,269.79,273.85,2788700
DDOG,2026-10-01,278.75,280.05,271.13,276.46,2939800
DDOG,2026-10-02,280.31,282.0,274.58,277.22,2079100
DDOG,2026-10-05,277.81,281.85,275.33,276.42,2348000
DDOG,2026-10-06,278.0,285.68,276.0,278.24,1755600
DE,2026-09-17,675.66,687.92,672.09,685.63,1232200
DE,2026-09-18,684.76,688.0,679.63,683.99,2243000
DE,2026-09-21,686.12,695.05,683.62,684.73,953100
DE,2026-09-22,688.73,704.59,684.1,703.12,1505914
DE,2026-09-23,702.05,721.22,701.72,709.48,1819000
DE,2026-09-24,707.2,708.2,691.0,694.94,1175500
DE,2026-09-25,694.99,698.29,681.06,690.46,1112600
DE,2026-09-28,687.13,690.94,681.86,689.59,798800
DE,2026-09-29,685.59,689.99,677.44,680.5,1159000
DE,2026-09-30,675.11,685.56,668.57,671.55,1736800
DE,2026-10-01,664.44,667.49,644.06,667.26,1596500
DE,2026-10-02,671.45,689.69,668.61,687.0,1071300
DE,2026-10-05,688.88,690.35,676.31,682.2,752900
DE,2026-10-06,684.1,692.83,680.12,682.79,761000
DECK,2026-09-17,79.36,80.2,77.39,79.71,3904700
DECK,2026-09-18,80.0,80.47,78.22,78.43,6809400
DECK,2026-09-21,79.38,80.77,77.93,80.23,3807500
DECK,2026-09-22,82.93,83.0,79.58,79.83,3501872
DECK,2026-09-23,79.26,79.95,77.97,78.59,3217800
DECK,2026-09-24,78.83,79.53,78.02,78.68,2121200
DECK,2026-09-25,78.89,79.65,78.25,78.67,2526800
DECK,2026-09-28,78.21,79.12,77.68,78.36,3292800
DECK,2026-09-29,78.46,78.7,77.42,77.68,3599000
DECK,2026-09-30,78.3,78.59,77.2,78.14,4108600
DECK,2026-10-01,78.69,79.81,77.94,79.57,3017100
DECK,2026-10-02,79.5,79.9,78.3,79.12,2708000
DECK,2026-10-05,79.48,80.31,78.72,80.21,2801900
DECK,2026-10-06,80.83,82.14,79.2,81.66,3276600
DELL,2026-09-17,570.4,593.98,565.5,588.4,9317800
DELL,2026-09-18,593.15,595.51,568.06,568.06,11709400
DELL,2026-09-21,586.77,592.44,567.38,575.31,7720900
DELL,2026-09-22,569.8,574.6,547.71,548.92,9687163
DELL,2026-09-23,559.0,570.72,542.23,549.83,8238900
DELL,2026-09-24,535.97,549.85,530.45,536.02,7938900
DELL,2026-09-25,546.29,573.8,541.24,562.89,8703900
DELL,2026-09-28,551.74,557.0,535.5,543.43,6845700
DELL,2026-09-29,550.73,551.39,536.58,539.59,5727900
DELL,2026-09-30,546.48,553.48,537.67,537.95,4885700
DELL,2026-10-01,541.0,550.29,520.18,541.74,6669200
DELL,2026-10-02,554.25,568.0,548.01,562.52,5495400
DELL,2026-10-05,557.01,560.56,546.0,552.29,4184800
DELL,2026-10-06,561.78,587.19,560.96,574.0,5386800
DG,2026-09-17,124.05,125.12,123.51,124.95,2259400
DG,2026-09-18,125.74,125.74,122.22,122.41,4727100
DG,2026-09-21,123.52,124.0,121.67,121.91,2375000
DG,2026-09-22,123.34,125.03,122.46,122.63,1888378
DG,2026-09-23,122.5,122.88,120.05,120.6,1610400
DG,2026-09-24,123.0,124.99,122.32,122.53,2324700
DG,2026-09-25,122.66,125.78,122.3,124.84,2506100
DG,2026-09-28,122.97,125.54,122.45,124.37,2377200
DG,2026-09-29,123.97,124.04,120.48,122.64,2708400
DG,2026-09-30,124.02,124.3,118.85,119.58,2580700
DG,2026-10-01,120.02,121.12,118.46,118.93,1864900
DG,2026-10-02,119.25,119.34,117.31,118.94,1603900
DG,2026-10-05,118.93,121.44,118.2,119.32,1717600
DG,2026-10-06,120.77,124.72,120.47,123.27,2592700
DGX,2026-09-17,248.28,248.7,246.26,247.45,989500
DGX,2026-09-18,246.52,247.63,244.89,246.45,1924800
DGX,2026-09-21,247.13,248.84,243.93,244.88,895400
DGX,2026-09-22,228.59,237.29,227.24,234.76,2718995
DGX,2026-09-23,235.12,238.62,231.92,233.0,1129600
DGX,2026-09-24,234.08,237.29,233.55,236.59,926900
DGX,2026-09-25,236.37,238.25,235.48,236.32,741700
DGX,2026-09-28,234.27,238.1,233.81,237.62,1030800
DGX,2026-09-29,235.46,237.62,230.98,231.97,1536900
DGX,2026-09-30,233.33,236.97,230.84,233.07,1083100
DGX,2026-10-01,232.74,233.33,230.47,231.09,992200
DGX,2026-10-02,230.58,233.48,228.83,233.33,1100800
DGX,2026-10-05,232.93,233.65,229.96,232.22,1014100
DGX,2026-10-06,229.92,232.09,225.78,228.39,1783900
DHI,2026-09-17,141.56,142.54,138.8,140.38,3303100
DHI,2026-09-18,139.38,140.59,136.32,138.02,6152000
DHI,2026-09-21,138.96,139.73,137.19,139.25,3620200
DHI,2026-09-22,142.64,144.84,141.07,144.11,2253477
DHI,2026-09-23,141.96,142.82,139.86,140.17,2420800
DHI,2026-09-24,139.61,141.36,139.24,140.35,2160800
DHI,2026-09-25,140.57,142.2,139.72,141.51,2946400
DHI,2026-09-28,140.43,142.37,139.27,139.42,2588600
DHI,2026-09-29,140.0,140.41,138.37,139.4,3024900
DHI,2026-09-30,141.0,141.0,136.52,136.65,3112700
DHI,2026-10-01,135.24,137.33,132.37,137.06,4030800
DHI,2026-10-02,139.73,140.5,134.14,135.0,2822500
DHI,2026-10-05,134.23,134.56,132.18,133.23,4890900
DHI,2026-10-06,132.21,137.64,132.21,136.75,4934400
DHR,2026-09-17,210.48,213.27,206.69,212.5,6179100
DHR,2026-09-18,212.64,214.98,210.1,211.81,8830000
DHR,2026-09-21,212.03,216.19,209.6,215.84,5164000
DHR,2026-09-22,215.1,222.42,214.28,221.09,4632925
DHR,2026-09-23,221.27,223.42,219.92,221.56,3401500
DHR,2026-09-24,220.5,226.65,219.0,223.77,6196400
DHR,2026-09-25,223.37,224.9,221.6,224.49,4423500
DHR,2026-09-28,223.4,228.38,222.1,227.33,4898600
DHR,2026-09-29,226.19,227.65,223.51,226.11,3608400
DHR,2026-09-30,223.86,226.11,219.69,221.55,5147400
DHR,2026-10-01,221.31,222.0,211.18,211.76,5302500
DHR,2026-10-02,213.4,216.06,211.98,214.06,3915900
DHR,2026-10-05,213.81,222.15,213.44,221.21,3093800
DHR,2026-10-06,223.5,227.61,215.09,215.61,3642600
DIS,2026-09-17,107.59,107.71,105.32,105.35,7814300
DIS,2026-09-18,105.05,105.05,102.37,102.67,19115700
DIS,2026-09-21,103.48,104.6,103.18,104.23,7126400
DIS,2026-09-22,105.1,104.96,103.33,103.82,7172376
DIS,2026-09-23,103.26,104.62,102.7,103.46,8238700
DIS,2026-09-24,104.08,105.75,103.9,105.56,7884200
DIS,2026-09-25,105.15,106.17,104.48,106.15,7246700
DIS,2026-09-28,105.12,106.58,104.76,105.59,12078000
DIS,2026-09-29,105.48,105.84,104.85,105.41,7323300
DIS,2026-09-30,105.75,106.4,104.9,104.9,11601200
DIS,2026-10-01,104.5,104.64,101.15,101.33,9207400
DIS,2026-10-02,101.5,102.63,101.23,102.19,6704300
DIS,2026-10-05,101.81,103.72,101.32,103.61,7037600
DIS,2026-10-06,103.42,104.27,103.29,104.03,6112600
DLR,2026-09-17,183.22,185.02,182.76,184.26,1695600
DLR,2026-09-18,183.19,184.56,181.41,182.12,4556100
DLR,2026-09-21,185.05,188.37,184.21,186.33,1679700
DLR,2026-09-22,185.57,186.89,184.65,185.65,1502283
DLR,2026-09-23,184.29,187.0,181.03,181.45,1604000
DLR,2026-09-24,180.97,183.05,178.63,181.0,1289100
DLR,2026-09-25,182.44,183.13,178.35,178.61,1483300
DLR,2026-09-28,178.74,181.02,176.87,177.18,1363300
DLR,2026-09-29,176.42,178.24,175.65,176.56,1774400
DLR,2026-09-30,177.6,177.6,174.28,175.53,2037600
DLR,2026-10-01,174.84,177.18,172.83,176.49,1930900
DLR,2026-10-02,178.51,180.48,177.35,178.55,1692500
DLR,2026-10-05,179.26,180.21,176.45,179.87,1517900
DLR,2026-10-06,181.67,185.1,181.01,184.65,1843500
DLTR,2026-09-17,113.18,114.47,111.67,114.4,3147500
DLTR,2026-09-18,113.99,114.74,111.7,111.96,6587300
DLTR,2026-09-21,112.46,114.56,111.23,112.33,3017900
DLTR,2026-09-22,112.87,117.38,112.87,115.04,2811957
DLTR,2026-09-23,114.74,115.28,112.15,113.16,2236700
DLTR,2026-09-24,114.07,116.11,113.43,113.5,1851000
DLTR,2026-09-25,113.31,114.82,112.66,114.07,2007200
DLTR,2026-09-28,112.9,116.89,112.25,116.02,2072500
DLTR,2026-09-29,115.76,115.77,112.13,113.3,2541800
DLTR,2026-09-30,113.64,114.36,112.62,114.02,2695400
DLTR,2026-10-01,114.95,116.41,113.97,114.43,1886900
DLTR,2026-10-02,114.58,115.23,111.12,112.16,1625800
DLTR,2026-10-05,113.25,115.55,111.29,113.19,2193800
DLTR,2026-10-06,113.56,117.97,113.56,116.19,2809100
DOC,2026-09-17,20.56,20.74,20.45,20.5,6693400
DOC,2026-09-18,20.54,20.58,20.3,20.33,10231400
DOC,2026-09-21,20.42,20.72,20.37,20.72,6151600
DOC,2026-09-22,20.81,20.85,20.52,20.6,6100842
DOC,2026-09-23,20.44,20.88,20.37,20.48,7415500
DOC,2026-09-24,20.39,20.53,20.24,20.27,6965500
DOC,2026-09-25,20.29,20.33,19.95,20.31,5204400
DOC,2026-09-28,20.32,20.35,19.94,20.1,5460800
DOC,2026-09-29,20.01,20.23,19.96,20.13,4541200
DOC,2026-09-30,20.24,20.25,19.93,19.97,4699500
DOC,2026-10-01,19.89,19.89,19.36,19.44,5740200
DOC,2026-10-02,19.57,19.85,19.44,19.49,4873500
DOC,2026-10-05,19.43,19.58,18.79,18.84,7007300
DOC,2026-10-06,18.86,19.18,18.8,19.0,8304800
DOV,2026-09-17,191.66,191.66,188.17,189.24,1283000
DOV,2026-09-18,189.4,190.17,186.48,187.42,2308300
DOV,2026-09-21,190.69,190.69,184.8,186.09,1223000
DOV,2026-09-22,188.48,187.41,185.74,186.54,1102217
DOV,2026-09-23,185.56,190.7,185.21,189.03,1181000
DOV,2026-09-24,188.18,189.34,187.06,187.89,1465900
DOV,2026-09-25,188.75,192.75,187.89,191.88,1677200
DOV,2026-09-28,190.53,192.71,188.95,191.48,1269800
DOV,2026-09-29,191.2,192.28,188.13,189.7,1258800
DOV,2026-09-30,189.79,190.45,186.91,187.05,1673000
DOV,2026-10-01,186.25,189.04,185.26,188.06,1234200
DOV,2026-10-02,189.72,191.05,188.21,189.69,833200
DOV,2026-10-05,189.49,192.5,188.24,191.3,915200
DOV,2026-10-06,192.88,194.77,191.41,191.88,934900
DOW,2026-09-17,29.57,30.02,29.34,29.49,7749700
DOW,2026-09-18,29.37,29.37,28.44,28.73,13611000
DOW,2026-09-21,28.52,28.64,27.92,28.27,9637600
DOW,2026-09-22,28.1,28.67,27.88,28.2,8818724
DOW,2026-09-23,28.44,28.92,28.37,28.65,7922500
DOW,2026-09-24,28.9,29.12,28.51,28.56,7250500
DOW,2026-09-25,28.26,28.34,27.54,28.02,8840500
DOW,2026-09-28,28.31,28.41,27.84,27.89,7993900
DOW,2026-09-29,27.5,27.82,27.2,27.61,8402400
DOW,2026-09-30,27.48,27.85,27.39,27.54,11745700
DOW,2026-10-01,27.05,27.63,26.6,27.59,10057900
DOW,2026-10-02,27.28,28.15,27.26,27.97,7349600
DOW,2026-10-05,27.98,28.72,27.7,28.51,7157900
DOW,2026-10-06,28.15,28.59,28.0,28.16,8442700
DPZ,2026-09-17,303.77,304.39,297.43,297.65,834000
DPZ,2026-09-18,296.62,298.23,293.37,294.2,1668700
DPZ,2026-09-21,295.0,298.38,294.45,295.94,810600
DPZ,2026-09-22,301.28,304.99,296.51,297.11,811169
DPZ,2026-09-23,297.25,297.79,288.73,296.43,866800
DPZ,2026-09-24,295.72,296.85,290.56,293.03,587000
DPZ,2026-09-25,293.5,294.22,287.48,292.14,637000
DPZ,2026-09-28,291.23,293.77,286.32,292.27,610400
DPZ,2026-09-29,291.4,302.08,289.22,301.81,884500
DPZ,2026-09-30,301.35,302.9,296.4,299.61,774000
DPZ,2026-10-01,299.73,300.02,294.6,295.0,648100
DPZ,2026-10-02,296.79,301.31,294.97,297.62,579100
DPZ,2026-10-05,298.26,299.9,293.45,297.27,597300
DPZ,2026-10-06,300.95,305.89,298.96,302.87,754200
DRI,2026-09-17,208.91,208.96,205.7,206.74,893200
DRI,2026-09-18,206.59,210.4,205.7,209.28,1706900
DRI,2026-09-21,210.26,213.26,209.75,211.31,1724900
DRI,2026-09-22,213.13,215.62,213.07,213.54,1309987
DRI,2026-09-23,215.1,216.17,212.32,213.69,1874100
DRI,2026-09-24,208.88,212.99,206.22,207.24,1953600
DRI,2026-09-25,204.91,207.17,198.06,199.75,1913200
DRI,2026-09-28,200.77,202.39,195.19,197.02,1487700
DRI,2026-09-29,197.51,198.43,194.69,195.11,1256700
DRI,2026-09-30,195.31,196.97,192.67,193.25,1507500
DRI,2026-10-01,193.99,197.79,193.0,197.41,1326100
DRI,2026-10-02,197.91,200.91,197.06,200.33,1097100
DRI,2026-10-05,201.89,202.49,196.8,199.72,1046700
DRI,2026-10-06,200.52,203.5,199.1,203.14,990500
DTE,2026-09-17,131.27,131.68,129.83,130.44,2248800
DTE,2026-09-18,129.26,129.52,128.18,128.52,3136000
DTE,2026-09-21,127.26,127.49,125.76,126.13,2179500
DTE,2026-09-22,126.18,126.77,125.13,125.41,2662580
DTE,2026-09-23,125.0,125.29,122.5,122.89,1850300
DTE,2026-09-24,123.53,124.13,121.05,121.18,1682500
DTE,2026-09-25,121.06,121.47,120.24,121.44,1937500
DTE,2026-09-28,121.35,121.8,120.37,120.83,2284100
DTE,2026-09-29,120.24,122.91,119.68,122.39,3042100
DTE,2026-09-30,122.97,123.0,121.74,121.8,2234000
DTE,2026-10-01,121.34,123.49,120.6,123.27,2164400
DTE,2026-10-02,124.0,125.36,123.99,124.45,1720800
DTE,2026-10-05,124.65,126.31,123.76,125.04,1852100
DTE,2026-10-06,125.73,128.23,125.48,128.22,1619800
DUK,2026-09-17,118.36,118.57,117.53,118.54,4144500
DUK,2026-09-18,117.92,118.02,117.04,117.53,8609800
DUK,2026-09-21,117.49,118.0,116.6,116.74,4270400
DUK,2026-09-22,116.49,117.01,116.06,116.31,2775758
DUK,2026-09-23,116.0,116.01,114.1,114.17,3883300
DUK,2026-09-24,114.76,115.03,113.16,113.23,3756700
DUK,2026-09-25,113.14,113.61,112.52,113.35,3749300
DUK,2026-09-28,113.5,113.85,112.79,113.41,4193500
DUK,2026-09-29,112.87,114.44,112.4,114.21,5180800
DUK,2026-09-30,114.8,115.03,113.9,114.01,4445800
DUK,2026-10-01,113.55,114.01,112.61,113.74,4821600
DUK,2026-10-02,114.21,115.17,113.52,114.13,3890900
DUK,2026-10-05,114.0,114.31,113.29,113.84,4226000
DUK,2026-10-06,114.43,115.74,114.06,115.66,4946300
DVA,2026-09-17,194.57,195.75,182.3,183.09,1411000
DVA,2026-09-18,183.96,185.85,181.27,183.86,2098900
DVA,2026-09-21,184.47,185.0,182.03,182.34,565000
DVA,2026-09-22,184.01,185.85,182.94,183.72,529336
DVA,2026-09-23,184.03,186.23,182.48,183.14,544300
DVA,2026-09-24,183.1,183.78,174.32,174.67,812400
DVA,2026-09-25,175.38,179.1,174.67,178.47,519800
DVA,2026-09-28,178.71,182.36,177.51,178.07,439400
DVA,2026-09-29,176.92,176.98,174.08,175.19,637000
DVA,2026-09-30,176.08,178.36,174.92,174.92,533200
DVA,2026-10-01,174.72,180.16,173.95,176.35,653600
DVA,2026-10-02,176.35,180.0,176.27,178.69,452000
DVA,2026-10-05,177.96,179.66,177.43,178.72,452000
DVA,2026-10-06,179.88,181.82,178.88,180.4,374400
DVN,2026-09-17,48.02,48.73,47.75,48.72,12154100
DVN,2026-09-18,48.57,49.0,48.18,48.61,39682700
DVN,2026-09-21,47.8,48.16,47.08,47.59,13036900
DVN,2026-09-22,46.8,47.81,46.5,46.93,9222063
DVN,2026-09-23,47.38,48.8,47.0,48.04,14715300
DVN,2026-09-24,48.55,49.71,48.22,48.9,17587300
DVN,2026-09-25,47.84,48.13,47.01,47.05,10757700
DVN,2026-09-28,47.78,48.0,46.57,46.73,9408700
DVN,2026-09-29,45.75,46.84,45.56,46.6,10572600
DVN,2026-09-30,46.79,46.81,45.95,46.04,9663400
DVN,2026-10-01,46.03,47.19,45.78,47.16,7589500
DVN,2026-10-02,46.55,47.71,45.75,47.65,7920600
DVN,2026-10-05,47.64,48.56,46.81,47.98,9967700
DVN,2026-10-06,47.48,48.18,47.21,48.02,7186700
DXCM,2026-09-17,87.54,88.26,87.17,87.93,2824000
DXCM,2026-09-18,87.83,89.92,87.39,89.35,14573000
DXCM,2026-09-21,88.83,89.68,88.33,89.17,3515900
DXCM,2026-09-22,89.12,90.39,88.18,89.53,7252577
DXCM,2026-09-23,89.5,90.05,87.36,87.73,3668500
DXCM,2026-09-24,87.68,88.0,86.88,87.47,2141700
DXCM,2026-09-25,87.38,87.64,86.36,86.62,1891000
DXCM,2026-09-28,86.87,87.34,85.27,86.68,3340600
DXCM,2026-09-29,86.63,87.03,85.24,86.64,3120500
DXCM,2026-09-30,86.21,86.75,85.26,86.29,3440300
DXCM,2026-10-01,86.46,87.7,85.81,86.23,3034600
DXCM,2026-10-02,86.67,86.67,84.8,85.36,2178600
DXCM,2026-10-05,84.75,87.12,84.75,86.9,3078900
DXCM,2026-10-06,86.28,86.75,82.86,83.39,3574700
EBAY,2026-09-17,109.27,113.31,108.19,112.9,6291200
EBAY,2026-09-18,111.49,113.63,111.12,111.84,20884200
EBAY,2026-09-21,111.49,112.25,108.06,108.3,5189200
EBAY,2026-09-22,108.84,110.25,107.14,109.28,4469035
EBAY,2026-09-23,109.39,110.86,106.44,109.09,4018800
EBAY,2026-09-24,109.87,110.76,107.5,107.83,3151300
EBAY,2026-09-25,108.17,109.06,107.29,107.9,2858700
EBAY,2026-09-28,107.57,108.73,105.72,107.32,3686000
EBAY,2026-09-29,107.0,107.7,104.8,105.21,3900100
EBAY,2026-09-30,104.61,108.36,104.61,106.05,3484100
EBAY,2026-10-01,107.11,107.64,104.64,105.89,3703300
EBAY,2026-10-02,106.82,108.38,105.67,106.4,2972800
EBAY,2026-10-05,107.44,107.78,105.66,107.14,2757800
EBAY,2026-10-06,106.61,107.25,104.71,107.06,2420600
ECHO,2026-09-17,94.92,95.55,93.89,94.08,2579400
ECHO,2026-09-18,94.0,94.44,91.5,93.46,8855600
ECHO,2026-09-21,93.44,96.04,93.11,95.36,4740700
ECHO,2026-09-22,95.96,96.46,95.14,95.46,2083253
ECHO,2026-09-23,94.99,94.99,92.38,92.72,3336400
ECHO,2026-09-24,91.84,92.95,90.31,90.38,2791400
ECHO,2026-09-25,90.48,93.07,89.85,90.11,3370200
ECHO,2026-09-28,89.8,91.72,88.75,89.22,2641400
ECHO,2026-09-29,89.62,90.84,88.7,89.89,2999600
ECHO,2026-09-30,90.25,91.19,89.11,89.41,3017800
ECHO,2026-10-01,89.41,90.07,87.98,88.25,3950100
ECHO,2026-10-02,87.71,94.58,87.71,94.25,4943800
ECHO,2026-10-05,94.72,99.55,94.22,98.21,6793800
ECHO,2026-10-06,99.81,100.9,97.86,100.01,4553900
ECL,2026-09-17,276.98,276.98,271.67,271.68,985300
ECL,2026-09-18,269.97,271.64,267.91,269.46,2570200
ECL,2026-09-21,272.1,272.11,267.83,269.98,803700
ECL,2026-09-22,272.84,277.11,271.0,276.22,1197944
ECL,2026-09-23,275.39,277.81,273.66,276.72,1058700
ECL,2026-09-24,276.07,278.14,273.75,275.37,976100
ECL,2026-09-25,276.36,280.66,273.14,279.49,1006100
ECL,2026-09-28,277.57,281.27,277.0,280.23,942400
ECL,2026-09-29,279.2,280.82,276.72,277.87,1107400
ECL,2026-09-30,278.13,278.13,274.58,274.58,1509300
ECL,2026-10-01,272.69,273.6,267.46,271.26,1683200
ECL,2026-10-02,273.31,275.31,271.17,273.7,1225700
ECL,2026-10-05,272.06,279.57,271.0,277.07,940200
ECL,2026-10-06,278.76,282.44,275.8,280.82,1181800
ED,2026-09-17,105.57,107.19,105.17,107.08,1773600
ED,2026-09-18,106.6,106.6,105.34,105.43,3423800
ED,2026-09-21,105.24,105.66,103.52,103.86,1825500
ED,2026-09-22,103.5,104.62,103.31,103.84,1461105
ED,2026-09-23,103.46,103.85,102.33,102.61,1857900
ED,2026-09-24,103.05,103.89,102.7,102.71,3026300
ED,2026-09-25,102.61,103.28,102.08,103.1,1921700
ED,2026-09-28,103.18,103.75,102.33,102.83,1944200
ED,2026-09-29,102.19,103.79,102.0,103.33,1759600
ED,2026-09-30,103.69,104.41,102.21,102.21,4246900
ED,2026-10-01,102.67,104.06,102.08,103.5,3442300
ED,2026-10-02,103.76,104.48,103.03,103.39,2646400
ED,2026-10-05,103.29,104.01,102.44,103.38,2095200
ED,2026-10-06,103.7,105.23,103.57,105.12,3272300
EFX,2026-09-17,165.18,165.18,161.07,161.17,1014400
EFX,2026-09-18,160.88,161.38,157.64,158.87,3465300
EFX,2026-09-21,160.32,160.62,157.5,158.62,1439200
EFX,2026-09-22,160.44,162.53,157.97,159.78,1475303
EFX,2026-09-23,159.62,160.37,154.67,155.32,1552100
EFX,2026-09-24,155.32,157.2,148.11,148.8,1831400
EFX,2026-09-25,148.6,150.07,146.8,148.11,3028700
EFX,2026-09-28,146.68,147.41,143.74,145.78,2323500
EFX,2026-09-29,141.22,144.53,138.15,140.83,2820800
EFX,2026-09-30,141.0,141.01,137.01,137.24,1997000
EFX,2026-10-01,139.93,141.69,137.07,139.73,2069400
EFX,2026-10-02,138.37,144.64,137.91,140.0,3472100
EFX,2026-10-05,140.07,144.01,137.81,142.6,2552300
EFX,2026-10-06,143.3,144.16,141.98,142.48,1633600
EG,2026-09-17,378.28,382.33,374.47,380.12,438200
EG,2026-09-18,383.04,383.04,373.39,374.85,1806400
EG,2026-09-21,378.7,378.7,368.03,369.42,386000
EG,2026-09-22,373.01,373.92,366.49,370.96,421584
EG,2026-09-23,371.41,376.84,370.71,372.36,291300
EG,2026-09-24,374.3,376.99,371.92,371.96,285000
EG,2026-09-25,373.5,376.95,367.67,370.43,282200
EG,2026-09-28,369.78,371.76,368.69,369.8,270100
EG,2026-09-29,367.32,370.27,364.41,368.81,342000
EG,2026-09-30,369.02,370.76,364.69,365.17,443000
EG,2026-10-01,363.01,369.93,363.01,368.72,427900
EG,2026-10-02,368.36,369.97,365.63,368.27,401700
EG,2026-10-05,368.83,370.85,366.76,366.81,336100
EG,2026-10-06,365.97,371.89,364.46,366.84,287200
EIX,2026-09-17,55.18,56.36,54.72,55.5,6002900
EIX,2026-09-18,55.03,55.55,54.83,55.31,9135000
EIX,2026-09-21,55.05,55.74,54.67,54.95,3839800
EIX,2026-09-22,55.08,55.82,54.79,55.05,2951757
EIX,2026-09-23,54.78,55.01,53.47,53.51,3713000
EIX,2026-09-24,54.0,54.01,52.41,52.54,4096600
EIX,2026-09-25,52.84,52.92,52.3,52.65,3727400
EIX,2026-09-28,52.87,52.96,51.33,51.47,5498700
EIX,2026-09-29,51.5,53.7,51.1,53.56,7943300
EIX,2026-09-30,54.09,54.45,53.36,53.73,7136300
EIX,2026-10-01,53.31,54.13,52.72,53.8,4474500
EIX,2026-10-02,52.92,54.61,52.92,53.89,5851600
EIX,2026-10-05,54.0,54.33,53.02,54.24,4789700
EIX,2026-10-06,54.48,54.71,53.6,54.25,5141100
EL,2026-09-17,97.31,98.3,93.42,93.86,2292900
EL,2026-09-18,93.85,94.65,93.0,93.43,6099300
EL,2026-09-21,94.71,96.56,93.74,96.34,3089300
EL,2026-09-22,98.02,100.86,97.87,100.29,2842981
EL,2026-09-23,100.06,100.92,97.8,98.83,2068700
EL,2026-09-24,97.84,98.45,95.18,95.37,4257200
EL,2026-09-25,95.11,96.23,93.89,94.47,2798600
EL,2026-09-28,92.92,95.85,91.64,95.57,3564600
EL,2026-09-29,95.31,96.66,94.05,94.37,2044800
EL,2026-09-30,95.49,96.15,92.72,92.77,3475700
EL,2026-10-01,91.72,92.64,88.68,90.19,3507300
EL,2026-10-02,90.74,92.72,90.25,91.97,2699300
EL,2026-10-05,94.0,94.8,92.93,93.3,2787200
EL,2026-10-06,94.04,95.1,93.3,93.36,1652400
ELV,2026-09-17,414.59,418.78,411.71,414.26,1189800
ELV,2026-09-18,414.68,415.36,406.38,410.95,2074600
ELV,2026-09-21,410.31,411.48,406.2,409.31,934000
ELV,2026-09-22,412.07,412.75,401.38,402.43,1108473
ELV,2026-09-23,400.84,404.39,396.37,398.56,1207500
ELV,2026-09-24,397.0,400.97,394.31,398.25,1169500
ELV,2026-09-25,400.0,405.13,394.69,396.09,1219200
ELV,2026-09-28,396.99,400.17,392.44,394.59,1334200
ELV,2026-09-29,391.0,395.44,390.0,392.73,934800
ELV,2026-09-30,391.91,396.14,383.04,388.82,1303700
ELV,2026-10-01,388.0,390.37,375.74,381.67,1186800
ELV,2026-10-02,382.09,388.04,380.65,386.43,892700
ELV,2026-10-05,387.67,395.99,385.0,394.51,712100
ELV,2026-10-06,396.68,400.97,394.42,400.09,1230200
EME,2026-09-17,757.99,758.32,723.87,729.26,479200
EME,2026-09-18,731.15,754.74,729.91,750.09,848500
EME,2026-09-21,760.06,762.19,737.48,757.71,381400
EME,2026-09-22,757.28,762.3,752.19,756.5,344135
EME,2026-09-23,756.7,762.0,750.07,751.8,219200
EME,2026-09-24,739.45,755.49,730.0,751.96,327700
EME,2026-09-25,754.27,763.69,747.87,762.21,265200
EME,2026-09-28,761.26,774.54,752.25,765.52,381100
EME,2026-09-29,771.84,776.67,757.23,762.03,429500
EME,2026-09-30,761.64,763.71,749.24,754.49,405300
EME,2026-10-01,754.49,769.54,750.3,769.03,319800
EME,2026-10-02,780.0,794.95,777.95,786.61,370100
EME,2026-10-05,785.35,791.0,771.19,779.2,395600
EME,2026-10-06,786.18,834.23,785.0,824.52,422600
EMR,2026-09-17,149.21,149.36,146.83,147.4,2031000
EMR,2026-09-18,147.6,149.99,147.12,149.92,3925200
EMR,2026-09-21,151.08,152.25,149.69,151.72,2103700
EMR,2026-09-22,153.2,155.11,152.5,154.19,1841694
EMR,2026-09-23,152.99,156.01,152.99,154.59,2722800
EMR,2026-09-24,152.73,156.31,152.52,156.14,2071800
EMR,2026-09-25,157.68,159.87,156.68,158.23,1940600
EMR,2026-09-28,156.64,160.13,156.57,159.39,2121300
EMR,2026-09-29,160.07,160.29,156.24,157.24,2448000
EMR,2026-09-30,158.25,158.28,154.96,155.1,4629700
EMR,2026-10-01,153.35,159.18,153.1,158.57,3341400
EMR,2026-10-02,161.59,164.13,160.24,161.61,2900600
EMR,2026-10-05,161.74,164.21,160.99,162.33,2139300
EMR,2026-10-06,163.25,165.24,161.15,161.4,2856100
EOG,2026-09-17,143.87,145.75,142.77,145.47,2960300
EOG,2026-09-18,145.08,145.68,143.89,144.23,8270500
EOG,2026-09-21,142.44,143.31,140.48,141.38,2744300
EOG,2026-09-22,139.32,141.23,138.06,139.52,3330702
EOG,2026-09-23,141.13,142.82,139.72,141.84,2560800
EOG,2026-09-24,143.37,144.08,141.38,142.86,2672000
EOG,2026-09-25,140.61,141.79,139.69,140.35,2671000
EOG,2026-09-28,142.38,142.38,140.02,140.63,2746200
EOG,2026-09-29,137.97,140.26,137.4,139.66,2326100
EOG,2026-09-30,139.91,139.98,137.35,137.76,3582500
EOG,2026-10-01,137.99,142.15,137.53,141.31,3150000
EOG,2026-10-02,139.75,141.68,139.46,141.38,3599600
EOG,2026-10-05,142.18,145.23,140.04,144.08,2523400
EOG,2026-10-06,143.16,145.12,142.72,144.28,2826200
EQIX,2026-09-17,1029.97,1033.99,1021.22,1025.94,370400
EQIX,2026-09-18,1022.69,1030.42,1014.35,1021.34,679800
EQIX,2026-09-21,1039.25,1062.04,1030.98,1057.26,565200
EQIX,2026-09-22,1051.91,1066.51,1047.71,1059.26,503271
EQIX,2026-09-23,1057.0,1060.98,1036.16,1037.66,391900
EQIX,2026-09-24,1038.85,1048.85,1030.02,1034.76,397100
EQIX,2026-09-25,1044.25,1049.11,1005.94,1008.08,882400
EQIX,2026-09-28,1008.86,1031.39,1005.94,1011.07,467200
EQIX,2026-09-29,1008.04,1023.38,1005.8,1015.27,385800
EQIX,2026-09-30,1023.28,1023.28,1000.04,1011.58,616300
EQIX,2026-10-01,1006.71,1016.97,994.5,1012.33,555300
EQIX,2026-10-02,1024.01,1036.52,1017.57,1025.72,331200
EQIX,2026-10-05,1025.72,1028.27,1007.09,1023.44,368800
EQIX,2026-10-06,1036.6,1052.32,1034.24,1047.36,394500
EQT,2026-09-17,50.59,50.75,49.92,50.35,6792900
EQT,2026-09-18,50.31,50.52,49.91,50.0,20423400
EQT,2026-09-21,49.7,50.26,48.93,50.13,8280000
EQT,2026-09-22,49.87,51.46,49.56,50.81,11074585
EQT,2026-09-23,51.17,52.1,50.77,51.06,6890100
EQT,2026-09-24,50.94,51.96,50.58,51.87,8135700
EQT,2026-09-25,51.14,51.79,50.61,50.81,8834800
EQT,2026-09-28,50.72,50.72,49.72,49.87,5264100
EQT,2026-09-29,49.17,49.7,48.61,48.88,7310700
EQT,2026-09-30,49.03,49.48,48.53,48.56,7048400
EQT,2026-10-01,48.38,50.12,48.17,50.09,8447600
EQT,2026-10-02,49.88,50.64,49.7,50.17,7587700
EQT,2026-10-05,50.07,51.53,49.33,51.12,8513600
EQT,2026-10-06,51.3,52.54,51.06,52.47,6158100
ERIE,2026-09-17,246.45,247.6,242.26,244.39,143800
ERIE,2026-09-18,243.78,244.29,238.81,239.05,549100
ERIE,2026-09-21,238.49,239.89,234.23,235.95,280400
ERIE,2026-09-22,237.46,237.46,225.49,234.38,290522
ERIE,2026-09-23,234.11,234.5,224.78,225.77,202800
ERIE,2026-09-24,226.0,226.99,218.53,218.96,196700
ERIE,2026-09-25,218.96,226.3,216.75,222.86,137000
ERIE,2026-09-28,222.3,223.41,219.27,221.92,111400
ERIE,2026-09-29,219.32,223.09,219.32,222.43,115400
ERIE,2026-09-30,222.24,222.83,218.78,219.15,136400
ERIE,2026-10-01,221.2,223.99,221.1,222.11,134800
ERIE,2026-10-02,224.08,225.0,218.59,221.09,143700
ERIE,2026-10-05,219.63,221.9,217.2,221.46,133200
ERIE,2026-10-06,220.79,223.41,218.57,223.22,117200
ES,2026-09-17,68.35,69.05,67.72,68.99,2591000
ES,2026-09-18,68.67,68.67,67.67,67.72,5758000
ES,2026-09-21,66.95,67.42,66.6,66.89,2519500
ES,2026-09-22,66.76,67.07,66.29,66.38,2155409
ES,2026-09-23,66.03,66.1,64.72,64.91,2890700
ES,2026-09-24,64.82,65.24,63.75,63.8,2570500
ES,2026-09-25,63.9,63.99,63.15,63.67,2867400
ES,2026-09-28,63.58,63.64,62.72,63.28,3100500
ES,2026-09-29,62.79,64.06,62.75,63.9,2965400
ES,2026-09-30,64.29,64.94,63.97,64.16,3904600
ES,2026-10-01,64.5,64.5,63.18,64.31,2296300
ES,2026-10-02,64.63,65.55,64.34,64.5,2544400
ES,2026-10-05,64.53,65.16,64.03,64.69,2324900
ES,2026-10-06,65.02,65.45,64.52,65.26,2812100
ESS,2026-09-17,272.72,273.98,270.49,270.8,605500
ESS,2026-09-18,269.84,272.11,268.03,270.05,790000
ESS,2026-09-21,270.86,271.67,268.17,271.39,464500
ESS,2026-09-22,271.34,275.92,270.95,274.76,556270
ESS,2026-09-23,274.44,276.75,273.14,273.47,988900
ESS,2026-09-24,274.02,275.14,271.05,271.65,842300
ESS,2026-09-25,272.03,272.21,269.59,271.61,563700
ESS,2026-09-28,272.42,273.45,269.57,273.01,462900
ESS,2026-09-29,271.92,274.93,270.49,273.93,453200
ESS,2026-09-30,272.51,272.51,268.76,269.39,710900
ESS,2026-10-01,268.89,270.41,266.36,269.51,586500
ESS,2026-10-02,272.48,272.48,267.92,268.65,466800
ESS,2026-10-05,267.77,272.42,265.92,271.93,437500
ESS,2026-10-06,272.37,276.85,271.57,272.49,633400
ETN,2026-09-17,415.08,418.86,408.73,409.46,2602500
ETN,2026-09-18,411.48,425.34,410.93,424.77,4612300
ETN,2026-09-21,430.21,438.26,426.06,435.43,2194500
ETN,2026-09-22,434.67,443.58,433.45,442.49,1869403
ETN,2026-09-23,442.56,443.49,436.1,438.76,1787100
ETN,2026-09-24,429.36,441.38,427.96,440.0,1362000
ETN,2026-09-25,444.4,447.33,436.18,439.98,1416900
ETN,2026-09-28,437.71,441.94,423.83,431.41,2367400
ETN,2026-09-29,436.62,437.05,430.56,433.27,1957400
ETN,2026-09-30,434.0,434.75,428.0,429.71,1862100
ETN,2026-10-01,429.63,439.64,423.0,437.28,1606300
ETN,2026-10-02,446.56,452.0,433.65,436.11,2093600
ETN,2026-10-05,436.48,439.76,431.38,432.6,1426700
ETN,2026-10-06,436.4,446.73,434.02,445.09,1592900
ETR,2026-09-17,103.08,103.42,102.01,103.31,2605300
ETR,2026-09-18,103.12,103.18,101.65,102.01,6128000
ETR,2026-09-21,102.21,102.74,101.21,101.58,2758800
ETR,2026-09-22,101.47,102.06,100.92,101.16,2759009
ETR,2026-09-23,100.63,100.8,98.84,99.23,2778500
ETR,2026-09-24,99.38,100.14,97.96,98.16,2483400
ETR,2026-09-25,98.0,98.75,97.03,98.57,3339100
ETR,2026-09-28,98.28,98.28,96.92,98.1,2367800
ETR,2026-09-29,97.68,100.03,97.04,99.76,3978700
ETR,2026-09-30,100.45,100.73,99.17,99.26,3811700
ETR,2026-10-01,98.77,100.67,97.89,100.4,4059200
ETR,2026-10-02,101.08,101.97,100.3,100.91,2647800
ETR,2026-10-05,100.6,101.48,99.83,100.82,2128200
ETR,2026-10-06,101.36,103.3,101.0,103.25,2925300
EVRG,2026-09-17,80.61,81.21,80.5,80.84,2356000
EVRG,2026-09-18,80.8,80.8,79.65,79.78,3390200
EVRG,2026-09-21,79.78,79.88,78.89,79.26,1961400
EVRG,2026-09-22,79.39,80.1,78.99,79.27,1804291
EVRG,2026-09-23,78.96,79.2,78.37,78.42,2381200
EVRG,2026-09-24,78.42,78.57,77.61,77.66,1647700
EVRG,2026-09-25,77.66,78.17,77.11,78.04,1706500
EVRG,2026-09-28,78.04,78.32,77.36,77.91,3598300
EVRG,2026-09-29,77.53,78.88,77.24,78.73,2771500
EVRG,2026-09-30,78.65,79.6,78.42,78.44,3914300
EVRG,2026-10-01,78.38,78.93,77.51,78.79,2545800
EVRG,2026-10-02,79.37,79.79,79.04,79.17,2258300
EVRG,2026-10-05,79.08,79.66,78.54,79.09,1950900
EVRG,2026-10-06,79.49,80.4,79.21,80.35,1930800
EW,2026-09-17,89.21,89.58,88.0,88.25,3880100
EW,2026-09-18,88.03,88.77,87.47,88.26,4253900
EW,2026-09-21,88.34,88.59,87.77,88.34,3347100
EW,2026-09-22,89.0,89.66,88.5,88.78,3534097
EW,2026-09-23,88.7,88.79,86.06,86.82,3623700
EW,2026-09-24,86.54,87.12,85.63,85.73,3869000
EW,2026-09-25,86.66,87.11,84.93,86.29,3599800
EW,2026-09-28,86.0,87.33,85.56,86.83,3228100
EW,2026-09-29,85.7,88.19,85.7,88.08,3383100
EW,2026-09-30,87.16,87.49,85.72,86.32,4893900
EW,2026-10-01,85.99,86.84,84.49,85.19,3084700
EW,2026-10-02,85.52,86.48,84.66,85.15,2408400
EW,2026-10-05,85.64,87.57,85.34,87.23,3315800
EW,2026-10-06,87.54,87.88,85.94,86.48,3383200
EXC,2026-09-17,42.57,42.72,42.24,42.64,5585000
EXC,2026-09-18,42.52,42.54,42.01,42.07,11193600
EXC,2026-09-21,41.91,42.23,41.84,41.98,6379100
EXC,2026-09-22,41.88,42.08,41.72,41.8,4504883
EXC,2026-09-23,41.57,41.62,40.62,40.69,7038400
EXC,2026-09-24,40.72,40.92,40.16,40.2,8097000
EXC,2026-09-25,40.13,40.38,39.73,40.34,6910400
EXC,2026-09-28,40.34,40.43,39.99,40.32,7470500
EXC,2026-09-29,40.12,40.74,40.01,40.65,14500700
EXC,2026-09-30,40.87,40.94,40.38,40.4,18281600
EXC,2026-10-01,40.22,40.59,39.81,40.47,12584400
EXC,2026-10-02,40.62,41.21,40.6,40.73,9789300
EXC,2026-10-05,40.6,41.05,40.24,40.82,9027100
EXC,2026-10-06,41.0,41.7,40.92,41.68,6376700
EXE,2026-09-17,88.09,88.88,87.85,88.33,3048700
EXE,2026-09-18,88.31,88.68,87.3,87.49,8546600
EXE,2026-09-21,87.0,87.72,85.29,87.65,3515000
EXE,2026-09-22,87.5,88.33,86.78,87.03,4517585
EXE,2026-09-23,87.9,88.47,86.84,87.04,4202800
EXE,2026-09-24,87.2,88.7,85.9,88.62,3935100
EXE,2026-09-25,87.38,88.14,86.4,86.84,2536100
EXE,2026-09-28,86.99,86.99,85.06,85.31,4480500
EXE,2026-09-29,84.5,85.03,83.25,84.18,3402700
EXE,2026-09-30,84.26,84.94,83.36,84.09,2860900
EXE,2026-10-01,84.5,86.53,83.9,85.96,3552900
EXE,2026-10-02,85.42,86.4,85.14,85.52,2897000
EXE,2026-10-05,84.76,87.11,84.16,86.43,2395900
EXE,2026-10-06,86.38,88.42,86.0,88.23,2173100
EXPD,2026-09-17,190.92,190.92,187.9,189.08,943900
EXPD,2026-09-18,189.19,191.02,186.72,190.94,2514000
EXPD,2026-09-21,191.42,193.55,189.46,192.15,1284700
EXPD,2026-09-22,192.33,192.71,185.52,187.51,1275636
EXPD,2026-09-23,187.93,189.2,186.36,188.03,945900
EXPD,2026-09-24,188.0,188.96,183.36,183.66,1234900
EXPD,2026-09-25,183.81,188.4,183.71,187.46,823500
EXPD,2026-09-28,186.65,188.96,186.45,188.58,738800
EXPD,2026-09-29,186.87,189.03,186.47,188.16,764500
EXPD,2026-09-30,188.29,188.31,184.32,184.64,1159600
EXPD,2026-10-01,187.41,188.66,185.02,187.74,1450900
EXPD,2026-10-02,190.47,193.32,190.01,192.47,1552400
EXPD,2026-10-05,192.36,195.32,190.22,194.12,1633300
EXPD,2026-10-06,193.54,194.41,191.21,191.8,781600
EXPE,2026-09-17,289.86,292.39,280.85,284.55,1661500
EXPE,2026-09-18,284.44,287.49,276.68,279.35,3348000
EXPE,2026-09-21,279.29,283.65,278.43,281.02,1705200
EXPE,2026-09-22,285.25,287.04,263.18,280.7,6162243
EXPE,2026-09-23,278.0,278.0,257.69,259.04,5101600
EXPE,2026-09-24,260.55,268.14,256.5,261.75,2276100
EXPE,2026-09-25,262.15,269.26,261.05,264.17,2063500
EXPE,2026-09-28,260.01,266.65,257.22,264.23,1794800
EXPE,2026-09-29,264.02,267.01,255.07,266.33,2722800
EXPE,2026-09-30,264.5,268.78,262.61,263.36,2410500
EXPE,2026-10-01,264.65,268.62,260.5,262.67,1440600
EXPE,2026-10-02,265.44,269.05,261.27,265.0,1428100
EXPE,2026-10-05,265.59,268.0,257.51,260.17,1291700
EXPE,2026-10-06,261.6,266.88,253.16,260.07,1662500
EXR,2026-09-17,138.11,139.14,137.65,139.03,1345300
EXR,2026-09-18,138.5,139.54,136.71,136.71,3119800
EXR,2026-09-21,137.14,138.41,136.63,137.46,1384000
EXR,2026-09-22,137.96,138.3,134.72,134.99,2101111
EXR,2026-09-23,133.79,135.04,132.98,133.84,2410700
EXR,2026-09-24,134.25,134.85,132.01,132.23,1452400
EXR,2026-09-25,132.45,133.38,131.53,133.35,1061200
EXR,2026-09-28,133.05,133.57,130.77,131.68,1206900
EXR,2026-09-29,131.05,133.94,130.7,133.49,1496900
EXR,2026-09-30,134.43,134.43,131.17,131.51,1254200
EXR,2026-10-01,131.16,133.46,130.64,133.08,1650700
EXR,2026-10-02,134.27,135.18,132.93,133.25,999100
EXR,2026-10-05,133.16,133.84,131.87,132.91,1118300
EXR,2026-10-06,133.45,135.54,132.91,133.89,1688800
F,2026-09-17,13.61,13.83,13.59,13.61,46039200
F,2026-09-18,13.54,13.6,12.94,13.21,111219500
F,2026-09-21,13.35,13.45,13.17,13.17,49967900
F,2026-09-22,13.3,13.31,12.98,13.1,44447513
F,2026-09-23,12.97,13.1,12.87,12.94,35200300
F,2026-09-24,12.95,12.99,12.57,12.6,52197400
F,2026-09-25,12.61,12.81,12.53,12.71,35038000
F,2026-09-28,12.63,12.67,12.29,12.38,45432600
F,2026-09-29,12.38,12.4,12.23,12.3,34724500
F,2026-09-30,12.37,12.39,11.96,12.06,50489400
F,2026-10-01,12.0,12.29,11.91,12.27,46649300
F,2026-10-02,12.3,12.3,11.97,12.1,49099500
F,2026-10-05,12.15,12.23,12.06,12.15,35611100
F,2026-10-06,12.2,12.31,12.14,12.28,35659000
FANG,2026-09-17,191.08,197.31,190.92,196.94,4921100
FANG,2026-09-18,196.94,196.94,191.96,192.42,8098200
FANG,2026-09-21,189.88,190.75,187.52,189.27,3810600
FANG,2026-09-22,186.01,188.72,184.29,184.5,2951444
FANG,2026-09-23,185.77,188.2,183.51,185.65,3378000
FANG,2026-09-24,187.96,191.4,186.11,189.01,2306900
FANG,2026-09-25,186.46,187.77,185.51,186.67,1733300
FANG,2026-09-28,190.57,190.57,184.5,185.23,2173500
FANG,2026-09-29,182.33,184.55,181.91,183.95,1972900
FANG,2026-09-30,184.98,186.18,183.7,183.81,1402100
FANG,2026-10-01,183.21,185.87,182.94,185.51,1864300
FANG,2026-10-02,183.29,185.68,183.27,184.71,2138600
FANG,2026-10-05,183.96,186.0,182.38,184.08,2836800
FANG,2026-10-06,182.0,185.77,182.0,184.98,3223600
FAST,2026-09-17,49.48,49.58,48.63,49.18,5071500
FAST,2026-09-18,49.06,49.29,48.57,49.01,11654500
FAST,2026-09-21,48.94,49.7,48.53,49.65,4471200
FAST,2026-09-22,49.88,50.19,49.57,50.08,6619677
FAST,2026-09-23,50.12,51.04,49.94,50.99,7963200
FAST,2026-09-24,50.9,51.41,50.35,50.73,10273100
FAST,2026-09-25,50.53,51.05,50.26,50.43,6809000
FAST,2026-09-28,50.17,50.81,50.04,50.49,6644700
FAST,2026-09-29,50.37,50.73,49.86,49.96,7600700
FAST,2026-09-30,50.34,50.37,49.53,49.53,10449400
FAST,2026-10-01,49.42,50.27,49.11,50.23,6198900
FAST,2026-10-02,50.6,51.04,50.43,50.75,7156900
FAST,2026-10-05,50.62,50.99,49.99,50.69,5561400
FAST,2026-10-06,50.63,51.39,50.53,50.81,4706300
FCX,2026-09-17,71.44,71.58,70.29,70.85,11729100
FCX,2026-09-18,71.0,71.6,70.48,71.54,14953700
FCX,2026-09-21,72.89,73.28,70.81,72.16,9738400
FCX,2026-09-22,72.65,74.9,72.14,74.35,8385406
FCX,2026-09-23,72.93,72.93,71.25,72.58,8926200
FCX,2026-09-24,71.55,72.73,71.0,72.08,9140900
FCX,2026-09-25,71.86,72.87,71.53,72.31,7544200
FCX,2026-09-28,69.76,72.5,69.46,71.96,8876600
FCX,2026-09-29,71.94,72.27,70.28,70.79,10436100
FCX,2026-09-30,71.65,74.45,69.96,70.0,16657400
FCX,2026-10-01,68.59,69.81,68.2,69.28,12050700
FCX,2026-10-02,69.56,73.07,69.56,72.04,11946300
FCX,2026-10-05,72.22,73.52,71.42,72.6,13700500
FCX,2026-10-06,72.84,73.29,70.89,72.56,9178500
FDS,2026-09-17,273.34,281.31,270.76,278.85,522400
FDS,2026-09-18,277.71,286.68,273.46,283.83,1194600
FDS,2026-09-21,285.13,289.78,281.88,284.1,669700
FDS,2026-09-22,288.16,288.9,276.37,276.42,789145
FDS,2026-09-23,276.75,283.69,275.83,279.43,434100
FDS,2026-09-24,281.94,285.34,270.56,271.25,680000
FDS,2026-09-25,269.87,276.58,269.38,273.08,406400
FDS,2026-09-28,270.06,271.51,264.66,267.67,762300
FDS,2026-09-29,266.27,269.11,252.05,259.97,1286600
FDS,2026-09-30,261.99,272.23,258.5,269.95,1490900
FDS,2026-10-01,277.03,285.48,273.47,277.61,1344900
FDS,2026-10-02,275.44,275.44,264.47,266.0,566600
FDS,2026-10-05,266.4,276.79,263.07,276.44,589300
FDS,2026-10-06,275.53,276.67,271.43,272.01,617300
FDX,2026-09-17,307.7,309.26,304.95,305.88,1252400
FDX,2026-09-18,305.41,306.63,301.99,303.65,3028700
FDX,2026-09-21,303.18,303.18,291.25,295.79,2184200
FDX,2026-09-22,298.49,298.5,294.08,295.94,1405495
FDX,2026-09-23,295.01,295.99,291.39,291.5,1628600
FDX,2026-09-24,290.5,291.47,279.34,279.54,2574500
FDX,2026-09-25,281.0,286.6,279.23,285.85,2025500
FDX,2026-09-28,285.85,289.8,283.2,289.65,1890100
FDX,2026-09-29,289.76,290.16,285.23,287.47,1180300
FDX,2026-09-30,286.75,288.87,284.52,285.09,1722800
FDX,2026-10-01,287.59,288.31,283.99,287.07,1750400
FDX,2026-10-02,287.65,290.84,287.23,290.36,1462700
FDX,2026-10-05,291.0,292.05,285.04,289.13,1885000
FDX,2026-10-06,289.55,290.27,287.0,289.03,1016700
FDXF,2026-09-17,124.15,124.44,120.24,122.37,2105200
FDXF,2026-09-18,122.2,123.9,120.01,120.13,6265900
FDXF,2026-09-21,121.39,121.41,116.03,117.6,1681700
FDXF,2026-09-22,118.84,120.5,117.07,119.0,1725377
FDXF,2026-09-23,118.45,120.57,116.2,119.22,1438200
FDXF,2026-09-24,119.21,119.76,113.75,113.81,1922600
FDXF,2026-09-25,113.81,117.59,113.12,113.18,1531500
FDXF,2026-09-28,112.79,113.59,110.5,112.3,1490400
FDXF,2026-09-29,111.61,114.23,111.3,112.06,1111300
FDXF,2026-09-30,112.72,112.72,109.38,109.38,2118500
FDXF,2026-10-01,109.09,112.08,107.67,110.67,2564200
FDXF,2026-10-02,113.03,114.46,111.32,112.89,1553900
FDXF,2026-10-05,112.48,114.43,111.33,111.58,1477600
FDXF,2026-10-06,111.94,112.71,109.4,112.1,967200
FE,2026-09-17,45.52,45.76,45.31,45.73,2907200
FE,2026-09-18,45.52,45.6,45.14,45.26,5593800
FE,2026-09-21,45.25,45.31,44.89,44.97,3279900
FE,2026-09-22,44.9,45.27,44.71,44.73,2863162
FE,2026-09-23,44.55,44.58,43.63,43.65,4230100
FE,2026-09-24,43.7,43.84,43.17,43.19,4020000
FE,2026-09-25,43.13,43.37,42.81,43.3,4121400
FE,2026-09-28,43.21,43.28,42.67,43.02,3481100
FE,2026-09-29,42.85,43.68,42.76,43.64,4135400
FE,2026-09-30,43.86,43.92,43.33,43.33,4594800
FE,2026-10-01,43.09,43.48,42.71,43.39,7629100
FE,2026-10-02,43.61,43.95,43.33,43.34,5703000
FE,2026-10-05,43.38,44.01,43.05,43.64,4334700
FE,2026-10-06,43.87,44.26,43.8,44.26,3596400
FERG,2026-09-17,218.23,219.12,212.82,214.26,1888800
FERG,2026-09-18,213.24,215.38,213.01,214.43,2090500
FERG,2026-09-21,215.74,217.75,212.13,216.14,1220200
FERG,2026-09-22,218.97,221.66,217.92,221.17,1163479
FERG,2026-09-23,220.65,223.72,220.26,221.17,1453300
FERG,2026-09-24,219.78,224.35,218.48,220.17,1342500
FERG,2026-09-25,220.12,224.22,218.97,222.74,1228000
FERG,2026-09-28,221.3,227.94,220.04,227.3,2127600
FERG,2026-09-29,226.8,228.77,222.27,223.87,1361400
FERG,2026-09-30,224.86,225.96,222.24,222.62,1518800
FERG,2026-10-01,222.26,224.45,218.26,221.49,2017400
FERG,2026-10-02,224.18,226.18,222.54,223.33,1841800
FERG,2026-10-05,222.77,225.18,218.42,222.93,1312000
FERG,2026-10-06,223.56,227.4,223.27,223.33,994100
FFIV,2026-09-17,425.56,439.48,423.3,434.62,520100
FFIV,2026-09-18,439.13,439.83,423.82,432.03,1217600
FFIV,2026-09-21,433.0,451.02,432.06,450.1,682700
FFIV,2026-09-22,447.19,454.0,442.01,453.33,429876
FFIV,2026-09-23,453.92,462.0,452.17,455.99,480900
FFIV,2026-09-24,452.13,457.7,445.0,446.55,550900
FFIV,2026-09-25,446.55,452.17,441.86,443.06,428200
FFIV,2026-09-28,440.98,448.37,430.94,435.56,468500
FFIV,2026-09-29,435.58,441.95,428.93,438.07,663600
FFIV,2026-09-30,440.0,449.72,440.0,445.18,430500
FFIV,2026-10-01,448.93,450.94,440.69,443.68,551000
FFIV,2026-10-02,446.13,459.88,446.13,454.04,633200
FFIV,2026-10-05,453.22,461.49,452.88,458.53,377600
FFIV,2026-10-06,463.0,472.0,460.32,469.79,518400
FICO,2026-09-17,990.3,990.84,961.13,966.3,244700
FICO,2026-09-18,965.14,970.46,941.82,949.68,823300
FICO,2026-09-21,964.19,967.99,921.02,924.52,487400
FICO,2026-09-22,937.15,941.97,909.16,914.48,341931
FICO,2026-09-23,910.0,916.05,875.45,879.62,501800
FICO,2026-09-24,888.12,892.85,855.0,856.48,502100
FICO,2026-09-25,857.0,870.0,848.64,863.09,387400
FICO,2026-09-28,852.86,853.55,832.0,840.89,371100
FICO,2026-09-29,668.08,685.0,595.19,617.87,4902800
FICO,2026-09-30,602.02,612.01,586.05,592.47,2006900
FICO,2026-10-01,635.0,675.87,620.0,661.75,2987800
FICO,2026-10-02,614.0,675.5,609.0,661.25,1644400
FICO,2026-10-05,661.73,692.92,648.95,689.61,1167800
FICO,2026-10-06,694.79,703.86,676.0,695.46,1375900
FIS,2026-09-17,37.01,37.01,36.23,36.43,4815800
FIS,2026-09-18,36.15,36.45,35.53,35.62,9216100
FIS,2026-09-21,35.82,36.17,35.19,35.19,6090100
FIS,2026-09-22,35.62,35.69,34.82,34.96,4706269
FIS,2026-09-23,35.01,35.15,34.22,34.67,7204000
FIS,2026-09-24,35.17,35.54,34.46,34.99,5669300
FIS,2026-09-25,35.07,35.61,34.91,35.41,6238600
FIS,2026-09-28,35.16,35.16,34.27,34.31,8891500
FIS,2026-09-29,34.15,34.23,33.18,33.35,7426400
FIS,2026-09-30,33.36,33.52,32.75,32.9,5857300
FIS,2026-10-01,33.24,33.88,32.99,33.1,6829900
FIS,2026-10-02,33.12,33.12,32.1,32.44,7013600
FIS,2026-10-05,32.5,33.66,32.4,33.58,7940400
FIS,2026-10-06,33.66,33.86,33.23,33.42,5799100
FISV,2026-09-17,49.54,50.01,49.09,49.3,5125200
FISV,2026-09-18,49.37,49.38,47.14,47.19,11642800
FISV,2026-09-21,47.26,47.77,45.88,46.47,8636100
FISV,2026-09-22,47.12,47.25,45.76,46.1,7633373
FISV,2026-09-23,46.23,46.23,45.13,45.95,5622500
FISV,2026-09-24,46.06,46.6,45.23,45.98,8154000
FISV,2026-09-25,46.0,46.8,45.38,46.48,6684800
FISV,2026-09-28,46.01,46.62,44.82,46.02,9295400
FISV,2026-09-29,46.02,46.08,45.29,45.36,8713200
FISV,2026-09-30,45.25,45.85,44.92,45.18,6582300
FISV,2026-10-01,45.55,46.3,44.81,45.38,6030700
FISV,2026-10-02,45.27,45.34,43.87,44.36,6412000
FISV,2026-10-05,44.16,46.28,44.1,46.14,5898900
FISV,2026-10-06,46.28,46.28,45.43,45.48,4294900
FITB,2026-09-17,52.99,53.29,52.23,53.27,5371600
FITB,2026-09-18,53.28,53.59,52.72,52.91,9904800
FITB,2026-09-21,53.4,53.49,52.95,53.31,5310000
FITB,2026-09-22,53.79,53.99,52.35,52.76,8007041
FITB,2026-09-23,52.48,52.72,51.66,51.69,7453400
FITB,2026-09-24,51.65,51.94,50.78,51.46,8171600
FITB,2026-09-25,51.49,52.29,51.42,52.1,5959000
FITB,2026-09-28,51.84,52.07,51.43,51.57,5318500
FITB,2026-09-29,51.73,51.85,50.61,50.97,6212600
FITB,2026-09-30,50.78,51.1,50.44,50.58,9615400
FITB,2026-10-01,50.31,50.55,49.15,50.41,9868100
FITB,2026-10-02,50.8,51.32,50.54,50.87,5586000
FITB,2026-10-05,50.99,51.5,50.8,50.8,6862200
FITB,2026-10-06,51.14,51.37,50.63,51.0,4266600
FIX,2026-09-17,1639.27,1649.98,1570.0,1573.96,276000
FIX,2026-09-18,1592.8,1679.82,1581.0,1651.37,831300
FIX,2026-09-21,1667.72,1667.72,1606.12,1632.59,337000
FIX,2026-09-22,1605.0,1633.5,1596.31,1625.13,295181
FIX,2026-09-23,1626.8,1637.0,1604.65,1625.9,236300
FIX,2026-09-24,1584.0,1663.59,1570.0,1643.39,217300
FIX,2026-09-25,1656.27,1671.64,1625.01,1658.91,227800
FIX,2026-09-28,1655.82,1689.28,1628.0,1658.3,334300
FIX,2026-09-29,1681.64,1712.6,1642.64,1665.05,275000
FIX,2026-09-30,1677.78,1677.78,1640.32,1654.09,298700
FIX,2026-10-01,1658.0,1688.55,1624.77,1685.29,303000
FIX,2026-10-02,1714.05,1750.39,1706.44,1728.01,276600
FIX,2026-10-05,1723.93,1738.43,1690.0,1713.07,255700
FIX,2026-10-06,1725.0,1835.04,1720.0,1817.96,443400
FLEX,2026-09-17,111.29,112.94,108.88,109.02,3291800
FLEX,2026-09-18,109.55,109.64,107.51,108.51,9526600
FLEX,2026-09-21,110.48,111.97,107.8,111.61,2980700
FLEX,2026-09-22,110.46,114.99,110.01,114.45,2731089
FLEX,2026-09-23,114.07,115.77,111.67,112.3,3917700
FLEX,2026-09-24,109.5,114.1,108.86,112.4,3107400
FLEX,2026-09-25,114.43,120.76,114.25,114.68,3022900
FLEX,2026-09-28,112.5,114.37,110.28,113.04,2347500
FLEX,2026-09-29,115.45,115.71,111.53,113.83,2159000
FLEX,2026-09-30,113.71,114.03,109.61,109.99,3264800
FLEX,2026-10-01,111.41,113.5,108.06,112.78,2095600
FLEX,2026-10-02,115.39,117.84,113.99,116.61,1953500
FLEX,2026-10-05,116.99,121.48,116.5,116.76,2604500
FLEX,2026-10-06,118.01,121.84,116.2,121.38,2706800
FOX,2026-09-17,59.37,59.37,58.24,58.43,828900
FOX,2026-09-18,57.99,58.28,57.06,57.74,5969300
FOX,2026-09-21,58.05,58.6,57.7,57.9,903900
FOX,2026-09-22,58.33,58.33,57.14,57.32,859498
FOX,2026-09-23,57.3,57.32,56.44,56.96,1146100
FOX,2026-09-24,57.15,57.57,56.35,57.2,947100
FOX,2026-09-25,56.86,57.17,56.05,56.54,676000
FOX,2026-09-28,56.25,57.03,55.56,56.55,563400
FOX,2026-09-29,56.37,56.37,55.41,55.83,644100
FOX,2026-09-30,56.2,56.88,56.1,56.3,1601200
FOX,2026-10-01,56.36,56.36,53.9,54.92,1625500
FOX,2026-10-02,54.93,56.09,54.4,55.89,1030100
FOX,2026-10-05,55.6,56.72,54.67,56.7,1055300
FOX,2026-10-06,56.46,56.7,54.78,55.58,700000
FOXA,2026-09-17,66.07,66.28,64.88,64.98,4197300
FOXA,2026-09-18,64.41,64.9,63.57,64.45,13252400
FOXA,2026-09-21,64.79,65.74,64.51,64.79,6039200
FOXA,2026-09-22,65.1,65.39,63.9,64.25,4986205
FOXA,2026-09-23,64.11,64.11,63.09,63.96,4677500
FOXA,2026-09-24,63.8,64.35,63.26,63.84,4093200
FOXA,2026-09-25,63.6,63.6,62.62,63.07,3645100
FOXA,2026-09-28,62.81,63.74,62.0,63.06,2937800
FOXA,2026-09-29,62.83,62.88,61.89,62.48,3618400
FOXA,2026-09-30,62.48,63.59,62.48,62.65,3996700
FOXA,2026-10-01,62.64,62.64,60.26,61.28,4823800
FOXA,2026-10-02,61.3,62.48,60.53,62.28,4696100
FOXA,2026-10-05,61.78,63.4,60.93,63.33,5043800
FOXA,2026-10-06,63.28,63.52,61.08,62.08,4605400
FRT,2026-09-17,112.86,112.86,111.43,111.76,916000
FRT,2026-09-18,111.84,111.84,110.65,110.91,1647100
FRT,2026-09-21,111.31,111.48,109.27,110.63,1472300
FRT,2026-09-22,110.96,111.43,110.0,110.46,1072639
FRT,2026-09-23,110.15,110.66,109.31,109.39,765000
FRT,2026-09-24,109.5,110.6,109.39,110.35,1049400
FRT,2026-09-25,110.41,110.62,109.31,110.52,1340800
FRT,2026-09-28,110.38,110.99,108.73,109.83,1284700
FRT,2026-09-29,109.29,110.08,108.48,109.39,1021300
FRT,2026-09-30,109.67,109.69,108.21,108.29,1304000
FRT,2026-10-01,106.75,108.27,105.63,108.03,1005500
FRT,2026-10-02,107.02,108.9,106.5,106.69,1093400
FRT,2026-10-05,106.7,107.27,105.78,105.97,852100
FRT,2026-10-06,105.95,107.16,105.78,106.2,622100
FSLR,2026-09-17,193.15,203.52,192.72,201.16,2660000
FSLR,2026-09-18,202.11,202.41,192.42,195.96,2760900
FSLR,2026-09-21,198.22,201.16,193.73,199.84,1835500
FSLR,2026-09-22,200.89,202.46,198.53,200.78,2042475
FSLR,2026-09-23,200.39,201.49,191.15,191.97,2116500
FSLR,2026-09-24,190.0,190.0,170.8,172.16,6351300
FSLR,2026-09-25,174.09,180.92,173.44,177.71,3153300
FSLR,2026-09-28,178.13,178.23,172.2,172.97,2243100
FSLR,2026-09-29,174.22,177.05,172.0,176.93,2402000
FSLR,2026-09-30,178.5,178.68,174.83,175.16,1921200
FSLR,2026-10-01,174.5,174.75,168.6,172.11,2546400
FSLR,2026-10-02,174.97,178.27,173.1,174.61,1902900
FSLR,2026-10-05,174.8,176.5,171.86,176.16,1540100
FSLR,2026-10-06,177.5,181.43,176.7,179.8,1766300
FTNT,2026-09-17,170.08,176.1,167.77,172.58,5474600
FTNT,2026-09-18,172.46,172.94,166.09,169.84,12740400
FTNT,2026-09-21,170.19,175.69,167.41,175.23,3176600
FTNT,2026-09-22,176.09,176.09,170.24,174.26,4113380
FTNT,2026-09-23,176.47,179.35,173.37,178.74,3411500
FTNT,2026-09-24,178.65,181.37,176.76,178.67,3758300
FTNT,2026-09-25,177.3,177.78,172.83,173.46,2507400
FTNT,2026-09-28,170.7,176.91,169.56,176.33,2830800
FTNT,2026-09-29,174.5,176.65,172.42,175.96,2487500
FTNT,2026-09-30,175.67,180.49,174.74,178.76,3112000
FTNT,2026-10-01,179.05,180.0,175.02,178.72,2962800
FTNT,2026-10-02,182.09,183.09,180.04,180.95,3412200
FTNT,2026-10-05,180.13,184.63,179.41,184.13,3060200
FTNT,2026-10-06,187.51,192.41,186.5,191.27,4242900
FTV,2026-09-17,55.77,55.77,54.81,55.07,2344000
FTV,2026-09-18,55.1,55.1,54.38,55.0,4818900
FTV,2026-09-21,55.18,55.56,54.85,55.09,1616200
FTV,2026-09-22,55.81,56.11,55.34,55.95,1638613
FTV,2026-09-23,55.68,56.4,55.59,56.26,1647100
FTV,2026-09-24,56.14,56.28,55.32,55.44,2209900
FTV,2026-09-25,55.45,56.44,55.41,56.09,1702800
FTV,2026-09-28,55.6,55.89,55.12,55.76,1829500
FTV,2026-09-29,55.56,55.76,54.76,55.41,1565000
FTV,2026-09-30,55.51,55.51,54.81,54.81,2056700
FTV,2026-10-01,54.81,55.92,54.64,55.84,2154200
FTV,2026-10-02,56.35,57.69,56.06,57.47,2585400
FTV,2026-10-05,57.35,57.92,56.98,57.38,3653000
FTV,2026-10-06,57.67,58.28,57.54,57.89,2452200
GD,2026-09-17,361.23,362.39,353.39,355.95,1152000
GD,2026-09-18,355.48,355.72,349.84,353.05,2693600
GD,2026-09-21,352.74,355.05,351.41,353.9,926700
GD,2026-09-22,353.95,354.67,342.21,343.39,1274620
GD,2026-09-23,344.19,348.76,343.05,343.33,1085300
GD,2026-09-24,343.0,344.74,336.19,336.29,1570300
GD,2026-09-25,336.21,339.99,335.0,336.72,1463100
GD,2026-09-28,334.86,337.3,332.59,334.16,1870400
GD,2026-09-29,331.46,335.47,330.36,332.34,1702800
GD,2026-09-30,332.06,334.72,329.41,331.83,1041100
GD,2026-10-01,331.3,334.38,331.04,332.72,1264300
GD,2026-10-02,333.02,333.22,328.0,330.09,1416000
GD,2026-10-05,330.0,333.0,327.42,331.72,1378900
GD,2026-10-06,329.89,332.78,327.64,331.33,1352800
GDDY,2026-09-17,99.7,100.2,96.32,98.15,1765000
GDDY,2026-09-18,97.48,98.5,95.8,97.46,5598600
GDDY,2026-09-21,98.32,105.03,97.75,104.77,2677200
GDDY,2026-09-22,105.85,105.99,97.52,98.24,3882815
GDDY,2026-09-23,98.16,98.16,92.37,96.38,3754000
GDDY,2026-09-24,97.22,110.35,94.71,100.81,9574900
GDDY,2026-09-25,99.3,100.37,96.33,97.14,2705600
GDDY,2026-09-28,96.0,96.12,93.48,93.71,2266700
GDDY,2026-09-29,93.8,94.62,91.84,94.06,2201000
GDDY,2026-09-30,94.46,96.64,93.87,95.51,1712300
GDDY,2026-10-01,97.5,98.12,94.7,96.98,1303300
GDDY,2026-10-02,96.88,97.4,95.62,97.21,1720400
GDDY,2026-10-05,97.0,99.95,96.57,99.74,1556800
GDDY,2026-10-06,99.26,99.73,97.2,98.18,1624000
GE,2026-09-17,316.79,318.68,313.47,313.47,5326800
GE,2026-09-18,313.63,314.53,309.62,314.27,10440000
GE,2026-09-21,317.54,322.14,313.81,319.01,3794700
GE,2026-09-22,322.33,322.5,314.36,319.22,3358649
GE,2026-09-23,318.4,325.92,317.62,319.8,4353100
GE,2026-09-24,317.54,323.17,315.48,319.78,3726300
GE,2026-09-25,321.9,329.17,319.64,327.09,4287300
GE,2026-09-28,321.46,323.0,315.24,318.24,4173000
GE,2026-09-29,318.87,324.08,316.58,317.89,3731400
GE,2026-09-30,317.89,317.91,312.25,312.29,4186400
GE,2026-10-01,310.19,315.5,309.6,312.39,3438600
GE,2026-10-02,316.5,318.5,308.19,309.56,4163300
GE,2026-10-05,309.13,309.68,305.36,306.34,5408700
GE,2026-10-06,306.5,310.85,304.0,309.39,3517300
GEHC,2026-09-17,63.95,65.25,62.99,64.44,4512500
GEHC,2026-09-18,64.26,64.7,63.89,64.13,7621700
GEHC,2026-09-21,64.24,65.1,63.71,64.81,3496000
GEHC,2026-09-22,66.28,67.08,66.0,66.27,3882243
GEHC,2026-09-23,66.16,66.46,65.62,66.09,3169300
GEHC,2026-09-24,66.14,66.48,65.19,66.38,3966300
GEHC,2026-09-25,66.2,67.01,65.75,66.63,4159300
GEHC,2026-09-28,66.29,67.1,65.96,66.78,4080800
GEHC,2026-09-29,66.32,66.76,65.61,66.46,3311800
GEHC,2026-09-30,66.35,66.55,65.37,65.37,2689800
GEHC,2026-10-01,65.37,65.54,63.86,63.98,3308900
GEHC,2026-10-02,64.73,64.99,63.96,64.29,3243800
GEHC,2026-10-05,63.62,65.86,63.37,65.74,4299500
GEHC,2026-10-06,66.04,66.55,64.67,64.77,3553200
GEN,2026-09-17,30.6,30.81,30.17,30.21,4768900
GEN,2026-09-18,30.19,30.21,28.9,29.01,19120800
GEN,2026-09-21,29.53,29.53,28.82,29.15,5538900
GEN,2026-09-22,29.52,29.59,26.8,27.29,12586250
GEN,2026-09-23,27.31,27.39,26.18,26.23,10346300
GEN,2026-09-24,26.32,27.07,23.01,23.07,32101100
GEN,2026-09-25,22.91,22.99,21.36,21.62,29874300
GEN,2026-09-28,21.49,21.56,20.74,20.85,18006200
GEN,2026-09-29,21.2,21.83,20.34,20.85,22902100
GEN,2026-09-30,20.94,22.38,20.75,22.02,19490300
GEN,2026-10-01,22.49,22.56,21.82,22.25,11050900
GEN,2026-10-02,22.41,22.88,21.9,21.99,12165300
GEN,2026-10-05,22.03,22.64,21.98,22.28,11822000
GEN,2026-10-06,22.35,23.01,22.33,22.8,7998300
GEV,2026-09-17,962.04,971.34,924.09,924.93,3236100
GEV,2026-09-18,934.97,949.51,926.2,940.33,4105000
GEV,2026-09-21,955.0,962.85,945.42,946.22,2593900
GEV,2026-09-22,935.0,958.99,932.19,950.28,2112286
GEV,2026-09-23,950.0,954.77,934.47,951.82,1678200
GEV,2026-09-24,933.1,959.75,921.53,955.04,1683000
GEV,2026-09-25,961.33,965.34,943.39,957.63,1352300
GEV,2026-09-28,953.22,967.0,944.85,949.77,1648100
GEV,2026-09-29,962.67,973.41,954.45,962.49,1472200
GEV,2026-09-30,969.45,971.99,947.42,950.49,1752400
GEV,2026-10-01,947.42,1003.78,942.0,987.45,2945000
GEV,2026-10-02,1004.0,1006.0,960.53,988.7,2155000
GEV,2026-10-05,988.06,996.43,973.7,990.0,1665600
GEV,2026-10-06,1001.35,1052.78,995.05,1029.21,2528000
GILD,2026-09-17,148.78,151.04,146.89,150.89,7842200
GILD,2026-09-18,150.56,153.23,149.57,150.11,16412100
GILD,2026-09-21,150.11,152.1,148.22,150.56,5569200
GILD,2026-09-22,150.56,153.28,148.65,152.67,5048040
GILD,2026-09-23,153.6,154.2,150.06,151.37,6191700
GILD,2026-09-24,151.1,152.98,149.59,149.69,5074700
GILD,2026-09-25,150.05,151.0,148.02,150.93,5284300
GILD,2026-09-28,149.8,152.74,149.41,152.21,5076500
GILD,2026-09-29,150.18,152.63,148.79,151.28,5322400
GILD,2026-09-30,150.88,151.28,148.98,149.05,5357200
GILD,2026-10-01,149.44,149.44,147.19,147.5,4438500
GILD,2026-10-02,147.65,148.0,144.0,144.74,5043900
GILD,2026-10-05,143.21,145.16,142.79,144.63,6137600
GILD,2026-10-06,145.11,146.14,142.6,144.23,3723400
GIS,2026-09-17,36.99,37.21,36.5,36.66,5402900
GIS,2026-09-18,36.48,36.95,36.29,36.32,16384600
GIS,2026-09-21,36.27,36.53,35.41,35.41,9955200
GIS,2026-09-22,35.96,36.13,35.38,35.45,10284740
GIS,2026-09-23,35.74,36.0,34.55,35.82,15612300
GIS,2026-09-24,35.96,35.96,34.78,34.83,12542400
GIS,2026-09-25,34.76,34.89,33.6,33.64,10595500
GIS,2026-09-28,33.6,34.07,33.21,33.6,10681700
GIS,2026-09-29,33.33,34.09,33.28,33.82,9087100
GIS,2026-09-30,33.8,33.89,32.0,32.16,12741200
GIS,2026-10-01,32.17,32.24,31.18,31.67,17143400
GIS,2026-10-02,31.72,32.24,31.43,32.01,13649800
GIS,2026-10-05,31.97,32.09,31.3,31.68,12391000
GIS,2026-10-06,31.85,32.36,31.7,32.18,10452000
GL,2026-09-17,174.07,174.46,172.2,172.26,292900
GL,2026-09-18,171.52,173.45,170.2,173.42,717100
GL,2026-09-21,173.86,174.35,171.56,172.16,320900
GL,2026-09-22,173.21,174.37,168.82,169.43,389799
GL,2026-09-23,168.35,171.63,167.83,168.75,454500
GL,2026-09-24,169.03,170.45,167.25,167.32,765300
GL,2026-09-25,167.88,168.1,166.05,167.04,594800
GL,2026-09-28,166.97,168.14,166.41,166.69,451800
GL,2026-09-29,165.64,166.56,164.62,166.08,391700
GL,2026-09-30,166.06,167.16,165.12,165.65,425200
GL,2026-10-01,167.57,167.57,163.93,165.83,801700
GL,2026-10-02,165.77,166.95,164.24,165.68,296700
GL,2026-10-05,165.14,166.3,164.35,165.92,375500
GL,2026-10-06,166.17,167.75,165.79,166.28,643800
GLW,2026-09-17,151.35,155.75,147.37,147.8,8457100
GLW,2026-09-18,152.0,153.77,148.68,150.13,14468700
GLW,2026-09-21,156.37,159.87,151.92,158.98,9213000
GLW,2026-09-22,157.23,160.71,155.15,159.69,6712031
GLW,2026-09-23,160.16,160.56,153.6,154.48,5523100
GLW,2026-09-24,150.51,156.36,149.6,154.15,5397500
GLW,2026-09-25,156.0,157.72,154.2,156.74,5634000
GLW,2026-09-28,154.26,155.66,149.26,151.59,7283400
GLW,2026-09-29,157.06,161.39,155.62,158.71,7566400
GLW,2026-09-30,158.5,160.47,152.68,153.76,6316700
GLW,2026-10-01,153.89,160.99,151.15,160.42,7875400
GLW,2026-10-02,164.0,165.14,159.5,164.19,7501300
GLW,2026-10-05,164.68,164.84,158.44,159.37,6552200
GLW,2026-10-06,161.01,170.63,160.5,168.97,8863300
GM,2026-09-17,86.19,87.86,86.15,86.62,8831900
GM,2026-09-18,86.16,86.49,81.4,82.2,21137500
GM,2026-09-21,82.38,84.88,82.2,83.95,7936400
GM,2026-09-22,84.85,85.2,82.95,83.45,6212063
GM,2026-09-23,83.05,84.57,82.76,83.77,4730100
GM,2026-09-24,83.36,83.7,80.04,80.57,7934900
GM,2026-09-25,80.94,83.5,80.88,82.63,7222600
GM,2026-09-28,81.9,82.69,80.43,80.64,8047800
GM,2026-09-29,80.77,81.1,79.58,80.47,6250800
GM,2026-09-30,80.66,80.77,76.91,77.0,9765600
GM,2026-10-01,76.5,79.36,76.44,79.31,8437600
GM,2026-10-02,79.89,79.89,77.97,78.27,9088600
GM,2026-10-05,78.99,80.96,78.66,80.23,6490600
GM,2026-10-06,81.43,82.15,80.69,82.01,5209600
GNRC,2026-09-17,229.5,231.89,202.26,207.23,8030500
GNRC,2026-09-18,209.52,214.85,201.58,207.44,3038300
GNRC,2026-09-21,210.0,212.46,203.98,204.96,1614100
GNRC,2026-09-22,204.63,208.55,201.29,206.17,1498762
GNRC,2026-09-23,204.39,206.29,198.78,199.42,1115200
GNRC,2026-09-24,195.1,199.5,193.96,198.05,870100
GNRC,2026-09-25,200.03,208.9,199.84,208.14,1176100
GNRC,2026-09-28,207.41,208.36,200.71,205.21,961100
GNRC,2026-09-29,207.9,212.41,205.25,212.22,1274300
GNRC,2026-09-30,212.53,214.0,205.77,206.95,818900
GNRC,2026-10-01,206.0,209.2,201.95,207.91,984300
GNRC,2026-10-02,211.75,218.59,211.02,216.8,1113100
GNRC,2026-10-05,215.46,216.36,211.29,215.2,930700
GNRC,2026-10-06,216.37,227.15,215.47,223.62,1027900
GOOG,2026-09-17,345.0,345.96,340.5,343.68,15287100
GOOG,2026-09-18,351.22,355.13,343.87,344.41,34044600
GOOG,2026-09-21,346.19,353.3,344.8,350.87,18221100
GOOG,2026-09-22,353.5,359.98,345.74,347.41,19629631
GOOG,2026-09-23,346.3,346.33,334.2,334.98,23181300
GOOG,2026-09-24,333.0,339.31,332.81,339.01,15947800
GOOG,2026-09-25,338.92,343.6,337.91,341.08,13835100
GOOG,2026-09-28,337.6,340.11,336.6,339.16,13820900
GOOG,2026-09-29,338.54,339.64,335.02,337.32,13980700
GOOG,2026-09-30,340.65,349.05,337.72,340.74,24129300
GOOG,2026-10-01,347.76,350.09,332.65,334.93,19979400
GOOG,2026-10-02,338.1,342.78,337.96,340.35,17469400
GOOG,2026-10-05,339.21,344.99,339.15,343.83,13945200
GOOG,2026-10-06,344.64,345.67,341.7,344.59,13150900
GOOGL,2026-09-17,348.68,349.5,343.89,347.33,19203100
GOOGL,2026-09-18,357.31,359.44,348.45,349.54,47526100
GOOGL,2026-09-21,350.64,357.61,349.1,354.97,30395000
GOOGL,2026-09-22,357.9,364.17,350.22,351.16,29504115
GOOGL,2026-09-23,349.86,350.0,337.45,337.83,35463700
GOOGL,2026-09-24,336.22,343.09,336.02,342.36,23746900
GOOGL,2026-09-25,342.35,347.03,341.11,343.92,21854700
GOOGL,2026-09-28,340.7,343.59,339.56,342.75,19299900
GOOGL,2026-09-29,341.95,342.84,338.02,340.92,21010200
GOOGL,2026-09-30,344.15,352.6,340.99,344.08,37196700
GOOGL,2026-10-01,350.79,353.22,335.51,338.24,33167100
GOOGL,2026-10-02,341.32,345.77,341.16,343.5,23738200
GOOGL,2026-10-05,342.59,348.09,342.4,346.47,25591100
GOOGL,2026-10-06,347.37,349.09,344.68,347.68,18394700
GPC,2026-09-17,132.71,132.85,130.57,130.88,843700
GPC,2026-09-18,130.21,130.44,127.58,128.08,2819200
GPC,2026-09-21,128.86,130.0,126.24,126.45,1024400
GPC,2026-09-22,128.92,131.45,127.84,129.59,814278
GPC,2026-09-23,128.84,130.41,127.47,128.76,691700
GPC,2026-09-24,129.18,130.32,128.09,129.26,786600
GPC,2026-09-25,129.3,131.09,128.34,129.61,537900
GPC,2026-09-28,128.13,129.82,127.54,128.13,741400
GPC,2026-09-29,127.55,128.78,126.62,126.95,552500
GPC,2026-09-30,127.88,128.12,125.57,125.74,830500
GPC,2026-10-01,124.99,126.59,123.93,125.12,981200
GPC,2026-10-02,126.32,127.88,125.48,127.24,777900
GPC,2026-10-05,127.13,127.48,124.95,126.24,707900
GPC,2026-10-06,126.95,128.91,126.92,127.38,740200
GPN,2026-09-17,86.95,87.41,85.38,85.4,1840000
GPN,2026-09-18,84.99,85.66,84.14,85.06,5788300
GPN,2026-09-21,85.71,86.61,84.18,85.29,2672800
GPN,2026-09-22,86.15,86.25,84.37,84.78,2586373
GPN,2026-09-23,84.46,85.44,83.19,84.0,2437400
GPN,2026-09-24,84.23,85.46,83.14,85.31,2258200
GPN,2026-09-25,86.21,86.77,84.97,86.49,2159300
GPN,2026-09-28,85.05,85.64,83.76,84.7,1889300
GPN,2026-09-29,84.57,84.57,82.81,83.33,1814300
GPN,2026-09-30,83.4,83.81,81.36,81.67,2356700
GPN,2026-10-01,82.0,83.13,79.97,80.29,2718800
GPN,2026-10-02,80.3,80.5,77.92,78.38,2516700
GPN,2026-10-05,78.3,82.47,78.03,82.18,2421100
GPN,2026-10-06,82.61,82.98,81.25,81.79,1787000
GRMN,2026-09-17,280.97,284.0,273.62,275.35,1130900
GRMN,2026-09-18,273.25,275.0,270.93,274.06,2423300
GRMN,2026-09-21,276.24,280.57,272.71,280.31,566900
GRMN,2026-09-22,282.03,284.93,273.23,284.67,1170759
GRMN,2026-09-23,283.77,288.22,283.09,287.58,593500
GRMN,2026-09-24,286.3,295.53,284.57,295.04,786900
GRMN,2026-09-25,296.51,297.19,291.89,294.14,549300
GRMN,2026-09-28,291.85,294.95,291.29,294.05,699200
GRMN,2026-09-29,293.7,294.95,284.54,290.23,945200
GRMN,2026-09-30,290.77,295.61,286.84,286.84,837000
GRMN,2026-10-01,286.65,288.84,281.56,282.46,633200
GRMN,2026-10-02,284.01,286.47,280.09,281.16,833700
GRMN,2026-10-05,281.16,288.09,281.16,285.52,731100
GRMN,2026-10-06,285.92,286.47,278.38,279.21,696900
GS,2026-09-17,940.1,957.97,922.0,951.47,3286700
GS,2026-09-18,948.96,952.99,939.55,942.0,3980200
GS,2026-09-21,956.5,962.22,942.62,959.39,1863000
GS,2026-09-22,967.39,966.35,936.78,949.49,2033514
GS,2026-09-23,940.73,954.98,933.68,936.36,2131500
GS,2026-09-24,931.0,933.41,914.68,923.29,2352600
GS,2026-09-25,927.5,935.83,915.3,935.45,1955500
GS,2026-09-28,930.94,932.0,914.5,916.28,1796800
GS,2026-09-29,918.25,919.62,903.85,916.24,1856800
GS,2026-09-30,915.0,916.05,900.36,900.36,1823300
GS,2026-10-01,896.09,901.63,881.0,896.67,2581800
GS,2026-10-02,905.51,913.0,897.26,902.56,1606500
GS,2026-10-05,901.45,905.24,886.88,893.46,1897300
GS,2026-10-06,901.57,905.94,896.0,897.18,2048700
GWW,2026-09-17,1275.0,1278.25,1250.6,1262.61,236100
GWW,2026-09-18,1260.15,1270.64,1252.1,1266.61,355000
GWW,2026-09-21,1269.95,1279.16,1252.97,1277.79,212900
GWW,2026-09-22,1283.86,1289.94,1260.32,1268.62,296768
GWW,2026-09-23,1266.6,1276.42,1262.26,1270.67,316700
GWW,2026-09-24,1271.62,1296.34,1269.45,1279.47,229700
GWW,2026-09-25,1260.0,1265.11,1237.47,1243.07,389900
GWW,2026-09-28,1240.98,1257.81,1236.29,1255.69,365500
GWW,2026-09-29,1248.93,1257.05,1242.69,1248.67,257700
GWW,2026-09-30,1252.26,1257.8,1242.41,1245.76,273200
GWW,2026-10-01,1240.0,1282.27,1240.0,1281.68,299100
GWW,2026-10-02,1289.01,1300.0,1274.8,1280.3,270900
GWW,2026-10-05,1277.04,1292.35,1267.15,1286.84,207500
GWW,2026-10-06,1286.61,1287.26,1272.14,1275.56,218100
HAL,2026-09-17,34.4,34.63,33.82,34.03,13477100
HAL,2026-09-18,33.85,33.97,33.58,33.64,18680900
HAL,2026-09-21,33.52,33.75,32.84,33.39,9196900
HAL,2026-09-22,33.0,33.43,32.71,32.85,11764744
HAL,2026-09-23,33.02,33.46,32.73,33.01,6224700
HAL,2026-09-24,33.35,33.41,32.68,32.76,7591600
HAL,2026-09-25,32.4,32.81,32.22,32.76,9833000
HAL,2026-09-28,32.97,32.97,32.34,32.43,10525600
HAL,2026-09-29,32.02,32.15,31.45,31.54,9760200
HAL,2026-09-30,31.6,32.05,31.26,31.8,13872800
HAL,2026-10-01,31.7,31.99,31.49,31.88,9731900
HAL,2026-10-02,31.67,32.24,31.5,31.85,8102800
HAL,2026-10-05,31.93,33.11,31.77,32.78,9045100
HAL,2026-10-06,32.5,32.81,31.96,32.72,6801900
HAS,2026-09-17,90.74,90.74,88.74,88.76,1109000
HAS,2026-09-18,88.76,88.8,87.02,87.57,3855200
HAS,2026-09-21,87.26,88.39,86.35,87.72,1459400
HAS,2026-09-22,89.03,89.66,86.9,86.91,2639154
HAS,2026-09-23,86.32,86.84,85.4,86.52,1985600
HAS,2026-09-24,86.73,87.67,85.37,86.81,1692900
HAS,2026-09-25,87.1,88.3,86.57,88.09,1562000
HAS,2026-09-28,87.56,90.6,87.34,89.45,1821800
HAS,2026-09-29,89.75,90.09,87.57,88.26,1766400
HAS,2026-09-30,88.26,89.29,87.6,87.68,1259900
HAS,2026-10-01,87.68,91.62,86.85,89.98,3380500
HAS,2026-10-02,90.1,90.85,89.33,89.54,1819500
HAS,2026-10-05,89.65,92.43,89.65,92.38,2127000
HAS,2026-10-06,92.38,92.94,90.55,91.03,1708100
HBAN,2026-09-17,15.9,15.98,15.55,15.88,37149400
HBAN,2026-09-18,15.86,15.94,15.69,15.88,53642300
HBAN,2026-09-21,16.0,16.06,15.94,16.04,24038200
HBAN,2026-09-22,16.14,16.15,15.57,15.69,28318412
HBAN,2026-09-23,15.56,15.67,15.38,15.38,27530100
HBAN,2026-09-24,15.38,15.47,15.19,15.31,46691800
HBAN,2026-09-25,15.39,15.74,15.32,15.64,33485800
HBAN,2026-09-28,15.54,15.6,15.28,15.3,29728900
HBAN,2026-09-29,15.34,15.43,15.08,15.27,28398300
HBAN,2026-09-30,15.29,15.42,15.21,15.26,34788800
HBAN,2026-10-01,15.2,15.27,14.82,15.19,26150200
HBAN,2026-10-02,15.3,15.42,15.21,15.33,20608300
HBAN,2026-10-05,15.36,15.41,15.23,15.29,19460100
HBAN,2026-10-06,15.31,15.45,15.24,15.33,30266700
HCA,2026-09-17,431.99,433.51,426.52,429.04,1188000
HCA,2026-09-18,429.17,436.14,425.37,427.71,5444100
HCA,2026-09-21,427.75,434.07,423.43,425.97,1418500
HCA,2026-09-22,426.37,442.52,428.32,438.12,1496485
HCA,2026-09-23,441.42,446.36,433.83,436.48,1314000
HCA,2026-09-24,437.36,442.21,423.39,423.48,1050600
HCA,2026-09-25,421.59,435.78,420.0,435.61,1020200
HCA,2026-09-28,431.16,443.15,431.16,432.6,1045200
HCA,2026-09-29,430.07,433.13,426.61,431.63,883900
HCA,2026-09-30,430.25,434.07,425.96,426.74,1238100
HCA,2026-10-01,427.25,434.46,422.45,423.39,1098900
HCA,2026-10-02,425.78,430.22,424.23,426.69,929800
HCA,2026-10-05,426.7,437.27,426.0,434.92,1148800
HCA,2026-10-06,433.61,438.11,429.49,432.2,999200
HD,2026-09-17,307.01,310.4,302.5,302.51,4152600
HD,2026-09-18,298.68,302.25,298.25,299.98,8191600
HD,2026-09-21,301.0,301.74,295.39,297.2,5404400
HD,2026-09-22,302.08,306.31,300.18,305.35,5448885
HD,2026-09-23,303.43,304.13,296.67,296.72,4684900
HD,2026-09-24,296.0,299.1,291.07,292.18,7053800
HD,2026-09-25,292.69,297.14,291.4,293.2,5968600
HD,2026-09-28,290.27,293.91,289.31,289.89,5387300
HD,2026-09-29,290.91,291.83,287.34,288.04,6009200
HD,2026-09-30,290.4,290.54,284.01,284.49,5766600
HD,2026-10-01,283.11,283.85,277.15,282.46,7776600
HD,2026-10-02,286.56,287.7,280.89,282.85,4791200
HD,2026-10-05,283.54,283.54,279.76,281.15,4261500
HD,2026-10-06,283.23,287.14,282.13,286.69,4502100
HIG,2026-09-17,135.37,135.68,132.76,133.14,1477300
HIG,2026-09-18,132.25,132.78,131.16,131.89,4936400
HIG,2026-09-21,131.69,132.37,130.72,130.73,1665600
HIG,2026-09-22,130.63,130.73,128.6,128.73,1712779
HIG,2026-09-23,128.06,129.69,126.47,126.59,1761500
HIG,2026-09-24,127.08,127.79,125.52,125.69,1391400
HIG,2026-09-25,125.46,125.9,124.09,124.23,1671700
HIG,2026-09-28,124.39,126.34,123.83,126.04,2051000
HIG,2026-09-29,124.96,126.47,124.81,125.85,1562400
HIG,2026-09-30,124.36,125.18,122.36,122.36,2764300
HIG,2026-10-01,120.42,126.19,120.42,125.74,2718500
HIG,2026-10-02,125.76,126.32,124.76,126.05,1585500
HIG,2026-10-05,125.69,127.26,125.69,126.21,2416900
HIG,2026-10-06,126.09,127.93,125.83,126.79,1368600
HII,2026-09-17,279.72,283.25,275.52,277.14,421700
HII,2026-09-18,277.13,277.14,270.15,272.86,1455100
HII,2026-09-21,273.39,276.78,272.23,276.1,425100
HII,2026-09-22,278.0,278.78,268.09,270.95,534454
HII,2026-09-23,269.99,274.35,268.07,269.8,476600
HII,2026-09-24,270.0,271.99,265.58,266.0,375600
HII,2026-09-25,265.0,266.05,261.71,264.02,305700
HII,2026-09-28,261.69,262.51,256.81,257.05,593800
HII,2026-09-29,257.44,262.5,256.79,259.64,519900
HII,2026-09-30,267.12,269.87,262.91,267.07,769600
HII,2026-10-01,269.09,275.98,266.39,274.33,807200
HII,2026-10-02,274.9,275.51,267.31,268.54,655700
HII,2026-10-05,269.52,271.12,264.93,266.48,566100
HII,2026-10-06,269.9,269.9,258.57,263.75,608700
HLT,2026-09-17,308.6,308.6,302.53,302.54,1724300
HLT,2026-09-18,302.19,305.79,302.11,305.73,2945200
HLT,2026-09-21,306.03,309.16,304.11,307.08,2128300
HLT,2026-09-22,311.64,314.0,307.26,308.44,1738956
HLT,2026-09-23,307.25,310.47,305.82,307.22,1565500
HLT,2026-09-24,307.57,314.04,306.9,312.13,1683400
HLT,2026-09-25,313.05,315.28,310.35,313.96,1532700
HLT,2026-09-28,312.6,321.72,311.24,320.28,1913000
HLT,2026-09-29,324.51,325.93,318.31,323.44,1430600
HLT,2026-09-30,324.97,325.69,317.81,318.12,1334700
HLT,2026-10-01,317.95,319.15,313.67,315.44,1509900
HLT,2026-10-02,319.0,321.59,316.77,319.36,1124400
HLT,2026-10-05,318.88,319.86,316.04,316.12,1424000
HLT,2026-10-06,318.06,324.66,317.95,322.61,1317100
HON,2026-09-17,209.04,209.58,204.5,206.49,3381500
HON,2026-09-18,206.49,207.48,204.26,206.46,7042200
HON,2026-09-21,206.9,207.63,204.29,206.48,3436000
HON,2026-09-22,207.92,212.24,206.49,211.85,4679542
HON,2026-09-23,209.0,213.01,209.0,212.57,2480100
HON,2026-09-24,212.2,212.97,209.18,211.79,2144100
HON,2026-09-25,211.54,213.64,210.75,212.55,1827400
HON,2026-09-28,211.15,212.81,209.73,211.52,2182500
HON,2026-09-29,211.9,213.37,209.02,210.13,2026600
HON,2026-09-30,210.81,211.92,209.5,210.94,1901000
HON,2026-10-01,210.94,215.03,210.01,213.8,2413100
HON,2026-10-02,216.08,216.13,212.54,213.99,1799200
HON,2026-10-05,214.57,215.1,212.14,214.14,1744400
HON,2026-10-06,213.74,215.37,210.74,212.87,3194700
HONA,2026-09-17,169.74,169.74,164.75,167.13,7623300
HONA,2026-09-18,166.99,167.15,162.0,163.6,13256000
HONA,2026-09-21,163.85,170.32,163.0,169.03,3974700
HONA,2026-09-22,169.0,169.27,166.03,167.32,3836940
HONA,2026-09-23,166.7,168.5,161.57,163.33,2976400
HONA,2026-09-24,161.57,163.97,158.29,158.46,2765500
HONA,2026-09-25,159.01,160.97,156.74,158.78,2285000
HONA,2026-09-28,157.31,158.0,151.85,152.32,3699400
HONA,2026-09-29,151.81,156.1,151.39,155.44,2542800
HONA,2026-09-30,155.6,156.89,153.42,154.97,2384600
HONA,2026-10-01,155.17,155.99,152.26,154.07,2582600
HONA,2026-10-02,155.37,156.92,153.52,154.63,1782900
HONA,2026-10-05,153.88,156.15,152.2,155.74,2501100
HONA,2026-10-06,156.19,160.0,154.95,157.39,2017100
HOOD,2026-09-17,110.1,110.55,106.08,109.81,21849300
HOOD,2026-09-18,113.34,120.57,111.06,119.82,39224600
HOOD,2026-09-21,125.04,126.41,121.5,123.3,28164700
HOOD,2026-09-22,123.0,126.16,122.46,124.25,15960163
HOOD,2026-09-23,122.78,126.74,122.24,122.7,19023400
HOOD,2026-09-24,119.5,123.56,119.09,120.82,14942300
HOOD,2026-09-25,121.63,121.9,117.53,119.4,13889500
HOOD,2026-09-28,118.03,120.17,116.06,116.46,12861000
HOOD,2026-09-29,118.83,119.19,114.93,116.22,14853800
HOOD,2026-09-30,122.61,123.49,111.95,112.5,34950100
HOOD,2026-10-01,112.07,113.81,110.66,111.15,18214900
HOOD,2026-10-02,113.58,119.38,112.44,112.74,29328100
HOOD,2026-10-05,114.86,115.48,112.6,114.11,19526700
HOOD,2026-10-06,115.01,116.25,111.74,112.0,17481600
HPE,2026-09-17,57.25,62.14,57.01,61.04,25795600
HPE,2026-09-18,61.7,61.78,59.65,60.76,26464600
HPE,2026-09-21,62.65,63.86,60.3,61.75,20424900
HPE,2026-09-22,61.75,62.99,60.44,61.03,16756733
HPE,2026-09-23,62.23,63.36,61.3,62.33,14964400
HPE,2026-09-24,61.06,65.48,60.55,63.52,21426900
HPE,2026-09-25,63.65,65.65,62.88,62.94,15495500
HPE,2026-09-28,62.75,63.38,61.0,62.63,15021800
HPE,2026-09-29,63.49,63.7,60.68,61.49,12335600
HPE,2026-09-30,65.76,67.1,63.59,63.89,32721500
HPE,2026-10-01,65.53,66.11,61.76,64.58,16428700
HPE,2026-10-02,66.88,70.29,66.0,69.33,29049700
HPE,2026-10-05,68.92,69.1,66.95,68.36,15737500
HPE,2026-10-06,69.77,71.22,68.56,70.48,16627800
HPQ,2026-09-17,33.01,34.84,32.56,34.66,15144000
HPQ,2026-09-18,34.74,35.15,33.76,34.4,35511700
HPQ,2026-09-21,33.4,34.91,32.63,32.95,16119100
HPQ,2026-09-22,33.23,33.34,31.83,32.04,14738723
HPQ,2026-09-23,32.34,32.72,31.61,32.16,16336100
HPQ,2026-09-24,32.01,32.58,31.13,31.14,11896100
HPQ,2026-09-25,31.6,31.77,30.81,31.3,12013300
HPQ,2026-09-28,31.29,31.8,30.74,31.32,13271100
HPQ,2026-09-29,31.3,31.35,30.6,30.73,11346200
HPQ,2026-09-30,30.69,31.7,30.64,31.28,14897500
HPQ,2026-10-01,31.61,32.39,31.33,32.15,13679800
HPQ,2026-10-02,32.14,32.85,32.07,32.12,10298900
HPQ,2026-10-05,32.0,32.08,31.14,31.47,8912000
HPQ,2026-10-06,31.45,32.68,31.45,31.73,9945500
HRL,2026-09-17,20.92,20.93,20.73,20.76,3210500
HRL,2026-09-18,20.66,21.11,20.64,20.83,10086900
HRL,2026-09-21,20.77,20.84,20.45,20.46,5280700
HRL,2026-09-22,20.67,20.72,20.3,20.33,3462969
HRL,2026-09-23,20.33,20.63,19.84,19.92,4587500
HRL,2026-09-24,20.09,20.21,19.69,19.84,3960600
HRL,2026-09-25,19.82,19.96,19.42,19.71,4421700
HRL,2026-09-28,19.71,19.99,19.57,19.97,5433400
HRL,2026-09-29,19.85,19.96,19.57,19.85,5417200
HRL,2026-09-30,20.08,20.22,19.76,19.94,4938700
HRL,2026-10-01,19.9,20.07,19.71,19.96,5882500
HRL,2026-10-02,20.06,20.35,19.91,20.25,6514100
HRL,2026-10-05,20.24,20.38,19.96,20.08,6148700
HRL,2026-10-06,20.08,20.11,19.81,19.88,6380600
HSIC,2026-09-17,87.01,87.1,84.15,85.04,1801000
HSIC,2026-09-18,84.84,85.96,84.41,84.84,2220200
HSIC,2026-09-21,85.25,85.8,84.4,85.2,1347600
HSIC,2026-09-22,85.93,87.64,85.58,87.43,1062305
HSIC,2026-09-23,86.89,87.98,84.8,85.05,1119600
HSIC,2026-09-24,84.5,85.92,84.38,85.53,1381500
HSIC,2026-09-25,85.53,86.58,85.43,86.37,1202200
HSIC,2026-09-28,85.88,86.78,85.37,85.99,971200
HSIC,2026-09-29,85.51,85.86,84.39,84.97,978800
HSIC,2026-09-30,84.98,85.33,83.86,83.97,883500
HSIC,2026-10-01,83.96,85.28,83.3,84.93,1025600
HSIC,2026-10-02,85.18,85.56,83.45,84.88,1132900
HSIC,2026-10-05,85.48,85.51,83.42,84.23,1904300
HSIC,2026-10-06,84.78,86.4,84.31,84.84,1421100
HST,2026-09-17,21.93,22.09,21.9,21.9,6886500
HST,2026-09-18,21.84,21.91,21.71,21.84,21450000
HST,2026-09-21,21.92,22.35,21.81,22.31,7581300
HST,2026-09-22,22.41,22.66,22.14,22.28,8997050
HST,2026-09-23,22.11,22.4,21.97,22.15,7207400
HST,2026-09-24,22.11,22.28,21.96,22.21,7573900
HST,2026-09-25,22.24,22.46,22.05,22.42,6232600
HST,2026-09-28,22.42,22.9,22.36,22.66,9418300
HST,2026-09-29,22.68,22.88,22.28,22.44,6103000
HST,2026-09-30,22.27,22.49,22.18,22.39,10196400
HST,2026-10-01,22.44,22.61,22.27,22.51,14022200
HST,2026-10-02,22.71,22.84,22.49,22.56,7107400
HST,2026-10-05,22.51,22.54,22.21,22.44,10854200
HST,2026-10-06,22.58,22.81,22.42,22.48,6625300
HSY,2026-09-17,171.48,171.56,168.29,168.33,1462700
HSY,2026-09-18,168.12,170.49,166.69,169.79,4287000
HSY,2026-09-21,170.0,170.5,167.09,167.9,1439100
HSY,2026-09-22,169.12,169.57,168.05,168.46,1171960
HSY,2026-09-23,168.73,169.71,167.48,168.45,1071300
HSY,2026-09-24,169.33,170.12,166.55,166.88,991100
HSY,2026-09-25,166.5,167.75,166.04,166.37,989200
HSY,2026-09-28,166.04,166.77,164.31,164.41,1398100
HSY,2026-09-29,162.68,163.68,160.61,161.41,1669700
HSY,2026-09-30,162.98,163.14,157.44,157.61,2041300
HSY,2026-10-01,156.71,160.2,156.16,159.3,2132100
HSY,2026-10-02,159.0,161.0,158.78,160.19,1200500
HSY,2026-10-05,160.33,162.85,159.22,161.01,1594200
HSY,2026-10-06,160.83,161.84,159.53,160.8,1396700
HUBB,2026-09-17,447.56,450.13,435.91,443.23,655401
HUBB,2026-09-18,443.91,449.29,443.52,446.92,883159
HUBB,2026-09-21,451.36,458.25,446.24,457.49,421034
HUBB,2026-09-22,458.35,459.33,454.45,458.83,375499
HUBB,2026-09-23,454.84,470.36,452.63,463.7,603089
HUBB,2026-09-24,457.61,467.3,455.55,465.88,375876
HUBB,2026-09-25,466.6,471.28,461.42,466.62,351209
HUBB,2026-09-28,462.02,472.35,460.31,465.72,424400
HUBB,2026-09-29,469.36,472.32,456.98,459.09,491659
HUBB,2026-09-30,461.73,464.38,453.59,453.6,481428
HUBB,2026-10-01,454.96,469.88,449.11,466.98,536681
HUBB,2026-10-02,473.98,477.97,466.98,475.52,460405
HUBB,2026-10-05,474.11,484.56,470.38,480.65,393930
HUBB,2026-10-06,483.51,492.63,482.0,485.41,504061
HUM,2026-09-17,386.62,387.83,380.41,384.52,850200
HUM,2026-09-18,384.81,386.22,380.04,386.22,1680400
HUM,2026-09-21,386.2,386.67,374.35,378.58,925800
HUM,2026-09-22,378.42,379.62,370.0,372.0,851160
HUM,2026-09-23,370.0,377.68,369.13,374.78,798600
HUM,2026-09-24,374.54,382.3,372.08,380.32,899000
HUM,2026-09-25,389.7,413.57,386.71,397.93,1938500
HUM,2026-09-28,397.43,408.19,389.1,389.63,1487500
HUM,2026-09-29,386.78,395.23,385.54,386.87,1892600
HUM,2026-09-30,385.54,391.33,378.5,381.57,1312700
HUM,2026-10-01,380.0,386.86,376.23,379.68,891900
HUM,2026-10-02,378.54,390.0,378.5,388.36,765100
HUM,2026-10-05,389.98,409.17,385.2,404.07,1518900
HUM,2026-10-06,405.02,408.04,396.04,404.27,1982900
HWM,2026-09-17,229.17,229.51,223.36,225.76,2521200
HWM,2026-09-18,225.78,230.36,224.24,229.67,4732000
HWM,2026-09-21,230.5,231.91,226.36,227.37,2821600
HWM,2026-09-22,227.69,227.93,223.28,225.36,2463816
HWM,2026-09-23,226.0,230.37,224.24,228.78,2413800
HWM,2026-09-24,226.59,232.63,225.62,229.38,2227500
HWM,2026-09-25,231.0,233.42,228.91,232.48,2192900
HWM,2026-09-28,230.99,231.9,227.0,228.32,1818100
HWM,2026-09-29,228.66,232.3,228.0,230.94,1854700
HWM,2026-09-30,231.69,231.69,226.02,226.18,2727300
HWM,2026-10-01,225.65,229.75,224.88,228.38,2631900
HWM,2026-10-02,230.47,232.86,226.39,231.27,2262600
HWM,2026-10-05,231.74,232.3,228.59,229.57,2254000
HWM,2026-10-06,229.66,231.73,225.1,231.6,2351600
IBKR,2026-09-17,88.72,89.09,87.63,88.38,4359600
IBKR,2026-09-18,89.91,91.06,88.75,90.69,6224200
IBKR,2026-09-21,92.5,93.94,91.58,93.21,3473500
IBKR,2026-09-22,93.11,93.2,89.74,91.88,4055267
IBKR,2026-09-23,91.36,93.53,90.92,91.56,3960800
IBKR,2026-09-24,90.53,91.19,89.1,89.82,3977300
IBKR,2026-09-25,90.0,90.57,88.53,89.24,2893800
IBKR,2026-09-28,87.8,88.5,86.81,87.08,3807500
IBKR,2026-09-29,87.86,87.86,85.89,86.18,2832300
IBKR,2026-09-30,86.63,86.93,85.39,85.42,4017200
IBKR,2026-10-01,85.42,87.25,83.6,85.81,5716600
IBKR,2026-10-02,86.55,88.92,86.55,88.3,4871400
IBKR,2026-10-05,88.87,89.56,88.09,89.05,2935400
IBKR,2026-10-06,89.38,91.85,89.06,90.58,3416300
IBM,2026-09-17,238.58,243.37,237.35,237.75,5901300
IBM,2026-09-18,237.85,237.89,229.38,229.55,13387700
IBM,2026-09-21,231.99,234.7,228.35,231.93,8185800
IBM,2026-09-22,234.47,236.2,230.08,231.38,4782617
IBM,2026-09-23,233.47,237.86,232.53,232.76,4536600
IBM,2026-09-24,232.0,232.62,226.01,227.06,4142400
IBM,2026-09-25,226.15,228.99,225.19,225.51,4143500
IBM,2026-09-28,222.5,223.14,219.23,220.67,5285800
IBM,2026-09-29,220.87,223.12,219.91,219.99,3762100
IBM,2026-09-30,220.7,222.33,218.6,219.93,4559300
IBM,2026-10-01,230.76,234.27,224.5,225.62,8880700
IBM,2026-10-02,225.51,225.92,221.63,222.64,7748800
IBM,2026-10-05,222.3,222.88,220.3,221.58,6311400
IBM,2026-10-06,222.71,224.51,221.0,221.29,3933000
ICE,2026-09-17,154.3,154.3,152.61,153.3,3098900
ICE,2026-09-18,152.47,156.05,152.08,155.47,4298100
ICE,2026-09-21,156.22,157.22,154.26,155.37,2986900
ICE,2026-09-22,155.92,155.7,152.51,152.93,2679637
ICE,2026-09-23,152.29,157.77,151.42,156.35,3042100
ICE,2026-09-24,156.74,157.2,154.87,156.93,2683500
ICE,2026-09-25,156.58,158.08,152.95,154.31,2506300
ICE,2026-09-28,153.68,155.46,152.51,152.91,2346900
ICE,2026-09-29,153.01,154.81,151.55,152.19,1913300
ICE,2026-09-30,152.27,153.85,151.58,152.03,2786600
ICE,2026-10-01,152.64,153.31,150.57,151.47,2755100
ICE,2026-10-02,151.11,151.56,149.26,150.15,1955900
ICE,2026-10-05,150.17,152.46,147.5,152.15,2759300
ICE,2026-10-06,152.72,155.11,152.5,153.49,2116900
IDXX,2026-09-17,514.33,514.37,501.98,506.48,459800
IDXX,2026-09-18,506.48,516.43,505.21,511.65,1124000
IDXX,2026-09-21,511.65,518.96,506.22,515.3,513200
IDXX,2026-09-22,519.29,523.95,511.73,521.5,476528
IDXX,2026-09-23,517.2,523.22,516.88,522.02,364200
IDXX,2026-09-24,520.88,524.12,511.73,513.39,328300
IDXX,2026-09-25,510.94,520.16,507.01,519.26,331100
IDXX,2026-09-28,516.53,530.15,515.12,529.06,392000
IDXX,2026-09-29,530.1,536.84,522.11,533.44,648900
IDXX,2026-09-30,531.09,531.11,521.78,522.19,502200
IDXX,2026-10-01,521.58,525.96,517.06,517.75,320300
IDXX,2026-10-02,523.5,524.02,516.02,518.39,288800
IDXX,2026-10-05,516.57,528.69,513.48,527.07,588900
IDXX,2026-10-06,529.14,531.38,512.54,515.41,502400
IEX,2026-09-17,225.28,225.28,221.12,221.89,402400
IEX,2026-09-18,221.3,223.87,220.94,223.72,1063600
IEX,2026-09-21,224.2,225.24,220.77,222.53,708100
IEX,2026-09-22,224.76,227.77,223.92,225.69,518813
IEX,2026-09-23,224.5,230.61,222.8,229.67,593200
IEX,2026-09-24,229.07,230.67,227.66,228.5,825700
IEX,2026-09-25,228.72,231.79,228.72,230.08,464200
IEX,2026-09-28,229.06,232.44,228.95,231.15,651700
IEX,2026-09-29,231.31,233.04,227.87,230.43,810600
IEX,2026-09-30,230.69,231.07,227.91,227.98,723200
IEX,2026-10-01,226.72,232.11,225.65,229.85,682000
IEX,2026-10-02,231.17,233.98,230.02,232.99,641100
IEX,2026-10-05,232.13,238.57,231.91,235.29,691900
IEX,2026-10-06,236.11,239.7,235.48,236.28,530200
IFF,2026-09-17,85.3,85.61,84.61,84.91,1443900
IFF,2026-09-18,84.05,84.05,82.7,82.96,3725100
IFF,2026-09-21,84.05,84.28,83.35,83.6,1606200
IFF,2026-09-22,84.97,86.1,84.16,85.79,1429502
IFF,2026-09-23,85.17,85.98,84.91,85.71,1413900
IFF,2026-09-24,85.74,86.68,85.12,85.85,2202800
IFF,2026-09-25,86.33,86.5,85.34,85.69,1554000
IFF,2026-09-28,84.52,86.37,84.0,85.72,1844700
IFF,2026-09-29,85.57,86.51,85.08,85.25,1456000
IFF,2026-09-30,85.68,85.72,83.47,83.48,1903200
IFF,2026-10-01,83.0,83.64,81.54,83.12,1816200
IFF,2026-10-02,83.84,84.17,82.41,82.42,1857000
IFF,2026-10-05,82.6,83.93,82.42,83.26,1646000
IFF,2026-10-06,84.01,84.62,83.51,83.92,1835500
ILMN,2026-09-21,241.51,248.31,238.26,238.82,3187100
ILMN,2026-09-22,237.09,248.16,234.57,247.46,2642190
ILMN,2026-09-23,248.79,256.17,247.0,255.38,2299200
ILMN,2026-09-24,253.79,277.95,250.92,273.9,3479400
ILMN,2026-09-25,272.16,276.97,267.66,270.0,5031600
ILMN,2026-09-28,265.95,275.69,262.89,271.9,2979300
ILMN,2026-09-29,273.1,278.99,267.0,272.0,2229200
ILMN,2026-09-30,272.71,280.17,270.3,273.68,2939100
ILMN,2026-10-01,273.22,274.03,264.79,265.72,1950600
ILMN,2026-10-02,265.91,274.97,265.39,273.04,2835800
ILMN,2026-10-05,273.0,296.25,271.61,293.69,4222200
ILMN,2026-10-06,301.58,309.35,271.55,273.54,4380500
INCY,2026-09-17,125.74,127.74,125.1,127.62,1468800
INCY,2026-09-18,127.85,128.72,125.23,125.31,3698700
INCY,2026-09-21,125.0,127.41,124.19,124.65,1270500
INCY,2026-09-22,124.72,127.69,124.02,126.93,1636958
INCY,2026-09-23,127.51,128.21,123.89,124.64,1534300
INCY,2026-09-24,124.79,125.55,123.03,124.44,1404500
INCY,2026-09-25,125.72,126.0,123.07,123.89,1209900
INCY,2026-09-28,123.32,126.14,122.53,124.82,1429400
INCY,2026-09-29,123.67,125.47,121.89,123.2,1718600
INCY,2026-09-30,123.0,124.23,121.03,121.35,1619900
INCY,2026-10-01,120.47,121.22,117.0,117.14,2362500
INCY,2026-10-02,116.76,117.19,114.57,115.3,2170100
INCY,2026-10-05,115.15,115.67,112.83,114.13,1948800
INCY,2026-10-06,114.13,114.97,111.67,112.73,2459400
INTC,2026-09-17,104.7,111.37,104.7,108.8,148929100
INTC,2026-09-18,109.8,110.49,106.4,108.6,174679000
INTC,2026-09-21,116.53,124.73,114.93,121.78,190310700
INTC,2026-09-22,120.11,124.09,120.07,123.86,107684537
INTC,2026-09-23,123.87,124.25,119.44,122.6,85148900
INTC,2026-09-24,120.61,127.44,119.55,127.39,118949000
INTC,2026-09-25,126.83,126.93,122.84,123.0,97481700
INTC,2026-09-28,120.68,121.71,114.71,116.03,111220000
INTC,2026-09-29,116.7,118.75,113.97,115.93,88383500
INTC,2026-09-30,116.22,120.55,116.0,120.23,94551100
INTC,2026-10-01,118.73,122.15,117.35,120.0,103335500
INTC,2026-10-02,124.01,126.0,118.96,119.33,95139500
INTC,2026-10-05,115.34,118.06,115.31,116.19,81109000
INTC,2026-10-06,117.06,118.2,112.0,112.5,101557000
INTU,2026-09-17,319.17,323.86,312.58,313.13,4121200
INTU,2026-09-18,312.91,313.38,300.67,303.19,7694400
INTU,2026-09-21,301.53,304.81,295.11,304.12,2946900
INTU,2026-09-22,310.49,310.49,288.25,292.35,4793787
INTU,2026-09-23,291.71,294.2,286.2,286.8,3418600
INTU,2026-09-24,289.56,291.8,276.78,277.13,4553300
INTU,2026-09-25,275.52,277.39,271.43,275.79,3398400
INTU,2026-09-28,270.15,272.14,262.32,269.4,3803400
INTU,2026-09-29,269.4,270.61,262.5,268.03,3708400
INTU,2026-09-30,269.05,277.38,267.95,275.71,3655600
INTU,2026-10-01,284.75,291.53,277.31,282.78,4646200
INTU,2026-10-02,283.79,284.2,277.38,281.08,2739500
INTU,2026-10-05,281.51,291.19,280.84,284.68,2949100
INTU,2026-10-06,287.0,291.26,284.87,289.81,3496000
INVH,2026-09-17,27.38,27.48,27.12,27.15,5742900
INVH,2026-09-18,27.04,27.24,26.84,26.91,12782000
INVH,2026-09-21,27.14,27.28,27.05,27.08,4694300
INVH,2026-09-22,27.18,27.28,27.0,27.14,5653912
INVH,2026-09-23,27.08,27.22,26.9,26.93,5930200
INVH,2026-09-24,26.67,26.82,26.4,26.5,6008300
INVH,2026-09-25,26.52,26.66,26.19,26.62,5312600
INVH,2026-09-28,26.67,26.73,26.36,26.54,5751300
INVH,2026-09-29,26.45,26.7,26.41,26.57,3441400
INVH,2026-09-30,26.68,26.68,26.25,26.33,4871200
INVH,2026-10-01,26.24,26.47,26.07,26.4,4568700
INVH,2026-10-02,26.54,26.57,25.95,26.04,5808400
INVH,2026-10-05,26.01,26.34,25.96,26.06,4897900
INVH,2026-10-06,26.1,26.58,26.06,26.39,4631200
IP,2026-09-17,34.8,35.84,34.16,35.55,8826500
IP,2026-09-18,34.65,35.04,34.05,34.53,8539400
IP,2026-09-21,35.48,36.26,35.27,35.33,4820500
IP,2026-09-22,36.02,36.1,35.42,35.71,5294791
IP,2026-09-23,35.79,36.28,35.68,35.7,3803700
IP,2026-09-24,35.63,35.78,34.4,34.88,4675000
IP,2026-09-25,35.22,35.44,34.76,35.02,4466000
IP,2026-09-28,34.59,34.83,33.93,34.0,5515800
IP,2026-09-29,33.84,34.03,32.88,33.32,5461200
IP,2026-09-30,33.52,33.78,33.07,33.17,6137600
IP,2026-10-01,32.75,32.98,31.9,32.52,6504700
IP,2026-10-02,33.0,33.01,31.83,31.97,5608000
IP,2026-10-05,31.55,32.29,31.11,32.05,6675100
IP,2026-10-06,32.12,32.58,31.89,32.14,4751400
IQV,2026-09-17,273.15,273.88,267.92,269.44,1714600
IQV,2026-09-18,269.45,269.45,264.88,266.42,5594600
IQV,2026-09-21,266.76,270.86,265.25,269.88,1928100
IQV,2026-09-22,270.25,272.44,267.26,270.09,939938
IQV,2026-09-23,270.66,277.4,267.42,267.86,1116500
IQV,2026-09-24,266.46,277.13,266.46,275.02,1893400
IQV,2026-09-25,274.9,274.9,269.43,270.37,1104700
IQV,2026-09-28,266.52,272.75,265.97,270.97,1595000
IQV,2026-09-29,271.46,273.5,266.43,268.99,1174100
IQV,2026-09-30,269.96,273.16,267.61,268.85,1504400
IQV,2026-10-01,268.02,268.88,259.31,260.72,1476500
IQV,2026-10-02,260.7,261.98,257.07,258.21,1366600
IQV,2026-10-05,258.51,266.91,258.51,266.09,1688100
IQV,2026-10-06,269.43,274.28,259.79,259.98,1105200
IR,2026-09-17,72.63,74.67,71.27,72.65,6656700
IR,2026-09-18,72.32,72.78,71.56,71.83,8858500
IR,2026-09-21,72.51,72.9,71.62,72.31,4160500
IR,2026-09-22,73.44,74.07,73.08,73.85,4462593
IR,2026-09-23,73.38,76.46,73.35,76.22,8572700
IR,2026-09-24,75.48,75.86,74.58,74.78,5414300
IR,2026-09-25,74.98,76.79,74.92,76.08,4338100
IR,2026-09-28,75.59,77.54,75.54,76.38,5599500
IR,2026-09-29,76.82,77.14,75.32,76.48,4968600
IR,2026-09-30,76.48,77.04,75.09,75.11,6666200
IR,2026-10-01,74.91,75.96,73.88,75.25,5424800
IR,2026-10-02,76.33,76.97,75.37,76.07,4215500
IR,2026-10-05,75.89,78.9,75.48,78.55,4305500
IR,2026-10-06,79.13,80.54,78.88,79.21,4007200
IRM,2026-09-17,113.79,114.87,113.45,114.0,1812800
IRM,2026-09-18,114.4,114.73,112.61,114.34,2885500
IRM,2026-09-21,115.48,117.14,114.39,116.89,1218400
IRM,2026-09-22,116.45,118.46,116.45,118.13,1499592
IRM,2026-09-23,115.75,117.32,114.79,115.09,1826800
IRM,2026-09-24,114.56,115.06,113.18,114.09,1036500
IRM,2026-09-25,113.82,114.5,110.72,111.38,1300100
IRM,2026-09-28,110.9,112.27,109.65,111.05,1320900
IRM,2026-09-29,110.58,112.34,110.57,111.5,1510200
IRM,2026-09-30,112.0,112.46,109.31,110.95,1846700
IRM,2026-10-01,110.72,111.58,108.96,111.13,1707700
IRM,2026-10-02,112.77,114.74,112.15,113.39,1929100
IRM,2026-10-05,113.32,114.13,112.05,112.33,1817800
IRM,2026-10-06,113.96,117.41,113.96,116.5,1258600
ISRG,2026-09-17,385.57,388.2,378.28,383.54,2393100
ISRG,2026-09-18,381.51,394.91,379.5,393.33,4926100
ISRG,2026-09-21,393.89,403.48,391.04,401.65,2971900
ISRG,2026-09-22,403.0,403.97,397.72,402.09,1834594
ISRG,2026-09-23,400.88,404.44,396.05,398.3,1686100
ISRG,2026-09-24,396.73,404.19,395.18,399.52,1564600
ISRG,2026-09-25,397.65,406.39,391.92,405.18,2496000
ISRG,2026-09-28,405.18,416.51,402.75,414.79,2568500
ISRG,2026-09-29,411.9,414.2,407.07,412.18,1885300
ISRG,2026-09-30,408.05,410.74,405.51,406.63,1658500
ISRG,2026-10-01,409.05,410.52,399.25,401.24,1511300
ISRG,2026-10-02,405.15,406.47,391.39,391.95,1833100
ISRG,2026-10-05,389.76,407.63,389.11,406.48,1663900
ISRG,2026-10-06,405.2,409.34,402.0,404.76,1649700
IT,2026-09-17,191.61,193.01,187.61,187.8,754300
IT,2026-09-18,188.32,189.39,183.42,185.78,2571800
IT,2026-09-21,188.58,192.91,183.23,183.32,715800
IT,2026-09-22,186.5,186.28,178.18,178.75,924816
IT,2026-09-23,178.0,181.81,176.51,178.52,977800
IT,2026-09-24,179.88,181.9,176.04,179.32,854900
IT,2026-09-25,179.75,189.14,177.95,187.9,1070600
IT,2026-09-28,185.29,187.01,182.64,185.73,896400
IT,2026-09-29,184.1,186.94,180.68,185.85,787400
IT,2026-09-30,186.35,190.5,183.0,186.54,777200
IT,2026-10-01,196.19,204.29,192.42,192.8,1093600
IT,2026-10-02,192.74,192.74,184.6,184.8,628600
IT,2026-10-05,185.07,188.12,184.45,187.76,626100
IT,2026-10-06,188.47,189.99,184.61,184.92,653900
ITW,2026-09-17,270.64,270.65,265.53,267.51,1027100
ITW,2026-09-18,267.6,270.26,266.42,269.42,2094100
ITW,2026-09-21,269.97,270.65,266.84,267.52,1637600
ITW,2026-09-22,269.96,270.55,267.79,270.47,917557
ITW,2026-09-23,269.63,274.58,269.63,273.42,1676100
ITW,2026-09-24,272.6,274.14,270.38,272.0,1338000
ITW,2026-09-25,272.74,276.39,271.72,274.32,1007300
ITW,2026-09-28,273.34,275.32,271.91,273.83,813600
ITW,2026-09-29,271.92,274.44,266.0,267.07,2304300
ITW,2026-09-30,265.65,266.88,257.23,257.28,2766300
ITW,2026-10-01,256.63,261.56,255.69,260.84,1574600
ITW,2026-10-02,263.11,264.41,261.52,262.92,1141000
ITW,2026-10-05,261.91,265.94,258.46,264.19,1176700
ITW,2026-10-06,264.63,269.03,264.25,267.14,1836100
IVZ,2026-09-17,30.65,30.83,30.21,30.22,4208100
IVZ,2026-09-18,30.21,30.63,29.91,30.53,6942600
IVZ,2026-09-21,31.06,31.46,30.88,31.38,4190700
IVZ,2026-09-22,30.7,31.63,30.35,30.85,4753006
IVZ,2026-09-23,30.4,30.95,30.25,30.74,4318800
IVZ,2026-09-24,30.5,30.73,30.01,30.68,6970000
IVZ,2026-09-25,30.85,31.11,30.42,30.92,7375300
IVZ,2026-09-28,30.56,30.6,29.61,30.43,5069600
IVZ,2026-09-29,30.37,30.59,29.97,30.42,3990600
IVZ,2026-09-30,30.41,30.54,30.15,30.16,4125500
IVZ,2026-10-01,30.14,30.67,29.75,30.42,5073400
IVZ,2026-10-02,30.9,31.29,30.44,30.66,3877700
IVZ,2026-10-05,30.67,30.76,30.07,30.5,3646300
IVZ,2026-10-06,30.73,30.86,30.3,30.38,4095000
J,2026-09-17,144.72,145.58,143.17,144.16,549800
J,2026-09-18,143.98,143.98,142.13,143.4,2136800
J,2026-09-21,144.73,144.82,141.98,143.76,817900
J,2026-09-22,144.85,145.04,141.82,143.12,690138
J,2026-09-23,143.14,144.63,140.89,141.12,913100
J,2026-09-24,143.1,143.1,134.92,135.33,829800
J,2026-09-25,134.92,138.57,134.23,138.37,644900
J,2026-09-28,137.4,138.89,136.15,138.37,968000
J,2026-09-29,139.09,139.09,136.04,136.48,683400
J,2026-09-30,137.0,138.69,135.22,135.27,1039900
J,2026-10-01,136.39,140.71,136.19,139.79,998400
J,2026-10-02,138.57,140.7,136.9,138.06,772000
J,2026-10-05,137.78,140.29,136.88,138.67,604700
J,2026-10-06,140.16,140.3,138.03,139.23,929700
JBHT,2026-09-17,238.6,242.45,236.8,236.8,1791000
JBHT,2026-09-18,236.8,237.75,232.93,234.25,2270900
JBHT,2026-09-21,235.49,236.49,230.36,236.17,1024600
JBHT,2026-09-22,236.6,239.96,234.36,237.41,881116
JBHT,2026-09-23,236.5,239.49,233.36,234.63,898800
JBHT,2026-09-24,234.52,235.35,229.07,229.15,1094500
JBHT,2026-09-25,229.86,231.66,224.39,225.46,1517700
JBHT,2026-09-28,224.63,229.37,223.87,226.07,958300
JBHT,2026-09-29,226.0,230.14,223.99,229.28,980400
JBHT,2026-09-30,229.9,229.91,223.8,224.05,1068900
JBHT,2026-10-01,224.0,227.81,222.77,227.2,736200
JBHT,2026-10-02,230.84,234.63,229.28,234.2,1006500
JBHT,2026-10-05,233.0,233.0,225.81,229.74,816800
JBHT,2026-10-06,230.85,230.95,225.27,225.93,651700
JBL,2026-09-17,305.26,307.4,295.61,295.94,908800
JBL,2026-09-18,299.2,302.0,295.03,299.57,3806700
JBL,2026-09-21,303.94,306.69,295.5,303.67,1403500
JBL,2026-09-22,302.42,309.02,300.8,308.98,1311338
JBL,2026-09-23,306.62,309.11,301.3,308.75,831600
JBL,2026-09-24,303.5,312.4,300.0,310.69,972400
JBL,2026-09-25,318.88,331.58,316.09,316.74,1334600
JBL,2026-09-28,319.97,323.0,309.57,318.93,1752400
JBL,2026-09-29,323.35,323.9,314.65,318.84,1587300
JBL,2026-09-30,306.0,328.0,284.39,286.86,4924200
JBL,2026-10-01,293.9,300.05,285.46,299.79,2455200
JBL,2026-10-02,303.7,308.84,301.36,304.41,1377900
JBL,2026-10-05,305.27,307.9,300.36,300.94,1044900
JBL,2026-10-06,300.32,309.25,299.0,309.19,1222300
JCI,2026-09-17,143.0,143.46,140.86,141.06,2775900
JCI,2026-09-18,141.05,143.52,140.49,143.28,5429400
JCI,2026-09-21,143.94,145.83,142.94,145.18,2174000
JCI,2026-09-22,145.0,146.93,144.3,146.44,2601258
JCI,2026-09-23,146.04,147.23,145.31,145.9,2901800
JCI,2026-09-24,144.15,146.45,143.57,145.36,2923600
JCI,2026-09-25,147.03,150.66,146.28,150.2,2893400
JCI,2026-09-28,149.68,151.0,146.78,148.89,3048700
JCI,2026-09-29,150.08,150.52,148.75,149.42,2337100
JCI,2026-09-30,150.19,151.51,148.62,148.65,3170900
JCI,2026-10-01,149.98,152.06,148.68,151.77,2715800
JCI,2026-10-02,154.0,156.95,153.17,156.24,3240600
JCI,2026-10-05,155.72,157.53,154.24,156.85,2905500
JCI,2026-10-06,157.67,160.41,156.73,158.76,3790400
JKHY,2026-09-17,158.15,159.38,155.99,156.21,1040500
JKHY,2026-09-18,155.82,156.87,153.98,154.85,2667000
JKHY,2026-09-21,155.6,155.93,151.4,151.56,1058900
JKHY,2026-09-22,152.42,153.57,148.85,149.1,1358457
JKHY,2026-09-23,148.34,150.14,147.14,148.33,860000
JKHY,2026-09-24,149.62,151.83,147.1,147.75,784700
JKHY,2026-09-25,147.77,148.31,146.52,147.79,573000
JKHY,2026-09-28,147.49,148.66,146.19,147.82,910800
JKHY,2026-09-29,146.31,147.39,145.02,146.22,866900
JKHY,2026-09-30,145.88,147.49,142.75,143.24,851400
JKHY,2026-10-01,145.0,147.34,142.93,143.84,1057200
JKHY,2026-10-02,143.62,144.41,141.74,142.54,690200
JKHY,2026-10-05,142.34,145.37,142.34,145.12,735200
JKHY,2026-10-06,144.22,145.77,143.76,144.43,603000
JNJ,2026-09-17,268.0,270.87,267.11,270.22,6568800
JNJ,2026-09-18,269.45,272.11,267.2,269.99,16409300
JNJ,2026-09-21,271.74,273.73,268.5,269.47,4485300
JNJ,2026-09-22,267.51,270.1,265.04,269.19,5650552
JNJ,2026-09-23,269.47,272.14,266.5,269.17,6632700
JNJ,2026-09-24,269.52,275.23,269.01,270.68,6320600
JNJ,2026-09-25,271.7,272.25,269.26,271.22,4085700
JNJ,2026-09-28,270.17,273.78,269.27,271.95,7185600
JNJ,2026-09-29,269.11,271.89,265.59,267.57,5620500
JNJ,2026-09-30,267.91,268.48,264.51,264.74,6341000
JNJ,2026-10-01,263.68,263.98,258.33,258.66,8289000
JNJ,2026-10-02,259.38,259.38,255.12,256.03,10940400
JNJ,2026-10-05,256.0,256.24,252.51,252.93,10026800
JNJ,2026-10-06,254.15,255.48,251.17,254.78,5661000
JPM,2026-09-17,352.25,353.49,345.27,349.31,6480100
JPM,2026-09-18,347.89,349.67,345.01,349.67,18290400
JPM,2026-09-21,353.67,354.5,350.08,352.04,6389600
JPM,2026-09-22,352.0,352.1,337.3,340.0,11403647
JPM,2026-09-23,337.61,341.44,336.98,337.53,7068500
JPM,2026-09-24,338.12,339.37,335.28,338.56,6934300
JPM,2026-09-25,340.77,343.31,338.64,343.06,11460300
JPM,2026-09-28,341.83,342.0,336.3,336.59,9790100
JPM,2026-09-29,337.0,338.75,333.33,334.98,7254900
JPM,2026-09-30,334.89,336.34,330.83,330.83,9113300
JPM,2026-10-01,328.75,333.58,325.87,333.18,8160000
JPM,2026-10-02,334.0,334.85,330.0,332.38,6658200
JPM,2026-10-05,333.31,333.75,330.59,332.38,5332000
JPM,2026-10-06,332.73,333.79,330.93,331.28,6286800
KDP,2026-09-17,31.77,31.98,31.42,31.43,10777600
KDP,2026-09-18,31.32,31.41,30.76,30.96,22558100
KDP,2026-09-21,30.95,31.0,30.56,30.62,10499400
KDP,2026-09-22,31.0,31.76,30.89,31.51,9468903
KDP,2026-09-23,31.61,32.14,31.43,31.76,9512700
KDP,2026-09-24,31.93,31.94,30.81,30.88,9319200
KDP,2026-09-25,30.88,31.96,30.72,31.95,8853400
KDP,2026-09-28,31.55,31.64,31.03,31.46,9861500
KDP,2026-09-29,31.21,31.4,30.77,31.03,10408800
KDP,2026-09-30,31.04,31.51,30.06,30.34,12397700
KDP,2026-10-01,30.58,31.44,30.36,30.69,17710600
KDP,2026-10-02,30.98,30.98,30.28,30.37,9945300
KDP,2026-10-05,30.2,30.96,30.2,30.89,11692800
KDP,2026-10-06,30.98,31.42,30.81,31.13,8562800
KEY,2026-09-17,20.98,21.08,20.66,20.95,12953300
KEY,2026-09-18,20.9,21.01,20.7,20.81,19007100
KEY,2026-09-21,20.98,21.0,20.75,20.87,14976400
KEY,2026-09-22,20.93,20.97,20.45,20.48,16132123
KEY,2026-09-23,20.48,20.58,20.21,20.24,13838800
KEY,2026-09-24,20.27,20.34,20.04,20.25,16552500
KEY,2026-09-25,20.33,20.67,20.3,20.61,15833400
KEY,2026-09-28,20.56,20.57,20.35,20.4,18479400
KEY,2026-09-29,20.4,20.49,20.02,20.12,13662100
KEY,2026-09-30,20.15,20.32,20.04,20.07,12651100
KEY,2026-10-01,19.89,20.05,19.5,20.05,14510500
KEY,2026-10-02,20.15,20.27,20.0,20.08,12591000
KEY,2026-10-05,20.1,20.37,20.04,20.18,12632500
KEY,2026-10-06,20.3,20.35,20.01,20.14,15121800
KEYS,2026-09-17,330.78,337.89,327.97,331.44,1094200
KEYS,2026-09-18,334.25,336.6,331.76,335.0,1707400
KEYS,2026-09-21,341.63,342.97,335.42,342.03,764400
KEYS,2026-09-22,339.89,348.6,338.98,347.32,887358
KEYS,2026-09-23,347.19,353.67,340.87,353.36,1421900
KEYS,2026-09-24,346.5,358.74,343.78,357.54,845000
KEYS,2026-09-25,361.96,366.88,358.7,362.15,1221900
KEYS,2026-09-28,361.09,364.19,355.33,359.74,862600
KEYS,2026-09-29,363.0,364.95,356.6,360.65,883300
KEYS,2026-09-30,362.0,366.77,359.75,364.04,964500
KEYS,2026-10-01,367.2,376.67,363.01,373.88,1274300
KEYS,2026-10-02,380.73,387.93,378.24,384.64,1255000
KEYS,2026-10-05,386.89,388.75,383.46,384.17,850800
KEYS,2026-10-06,387.49,389.93,384.07,388.03,1479700
KHC,2026-09-17,25.18,25.2,24.59,24.73,11655500
KHC,2026-09-18,24.63,24.68,24.15,24.43,27326300
KHC,2026-09-21,24.36,24.8,24.24,24.37,14038400
KHC,2026-09-22,24.5,24.51,23.94,24.0,14432377
KHC,2026-09-23,24.01,24.23,23.52,23.79,14841500
KHC,2026-09-24,23.97,24.0,23.68,23.86,13462900
KHC,2026-09-25,23.87,23.93,23.48,23.63,10454000
KHC,2026-09-28,23.58,23.78,23.45,23.56,9703900
KHC,2026-09-29,23.27,23.65,23.24,23.45,10631800
KHC,2026-09-30,23.58,23.72,22.72,22.72,12494800
KHC,2026-10-01,22.67,22.67,22.02,22.46,17700100
KHC,2026-10-02,22.42,22.51,22.09,22.19,12627400
KHC,2026-10-05,22.1,22.23,21.77,21.84,16415900
KHC,2026-10-06,21.91,22.25,21.76,22.03,20042100
KIM,2026-09-17,22.67,22.73,22.5,22.57,5304800
KIM,2026-09-18,22.47,22.63,22.42,22.53,9203900
KIM,2026-09-21,22.53,22.57,22.39,22.54,3756100
KIM,2026-09-22,22.63,22.63,22.46,22.55,4054413
KIM,2026-09-23,22.44,22.45,22.17,22.21,6292500
KIM,2026-09-24,22.25,22.34,22.08,22.25,4036100
KIM,2026-09-25,22.31,22.45,22.07,22.44,3944100
KIM,2026-09-28,22.45,22.63,22.35,22.49,5311000
KIM,2026-09-29,22.44,22.55,22.22,22.42,3874900
KIM,2026-09-30,22.51,22.52,22.2,22.21,5006000
KIM,2026-10-01,22.13,22.24,21.86,22.21,6011400
KIM,2026-10-02,22.31,22.46,22.17,22.24,4520200
KIM,2026-10-05,22.22,22.31,22.02,22.03,5008300
KIM,2026-10-06,22.0,22.23,22.0,22.14,4579000
KKR,2026-09-17,98.61,100.02,98.15,98.19,3175600
KKR,2026-09-18,97.51,99.24,96.85,98.81,5148800
KKR,2026-09-21,100.29,101.1,98.85,100.83,2818100
KKR,2026-09-22,101.77,102.23,98.34,98.44,3301774
KKR,2026-09-23,97.46,98.37,96.51,97.21,4130300
KKR,2026-09-24,96.85,97.59,93.96,95.64,3547700
KKR,2026-09-25,96.05,97.39,95.5,96.67,3263800
KKR,2026-09-28,95.34,95.68,92.7,93.24,6004900
KKR,2026-09-29,93.78,94.1,92.15,93.18,3672100
KKR,2026-09-30,93.11,93.27,91.18,91.3,5009400
KKR,2026-10-01,92.08,93.1,89.19,91.24,6516600
KKR,2026-10-02,91.71,93.35,90.25,90.29,4748400
KKR,2026-10-05,90.0,90.55,88.55,89.96,4914800
KKR,2026-10-06,90.2,91.63,89.78,90.67,4795700
KLAC,2026-09-17,173.0,173.79,167.26,168.98,9892400
KLAC,2026-09-18,170.5,177.14,169.72,176.99,20054800
KLAC,2026-09-21,179.3,185.94,178.31,183.97,9621100
KLAC,2026-09-22,180.71,188.6,179.72,188.32,9276217
KLAC,2026-09-23,186.25,188.0,181.73,187.86,8852100
KLAC,2026-09-24,185.81,187.96,182.4,187.11,7783600
KLAC,2026-09-25,187.33,189.56,186.02,187.92,7140400
KLAC,2026-09-28,186.71,190.7,182.7,189.17,8704400
KLAC,2026-09-29,194.94,197.47,192.57,196.53,7773900
KLAC,2026-09-30,196.01,197.6,193.95,194.93,6852100
KLAC,2026-10-01,196.69,201.98,194.9,200.33,8696700
KLAC,2026-10-02,207.81,208.68,204.06,206.89,7353500
KLAC,2026-10-05,205.29,206.87,199.61,206.85,7980800
KLAC,2026-10-06,207.34,207.66,196.83,197.46,9605500
KMB,2026-09-17,98.99,99.16,97.48,98.19,3428000
KMB,2026-09-18,97.73,98.76,97.25,97.86,6662100
KMB,2026-09-21,98.32,98.32,96.82,97.74,3627200
KMB,2026-09-22,99.33,99.92,98.65,98.91,4067594
KMB,2026-09-23,98.76,99.12,97.42,97.7,3218000
KMB,2026-09-24,98.04,98.9,97.13,97.22,3652600
KMB,2026-09-25,97.27,98.58,96.72,98.43,3286900
KMB,2026-09-28,98.0,99.01,97.34,98.77,3334800
KMB,2026-09-29,98.24,99.01,97.5,98.99,2699800
KMB,2026-09-30,99.79,99.88,97.42,97.43,4139700
KMB,2026-10-01,95.97,96.5,94.19,94.34,6027500
KMB,2026-10-02,95.12,95.52,93.99,94.36,4449100
KMB,2026-10-05,94.47,95.56,93.95,95.41,3157600
KMB,2026-10-06,95.89,97.21,95.6,96.77,3331600
KMI,2026-09-17,30.76,31.43,30.66,31.31,15105300
KMI,2026-09-18,31.2,32.19,31.16,31.84,35862600
KMI,2026-09-21,31.63,31.92,31.55,31.72,12230100
KMI,2026-09-22,31.65,31.9,31.13,31.27,12805162
KMI,2026-09-23,31.36,31.82,31.2,31.37,11043900
KMI,2026-09-24,31.58,31.58,31.13,31.25,7684900
KMI,2026-09-25,31.01,31.27,30.59,30.75,10019700
KMI,2026-09-28,30.77,30.85,30.54,30.63,10405300
KMI,2026-09-29,30.34,30.58,30.07,30.45,10682200
KMI,2026-09-30,30.62,30.69,30.1,30.15,11810200
KMI,2026-10-01,30.05,30.66,29.43,30.53,11145800
KMI,2026-10-02,30.38,31.12,30.33,31.07,11703600
KMI,2026-10-05,31.1,31.69,30.8,31.41,9789800
KMI,2026-10-06,31.38,32.31,31.12,32.16,15695900
KO,2026-09-17,88.08,88.33,87.51,88.06,16553500
KO,2026-09-18,87.8,88.29,87.52,88.25,28016400
KO,2026-09-21,88.32,88.5,87.12,87.12,18088100
KO,2026-09-22,87.6,88.97,87.46,88.61,17226641
KO,2026-09-23,88.95,89.0,87.61,88.09,13003400
KO,2026-09-24,88.82,89.36,88.1,88.1,13163300
KO,2026-09-25,88.16,88.32,87.56,87.81,12123400
KO,2026-09-28,87.61,87.7,86.89,87.18,14493300
KO,2026-09-29,86.56,87.28,86.56,86.84,13661800
KO,2026-09-30,87.35,87.52,86.07,86.08,15828000
KO,2026-10-01,86.23,86.68,85.72,86.1,18725500
KO,2026-10-02,86.3,86.45,85.17,85.65,20277200
KO,2026-10-05,85.87,86.57,85.13,86.51,21274700
KO,2026-10-06,86.6,87.29,86.16,86.17,16061400
KR,2026-09-17,61.02,61.28,60.6,60.75,7604800
KR,2026-09-18,60.52,61.0,59.99,60.0,12114100
KR,2026-09-21,60.06,60.61,59.46,59.69,7325700
KR,2026-09-22,60.03,60.19,58.53,58.56,6188063
KR,2026-09-23,58.56,59.39,57.56,57.64,6811900
KR,2026-09-24,58.41,59.65,58.41,58.92,8088900
KR,2026-09-25,58.63,58.98,57.7,58.74,10236400
KR,2026-09-28,59.02,60.27,58.5,59.69,12036000
KR,2026-09-29,59.89,60.89,59.79,60.79,10457800
KR,2026-09-30,60.96,60.98,58.62,58.62,7530800
KR,2026-10-01,58.64,60.29,58.3,59.48,7946800
KR,2026-10-02,59.39,59.83,58.86,59.03,4705500
KR,2026-10-05,58.84,58.96,58.32,58.78,6480100
KR,2026-10-06,58.55,58.71,57.75,58.41,6547700
KVUE,2026-09-17,17.98,18.1,17.78,17.87,23452600
KVUE,2026-09-18,17.8,17.97,17.76,17.81,26706300
KVUE,2026-09-21,17.63,17.73,17.49,17.67,25682300
KVUE,2026-09-22,17.95,17.99,17.84,17.86,14239119
KVUE,2026-09-23,17.84,17.9,17.64,17.67,16168500
KVUE,2026-09-24,17.77,17.88,17.61,17.61,17494000
KVUE,2026-09-25,17.59,17.84,17.56,17.8,12558100
KVUE,2026-09-28,17.73,17.9,17.65,17.88,16006900
KVUE,2026-09-29,17.74,17.93,17.7,17.91,19194800
KVUE,2026-09-30,18.08,18.08,17.66,17.66,25306700
KVUE,2026-10-01,17.43,17.55,17.19,17.22,22206900
KVUE,2026-10-02,17.33,17.38,17.16,17.2,13993700
KVUE,2026-10-05,17.24,17.41,17.17,17.39,13930200
KVUE,2026-10-06,17.46,17.65,17.41,17.59,10870700
L,2026-09-17,109.07,109.59,107.79,108.36,1210300
L,2026-09-18,107.63,108.43,107.03,107.77,2546600
L,2026-09-21,109.13,109.28,106.72,106.75,1013100
L,2026-09-22,106.65,106.67,105.39,105.91,1749366
L,2026-09-23,105.42,106.85,104.96,105.04,1223500
L,2026-09-24,105.43,106.18,104.81,105.07,858000
L,2026-09-25,105.31,105.31,103.92,104.82,843600
L,2026-09-28,104.82,105.48,104.59,104.95,812600
L,2026-09-29,104.51,105.99,104.51,105.93,791000
L,2026-09-30,105.7,105.96,104.42,104.43,1063700
L,2026-10-01,104.26,105.5,103.89,105.05,1872100
L,2026-10-02,106.27,106.27,104.9,106.03,855100
L,2026-10-05,105.98,106.31,105.59,105.67,1129800
L,2026-10-06,105.83,107.11,104.88,106.46,597300
LDOS,2026-09-17,130.93,131.64,129.81,130.96,1000000
LDOS,2026-09-18,130.5,130.84,127.25,127.69,3278100
LDOS,2026-09-21,127.79,129.16,126.94,128.23,1121600
LDOS,2026-09-22,129.25,129.25,122.79,123.31,1078020
LDOS,2026-09-23,123.91,126.19,122.99,124.69,1555000
LDOS,2026-09-24,124.54,125.6,123.33,123.35,1149700
LDOS,2026-09-25,122.84,124.96,122.27,123.61,939800
LDOS,2026-09-28,122.99,122.99,121.11,122.35,961200
LDOS,2026-09-29,121.77,125.0,121.66,123.1,1102400
LDOS,2026-09-30,123.08,123.9,121.67,121.83,1073100
LDOS,2026-10-01,124.01,125.4,121.95,121.97,1081000
LDOS,2026-10-02,121.94,121.94,117.68,117.74,892200
LDOS,2026-10-05,117.5,120.2,116.51,119.45,1670400
LDOS,2026-10-06,118.02,118.77,115.8,116.69,1201400
LEN,2026-09-17,81.0,81.0,76.07,79.7,8643100
LEN,2026-09-18,78.25,79.1,75.7,76.43,11848800
LEN,2026-09-21,76.98,78.38,76.5,78.08,4951200
LEN,2026-09-22,81.0,83.37,80.18,83.06,6457949
LEN,2026-09-23,82.0,83.19,81.31,81.52,5863600
LEN,2026-09-24,81.19,81.98,80.12,81.47,4781200
LEN,2026-09-25,82.0,82.27,80.37,82.15,3890800
LEN,2026-09-28,81.81,84.08,81.76,82.03,6782000
LEN,2026-09-29,82.27,83.45,81.65,83.01,4713800
LEN,2026-09-30,83.94,84.25,81.17,81.59,5390200
LEN,2026-10-01,80.68,83.16,79.06,82.11,8881900
LEN,2026-10-02,83.96,84.24,77.63,79.81,9015300
LEN,2026-10-05,78.97,79.73,73.75,74.44,10657800
LEN,2026-10-06,74.95,77.72,74.95,77.41,6466400
LH,2026-09-17,326.79,326.79,321.4,322.73,559900
LH,2026-09-18,322.0,322.7,319.38,320.71,1737900
LH,2026-09-21,321.95,323.84,318.94,320.99,487400
LH,2026-09-22,303.46,316.53,303.46,311.54,1902422
LH,2026-09-23,311.91,312.82,303.5,303.98,909200
LH,2026-09-24,304.62,309.54,303.13,308.95,784900
LH,2026-09-25,308.24,312.3,306.55,309.64,821500
LH,2026-09-28,306.85,312.57,306.85,309.57,774500
LH,2026-09-29,306.89,309.95,306.58,308.81,613100
LH,2026-09-30,311.0,311.54,306.98,308.11,646200
LH,2026-10-01,306.0,309.72,304.06,304.6,559400
LH,2026-10-02,305.77,309.36,302.71,308.49,588200
LH,2026-10-05,308.08,309.79,305.84,308.65,705900
LH,2026-10-06,310.41,312.76,304.92,311.71,987800
LHX,2026-09-17,251.0,252.09,246.63,250.46,1904200
LHX,2026-09-18,250.03,251.5,246.11,247.29,2844400
LHX,2026-09-21,246.61,248.18,244.91,246.93,1461600
LHX,2026-09-22,248.51,248.47,239.51,239.89,1704841
LHX,2026-09-23,239.99,243.5,239.0,239.21,1330200
LHX,2026-09-24,239.15,242.12,237.85,238.04,1450700
LHX,2026-09-25,238.11,240.98,236.79,237.69,1646600
LHX,2026-09-28,237.0,240.1,234.59,237.7,1985300
LHX,2026-09-29,236.36,239.36,235.02,236.47,1833800
LHX,2026-09-30,236.72,238.69,234.01,236.78,1441800
LHX,2026-10-01,236.72,239.24,236.07,238.4,1309900
LHX,2026-10-02,238.22,238.62,234.66,236.6,1528800
LHX,2026-10-05,237.04,239.22,235.55,236.88,1273500
LHX,2026-10-06,236.3,239.46,235.3,237.9,1139600
LII,2026-09-17,368.72,372.0,355.58,359.08,388600
LII,2026-09-18,359.36,361.77,356.9,359.23,892700
LII,2026-09-21,362.37,366.79,357.79,363.64,369700
LII,2026-09-22,370.67,372.44,363.05,371.68,430450
LII,2026-09-23,368.23,374.32,368.23,372.34,379700
LII,2026-09-24,370.21,372.01,365.77,367.78,381700
LII,2026-09-25,368.09,377.84,366.07,373.77,476700
LII,2026-09-28,370.25,373.47,363.87,368.41,461700
LII,2026-09-29,369.43,370.43,359.1,360.16,579200
LII,2026-09-30,360.63,360.66,354.86,355.02,541000
LII,2026-10-01,354.14,361.93,351.34,360.46,548700
LII,2026-10-02,366.27,367.81,356.03,356.3,505400
LII,2026-10-05,353.57,364.72,350.64,361.15,439000
LII,2026-10-06,363.29,371.84,361.3,365.63,435700
LIN,2026-09-17,461.32,462.96,455.7,458.48,2189000
LIN,2026-09-18,458.38,461.7,454.19,460.4,4475400
LIN,2026-09-21,460.87,461.43,456.41,457.5,2016600
LIN,2026-09-22,458.06,465.95,455.28,464.91,1890792
LIN,2026-09-23,463.83,472.59,463.01,469.72,1925700
LIN,2026-09-24,470.0,472.27,466.4,468.14,2084400
LIN,2026-09-25,465.75,470.44,465.75,469.89,1618600
LIN,2026-09-28,467.38,474.05,465.01,472.04,1868800
LIN,2026-09-29,472.9,477.52,471.4,473.37,1908000
LIN,2026-09-30,476.19,480.56,474.55,474.65,2640100
LIN,2026-10-01,472.0,472.0,462.37,469.45,2124000
LIN,2026-10-02,472.48,483.41,470.55,479.48,2533700
LIN,2026-10-05,480.09,485.94,476.58,482.38,2797700
LIN,2026-10-06,482.87,492.1,482.69,489.95,3161100
LITE,2026-09-17,934.88,945.0,886.1,893.61,4902900
LITE,2026-09-18,915.66,951.6,896.0,930.91,9259400
LITE,2026-09-21,959.27,983.45,946.0,954.49,4713600
LITE,2026-09-22,937.68,1002.0,934.38,945.67,4316151
LITE,2026-09-23,946.56,960.0,924.55,937.0,3271500
LITE,2026-09-24,923.83,954.45,912.0,929.04,3671300
LITE,2026-09-25,936.03,962.88,913.29,941.65,3853800
LITE,2026-09-28,947.8,950.97,881.23,921.32,4432800
LITE,2026-09-29,945.0,998.88,934.51,973.49,6026300
LITE,2026-09-30,985.53,1009.45,940.27,971.26,3996400
LITE,2026-10-01,980.0,1078.04,966.0,1045.78,7535000
LITE,2026-10-02,1053.26,1091.61,1037.24,1085.42,4670500
LITE,2026-10-05,1092.29,1124.4,1072.05,1091.67,3003800
LITE,2026-10-06,1099.81,1137.2,1084.04,1133.4,4249500
LLY,2026-09-17,1150.27,1159.75,1138.26,1152.44,1896400
LLY,2026-09-18,1150.0,1157.6,1140.27,1152.93,4542600
LLY,2026-09-21,1144.5,1170.9,1134.41,1164.89,2476600
LLY,2026-09-22,1146.15,1180.47,1139.33,1170.14,2429845
LLY,2026-09-23,1174.71,1188.88,1145.98,1150.99,2154100
LLY,2026-09-24,1156.67,1197.79,1151.0,1181.89,2417700
LLY,2026-09-25,1185.32,1190.0,1160.84,1183.46,1923200
LLY,2026-09-28,1180.3,1194.09,1172.56,1184.78,1971200
LLY,2026-09-29,1186.05,1192.94,1168.47,1184.63,1658100
LLY,2026-09-30,1186.49,1215.0,1155.27,1157.08,3407700
LLY,2026-10-01,1155.0,1158.72,1139.85,1149.85,2172500
LLY,2026-10-02,1153.82,1164.92,1136.66,1142.85,2052300
LLY,2026-10-05,1150.76,1165.73,1139.5,1143.12,1976600
LLY,2026-10-06,1147.15,1177.07,1139.98,1157.49,2131000
LMT,2026-09-17,539.18,542.61,520.42,538.09,1343000
LMT,2026-09-18,536.98,538.1,527.1,533.38,2857500
LMT,2026-09-21,532.3,537.82,530.01,535.4,965900
LMT,2026-09-22,536.87,536.87,515.6,522.34,1414181
LMT,2026-09-23,524.57,534.93,523.21,524.68,1134100
LMT,2026-09-24,523.76,531.0,523.32,523.7,833100
LMT,2026-09-25,524.12,528.0,516.49,519.56,1126900
LMT,2026-09-28,519.0,524.27,516.1,518.1,1076200
LMT,2026-09-29,514.99,519.69,511.03,512.21,1239300
LMT,2026-09-30,511.0,513.0,503.74,509.25,1380400
LMT,2026-10-01,508.0,511.69,503.53,505.5,894600
LMT,2026-10-02,505.79,507.97,498.55,505.41,1064000
LMT,2026-10-05,506.03,507.36,501.12,506.63,1011700
LMT,2026-10-06,509.0,510.87,504.18,510.12,850400
LNT,2026-09-17,66.23,66.75,66.05,66.64,2221700
LNT,2026-09-18,66.5,66.5,65.56,65.61,3936400
LNT,2026-09-21,65.62,65.7,64.76,64.97,3064300
LNT,2026-09-22,64.98,65.33,64.57,64.62,2211002
LNT,2026-09-23,64.66,64.66,63.56,63.69,2952300
LNT,2026-09-24,63.85,64.0,63.27,63.31,2447200
LNT,2026-09-25,63.26,63.65,62.7,63.6,2704900
LNT,2026-09-28,63.44,63.81,62.78,63.21,4040400
LNT,2026-09-29,62.81,64.47,62.77,64.34,3890400
LNT,2026-09-30,64.54,64.65,63.18,63.3,4636900
LNT,2026-10-01,63.3,63.93,62.54,63.71,3380600
LNT,2026-10-02,63.79,65.2,63.79,64.33,5241600
LNT,2026-10-05,64.18,64.8,63.97,64.29,2983600
LNT,2026-10-06,64.67,65.54,64.44,65.49,2738100
LOW,2026-09-17,198.61,199.35,193.93,194.19,2338700
LOW,2026-09-18,193.3,194.64,192.09,192.49,5881200
LOW,2026-09-21,192.54,193.09,188.22,190.98,3558400
LOW,2026-09-22,194.77,196.75,192.62,196.08,3387342
LOW,2026-09-23,194.15,195.51,191.31,191.36,2934800
LOW,2026-09-24,190.97,192.69,187.5,188.49,3741600
LOW,2026-09-25,188.36,190.58,187.15,189.28,3455100
LOW,2026-09-28,187.15,189.71,186.3,187.66,3946100
LOW,2026-09-29,188.57,188.98,186.5,187.26,2901800
LOW,2026-09-30,189.06,189.15,184.22,184.29,3694400
LOW,2026-10-01,183.21,183.88,179.21,182.38,4384700
LOW,2026-10-02,184.61,185.16,180.01,180.8,2771500
LOW,2026-10-05,180.0,180.85,178.45,179.5,2774300
LOW,2026-10-06,179.74,184.2,179.72,183.67,2702700
LRCX,2026-09-17,280.46,281.4,266.9,269.31,11258600
LRCX,2026-09-18,274.41,288.27,272.64,288.11,19608300
LRCX,2026-09-21,292.49,305.69,290.04,302.28,11325100
LRCX,2026-09-22,296.54,311.31,296.08,310.96,9277759
LRCX,2026-09-23,307.5,309.75,298.56,307.28,9644600
LRCX,2026-09-24,301.86,307.22,298.86,307.16,7900100
LRCX,2026-09-25,309.18,317.13,307.5,315.21,8138100
LRCX,2026-09-28,313.88,316.31,305.5,314.47,8902500
LRCX,2026-09-29,323.63,328.32,319.15,323.86,7964600
LRCX,2026-09-30,324.65,330.5,322.06,328.51,7685900
LRCX,2026-10-01,332.0,341.64,331.05,340.1,8688500
LRCX,2026-10-02,350.0,352.56,344.77,347.49,7457400
LRCX,2026-10-05,346.88,351.37,341.7,345.8,6117500
LRCX,2026-10-06,345.1,346.9,330.85,333.89,7659800
LULU,2026-09-17,97.22,99.92,95.35,99.39,6527600
LULU,2026-09-18,99.65,100.92,97.14,98.06,7924100
LULU,2026-09-21,98.22,102.34,97.94,101.3,5780100
LULU,2026-09-22,103.4,103.76,101.8,103.73,4295304
LULU,2026-09-23,103.65,104.24,101.2,102.28,4279300
LULU,2026-09-24,102.33,102.97,99.3,101.64,3970000
LULU,2026-09-25,101.48,103.8,99.42,101.3,5195900
LULU,2026-09-28,99.78,102.04,98.37,100.58,4520300
LULU,2026-09-29,100.4,100.49,96.62,96.87,4532600
LULU,2026-09-30,96.89,97.92,95.89,96.19,4132800
LULU,2026-10-01,96.3,98.91,95.85,95.86,5485800
LULU,2026-10-02,95.58,96.16,93.41,94.46,6081000
LULU,2026-10-05,93.82,94.27,91.28,93.14,7048400
LULU,2026-10-06,93.35,94.59,92.24,93.61,4892200
LUV,2026-09-17,40.0,41.03,39.87,40.34,7973000
LUV,2026-09-18,40.51,41.34,40.49,40.98,14078500
LUV,2026-09-21,41.68,41.78,40.93,41.77,6334000
LUV,2026-09-22,42.75,43.19,41.63,42.08,7719649
LUV,2026-09-23,41.55,41.79,40.99,41.04,5655700
LUV,2026-09-24,40.74,41.86,40.45,41.55,6022900
LUV,2026-09-25,42.19,42.77,41.19,42.68,6978900
LUV,2026-09-28,41.54,42.96,41.3,42.28,5953100
LUV,2026-09-29,43.17,43.17,41.47,42.08,4108300
LUV,2026-09-30,42.13,42.24,41.44,41.64,4838700
LUV,2026-10-01,41.57,42.19,41.36,41.84,5114400
LUV,2026-10-02,42.8,42.83,41.81,42.47,6196200
LUV,2026-10-05,42.5,42.59,41.7,41.85,5795000
LUV,2026-10-06,42.34,43.16,41.86,42.45,4837900
LVS,2026-09-17,41.37,41.43,40.63,40.67,4183100
LVS,2026-09-18,40.51,40.79,39.73,39.98,18101900
LVS,2026-09-21,40.19,40.6,39.54,40.26,4541600
LVS,2026-09-22,40.86,41.02,39.59,39.7,5034108
LVS,2026-09-23,39.76,39.78,39.01,39.19,3816100
LVS,2026-09-24,39.0,39.23,38.06,38.65,7210000
LVS,2026-09-25,38.79,39.17,38.52,38.99,3886700
LVS,2026-09-28,38.87,39.29,38.42,38.78,3766000
LVS,2026-09-29,38.83,38.83,38.15,38.32,5308500
LVS,2026-09-30,38.45,38.67,37.79,37.81,6336400
LVS,2026-10-01,37.84,37.93,36.48,36.69,6296100
LVS,2026-10-02,36.89,36.98,36.21,36.23,7317600
LVS,2026-10-05,36.65,37.01,36.08,36.61,5863200
LVS,2026-10-06,36.67,36.7,36.28,36.31,4977000
LYB,2026-09-17,64.1,64.69,63.52,64.25,4353800
LYB,2026-09-18,63.54,63.62,61.69,61.93,7742600
LYB,2026-09-21,61.62,61.64,60.2,60.24,3201400
LYB,2026-09-22,59.37,60.65,59.05,59.24,3720566
LYB,2026-09-23,59.51,60.65,59.32,59.97,2905900
LYB,2026-09-24,60.74,61.59,60.13,60.18,2580900
LYB,2026-09-25,59.37,59.61,57.64,58.14,3315700
LYB,2026-09-28,58.74,59.68,58.16,58.27,3176200
LYB,2026-09-29,57.38,58.35,56.81,58.18,3540100
LYB,2026-09-30,57.89,58.35,57.3,57.47,3101100
LYB,2026-10-01,56.68,58.07,55.88,57.78,3663300
LYB,2026-10-02,57.16,58.87,57.11,58.58,3482700
LYB,2026-10-05,58.65,59.94,58.22,59.22,2854000
LYB,2026-10-06,58.8,59.27,58.18,58.93,2999800
LYV,2026-09-17,172.29,172.37,168.06,168.34,1447800
LYV,2026-09-18,168.0,168.67,166.4,167.12,4476600
LYV,2026-09-21,168.75,170.22,167.67,169.18,1871900
LYV,2026-09-22,170.97,171.23,167.47,169.84,1784032
LYV,2026-09-23,168.93,171.68,167.82,169.03,2072500
LYV,2026-09-24,168.11,171.41,166.11,171.06,1936500
LYV,2026-09-25,170.59,171.38,168.73,170.87,1153200
LYV,2026-09-28,170.89,174.0,170.71,171.89,2205800
LYV,2026-09-29,171.42,172.43,170.26,171.09,1508600
LYV,2026-09-30,171.39,172.92,169.23,169.3,1851600
LYV,2026-10-01,171.73,171.73,164.82,166.85,2668700
LYV,2026-10-02,167.9,169.46,166.59,168.77,2070700
LYV,2026-10-05,168.23,171.95,167.08,170.67,2832100
LYV,2026-10-06,169.46,173.36,169.46,171.8,1736700
MA,2026-09-17,568.07,569.86,564.07,565.73,2070600
MA,2026-09-18,564.95,568.43,561.9,565.24,5439800
MA,2026-09-21,567.11,569.39,562.36,567.65,2572400
MA,2026-09-22,571.18,571.35,553.11,555.89,3777854
MA,2026-09-23,555.78,565.75,554.0,559.92,2879000
MA,2026-09-24,561.0,568.18,559.68,566.08,2165400
MA,2026-09-25,567.08,568.78,562.29,567.65,2373100
MA,2026-09-28,566.28,569.57,563.5,568.26,3188600
MA,2026-09-29,564.0,566.99,561.3,563.58,2901400
MA,2026-09-30,562.26,563.0,551.43,551.47,5034600
MA,2026-10-01,551.0,557.2,546.12,550.0,2893400
MA,2026-10-02,551.32,554.68,545.41,552.26,2453400
MA,2026-10-05,552.04,565.87,551.15,564.59,2404800
MA,2026-10-06,563.5,568.93,562.14,566.58,2286500
MAA,2026-09-17,122.68,122.79,120.94,121.17,1257500
MAA,2026-09-18,120.56,121.45,118.91,118.93,2633600
MAA,2026-09-21,118.91,119.59,117.98,118.86,1099800
MAA,2026-09-22,119.31,120.23,118.49,119.15,1149708
MAA,2026-09-23,119.14,120.04,117.71,117.78,1559600
MAA,2026-09-24,118.0,118.63,116.68,117.26,1360300
MAA,2026-09-25,117.5,118.93,116.67,118.35,1192600
MAA,2026-09-28,118.53,118.76,117.23,118.34,1449400
MAA,2026-09-29,118.1,119.51,117.52,118.43,920500
MAA,2026-09-30,118.58,118.92,117.44,117.74,1328000
MAA,2026-10-01,117.62,117.71,116.17,116.38,1159700
MAA,2026-10-02,117.14,117.37,114.47,115.27,1687500
MAA,2026-10-05,115.09,116.69,114.39,116.47,1585800
MAA,2026-10-06,116.71,118.61,115.96,116.99,1191700
MAR,2026-09-17,337.72,338.67,332.68,334.0,1000900
MAR,2026-09-18,333.83,340.64,332.35,338.92,4247800
MAR,2026-09-21,337.51,343.15,337.02,342.66,1166900
MAR,2026-09-22,346.69,349.34,343.15,348.06,1766957
MAR,2026-09-23,346.3,354.11,345.37,351.66,1654600
MAR,2026-09-24,351.2,354.63,349.67,351.51,1105700
MAR,2026-09-25,351.85,353.3,347.6,352.03,1353100
MAR,2026-09-28,351.95,359.63,349.68,358.57,1696300
MAR,2026-09-29,362.35,364.09,355.17,361.62,1466700
MAR,2026-09-30,363.69,363.69,355.67,355.67,1122200
MAR,2026-10-01,357.79,357.79,352.29,354.79,1117800
MAR,2026-10-02,359.32,360.6,356.36,358.96,1000900
MAR,2026-10-05,357.79,358.96,354.69,355.89,1369700
MAR,2026-10-06,357.52,362.46,356.76,361.28,1338000
MAS,2026-09-17,69.67,70.05,67.86,68.23,2399400
MAS,2026-09-18,67.64,68.17,67.42,68.06,7228900
MAS,2026-09-21,68.57,68.8,67.44,67.74,1798300
MAS,2026-09-22,69.11,70.26,68.4,69.96,2449809
MAS,2026-09-23,70.33,70.33,68.15,68.16,2096200
MAS,2026-09-24,67.97,68.66,67.03,67.31,2295000
MAS,2026-09-25,67.43,69.02,67.23,68.85,1820800
MAS,2026-09-28,68.0,69.07,67.66,68.36,2668700
MAS,2026-09-29,68.68,69.09,67.59,68.37,1881000
MAS,2026-09-30,68.67,68.79,67.38,67.4,1700900
MAS,2026-10-01,67.16,68.43,66.26,68.28,1964800
MAS,2026-10-02,69.43,69.6,67.91,68.36,1361400
MAS,2026-10-05,68.09,68.74,67.61,68.46,1759200
MAS,2026-10-06,68.46,69.96,68.38,69.93,2076200
MCD,2026-09-17,250.3,250.6,248.1,248.48,4941900
MCD,2026-09-18,248.27,250.45,247.65,248.24,9565500
MCD,2026-09-21,249.41,250.38,246.52,247.88,6211400
MCD,2026-09-22,250.68,252.04,249.37,250.35,4973252
MCD,2026-09-23,250.29,250.32,234.03,238.32,16576600
MCD,2026-09-24,239.7,242.56,237.02,237.02,7355900
MCD,2026-09-25,236.78,238.0,235.29,236.5,6530000
MCD,2026-09-28,235.74,237.48,233.23,233.6,5330000
MCD,2026-09-29,232.2,236.01,232.06,233.98,5239500
MCD,2026-09-30,234.23,234.97,230.88,230.94,5559400
MCD,2026-10-01,231.54,232.84,229.61,231.83,5925700
MCD,2026-10-02,232.7,233.0,230.83,231.89,6425900
MCD,2026-10-05,231.9,233.08,229.2,233.04,5594000
MCD,2026-10-06,233.35,234.3,231.7,232.45,5638000
MCHP,2026-09-17,71.47,71.8,70.1,70.82,8555800
MCHP,2026-09-18,71.49,73.4,71.06,73.27,15928500
MCHP,2026-09-21,74.7,75.17,72.74,74.78,9676200
MCHP,2026-09-22,74.69,76.55,74.44,75.82,7449144
MCHP,2026-09-23,75.05,75.77,73.77,75.53,7724400
MCHP,2026-09-24,73.92,74.75,73.13,74.69,8726300
MCHP,2026-09-25,75.2,78.96,74.93,78.69,9747400
MCHP,2026-09-28,77.65,78.25,75.93,77.97,9381300
MCHP,2026-09-29,79.29,80.37,78.47,78.78,7688400
MCHP,2026-09-30,79.07,79.65,77.73,77.77,5726400
MCHP,2026-10-01,78.01,79.31,76.87,78.5,6804900
MCHP,2026-10-02,81.25,83.4,80.8,81.32,7821400
MCHP,2026-10-05,80.96,81.77,80.05,81.49,5830000
MCHP,2026-10-06,82.17,82.56,80.76,81.26,5837600
MCK,2026-09-17,886.11,889.81,874.73,879.57,577200
MCK,2026-09-18,872.78,881.05,864.12,874.65,2706500
MCK,2026-09-21,874.79,895.34,873.35,886.47,940300
MCK,2026-09-22,891.11,897.46,882.88,891.23,853105
MCK,2026-09-23,889.79,907.07,880.5,880.5,672900
MCK,2026-09-24,883.02,896.6,866.59,869.36,593500
MCK,2026-09-25,865.0,871.0,858.76,866.64,452000
MCK,2026-09-28,865.02,871.2,855.64,856.29,550000
MCK,2026-09-29,849.29,866.44,847.29,864.82,476900
MCK,2026-09-30,862.26,866.19,847.3,853.81,691200
MCK,2026-10-01,886.47,924.21,881.34,898.82,1210100
MCK,2026-10-02,899.02,905.55,881.4,902.28,777000
MCK,2026-10-05,905.22,922.46,900.72,915.45,697600
MCK,2026-10-06,921.0,928.46,914.23,921.67,680500
MCO,2026-09-17,467.83,469.18,461.86,461.88,634400
MCO,2026-09-18,460.0,470.99,456.97,468.59,1408100
MCO,2026-09-21,472.87,474.15,466.39,467.22,685100
MCO,2026-09-22,471.17,475.0,466.55,469.25,757388
MCO,2026-09-23,468.0,478.0,467.24,473.85,789600
MCO,2026-09-24,473.28,479.09,463.89,467.35,577300
MCO,2026-09-25,466.37,469.61,461.53,468.7,651100
MCO,2026-09-28,462.88,464.13,457.98,460.08,751900
MCO,2026-09-29,456.35,458.65,450.53,454.82,848700
MCO,2026-09-30,454.65,458.94,453.26,454.13,1039800
MCO,2026-10-01,455.0,460.0,441.59,447.36,1586800
MCO,2026-10-02,447.19,448.52,438.01,441.36,1606100
MCO,2026-10-05,442.22,448.52,439.0,448.15,943800
MCO,2026-10-06,451.24,454.94,450.0,452.32,583300
MDLZ,2026-09-17,62.56,62.56,61.47,62.04,7804100
MDLZ,2026-09-18,61.69,61.75,60.49,60.85,17733700
MDLZ,2026-09-21,61.14,61.15,60.1,60.17,9424700
MDLZ,2026-09-22,60.49,61.26,60.33,61.08,8287325
MDLZ,2026-09-23,61.08,61.68,60.79,61.44,9664800
MDLZ,2026-09-24,61.43,62.19,60.76,60.86,5808200
MDLZ,2026-09-25,60.59,60.7,60.0,60.25,5578300
MDLZ,2026-09-28,60.16,60.68,59.75,60.18,7262700
MDLZ,2026-09-29,58.79,59.66,58.79,59.32,8402600
MDLZ,2026-09-30,59.03,59.14,57.81,57.82,10966300
MDLZ,2026-10-01,57.87,58.18,57.35,57.76,7614800
MDLZ,2026-10-02,57.68,58.32,57.48,58.19,7882300
MDLZ,2026-10-05,57.32,58.49,57.32,58.49,8067000
MDLZ,2026-10-06,58.25,59.96,58.25,59.62,7209800
MDT,2026-09-17,92.63,93.43,92.21,92.77,10900900
MDT,2026-09-18,92.28,93.03,92.04,92.13,15435900
MDT,2026-09-21,91.5,92.73,91.5,91.75,7311200
MDT,2026-09-22,92.51,92.61,90.56,90.77,14063396
MDT,2026-09-23,90.53,91.15,88.61,89.3,10532200
MDT,2026-09-24,89.74,90.28,88.46,88.51,10961500
MDT,2026-09-25,87.61,88.99,87.12,88.64,13053500
MDT,2026-09-28,88.32,89.53,87.52,89.5,22548000
MDT,2026-09-29,88.83,89.22,86.38,87.09,19448000
MDT,2026-09-30,86.57,87.42,86.2,86.29,26614100
MDT,2026-10-01,85.85,86.84,85.22,86.44,29277400
MDT,2026-10-02,86.55,87.94,85.59,86.38,35364700
MDT,2026-10-05,86.33,88.12,85.53,87.97,43693700
MDT,2026-10-06,87.97,88.5,86.45,87.09,52133800
MET,2026-09-17,97.94,98.37,96.8,97.35,2760900
MET,2026-09-18,96.89,97.29,96.24,97.04,7309500
MET,2026-09-21,97.44,97.84,96.54,96.64,1933400
MET,2026-09-22,97.47,97.71,95.03,95.92,2627952
MET,2026-09-23,95.2,97.67,95.01,97.2,2943100
MET,2026-09-24,97.73,98.18,97.06,97.25,3442900
MET,2026-09-25,97.54,98.45,96.67,97.7,3625300
MET,2026-09-28,97.51,97.94,95.39,95.82,3241800
MET,2026-09-29,95.68,96.33,94.42,95.2,2621800
MET,2026-09-30,94.84,95.56,94.12,94.16,3008300
MET,2026-10-01,93.71,94.5,92.21,94.35,3686300
MET,2026-10-02,93.98,94.97,93.98,94.43,2981100
MET,2026-10-05,94.84,97.39,94.66,96.88,4417300
MET,2026-10-06,97.19,99.06,97.0,97.16,4300200
META,2026-09-17,682.44,683.2,667.05,682.31,15888400
META,2026-09-18,688.62,690.15,660.8,665.75,27548000
META,2026-09-21,680.3,753.0,679.6,741.25,48572800
META,2026-09-22,731.47,757.27,730.0,736.59,27915040
META,2026-09-23,747.6,763.9,739.51,744.1,30346000
META,2026-09-24,744.36,779.82,743.01,777.59,34744400
META,2026-09-25,768.85,769.57,746.54,751.66,25753100
META,2026-09-28,750.04,750.58,713.19,715.62,27713500
META,2026-09-29,725.0,740.45,715.1,738.79,23460100
META,2026-09-30,730.27,738.25,721.3,725.18,19240800
META,2026-10-01,728.53,735.88,721.51,725.93,12384700
META,2026-10-02,733.25,741.58,726.2,728.08,12944900
META,2026-10-05,727.71,746.7,727.12,741.9,15196500
META,2026-10-06,746.73,747.6,736.69,738.88,12547300
MGM,2026-09-17,38.78,38.97,38.18,38.31,1943100
MGM,2026-09-18,38.33,38.33,37.5,37.81,7853800
MGM,2026-09-21,38.25,38.78,37.52,38.73,2460900
MGM,2026-09-22,38.97,39.43,38.44,38.9,3515574
MGM,2026-09-23,38.54,38.98,37.64,37.85,3052100
MGM,2026-09-24,33.87,34.54,33.43,33.69,19865400
MGM,2026-09-25,33.99,34.5,32.28,32.58,11252700
MGM,2026-09-28,32.69,32.88,31.72,31.86,9314200
MGM,2026-09-29,32.1,32.22,31.4,31.52,5365200
MGM,2026-09-30,31.75,31.8,30.96,31.05,6182100
MGM,2026-10-01,31.12,31.19,30.11,30.47,5085400
MGM,2026-10-02,30.6,30.64,29.92,30.48,4084800
MGM,2026-10-05,30.67,31.03,30.05,30.17,5039100
MGM,2026-10-06,30.49,31.0,30.34,30.54,4236100
MKC,2026-09-17,50.46,50.5,49.7,49.7,2754800
MKC,2026-09-18,49.08,49.54,48.7,48.72,10028300
MKC,2026-09-21,48.77,49.47,48.56,48.89,3560500
MKC,2026-09-22,49.57,49.59,49.09,49.42,2331094
MKC,2026-09-23,49.48,49.77,48.51,49.09,2696800
MKC,2026-09-24,49.46,49.5,47.76,47.82,2596300
MKC,2026-09-25,47.62,48.05,47.36,47.94,2687400
MKC,2026-09-28,47.83,48.66,47.62,48.46,3165700
MKC,2026-09-29,48.14,48.68,47.96,48.4,3349800
MKC,2026-09-30,49.0,49.2,46.25,46.4,5652200
MKC,2026-10-01,46.8,46.94,43.94,44.14,8924600
MKC,2026-10-02,43.52,45.03,43.25,44.67,5455200
MKC,2026-10-05,44.76,45.68,43.88,45.54,4344400
MKC,2026-10-06,45.75,46.17,45.16,45.4,4102800
MLM,2026-09-17,505.38,506.09,490.48,494.44,713500
MLM,2026-09-18,489.71,494.94,488.74,490.64,1146900
MLM,2026-09-21,494.44,501.25,490.57,499.67,969100
MLM,2026-09-22,508.29,510.81,493.77,499.34,708173
MLM,2026-09-23,493.44,506.06,488.83,490.45,1186100
MLM,2026-09-24,488.97,490.07,477.4,480.1,1393000
MLM,2026-09-25,480.21,489.35,477.38,484.3,1104400
MLM,2026-09-28,481.04,493.71,476.82,490.77,803800
MLM,2026-09-29,493.58,495.68,471.88,479.09,1066000
MLM,2026-09-30,481.44,485.45,478.53,479.81,782000
MLM,2026-10-01,476.91,483.01,470.19,479.17,830300
MLM,2026-10-02,483.61,487.98,480.47,482.27,733200
MLM,2026-10-05,479.89,486.8,475.06,485.5,707100
MLM,2026-10-06,488.07,492.58,486.27,489.01,657200
MMM,2026-09-17,164.84,165.46,162.87,164.71,2401300
MMM,2026-09-18,163.8,166.05,163.23,165.89,4551900
MMM,2026-09-21,166.69,166.77,164.84,164.97,2380900
MMM,2026-09-22,166.4,169.31,165.0,169.3,2948518
MMM,2026-09-23,168.45,170.43,167.82,170.3,2787100
MMM,2026-09-24,170.23,170.75,167.26,167.52,2430700
MMM,2026-09-25,168.56,170.73,168.13,169.55,2516200
MMM,2026-09-28,168.28,170.62,168.03,169.48,3783500
MMM,2026-09-29,169.8,170.98,167.25,168.49,2901300
MMM,2026-09-30,169.19,169.5,164.08,164.15,3936100
MMM,2026-10-01,163.7,164.75,162.32,163.02,3210500
MMM,2026-10-02,163.5,164.71,161.12,161.89,3026200
MMM,2026-10-05,161.34,163.56,159.92,163.19,2338300
MMM,2026-10-06,163.58,164.3,161.5,163.64,2412500
MNST,2026-09-17,44.78,44.81,44.23,44.51,9154800
MNST,2026-09-18,44.66,45.08,44.36,44.71,18519800
MNST,2026-09-21,44.47,44.61,43.85,44.0,10228900
MNST,2026-09-22,44.15,44.85,44.13,44.27,7797177
MNST,2026-09-23,44.16,44.43,43.31,43.91,9069400
MNST,2026-09-24,44.13,44.18,42.61,42.67,9788500
MNST,2026-09-25,42.49,43.17,42.11,43.11,8976300
MNST,2026-09-28,42.07,42.2,41.22,41.86,14816900
MNST,2026-09-29,41.49,41.91,41.05,41.74,10976400
MNST,2026-09-30,41.88,42.35,41.62,41.62,11654600
MNST,2026-10-01,41.6,42.36,41.41,42.14,10073000
MNST,2026-10-02,42.37,42.99,42.11,42.94,7745400
MNST,2026-10-05,42.88,43.64,42.71,43.51,10394800
MNST,2026-10-06,43.25,43.47,42.88,43.25,7344500
MO,2026-09-17,69.84,70.04,69.01,69.7,9826900
MO,2026-09-18,69.34,69.98,68.62,69.52,14331800
MO,2026-09-21,69.5,69.54,68.45,68.53,8017800
MO,2026-09-22,68.76,69.03,68.22,68.64,5260831
MO,2026-09-23,68.58,69.55,68.43,68.95,9567300
MO,2026-09-24,69.5,70.29,68.84,68.88,7380200
MO,2026-09-25,68.5,68.84,68.06,68.82,5156700
MO,2026-09-28,69.0,69.6,68.68,69.13,5903000
MO,2026-09-29,68.35,68.92,67.97,68.72,6862700
MO,2026-09-30,68.9,69.08,66.91,67.34,7571200
MO,2026-10-01,67.48,67.5,66.43,66.95,5938500
MO,2026-10-02,66.9,67.45,66.59,67.35,6614500
MO,2026-10-05,67.14,68.03,65.78,67.88,9267200
MO,2026-10-06,67.7,68.79,67.6,68.55,6827500
MOS,2026-09-17,25.07,25.76,24.95,25.39,4707700
MOS,2026-09-18,25.36,25.36,24.46,24.48,11772300
MOS,2026-09-21,24.72,24.94,23.03,24.07,13089900
MOS,2026-09-22,24.09,24.99,23.85,24.73,6137850
MOS,2026-09-23,24.5,25.07,24.29,24.37,5306400
MOS,2026-09-24,24.3,24.43,23.18,23.69,9221100
MOS,2026-09-25,23.7,23.7,22.66,23.01,9100700
MOS,2026-09-28,22.76,22.76,22.15,22.25,6946400
MOS,2026-09-29,22.25,22.59,22.08,22.42,5328800
MOS,2026-09-30,22.61,22.85,21.53,21.65,7848000
MOS,2026-10-01,21.3,21.59,20.38,21.55,11877300
MOS,2026-10-02,21.64,22.01,21.06,21.07,7821200
MOS,2026-10-05,20.89,21.46,20.44,21.29,8860500
MOS,2026-10-06,21.3,21.5,20.85,20.94,7207300
MPC,2026-09-17,408.76,423.83,407.0,421.96,2694600
MPC,2026-09-18,420.27,428.0,419.15,424.89,9855700
MPC,2026-09-21,419.01,431.08,399.55,402.38,4444600
MPC,2026-09-22,391.68,404.65,386.95,389.68,4691957
MPC,2026-09-23,393.05,400.72,378.8,388.38,4184100
MPC,2026-09-24,394.14,401.09,387.74,390.95,2090200
MPC,2026-09-25,385.0,394.87,380.78,393.52,1937800
MPC,2026-09-28,396.0,398.33,387.07,389.44,2656000
MPC,2026-09-29,382.28,394.23,380.0,392.03,1898400
MPC,2026-09-30,398.05,404.07,393.7,395.42,1648500
MPC,2026-10-01,393.21,420.73,392.83,420.15,2115500
MPC,2026-10-02,415.88,424.67,405.57,422.33,2167300
MPC,2026-10-05,422.8,437.67,421.08,433.47,2123500
MPC,2026-10-06,428.45,435.69,427.2,432.36,1570100
MPWR,2026-09-17,1183.15,1184.15,1146.4,1169.58,950100
MPWR,2026-09-18,1185.52,1221.51,1176.21,1217.8,1426900
MPWR,2026-09-21,1243.25,1283.83,1217.24,1277.68,1029700
MPWR,2026-09-22,1273.0,1387.45,1271.2,1380.62,1451586
MPWR,2026-09-23,1367.08,1371.66,1302.1,1355.47,767000
MPWR,2026-09-24,1317.09,1349.64,1313.09,1335.55,492500
MPWR,2026-09-25,1332.63,1377.14,1329.47,1367.43,536600
MPWR,2026-09-28,1353.13,1359.76,1320.8,1351.2,659400
MPWR,2026-09-29,1372.05,1374.32,1347.85,1355.99,450000
MPWR,2026-09-30,1353.77,1361.44,1324.96,1347.22,465200
MPWR,2026-10-01,1359.98,1368.67,1331.0,1360.97,492300
MPWR,2026-10-02,1406.0,1455.99,1393.13,1439.73,705300
MPWR,2026-10-05,1444.41,1482.97,1432.38,1479.89,685400
MPWR,2026-10-06,1487.88,1491.64,1458.79,1473.69,374700
MRK,2026-09-17,145.74,147.65,145.32,147.15,11060600
MRK,2026-09-18,147.08,147.84,145.74,146.87,31139100
MRK,2026-09-21,146.79,150.49,145.6,149.5,7992700
MRK,2026-09-22,148.69,153.57,148.04,150.91,11104654
MRK,2026-09-23,151.32,152.01,146.89,148.08,9699700
MRK,2026-09-24,148.17,151.46,147.9,147.98,10312300
MRK,2026-09-25,148.06,149.98,147.48,148.78,8288800
MRK,2026-09-28,147.65,149.19,146.28,148.69,7624100
MRK,2026-09-29,148.17,150.36,146.09,149.28,8203400
MRK,2026-09-30,148.95,149.27,145.26,145.31,10223500
MRK,2026-10-01,144.71,145.39,143.26,143.81,7856200
MRK,2026-10-02,143.77,144.35,142.73,144.3,9657900
MRK,2026-10-05,143.67,144.06,138.8,139.54,9478700
MRK,2026-10-06,140.13,142.16,139.74,141.94,8072700
MRNA,2026-09-17,152.5,161.96,149.5,158.07,19142600
MRNA,2026-09-18,158.35,159.79,150.26,154.04,20229600
MRNA,2026-09-21,161.05,176.86,159.06,172.94,20972300
MRNA,2026-09-22,168.58,187.2,168.3,182.56,23782086
MRNA,2026-09-23,183.4,192.31,181.3,182.11,17703700
MRNA,2026-09-24,180.6,195.71,180.39,194.82,16549200
MRNA,2026-09-25,195.35,202.67,192.51,198.88,13902900
MRNA,2026-09-28,195.15,199.82,189.1,197.28,13312200
MRNA,2026-09-29,197.78,208.9,190.0,203.46,13257700
MRNA,2026-09-30,186.55,196.83,184.58,192.57,20601600
MRNA,2026-10-01,186.61,201.0,186.01,188.94,15417500
MRNA,2026-10-02,190.26,193.72,183.28,190.01,10274100
MRNA,2026-10-05,191.41,205.77,185.9,203.21,19274700
MRNA,2026-10-06,202.09,212.22,186.64,187.46,18759000
MRSH,2026-09-17,176.15,176.18,173.26,174.58,3135400
MRSH,2026-09-18,173.76,176.24,172.63,175.01,7168100
MRSH,2026-09-21,175.16,175.79,172.72,172.72,2862000
MRSH,2026-09-22,172.85,172.9,167.94,170.01,3214583
MRSH,2026-09-23,169.45,171.52,169.45,170.38,2654000
MRSH,2026-09-24,170.81,171.84,168.92,169.93,3196800
MRSH,2026-09-25,169.95,173.74,169.67,171.12,3148700
MRSH,2026-09-28,171.17,171.67,168.49,169.03,1919400
MRSH,2026-09-29,167.24,171.07,167.24,170.42,3565400
MRSH,2026-09-30,170.01,171.66,169.28,170.73,3087400
MRSH,2026-10-01,169.97,172.27,169.97,171.85,2247200
MRSH,2026-10-02,171.33,172.43,169.28,170.06,2927500
MRSH,2026-10-05,169.62,171.31,168.31,170.43,2114000
MRSH,2026-10-06,169.76,172.39,169.52,171.74,1968600
MRVL,2026-09-17,240.07,247.89,240.0,240.76,20910000
MRVL,2026-09-18,242.06,244.44,235.96,244.25,23546400
MRVL,2026-09-21,251.4,261.18,244.99,257.38,21377300
MRVL,2026-09-22,255.25,266.0,254.0,262.36,19713392
MRVL,2026-09-23,262.36,264.97,256.22,260.9,13633300
MRVL,2026-09-24,254.1,261.98,252.19,258.95,13378300
MRVL,2026-09-25,263.56,267.48,257.43,261.94,12399000
MRVL,2026-09-28,259.65,261.78,248.14,251.9,16869500
MRVL,2026-09-29,258.55,264.4,256.88,263.27,17023500
MRVL,2026-09-30,264.65,265.0,256.24,264.21,11903700
MRVL,2026-10-01,265.1,270.28,257.58,268.08,18986300
MRVL,2026-10-02,278.0,280.0,271.59,272.29,15858100
MRVL,2026-10-05,276.16,279.48,267.8,271.25,12843800
MRVL,2026-10-06,271.26,301.27,267.26,287.01,51160800
MS,2026-09-17,205.05,205.05,200.26,203.52,4804100
MS,2026-09-18,202.1,203.05,200.85,202.58,7435500
MS,2026-09-21,205.49,206.66,203.18,206.12,4040600
MS,2026-09-22,205.57,206.75,198.21,200.18,7791192
MS,2026-09-23,198.5,201.12,197.94,198.39,4341300
MS,2026-09-24,197.4,198.3,194.75,196.32,5195300
MS,2026-09-25,197.98,197.98,194.25,196.31,4527300
MS,2026-09-28,195.87,195.93,192.97,193.64,4357200
MS,2026-09-29,193.8,194.35,191.27,192.76,4677000
MS,2026-09-30,191.99,192.06,188.07,188.08,6907300
MS,2026-10-01,186.06,188.1,182.47,188.01,9542700
MS,2026-10-02,188.94,191.53,188.51,190.31,6322400
MS,2026-10-05,190.72,191.12,187.58,190.19,4298700
MS,2026-10-06,191.01,193.14,190.55,191.02,4902100
MSCI,2026-09-17,543.73,552.88,542.1,549.47,687800
MSCI,2026-09-18,546.43,555.4,544.18,552.87,841000
MSCI,2026-09-21,556.34,559.93,552.33,558.97,430700
MSCI,2026-09-22,558.11,559.35,547.85,548.88,747881
MSCI,2026-09-23,548.11,559.15,545.01,555.7,611700
MSCI,2026-09-24,557.72,563.27,552.03,556.08,541100
MSCI,2026-09-25,552.07,555.95,547.48,551.36,460100
MSCI,2026-09-28,547.0,547.0,540.43,542.72,588900
MSCI,2026-09-29,537.32,540.46,533.45,539.76,604000
MSCI,2026-09-30,539.03,546.62,537.62,538.66,667100
MSCI,2026-10-01,542.26,550.45,536.86,545.39,645400
MSCI,2026-10-02,546.48,549.89,535.95,535.95,487600
MSCI,2026-10-05,536.05,553.53,535.35,552.35,488100
MSCI,2026-10-06,556.0,560.62,551.41,554.92,576700
MSFT,2026-09-17,497.8,501.47,493.17,497.75,17819200
MSFT,2026-09-18,497.97,498.65,491.1,493.78,39544100
MSFT,2026-09-21,494.95,501.87,491.33,501.61,27873100
MSFT,2026-09-22,507.52,508.5,493.65,498.0,20867650
MSFT,2026-09-23,500.76,509.44,495.88,500.59,19415500
MSFT,2026-09-24,495.07,498.9,491.22,497.93,16637200
MSFT,2026-09-25,499.04,519.4,497.25,516.17,38154200
MSFT,2026-09-28,505.47,513.33,502.22,509.22,19611600
MSFT,2026-09-29,508.31,513.64,502.4,508.96,21326100
MSFT,2026-09-30,511.61,519.83,510.31,512.9,27197800
MSFT,2026-10-01,519.88,522.85,512.17,512.8,19696600
MSFT,2026-10-02,519.39,522.5,513.66,517.53,17803300
MSFT,2026-10-05,521.62,532.35,521.47,525.18,26575800
MSFT,2026-10-06,531.68,535.69,528.78,529.3,21092600
MSI,2026-09-17,460.91,465.58,457.36,459.68,568800
MSI,2026-09-18,459.38,461.59,455.22,458.67,1745800
MSI,2026-09-21,464.24,464.24,457.75,461.36,653700
MSI,2026-09-22,462.42,462.48,453.37,456.7,783334
MSI,2026-09-23,458.14,465.01,456.32,460.44,814800
MSI,2026-09-24,460.82,463.67,451.55,454.91,922600
MSI,2026-09-25,454.91,461.13,454.63,456.88,574300
MSI,2026-09-28,453.94,456.8,451.43,452.08,614800
MSI,2026-09-29,450.23,451.63,445.49,446.12,894800
MSI,2026-09-30,446.07,450.59,445.97,445.97,794300
MSI,2026-10-01,447.0,450.05,443.68,448.03,695900
MSI,2026-10-02,449.8,451.24,445.96,447.41,616300
MSI,2026-10-05,448.05,458.15,448.05,455.37,834000
MSI,2026-10-06,455.96,459.15,453.18,456.28,1120700
MTB,2026-09-17,227.42,229.08,224.79,226.36,1168700
MTB,2026-09-18,226.01,227.86,225.0,227.31,2186600
MTB,2026-09-21,228.77,228.77,226.03,226.96,799000
MTB,2026-09-22,228.04,228.04,222.43,223.42,961100
MTB,2026-09-23,221.61,223.38,219.42,219.58,727000
MTB,2026-09-24,219.66,220.74,217.21,218.66,926200
MTB,2026-09-25,218.65,221.78,218.61,221.19,660700
MTB,2026-09-28,221.04,222.0,220.02,220.44,802900
MTB,2026-09-29,220.44,221.14,215.72,217.5,807300
MTB,2026-09-30,218.01,219.16,216.87,217.6,1383900
MTB,2026-10-01,215.5,217.36,211.71,217.35,1086500
MTB,2026-10-02,217.87,220.09,217.55,219.14,920400
MTB,2026-10-05,220.42,221.24,218.14,218.26,1205600
MTB,2026-10-06,219.21,220.61,218.09,218.74,832200
MTD,2026-09-17,1401.12,1423.42,1380.44,1410.44,288000
MTD,2026-09-18,1404.82,1415.63,1385.13,1392.32,544400
MTD,2026-09-21,1402.66,1436.09,1396.11,1430.44,168900
MTD,2026-09-22,1432.9,1506.65,1424.82,1490.76,298905
MTD,2026-09-23,1484.57,1512.88,1482.2,1492.34,238600
MTD,2026-09-24,1484.91,1541.02,1478.19,1519.15,260900
MTD,2026-09-25,1510.39,1525.54,1495.51,1511.64,129600
MTD,2026-09-28,1488.97,1545.45,1485.02,1545.26,185000
MTD,2026-09-29,1540.42,1552.82,1523.54,1537.33,144800
MTD,2026-09-30,1535.12,1554.83,1510.38,1510.95,152500
MTD,2026-10-01,1533.55,1533.55,1473.81,1481.17,167700
MTD,2026-10-02,1491.84,1501.9,1480.15,1486.19,129300
MTD,2026-10-05,1483.14,1545.75,1479.15,1541.63,167800
MTD,2026-10-06,1560.0,1585.72,1512.52,1533.07,196000
MU,2026-09-17,954.57,986.2,953.5,977.5,21983400
MU,2026-09-18,984.72,1016.44,977.83,1015.8,35656400
MU,2026-09-21,1044.99,1064.49,1030.68,1043.96,28060600
MU,2026-09-22,1033.28,1097.25,1030.02,1096.16,28773640
MU,2026-09-23,1100.07,1105.5,1064.25,1071.88,21470000
MU,2026-09-24,1049.75,1081.04,1044.0,1080.53,22001600
MU,2026-09-25,1095.83,1108.72,1073.0,1082.28,20870400
MU,2026-09-28,1075.98,1084.81,1032.0,1053.98,22137600
MU,2026-09-29,1076.69,1082.66,1057.7,1065.08,19596500
MU,2026-09-30,1076.76,1083.5,1062.36,1065.11,30538500
MU,2026-10-01,1054.08,1098.9,1022.9,1097.39,45562800
MU,2026-10-02,1107.35,1108.0,1072.01,1074.89,27224500
MU,2026-10-05,1069.68,1074.88,1055.56,1063.96,18207100
MU,2026-10-06,1064.48,1074.31,1045.26,1045.56,21681800
NCLH,2026-09-17,14.93,15.03,14.39,14.39,16404200
NCLH,2026-09-18,14.35,14.47,14.07,14.12,22780400
NCLH,2026-09-21,14.35,14.6,14.2,14.24,16630300
NCLH,2026-09-22,14.75,14.98,14.17,14.22,24990073
NCLH,2026-09-23,14.14,14.28,13.63,14.18,23103600
NCLH,2026-09-24,14.01,14.55,13.97,14.19,20730000
NCLH,2026-09-25,14.43,14.87,14.12,14.61,18745800
NCLH,2026-09-28,14.45,14.62,14.17,14.31,23314000
NCLH,2026-09-29,15.11,15.28,14.71,14.8,27654500
NCLH,2026-09-30,14.98,15.15,14.63,14.66,23992600
NCLH,2026-10-01,14.6,14.78,14.34,14.64,26243900
NCLH,2026-10-02,14.98,15.17,14.58,15.14,31211700
NCLH,2026-10-05,15.13,15.26,14.83,14.87,21570500
NCLH,2026-10-06,15.05,15.74,15.05,15.51,25164200
NDAQ,2026-09-17,88.97,91.89,88.29,91.31,3797400
NDAQ,2026-09-18,92.0,93.86,91.43,93.54,6447800
NDAQ,2026-09-21,94.45,94.89,93.48,94.69,2945300
NDAQ,2026-09-22,95.0,95.24,93.47,94.5,3871298
NDAQ,2026-09-23,94.5,96.76,94.09,95.44,3330000
NDAQ,2026-09-24,95.6,95.78,94.36,94.55,3195000
NDAQ,2026-09-25,94.61,95.17,92.02,93.55,2255000
NDAQ,2026-09-28,93.23,93.23,91.95,92.62,4123700
NDAQ,2026-09-29,93.05,93.64,91.24,91.85,3049700
NDAQ,2026-09-30,91.93,93.16,91.79,92.01,3413800
NDAQ,2026-10-01,92.32,92.83,91.19,91.67,3168600
NDAQ,2026-10-02,92.18,92.27,89.67,90.33,3367000
NDAQ,2026-10-05,90.17,92.63,89.71,92.19,3662400
NDAQ,2026-10-06,92.37,93.97,92.14,92.27,3586900
NDSN,2026-09-17,314.0,315.72,311.32,311.74,274300
NDSN,2026-09-18,312.26,312.27,309.15,311.57,843200
NDSN,2026-09-21,313.18,315.99,310.5,314.35,310600
NDSN,2026-09-22,315.27,320.27,314.36,319.67,254037
NDSN,2026-09-23,318.4,322.67,316.38,321.42,373500
NDSN,2026-09-24,320.2,324.99,319.21,323.26,333600
NDSN,2026-09-25,325.12,326.7,323.06,325.77,271700
NDSN,2026-09-28,324.45,332.9,322.92,331.32,351500
NDSN,2026-09-29,332.08,332.93,326.11,329.53,324500
NDSN,2026-09-30,329.53,330.99,327.63,327.85,397900
NDSN,2026-10-01,325.76,329.61,324.67,329.02,327100
NDSN,2026-10-02,331.79,335.77,331.09,333.54,316300
NDSN,2026-10-05,333.54,336.7,330.82,334.43,333600
NDSN,2026-10-06,334.43,338.18,331.82,334.22,275500
NEE,2026-09-17,80.83,81.37,80.42,81.28,9161000
NEE,2026-09-18,80.67,81.0,80.39,80.47,21557600
NEE,2026-09-21,80.41,80.55,79.55,79.63,9299600
NEE,2026-09-22,79.37,79.81,79.21,79.26,9156635
NEE,2026-09-23,79.04,79.04,76.87,77.02,12675000
NEE,2026-09-24,77.04,77.47,75.6,75.62,15101300
NEE,2026-09-25,75.77,76.28,75.38,76.08,16460500
NEE,2026-09-28,76.03,76.22,75.15,75.49,13643700
NEE,2026-09-29,75.09,76.18,74.78,75.89,11346300
NEE,2026-09-30,76.33,76.5,75.57,75.74,13461500
NEE,2026-10-01,75.5,76.53,74.41,76.35,21196800
NEE,2026-10-02,76.67,77.7,76.57,76.83,18186200
NEE,2026-10-05,76.67,76.97,75.89,76.28,13018400
NEE,2026-10-06,77.0,78.04,76.34,77.88,13118500
NEM,2026-09-17,125.5,125.79,123.32,124.39,5362400
NEM,2026-09-18,124.0,125.14,121.8,123.41,21490000
NEM,2026-09-21,123.81,124.5,121.3,123.05,5645600
NEM,2026-09-22,123.23,128.09,123.11,127.26,5375378
NEM,2026-09-23,123.83,124.25,121.07,123.55,5590300
NEM,2026-09-24,122.15,122.5,120.02,121.3,5108400
NEM,2026-09-25,121.01,121.94,119.9,121.43,3520100
NEM,2026-09-28,115.52,117.29,114.63,116.05,6866300
NEM,2026-09-29,117.24,117.8,115.97,117.09,4706800
NEM,2026-09-30,117.4,117.89,115.31,115.34,5840900
NEM,2026-10-01,114.81,115.79,114.18,114.67,5614000
NEM,2026-10-02,115.99,116.66,113.86,115.56,4030000
NEM,2026-10-05,115.9,116.92,113.58,115.82,3994900
NEM,2026-10-06,116.0,117.33,114.44,116.39,4919900
NFLX,2026-09-17,76.91,76.96,75.3,75.31,28090300
NFLX,2026-09-18,71.27,72.38,70.11,71.79,114273800
NFLX,2026-09-21,71.82,73.87,71.79,73.36,36898100
NFLX,2026-09-22,73.75,73.76,71.58,72.16,34214890
NFLX,2026-09-23,72.08,72.37,71.07,71.36,32756600
NFLX,2026-09-24,71.62,72.04,71.21,71.72,28189100
NFLX,2026-09-25,71.63,71.84,70.98,71.15,23175700
NFLX,2026-09-28,71.55,71.65,68.88,69.23,43145800
NFLX,2026-09-29,70.33,71.36,70.15,70.3,34497700
NFLX,2026-09-30,70.2,70.3,69.51,69.58,36350700
NFLX,2026-10-01,69.41,69.66,67.79,67.85,41403300
NFLX,2026-10-02,67.6,67.87,66.75,67.06,38596400
NFLX,2026-10-05,67.05,67.5,66.54,67.5,36724900
NFLX,2026-10-06,67.51,68.78,67.31,68.69,35052500
NI,2026-09-17,40.87,41.05,40.59,40.91,4170800
NI,2026-09-18,40.58,40.69,40.44,40.58,9900900
NI,2026-09-21,40.64,40.76,40.31,40.52,8278100
NI,2026-09-22,40.39,40.53,39.88,39.88,6647875
NI,2026-09-23,39.69,39.74,39.0,39.25,8472200
NI,2026-09-24,39.35,39.54,38.95,39.12,6580700
NI,2026-09-25,39.12,39.57,38.99,39.42,5004800
NI,2026-09-28,39.38,39.44,39.05,39.1,5991000
NI,2026-09-29,38.96,39.57,38.87,39.32,6415200
NI,2026-09-30,39.32,39.55,38.98,39.0,6932300
NI,2026-10-01,38.98,39.54,38.42,39.5,5787500
NI,2026-10-02,39.76,40.01,39.38,39.43,4190900
NI,2026-10-05,39.5,39.84,39.27,39.55,4072900
NI,2026-10-06,40.25,40.7,39.59,40.67,6008400
NKE,2026-09-17,36.5,36.8,35.72,36.36,45402900
NKE,2026-09-18,36.27,36.68,35.5,35.51,51821000
NKE,2026-09-21,35.52,36.36,35.35,36.1,42083100
NKE,2026-09-22,36.95,37.03,35.94,36.1,31246426
NKE,2026-09-23,36.42,36.62,35.61,36.05,40509200
NKE,2026-09-24,36.0,36.14,35.52,35.99,39138000
NKE,2026-09-25,35.25,36.18,35.22,35.75,38219700
NKE,2026-09-28,35.46,36.67,35.41,36.39,33863600
NKE,2026-09-29,36.34,36.43,35.67,35.84,28908000
NKE,2026-09-30,35.74,35.99,35.16,35.4,37970000
NKE,2026-10-01,35.45,36.24,35.02,35.15,105143400
NKE,2026-10-02,32.55,33.97,31.97,33.87,142567700
NKE,2026-10-05,33.82,34.12,32.76,33.96,69487200
NKE,2026-10-06,33.7,34.62,33.5,34.61,50030300
NOC,2026-09-17,530.21,534.86,518.34,524.0,1100000
NOC,2026-09-18,523.68,528.27,519.9,527.39,1257800
NOC,2026-09-21,524.49,527.03,517.47,526.66,1077400
NOC,2026-09-22,527.15,529.0,505.75,509.86,999967
NOC,2026-09-23,510.46,520.8,510.07,514.42,851900
NOC,2026-09-24,514.65,518.81,508.43,508.98,536900
NOC,2026-09-25,509.1,513.23,507.01,510.52,535400
NOC,2026-09-28,509.05,513.84,503.94,505.8,542100
NOC,2026-09-29,503.22,508.75,502.1,504.61,682400
NOC,2026-09-30,483.0,488.46,479.9,483.48,1475500
NOC,2026-10-01,483.51,486.82,481.4,482.0,1041600
NOC,2026-10-02,478.94,481.86,470.06,478.0,2683200
NOC,2026-10-05,479.98,480.66,473.95,476.11,1200500
NOC,2026-10-06,476.39,485.7,474.0,483.11,1010600
NOW,2026-09-17,139.07,140.54,136.0,138.47,9841800
NOW,2026-09-18,139.71,139.94,135.07,135.47,19230200
NOW,2026-09-21,136.82,140.16,135.62,137.68,10878400
NOW,2026-09-22,141.83,142.1,135.25,137.0,12512405
NOW,2026-09-23,137.22,141.54,136.15,140.78,11348400
NOW,2026-09-24,139.9,141.04,137.53,137.78,9567600
NOW,2026-09-25,137.25,139.83,135.6,135.62,7980300
NOW,2026-09-28,129.8,131.89,126.75,131.45,11754300
NOW,2026-09-29,130.83,132.44,128.12,129.94,10053100
NOW,2026-09-30,129.75,135.08,128.85,134.01,9002800
NOW,2026-10-01,139.05,140.8,134.77,137.76,10217300
NOW,2026-10-02,139.42,139.57,133.47,134.38,8849200
NOW,2026-10-05,135.22,137.9,134.15,136.08,7823100
NOW,2026-10-06,138.46,140.6,136.18,137.97,9461700
NRG,2026-09-17,109.74,111.25,106.03,106.23,3301800
NRG,2026-09-18,105.72,107.1,103.49,103.66,3691300
NRG,2026-09-21,104.82,104.82,101.33,103.28,3630000
NRG,2026-09-22,104.01,104.73,102.51,102.75,2428908
NRG,2026-09-23,102.0,102.42,100.13,100.72,2547300
NRG,2026-09-24,99.99,100.16,97.5,97.85,2642900
NRG,2026-09-25,98.14,100.86,98.14,100.37,2618700
NRG,2026-09-28,99.88,100.12,96.86,97.0,2841600
NRG,2026-09-29,97.82,99.8,96.73,97.17,2400600
NRG,2026-09-30,96.99,98.12,93.36,95.65,3675400
NRG,2026-10-01,95.85,97.71,94.56,96.93,2640100
NRG,2026-10-02,97.63,98.51,93.42,95.23,3336800
NRG,2026-10-05,96.35,98.25,94.9,96.8,3222000
NRG,2026-10-06,101.0,105.72,100.13,103.6,4629800
NSC,2026-09-17,318.83,319.89,316.08,318.97,744800
NSC,2026-09-18,318.63,318.88,314.0,314.16,1896500
NSC,2026-09-21,314.16,317.18,308.44,309.07,1739200
NSC,2026-09-22,311.14,314.89,309.4,314.0,939284
NSC,2026-09-23,313.0,317.31,313.0,315.01,702300
NSC,2026-09-24,314.75,316.84,313.02,313.17,812500
NSC,2026-09-25,312.57,314.35,311.2,313.0,616800
NSC,2026-09-28,313.16,314.68,311.69,313.05,722400
NSC,2026-09-29,311.24,313.66,311.17,313.0,489700
NSC,2026-09-30,312.72,315.34,309.0,309.0,850300
NSC,2026-10-01,307.61,311.21,305.43,310.26,1072700
NSC,2026-10-02,312.08,318.29,311.66,317.44,1114300
NSC,2026-10-05,316.99,318.56,313.84,316.23,750200
NSC,2026-10-06,316.08,317.45,314.39,316.31,414700
NTAP,2026-09-17,193.68,199.15,192.2,196.92,1898600
NTAP,2026-09-18,198.18,198.51,193.15,197.79,4828100
NTAP,2026-09-21,200.15,200.84,195.19,198.15,1801200
NTAP,2026-09-22,197.73,198.98,190.89,192.91,2276465
NTAP,2026-09-23,192.71,197.89,192.48,196.33,1670600
NTAP,2026-09-24,193.97,203.91,192.96,197.24,2347800
NTAP,2026-09-25,197.32,201.39,196.24,201.15,1425900
NTAP,2026-09-28,201.15,204.84,199.75,204.41,2947700
NTAP,2026-09-29,205.15,210.04,200.79,209.18,2717000
NTAP,2026-09-30,210.04,216.81,209.21,210.08,3193300
NTAP,2026-10-01,211.75,215.22,208.03,215.05,2348700
NTAP,2026-10-02,216.43,231.9,216.25,226.27,5062600
NTAP,2026-10-05,225.47,230.0,218.29,223.77,3365400
NTAP,2026-10-06,224.8,230.49,223.95,228.45,2842900
NTRS,2026-09-17,178.14,178.42,175.24,176.94,852800
NTRS,2026-09-18,176.94,178.53,175.5,177.89,2210700
NTRS,2026-09-21,179.33,179.85,177.57,178.95,796900
NTRS,2026-09-22,178.3,178.3,172.94,173.4,1171327
NTRS,2026-09-23,172.09,175.99,171.38,173.99,967400
NTRS,2026-09-24,174.24,175.38,172.65,174.5,772400
NTRS,2026-09-25,175.29,176.22,173.23,175.73,924500
NTRS,2026-09-28,175.85,176.12,173.6,174.55,811200
NTRS,2026-09-29,174.47,175.27,171.9,172.94,815800
NTRS,2026-09-30,170.34,172.33,168.26,169.36,1539500
NTRS,2026-10-01,169.1,170.11,166.16,169.2,1099400
NTRS,2026-10-02,169.2,171.85,168.27,171.4,1090200
NTRS,2026-10-05,171.43,171.73,169.7,170.67,994900
NTRS,2026-10-06,170.33,171.06,168.96,169.46,1071300
NUE,2026-09-17,264.25,268.08,263.89,265.14,969400
NUE,2026-09-18,254.26,259.0,246.65,248.38,3194500
NUE,2026-09-21,248.39,249.16,242.07,242.4,1850700
NUE,2026-09-22,241.5,246.42,241.21,245.66,1281985
NUE,2026-09-23,244.42,249.44,243.0,246.98,1325500
NUE,2026-09-24,247.65,250.69,246.27,247.96,1076200
NUE,2026-09-25,247.81,250.26,243.64,247.25,979900
NUE,2026-09-28,245.05,247.52,241.87,244.49,1154100
NUE,2026-09-29,242.26,244.05,235.18,236.24,1473600
NUE,2026-09-30,237.52,239.32,233.6,233.75,1494900
NUE,2026-10-01,231.35,236.18,229.2,235.98,1538700
NUE,2026-10-02,238.88,242.89,238.03,240.39,1083100
NUE,2026-10-05,242.4,255.08,242.4,251.41,1586400
NUE,2026-10-06,252.79,253.28,247.74,251.07,1068700
NVDA,2026-09-17,218.38,219.91,217.15,219.34,93960500
NVDA,2026-09-18,219.35,222.73,218.03,222.27,189683500
NVDA,2026-09-21,222.94,228.5,221.56,227.38,109479900
NVDA,2026-09-22,226.91,229.98,226.5,228.87,93296546
NVDA,2026-09-23,228.03,228.95,224.02,225.51,89306700
NVDA,2026-09-24,222.08,224.94,221.09,224.58,77305200
NVDA,2026-09-25,225.13,226.94,223.13,225.07,89808400
NVDA,2026-09-28,229.75,233.21,228.04,228.86,141544300
NVDA,2026-09-29,230.97,232.82,227.03,227.21,101203000
NVDA,2026-09-30,229.27,232.37,228.17,228.38,121269300
NVDA,2026-10-01,229.98,232.29,228.16,230.86,98369800
NVDA,2026-10-02,236.06,237.88,233.6,233.95,134914600
NVDA,2026-10-05,236.09,240.1,235.15,238.9,126639900
NVDA,2026-10-06,242.1,243.37,238.93,239.24,100868800
NVR,2026-09-17,6226.51,6314.28,6173.12,6242.23,32100
NVR,2026-09-18,6211.21,6250.0,6142.15,6150.47,123800
NVR,2026-09-21,6200.0,6257.52,6128.93,6188.95,39400
NVR,2026-09-22,6210.65,6377.99,6211.54,6338.92,44649
NVR,2026-09-23,6285.01,6319.51,6241.46,6241.61,33300
NVR,2026-09-24,6239.37,6295.47,6195.86,6235.49,39800
NVR,2026-09-25,6241.63,6318.02,6218.52,6297.6,24800
NVR,2026-09-28,6227.0,6383.3,6227.0,6267.89,36700
NVR,2026-09-29,6251.51,6285.42,6193.17,6234.63,25900
NVR,2026-09-30,6263.33,6280.0,6142.97,6154.39,32800
NVR,2026-10-01,6129.99,6158.05,5961.85,6126.38,49000
NVR,2026-10-02,6158.54,6200.0,5948.13,5993.85,40800
NVR,2026-10-05,6000.0,6000.0,5880.0,5970.21,55400
NVR,2026-10-06,5996.1,6062.0,5919.95,6046.6,32400
NWS,2026-09-17,33.52,33.6,33.18,33.37,796400
NWS,2026-09-18,33.05,33.13,32.49,32.68,5659000
NWS,2026-09-21,32.8,32.95,32.6,32.86,912700
NWS,2026-09-22,33.17,33.17,32.22,32.38,1021457
NWS,2026-09-23,32.01,32.19,31.16,31.22,1246900
NWS,2026-09-24,31.34,31.79,31.3,31.56,797100
NWS,2026-09-25,31.3,31.87,31.3,31.75,698000
NWS,2026-09-28,31.7,32.27,31.14,32.24,744000
NWS,2026-09-29,32.0,32.15,31.21,31.5,1228400
NWS,2026-09-30,31.49,32.0,31.49,31.72,686600
NWS,2026-10-01,31.77,31.77,31.08,31.45,1250600
NWS,2026-10-02,31.53,31.9,31.15,31.65,836200
NWS,2026-10-05,31.65,32.02,31.39,32.0,921200
NWS,2026-10-06,31.88,32.03,31.31,31.52,970000
NWSA,2026-09-17,30.14,30.43,29.99,30.18,2631800
NWSA,2026-09-18,30.19,30.22,29.53,29.78,15318300
NWSA,2026-09-21,29.84,29.96,29.6,29.7,3226300
NWSA,2026-09-22,30.02,30.18,29.1,29.25,4235064
NWSA,2026-09-23,29.01,29.11,28.06,28.12,8755500
NWSA,2026-09-24,28.22,28.75,28.19,28.44,4268800
NWSA,2026-09-25,28.29,28.6,28.24,28.49,2835200
NWSA,2026-09-28,28.34,29.13,27.98,29.1,5059500
NWSA,2026-09-29,29.05,29.05,28.18,28.52,5906100
NWSA,2026-09-30,28.54,28.96,28.4,28.65,3689800
NWSA,2026-10-01,28.7,28.72,28.19,28.64,3385600
NWSA,2026-10-02,29.0,29.0,28.2,28.69,3253000
NWSA,2026-10-05,28.65,28.98,28.41,28.95,3584200
NWSA,2026-10-06,28.91,28.99,28.29,28.55,3526000
NXPI,2026-09-17,222.16,228.28,220.67,227.95,5053500
NXPI,2026-09-18,231.36,231.36,224.86,227.99,5216500
NXPI,2026-09-21,229.14,233.06,226.15,232.41,4856200
NXPI,2026-09-22,231.87,238.94,231.23,237.57,3575663
NXPI,2026-09-23,236.5,236.9,231.73,235.44,4018700
NXPI,2026-09-24,232.34,233.25,229.36,230.16,2943500
NXPI,2026-09-25,231.2,239.24,230.22,238.08,2929000
NXPI,2026-09-28,238.69,239.39,233.24,236.32,3597200
NXPI,2026-09-29,237.58,239.83,235.11,236.47,2438800
NXPI,2026-09-30,236.48,238.2,232.84,237.53,2685800
NXPI,2026-10-01,238.65,242.34,235.01,239.19,2380800
NXPI,2026-10-02,245.37,248.86,242.73,243.66,2681800
NXPI,2026-10-05,242.51,243.23,239.26,241.97,1893100
NXPI,2026-10-06,242.98,245.35,240.45,244.38,1732300
O,2026-09-17,57.64,57.79,56.94,57.32,8410600
O,2026-09-18,57.18,57.35,56.55,56.66,15193600
O,2026-09-21,57.08,57.32,56.61,56.65,8609600
O,2026-09-22,56.91,56.95,56.46,56.53,7303059
O,2026-09-23,56.02,56.23,55.28,55.61,13605400
O,2026-09-24,55.54,55.77,55.07,55.41,9360500
O,2026-09-25,55.45,55.66,55.08,55.54,11961800
O,2026-09-28,55.55,55.71,55.1,55.35,10310600
O,2026-09-29,55.3,55.49,54.94,55.14,9631400
O,2026-09-30,55.01,55.03,54.23,54.3,8889000
O,2026-10-01,54.25,54.32,53.33,53.53,11292200
O,2026-10-02,53.86,54.34,53.44,54.13,7669200
O,2026-10-05,54.07,54.22,53.47,53.77,8202300
O,2026-10-06,54.0,54.37,53.89,54.25,7570200
ODFL,2026-09-17,177.19,178.79,174.33,175.09,1594100
ODFL,2026-09-18,174.73,175.71,171.63,173.0,3575700
ODFL,2026-09-21,173.0,175.53,169.65,175.36,1775500
ODFL,2026-09-22,176.76,178.19,174.8,177.31,1786377
ODFL,2026-09-23,177.43,180.18,175.58,177.72,1572300
ODFL,2026-09-24,178.1,178.57,174.5,174.93,1186600
ODFL,2026-09-25,174.5,176.61,172.65,173.3,1240500
ODFL,2026-09-28,173.3,177.96,172.75,176.85,1904900
ODFL,2026-09-29,176.28,178.93,175.64,177.46,2329000
ODFL,2026-09-30,178.99,178.99,173.83,173.84,2276900
ODFL,2026-10-01,172.98,178.42,172.75,178.1,1908800
ODFL,2026-10-02,180.49,182.91,179.83,180.48,1958500
ODFL,2026-10-05,180.13,181.02,176.17,179.37,2081800
ODFL,2026-10-06,179.54,180.97,177.0,178.02,1726800
OKE,2026-09-17,92.15,94.05,91.75,93.22,3504700
OKE,2026-09-18,92.63,95.01,92.28,93.46,12078000
OKE,2026-09-21,92.58,93.11,91.63,91.8,3255000
OKE,2026-09-22,91.43,92.81,90.09,90.09,3330173
OKE,2026-09-23,90.75,91.9,89.9,90.54,3038200
OKE,2026-09-24,91.51,92.16,90.37,91.18,2702700
OKE,2026-09-25,90.7,90.72,87.74,88.63,2943900
OKE,2026-09-28,89.6,89.63,88.28,88.62,3304100
OKE,2026-09-29,87.59,88.1,86.06,86.86,4427100
OKE,2026-09-30,87.6,87.78,85.18,85.27,3736600
OKE,2026-10-01,84.79,87.36,84.15,87.16,3270800
OKE,2026-10-02,86.53,87.98,86.03,87.88,3586900
OKE,2026-10-05,88.44,89.43,87.05,88.58,3638800
OKE,2026-10-06,88.25,90.05,87.9,89.23,3433000
OMC,2026-09-17,79.52,79.76,78.48,78.6,1915500
OMC,2026-09-18,77.46,77.46,75.66,76.57,16727400
OMC,2026-09-21,77.1,77.34,74.97,75.59,3705000
OMC,2026-09-22,76.37,76.37,74.71,75.34,2615604
OMC,2026-09-23,75.17,76.64,74.25,75.49,2916200
OMC,2026-09-24,75.41,76.34,74.44,74.7,1845900
OMC,2026-09-25,74.5,76.17,73.97,76.15,2896000
OMC,2026-09-28,75.52,75.85,74.68,75.1,2763500
OMC,2026-09-29,74.72,75.38,73.84,74.14,2518800
OMC,2026-09-30,74.21,74.73,73.63,73.63,1958700
OMC,2026-10-01,75.37,76.63,74.44,74.7,3044300
OMC,2026-10-02,74.93,75.11,73.66,74.15,1947800
OMC,2026-10-05,74.26,75.49,74.15,75.25,2358100
OMC,2026-10-06,75.38,75.94,74.53,75.1,2037300
ON,2026-09-17,68.13,69.8,66.05,68.3,16647000
ON,2026-09-18,70.14,70.82,68.52,69.98,20488900
ON,2026-09-21,71.0,72.05,68.17,71.72,12329100
ON,2026-09-22,71.75,73.83,71.18,73.6,11691122
ON,2026-09-23,73.77,74.48,72.21,74.1,9148300
ON,2026-09-24,72.5,73.3,71.79,73.15,10429300
ON,2026-09-25,74.27,77.68,73.66,77.2,11194700
ON,2026-09-28,77.0,77.21,74.11,75.65,10375600
ON,2026-09-29,77.12,77.45,75.1,75.95,9409300
ON,2026-09-30,76.5,77.2,75.37,76.87,6864500
ON,2026-10-01,76.56,80.46,76.12,80.08,10855900
ON,2026-10-02,84.75,86.45,82.96,84.89,22891100
ON,2026-10-05,85.1,86.33,83.9,85.93,11337000
ON,2026-10-06,86.9,86.92,85.22,86.31,8704000
ORCL,2026-09-17,146.75,152.0,146.15,150.59,27668800
ORCL,2026-09-18,150.47,150.9,144.4,147.61,39215400
ORCL,2026-09-21,148.93,149.98,146.16,148.56,22329400
ORCL,2026-09-22,151.25,153.6,148.6,149.2,30813324
ORCL,2026-09-23,148.3,148.66,144.23,144.56,22607300
ORCL,2026-09-24,137.32,140.34,133.48,139.54,56498300
ORCL,2026-09-25,138.57,140.88,136.92,137.1,23549400
ORCL,2026-09-28,132.73,135.69,131.58,132.6,35014000
ORCL,2026-09-29,132.79,143.67,132.53,137.79,45597900
ORCL,2026-09-30,136.54,138.5,134.75,137.3,22263000
ORCL,2026-10-01,139.6,140.25,135.33,138.07,25354600
ORCL,2026-10-02,142.09,144.86,140.26,142.3,35330300
ORCL,2026-10-05,142.53,146.66,142.37,142.48,18014400
ORCL,2026-10-06,143.93,146.94,143.86,144.77,19996700
ORLY,2026-09-17,83.85,85.4,83.62,84.89,7574800
ORLY,2026-09-18,84.61,85.0,83.82,84.71,18004500
ORLY,2026-09-21,83.78,84.89,82.83,82.88,7782300
ORLY,2026-09-22,83.93,87.02,83.93,85.82,9515688
ORLY,2026-09-23,85.22,86.43,84.71,85.9,5199500
ORLY,2026-09-24,86.55,87.45,85.78,86.24,4350000
ORLY,2026-09-25,86.1,86.8,85.56,86.12,4161700
ORLY,2026-09-28,85.85,87.02,85.6,86.51,4269500
ORLY,2026-09-29,85.85,86.48,85.33,86.07,3675700
ORLY,2026-09-30,86.3,86.76,85.08,85.41,4132100
ORLY,2026-10-01,85.32,85.75,83.9,85.03,4297100
ORLY,2026-10-02,85.73,85.73,84.44,84.9,3772500
ORLY,2026-10-05,84.2,84.62,83.01,83.9,8286500
ORLY,2026-10-06,83.45,85.34,83.38,85.14,6961200
OTIS,2026-09-17,70.24,70.24,68.03,68.7,7365100
OTIS,2026-09-18,68.7,69.14,68.32,68.52,12917800
OTIS,2026-09-21,68.5,68.58,66.57,66.64,4733600
OTIS,2026-09-22,67.67,68.25,67.26,68.08,4301330
OTIS,2026-09-23,67.96,68.87,67.54,68.32,3125000
OTIS,2026-09-24,68.1,68.36,66.57,66.68,2657500
OTIS,2026-09-25,66.38,66.98,65.87,65.94,3446200
OTIS,2026-09-28,65.8,66.93,65.13,66.33,4864700
OTIS,2026-09-29,66.33,66.88,65.15,65.63,5119300
OTIS,2026-09-30,65.7,66.0,64.27,64.32,5597200
OTIS,2026-10-01,64.46,64.98,63.59,64.48,6430800
OTIS,2026-10-02,64.8,64.99,63.58,64.05,6069600
OTIS,2026-10-05,64.06,66.47,63.61,65.88,5737200
OTIS,2026-10-06,66.49,66.75,65.94,66.45,3233000
OXY,2026-09-17,58.67,59.47,58.51,59.29,8780000
OXY,2026-09-18,59.05,59.41,58.69,58.84,14199500
OXY,2026-09-21,58.07,58.29,57.0,57.25,8896000
OXY,2026-09-22,56.55,57.36,56.18,56.31,10401539
OXY,2026-09-23,56.97,57.94,56.5,57.36,7909300
OXY,2026-09-24,58.12,58.76,57.53,58.05,9844000
OXY,2026-09-25,57.08,57.44,56.58,56.86,8430300
OXY,2026-09-28,57.46,57.56,56.0,56.1,11859000
OXY,2026-09-29,55.02,55.67,54.76,54.94,7585000
OXY,2026-09-30,55.1,55.66,54.77,55.32,10167500
OXY,2026-10-01,55.7,57.9,55.5,57.84,11773500
OXY,2026-10-02,56.91,58.16,56.81,58.08,8892500
OXY,2026-10-05,57.91,59.32,57.31,58.31,8565700
OXY,2026-10-06,57.53,58.92,57.52,58.33,7151500
P,2026-09-21,105.5,113.8,104.4,113.66,7332200
P,2026-09-22,111.39,111.39,107.28,110.89,5870282
P,2026-09-23,111.14,112.0,107.1,109.65,3818500
P,2026-09-24,113.95,131.41,113.51,121.88,11654600
P,2026-09-25,122.88,128.36,122.3,126.0,6300700
P,2026-09-28,124.6,130.88,124.6,129.4,4596100
P,2026-09-29,130.26,132.43,127.71,130.05,4512100
P,2026-09-30,131.14,133.32,129.84,130.78,3198900
P,2026-10-01,132.13,135.68,130.08,134.13,4593500
P,2026-10-02,134.75,140.83,134.0,140.14,4886300
P,2026-10-05,141.3,144.03,140.26,143.88,4959900
P,2026-10-06,146.0,149.04,144.5,147.2,3579100
PANW,2026-09-17,365.47,383.12,360.66,375.06,6290400
PANW,2026-09-18,375.08,376.01,356.0,363.58,13790700
PANW,2026-09-21,364.09,374.56,357.59,371.76,5382300
PANW,2026-09-22,374.39,377.91,363.58,374.57,7925297
PANW,2026-09-23,379.8,393.52,374.2,393.3,6272700
PANW,2026-09-24,392.44,396.3,387.79,389.92,3967700
PANW,2026-09-25,387.94,388.25,373.78,374.74,4879100
PANW,2026-09-28,370.61,394.5,367.27,392.09,6008900
PANW,2026-09-29,390.1,391.75,377.8,388.41,5101600
PANW,2026-09-30,391.36,404.69,388.89,397.31,6084900
PANW,2026-10-01,396.01,398.58,387.02,396.25,5309000
PANW,2026-10-02,403.44,409.5,399.95,403.24,4904700
PANW,2026-10-05,404.42,407.92,399.17,406.76,4449300
PANW,2026-10-06,412.8,432.33,412.0,419.91,5440700
PAYX,2026-09-17,116.11,116.71,115.17,116.51,2596600
PAYX,2026-09-18,116.51,116.59,114.79,116.14,9581300
PAYX,2026-09-21,115.52,116.26,114.18,115.01,2914500
PAYX,2026-09-22,115.7,115.91,113.32,114.53,4015108
PAYX,2026-09-23,109.67,110.5,103.25,104.49,8215700
PAYX,2026-09-24,105.49,107.6,101.49,101.59,4444300
PAYX,2026-09-25,101.18,102.09,100.32,101.37,3931400
PAYX,2026-09-28,100.08,100.9,98.91,99.3,3448300
PAYX,2026-09-29,98.72,99.67,98.0,99.31,4052500
PAYX,2026-09-30,99.32,100.88,98.45,98.5,3424600
PAYX,2026-10-01,99.31,101.33,98.68,100.84,4152400
PAYX,2026-10-02,100.68,101.0,98.5,98.94,2313700
PAYX,2026-10-05,98.65,99.84,98.52,99.78,2740900
PAYX,2026-10-06,99.28,101.19,99.14,101.02,2233900
PCAR,2026-09-17,119.36,119.76,117.08,117.36,2962400
PCAR,2026-09-18,117.36,117.85,114.07,116.06,10710500
PCAR,2026-09-21,116.06,116.7,113.77,114.73,5239500
PCAR,2026-09-22,115.36,115.78,111.9,113.9,7222501
PCAR,2026-09-23,113.25,113.89,111.9,112.09,3680900
PCAR,2026-09-24,112.09,112.78,110.17,110.67,3692100
PCAR,2026-09-25,111.07,112.77,110.88,111.31,3864200
PCAR,2026-09-28,110.37,112.22,110.37,111.65,2890900
PCAR,2026-09-29,111.71,112.41,110.85,111.8,2805500
PCAR,2026-09-30,111.57,112.05,109.5,109.81,3238700
PCAR,2026-10-01,109.67,111.73,109.27,109.94,4043600
PCAR,2026-10-02,110.51,111.22,108.56,109.68,4360400
PCAR,2026-10-05,109.05,110.05,108.04,109.36,2932400
PCAR,2026-10-06,109.18,110.33,108.71,109.32,3080300
PCG,2026-09-17,13.45,13.59,13.24,13.38,26271300
PCG,2026-09-18,13.29,13.39,13.16,13.2,37250900
PCG,2026-09-21,13.25,13.28,12.92,12.94,48367100
PCG,2026-09-22,13.03,13.15,12.77,12.88,60092805
PCG,2026-09-23,12.6,12.75,12.38,12.41,49324000
PCG,2026-09-24,12.48,12.51,12.02,12.32,42651700
PCG,2026-09-25,12.38,12.42,12.17,12.34,33439000
PCG,2026-09-28,12.31,12.44,11.91,11.95,33090900
PCG,2026-09-29,11.95,12.18,11.77,12.18,46268300
PCG,2026-09-30,12.2,12.28,12.09,12.25,48270400
PCG,2026-10-01,12.19,12.22,11.91,12.17,31509900
PCG,2026-10-02,12.34,12.59,12.23,12.32,41514000
PCG,2026-10-05,12.31,12.44,12.11,12.35,30655500
PCG,2026-10-06,12.39,12.5,12.28,12.5,25102000
PEG,2026-09-17,70.67,71.07,70.27,70.98,2528900
PEG,2026-09-18,70.32,70.61,69.72,69.77,7509400
PEG,2026-09-21,70.03,70.17,69.25,69.31,3821000
PEG,2026-09-22,69.16,69.63,68.9,69.12,2351890
PEG,2026-09-23,68.9,68.9,67.13,67.31,3573100
PEG,2026-09-24,67.51,67.59,66.5,66.56,3723300
PEG,2026-09-25,66.56,67.1,66.15,67.02,3284100
PEG,2026-09-28,67.03,67.17,66.34,66.73,3363100
PEG,2026-09-29,66.45,67.82,66.15,67.68,3752800
PEG,2026-09-30,68.26,68.3,67.31,67.34,4014300
PEG,2026-10-01,67.03,67.99,66.72,67.89,4500100
PEG,2026-10-02,68.28,68.95,67.9,68.07,5435000
PEG,2026-10-05,68.13,68.79,67.54,68.68,5451600
PEG,2026-10-06,69.12,71.87,69.12,71.73,8796500
PEP,2026-09-17,134.78,134.91,132.93,133.66,10553600
PEP,2026-09-18,132.21,132.3,129.55,129.75,23515800
PEP,2026-09-21,129.65,130.22,127.98,129.59,11910900
PEP,2026-09-22,130.41,131.41,129.93,131.19,7687572
PEP,2026-09-23,131.09,131.39,129.22,130.18,8173400
PEP,2026-09-24,131.02,131.19,128.11,128.15,9622600
PEP,2026-09-25,127.75,128.72,126.9,128.63,6705400
PEP,2026-09-28,127.48,128.75,126.72,128.5,7474700
PEP,2026-09-29,126.51,128.94,126.42,128.69,8413900
PEP,2026-09-30,128.9,129.98,126.7,126.72,9807500
PEP,2026-10-01,126.94,127.31,125.53,125.6,8538700
PEP,2026-10-02,125.96,126.3,125.16,125.89,6091400
PEP,2026-10-05,125.85,126.05,124.22,125.65,8824200
PEP,2026-10-06,125.66,127.21,124.63,125.71,10019900
PFE,2026-09-17,27.62,27.81,27.55,27.64,29002600
PFE,2026-09-18,27.64,27.66,27.34,27.66,75539800
PFE,2026-09-21,27.65,27.92,27.53,27.74,28769800
PFE,2026-09-22,27.74,27.99,27.5,27.93,26652345
PFE,2026-09-23,27.96,28.23,27.84,28.18,33799500
PFE,2026-09-24,28.2,28.85,28.2,28.41,34745900
PFE,2026-09-25,28.45,28.69,28.17,28.67,27755200
PFE,2026-09-28,28.62,28.87,28.39,28.72,24853100
PFE,2026-09-29,28.6,28.76,28.26,28.72,33304600
PFE,2026-09-30,28.79,28.95,28.52,28.52,33629100
PFE,2026-10-01,28.45,28.59,28.08,28.12,30479400
PFE,2026-10-02,28.15,28.16,27.44,27.8,34996100
PFE,2026-10-05,27.65,27.72,27.12,27.41,32978100
PFE,2026-10-06,27.48,27.71,27.2,27.5,24040600
PFG,2026-09-17,117.73,118.19,115.85,115.94,1521700
PFG,2026-09-18,115.81,118.14,114.68,117.67,3203700
PFG,2026-09-21,118.17,118.49,116.23,116.47,1219300
PFG,2026-09-22,116.6,116.89,112.74,113.59,1618567
PFG,2026-09-23,112.54,115.54,111.57,113.92,1193100
PFG,2026-09-24,113.92,114.94,113.42,114.15,1220300
PFG,2026-09-25,114.46,115.53,113.57,114.77,1242100
PFG,2026-09-28,115.04,116.55,114.3,114.64,1372200
PFG,2026-09-29,114.05,114.64,112.58,113.97,1046500
PFG,2026-09-30,113.83,114.4,111.91,111.96,1233100
PFG,2026-10-01,111.84,112.25,110.05,112.24,1273300
PFG,2026-10-02,112.24,112.37,111.53,111.96,1097300
PFG,2026-10-05,111.63,112.73,110.83,111.03,1402800
PFG,2026-10-06,110.6,111.86,109.36,109.7,1631900
PG,2026-09-17,147.59,147.78,146.35,147.55,6737800
PG,2026-09-18,146.44,146.7,145.49,146.39,12926000
PG,2026-09-21,146.49,146.81,145.63,146.08,5822100
PG,2026-09-22,147.42,148.24,146.95,148.22,5616355
PG,2026-09-23,147.87,148.93,147.14,147.39,6580200
PG,2026-09-24,147.74,149.2,145.68,145.68,7428400
PG,2026-09-25,145.97,146.4,145.33,146.23,5790500
PG,2026-09-28,145.86,149.48,145.11,149.03,8815000
PG,2026-09-29,147.95,148.84,146.84,148.32,7671900
PG,2026-09-30,148.9,149.23,145.28,145.28,8578400
PG,2026-10-01,144.55,145.0,143.4,143.95,7321200
PG,2026-10-02,144.4,145.21,143.81,144.91,6248800
PG,2026-10-05,145.0,146.09,144.38,145.94,7036500
PG,2026-10-06,148.02,149.68,147.06,148.41,13333600
PGR,2026-09-17,217.21,217.98,214.05,216.29,3925700
PGR,2026-09-18,214.06,215.14,212.39,213.48,6113500
PGR,2026-09-21,214.11,215.56,211.84,212.24,2203800
PGR,2026-09-22,211.5,211.24,203.65,206.94,4548905
PGR,2026-09-23,206.03,209.27,202.58,203.13,4312100
PGR,2026-09-24,204.29,205.08,200.96,202.17,5083500
PGR,2026-09-25,202.5,205.85,201.6,205.5,2826800
PGR,2026-09-28,205.9,209.79,204.97,209.47,3548300
PGR,2026-09-29,208.19,211.03,206.05,210.52,2778700
PGR,2026-09-30,209.43,209.93,207.31,207.31,2959200
PGR,2026-10-01,207.88,211.32,207.42,210.96,2497700
PGR,2026-10-02,209.86,211.97,207.68,210.31,2754700
PGR,2026-10-05,210.2,212.64,208.12,212.62,2775000
PGR,2026-10-06,211.99,213.66,211.34,212.05,2407000
PH,2026-09-17,930.27,935.27,917.8,925.29,576000
PH,2026-09-18,925.14,943.89,923.15,943.54,1064900
PH,2026-09-21,951.61,964.43,943.31,958.17,647100
PH,2026-09-22,959.34,969.42,954.31,964.85,478689
PH,2026-09-23,960.96,978.23,958.68,971.21,581600
PH,2026-09-24,965.06,979.49,959.45,974.98,552300
PH,2026-09-25,974.0,981.97,966.24,978.33,591900
PH,2026-09-28,973.23,983.92,962.53,969.55,651800
PH,2026-09-29,972.43,978.54,960.99,970.37,390300
PH,2026-09-30,972.4,972.4,955.42,955.42,675000
PH,2026-10-01,951.78,967.98,946.72,965.88,498600
PH,2026-10-02,976.94,983.96,966.55,972.55,344600
PH,2026-10-05,970.95,981.89,958.06,975.68,334900
PH,2026-10-06,980.0,992.0,975.7,984.91,376600
PHM,2026-09-17,119.43,120.35,117.36,118.84,1282400
PHM,2026-09-18,117.58,118.88,116.51,117.26,5171500
PHM,2026-09-21,118.09,119.4,116.56,118.97,1586900
PHM,2026-09-22,121.09,122.68,120.23,122.29,1523896
PHM,2026-09-23,120.28,120.95,118.71,118.71,1626700
PHM,2026-09-24,118.1,119.19,117.51,118.18,1542000
PHM,2026-09-25,118.53,120.06,117.53,119.85,1238000
PHM,2026-09-28,118.51,121.09,118.23,119.13,1585400
PHM,2026-09-29,119.29,119.65,117.78,118.5,1276600
PHM,2026-09-30,119.41,119.41,115.96,116.06,2012100
PHM,2026-10-01,114.72,116.38,112.52,116.35,2396500
PHM,2026-10-02,118.52,119.14,114.58,115.73,1824900
PHM,2026-10-05,115.28,115.28,113.05,113.98,1603700
PHM,2026-10-06,113.97,116.49,113.97,116.1,1504700
PKG,2026-09-17,234.52,235.73,231.91,235.57,586700
PKG,2026-09-18,232.51,235.29,231.33,232.77,1118500
PKG,2026-09-21,237.46,242.63,237.46,238.31,720000
PKG,2026-09-22,240.36,241.35,238.07,238.23,383755
PKG,2026-09-23,239.73,242.25,238.02,240.98,497700
PKG,2026-09-24,241.87,241.92,235.73,238.11,505700
PKG,2026-09-25,239.38,239.65,236.52,237.18,481800
PKG,2026-09-28,234.86,236.91,233.13,234.52,682200
PKG,2026-09-29,233.37,234.88,231.18,233.28,626400
PKG,2026-09-30,233.27,233.27,229.26,229.26,582300
PKG,2026-10-01,227.53,231.36,224.8,229.71,611000
PKG,2026-10-02,230.85,232.35,228.39,228.54,530800
PKG,2026-10-05,227.0,230.51,224.84,229.31,489500
PKG,2026-10-06,229.71,231.9,227.52,229.74,397400
PLD,2026-09-17,134.72,135.56,134.0,135.18,3162200
PLD,2026-09-18,133.37,134.91,133.25,134.84,7641300
PLD,2026-09-21,135.0,136.49,134.52,135.82,3131900
PLD,2026-09-22,135.34,136.27,134.61,135.88,2658729
PLD,2026-09-23,134.75,135.62,133.81,133.96,3167000
PLD,2026-09-24,133.9,134.79,133.65,133.82,2763900
PLD,2026-09-25,133.94,134.36,132.72,133.05,2543100
PLD,2026-09-28,133.09,134.34,132.22,132.44,3020900
PLD,2026-09-29,131.71,133.19,130.71,132.61,4146800
PLD,2026-09-30,133.07,133.14,129.69,129.84,6121200
PLD,2026-10-01,128.0,128.93,127.29,128.18,5399100
PLD,2026-10-02,128.56,129.79,128.13,128.91,3823800
PLD,2026-10-05,128.67,129.23,127.82,128.08,2783300
PLD,2026-10-06,128.25,129.69,127.61,128.68,3820300
PLTR,2026-09-17,175.95,177.88,172.61,176.24,23711700
PLTR,2026-09-18,177.18,177.75,172.0,177.64,39228600
PLTR,2026-09-21,178.73,183.38,176.76,183.09,21947600
PLTR,2026-09-22,185.09,185.54,182.03,184.99,21859169
PLTR,2026-09-23,186.29,193.79,182.94,191.79,35029400
PLTR,2026-09-24,189.2,194.68,188.24,192.59,22639500
PLTR,2026-09-25,192.71,194.21,189.35,189.67,17779900
PLTR,2026-09-28,186.23,190.25,185.62,187.48,17407900
PLTR,2026-09-29,187.34,188.63,184.81,186.97,14723400
PLTR,2026-09-30,187.91,190.99,187.0,187.05,16833900
PLTR,2026-10-01,190.09,191.8,186.6,190.04,17859600
PLTR,2026-10-02,193.03,194.78,188.26,188.75,17824100
PLTR,2026-10-05,189.45,192.69,187.63,189.4,17682500
PLTR,2026-10-06,191.04,194.56,190.22,192.07,17614000
PM,2026-09-17,192.8,192.8,188.7,190.48,3010600
PM,2026-09-18,188.0,191.0,186.56,188.62,7793200
PM,2026-09-21,188.0,188.48,185.84,187.48,5693200
PM,2026-09-22,188.46,191.95,186.7,190.23,7000918
PM,2026-09-23,190.05,193.0,188.55,190.84,7307800
PM,2026-09-24,192.41,194.71,191.14,191.5,3149600
PM,2026-09-25,190.55,190.99,187.31,190.48,3899200
PM,2026-09-28,190.56,194.02,189.69,193.76,3910500
PM,2026-09-29,191.95,194.01,191.0,193.9,3602400
PM,2026-09-30,195.0,195.22,190.82,190.82,4353400
PM,2026-10-01,193.12,193.12,186.89,188.18,3568300
PM,2026-10-02,186.88,189.1,185.88,187.46,3093000
PM,2026-10-05,186.49,190.36,184.11,189.53,5320300
PM,2026-10-06,189.71,192.05,189.01,190.4,4237200
PNC,2026-09-17,234.0,234.01,229.96,232.01,1740000
PNC,2026-09-18,231.48,233.2,230.05,233.17,3419100
PNC,2026-09-21,234.58,235.32,232.48,233.25,1275800
PNC,2026-09-22,234.0,234.29,226.2,227.96,2526101
PNC,2026-09-23,226.42,227.7,223.96,224.03,1955800
PNC,2026-09-24,224.65,225.12,220.65,223.34,1723600
PNC,2026-09-25,223.58,226.53,223.09,225.64,1899900
PNC,2026-09-28,225.64,225.85,223.0,223.67,1336200
PNC,2026-09-29,223.18,224.14,219.99,221.65,1922200
PNC,2026-09-30,222.55,224.49,221.1,222.26,2242200
PNC,2026-10-01,220.06,221.72,215.35,220.75,2208800
PNC,2026-10-02,221.04,222.78,219.52,221.03,1899700
PNC,2026-10-05,222.58,222.8,219.71,220.28,3021000
PNC,2026-10-06,221.23,222.1,219.25,220.16,1905000
PNR,2026-09-17,57.46,57.46,55.53,55.72,2543300
PNR,2026-09-18,55.74,56.08,55.34,55.92,5840300
PNR,2026-09-21,56.28,56.68,55.27,55.78,1739700
PNR,2026-09-22,56.64,56.98,55.48,55.49,2905317
PNR,2026-09-23,55.31,55.42,54.55,55.25,1962300
PNR,2026-09-24,54.97,55.07,52.64,53.03,2981600
PNR,2026-09-25,53.14,54.18,52.98,53.66,1681500
PNR,2026-09-28,53.3,53.64,52.71,53.03,2241800
PNR,2026-09-29,53.16,53.57,52.65,53.47,2043700
PNR,2026-09-30,53.67,53.72,52.82,52.99,2334900
PNR,2026-10-01,53.06,53.31,51.81,52.88,2901300
PNR,2026-10-02,53.55,53.78,52.85,53.03,2258300
PNR,2026-10-05,52.82,53.19,51.76,52.78,2229900
PNR,2026-10-06,53.09,53.53,52.64,52.94,2160600
PNW,2026-09-17,95.5,95.84,95.02,95.59,751900
PNW,2026-09-18,94.75,94.89,93.89,94.21,2559200
PNW,2026-09-21,94.22,94.47,92.98,93.31,1554200
PNW,2026-09-22,93.26,93.92,92.9,93.16,856678
PNW,2026-09-23,92.68,92.68,91.45,92.05,1213000
PNW,2026-09-24,92.42,92.42,91.03,91.08,1203300
PNW,2026-09-25,91.05,91.94,90.27,91.74,1492400
PNW,2026-09-28,92.77,92.85,90.68,91.32,936100
PNW,2026-09-29,90.9,93.43,90.73,93.4,1887900
PNW,2026-09-30,93.89,94.41,92.81,93.04,2157300
PNW,2026-10-01,92.5,94.73,91.6,94.63,2060400
PNW,2026-10-02,95.24,96.45,95.24,95.92,2115600
PNW,2026-10-05,96.38,96.79,95.47,95.96,1401100
PNW,2026-10-06,96.49,98.24,96.36,98.04,1328000
PODD,2026-09-17,140.38,141.8,138.51,141.55,1197300
PODD,2026-09-18,141.25,142.17,139.96,140.6,2506200
PODD,2026-09-21,140.6,141.49,138.59,140.53,1335600
PODD,2026-09-22,141.93,141.97,137.6,139.38,1246576
PODD,2026-09-23,139.07,139.82,134.73,136.49,1021300
PODD,2026-09-24,136.8,139.35,134.55,135.78,1085500
PODD,2026-09-25,135.78,138.06,134.48,136.13,1056000
PODD,2026-09-28,134.44,135.4,130.39,133.11,1724700
PODD,2026-09-29,132.58,133.49,130.8,132.84,1366100
PODD,2026-09-30,132.93,133.15,130.1,130.47,1416000
PODD,2026-10-01,131.78,132.02,128.75,130.79,3257400
PODD,2026-10-02,131.83,132.53,128.01,131.69,2909000
PODD,2026-10-05,131.69,135.81,131.23,135.62,1940300
PODD,2026-10-06,135.77,136.16,133.73,134.73,1712400
PPG,2026-09-17,106.95,107.2,104.98,105.45,1389000
PPG,2026-09-18,104.49,105.1,103.7,104.52,4135900
PPG,2026-09-21,105.28,105.81,104.05,104.93,1486300
PPG,2026-09-22,106.64,107.99,106.39,107.77,1726134
PPG,2026-09-23,106.31,107.96,106.05,107.2,1667100
PPG,2026-09-24,106.78,107.39,105.39,106.32,1623400
PPG,2026-09-25,106.78,107.82,106.18,107.52,1488800
PPG,2026-09-28,105.92,107.53,105.33,107.01,1512000
PPG,2026-09-29,107.05,107.49,105.63,106.02,1894100
PPG,2026-09-30,106.16,106.36,104.27,104.33,1918200
PPG,2026-10-01,103.43,104.97,101.7,104.67,1838300
PPG,2026-10-02,106.06,106.88,104.96,105.15,1135600
PPG,2026-10-05,105.06,105.96,103.96,105.27,1588600
PPG,2026-10-06,105.95,106.86,105.6,106.52,1348000
PPL,2026-09-17,33.6,33.72,33.28,33.6,5824700
PPL,2026-09-18,33.35,33.48,33.21,33.34,8286200
PPL,2026-09-21,33.37,33.41,33.0,33.05,4231700
PPL,2026-09-22,33.08,33.26,32.81,32.88,5350703
PPL,2026-09-23,32.7,32.77,32.2,32.25,5240700
PPL,2026-09-24,32.32,32.39,31.91,31.97,6491700
PPL,2026-09-25,31.98,32.19,31.56,32.03,6892400
PPL,2026-09-28,32.15,32.15,31.82,32.11,7435100
PPL,2026-09-29,32.08,32.62,31.92,32.58,7090800
PPL,2026-09-30,32.79,33.1,32.61,32.89,14847700
PPL,2026-10-01,32.72,32.87,32.34,32.76,9994000
PPL,2026-10-02,32.94,33.22,32.78,32.8,6388600
PPL,2026-10-05,32.86,33.19,32.64,32.95,6789900
PPL,2026-10-06,33.14,33.73,33.1,33.7,7007300
PRU,2026-09-17,118.27,118.82,117.45,117.93,1211100
PRU,2026-09-18,116.96,118.6,116.27,118.4,3152200
PRU,2026-09-21,119.25,119.77,118.45,118.53,1149200
PRU,2026-09-22,119.0,118.67,116.27,117.66,1401526
PRU,2026-09-23,117.08,119.36,116.99,117.59,1403200
PRU,2026-09-24,118.44,119.65,118.17,118.75,1683200
PRU,2026-09-25,119.17,119.58,117.69,119.45,1023400
PRU,2026-09-28,118.62,119.22,115.44,116.09,1510700
PRU,2026-09-29,115.58,116.36,114.42,115.06,1457100
PRU,2026-09-30,114.93,115.88,113.49,113.58,1577700
PRU,2026-10-01,113.15,113.69,111.53,113.13,1508600
PRU,2026-10-02,111.5,112.89,110.61,112.6,1877800
PRU,2026-10-05,112.9,114.15,112.58,113.48,1487500
PRU,2026-10-06,113.88,115.51,113.39,113.54,1652700
PSA,2026-09-17,298.07,301.06,295.94,300.76,723900
PSA,2026-09-18,300.52,302.06,295.29,296.31,1718500
PSA,2026-09-21,296.88,298.92,294.9,296.67,649900
PSA,2026-09-22,297.65,297.82,289.24,289.71,1233497
PSA,2026-09-23,287.59,290.39,286.01,286.73,986000
PSA,2026-09-24,287.51,288.2,284.24,284.56,766200
PSA,2026-09-25,284.19,288.67,283.32,287.97,730600
PSA,2026-09-28,287.13,289.14,283.09,284.79,963800
PSA,2026-09-29,283.08,286.66,282.74,285.58,823800
PSA,2026-09-30,286.77,286.77,281.91,282.84,988700
PSA,2026-10-01,281.8,285.86,280.02,284.0,953900
PSA,2026-10-02,285.27,288.91,283.6,283.81,819100
PSA,2026-10-05,283.0,284.22,280.53,281.66,862300
PSA,2026-10-06,283.14,287.72,281.64,285.85,970600
PSKY,2026-09-17,11.09,11.18,10.51,10.62,28630800
PSKY,2026-09-18,10.59,10.62,10.12,10.21,78688300
PSKY,2026-09-21,10.65,11.49,9.84,9.91,66127500
PSKY,2026-09-22,10.26,10.73,9.88,10.11,45577841
PSKY,2026-09-23,10.1,10.26,9.77,9.96,33609800
PSKY,2026-09-24,9.98,10.3,9.96,10.18,15303300
PSKY,2026-09-25,10.21,10.26,9.93,9.96,16846700
PSKY,2026-09-28,9.9,10.4,9.79,10.28,24112400
PSKY,2026-09-29,10.2,10.31,9.89,9.99,18970800
PSKY,2026-09-30,10.12,10.42,10.06,10.33,31966700
PSKY,2026-10-01,10.11,10.26,9.33,9.34,44229000
PSKY,2026-10-02,9.35,9.67,8.97,9.5,37375000
PSKY,2026-10-05,9.26,9.87,9.16,9.78,31670300
PSKY,2026-10-06,9.84,9.84,9.12,9.53,25272722
PSX,2026-09-17,261.44,274.21,260.5,274.21,3574700
PSX,2026-09-18,272.24,277.12,271.42,273.13,10170200
PSX,2026-09-21,269.36,275.97,259.5,261.75,3387200
PSX,2026-09-22,256.88,264.59,254.57,256.78,4134354
PSX,2026-09-23,259.15,263.82,250.26,256.48,4353200
PSX,2026-09-24,258.7,263.45,255.62,255.87,2750600
PSX,2026-09-25,252.68,257.31,250.09,255.75,3318400
PSX,2026-09-28,257.2,259.11,251.64,253.55,3596100
PSX,2026-09-29,250.0,252.95,248.51,252.25,2189600
PSX,2026-09-30,256.92,260.35,254.79,255.31,2521700
PSX,2026-10-01,253.25,264.43,252.54,264.23,2529500
PSX,2026-10-02,261.52,267.27,255.8,264.58,2056600
PSX,2026-10-05,264.6,271.49,262.03,269.72,2004400
PSX,2026-10-06,266.75,271.82,266.27,269.79,1608500
PTC,2026-09-17,131.16,134.98,129.89,134.44,1650300
PTC,2026-09-18,134.31,136.18,132.75,135.89,5931600
PTC,2026-09-21,137.02,137.21,133.97,135.28,1013100
PTC,2026-09-22,137.46,140.31,134.07,140.0,1520878
PTC,2026-09-23,140.81,142.81,138.5,140.4,2138700
PTC,2026-09-24,140.79,141.05,136.4,137.41,1434300
PTC,2026-09-25,137.17,138.75,136.55,138.12,698900
PTC,2026-09-28,137.06,139.92,133.67,139.69,913200
PTC,2026-09-29,137.87,138.86,134.31,137.56,1318600
PTC,2026-09-30,137.71,140.44,137.56,140.3,1046100
PTC,2026-10-01,143.42,149.38,143.42,146.47,1910600
PTC,2026-10-02,148.03,148.03,143.51,144.03,1121400
PTC,2026-10-05,195.84,196.05,191.92,192.26,29552500
PTC,2026-10-06,193.0,193.42,192.58,193.0,7418600
PWR,2026-09-17,637.61,637.61,607.45,616.54,725600
PWR,2026-09-18,617.64,637.97,617.64,636.71,1313500
PWR,2026-09-21,643.4,648.78,629.9,642.61,753600
PWR,2026-09-22,640.0,650.0,636.0,642.63,739526
PWR,2026-09-23,643.44,645.51,630.8,634.9,795300
PWR,2026-09-24,630.5,650.69,626.41,643.5,937800
PWR,2026-09-25,647.08,654.84,643.0,649.13,653600
PWR,2026-09-28,645.21,656.51,635.39,644.36,845900
PWR,2026-09-29,650.03,659.85,644.52,651.79,755100
PWR,2026-09-30,652.69,654.9,637.56,642.51,917400
PWR,2026-10-01,642.3,664.36,638.71,662.6,904300
PWR,2026-10-02,669.64,683.67,668.07,676.56,868400
PWR,2026-10-05,676.75,692.9,669.32,683.42,934500
PWR,2026-10-06,689.9,722.21,685.95,719.56,1132300
PYPL,2026-09-17,52.94,53.4,52.72,52.94,8489400
PYPL,2026-09-18,52.65,52.87,52.25,52.41,29074400
PYPL,2026-09-21,52.74,53.06,52.24,52.62,9696100
PYPL,2026-09-22,53.2,55.12,52.14,52.89,25777528
PYPL,2026-09-23,52.79,53.09,51.81,52.51,11559900
PYPL,2026-09-24,52.63,52.67,51.84,52.6,8532500
PYPL,2026-09-25,52.59,55.54,52.31,55.04,20379200
PYPL,2026-09-28,54.38,54.6,52.94,54.28,9864200
PYPL,2026-09-29,54.11,54.23,53.33,53.89,8043600
PYPL,2026-09-30,53.89,53.95,52.29,52.53,8613500
PYPL,2026-10-01,53.07,53.64,52.69,53.06,11702400
PYPL,2026-10-02,53.22,53.4,52.62,52.8,9013000
PYPL,2026-10-05,52.49,54.42,52.43,54.41,8277600
PYPL,2026-10-06,54.38,54.88,54.0,54.61,6994700
Q,2026-09-17,117.8,119.23,116.2,117.13,1164500
Q,2026-09-18,118.08,120.72,118.08,120.05,3906700
Q,2026-09-21,121.9,122.54,119.6,121.82,1619800
Q,2026-09-22,121.0,126.21,121.22,124.86,1954413
Q,2026-09-23,124.51,126.55,122.7,124.5,914700
Q,2026-09-24,122.03,123.45,120.05,122.31,1489000
Q,2026-09-25,122.58,125.39,121.8,124.69,829800
Q,2026-09-28,124.68,126.5,122.22,124.91,1186100
Q,2026-09-29,126.81,127.77,124.84,125.61,718400
Q,2026-09-30,126.38,126.96,124.24,125.74,1449100
Q,2026-10-01,125.03,128.5,123.44,128.45,1303400
Q,2026-10-02,131.67,132.41,130.0,131.48,1164400
Q,2026-10-05,133.87,133.87,130.03,131.53,1901800
Q,2026-10-06,132.5,133.66,130.49,133.63,1326200
QCOM,2026-09-17,190.35,191.91,187.76,188.71,12318000
QCOM,2026-09-18,191.34,192.12,175.97,177.72,54427700
QCOM,2026-09-21,180.61,195.31,179.23,194.23,18391600
QCOM,2026-09-22,192.12,199.15,191.66,198.27,11465322
QCOM,2026-09-23,199.61,199.61,193.22,197.24,9713400
QCOM,2026-09-24,196.58,196.77,191.75,194.26,9073100
QCOM,2026-09-25,195.03,205.85,194.53,201.97,17805500
QCOM,2026-09-28,199.16,199.16,186.71,187.48,16658100
QCOM,2026-09-29,189.48,190.03,182.23,184.1,10010000
QCOM,2026-09-30,184.88,188.34,183.15,184.04,7401000
QCOM,2026-10-01,185.18,186.37,181.77,182.09,10890600
QCOM,2026-10-02,186.72,188.95,183.36,184.87,10110000
QCOM,2026-10-05,185.08,185.48,180.3,180.79,12281600
QCOM,2026-10-06,182.03,183.09,179.33,181.03,8217000
RCL,2026-09-17,257.28,258.2,249.72,249.74,1808200
RCL,2026-09-18,250.0,251.46,245.06,245.81,3198100
RCL,2026-09-21,250.5,252.15,246.3,250.25,2215000
RCL,2026-09-22,259.0,261.66,231.03,234.89,8340337
RCL,2026-09-23,236.14,237.13,222.22,230.3,7591900
RCL,2026-09-24,234.3,243.18,232.0,238.98,5474100
RCL,2026-09-25,241.8,246.25,236.72,242.7,2691600
RCL,2026-09-28,246.0,249.73,240.2,242.59,3365300
RCL,2026-09-29,257.2,261.99,254.21,260.67,4038600
RCL,2026-09-30,260.2,269.65,259.0,265.86,4286700
RCL,2026-10-01,266.12,270.86,263.22,269.99,3093700
RCL,2026-10-02,275.18,279.5,271.56,277.74,3418900
RCL,2026-10-05,277.03,277.08,269.69,275.03,3026100
RCL,2026-10-06,279.8,289.17,278.0,288.78,2357200
RDDT,2026-09-17,154.71,156.53,149.21,152.83,5741800
RDDT,2026-09-18,152.69,154.1,150.2,150.85,13889200
RDDT,2026-09-21,152.67,160.35,151.74,158.73,5457500
RDDT,2026-09-22,161.28,161.67,152.34,155.67,4227744
RDDT,2026-09-23,154.01,154.94,147.77,151.98,4569700
RDDT,2026-09-24,151.5,153.88,150.2,152.72,3256700
RDDT,2026-09-25,152.73,154.76,149.82,149.84,2869300
RDDT,2026-09-28,149.0,149.29,143.08,143.08,4312700
RDDT,2026-09-29,144.95,147.55,141.32,145.36,4979800
RDDT,2026-09-30,147.48,151.89,142.42,142.44,4885300
RDDT,2026-10-01,144.14,150.23,143.02,149.53,4101600
RDDT,2026-10-02,149.77,151.5,144.8,147.86,3115000
RDDT,2026-10-05,150.73,152.85,148.24,150.42,5199300
RDDT,2026-10-06,151.5,151.5,147.78,148.95,3837500
REG,2026-09-17,73.37,73.54,72.75,73.12,1424800
REG,2026-09-18,72.85,73.32,72.34,72.95,2439400
REG,2026-09-21,73.2,73.3,72.45,72.92,1345900
REG,2026-09-22,73.18,73.66,72.86,73.53,1453684
REG,2026-09-23,73.24,73.54,72.68,72.73,1689600
REG,2026-09-24,72.94,73.23,72.56,72.92,1471900
REG,2026-09-25,73.2,73.33,72.19,73.23,1084800
REG,2026-09-28,73.3,73.58,72.86,73.33,1024900
REG,2026-09-29,73.14,73.48,72.37,72.66,1004100
REG,2026-09-30,73.11,73.16,71.85,71.88,1234800
REG,2026-10-01,71.62,71.96,70.93,71.8,1117800
REG,2026-10-02,72.05,72.5,71.45,71.6,1138400
REG,2026-10-05,71.66,71.67,70.86,71.33,1517700
REG,2026-10-06,71.23,71.86,71.07,71.42,1129600
REGN,2026-09-17,781.18,789.99,774.78,789.45,702800
REGN,2026-09-18,787.34,794.73,779.65,784.85,2472600
REGN,2026-09-21,786.03,801.44,779.96,798.17,704400
REGN,2026-09-22,802.48,811.66,791.31,803.9,599117
REGN,2026-09-23,805.23,813.53,790.02,801.82,721100
REGN,2026-09-24,801.59,807.21,789.39,796.02,602600
REGN,2026-09-25,803.87,803.87,784.13,788.04,592100
REGN,2026-09-28,778.09,780.95,750.0,752.25,1065300
REGN,2026-09-29,745.85,752.47,741.83,750.51,804300
REGN,2026-09-30,749.84,763.72,742.94,758.27,872400
REGN,2026-10-01,766.53,777.43,726.02,734.81,1042800
REGN,2026-10-02,740.5,742.5,729.2,735.2,613900
REGN,2026-10-05,734.37,736.42,722.02,726.47,694700
REGN,2026-10-06,734.61,740.51,727.16,738.72,615100
RF,2026-09-17,28.77,28.83,28.39,28.48,7267800
RF,2026-09-18,28.67,28.76,28.29,28.5,16414600
RF,2026-09-21,28.7,28.72,28.47,28.55,6633700
RF,2026-09-22,28.73,28.78,27.8,27.91,11987280
RF,2026-09-23,27.75,27.89,27.35,27.39,9349400
RF,2026-09-24,27.49,27.51,27.08,27.26,8746700
RF,2026-09-25,27.29,27.7,27.2,27.62,10153300
RF,2026-09-28,27.57,27.57,27.2,27.26,12374100
RF,2026-09-29,27.2,27.34,26.74,26.89,13370300
RF,2026-09-30,27.01,27.09,26.77,26.88,9300000
RF,2026-10-01,26.8,27.0,26.14,26.96,11712800
RF,2026-10-02,26.99,27.3,26.95,27.1,11420200
RF,2026-10-05,27.12,27.36,26.87,27.07,10662800
RF,2026-10-06,27.19,27.41,26.99,27.05,9344500
RJF,2026-09-17,165.94,166.42,162.46,163.77,1164000
RJF,2026-09-18,164.18,164.9,163.03,164.75,3493800
RJF,2026-09-21,166.83,167.29,164.36,165.19,824900
RJF,2026-09-22,165.4,164.43,155.5,159.39,2152107
RJF,2026-09-23,158.52,160.45,157.7,158.23,1592000
RJF,2026-09-24,158.27,159.05,155.54,158.76,1884300
RJF,2026-09-25,159.21,161.68,159.14,159.87,1012100
RJF,2026-09-28,159.59,161.3,158.63,161.16,1235900
RJF,2026-09-29,161.04,161.76,158.67,159.85,898300
RJF,2026-09-30,159.99,160.78,157.93,158.02,938900
RJF,2026-10-01,156.81,159.81,156.28,159.76,975600
RJF,2026-10-02,159.5,160.43,156.52,158.21,907700
RJF,2026-10-05,158.69,161.62,157.57,160.8,1098900
RJF,2026-10-06,161.09,162.17,159.35,159.43,976800
RL,2026-09-17,345.0,346.73,332.08,333.08,486900
RL,2026-09-18,332.85,335.1,330.93,335.1,1051300
RL,2026-09-21,337.99,340.45,333.52,339.82,666200
RL,2026-09-22,346.43,348.51,341.14,346.06,698331
RL,2026-09-23,345.57,346.17,337.21,337.47,697400
RL,2026-09-24,339.86,354.16,336.99,351.86,944400
RL,2026-09-25,346.95,357.38,345.21,357.1,752700
RL,2026-09-28,354.55,358.45,351.25,357.16,564200
RL,2026-09-29,359.12,361.1,349.49,355.92,425600
RL,2026-09-30,358.22,359.89,353.49,355.07,533400
RL,2026-10-01,354.38,365.62,353.43,362.66,619600
RL,2026-10-02,362.73,367.98,359.27,363.37,559300
RL,2026-10-05,365.02,368.19,361.27,365.54,446300
RL,2026-10-06,367.14,368.92,362.45,368.67,491600
RMD,2026-09-17,228.25,229.57,225.08,228.42,1051000
RMD,2026-09-18,228.21,228.39,224.56,224.99,3861400
RMD,2026-09-21,225.16,226.52,223.34,223.61,1072100
RMD,2026-09-22,226.22,227.9,221.88,221.97,979415
RMD,2026-09-23,222.78,225.1,220.0,222.3,1440100
RMD,2026-09-24,223.08,224.5,220.39,221.89,798800
RMD,2026-09-25,221.08,223.22,220.13,222.0,760800
RMD,2026-09-28,221.52,223.0,218.26,222.1,852500
RMD,2026-09-29,221.96,224.22,220.32,222.83,917800
RMD,2026-09-30,222.63,224.04,220.0,221.1,1262100
RMD,2026-10-01,220.75,224.14,219.0,221.15,930400
RMD,2026-10-02,221.66,223.73,218.03,218.89,898900
RMD,2026-10-05,218.44,223.72,218.44,222.86,951900
RMD,2026-10-06,223.9,225.23,219.96,220.69,972600
ROK,2026-09-17,423.47,424.24,406.92,410.05,990500
ROK,2026-09-18,410.43,415.64,407.47,415.62,1098900
ROK,2026-09-21,419.31,425.21,413.79,424.89,755300
ROK,2026-09-22,427.0,428.85,422.64,427.19,616434
ROK,2026-09-23,424.59,435.69,423.66,432.89,603000
ROK,2026-09-24,428.91,434.45,426.0,432.93,402900
ROK,2026-09-25,433.97,438.5,431.23,434.15,413000
ROK,2026-09-28,430.27,434.99,427.47,431.22,583000
ROK,2026-09-29,433.9,434.71,427.7,431.53,356800
ROK,2026-09-30,436.94,439.95,432.5,435.33,820500
ROK,2026-10-01,434.63,443.15,432.24,442.45,867100
ROK,2026-10-02,447.74,455.13,445.23,454.35,716500
ROK,2026-10-05,454.03,460.0,449.0,455.18,714200
ROK,2026-10-06,457.92,460.2,448.45,450.74,574600
ROL,2026-09-17,33.71,33.9,33.0,33.0,5870500
ROL,2026-09-18,33.0,33.11,32.42,32.43,16335200
ROL,2026-09-21,32.42,32.71,31.88,32.35,6589800
ROL,2026-09-22,32.77,33.1,32.64,32.86,6312352
ROL,2026-09-23,32.72,33.03,32.28,32.49,9163500
ROL,2026-09-24,31.5,31.58,30.12,30.4,13646400
ROL,2026-09-25,30.01,30.34,29.74,30.03,9264200
ROL,2026-09-28,29.97,30.71,29.76,30.59,10845600
ROL,2026-09-29,30.4,30.98,30.07,30.5,12165000
ROL,2026-09-30,30.6,30.68,29.7,30.12,11351100
ROL,2026-10-01,30.3,30.62,29.92,30.57,7966200
ROL,2026-10-02,30.78,30.78,30.06,30.16,5576900
ROL,2026-10-05,29.8,30.13,29.29,29.69,6531100
ROL,2026-10-06,29.7,30.36,29.61,30.35,7654200
ROP,2026-09-17,374.93,377.21,370.52,374.76,659800
ROP,2026-09-18,373.99,375.07,368.69,372.74,3305400
ROP,2026-09-21,372.0,374.15,364.33,365.4,1030900
ROP,2026-09-22,370.91,372.11,360.65,363.85,1139026
ROP,2026-09-23,364.99,371.1,361.0,366.36,730500
ROP,2026-09-24,367.6,372.7,361.86,364.02,799900
ROP,2026-09-25,362.32,363.86,357.75,358.56,753400
ROP,2026-09-28,353.66,355.56,348.77,354.0,879000
ROP,2026-09-29,348.64,352.25,347.45,349.45,609200
ROP,2026-09-30,348.38,354.75,348.38,349.41,765000
ROP,2026-10-01,353.01,363.82,351.93,362.59,1120400
ROP,2026-10-02,362.88,363.9,353.6,354.32,753200
ROP,2026-10-05,356.43,363.77,354.01,363.38,712200
ROP,2026-10-06,360.98,364.36,359.08,362.28,580100
ROST,2026-09-17,226.78,231.44,225.75,229.48,2335200
ROST,2026-09-18,228.4,230.24,226.39,226.61,3977800
ROST,2026-09-21,226.7,233.27,226.11,231.25,2227500
ROST,2026-09-22,232.72,234.81,230.53,232.51,2071774
ROST,2026-09-23,233.57,236.34,233.19,233.98,1564600
ROST,2026-09-24,234.39,237.0,233.05,235.4,1454000
ROST,2026-09-25,235.87,236.92,233.34,236.12,1712900
ROST,2026-09-28,236.12,239.73,233.33,237.09,1964500
ROST,2026-09-29,236.01,236.24,233.54,234.4,1485900
ROST,2026-09-30,235.75,235.75,233.31,233.4,1746400
ROST,2026-10-01,234.36,235.73,231.75,234.1,1744300
ROST,2026-10-02,234.98,236.0,227.66,228.54,2358600
ROST,2026-10-05,228.79,231.25,224.94,226.37,2588400
ROST,2026-10-06,224.89,226.95,221.77,224.21,2899800
RSG,2026-09-17,220.7,220.7,217.76,218.93,2119000
RSG,2026-09-18,218.72,219.7,216.46,218.07,3637800
RSG,2026-09-21,216.79,217.03,213.86,213.93,2081800
RSG,2026-09-22,214.21,215.39,213.46,213.88,1925107
RSG,2026-09-23,213.47,215.69,212.61,213.1,1208200
RSG,2026-09-24,214.49,216.04,212.69,212.72,1104200
RSG,2026-09-25,211.92,213.22,211.23,212.1,854400
RSG,2026-09-28,212.05,214.48,211.3,212.93,993900
RSG,2026-09-29,211.3,212.59,210.86,211.92,974800
RSG,2026-09-30,212.25,212.36,209.51,209.87,1137200
RSG,2026-10-01,210.45,211.67,206.69,206.98,1490700
RSG,2026-10-02,206.48,210.23,205.86,209.56,1178400
RSG,2026-10-05,209.34,213.7,208.34,212.83,1236800
RSG,2026-10-06,212.77,215.68,212.59,214.74,1067500
RTX,2026-09-17,197.5,197.5,191.84,193.54,3546300
RTX,2026-09-18,193.0,194.0,191.18,194.0,9831700
RTX,2026-09-21,193.75,195.19,192.86,194.34,2921200
RTX,2026-09-22,194.74,194.87,187.04,190.99,4680368
RTX,2026-09-23,191.88,195.07,190.7,192.19,4220300
RTX,2026-09-24,191.92,193.27,188.5,188.61,3408700
RTX,2026-09-25,188.07,189.58,187.56,189.4,3667400
RTX,2026-09-28,187.82,189.59,186.81,187.66,3151200
RTX,2026-09-29,187.0,189.38,186.52,186.94,3680900
RTX,2026-09-30,186.38,187.54,184.56,185.65,4741400
RTX,2026-10-01,185.0,186.74,184.33,185.01,3172400
RTX,2026-10-02,184.5,185.82,183.83,184.68,3812400
RTX,2026-10-05,184.26,185.24,182.62,184.33,3385200
RTX,2026-10-06,183.55,184.6,182.41,183.29,4250000
RVTY,2026-09-17,147.61,149.52,145.22,146.73,2753800
RVTY,2026-09-18,146.5,146.89,142.45,143.45,3321600
RVTY,2026-09-21,144.53,145.55,142.3,143.59,2062000
RVTY,2026-09-22,143.12,144.77,141.71,143.31,2862238
RVTY,2026-09-23,142.4,145.0,140.08,142.11,2244300
RVTY,2026-09-24,141.79,152.26,141.79,150.68,2539900
RVTY,2026-09-25,150.7,151.99,147.03,151.11,1940500
RVTY,2026-09-28,148.97,151.05,148.12,151.02,1478200
RVTY,2026-09-29,150.49,153.06,149.29,152.77,1600100
RVTY,2026-09-30,153.49,158.28,152.81,152.89,4432400
RVTY,2026-10-01,155.48,155.48,148.31,149.06,2483800
RVTY,2026-10-02,149.94,153.38,148.55,151.53,1236600
RVTY,2026-10-05,151.45,157.45,150.39,157.36,1549600
RVTY,2026-10-06,161.62,166.25,151.45,153.3,2678200
SBAC,2026-09-17,182.72,182.72,180.46,181.13,1010600
SBAC,2026-09-18,180.71,181.92,178.28,178.59,1849500
SBAC,2026-09-21,178.26,181.1,176.0,176.28,870800
SBAC,2026-09-22,176.39,178.37,174.27,175.84,704729
SBAC,2026-09-23,174.52,176.48,170.32,170.53,927500
SBAC,2026-09-24,170.47,170.68,164.78,166.12,1184800
SBAC,2026-09-25,166.0,168.13,164.85,166.15,886400
SBAC,2026-09-28,166.32,167.23,162.21,163.43,868600
SBAC,2026-09-29,162.56,163.6,160.55,162.81,828100
SBAC,2026-09-30,164.33,165.06,159.91,160.12,938000
SBAC,2026-10-01,160.0,161.58,157.35,158.02,658700
SBAC,2026-10-02,158.02,163.25,157.82,158.49,818500
SBAC,2026-10-05,157.87,161.96,156.6,161.82,848400
SBAC,2026-10-06,162.5,170.18,162.07,169.7,1186500
SBUX,2026-09-17,98.11,98.68,96.3,96.67,6640300
SBUX,2026-09-18,96.4,96.56,95.11,95.83,13081300
SBUX,2026-09-21,95.13,96.44,93.63,94.9,7181200
SBUX,2026-09-22,95.92,96.04,94.63,95.11,8247017
SBUX,2026-09-23,95.02,95.5,93.15,94.14,8252400
SBUX,2026-09-24,93.9,94.5,92.76,93.65,7230500
SBUX,2026-09-25,94.1,94.92,93.53,94.86,7282400
SBUX,2026-09-28,94.26,96.2,93.78,95.27,7418900
SBUX,2026-09-29,95.03,95.89,94.34,95.43,6927100
SBUX,2026-09-30,95.55,95.89,93.95,93.96,5734400
SBUX,2026-10-01,94.04,94.99,93.77,94.88,5146300
SBUX,2026-10-02,95.08,95.29,94.27,94.71,6366300
SBUX,2026-10-05,94.76,95.0,93.55,94.43,8822700
SBUX,2026-10-06,94.05,96.73,93.81,96.11,6261400
SCHW,2026-09-17,105.3,105.39,103.5,104.63,7424800
SCHW,2026-09-18,104.68,105.7,104.21,105.25,18091700
SCHW,2026-09-21,105.9,107.41,105.33,106.88,5443800
SCHW,2026-09-22,106.5,106.43,99.3,100.35,16907779
SCHW,2026-09-23,100.0,101.34,99.45,99.5,10895900
SCHW,2026-09-24,99.65,100.0,98.06,99.49,8905800
SCHW,2026-09-25,99.52,100.61,98.37,99.03,7528000
SCHW,2026-09-28,98.79,99.01,97.75,98.3,6030600
SCHW,2026-09-29,98.07,99.13,97.4,99.1,8084900
SCHW,2026-09-30,98.93,99.02,97.68,97.74,10294600
SCHW,2026-10-01,97.38,98.5,96.87,98.37,6676200
SCHW,2026-10-02,97.29,98.55,96.32,96.7,7721500
SCHW,2026-10-05,96.9,98.02,96.44,97.96,5872500
SCHW,2026-10-06,98.41,98.78,96.74,96.8,5661400
SHW,2026-09-17,327.88,328.44,320.64,320.94,1508300
SHW,2026-09-18,318.05,321.39,314.38,320.73,2851200
SHW,2026-09-21,326.0,326.0,320.65,321.31,1511600
SHW,2026-09-22,326.13,329.37,324.61,328.35,1647764
SHW,2026-09-23,325.44,327.92,323.15,326.46,2260600
SHW,2026-09-24,324.85,326.2,316.57,320.4,2490600
SHW,2026-09-25,321.06,330.13,320.51,329.1,1843800
SHW,2026-09-28,325.73,333.31,323.38,332.79,1456500
SHW,2026-09-29,333.74,336.54,327.93,330.44,2223500
SHW,2026-09-30,331.1,331.26,322.42,323.27,1403300
SHW,2026-10-01,320.64,321.67,313.26,320.78,1627100
SHW,2026-10-02,324.99,326.31,318.85,319.51,1571600
SHW,2026-10-05,318.71,320.54,315.64,318.46,1323300
SHW,2026-10-06,320.36,322.85,318.19,321.16,1366500
SJM,2026-09-17,124.21,124.66,122.54,123.75,1196000
SJM,2026-09-18,122.86,123.28,121.85,122.95,2982500
SJM,2026-09-21,123.14,123.14,119.37,119.88,1364200
SJM,2026-09-22,121.0,121.9,120.14,121.11,1041613
SJM,2026-09-23,121.44,123.16,121.01,122.41,1206100
SJM,2026-09-24,123.31,124.12,121.57,121.66,1124000
SJM,2026-09-25,121.31,121.42,119.9,121.0,925100
SJM,2026-09-28,120.79,123.09,119.97,120.63,986000
SJM,2026-09-29,119.41,121.17,118.88,120.7,1340800
SJM,2026-09-30,121.0,122.24,118.46,118.91,1192600
SJM,2026-10-01,118.31,118.8,115.11,115.95,1222700
SJM,2026-10-02,115.8,117.32,115.15,117.19,1154600
SJM,2026-10-05,117.07,118.14,115.46,116.23,961000
SJM,2026-10-06,116.57,118.01,115.96,116.8,933500
SLB,2026-09-17,52.45,52.87,51.87,52.08,12239100
SLB,2026-09-18,51.78,51.78,50.77,51.12,25207900
SLB,2026-09-21,51.12,52.39,50.47,51.76,11321700
SLB,2026-09-22,51.34,52.9,50.9,52.12,14746487
SLB,2026-09-23,53.21,53.21,51.69,51.87,7654000
SLB,2026-09-24,52.48,52.6,51.36,51.43,9435700
SLB,2026-09-25,51.07,51.93,51.02,51.54,7260200
SLB,2026-09-28,52.29,52.29,50.88,51.49,13933300
SLB,2026-09-29,50.58,50.77,49.35,49.87,28574600
SLB,2026-09-30,49.91,49.91,48.69,48.72,13232200
SLB,2026-10-01,48.37,48.86,47.86,48.66,14328600
SLB,2026-10-02,47.72,49.34,47.72,48.74,12596700
SLB,2026-10-05,49.1,50.59,48.79,50.28,8749400
SLB,2026-10-06,49.64,50.61,49.45,50.0,11092500
SMCI,2026-09-17,38.04,41.01,37.82,40.35,62398000
SMCI,2026-09-18,40.2,40.41,38.32,39.09,47970800
SMCI,2026-09-21,40.63,41.72,40.0,41.2,48086900
SMCI,2026-09-22,41.26,41.74,40.45,41.54,30026695
SMCI,2026-09-23,42.27,42.7,40.79,41.44,40805000
SMCI,2026-09-24,40.44,42.28,39.85,41.51,34794500
SMCI,2026-09-25,42.0,43.76,41.9,43.26,49236100
SMCI,2026-09-28,42.75,43.06,40.96,41.78,29422700
SMCI,2026-09-29,42.6,42.69,40.86,41.02,25222800
SMCI,2026-09-30,42.17,42.68,40.47,41.07,31810400
SMCI,2026-10-01,40.89,42.02,40.13,41.92,26436800
SMCI,2026-10-02,42.78,44.59,42.28,43.69,44415100
SMCI,2026-10-05,43.57,44.05,42.8,43.19,22070700
SMCI,2026-10-06,43.87,44.74,43.02,43.46,27759700
SNA,2026-09-17,377.24,377.24,371.24,371.62,264000
SNA,2026-09-18,371.12,373.54,369.89,372.15,1014400
SNA,2026-09-21,373.42,373.97,369.16,369.75,326000
SNA,2026-09-22,373.21,378.29,368.62,371.8,259639
SNA,2026-09-23,370.4,372.86,368.57,370.25,205200
SNA,2026-09-24,369.49,370.64,366.99,367.71,199300
SNA,2026-09-25,367.4,371.99,367.15,369.2,195800
SNA,2026-09-28,367.1,371.72,367.1,369.21,314300
SNA,2026-09-29,368.36,370.47,365.05,367.08,170700
SNA,2026-09-30,367.41,368.4,363.07,363.35,317400
SNA,2026-10-01,363.38,368.61,361.22,367.72,264500
SNA,2026-10-02,371.45,372.26,367.83,368.9,249400
SNA,2026-10-05,367.07,370.65,364.04,367.4,223900
SNA,2026-10-06,368.43,371.72,367.57,368.61,220400
SNDK,2026-09-17,1564.53,1625.35,1564.5,1614.39,8441300
SNDK,2026-09-18,1625.2,1797.0,1616.0,1791.82,17693500
SNDK,2026-09-21,1826.0,1834.49,1737.01,1766.64,10380700
SNDK,2026-09-22,1758.55,1909.48,1758.14,1887.04,12806071
SNDK,2026-09-23,1895.41,1902.22,1803.67,1816.57,7687400
SNDK,2026-09-24,1785.47,1802.99,1726.39,1753.62,8186500
SNDK,2026-09-25,1791.94,1815.0,1742.59,1777.8,7322300
SNDK,2026-09-28,1736.64,1762.0,1659.02,1712.89,6632000
SNDK,2026-09-29,1744.07,1749.78,1693.0,1729.76,5932700
SNDK,2026-09-30,1729.78,1756.0,1720.71,1739.89,6003500
SNDK,2026-10-01,1735.26,1802.0,1708.0,1787.69,9190600
SNDK,2026-10-02,1773.12,1774.23,1713.47,1719.99,8163600
SNDK,2026-10-05,1725.0,1743.24,1681.0,1704.16,6480700
SNDK,2026-10-06,1700.0,1716.5,1650.0,1660.46,6513600
SNPS,2026-09-17,384.45,386.68,377.36,381.17,1599300
SNPS,2026-09-18,385.0,386.27,380.38,384.97,3232900
SNPS,2026-09-21,387.33,404.06,385.92,401.85,1668800
SNPS,2026-09-22,408.32,412.61,402.15,409.24,1366524
SNPS,2026-09-23,409.44,420.88,408.5,413.06,2097500
SNPS,2026-09-24,413.5,425.97,407.02,424.91,1715600
SNPS,2026-09-25,445.01,445.92,424.21,425.76,2170900
SNPS,2026-09-28,421.31,427.51,417.11,417.61,1546800
SNPS,2026-09-29,414.6,418.0,403.33,415.09,1614900
SNPS,2026-09-30,421.26,445.57,415.24,434.94,4489200
SNPS,2026-10-01,467.85,496.95,462.0,490.54,6662200
SNPS,2026-10-02,497.86,500.03,483.24,489.9,3326400
SNPS,2026-10-05,496.25,508.38,482.16,488.47,2818700
SNPS,2026-10-06,491.1,507.5,486.5,505.17,2737600
SO,2026-09-17,86.64,86.79,86.02,86.76,5313900
SO,2026-09-18,86.33,86.35,85.43,85.52,15145700
SO,2026-09-21,85.52,86.15,85.18,85.46,7826800
SO,2026-09-22,85.24,85.94,84.97,85.15,4349564
SO,2026-09-23,84.76,84.9,83.21,83.47,5571800
SO,2026-09-24,83.98,83.98,82.84,82.89,4917500
SO,2026-09-25,82.67,83.01,82.09,82.88,4920300
SO,2026-09-28,82.96,83.07,81.91,82.35,5048900
SO,2026-09-29,81.95,83.65,81.69,83.45,9858000
SO,2026-09-30,83.76,83.98,82.88,82.89,8553800
SO,2026-10-01,82.64,83.61,82.01,83.47,7566800
SO,2026-10-02,83.72,84.31,83.59,83.72,7802000
SO,2026-10-05,83.75,84.39,83.17,83.79,6572300
SO,2026-10-06,84.2,85.52,84.14,85.44,5772600
SOLV,2026-09-17,89.09,89.16,87.3,87.53,1042800
SOLV,2026-09-18,87.61,89.53,86.53,88.84,2318200
SOLV,2026-09-21,88.87,89.61,88.4,88.84,660300
SOLV,2026-09-22,89.17,89.4,88.48,88.75,651231
SOLV,2026-09-23,88.18,89.52,87.74,88.37,860100
SOLV,2026-09-24,88.54,89.04,88.12,88.59,635800
SOLV,2026-09-25,88.53,89.68,88.16,89.5,578900
SOLV,2026-09-28,89.01,89.89,88.36,89.54,649100
SOLV,2026-09-29,89.17,89.89,88.29,89.32,848800
SOLV,2026-09-30,89.4,89.42,88.13,88.15,689700
SOLV,2026-10-01,87.82,88.55,86.26,87.77,784500
SOLV,2026-10-02,88.21,89.03,87.79,87.85,880400
SOLV,2026-10-05,87.52,88.39,86.74,88.03,1044000
SOLV,2026-10-06,88.45,88.93,86.89,87.04,914200
SPG,2026-09-17,204.37,206.06,203.08,204.47,1358500
SPG,2026-09-18,204.04,205.55,202.94,205.32,3096200
SPG,2026-09-21,206.02,206.38,204.69,204.98,957400
SPG,2026-09-22,205.61,206.19,204.74,205.95,1081127
SPG,2026-09-23,205.15,205.64,203.84,204.16,1055500
SPG,2026-09-24,204.56,205.6,203.41,204.7,869700
SPG,2026-09-25,205.19,205.7,203.87,204.82,913400
SPG,2026-09-28,204.73,205.57,203.49,204.53,926300
SPG,2026-09-29,203.98,206.2,203.01,204.28,1165200
SPG,2026-09-30,204.39,204.39,200.65,200.76,1486800
SPG,2026-10-01,199.73,201.58,198.41,200.81,1141000
SPG,2026-10-02,201.0,202.89,200.57,200.95,1228400
SPG,2026-10-05,200.8,202.52,199.74,201.4,1040900
SPG,2026-10-06,201.5,203.32,200.75,201.74,1398500
SPGI,2026-09-17,408.95,408.99,403.68,404.11,1477000
SPGI,2026-09-18,401.4,408.08,400.83,405.32,2417900
SPGI,2026-09-21,408.95,410.99,403.22,404.47,1285300
SPGI,2026-09-22,408.0,409.99,401.95,402.44,1553874
SPGI,2026-09-23,403.1,410.0,401.04,406.5,1528500
SPGI,2026-09-24,406.22,409.89,400.61,403.25,1475400
SPGI,2026-09-25,402.25,405.57,398.74,403.3,1316700
SPGI,2026-09-28,400.0,400.65,395.12,395.92,1709500
SPGI,2026-09-29,393.51,394.92,388.57,392.45,3367800
SPGI,2026-09-30,393.68,399.23,393.32,394.47,3025000
SPGI,2026-10-01,398.66,400.8,385.87,388.16,2939800
SPGI,2026-10-02,388.5,388.5,382.21,386.27,2770700
SPGI,2026-10-05,386.76,391.3,384.0,390.92,1690500
SPGI,2026-10-06,392.87,398.88,392.56,396.13,1422600
SRE,2026-09-17,82.19,82.53,81.32,82.18,3936600
SRE,2026-09-18,81.5,81.83,81.0,81.31,6143400
SRE,2026-09-21,81.3,81.61,80.82,81.2,3171000
SRE,2026-09-22,80.94,81.7,80.69,80.98,2879329
SRE,2026-09-23,80.52,80.56,78.74,79.0,3138800
SRE,2026-09-24,78.68,78.83,77.67,77.74,4422600
SRE,2026-09-25,77.47,78.0,77.08,77.93,2735000
SRE,2026-09-28,77.9,77.9,76.66,76.89,4410300
SRE,2026-09-29,76.68,78.26,76.21,78.18,3287400
SRE,2026-09-30,78.66,78.94,77.94,77.96,4628200
SRE,2026-10-01,77.43,78.2,77.06,78.05,3226500
SRE,2026-10-02,78.26,79.17,78.12,78.38,2949400
SRE,2026-10-05,78.32,78.68,77.62,78.16,3599100
SRE,2026-10-06,78.37,79.99,78.37,79.97,2898000
STE,2026-09-17,210.81,210.82,206.97,208.04,765500
STE,2026-09-18,206.24,207.7,205.0,205.04,1543400
STE,2026-09-21,205.36,207.46,203.32,206.97,984600
STE,2026-09-22,208.98,209.12,205.21,208.79,624617
STE,2026-09-23,208.41,210.33,207.07,209.98,534000
STE,2026-09-24,210.05,211.45,208.57,208.77,524400
STE,2026-09-25,208.11,209.69,207.21,208.93,447100
STE,2026-09-28,208.76,211.63,206.72,211.0,493600
STE,2026-09-29,210.05,210.77,208.07,210.65,454300
STE,2026-09-30,210.69,212.12,209.49,210.01,560800
STE,2026-10-01,210.04,210.89,207.82,209.34,583900
STE,2026-10-02,209.64,210.27,206.53,208.54,676500
STE,2026-10-05,208.46,213.05,207.46,211.07,804100
STE,2026-10-06,211.68,213.17,207.97,208.65,909400
STLD,2026-09-17,242.44,247.1,242.3,245.35,844800
STLD,2026-09-18,244.98,244.98,232.41,235.26,3096400
STLD,2026-09-21,234.49,235.91,229.24,229.99,863200
STLD,2026-09-22,229.99,234.42,229.53,233.99,920760
STLD,2026-09-23,231.99,237.46,231.06,234.29,662400
STLD,2026-09-24,233.74,237.76,233.29,235.2,563000
STLD,2026-09-25,235.44,236.48,231.68,233.66,508800
STLD,2026-09-28,229.99,233.03,227.1,230.39,1006500
STLD,2026-09-29,231.86,232.13,221.65,221.9,1173800
STLD,2026-09-30,221.87,226.0,220.46,221.61,1221200
STLD,2026-10-01,222.0,227.26,219.1,226.17,1065900
STLD,2026-10-02,228.78,233.14,228.14,231.99,574600
STLD,2026-10-05,233.02,245.19,233.02,241.04,1063800
STLD,2026-10-06,241.12,242.61,237.14,238.17,872800
STT,2026-09-17,185.31,185.47,182.21,183.07,1464500
STT,2026-09-18,182.02,183.1,180.51,182.87,5572800
STT,2026-09-21,185.01,185.46,183.05,184.4,1668000
STT,2026-09-22,184.0,183.8,176.96,180.25,3360181
STT,2026-09-23,179.1,182.86,178.85,179.95,2235400
STT,2026-09-24,180.52,182.17,179.09,181.09,3492400
STT,2026-09-25,181.58,182.93,179.5,181.34,1424200
STT,2026-09-28,180.55,181.24,179.42,179.73,1875300
STT,2026-09-29,179.47,180.15,176.45,177.78,2209800
STT,2026-09-30,177.47,178.28,174.5,174.59,2334100
STT,2026-10-01,172.59,174.64,170.05,174.62,2145700
STT,2026-10-02,175.0,176.68,174.26,175.96,1752500
STT,2026-10-05,176.56,177.14,174.15,176.37,1878800
STT,2026-10-06,177.04,177.04,173.88,175.75,1879000
STX,2026-09-17,809.03,816.68,783.01,803.13,5308400
STX,2026-09-18,814.69,872.0,807.03,858.79,6966500
STX,2026-09-21,894.27,914.82,861.96,877.33,4190400
STX,2026-09-22,856.39,936.94,856.39,919.84,5266293
STX,2026-09-23,913.2,927.0,885.0,923.86,3242800
STX,2026-09-24,914.66,926.01,898.8,905.92,3067100
STX,2026-09-25,924.36,924.36,903.53,916.83,2797000
STX,2026-09-28,912.1,932.87,870.38,921.51,3402300
STX,2026-09-29,943.5,944.43,900.1,913.45,2593300
STX,2026-09-30,921.0,928.92,907.03,922.34,3080400
STX,2026-10-01,911.16,946.36,893.75,945.57,2480800
STX,2026-10-02,822.56,852.29,791.75,848.99,13556700
STX,2026-10-05,876.0,903.0,875.0,887.09,5585800
STX,2026-10-06,857.12,863.5,798.62,805.63,7264600
STZ,2026-09-17,123.46,123.94,121.65,122.45,1656600
STZ,2026-09-18,121.54,122.01,118.91,118.97,6757400
STZ,2026-09-21,118.23,119.12,116.93,118.39,2629000
STZ,2026-09-22,119.61,120.25,116.99,117.59,1876943
STZ,2026-09-23,117.1,118.0,115.5,116.57,1536700
STZ,2026-09-24,117.6,117.94,114.12,114.21,1655000
STZ,2026-09-25,113.99,114.46,113.34,113.63,1456900
STZ,2026-09-28,113.5,113.69,111.92,112.92,1410400
STZ,2026-09-29,112.58,113.55,111.54,112.77,1578400
STZ,2026-09-30,113.0,114.03,112.37,113.06,1649500
STZ,2026-10-01,113.1,113.94,111.77,112.99,2025600
STZ,2026-10-02,113.64,113.64,112.05,112.87,1522400
STZ,2026-10-05,113.54,114.5,110.6,113.31,2942500
STZ,2026-10-06,113.83,116.77,112.99,115.67,6009600
SW,2026-09-17,45.47,46.04,44.89,45.48,4501600
SW,2026-09-18,45.2,45.38,44.18,44.33,8939600
SW,2026-09-21,45.52,46.45,45.4,45.41,3684500
SW,2026-09-22,46.31,46.68,45.65,46.45,3373307
SW,2026-09-23,46.89,47.29,46.33,46.49,4530700
SW,2026-09-24,46.28,46.67,44.93,46.0,5054200
SW,2026-09-25,46.54,46.67,45.9,46.41,3232900
SW,2026-09-28,45.67,46.2,44.92,45.07,5132500
SW,2026-09-29,44.83,45.09,44.14,44.38,3309100
SW,2026-09-30,44.45,44.88,44.1,44.1,5233300
SW,2026-10-01,43.67,43.67,42.0,43.04,5197700
SW,2026-10-02,43.64,43.82,42.51,42.54,3289300
SW,2026-10-05,42.14,42.71,41.69,42.41,3612000
SW,2026-10-06,42.32,42.88,42.22,42.39,2736700
SWK,2026-09-17,91.16,91.81,88.38,89.12,1590500
SWK,2026-09-18,89.16,89.61,88.31,89.58,3699100
SWK,2026-09-21,90.23,90.38,88.3,88.68,1489900
SWK,2026-09-22,90.37,92.24,90.13,92.13,1478408
SWK,2026-09-23,91.15,92.28,90.71,91.76,1425700
SWK,2026-09-24,91.32,91.76,89.15,90.17,1234600
SWK,2026-09-25,90.16,92.19,89.62,91.4,1171300
SWK,2026-09-28,90.01,90.59,88.61,88.73,1767000
SWK,2026-09-29,89.6,92.35,88.73,88.79,1645200
SWK,2026-09-30,89.5,90.71,88.52,88.59,1895900
SWK,2026-10-01,88.0,89.61,85.88,89.59,1638000
SWK,2026-10-02,91.31,92.22,90.46,91.34,2042400
SWK,2026-10-05,91.0,91.27,88.78,89.68,1612300
SWK,2026-10-06,89.92,91.34,89.52,89.99,1255100
SWKS,2026-09-17,86.76,91.46,84.44,91.32,7349500
SWKS,2026-09-18,92.05,92.05,87.48,88.76,22112400
SWKS,2026-09-21,89.66,91.83,88.13,88.74,4410800
SWKS,2026-09-22,89.0,90.83,88.11,89.96,4452036
SWKS,2026-09-23,90.21,92.8,89.4,91.45,5030600
SWKS,2026-09-24,91.15,91.66,87.39,87.81,3912200
SWKS,2026-09-25,87.95,90.9,86.73,89.34,4609700
SWKS,2026-09-28,89.4,89.88,85.69,87.59,3357200
SWKS,2026-09-29,88.46,89.54,86.12,88.04,3309200
SWKS,2026-09-30,87.73,89.71,84.43,85.48,6069700
SWKS,2026-10-01,86.21,86.62,82.74,83.16,5064300
SWKS,2026-10-02,83.92,86.54,82.08,85.03,8733500
SWKS,2026-10-05,84.9,84.9,80.87,83.91,29443800
SWKS,2026-10-06,85.43,85.74,80.03,82.79,12401400
SYF,2026-09-17,76.13,76.13,74.38,74.41,2184100
SYF,2026-09-18,74.25,75.34,73.81,75.04,6918300
SYF,2026-09-21,75.47,76.24,74.58,75.0,2358900
SYF,2026-09-22,75.86,75.88,72.67,72.67,2895133
SYF,2026-09-23,72.09,72.34,70.45,70.67,3509200
SYF,2026-09-24,70.89,71.7,70.22,71.55,2502500
SYF,2026-09-25,71.7,73.54,70.89,72.94,2467500
SYF,2026-09-28,72.38,72.38,71.33,71.52,2586800
SYF,2026-09-29,71.7,72.0,71.19,71.72,2518800
SYF,2026-09-30,71.64,72.17,70.36,70.97,3092000
SYF,2026-10-01,70.38,71.57,69.4,71.51,2864400
SYF,2026-10-02,72.03,72.45,71.37,71.77,3117000
SYF,2026-10-05,71.63,72.34,71.14,71.88,2212800
SYF,2026-10-06,72.55,72.85,71.75,72.16,1760400
SYK,2026-09-17,286.1,286.13,279.09,280.13,2367700
SYK,2026-09-18,278.02,279.26,274.37,275.12,4799600
SYK,2026-09-21,274.58,276.87,272.0,274.19,2758800
SYK,2026-09-22,277.0,278.99,274.99,275.09,2339944
SYK,2026-09-23,274.46,277.1,271.45,273.4,2720600
SYK,2026-09-24,273.22,275.71,269.73,269.75,2291100
SYK,2026-09-25,269.93,275.84,268.69,272.36,2337200
SYK,2026-09-28,273.5,276.94,271.1,275.31,2486000
SYK,2026-09-29,277.0,280.17,274.31,278.77,2793300
SYK,2026-09-30,276.26,279.37,273.05,275.39,2865000
SYK,2026-10-01,275.6,278.51,271.34,272.96,2463900
SYK,2026-10-02,273.19,276.97,271.21,275.43,1995100
SYK,2026-10-05,275.5,286.09,275.0,285.22,3331500
SYK,2026-10-06,279.37,284.53,277.1,278.2,2856000
SYY,2026-09-17,79.03,79.61,78.57,79.11,4800300
SYY,2026-09-18,78.84,79.76,78.48,79.05,7356900
SYY,2026-09-21,79.0,79.13,78.14,78.43,3929200
SYY,2026-09-22,78.99,79.17,78.31,78.67,3528700
SYY,2026-09-23,78.6,79.03,77.03,77.14,5543700
SYY,2026-09-24,77.51,78.61,77.0,78.19,6855600
SYY,2026-09-25,78.11,79.15,77.51,78.46,5472500
SYY,2026-09-28,78.29,78.67,77.64,78.57,4086200
SYY,2026-09-29,78.4,79.3,77.83,78.49,3631100
SYY,2026-09-30,79.04,79.07,77.96,77.96,4604100
SYY,2026-10-01,78.08,78.57,77.19,77.77,4642700
SYY,2026-10-02,77.42,77.97,77.09,77.49,3987700
SYY,2026-10-05,77.43,77.64,76.09,76.38,5342500
SYY,2026-10-06,76.57,77.46,76.52,77.45,3341500
T,2026-09-17,25.98,26.04,25.34,25.39,37771700
T,2026-09-18,25.08,25.64,25.06,25.4,84345600
T,2026-09-21,25.75,25.8,25.32,25.45,35281800
T,2026-09-22,25.57,25.61,24.98,25.1,35565986
T,2026-09-23,25.13,25.59,24.94,25.3,43036100
T,2026-09-24,25.59,25.81,25.36,25.45,34216400
T,2026-09-25,25.39,25.44,25.22,25.38,22915400
T,2026-09-28,25.4,25.4,24.86,24.9,29162600
T,2026-09-29,24.72,25.03,24.46,24.48,33267500
T,2026-09-30,24.54,24.68,24.4,24.4,39670100
T,2026-10-01,24.4,24.59,24.28,24.3,26822600
T,2026-10-02,24.36,24.5,24.21,24.3,29137400
T,2026-10-05,24.27,24.35,24.01,24.24,34239300
T,2026-10-06,24.19,24.45,23.97,24.43,34290000
TAP,2026-09-17,39.28,39.64,39.0,39.08,3284600
TAP,2026-09-18,38.75,38.85,37.31,37.53,49898300
TDG,2026-09-17,1094.51,1097.65,1075.41,1076.01,452800
TDG,2026-09-18,1077.16,1090.86,1076.54,1086.05,809000
TDG,2026-09-21,1091.3,1113.09,1088.53,1109.65,461700
TDG,2026-09-22,1119.45,1122.47,1085.06,1112.42,548279
TDG,2026-09-23,1110.56,1127.68,1101.93,1105.28,287100
TDG,2026-09-24,1102.06,1115.06,1096.86,1105.28,304200
TDG,2026-09-25,1107.99,1118.15,1100.01,1116.2,223000
TDG,2026-09-28,1105.35,1112.45,1092.94,1109.22,330200
TDG,2026-09-29,1107.82,1118.72,1091.01,1099.79,456200
TDG,2026-09-30,1099.36,1099.39,1077.83,1082.6,384000
TDG,2026-10-01,1083.26,1102.2,1080.09,1097.24,402000
TDG,2026-10-02,1102.73,1108.44,1086.13,1090.38,278600
TDG,2026-10-05,1087.0,1098.74,1078.0,1092.66,318300
TDG,2026-10-06,1093.0,1110.33,1082.66,1103.33,286900
TDY,2026-09-17,608.02,608.82,601.12,601.98,241500
TDY,2026-09-18,604.26,606.0,597.94,603.46,379600
TDY,2026-09-21,609.85,612.0,603.99,609.08,306500
TDY,2026-09-22,612.49,614.28,605.58,612.74,351939
TDY,2026-09-23,612.33,624.58,611.86,621.05,466500
TDY,2026-09-24,614.16,623.85,610.01,612.02,368500
TDY,2026-09-25,614.5,619.1,611.72,614.15,259500
TDY,2026-09-28,611.02,615.43,605.16,610.83,298000
TDY,2026-09-29,607.89,614.84,601.93,605.59,248400
TDY,2026-09-30,607.3,610.42,604.86,606.81,209400
TDY,2026-10-01,606.4,615.43,602.66,612.7,261000
TDY,2026-10-02,619.56,621.46,612.61,617.17,181900
TDY,2026-10-05,617.3,623.85,614.51,619.64,169200
TDY,2026-10-06,622.11,625.35,618.42,622.22,169400
TECH,2026-09-17,72.36,72.48,72.28,72.41,3784600
TECH,2026-09-18,72.41,72.44,72.26,72.37,5019500
TECH,2026-09-21,72.5,72.54,72.44,72.47,4667000
TECH,2026-09-22,72.49,72.69,72.46,72.55,3422854
TECH,2026-09-23,72.5,72.64,72.48,72.52,3562200
TECH,2026-09-24,72.54,72.63,72.51,72.57,2986200
TECH,2026-09-25,72.59,72.64,72.56,72.61,2176000
TECH,2026-09-28,72.58,72.65,72.49,72.51,3633600
TECH,2026-09-29,72.36,72.5,72.36,72.38,3360200
TECH,2026-09-30,72.38,72.55,72.33,72.47,2981200
TECH,2026-10-01,72.5,72.54,72.38,72.4,2711400
TECH,2026-10-02,72.44,72.47,72.38,72.4,1866700
TECH,2026-10-05,72.41,72.61,72.38,72.58,2087200
TECH,2026-10-06,72.58,72.61,72.41,72.43,2893100
TEL,2026-09-17,210.4,211.78,201.09,206.6,2436500
TEL,2026-09-18,205.5,207.91,204.44,205.42,4228700
TEL,2026-09-21,208.68,211.1,206.58,210.01,1759200
TEL,2026-09-22,211.25,213.79,208.46,213.48,1131855
TEL,2026-09-23,214.2,215.28,210.05,214.39,1454100
TEL,2026-09-24,211.23,215.78,208.76,213.67,1293000
TEL,2026-09-25,215.22,219.63,214.14,218.59,1370500
TEL,2026-09-28,217.56,218.77,214.65,214.71,2316100
TEL,2026-09-29,215.24,215.76,211.7,212.59,1771500
TEL,2026-09-30,212.75,214.17,210.67,211.08,1677500
TEL,2026-10-01,208.61,219.5,208.61,217.76,1577800
TEL,2026-10-02,220.71,222.54,217.47,220.36,1299000
TEL,2026-10-05,219.4,221.16,218.21,218.93,1158200
TEL,2026-10-06,221.98,223.52,219.12,219.51,1393800
TER,2026-09-17,352.86,360.26,350.0,353.13,2597700
TER,2026-09-18,359.24,371.71,356.97,371.47,4289900
TER,2026-09-21,378.71,384.99,370.88,381.54,3392300
TER,2026-09-22,373.0,399.4,370.45,398.69,2315360
TER,2026-09-23,398.0,398.68,378.31,389.14,2008700
TER,2026-09-24,383.08,388.54,376.02,387.7,1332200
TER,2026-09-25,394.85,400.46,388.38,398.38,1605600
TER,2026-09-28,394.7,401.97,383.5,401.3,2011900
TER,2026-09-29,410.85,415.61,399.84,403.02,2568000
TER,2026-09-30,402.6,404.46,393.14,400.91,1523800
TER,2026-10-01,402.9,419.37,401.24,415.79,1708400
TER,2026-10-02,430.8,451.86,427.03,449.04,3399000
TER,2026-10-05,447.09,447.71,435.5,444.53,1678200
TER,2026-10-06,445.07,448.0,427.04,430.32,2010000
TFC,2026-09-17,49.08,49.75,48.17,48.45,10167700
TFC,2026-09-18,48.48,48.92,48.2,48.56,17188700
TFC,2026-09-21,48.82,49.24,48.68,49.0,9847300
TFC,2026-09-22,49.09,49.17,47.74,48.07,10166555
TFC,2026-09-23,47.68,48.04,46.97,47.0,6298000
TFC,2026-09-24,47.15,47.32,46.62,47.18,6370800
TFC,2026-09-25,47.28,47.88,47.17,47.66,7173600
TFC,2026-09-28,47.55,47.6,47.05,47.09,6402000
TFC,2026-09-29,47.09,47.29,46.2,46.44,7935100
TFC,2026-09-30,46.5,46.94,46.17,46.3,7327900
TFC,2026-10-01,45.94,46.37,45.06,46.28,8866400
TFC,2026-10-02,46.43,46.73,46.21,46.45,9146800
TFC,2026-10-05,46.5,46.8,46.12,46.33,10441500
TFC,2026-10-06,46.49,46.82,46.16,46.25,8352900
TGT,2026-09-17,156.42,160.0,156.42,159.83,4094500
TGT,2026-09-18,159.81,159.82,157.13,158.19,6811500
TGT,2026-09-21,158.47,159.49,157.56,157.71,2254900
TGT,2026-09-22,157.87,160.04,157.26,159.02,2185669
TGT,2026-09-23,159.05,160.0,155.93,156.26,2987000
TGT,2026-09-24,158.0,159.56,156.15,156.15,3347500
TGT,2026-09-25,155.37,157.89,153.96,157.45,2956900
TGT,2026-09-28,156.6,160.8,156.21,158.43,3394300
TGT,2026-09-29,157.55,158.47,154.67,156.43,3745800
TGT,2026-09-30,159.25,159.92,155.96,156.69,4457600
TGT,2026-10-01,156.59,158.03,155.49,156.7,4740900
TGT,2026-10-02,157.0,157.08,154.72,156.0,4297500
TGT,2026-10-05,155.13,155.51,150.67,152.99,5054500
TGT,2026-10-06,152.86,154.56,152.3,154.33,3738100
TJX,2026-09-17,123.57,126.68,123.26,126.55,13314700
TJX,2026-09-18,126.42,129.47,126.07,127.24,17673500
TJX,2026-09-21,127.73,131.42,127.05,130.96,11408100
TJX,2026-09-22,131.93,132.49,129.93,130.79,10034939
TJX,2026-09-23,130.03,132.23,130.03,131.59,8649600
TJX,2026-09-24,132.37,132.75,130.51,131.63,8133800
TJX,2026-09-25,130.42,130.84,128.57,130.06,8659600
TJX,2026-09-28,129.9,132.19,129.0,130.25,5886200
TJX,2026-09-29,130.84,134.35,129.77,133.8,12018500
TJX,2026-09-30,134.37,134.67,132.01,132.31,7763500
TJX,2026-10-01,132.63,133.73,131.44,133.59,5896100
TJX,2026-10-02,133.98,133.98,132.37,132.68,6951300
TJX,2026-10-05,133.56,136.15,133.34,134.41,9657800
TJX,2026-10-06,134.94,137.24,134.53,137.03,8447400
TKO,2026-09-17,193.01,193.73,187.7,189.3,725300
TKO,2026-09-18,186.92,190.07,185.48,189.26,3674400
TKO,2026-09-21,189.28,193.41,188.35,191.12,1041400
TKO,2026-09-22,192.4,191.7,187.19,188.87,987688
TKO,2026-09-23,187.79,190.58,187.68,189.08,747100
TKO,2026-09-24,185.59,186.82,180.0,185.06,1596700
TKO,2026-09-25,183.89,185.25,180.55,182.67,1181100
TKO,2026-09-28,184.19,184.64,180.7,181.58,940300
TKO,2026-09-29,180.92,182.44,176.72,177.58,778200
TKO,2026-09-30,177.62,180.85,174.58,179.72,1096300
TKO,2026-10-01,179.82,179.98,171.19,176.04,1305500
TKO,2026-10-02,176.5,176.91,173.16,175.58,929800
TKO,2026-10-05,174.78,178.86,171.19,177.04,1423400
TKO,2026-10-06,177.27,178.79,175.19,176.46,580500
TMO,2026-09-17,656.75,663.57,649.0,658.32,4199600
TMO,2026-09-18,656.61,660.1,646.81,651.45,4579500
TMO,2026-09-21,653.89,660.44,649.12,658.76,2303800
TMO,2026-09-22,656.41,662.87,651.82,658.52,2103278
TMO,2026-09-23,657.61,671.47,655.78,665.3,2345600
TMO,2026-09-24,660.91,682.98,655.95,678.39,2097800
TMO,2026-09-25,677.53,678.0,664.53,675.0,2097500
TMO,2026-09-28,668.02,682.61,664.23,678.6,1904500
TMO,2026-09-29,676.42,681.38,670.9,679.61,1850900
TMO,2026-09-30,675.95,683.63,671.63,675.05,2323500
TMO,2026-10-01,672.39,673.12,651.77,652.51,2375300
TMO,2026-10-02,654.15,659.47,648.29,654.8,1667700
TMO,2026-10-05,648.04,676.76,648.04,676.76,2124400
TMO,2026-10-06,683.35,694.33,654.51,656.58,2748200
TMUS,2026-09-17,176.61,176.86,166.35,166.45,6847900
TMUS,2026-09-18,164.76,169.49,164.02,168.18,12857200
TMUS,2026-09-21,166.52,167.96,161.85,165.27,6995500
TMUS,2026-09-22,165.93,166.49,161.21,162.41,6715082
TMUS,2026-09-23,162.74,166.71,161.14,165.66,8043900
TMUS,2026-09-24,165.58,167.74,164.65,165.35,4985900
TMUS,2026-09-25,165.47,166.58,164.61,165.43,3850700
TMUS,2026-09-28,165.63,167.5,164.52,166.45,4792300
TMUS,2026-09-29,164.47,165.46,162.76,162.98,4310300
TMUS,2026-09-30,162.72,164.62,162.41,163.08,3926100
TMUS,2026-10-01,163.38,163.93,161.3,161.73,3943100
TMUS,2026-10-02,161.6,164.57,160.81,163.64,3347500
TMUS,2026-10-05,162.23,164.76,162.23,164.64,4296200
TMUS,2026-10-06,164.36,166.06,163.02,165.93,4323900
TPL,2026-09-17,347.46,353.96,346.51,347.2,433900
TPL,2026-09-18,347.65,360.59,346.08,352.67,1354800
TPL,2026-09-21,349.74,369.46,343.4,366.8,606800
TPL,2026-09-22,366.38,366.13,354.65,355.24,448351
TPL,2026-09-23,357.98,358.95,335.0,335.74,432900
TPL,2026-09-24,338.16,342.67,334.13,338.25,345500
TPL,2026-09-25,333.88,343.38,332.21,341.07,287800
TPL,2026-09-28,344.0,344.41,337.26,338.15,252200
TPL,2026-09-29,334.14,341.07,328.46,328.7,269300
TPL,2026-09-30,329.85,332.47,324.8,325.83,335600
TPL,2026-10-01,326.0,338.29,325.22,336.46,348900
TPL,2026-10-02,336.73,340.61,334.95,340.19,291400
TPL,2026-10-05,340.56,349.47,338.67,344.67,268800
TPL,2026-10-06,343.91,358.0,343.5,355.16,393700
TPR,2026-09-17,120.75,120.75,115.84,116.04,2462600
TPR,2026-09-18,115.7,115.98,114.24,115.0,7706800
TPR,2026-09-21,115.77,115.78,112.73,113.07,3717600
TPR,2026-09-22,114.72,114.86,109.8,112.59,3564157
TPR,2026-09-23,111.86,112.73,110.15,110.51,2385800
TPR,2026-09-24,110.5,112.98,110.5,112.12,1817500
TPR,2026-09-25,111.54,113.91,111.54,113.88,1890900
TPR,2026-09-28,112.94,114.59,112.57,113.45,2464600
TPR,2026-09-29,114.16,115.09,112.39,114.12,2624800
TPR,2026-09-30,114.47,116.06,113.69,115.04,3891000
TPR,2026-10-01,115.43,119.3,114.36,119.24,3297200
TPR,2026-10-02,119.24,119.61,116.71,118.12,3638900
TPR,2026-10-05,118.15,119.41,116.39,116.95,2495500
TPR,2026-10-06,116.74,116.8,115.1,116.75,2516900
TRGP,2026-09-17,283.92,286.93,282.18,285.07,870000
TRGP,2026-09-18,285.55,296.63,284.41,292.19,3841600
TRGP,2026-09-21,288.76,292.12,287.5,289.36,1267200
TRGP,2026-09-22,284.6,293.61,281.0,282.15,1134781
TRGP,2026-09-23,284.57,289.96,282.72,283.01,1059200
TRGP,2026-09-24,285.11,285.8,281.41,283.15,978400
TRGP,2026-09-25,280.84,283.71,274.87,277.84,941300
TRGP,2026-09-28,280.9,280.9,274.57,277.43,1030200
TRGP,2026-09-29,274.62,278.15,271.81,273.49,1088800
TRGP,2026-09-30,274.43,275.43,268.87,270.31,1221400
TRGP,2026-10-01,268.88,279.42,267.0,279.31,1336000
TRGP,2026-10-02,276.51,281.91,275.74,281.74,1245800
TRGP,2026-10-05,281.48,287.57,280.01,287.4,1381000
TRGP,2026-10-06,286.44,288.39,283.93,285.72,1201900
TRMB,2026-09-17,57.52,58.16,56.94,57.33,2321500
TRMB,2026-09-18,57.33,57.97,57.05,57.56,5858200
TRMB,2026-09-21,58.31,58.45,56.77,57.75,2057100
TRMB,2026-09-22,58.67,59.56,57.92,59.3,2015717
TRMB,2026-09-23,59.3,59.89,58.7,59.32,1827800
TRMB,2026-09-24,59.14,59.35,57.58,57.69,1600000
TRMB,2026-09-25,57.52,58.2,57.3,57.85,1684800
TRMB,2026-09-28,56.8,57.64,56.01,57.51,2532100
TRMB,2026-09-29,57.47,57.75,56.44,57.34,2354900
TRMB,2026-09-30,57.28,58.13,56.88,57.11,2249800
TRMB,2026-10-01,57.92,58.65,57.17,57.53,3712400
TRMB,2026-10-02,58.21,58.26,57.18,57.52,1997500
TRMB,2026-10-05,58.5,59.42,57.71,58.81,2694200
TRMB,2026-10-06,58.81,61.48,58.54,60.95,2729400
TROW,2026-09-17,103.75,103.75,102.62,102.84,1608600
TROW,2026-09-18,102.84,104.77,102.18,104.16,2884600
TROW,2026-09-21,104.72,104.93,103.38,104.63,1474500
TROW,2026-09-22,105.26,105.35,102.56,104.17,1602337
TROW,2026-09-23,103.62,105.42,103.47,104.57,1358500
TROW,2026-09-24,104.35,104.9,102.98,104.27,1367400
TROW,2026-09-25,104.86,105.79,104.12,105.51,1021300
TROW,2026-09-28,104.83,105.16,102.91,103.81,1375300
TROW,2026-09-29,103.81,104.63,103.18,104.51,1285600
TROW,2026-09-30,105.04,105.04,103.82,104.05,1894200
TROW,2026-10-01,104.05,106.39,103.7,105.83,2122500
TROW,2026-10-02,106.66,107.01,104.52,104.62,1620300
TROW,2026-10-05,104.22,104.61,102.32,103.93,1848900
TROW,2026-10-06,104.18,104.55,103.19,103.6,1212800
TRV,2026-09-17,380.21,382.97,375.68,379.49,1368000
TRV,2026-09-18,376.95,376.95,372.53,374.62,3288800
TRV,2026-09-21,374.61,376.66,370.68,371.13,1114400
TRV,2026-09-22,369.92,370.31,359.32,362.01,1628739
TRV,2026-09-23,361.22,368.22,359.95,360.39,1856700
TRV,2026-09-24,362.01,366.49,361.85,362.39,1053500
TRV,2026-09-25,361.68,364.03,359.68,363.04,807600
TRV,2026-09-28,363.38,364.8,360.73,363.16,829500
TRV,2026-09-29,359.81,364.0,358.39,363.21,1140900
TRV,2026-09-30,362.28,363.64,356.45,356.51,1174600
TRV,2026-10-01,356.0,362.02,353.79,361.64,1253900
TRV,2026-10-02,361.6,362.75,358.36,360.38,882400
TRV,2026-10-05,359.95,361.71,357.61,360.7,900200
TRV,2026-10-06,360.04,363.02,359.46,360.64,953200
TSCO,2026-09-17,32.83,33.25,32.55,32.82,8485000
TSCO,2026-09-18,32.65,32.9,32.15,32.21,14847700
TSCO,2026-09-21,32.2,32.7,31.87,32.33,9059200
TSCO,2026-09-22,33.01,33.26,32.61,32.84,12134996
TSCO,2026-09-23,32.85,32.95,32.01,32.29,10448900
TSCO,2026-09-24,32.51,32.78,31.41,31.44,9435100
TSCO,2026-09-25,31.46,32.5,31.35,32.27,8709500
TSCO,2026-09-28,32.12,32.34,31.57,32.07,11013500
TSCO,2026-09-29,32.02,32.23,31.45,31.51,7504400
TSCO,2026-09-30,31.56,31.66,30.99,31.29,8101700
TSCO,2026-10-01,31.35,31.86,30.62,31.73,11889300
TSCO,2026-10-02,31.86,32.0,31.06,31.09,13638100
TSCO,2026-10-05,30.76,31.52,30.53,31.42,16718400
TSCO,2026-10-06,31.4,32.62,31.22,32.29,10700800
TSLA,2026-09-17,367.48,374.12,363.22,366.2,38828500
TSLA,2026-09-18,369.0,370.9,360.75,364.27,51819200
TSLA,2026-09-21,371.64,378.36,371.07,375.3,36439300
TSLA,2026-09-22,379.07,380.42,372.88,378.9,28089930
TSLA,2026-09-23,380.1,386.7,377.58,380.12,33427400
TSLA,2026-09-24,377.35,383.33,375.7,377.94,26088000
TSLA,2026-09-25,384.62,386.83,367.67,372.11,45925500
TSLA,2026-09-28,368.06,369.43,356.8,357.45,39347100
TSLA,2026-09-29,358.4,358.74,351.67,352.84,32408600
TSLA,2026-09-30,352.11,355.22,345.88,354.81,39158100
TSLA,2026-10-01,356.81,359.79,353.8,354.11,31004400
TSLA,2026-10-02,360.08,374.6,359.41,370.59,55242800
TSLA,2026-10-05,369.0,381.59,364.91,378.73,42112900
TSLA,2026-10-06,381.98,383.33,378.52,380.68,27671400
TSN,2026-09-17,52.32,52.82,52.05,52.26,3403700
TSN,2026-09-18,52.06,53.41,52.03,52.77,8426400
TSN,2026-09-21,52.86,53.08,51.87,52.02,5129100
TSN,2026-09-22,52.21,52.71,51.73,51.82,3104884
TSN,2026-09-23,51.85,52.12,51.0,51.36,3202500
TSN,2026-09-24,51.76,51.79,50.94,51.14,2595600
TSN,2026-09-25,51.05,51.29,50.68,50.92,2512200
TSN,2026-09-28,50.73,51.46,50.64,50.95,2537200
TSN,2026-09-29,50.7,51.29,50.5,50.98,3242900
TSN,2026-09-30,51.02,51.41,50.53,50.53,2811100
TSN,2026-10-01,50.23,50.62,49.96,50.47,3251600
TSN,2026-10-02,50.63,51.95,50.46,51.89,3294700
TSN,2026-10-05,52.01,52.3,51.57,51.71,3965000
TSN,2026-10-06,51.88,52.41,51.84,51.97,2416200
TT,2026-09-17,430.76,430.8,417.8,423.33,909900
TT,2026-09-18,420.87,429.28,420.87,429.11,2102400
TT,2026-09-21,432.37,434.8,425.09,433.32,1030400
TT,2026-09-22,437.22,440.52,433.86,437.82,1054270
TT,2026-09-23,435.55,441.26,433.48,437.09,1024400
TT,2026-09-24,432.18,442.45,431.0,438.54,923100
TT,2026-09-25,444.39,455.98,442.5,454.44,1406000
TT,2026-09-28,451.94,457.18,447.56,452.06,1371400
TT,2026-09-29,454.59,456.31,448.55,455.59,1187200
TT,2026-09-30,456.82,459.78,451.94,451.98,1762000
TT,2026-10-01,452.55,460.8,445.0,458.94,1100600
TT,2026-10-02,465.0,466.31,456.73,463.91,1331800
TT,2026-10-05,460.91,472.77,459.59,470.76,1371100
TT,2026-10-06,472.13,480.39,472.01,476.39,1579900
TTD,2026-09-17,14.86,14.86,14.22,14.26,18348800
TTD,2026-09-18,14.43,14.5,13.89,13.92,149092500
TTWO,2026-09-17,212.5,213.46,207.77,210.62,2635900
TTWO,2026-09-18,210.8,211.8,205.19,205.45,5711000
TTWO,2026-09-21,206.2,210.5,204.0,209.92,2633600
TTWO,2026-09-22,211.71,211.79,204.3,205.53,3004392
TTWO,2026-09-23,206.26,208.78,203.19,206.32,2422500
TTWO,2026-09-24,207.2,209.4,202.37,202.98,2334100
TTWO,2026-09-25,203.48,203.99,200.55,201.44,2076300
TTWO,2026-09-28,200.72,203.55,199.46,202.35,2072900
TTWO,2026-09-29,202.35,203.08,200.0,202.78,1955700
TTWO,2026-09-30,203.69,210.15,203.0,207.5,2448000
TTWO,2026-10-01,207.5,207.88,200.44,203.62,2658000
TTWO,2026-10-02,203.69,204.68,201.2,202.73,1596000
TTWO,2026-10-05,202.73,204.59,201.58,203.46,2229100
TTWO,2026-10-06,203.31,205.01,201.7,202.53,2053700
TXN,2026-09-17,265.04,266.82,257.1,258.14,6517200
TXN,2026-09-18,260.82,268.28,259.83,266.64,19052200
TXN,2026-09-21,267.67,271.78,262.22,270.87,7901400
TXN,2026-09-22,268.84,271.64,267.43,271.41,7716773
TXN,2026-09-23,271.49,272.9,266.59,272.62,5555000
TXN,2026-09-24,270.0,272.21,266.79,270.65,3340900
TXN,2026-09-25,270.61,278.69,269.53,278.07,3960200
TXN,2026-09-28,277.6,279.33,273.9,278.31,4911900
TXN,2026-09-29,283.07,284.39,280.23,281.69,5033300
TXN,2026-09-30,281.17,283.5,279.22,280.09,3959000
TXN,2026-10-01,281.54,283.67,278.09,281.31,3696200
TXN,2026-10-02,290.0,297.06,288.2,293.8,5050700
TXN,2026-10-05,291.47,295.33,288.75,294.9,3778300
TXN,2026-10-06,295.45,298.75,294.23,297.23,3285600
TXT,2026-09-17,81.67,81.93,80.71,80.91,1897500
TXT,2026-09-18,81.16,81.43,79.62,79.69,3713800
TXT,2026-09-21,80.21,80.28,79.33,79.41,1359100
TXT,2026-09-22,80.03,80.1,77.83,77.88,1757265
TXT,2026-09-23,77.49,78.2,76.44,76.81,2252900
TXT,2026-09-24,76.5,77.09,75.86,76.02,1727700
TXT,2026-09-25,76.13,77.22,75.89,76.59,1676700
TXT,2026-09-28,76.02,77.9,75.51,77.37,1956600
TXT,2026-09-29,77.25,77.71,76.1,77.63,1955600
TXT,2026-09-30,77.96,78.14,76.18,76.2,1906400
TXT,2026-10-01,76.0,77.22,75.61,77.17,1329000
TXT,2026-10-02,77.73,77.8,76.62,77.26,2287900
TXT,2026-10-05,77.02,77.64,75.55,75.75,1644700
TXT,2026-10-06,75.93,76.11,75.28,75.53,1608500
TYL,2026-09-17,345.41,345.42,338.0,341.57,563700
TYL,2026-09-18,340.86,342.04,333.85,337.5,2185400
TYL,2026-09-21,339.18,342.58,328.67,332.46,786000
TYL,2026-09-22,337.65,338.75,323.59,331.05,509723
TYL,2026-09-23,332.63,338.7,329.38,332.53,563200
TYL,2026-09-24,334.8,338.26,325.89,326.85,618900
TYL,2026-09-25,324.93,331.41,324.64,325.57,453300
TYL,2026-09-28,320.75,325.79,317.37,324.02,603700
TYL,2026-09-29,321.08,321.41,312.04,316.26,840600
TYL,2026-09-30,316.03,325.9,312.63,318.6,693900
TYL,2026-10-01,325.59,333.83,321.33,330.18,721700
TYL,2026-10-02,329.43,330.83,322.25,322.81,379500
TYL,2026-10-05,323.46,330.54,323.33,328.32,562500
TYL,2026-10-06,328.33,335.07,328.33,330.91,430500
UAL,2026-09-17,109.4,109.8,107.34,107.64,3238700
UAL,2026-09-18,107.71,109.42,107.07,108.71,4656100
UAL,2026-09-21,111.8,114.65,110.59,114.39,4775800
UAL,2026-09-22,116.97,118.26,114.15,115.21,5042140
UAL,2026-09-23,113.91,114.3,110.47,110.72,3771500
UAL,2026-09-24,109.66,113.0,108.05,111.19,4004100
UAL,2026-09-25,113.21,115.71,110.72,113.99,3413000
UAL,2026-09-28,111.99,113.25,108.6,111.51,3998700
UAL,2026-09-29,113.68,113.79,111.13,112.65,3093000
UAL,2026-09-30,112.56,112.93,110.34,110.95,4074900
UAL,2026-10-01,110.96,111.89,109.08,111.78,4367500
UAL,2026-10-02,114.75,114.76,111.36,112.51,4025600
UAL,2026-10-05,113.15,113.4,109.52,110.0,4933800
UAL,2026-10-06,111.98,115.2,110.72,111.87,5305500
UBER,2026-09-17,71.6,71.64,70.24,70.87,19774600
UBER,2026-09-18,70.89,71.0,70.06,70.5,20616200
UBER,2026-09-21,70.82,71.39,70.11,70.84,16898100
UBER,2026-09-22,71.65,71.9,69.54,69.89,25786291
UBER,2026-09-23,69.56,70.04,68.55,69.42,17977000
UBER,2026-09-24,69.45,70.08,68.93,69.22,14435300
UBER,2026-09-25,69.27,69.67,68.8,69.62,10875500
UBER,2026-09-28,69.36,69.68,67.73,68.16,16638900
UBER,2026-09-29,68.47,69.89,68.4,69.36,14755000
UBER,2026-09-30,69.9,69.97,68.5,68.51,15593100
UBER,2026-10-01,68.54,68.91,67.32,67.88,17675100
UBER,2026-10-02,68.24,68.47,67.22,68.11,15553900
UBER,2026-10-05,68.4,70.01,68.38,69.48,17008800
UBER,2026-10-06,69.56,69.94,68.76,69.08,15027100
UDR,2026-09-17,34.58,34.7,34.18,34.21,4148500
UDR,2026-09-18,34.15,34.23,33.87,33.9,6980300
UDR,2026-09-21,33.97,34.01,33.68,33.89,3541300
UDR,2026-09-22,34.06,34.42,33.82,34.1,3979249
UDR,2026-09-23,33.95,34.1,33.63,33.79,5231500
UDR,2026-09-24,33.87,34.02,33.4,33.55,3986100
UDR,2026-09-25,33.58,33.94,33.35,33.84,3649400
UDR,2026-09-28,33.95,34.0,33.54,33.83,3989200
UDR,2026-09-29,33.84,34.15,33.6,33.95,3096300
UDR,2026-09-30,34.14,34.27,33.53,33.55,4083900
UDR,2026-10-01,33.52,33.72,33.22,33.68,3959400
UDR,2026-10-02,33.86,33.94,33.22,33.27,3134000
UDR,2026-10-05,33.21,33.86,33.1,33.84,3628100
UDR,2026-10-06,33.9,34.3,33.79,33.91,4451700
UHS,2026-09-17,182.29,182.88,180.2,180.75,1050100
UHS,2026-09-18,181.11,182.12,176.61,176.69,1796200
UHS,2026-09-21,176.61,180.02,174.22,174.74,924600
UHS,2026-09-22,176.24,181.56,176.2,179.29,791327
UHS,2026-09-23,179.51,186.06,179.09,181.39,896200
UHS,2026-09-24,182.51,184.88,176.67,176.99,890400
UHS,2026-09-25,176.99,180.41,176.54,178.86,643800
UHS,2026-09-28,178.26,183.46,177.37,177.48,764400
UHS,2026-09-29,176.75,177.92,174.69,175.73,639400
UHS,2026-09-30,175.86,175.97,173.73,174.26,596000
UHS,2026-10-01,174.16,177.65,173.53,175.07,648700
UHS,2026-10-02,175.46,176.73,173.5,175.72,597900
UHS,2026-10-05,175.42,178.25,175.42,176.05,580100
UHS,2026-10-06,174.21,178.11,174.21,177.08,412400
ULTA,2026-09-17,539.98,547.5,539.31,543.73,433800
ULTA,2026-09-18,546.07,547.58,536.55,540.98,1144900
ULTA,2026-09-21,545.27,561.47,544.43,557.86,512400
ULTA,2026-09-22,558.7,566.1,552.65,553.86,496546
ULTA,2026-09-23,563.1,563.1,543.21,543.81,328800
ULTA,2026-09-24,544.02,551.86,542.18,548.78,309500
ULTA,2026-09-25,550.74,553.04,541.32,545.2,313700
ULTA,2026-09-28,538.35,552.72,534.05,549.13,416200
ULTA,2026-09-29,553.51,557.96,546.55,547.89,434800
ULTA,2026-09-30,548.43,552.11,540.57,546.17,325600
ULTA,2026-10-01,546.05,551.96,534.17,537.73,442100
ULTA,2026-10-02,537.74,548.16,535.77,543.69,341200
ULTA,2026-10-05,543.69,549.14,541.63,542.72,305900
ULTA,2026-10-06,540.83,551.5,540.0,547.29,319400
UNH,2026-09-17,376.45,380.5,374.2,375.21,4833700
UNH,2026-09-18,375.29,378.49,372.42,376.9,8606300
UNH,2026-09-21,377.87,378.95,373.82,377.56,5701600
UNH,2026-09-22,381.39,381.0,372.41,372.95,4485262
UNH,2026-09-23,370.89,372.61,366.0,371.29,3859300
UNH,2026-09-24,371.92,375.28,368.5,375.01,4651000
UNH,2026-09-25,375.95,379.17,371.17,376.59,4077400
UNH,2026-09-28,376.36,380.98,374.56,377.83,4614700
UNH,2026-09-29,374.88,376.59,371.33,374.94,3284700
UNH,2026-09-30,374.93,374.93,365.72,367.08,4788300
UNH,2026-10-01,367.99,371.86,362.6,365.2,3940700
UNH,2026-10-02,365.14,372.68,364.47,371.9,3306900
UNH,2026-10-05,372.33,379.14,368.05,378.58,5823300
UNH,2026-10-06,379.03,380.41,373.7,376.32,5037500
UNP,2026-09-17,283.75,284.02,278.95,282.48,2166500
UNP,2026-09-18,281.25,281.34,278.7,279.37,4853000
UNP,2026-09-21,278.8,279.2,268.26,269.63,5738200
UNP,2026-09-22,271.05,274.71,269.45,274.41,3645868
UNP,2026-09-23,273.95,277.38,273.91,275.53,1895800
UNP,2026-09-24,274.93,276.32,272.42,274.07,2087900
UNP,2026-09-25,273.04,275.0,272.33,273.79,1821900
UNP,2026-09-28,273.4,275.77,272.5,274.1,2414300
UNP,2026-09-29,272.81,274.92,272.01,274.15,1839000
UNP,2026-09-30,275.1,276.97,272.08,272.13,3246000
UNP,2026-10-01,270.91,272.59,268.68,272.42,2340600
UNP,2026-10-02,273.72,278.6,273.08,278.28,3049500
UNP,2026-10-05,277.36,278.36,274.45,277.06,2241100
UNP,2026-10-06,276.62,277.99,274.88,276.61,2330200
UPS,2026-09-17,100.24,101.05,99.5,100.17,3196000
UPS,2026-09-18,99.92,100.0,98.7,99.06,9400700
UPS,2026-09-21,98.76,98.81,94.23,94.75,9559100
UPS,2026-09-22,95.86,96.22,95.05,95.87,4066667
UPS,2026-09-23,95.65,96.92,95.52,95.82,4415100
UPS,2026-09-24,95.6,95.7,91.63,92.05,8489000
UPS,2026-09-25,92.86,93.99,92.31,93.96,4933500
UPS,2026-09-28,93.75,94.39,92.77,94.25,4778100
UPS,2026-09-29,94.2,94.54,93.32,93.93,4288700
UPS,2026-09-30,94.01,94.51,93.33,93.44,3857700
UPS,2026-10-01,93.87,94.45,93.34,93.89,4791000
UPS,2026-10-02,94.24,94.76,92.66,93.02,4675700
UPS,2026-10-05,93.33,93.64,91.56,93.14,4791100
UPS,2026-10-06,93.27,93.52,92.48,93.11,3902200
URI,2026-09-17,1026.27,1026.55,998.51,1002.53,571900
URI,2026-09-18,997.52,1015.96,991.14,1013.91,598700
URI,2026-09-21,1021.86,1033.0,1010.0,1029.92,370600
URI,2026-09-22,1037.62,1055.29,1032.86,1043.04,432864
URI,2026-09-23,1041.9,1056.99,1031.99,1031.99,406200
URI,2026-09-24,1025.48,1028.54,1006.2,1021.67,444700
URI,2026-09-25,1017.71,1050.2,1017.67,1047.06,377000
URI,2026-09-28,1039.2,1053.47,1032.15,1043.92,451900
URI,2026-09-29,1044.44,1044.61,973.29,1014.54,1125700
URI,2026-09-30,1016.0,1031.04,1000.18,1000.78,679000
URI,2026-10-01,1003.88,1036.65,990.72,1034.11,529500
URI,2026-10-02,1048.69,1081.49,1048.69,1081.04,617300
URI,2026-10-05,1082.07,1090.61,1067.72,1074.28,422200
URI,2026-10-06,1075.53,1101.41,1075.0,1080.62,367000
USB,2026-09-17,60.58,60.69,59.7,60.25,8302100
USB,2026-09-18,59.85,60.34,59.65,60.06,14856500
USB,2026-09-21,60.44,60.67,59.87,60.44,7375700
USB,2026-09-22,60.75,60.68,58.86,59.44,9300447
USB,2026-09-23,59.0,59.38,58.42,58.48,7644300
USB,2026-09-24,58.61,58.79,57.95,58.4,7083200
USB,2026-09-25,58.64,59.52,58.5,59.33,6412600
USB,2026-09-28,59.12,59.33,58.66,58.78,5759300
USB,2026-09-29,58.62,59.05,57.81,58.14,7642200
USB,2026-09-30,57.64,58.13,57.56,57.76,9886700
USB,2026-10-01,57.31,57.67,56.04,57.36,11173400
USB,2026-10-02,57.37,57.88,57.16,57.51,7590200
USB,2026-10-05,57.64,57.81,57.1,57.27,6312200
USB,2026-10-06,57.54,57.79,57.05,57.29,6114700
V,2026-09-17,371.38,372.48,368.39,369.93,4710000
V,2026-09-18,368.56,370.8,366.93,368.29,19569700
V,2026-09-21,369.54,370.9,366.09,369.95,7085300
V,2026-09-22,371.76,372.0,359.8,362.04,8765900
V,2026-09-23,361.24,366.33,360.0,361.52,5125600
V,2026-09-24,362.27,368.21,362.0,367.98,4415500
V,2026-09-25,366.02,368.33,363.79,367.38,4576700
V,2026-09-28,366.7,370.5,366.06,367.74,6381000
V,2026-09-29,366.93,368.26,365.0,365.88,5471000
V,2026-09-30,364.5,364.6,359.33,359.33,7414100
V,2026-10-01,358.35,363.24,357.36,359.85,5270600
V,2026-10-02,360.21,361.38,356.75,360.66,4009200
V,2026-10-05,359.49,370.17,359.05,369.71,4523500
V,2026-10-06,368.79,371.84,368.15,370.64,3534300
VEEV,2026-09-17,263.44,266.71,260.45,263.75,1120600
VEEV,2026-09-18,263.4,263.75,259.09,260.21,6001900
VEEV,2026-09-21,260.0,264.42,257.87,261.31,1199100
VEEV,2026-09-22,265.8,265.48,259.35,260.91,1808175
VEEV,2026-09-23,263.25,272.18,263.0,270.75,1426700
VEEV,2026-09-24,270.91,276.24,270.68,274.84,1379900
VEEV,2026-09-25,276.84,282.81,275.91,280.68,1735900
VEEV,2026-09-28,275.08,282.04,272.54,279.96,1371800
VEEV,2026-09-29,278.5,282.24,273.92,278.57,1105000
VEEV,2026-09-30,277.85,288.41,275.7,285.45,1748100
VEEV,2026-10-01,291.4,291.4,281.79,281.93,961600
VEEV,2026-10-02,283.1,284.59,272.84,273.33,1081200
VEEV,2026-10-05,275.0,283.47,274.0,283.45,1324400
VEEV,2026-10-06,285.34,289.87,282.26,283.5,1174700
VICI,2026-09-17,24.23,24.31,24.07,24.11,9040600
VICI,2026-09-18,24.04,24.1,23.72,23.72,19482900
VICI,2026-09-21,23.79,24.09,23.78,24.05,9138500
VICI,2026-09-22,24.13,24.15,23.93,23.98,8233911
VICI,2026-09-23,23.85,24.01,23.7,23.7,12310100
VICI,2026-09-24,23.5,23.62,23.18,23.27,12140100
VICI,2026-09-25,23.26,23.52,23.2,23.51,8995900
VICI,2026-09-28,23.44,23.48,23.14,23.19,10684300
VICI,2026-09-29,23.11,23.28,22.96,23.2,12578800
VICI,2026-09-30,23.3,23.34,22.88,22.97,9781500
VICI,2026-10-01,22.94,22.98,22.54,22.73,9640900
VICI,2026-10-02,22.84,22.95,22.61,22.65,7793800
VICI,2026-10-05,22.6,22.78,22.42,22.53,8926700
VICI,2026-10-06,22.58,22.89,22.56,22.73,7527600
VLO,2026-09-17,398.45,413.44,394.06,412.53,3263800
VLO,2026-09-18,412.0,416.66,409.15,413.28,9286600
VLO,2026-09-21,409.59,419.04,391.0,393.27,3877400
VLO,2026-09-22,384.9,396.2,375.03,377.14,7440026
VLO,2026-09-23,380.43,388.01,364.96,375.84,7081400
VLO,2026-09-24,379.06,393.0,373.17,382.86,3724200
VLO,2026-09-25,378.0,388.92,370.59,387.18,3814100
VLO,2026-09-28,389.11,395.85,385.0,389.57,3560400
VLO,2026-09-29,381.57,389.4,379.57,387.72,2650700
VLO,2026-09-30,393.19,398.88,385.76,387.61,2536700
VLO,2026-10-01,387.25,408.46,384.58,408.46,2666900
VLO,2026-10-02,403.79,410.41,389.61,406.3,2586500
VLO,2026-10-05,404.99,421.98,404.21,419.33,2555100
VLO,2026-10-06,416.25,422.99,413.43,419.22,1908400
VLTO,2026-09-17,96.17,96.17,94.48,95.25,1816800
VLTO,2026-09-18,95.0,95.21,94.19,94.49,4958000
VLTO,2026-09-21,94.68,95.37,93.97,95.18,1951600
VLTO,2026-09-22,95.78,96.62,95.27,95.79,1798873
VLTO,2026-09-23,95.37,96.33,95.14,95.88,1743400
VLTO,2026-09-24,95.89,97.57,95.54,96.2,1970400
VLTO,2026-09-25,96.05,97.36,95.79,97.14,1850500
VLTO,2026-09-28,97.14,97.26,95.82,96.2,1239200
VLTO,2026-09-29,95.87,97.02,95.57,96.65,1546000
VLTO,2026-09-30,95.98,96.52,94.3,94.32,2228500
VLTO,2026-10-01,94.64,95.07,93.54,94.6,1969200
VLTO,2026-10-02,94.7,95.37,94.36,94.68,1623800
VLTO,2026-10-05,94.25,96.72,93.79,96.57,2269700
VLTO,2026-10-06,96.81,97.35,96.12,96.45,1387800
VMC,2026-09-17,248.62,249.05,241.77,244.5,919200
VMC,2026-09-18,241.8,243.97,240.69,240.83,2060700
VMC,2026-09-21,243.61,247.71,241.17,246.2,1130400
VMC,2026-09-22,250.48,251.93,242.74,247.87,1223167
VMC,2026-09-23,245.22,252.7,243.65,244.4,1730800
VMC,2026-09-24,243.83,245.14,241.19,241.7,1212500
VMC,2026-09-25,242.34,246.88,241.47,245.0,1700300
VMC,2026-09-28,242.96,248.4,241.02,246.15,1224900
VMC,2026-09-29,246.52,248.84,239.9,242.75,1653800
VMC,2026-09-30,243.36,247.11,242.13,244.63,1511000
VMC,2026-10-01,243.53,245.42,237.03,243.98,2141500
VMC,2026-10-02,246.08,247.62,242.77,243.06,914100
VMC,2026-10-05,241.77,245.93,238.38,245.57,1015500
VMC,2026-10-06,247.02,249.9,246.5,248.85,960400
VMRK,2026-09-17,63.14,63.71,62.8,63.01,5047000
VMRK,2026-09-18,62.12,62.51,61.09,61.22,15378200
VMRK,2026-09-21,61.34,61.76,60.74,61.36,4370800
VMRK,2026-09-22,61.14,62.47,61.04,62.35,6499458
VMRK,2026-09-23,62.41,62.58,61.08,61.29,6198200
VMRK,2026-09-24,61.32,61.68,60.63,61.05,4199000
VMRK,2026-09-25,61.02,61.71,60.56,61.51,4325000
VMRK,2026-09-28,61.49,61.77,60.55,61.37,4976000
VMRK,2026-09-29,60.98,61.64,60.68,61.35,3673500
VMRK,2026-09-30,61.34,61.44,60.7,60.76,4779300
VMRK,2026-10-01,60.47,60.57,59.66,60.17,4698700
VMRK,2026-10-02,60.31,60.55,59.46,59.79,6499500
VMRK,2026-10-05,58.64,60.17,58.64,60.09,6674700
VMRK,2026-10-06,59.83,60.93,59.83,60.37,4081500
VRSK,2026-09-17,181.1,182.91,175.51,176.48,965500
VRSK,2026-09-18,175.8,178.37,173.69,175.41,3185200
VRSK,2026-09-21,174.13,175.15,170.88,172.02,1193200
VRSK,2026-09-22,173.0,174.24,170.73,171.94,976519
VRSK,2026-09-23,171.68,172.59,169.62,171.8,1062000
VRSK,2026-09-24,173.09,175.13,167.62,168.65,1524600
VRSK,2026-09-25,168.3,171.12,167.5,169.21,1330600
VRSK,2026-09-28,168.82,169.58,166.3,167.77,1152100
VRSK,2026-09-29,166.21,167.77,163.29,165.94,1685800
VRSK,2026-09-30,166.2,168.19,165.49,167.85,1508100
VRSK,2026-10-01,170.7,171.31,167.08,168.38,1213400
VRSK,2026-10-02,168.38,169.22,162.8,163.88,827700
VRSK,2026-10-05,163.81,164.49,161.51,163.28,1077500
VRSK,2026-10-06,163.04,165.97,162.66,165.2,884600
VRSN,2026-09-17,297.48,303.41,293.52,302.05,656900
VRSN,2026-09-18,302.05,307.2,300.39,303.12,1442300
VRSN,2026-09-21,303.59,308.28,302.1,308.18,1336900
VRSN,2026-09-22,308.88,310.0,298.23,299.42,776905
VRSN,2026-09-23,300.57,301.91,291.76,293.28,618400
VRSN,2026-09-24,294.26,298.13,291.53,291.88,614100
VRSN,2026-09-25,291.88,292.61,286.82,287.25,592600
VRSN,2026-09-28,284.02,285.07,280.17,282.07,470700
VRSN,2026-09-29,279.23,280.25,275.23,279.84,693000
VRSN,2026-09-30,279.76,286.82,279.76,282.01,759400
VRSN,2026-10-01,284.38,288.41,281.46,286.9,628300
VRSN,2026-10-02,287.81,288.68,284.6,288.32,1242300
VRSN,2026-10-05,287.89,294.74,287.12,292.26,1136200
VRSN,2026-10-06,291.84,294.88,290.45,293.1,889600
VRT,2026-09-17,249.75,252.34,241.25,241.49,4955800
VRT,2026-09-18,246.19,250.15,242.43,249.39,7825900
VRT,2026-09-21,254.67,254.88,247.61,250.86,4855000
VRT,2026-09-22,250.3,255.39,249.14,253.46,3514325
VRT,2026-09-23,253.68,255.02,248.51,248.78,3549000
VRT,2026-09-24,240.47,246.9,239.0,245.3,4122500
VRT,2026-09-25,249.18,254.5,248.0,253.28,4127100
VRT,2026-09-28,253.23,254.2,242.52,244.04,4274800
VRT,2026-09-29,251.38,254.13,246.84,248.34,3289900
VRT,2026-09-30,249.48,250.82,241.27,241.31,4163300
VRT,2026-10-01,242.92,249.53,238.3,246.12,3469200
VRT,2026-10-02,250.64,254.8,248.54,252.18,3344900
VRT,2026-10-05,254.34,258.1,250.06,253.62,4341400
VRT,2026-10-06,253.2,256.5,249.1,253.14,4238300
VRTX,2026-09-17,518.35,519.07,510.2,516.34,899600
VRTX,2026-09-18,516.34,518.1,505.01,508.34,2432900
VRTX,2026-09-21,506.85,514.1,501.01,510.72,906500
VRTX,2026-09-22,521.64,525.97,508.14,514.99,1380604
VRTX,2026-09-23,515.6,525.43,509.56,516.34,1213700
VRTX,2026-09-24,515.56,528.99,515.3,522.38,940900
VRTX,2026-09-25,522.55,527.69,518.92,526.19,756200
VRTX,2026-09-28,524.27,529.89,521.16,527.67,823500
VRTX,2026-09-29,522.22,529.46,519.25,526.73,688800
VRTX,2026-09-30,525.26,529.72,522.74,522.81,1146000
VRTX,2026-10-01,522.39,523.52,505.27,506.74,1194400
VRTX,2026-10-02,509.5,509.5,499.95,504.73,939600
VRTX,2026-10-05,504.78,506.01,496.15,503.5,914900
VRTX,2026-10-06,505.0,507.41,496.33,502.31,775000
VST,2026-09-17,144.1,146.11,141.53,143.56,3952100
VST,2026-09-18,143.4,144.45,140.21,140.67,5254000
VST,2026-09-21,142.0,142.44,138.95,140.78,4494900
VST,2026-09-22,141.44,142.64,140.0,140.41,4544950
VST,2026-09-23,139.57,140.5,137.62,137.97,4392700
VST,2026-09-24,136.2,139.13,135.98,137.94,3629400
VST,2026-09-25,138.96,140.1,136.02,138.46,4899200
VST,2026-09-28,138.08,139.01,135.77,138.02,4272600
VST,2026-09-29,140.0,143.51,138.85,140.83,4840700
VST,2026-09-30,140.02,140.76,133.44,138.35,8040700
VST,2026-10-01,139.16,141.68,137.08,139.75,4755500
VST,2026-10-02,142.05,143.02,134.79,140.02,12523600
VST,2026-10-05,144.04,146.94,140.9,144.89,10795000
VST,2026-10-06,151.47,162.69,151.44,160.5,18077200
VTR,2026-09-17,88.57,88.63,87.53,87.71,3024800
VTR,2026-09-18,87.33,87.66,86.55,86.69,13554400
VTR,2026-09-21,86.77,87.81,86.55,87.03,5432500
VTR,2026-09-22,86.25,87.28,86.31,86.86,5075803
VTR,2026-09-23,86.35,87.09,85.9,86.64,2733800
VTR,2026-09-24,87.2,88.49,86.73,86.83,3133100
VTR,2026-09-25,87.06,87.06,85.62,86.59,2424300
VTR,2026-09-28,86.88,87.87,86.51,87.04,2166000
VTR,2026-09-29,86.43,87.2,86.09,86.91,2378300
VTR,2026-09-30,86.86,87.22,84.96,85.02,2903000
VTR,2026-10-01,84.7,84.87,83.33,83.73,3085300
VTR,2026-10-02,84.4,84.81,83.23,84.01,2949400
VTR,2026-10-05,83.95,84.05,81.13,81.36,7569400
VTR,2026-10-06,81.48,82.07,80.77,81.86,4029600
VTRS,2026-09-17,17.1,17.31,17.09,17.13,7018400
VTRS,2026-09-18,17.19,17.2,16.91,16.95,15646100
VTRS,2026-09-21,16.98,17.35,16.87,17.1,6932500
VTRS,2026-09-22,17.1,17.23,16.98,17.18,5237228
VTRS,2026-09-23,17.26,17.6,16.99,17.12,6868600
VTRS,2026-09-24,17.05,17.45,17.0,17.42,13744000
VTRS,2026-09-25,17.52,17.98,17.37,17.83,10151400
VTRS,2026-09-28,17.75,18.37,17.54,18.27,12377000
VTRS,2026-09-29,18.25,18.43,17.87,18.12,13857900
VTRS,2026-09-30,18.16,18.17,17.71,17.72,11806700
VTRS,2026-10-01,17.62,17.84,17.43,17.46,9038600
VTRS,2026-10-02,17.53,17.65,17.34,17.6,7525600
VTRS,2026-10-05,17.82,17.91,17.45,17.62,6356500
VTRS,2026-10-06,17.77,17.87,17.31,17.54,6675700
VZ,2026-09-17,49.9,49.99,48.32,48.33,28685200
VZ,2026-09-18,47.5,48.19,47.2,48.09,45485700
VZ,2026-09-21,48.18,48.35,47.56,47.68,19966400
VZ,2026-09-22,47.78,47.79,46.17,46.45,32582196
VZ,2026-09-23,46.6,47.11,46.16,46.52,20933700
VZ,2026-09-24,46.92,47.77,46.92,47.32,21038900
VZ,2026-09-25,47.23,47.31,46.9,47.08,13417600
VZ,2026-09-28,47.04,47.1,46.43,46.68,16722400
VZ,2026-09-29,46.56,46.91,45.98,45.98,19101400
VZ,2026-09-30,46.09,46.34,45.73,45.87,19960700
VZ,2026-10-01,45.86,46.2,45.79,45.98,22383700
VZ,2026-10-02,46.05,46.39,45.79,45.92,19763100
VZ,2026-10-05,45.94,46.02,45.46,45.85,22510900
VZ,2026-10-06,45.97,45.98,45.29,45.98,21486900
WAB,2026-09-17,281.38,282.52,276.83,278.82,769600
WAB,2026-09-18,278.97,280.38,276.37,280.23,1544300
WAB,2026-09-21,284.19,285.03,280.57,283.38,781800
WAB,2026-09-22,282.81,290.19,282.14,289.71,1075131
WAB,2026-09-23,288.33,293.95,287.5,292.22,826700
WAB,2026-09-24,289.08,292.09,287.35,290.23,542000
WAB,2026-09-25,290.96,292.67,286.39,288.0,789300
WAB,2026-09-28,288.88,293.06,287.09,292.37,789500
WAB,2026-09-29,292.8,293.56,290.03,291.23,605000
WAB,2026-09-30,291.0,292.6,287.18,287.18,883200
WAB,2026-10-01,285.0,288.02,281.11,287.84,852800
WAB,2026-10-02,290.92,293.34,286.91,287.54,913500
WAB,2026-10-05,288.11,293.42,286.4,291.86,1002900
WAB,2026-10-06,292.59,294.72,290.38,291.16,654700
WAT,2026-09-17,424.0,431.78,422.06,429.72,688800
WAT,2026-09-18,429.23,430.64,420.8,421.63,1035000
WAT,2026-09-21,425.8,427.76,420.75,423.92,782400
WAT,2026-09-22,424.13,433.09,423.64,425.74,648332
WAT,2026-09-23,428.17,430.0,420.0,420.57,743600
WAT,2026-09-24,418.33,436.34,418.0,430.3,1031400
WAT,2026-09-25,428.71,435.93,425.67,433.54,662500
WAT,2026-09-28,427.27,445.48,423.89,442.94,981500
WAT,2026-09-29,441.46,444.41,437.88,443.26,625600
WAT,2026-09-30,443.26,448.21,439.19,439.39,665900
WAT,2026-10-01,437.21,438.03,424.7,425.53,810700
WAT,2026-10-02,426.78,433.34,423.44,425.21,625600
WAT,2026-10-05,425.61,440.79,423.03,440.12,1007400
WAT,2026-10-06,445.74,454.54,431.62,436.43,1056700
WBD,2026-09-17,28.31,28.45,28.09,28.24,24731300
WBD,2026-09-18,28.06,28.13,27.74,27.8,41177900
WBD,2026-09-21,29.76,30.92,29.65,30.8,234055000
WBD,2026-09-22,30.83,30.83,30.77,30.83,109809185
WBD,2026-09-23,30.8,30.82,30.68,30.76,111086700
WBD,2026-09-24,30.79,30.87,30.71,30.84,46106500
WBD,2026-09-25,30.8,30.87,30.8,30.86,23737400
WBD,2026-09-28,30.85,30.9,30.84,30.9,43547900
WBD,2026-09-29,30.85,30.88,30.83,30.85,46810200
WBD,2026-09-30,30.85,30.97,30.79,30.95,95611100
WBD,2026-10-01,30.95,30.96,30.93,30.95,44280500
WBD,2026-10-02,30.95,30.96,30.93,30.94,59649600
WBD,2026-10-05,30.95,30.99,30.94,30.95,435632600
WBD,2026-10-06,30.95,30.95,30.95,30.95,0
WDAY,2026-09-17,187.72,201.0,183.61,199.28,4250900
WDAY,2026-09-18,199.32,199.5,193.23,193.87,7808400
WDAY,2026-09-21,194.12,196.48,191.65,191.92,2023500
WDAY,2026-09-22,196.33,197.0,187.72,188.23,1977103
WDAY,2026-09-23,189.52,193.92,187.5,192.38,1991300
WDAY,2026-09-24,194.28,195.74,189.71,190.99,1248900
WDAY,2026-09-25,190.16,192.07,188.75,189.45,1119000
WDAY,2026-09-28,184.45,190.94,181.47,188.6,2132500
WDAY,2026-09-29,187.1,189.34,185.0,189.17,1806800
WDAY,2026-09-30,186.95,191.99,186.78,190.46,2109900
WDAY,2026-10-01,195.3,195.75,183.09,186.75,2454900
WDAY,2026-10-02,187.56,188.61,185.21,186.14,1440800
WDAY,2026-10-05,186.0,190.22,182.61,188.96,2176500
WDAY,2026-10-06,189.13,189.9,184.08,186.55,1955200
WDC,2026-09-17,427.28,433.2,416.31,423.87,7143000
WDC,2026-09-18,427.5,448.85,424.55,441.36,13506300
WDC,2026-09-21,455.64,460.49,437.2,448.17,7620200
WDC,2026-09-22,438.58,474.54,438.0,464.6,8390219
WDC,2026-09-23,462.94,475.66,445.02,473.69,5027600
WDC,2026-09-24,465.74,468.0,449.21,450.31,7188700
WDC,2026-09-25,455.24,461.98,447.69,456.81,5935300
WDC,2026-09-28,449.01,459.99,432.04,453.23,7268700
WDC,2026-09-29,463.15,465.9,447.03,453.48,6106900
WDC,2026-09-30,453.22,463.89,446.24,454.46,6946300
WDC,2026-10-01,451.8,463.55,440.05,462.56,6158700
WDC,2026-10-02,423.2,427.71,396.57,415.29,24717300
WDC,2026-10-05,430.5,447.71,429.44,441.64,11277200
WDC,2026-10-06,426.6,430.33,406.81,411.04,14002200
WEC,2026-09-17,103.84,104.76,103.48,104.73,2156000
WEC,2026-09-18,104.11,104.11,103.17,103.17,4330800
WEC,2026-09-21,103.2,103.61,102.89,103.48,3160100
WEC,2026-09-22,103.21,103.76,102.71,102.83,2743604
WEC,2026-09-23,102.4,102.8,101.0,101.17,3611800
WEC,2026-09-24,101.56,102.18,100.86,100.9,4257300
WEC,2026-09-25,101.0,101.67,100.14,101.45,2812200
WEC,2026-09-28,101.37,102.08,100.9,101.45,3168500
WEC,2026-09-29,100.95,102.94,100.84,102.58,3407900
WEC,2026-09-30,103.09,103.31,100.77,100.78,3366100
WEC,2026-10-01,100.78,101.79,99.8,101.73,2941400
WEC,2026-10-02,102.17,103.03,101.3,101.59,2750700
WEC,2026-10-05,101.42,102.28,100.85,101.3,2764900
WEC,2026-10-06,101.87,103.29,101.7,103.19,2450500
WELL,2026-09-17,235.37,236.3,231.58,232.26,2065100
WELL,2026-09-18,229.6,231.86,228.0,228.87,8291000
WELL,2026-09-21,229.26,233.96,228.51,232.76,2810700
WELL,2026-09-22,229.95,231.64,229.0,230.39,2061619
WELL,2026-09-23,229.0,231.99,228.95,229.87,2759700
WELL,2026-09-24,234.0,236.97,232.85,233.61,2751200
WELL,2026-09-25,233.84,237.32,229.88,231.37,2306700
WELL,2026-09-28,234.41,234.82,231.35,232.96,2338900
WELL,2026-09-29,232.58,234.14,231.08,232.9,1898500
WELL,2026-09-30,233.2,234.44,230.24,230.24,2995800
WELL,2026-10-01,228.93,230.25,226.23,226.94,2858100
WELL,2026-10-02,226.87,229.93,225.36,227.71,2646800
WELL,2026-10-05,227.35,229.73,223.64,224.16,2449100
WELL,2026-10-06,223.94,227.22,222.22,225.78,2170900
WFC,2026-09-17,87.77,87.89,85.79,86.89,12615700
WFC,2026-09-18,86.26,86.74,85.95,86.12,25000700
WFC,2026-09-21,86.83,87.15,86.23,86.54,9707100
WFC,2026-09-22,86.62,86.62,82.79,83.15,15776899
WFC,2026-09-23,82.75,83.4,81.81,81.9,14614600
WFC,2026-09-24,81.79,82.54,80.95,82.18,12231600
WFC,2026-09-25,82.3,83.1,81.74,82.97,9451500
WFC,2026-09-28,82.7,82.89,80.58,80.81,12968300
WFC,2026-09-29,80.62,81.13,80.12,80.48,12884500
WFC,2026-09-30,80.25,80.88,79.82,80.05,17820200
WFC,2026-10-01,79.35,80.33,78.0,80.25,17491100
WFC,2026-10-02,80.32,80.74,79.81,80.45,10115200
WFC,2026-10-05,82.16,82.22,80.94,81.44,12761100
WFC,2026-10-06,81.85,81.98,81.08,81.51,12178600
WM,2026-09-17,214.38,214.39,211.9,213.33,2165500
WM,2026-09-18,212.36,212.99,211.0,211.1,3571600
WM,2026-09-21,210.1,210.38,206.88,207.04,2315800
WM,2026-09-22,207.61,208.35,206.34,207.68,1812861
WM,2026-09-23,208.0,209.44,206.49,207.88,2870600
WM,2026-09-24,208.88,210.24,207.59,207.96,2028200
WM,2026-09-25,207.3,207.98,206.21,206.83,1753400
WM,2026-09-28,207.07,208.0,205.8,206.44,1625600
WM,2026-09-29,205.0,207.23,204.4,207.09,1536600
WM,2026-09-30,207.1,207.4,203.55,203.92,2337900
WM,2026-10-01,204.24,204.85,201.44,201.9,2733900
WM,2026-10-02,201.61,205.0,200.58,204.45,2371800
WM,2026-10-05,204.51,207.14,202.53,206.66,2596100
WM,2026-10-06,206.67,208.75,206.31,207.88,2411300
WMB,2026-09-17,71.15,72.2,71.01,71.81,5923200
WMB,2026-09-18,71.35,73.29,71.25,72.05,19558200
WMB,2026-09-21,71.55,72.46,71.38,71.65,5195200
WMB,2026-09-22,71.44,72.4,70.73,70.98,5290838
WMB,2026-09-23,71.31,72.29,70.72,71.11,5176600
WMB,2026-09-24,71.45,71.45,70.29,70.58,4369100
WMB,2026-09-25,70.36,70.47,68.82,69.26,6433300
WMB,2026-09-28,69.52,69.52,68.4,68.98,5586500
WMB,2026-09-29,68.24,68.94,67.62,68.63,6697000
WMB,2026-09-30,69.01,69.18,67.48,67.97,9586200
WMB,2026-10-01,67.85,69.42,67.38,69.22,7208900
WMB,2026-10-02,68.93,70.56,68.65,70.54,8295700
WMB,2026-10-05,70.53,71.73,70.04,70.81,5803300
WMB,2026-10-06,70.67,72.74,70.11,72.39,6439200
WMT,2026-09-17,107.8,107.8,106.15,106.79,19190500
WMT,2026-09-18,106.24,107.72,106.17,106.73,45292900
WMT,2026-09-21,106.16,107.76,106.08,107.44,23966900
WMT,2026-09-22,108.24,110.19,107.61,110.12,19343952
WMT,2026-09-23,110.22,111.23,109.49,110.53,22711500
WMT,2026-09-24,111.17,111.17,107.51,107.59,26152600
WMT,2026-09-25,107.08,108.15,106.45,107.98,19614100
WMT,2026-09-28,107.9,109.42,107.27,108.73,16908100
WMT,2026-09-29,107.75,107.9,105.35,106.8,27255600
WMT,2026-09-30,106.97,107.03,103.92,103.92,28099300
WMT,2026-10-01,104.38,105.1,103.59,104.26,23025600
WMT,2026-10-02,104.94,105.14,103.81,104.26,23255300
WMT,2026-10-05,103.84,105.1,103.39,105.07,19220800
WMT,2026-10-06,104.5,107.55,104.5,107.2,22017700
WRB,2026-09-17,69.98,70.47,69.6,70.1,4017700
WRB,2026-09-18,69.8,70.36,69.15,69.99,20277900
WRB,2026-09-21,69.76,70.08,68.74,68.79,4696400
WRB,2026-09-22,68.72,69.06,67.71,68.17,4505921
WRB,2026-09-23,67.99,68.79,67.54,67.67,1857300
WRB,2026-09-24,68.09,68.45,67.24,67.29,1984400
WRB,2026-09-25,67.16,67.28,66.32,66.82,2185800
WRB,2026-09-28,66.71,67.71,66.26,67.66,2447200
WRB,2026-09-29,67.2,68.31,67.11,68.22,1916300
WRB,2026-09-30,68.14,68.54,67.46,67.54,2323100
WRB,2026-10-01,67.34,69.14,66.99,68.9,2545400
WRB,2026-10-02,68.83,69.32,68.36,68.98,2243200
WRB,2026-10-05,68.87,69.98,68.68,69.77,2316500
WRB,2026-10-06,69.75,70.87,69.48,69.65,3083200
WSM,2026-09-17,222.66,224.33,218.35,218.92,1145600
WSM,2026-09-18,220.39,224.43,217.55,224.2,2728200
WSM,2026-09-21,226.1,228.89,222.77,227.16,1017700
WSM,2026-09-22,231.12,234.32,230.3,232.69,1083661
WSM,2026-09-23,231.44,232.83,227.52,227.83,1088200
WSM,2026-09-24,227.93,229.82,225.8,228.66,863500
WSM,2026-09-25,228.67,233.84,226.87,231.9,624200
WSM,2026-09-28,228.39,232.88,226.22,231.03,837100
WSM,2026-09-29,232.67,233.4,228.26,229.96,657900
WSM,2026-09-30,232.56,233.42,227.92,227.94,1203300
WSM,2026-10-01,229.54,233.89,225.22,233.39,1486500
WSM,2026-10-02,237.44,237.84,231.21,232.3,944900
WSM,2026-10-05,233.21,240.46,231.69,238.7,1202700
WSM,2026-10-06,240.7,246.43,239.22,242.25,1171700
WST,2026-09-17,366.2,368.8,363.14,366.6,474000
WST,2026-09-18,366.59,366.86,359.52,362.31,1457000
WST,2026-09-21,363.78,366.12,361.05,361.78,506800
WST,2026-09-22,367.42,375.39,365.26,371.09,730415
WST,2026-09-23,370.93,376.06,368.2,375.87,876900
WST,2026-09-24,378.67,382.71,370.71,373.6,715900
WST,2026-09-25,372.01,372.14,368.45,370.44,434000
WST,2026-09-28,366.55,378.47,366.55,375.65,562300
WST,2026-09-29,375.51,377.78,370.8,376.63,560100
WST,2026-09-30,375.35,376.19,370.13,370.76,471200
WST,2026-10-01,367.52,370.25,363.12,365.01,670900
WST,2026-10-02,364.74,368.85,363.26,364.98,473000
WST,2026-10-05,364.69,377.06,363.16,376.76,682700
WST,2026-10-06,379.02,381.16,367.64,372.64,401400
WTW,2026-09-17,312.95,313.74,309.12,310.99,354600
WTW,2026-09-18,310.34,312.92,307.03,309.98,1828000
WTW,2026-09-21,310.25,311.45,306.44,306.82,440500
WTW,2026-09-22,307.32,308.09,296.34,301.73,579893
WTW,2026-09-23,300.66,303.75,298.65,298.99,492800
WTW,2026-09-24,299.63,303.98,293.12,293.63,481100
WTW,2026-09-25,296.55,298.13,292.05,293.99,586900
WTW,2026-09-28,292.88,294.32,290.23,292.11,623000
WTW,2026-09-29,290.14,291.65,286.26,288.57,660400
WTW,2026-09-30,287.81,289.97,286.61,288.23,660300
WTW,2026-10-01,290.73,294.37,290.18,291.6,483300
WTW,2026-10-02,289.67,292.12,286.74,288.61,464000
WTW,2026-10-05,286.74,288.9,283.42,288.11,722600
WTW,2026-10-06,284.74,293.1,284.61,291.98,408900
WY,2026-09-17,22.13,22.16,21.65,21.66,5616300
WY,2026-09-18,21.55,21.6,21.2,21.22,10132600
WY,2026-09-21,21.3,21.38,20.98,21.01,7563500
WY,2026-09-22,21.2,21.66,21.15,21.54,6151663
WY,2026-09-23,21.38,21.47,21.11,21.17,6678800
WY,2026-09-24,21.18,21.23,20.13,20.14,8735900
WY,2026-09-25,20.13,20.22,19.91,20.01,7126800
WY,2026-09-28,20.0,20.09,19.6,19.72,7770900
WY,2026-09-29,19.69,19.94,19.51,19.55,5275600
WY,2026-09-30,19.65,19.68,19.05,19.05,11008600
WY,2026-10-01,19.0,19.03,18.46,18.59,12429700
WY,2026-10-02,18.78,18.88,18.41,18.47,7705700
WY,2026-10-05,18.41,18.83,18.26,18.49,7636700
WY,2026-10-06,18.45,18.64,18.28,18.6,13660900
WYNN,2026-09-17,85.04,85.37,82.87,82.96,1964800
WYNN,2026-09-18,82.83,83.24,81.4,81.68,5028400
WYNN,2026-09-21,81.98,84.37,81.35,83.32,2240100
WYNN,2026-09-22,84.66,85.54,82.39,82.51,1754605
WYNN,2026-09-23,82.41,82.5,80.8,81.45,1534700
WYNN,2026-09-24,81.01,81.27,77.06,80.19,4245500
WYNN,2026-09-25,80.88,81.8,80.1,81.12,2422000
WYNN,2026-09-28,80.62,82.0,79.51,80.52,2669200
WYNN,2026-09-29,81.0,81.5,77.74,78.23,2249000
WYNN,2026-09-30,78.67,80.43,77.87,79.43,3318700
WYNN,2026-10-01,79.09,79.41,76.27,77.3,2995000
WYNN,2026-10-02,78.08,78.24,75.75,75.88,2181800
WYNN,2026-10-05,76.1,78.68,76.02,77.17,1970700
WYNN,2026-10-06,77.82,79.11,76.43,76.62,2018300
XEL,2026-09-17,73.22,73.75,72.82,73.63,5315500
XEL,2026-09-18,73.26,73.26,72.17,72.3,9010400
XEL,2026-09-21,72.24,72.43,71.67,71.85,4396800
XEL,2026-09-22,71.85,72.58,71.62,72.06,4907867
XEL,2026-09-23,71.75,71.75,70.56,70.66,4409200
XEL,2026-09-24,70.85,70.89,69.54,69.56,6600800
XEL,2026-09-25,69.5,69.94,68.72,69.8,7478300
XEL,2026-09-28,69.75,69.8,68.75,69.39,6071600
XEL,2026-09-29,69.29,70.91,68.9,70.69,6561600
XEL,2026-09-30,71.24,71.37,70.43,70.48,5387700
XEL,2026-10-01,70.45,70.69,69.5,70.55,4085800
XEL,2026-10-02,71.34,71.89,71.08,71.4,4601100
XEL,2026-10-05,71.21,71.93,70.76,71.49,4486900
XEL,2026-10-06,71.74,72.78,71.37,72.73,9392100
XOM,2026-09-17,161.83,163.39,161.45,163.27,10963300
XOM,2026-09-18,162.5,163.54,161.31,163.54,37605100
XOM,2026-09-21,160.96,161.95,157.94,158.3,15738800
XOM,2026-09-22,157.53,159.97,155.85,158.71,14175021
XOM,2026-09-23,159.62,162.12,159.42,161.23,12569300
XOM,2026-09-24,163.06,164.91,161.2,162.14,12469500
XOM,2026-09-25,160.23,161.79,159.78,160.59,10996700
XOM,2026-09-28,162.8,163.54,161.05,162.52,12809500
XOM,2026-09-29,160.22,161.97,159.27,161.35,9160000
XOM,2026-09-30,162.23,164.37,161.8,162.75,13088200
XOM,2026-10-01,161.5,164.08,160.81,163.82,11703100
XOM,2026-10-02,161.55,164.61,161.55,164.01,11287000
XOM,2026-10-05,163.76,164.74,161.39,164.0,12462700
XOM,2026-10-06,163.06,165.95,162.94,164.48,9285400
XYL,2026-09-17,109.25,109.46,106.73,107.6,2167500
XYL,2026-09-18,107.39,108.26,106.8,107.56,4385500
XYL,2026-09-21,108.36,108.36,106.98,107.24,2343600
XYL,2026-09-22,108.45,108.65,106.61,107.85,1724126
XYL,2026-09-23,107.0,109.14,107.0,108.64,1881900
XYL,2026-09-24,107.7,108.12,102.25,102.66,4075900
XYL,2026-09-25,102.89,103.94,102.28,102.63,2330500
XYL,2026-09-28,102.18,102.8,100.9,100.91,2042400
XYL,2026-09-29,101.0,101.49,100.17,100.93,2210100
XYL,2026-09-30,102.27,102.46,100.9,101.27,2681300
XYL,2026-10-01,101.26,101.74,98.58,100.88,2938100
XYL,2026-10-02,101.99,102.36,101.2,101.79,2256400
XYL,2026-10-05,100.95,103.44,100.58,102.42,1786200
XYL,2026-10-06,102.76,105.07,102.5,104.57,4039600
XYZ,2026-09-17,77.51,78.04,76.46,76.47,2819700
XYZ,2026-09-18,76.55,76.9,75.86,76.28,5969700
XYZ,2026-09-21,77.29,78.17,76.37,77.91,3679600
XYZ,2026-09-22,79.22,79.8,77.06,77.53,3795082
XYZ,2026-09-23,76.67,76.86,74.36,74.68,5172400
XYZ,2026-09-24,74.58,76.82,74.42,76.74,3653700
XYZ,2026-09-25,76.51,77.19,75.4,76.42,3327900
XYZ,2026-09-28,75.31,75.31,73.23,73.31,5521000
XYZ,2026-09-29,73.29,74.49,72.86,74.05,5097000
XYZ,2026-09-30,74.33,74.67,73.19,73.53,5125400
XYZ,2026-10-01,73.67,74.4,72.28,74.04,3766600
XYZ,2026-10-02,75.95,75.95,74.0,74.33,3819300
XYZ,2026-10-05,74.18,76.68,74.02,76.23,3870800
XYZ,2026-10-06,76.5,77.02,75.82,76.54,2879000
YUM,2026-09-17,138.94,140.94,135.69,135.75,2040900
YUM,2026-09-18,135.5,138.32,134.26,137.99,4727900
YUM,2026-09-21,138.7,139.95,137.79,139.33,2641300
YUM,2026-09-22,140.44,141.15,138.87,139.71,2895428
YUM,2026-09-23,139.66,141.22,138.15,140.63,2635300
YUM,2026-09-24,139.54,140.62,137.25,137.34,2497500
YUM,2026-09-25,136.99,139.63,136.41,138.63,2306200
YUM,2026-09-28,138.78,140.3,137.55,138.28,1840700
YUM,2026-09-29,137.63,138.57,137.03,137.73,1620900
YUM,2026-09-30,138.56,138.57,136.3,136.34,1911800
YUM,2026-10-01,136.89,137.45,135.89,136.69,1744000
YUM,2026-10-02,136.7,137.88,135.95,136.12,1755000
YUM,2026-10-05,136.63,138.06,135.35,136.97,3172000
YUM,2026-10-06,137.03,139.97,136.75,139.84,2164500
ZBH,2026-09-17,96.7,97.19,94.2,94.25,2203800
ZBH,2026-09-18,94.04,96.17,93.72,95.36,3945900
ZBH,2026-09-21,95.32,95.66,93.64,94.32,1600300
ZBH,2026-09-22,95.43,95.2,93.36,93.98,1681548
ZBH,2026-09-23,92.6,93.25,89.87,90.88,2974300
ZBH,2026-09-24,91.43,92.51,89.02,89.69,2646400
ZBH,2026-09-25,89.43,91.84,89.24,91.04,1788000
ZBH,2026-09-28,90.76,91.84,90.09,91.62,1628300
ZBH,2026-09-29,90.96,91.59,90.6,91.34,1461600
ZBH,2026-09-30,90.82,90.87,88.82,88.83,2569400
ZBH,2026-10-01,88.68,89.3,87.54,88.06,2298100
ZBH,2026-10-02,88.13,88.81,87.11,88.29,1985300
ZBH,2026-10-05,89.02,92.03,88.23,91.57,2293200
ZBH,2026-10-06,91.41,91.95,89.55,89.68,1678200
ZBRA,2026-09-17,345.33,349.18,341.02,347.81,535500
ZBRA,2026-09-18,349.53,349.99,342.07,346.63,1373300
ZBRA,2026-09-21,351.94,353.58,346.44,350.84,484000
ZBRA,2026-09-22,355.22,363.48,350.44,361.61,551085
ZBRA,2026-09-23,362.99,374.94,360.51,371.02,652300
ZBRA,2026-09-24,368.12,370.64,362.76,365.1,547500
ZBRA,2026-09-25,366.21,374.01,365.02,370.04,552300
ZBRA,2026-09-28,370.31,374.72,363.94,371.87,638500
ZBRA,2026-09-29,376.15,380.85,366.5,375.97,594500
ZBRA,2026-09-30,376.23,380.0,372.8,373.31,334100
ZBRA,2026-10-01,377.75,382.0,373.01,375.45,390400
ZBRA,2026-10-02,381.5,383.18,375.77,375.86,332400
ZBRA,2026-10-05,375.22,379.35,370.82,375.66,348300
ZBRA,2026-10-06,377.35,390.8,374.63,385.78,650000
ZTS,2026-09-17,73.35,73.45,72.0,73.02,4040800
ZTS,2026-09-18,72.57,73.05,71.4,71.4,9874700
ZTS,2026-09-21,72.06,72.48,70.26,71.33,3942400
ZTS,2026-09-22,71.98,73.46,71.25,72.86,3839547
ZTS,2026-09-23,72.75,73.55,71.55,71.61,3828600
ZTS,2026-09-24,71.85,72.38,69.93,70.27,3369400
ZTS,2026-09-25,70.0,71.08,69.52,71.05,4165600
ZTS,2026-09-28,70.5,71.68,70.08,71.43,3813600
ZTS,2026-09-29,71.4,71.7,70.0,70.3,3520900
ZTS,2026-09-30,70.55,70.77,69.52,69.83,4444300
ZTS,2026-10-01,70.0,70.9,68.92,69.1,5346600
ZTS,2026-10-02,69.12,70.1,68.77,69.69,5259300
ZTS,2026-10-05,69.41,71.47,69.0,71.41,3644100
ZTS,2026-10-06,71.88,72.3,70.59,71.33,3434700
