Ticker,Date,Open,High,Low,Close,Volume
DIA,2015-01-02,142.65,143.11,141.32,142.08,4997200
DIA,2015-01-05,141.38,141.5,139.3,139.61,6700200
DIA,2015-01-06,139.81,140.17,137.59,138.45,10131400
DIA,2015-01-07,139.62,140.37,139.13,140.21,5547000
DIA,2015-01-08,141.54,142.9,141.5,142.74,7166700
DIA,2015-01-09,142.91,142.98,141.04,141.51,6646600
DIA,2015-01-12,141.68,141.83,140.1,140.73,4305300
DIA,2015-01-13,141.91,142.95,139.5,140.52,9913500
DIA,2015-01-14,138.49,139.51,137.67,138.98,11090600
DIA,2015-01-15,139.53,139.8,137.99,138.19,9293700
DIA,2015-01-16,137.91,139.83,137.55,139.59,8721900
DIA,2015-01-20,140.04,140.34,138.37,139.77,7224100
DIA,2015-01-21,139.26,140.45,138.78,140.13,6259300
DIA,2015-01-22,140.59,142.36,139.46,142.19,9565100
DIA,2015-01-23,142.02,142.11,140.97,140.98,4795300
DIA,2015-01-26,140.78,141.22,140.16,141.05,3730400
DIA,2015-01-27,138.66,139.65,137.93,138.73,11565100
DIA,2015-01-28,139.49,139.54,137.13,137.23,9673200
DIA,2015-01-29,137.58,139.11,136.71,138.98,9615200
DIA,2015-01-30,138.42,139.02,136.87,137.02,11138500
DIA,2015-02-02,137.42,138.6,135.94,138.47,9437900
DIA,2015-02-03,139.16,140.97,139.14,140.92,7543400
DIA,2015-02-04,140.49,141.91,140.48,141.08,5935900
DIA,2015-02-05,141.68,142.76,141.52,142.69,6037800
DIA,2015-02-06,142.91,143.34,141.84,142.32,7211900
DIA,2015-02-09,141.6,142.2,141.2,141.52,3723100
DIA,2015-02-10,142.39,142.85,141.56,142.66,3572700
DIA,2015-02-11,142.32,143.12,141.99,142.81,5174500
DIA,2015-02-12,143.27,143.79,143.05,143.72,3742700
DIA,2015-02-13,143.85,144.28,143.66,144.12,3998200
DIA,2015-02-17,143.9,144.41,143.62,144.31,2850900
DIA,2015-02-18,143.99,144.39,143.83,144.23,2724800
DIA,2015-02-19,143.75,144.19,143.39,143.92,2663500
DIA,2015-02-20,143.56,145.2,143.04,145.16,8914600
DIA,2015-02-23,144.81,144.98,144.5,144.98,2738600
DIA,2015-02-24,145.07,145.89,144.96,145.77,4228700
DIA,2015-02-25,145.69,145.98,145.49,145.81,2822900
DIA,2015-02-26,145.78,146.04,145.36,145.85,3045800
DIA,2015-02-27,145.79,145.8,145.16,145.2,3161300
DIA,2015-03-02,145.34,146.39,145.34,146.39,3213100
DIA,2015-03-03,146.03,146.16,145.2,145.74,2825800
DIA,2015-03-04,145.37,145.37,144.35,144.87,3820200
DIA,2015-03-05,145.24,145.4,144.81,145.18,2410700
DIA,2015-03-06,144.34,144.75,142.74,142.96,7297400
DIA,2015-03-09,143.06,144.4,143.06,144.08,3844900
DIA,2015-03-10,142.94,143.05,141.58,141.59,6070100
DIA,2015-03-11,141.82,142.07,141.22,141.32,5584600
DIA,2015-03-12,142.03,143.46,142.0,143.42,4024300
DIA,2015-03-13,142.95,143.04,141.25,142.29,6833900
DIA,2015-03-16,142.84,144.17,142.84,144.07,5550100
DIA,2015-03-17,143.27,143.42,142.53,143.04,5392900
DIA,2015-03-18,142.57,145.05,141.81,144.83,11294400
DIA,2015-03-19,144.39,144.56,143.69,143.97,6229200
DIA,2015-03-20,144.86,145.83,144.63,145.26,5999200
DIA,2015-03-23,145.34,145.9,145.17,145.18,3593900
DIA,2015-03-24,145.01,145.45,144.31,144.36,4692100
DIA,2015-03-25,144.45,144.62,141.99,142.02,8474700
DIA,2015-03-26,141.4,142.33,140.85,141.67,6604500
DIA,2015-03-27,141.55,142.06,141.26,141.93,3971800
DIA,2015-03-30,143.14,144.3,143.11,144.0,5399300
DIA,2015-03-31,143.3,143.75,142.43,142.55,4633800
DIA,2015-04-01,142.52,142.52,140.94,141.88,7440500
DIA,2015-04-02,141.84,142.82,141.63,142.35,3223600
DIA,2015-04-06,141.54,143.83,141.35,143.36,6284900
DIA,2015-04-07,143.51,144.16,143.22,143.22,6011600
DIA,2015-04-08,143.37,144.14,142.86,143.49,4738500
DIA,2015-04-09,143.42,144.2,142.87,144.01,4483800
DIA,2015-04-10,144.23,144.85,143.83,144.79,3463600
DIA,2015-04-13,144.63,145.18,144.08,144.2,3358200
DIA,2015-04-14,144.16,144.93,143.53,144.64,4811400
DIA,2015-04-15,145.16,145.6,144.85,145.2,4377800
DIA,2015-04-16,145.03,145.71,144.84,145.22,3873900
DIA,2015-04-17,144.0,144.11,142.31,142.93,8683500
DIA,2015-04-20,144.03,145.08,143.9,144.61,5355800
DIA,2015-04-21,145.15,145.29,143.76,143.99,3596600
DIA,2015-04-22,144.31,144.79,143.42,144.64,5575200
DIA,2015-04-23,144.14,145.45,143.94,144.88,4893000
DIA,2015-04-24,144.99,145.25,144.42,145.02,4010000
DIA,2015-04-27,145.76,145.82,144.56,144.72,4969100
DIA,2015-04-28,144.88,145.34,143.69,145.26,4534200
DIA,2015-04-29,144.43,145.16,143.98,144.64,6559400
DIA,2015-04-30,144.35,144.6,142.54,143.13,8564600
DIA,2015-05-01,143.95,144.6,143.77,144.51,3895700
DIA,2015-05-04,144.86,145.43,144.79,144.94,3256900
DIA,2015-05-05,144.77,145.06,143.61,143.79,5316300
DIA,2015-05-06,144.48,144.79,142.38,143.29,7534200
DIA,2015-05-07,143.08,144.35,142.89,144.01,4142800
DIA,2015-05-08,145.5,146.21,145.45,146.07,5529600
DIA,2015-05-11,146.01,146.19,145.29,145.45,3753600
DIA,2015-05-12,144.67,145.58,144.0,145.17,4742800
DIA,2015-05-13,145.27,145.74,144.97,145.19,3851400
DIA,2015-05-14,146.04,146.71,145.98,146.63,4921400
DIA,2015-05-15,146.71,146.93,146.43,146.9,4522200
DIA,2015-05-18,146.86,147.33,146.67,147.06,2890500
DIA,2015-05-19,147.26,147.55,146.82,147.27,2766600
DIA,2015-05-20,147.51,147.6,146.97,147.09,5080800
DIA,2015-05-21,147.02,147.35,146.81,147.15,2724200
DIA,2015-05-22,146.93,147.11,146.55,146.73,2357000
DIA,2015-05-26,146.46,146.46,144.74,145.21,5529700
DIA,2015-05-27,145.53,146.35,145.27,146.13,3588200
DIA,2015-05-28,145.8,145.98,145.43,145.95,3660900
DIA,2015-05-29,145.85,145.87,144.64,145.0,4923700
DIA,2015-06-01,145.71,145.83,144.75,145.23,4349000
DIA,2015-06-02,144.97,145.68,144.32,145.03,5106200
DIA,2015-06-03,145.59,146.31,145.0,145.62,5481500
DIA,2015-06-04,145.05,145.65,143.93,144.27,7312500
DIA,2015-06-05,144.17,144.47,143.5,143.7,5228700
DIA,2015-06-08,143.71,143.78,143.04,143.14,4380500
DIA,2015-06-09,143.15,143.51,142.65,143.06,4722400
DIA,2015-06-10,143.6,145.34,143.6,144.96,5480900
DIA,2015-06-11,145.46,145.92,145.22,145.42,3714800
DIA,2015-06-12,144.79,144.96,143.88,144.21,4566800
DIA,2015-06-15,143.21,143.59,142.58,143.38,5502700
DIA,2015-06-16,143.35,144.39,143.2,144.27,3276900
DIA,2015-06-17,144.63,145.02,143.69,144.49,3650900
DIA,2015-06-18,145.08,146.47,145.02,145.98,6542800
DIA,2015-06-19,145.81,145.89,145.07,145.1,3964000
DIA,2015-06-22,146.12,146.5,145.83,146.03,4048300
DIA,2015-06-23,146.2,146.56,145.9,146.2,3116800
DIA,2015-06-24,145.74,146.07,144.8,144.82,4328900
DIA,2015-06-25,145.33,145.39,144.15,144.2,3602700
DIA,2015-06-26,144.65,145.15,144.23,144.59,4855500
DIA,2015-06-29,143.35,143.85,141.73,141.77,8888700
DIA,2015-06-30,142.87,142.88,141.62,141.92,9149800
DIA,2015-07-01,143.33,143.53,142.53,143.19,4135100
DIA,2015-07-02,143.51,143.72,142.59,142.91,4008600
DIA,2015-07-06,141.73,142.98,141.53,142.61,3748700
DIA,2015-07-07,142.77,143.46,140.8,143.38,7783800
DIA,2015-07-08,142.15,142.42,141.08,141.26,6849400
DIA,2015-07-09,142.99,143.25,141.43,141.47,4581400
DIA,2015-07-10,143.05,143.52,142.56,143.2,4504400
DIA,2015-07-13,144.35,145.05,144.32,144.97,3873800
DIA,2015-07-14,144.85,145.73,144.73,145.56,2757100
DIA,2015-07-15,145.55,145.87,145.21,145.57,3407900
DIA,2015-07-16,146.26,146.3,145.7,146.16,2495100
DIA,2015-07-17,145.83,145.93,145.44,145.87,2762300
DIA,2015-07-20,146.2,146.32,145.72,145.99,2961600
DIA,2015-07-21,145.18,145.2,144.16,144.6,5026700
DIA,2015-07-22,144.16,144.56,143.68,144.06,3811500
DIA,2015-07-23,144.08,144.08,142.87,143.14,4968600
DIA,2015-07-24,143.19,143.21,141.64,141.81,4591300
DIA,2015-07-27,140.96,141.21,140.4,140.77,5370200
DIA,2015-07-28,141.28,142.42,140.82,142.29,5625900
DIA,2015-07-29,142.46,143.46,142.34,143.22,4175900
DIA,2015-07-30,143.04,143.32,142.3,143.18,3659000
DIA,2015-07-31,143.55,143.6,142.59,142.75,4483800
DIA,2015-08-03,142.86,142.9,141.18,142.0,4530500
DIA,2015-08-04,142.03,142.3,141.25,141.65,4055700
DIA,2015-08-05,142.07,142.62,141.41,141.68,4565500
DIA,2015-08-06,141.78,141.92,140.3,140.76,5374100
DIA,2015-08-07,140.49,140.68,139.61,140.45,6158400
DIA,2015-08-10,141.23,142.46,141.23,142.35,4504000
DIA,2015-08-11,141.06,141.3,140.24,140.67,6761100
DIA,2015-08-12,139.64,140.91,138.48,140.75,8825600
DIA,2015-08-13,140.57,141.37,140.22,140.83,6562700
DIA,2015-08-14,140.72,141.45,140.63,141.31,3512200
DIA,2015-08-17,140.78,141.98,140.28,141.96,4055400
DIA,2015-08-18,141.62,142.14,141.45,141.66,4050400
DIA,2015-08-19,140.85,141.79,139.87,140.37,10988700
DIA,2015-08-20,139.17,139.41,137.53,137.53,12317200
DIA,2015-08-21,136.0,136.72,133.26,133.26,18858700
DIA,2015-08-24,126.37,132.49,122.05,128.38,35102400
DIA,2015-08-25,132.39,132.67,126.68,126.85,19357000
DIA,2015-08-26,130.01,132.04,127.8,131.85,19884300
DIA,2015-08-27,133.63,134.95,132.15,134.92,15223700
DIA,2015-08-28,134.33,135.06,133.94,134.82,8115700
DIA,2015-08-31,134.03,134.7,133.19,133.89,6363700
DIA,2015-09-01,130.82,131.81,129.48,130.06,14266900
DIA,2015-09-02,132.07,132.51,130.74,132.49,8260600
DIA,2015-09-03,133.2,134.14,132.23,132.66,8023700
DIA,2015-09-04,130.84,131.27,129.88,130.48,8651100
DIA,2015-09-08,132.78,133.77,132.35,133.67,6821700
DIA,2015-09-09,134.98,135.13,131.5,131.73,7865700
DIA,2015-09-10,131.75,133.34,131.43,132.44,8327000
DIA,2015-09-11,132.04,133.29,131.72,133.25,6202300
DIA,2015-09-14,133.31,133.4,132.42,132.75,4595600
DIA,2015-09-15,133.22,134.98,132.91,134.64,6516100
DIA,2015-09-16,134.93,135.89,134.55,135.78,5511700
DIA,2015-09-17,135.7,137.34,134.94,135.21,14270000
DIA,2015-09-18,133.19,134.2,132.54,132.82,10400500
DIA,2015-09-21,133.74,134.46,132.93,133.93,7762600
DIA,2015-09-22,132.07,132.67,131.55,132.38,8979600
DIA,2015-09-23,132.59,132.69,131.47,132.05,4554900
DIA,2015-09-24,130.86,131.76,129.89,131.46,8451800
DIA,2015-09-25,133.06,133.54,131.62,132.28,10474600
DIA,2015-09-28,131.6,131.62,129.6,129.78,10013100
DIA,2015-09-29,129.93,130.73,129.28,130.13,9906200
DIA,2015-09-30,131.6,132.18,130.8,132.07,7621400
DIA,2015-10-01,132.39,132.62,130.36,131.97,6862800
DIA,2015-10-02,130.23,133.67,129.89,133.67,11877500
DIA,2015-10-05,134.61,136.26,134.4,136.1,6342100
DIA,2015-10-06,136.23,136.79,135.83,136.19,6661000
DIA,2015-10-07,136.93,137.64,136.01,137.21,8832800
DIA,2015-10-08,136.99,138.6,136.79,138.37,8160300
DIA,2015-10-09,138.57,138.86,138.15,138.68,5006100
DIA,2015-10-12,138.66,139.07,138.45,139.02,2835800
DIA,2015-10-13,138.27,139.35,138.18,138.59,5909300
DIA,2015-10-14,138.47,138.84,137.03,137.31,5424000
DIA,2015-10-15,137.58,139.14,137.41,139.14,9637200
DIA,2015-10-16,139.3,139.72,138.8,139.66,8353700
DIA,2015-10-19,139.17,139.86,138.98,139.85,4859800
DIA,2015-10-20,139.42,140.07,139.14,139.76,4140900
DIA,2015-10-21,140.11,140.53,139.21,139.33,5801400
DIA,2015-10-22,140.21,142.12,140.14,142.03,8553100
DIA,2015-10-23,143.01,143.53,142.5,143.31,7642900
DIA,2015-10-26,143.2,143.38,142.9,143.02,3795900
DIA,2015-10-27,142.46,143.16,142.39,142.74,4696100
DIA,2015-10-28,143.02,144.37,142.49,144.37,7348500
DIA,2015-10-29,143.84,144.4,143.56,144.13,4726900
DIA,2015-10-30,144.34,144.49,143.37,143.41,6527500
DIA,2015-11-02,143.71,144.87,143.6,144.73,4178300
DIA,2015-11-03,144.57,145.93,144.47,145.5,4284900
DIA,2015-11-04,145.91,145.92,144.79,145.16,6870400
DIA,2015-11-05,145.24,145.65,144.41,145.15,5008100
DIA,2015-11-06,145.03,145.58,144.4,145.56,7642800
DIA,2015-11-09,145.04,145.12,143.6,144.16,7962300
DIA,2015-11-10,143.8,144.52,143.6,144.45,4837700
DIA,2015-11-11,144.77,144.83,143.91,143.99,2860300
DIA,2015-11-12,143.08,143.29,141.86,141.93,6164400
DIA,2015-11-13,141.44,141.83,140.2,140.25,8011100
DIA,2015-11-16,140.16,142.24,139.88,142.21,5012900
DIA,2015-11-17,142.68,143.21,142.0,142.32,6612200
DIA,2015-11-18,142.75,144.5,142.74,144.41,6254400
DIA,2015-11-19,143.97,144.67,143.94,144.36,5457300
DIA,2015-11-20,145.24,145.89,144.82,145.15,7730000
DIA,2015-11-23,145.0,145.49,144.53,144.89,2597000
DIA,2015-11-24,144.02,145.43,143.97,145.08,4369900
DIA,2015-11-25,145.11,145.37,144.93,145.04,2227400
DIA,2015-11-27,144.94,145.25,144.58,145.02,2878200
DIA,2015-11-30,145.21,145.37,144.39,144.47,3578500
DIA,2015-12-01,145.03,145.83,144.81,145.76,6058300
DIA,2015-12-02,145.62,145.95,144.35,144.52,7427100
DIA,2015-12-03,144.82,144.97,142.05,142.52,7005500
DIA,2015-12-04,142.86,145.65,142.77,145.44,6251600
DIA,2015-12-07,145.12,145.17,143.81,144.56,5647000
DIA,2015-12-08,143.21,144.17,142.59,143.28,6890200
DIA,2015-12-09,143.01,144.9,141.9,142.65,9545800
DIA,2015-12-10,142.8,144.39,142.53,143.37,5613800
DIA,2015-12-11,141.55,142.15,140.58,140.8,8895600
DIA,2015-12-14,141.0,141.8,139.82,141.76,12321600
DIA,2015-12-15,142.58,143.84,142.58,143.03,8039800
DIA,2015-12-16,143.82,145.1,142.63,144.81,11286600
DIA,2015-12-17,145.22,145.25,142.73,142.74,8504100
DIA,2015-12-18,142.04,142.1,139.63,139.72,10946100
DIA,2015-12-21,140.77,140.99,139.65,140.74,6466700
DIA,2015-12-22,141.44,142.4,140.68,142.18,6003700
DIA,2015-12-23,143.17,143.66,142.79,143.65,6456600
DIA,2015-12-24,143.53,143.66,143.13,143.17,1765100
DIA,2015-12-28,142.57,143.09,142.27,142.97,2932200
DIA,2015-12-29,143.96,144.83,143.8,144.61,6145700
DIA,2015-12-30,144.27,144.39,143.49,143.64,2910000
DIA,2015-12-31,143.06,143.52,142.15,142.16,5773400
DIA,2016-01-04,139.76,139.98,138.37,139.96,14350800
DIA,2016-01-05,140.28,140.32,139.04,140.04,9413000
DIA,2016-01-06,138.02,138.88,137.28,138.04,8713600
DIA,2016-01-07,135.6,137.22,134.39,134.78,15400600
DIA,2016-01-08,135.6,135.95,133.18,133.38,12512400
DIA,2016-01-11,134.13,134.41,132.49,133.86,12353700
DIA,2016-01-12,134.97,135.45,133.22,134.78,10250300
DIA,2016-01-13,135.26,135.5,131.61,131.83,16369400
DIA,2016-01-14,132.38,134.56,131.23,133.66,14749500
DIA,2016-01-15,130.2,131.27,129.35,130.54,19969100
DIA,2016-01-19,131.99,132.12,129.83,130.82,10233800
DIA,2016-01-20,128.55,129.88,126.21,128.85,16436000
DIA,2016-01-21,129.01,131.04,128.25,129.66,16782400
DIA,2016-01-22,131.54,131.81,130.49,131.45,7390600
DIA,2016-01-25,131.14,131.39,129.71,129.74,5782500
DIA,2016-01-26,130.39,132.21,130.38,132.06,5945200
DIA,2016-01-27,131.27,132.62,129.66,130.23,10121900
DIA,2016-01-28,131.36,131.54,129.55,131.22,8613400
DIA,2016-01-29,132.12,134.42,131.89,134.37,6182800
DIA,2016-02-01,133.57,134.86,133.11,134.35,6977300
DIA,2016-02-02,133.01,133.01,131.57,131.95,7901000
DIA,2016-02-03,132.78,133.87,130.38,133.42,14249300
DIA,2016-02-04,133.11,134.72,132.91,134.18,11715800
DIA,2016-02-05,133.96,134.08,131.8,132.39,8292500
DIA,2016-02-08,130.89,131.46,129.21,131.09,13377600
DIA,2016-02-09,129.61,131.99,129.58,131.0,11449200
DIA,2016-02-10,131.6,132.68,130.17,130.3,8205700
DIA,2016-02-11,128.18,129.18,126.93,128.18,14806700
DIA,2016-02-12,129.3,130.78,128.89,130.78,7073000
DIA,2016-02-16,132.24,132.67,131.31,132.6,5451200
DIA,2016-02-17,133.6,135.1,133.52,134.83,5584200
DIA,2016-02-18,135.16,135.26,134.31,134.5,5187600
DIA,2016-02-19,133.9,134.42,133.41,134.33,4660600
DIA,2016-02-22,135.68,136.59,135.5,136.16,3450700
DIA,2016-02-23,135.89,136.02,134.44,134.69,6052800
DIA,2016-02-24,133.42,135.31,132.5,135.12,8003800
DIA,2016-02-25,135.42,136.9,134.9,136.9,5266900
DIA,2016-02-26,137.72,137.81,136.31,136.44,3798000
DIA,2016-02-29,136.34,137.21,135.36,135.36,3485000
DIA,2016-03-01,136.22,138.34,135.97,138.28,3914300
DIA,2016-03-02,137.87,138.62,137.48,138.58,3106200
DIA,2016-03-03,138.45,138.99,137.95,138.96,2968200
DIA,2016-03-04,139.11,139.95,138.61,139.51,3524900
DIA,2016-03-07,138.98,140.26,138.92,140.0,3236000
DIA,2016-03-08,139.33,140.12,138.86,139.18,2832700
DIA,2016-03-09,139.83,139.98,139.12,139.51,3584000
DIA,2016-03-10,140.04,140.64,138.1,139.54,4862300
DIA,2016-03-11,140.7,141.42,140.66,141.32,3674200
DIA,2016-03-14,140.89,141.87,140.89,141.47,2658400
DIA,2016-03-15,140.82,141.69,140.58,141.66,2431600
DIA,2016-03-16,141.31,142.73,141.28,142.34,3556200
DIA,2016-03-17,142.33,143.93,142.02,143.55,4070500
DIA,2016-03-18,144.13,144.69,143.94,144.47,5112000
DIA,2016-03-21,144.42,144.9,144.11,144.74,2884900
DIA,2016-03-22,144.15,144.94,144.03,144.48,3980100
DIA,2016-03-23,144.09,144.36,143.58,143.75,5039200
DIA,2016-03-24,142.96,143.86,142.84,143.86,5104900
DIA,2016-03-28,144.01,144.39,143.63,144.01,3098800
DIA,2016-03-29,143.49,144.88,143.13,144.79,5584100
DIA,2016-03-30,145.64,146.09,145.15,145.46,3858000
DIA,2016-03-31,145.49,145.8,145.08,145.26,3155400
DIA,2016-04-01,144.49,146.25,144.24,146.14,4035200
DIA,2016-04-04,146.07,146.27,145.45,145.65,2318900
DIA,2016-04-05,144.79,145.52,144.38,144.58,5439600
DIA,2016-04-06,144.61,145.62,144.1,145.58,4086700
DIA,2016-04-07,144.55,144.92,143.64,144.14,5251900
DIA,2016-04-08,144.93,145.39,144.0,144.45,2565300
DIA,2016-04-11,144.83,145.69,144.24,144.27,3237700
DIA,2016-04-12,144.51,145.78,144.2,145.63,3588400
DIA,2016-04-13,146.37,147.21,146.31,147.13,5400200
DIA,2016-04-14,147.22,147.61,146.99,147.29,3689700
DIA,2016-04-15,147.29,147.42,146.82,147.04,3799900
DIA,2016-04-18,146.59,147.99,146.56,147.94,2573700
DIA,2016-04-19,148.24,148.76,147.79,148.39,2992100
DIA,2016-04-20,148.13,149.29,148.13,148.74,2628900
DIA,2016-04-21,148.65,148.85,147.65,147.88,2760300
DIA,2016-04-22,147.8,148.19,147.2,148.04,2410500
DIA,2016-04-25,147.49,147.79,146.75,147.75,2485500
DIA,2016-04-26,147.99,148.34,147.39,147.83,2241000
DIA,2016-04-27,147.4,148.66,147.29,148.33,3569300
DIA,2016-04-28,147.35,148.25,146.27,146.64,3550700
DIA,2016-04-29,145.99,146.44,145.07,146.14,5496000
DIA,2016-05-02,146.55,147.23,146.08,147.06,2463100
DIA,2016-05-03,146.05,146.34,145.23,145.9,4643200
DIA,2016-05-04,145.15,145.83,144.75,145.1,3446000
DIA,2016-05-05,145.52,145.84,144.83,145.2,1778800
DIA,2016-05-06,144.58,145.99,144.57,145.94,2940800
DIA,2016-05-09,145.86,146.28,145.34,145.64,1921700
DIA,2016-05-10,146.25,147.52,146.18,147.47,2867200
DIA,2016-05-11,147.06,147.25,145.87,145.9,2697200
DIA,2016-05-12,146.32,146.58,145.16,146.0,2534900
DIA,2016-05-13,145.57,146.08,144.22,144.41,3336800
DIA,2016-05-16,144.58,146.23,144.49,145.87,2393500
DIA,2016-05-17,145.58,145.85,143.95,144.47,3349500
DIA,2016-05-18,144.08,145.43,143.62,144.53,4097800
DIA,2016-05-19,143.97,144.18,142.92,143.75,5090900
DIA,2016-05-20,144.29,144.96,144.11,144.32,2749700
DIA,2016-05-23,144.39,144.79,144.19,144.34,1736000
DIA,2016-05-24,145.14,146.36,145.05,146.05,2797000
DIA,2016-05-25,146.58,147.61,146.54,147.23,2711900
DIA,2016-05-26,147.4,147.56,146.85,147.06,2263200
DIA,2016-05-27,147.18,147.48,147.04,147.41,1628300
DIA,2016-05-31,147.8,147.8,146.28,146.71,2395400
DIA,2016-06-01,146.15,146.98,145.8,146.77,2481200
DIA,2016-06-02,146.42,147.25,146.15,147.23,1965900
DIA,2016-06-03,146.89,147.23,146.04,147.04,4367200
DIA,2016-06-06,147.4,148.2,147.33,147.97,2720300
DIA,2016-06-07,148.2,148.64,148.1,148.13,1572300
DIA,2016-06-08,148.37,148.8,148.27,148.7,1713500
DIA,2016-06-09,148.13,148.68,147.94,148.55,2141800
DIA,2016-06-10,147.57,148.02,147.09,147.58,4126600
DIA,2016-06-13,146.99,147.82,146.47,146.47,5111300
DIA,2016-06-14,146.17,146.52,145.34,146.01,3643400
DIA,2016-06-15,146.38,146.86,145.66,145.81,2470100
DIA,2016-06-16,145.12,146.72,144.35,146.55,5573700
DIA,2016-06-17,146.59,146.59,145.44,146.06,2748000
DIA,2016-06-20,147.62,148.31,147.09,147.12,2958400
DIA,2016-06-21,147.39,147.73,147.07,147.34,1854700
DIA,2016-06-22,147.48,148.08,146.82,146.93,2966200
DIA,2016-06-23,148.13,148.8,147.84,148.79,2949100
DIA,2016-06-24,144.43,146.2,143.4,143.67,11377900
DIA,2016-06-27,142.72,142.72,140.98,141.66,7683900
DIA,2016-06-28,143.03,143.86,142.49,143.83,5642800
DIA,2016-06-29,144.94,146.31,144.81,146.16,5578200
DIA,2016-06-30,146.5,148.18,146.35,148.12,5069000
DIA,2016-07-01,147.93,148.78,147.93,148.37,3998200
DIA,2016-07-05,147.77,147.85,147.01,147.46,3233100
DIA,2016-07-06,146.97,148.2,146.43,148.1,5395400
DIA,2016-07-07,148.24,148.71,147.32,147.94,2343300
DIA,2016-07-08,148.95,150.24,148.93,150.02,5177300
DIA,2016-07-11,150.48,151.2,150.42,150.7,2358700
DIA,2016-07-12,151.43,151.94,151.24,151.75,3128000
DIA,2016-07-13,151.99,152.09,151.47,151.92,2390500
DIA,2016-07-14,153.13,153.31,152.73,153.05,3354700
DIA,2016-07-15,153.48,153.61,152.74,153.09,3837200
DIA,2016-07-18,153.05,153.51,152.95,153.26,2134900
DIA,2016-07-19,153.2,153.54,153.04,153.54,2046300
DIA,2016-07-20,153.94,154.09,153.52,153.84,2159500
DIA,2016-07-21,153.64,153.8,152.81,153.18,2837700
DIA,2016-07-22,153.19,153.67,152.99,153.62,3078300
DIA,2016-07-25,153.42,153.44,152.67,153.04,2316600
DIA,2016-07-26,152.87,153.21,152.12,152.86,4744400
DIA,2016-07-27,153.31,153.43,152.46,152.85,4146700
DIA,2016-07-28,152.6,152.91,151.97,152.68,2906300
DIA,2016-07-29,152.24,152.78,151.98,152.47,4207300
DIA,2016-08-01,152.66,152.8,151.85,152.26,3295900
DIA,2016-08-02,152.12,152.27,150.97,151.51,5139500
DIA,2016-08-03,151.41,151.89,151.3,151.84,3008200
DIA,2016-08-04,151.95,152.27,151.66,151.91,2368900
DIA,2016-08-05,152.7,153.43,151.89,153.41,4187700
DIA,2016-08-08,153.61,153.77,153.21,153.43,2076700
DIA,2016-08-09,153.51,153.91,153.24,153.48,1903800
DIA,2016-08-10,153.52,153.84,153.06,153.29,1618300
DIA,2016-08-11,153.77,154.5,153.69,154.27,2188700
DIA,2016-08-12,154.14,154.23,153.62,153.94,2514300
DIA,2016-08-15,154.35,154.75,154.29,154.45,1561500
DIA,2016-08-16,154.16,154.33,153.79,153.82,1614100
DIA,2016-08-17,153.83,154.21,153.27,154.1,2952000
DIA,2016-08-18,154.0,154.36,153.79,154.3,2571800
DIA,2016-08-19,153.98,154.27,153.5,154.0,2368500
DIA,2016-08-22,153.69,154.16,153.29,153.83,3152400
DIA,2016-08-23,154.32,154.67,153.94,153.98,1647900
DIA,2016-08-24,153.78,153.9,153.14,153.45,1882900
DIA,2016-08-25,153.14,153.56,152.99,153.21,2034900
DIA,2016-08-26,153.42,154.18,152.19,152.75,3403500
DIA,2016-08-29,152.76,153.77,152.76,153.59,2229800
DIA,2016-08-30,153.68,153.86,152.92,153.33,1866700
DIA,2016-08-31,153.11,153.2,152.3,152.85,1876400
DIA,2016-09-01,152.68,153.14,151.99,152.99,3003500
DIA,2016-09-02,153.68,154.08,153.17,153.62,2652800
DIA,2016-09-06,153.83,154.14,153.28,154.0,2152300
DIA,2016-09-07,154.04,154.07,153.55,154.0,1803600
DIA,2016-09-08,153.47,153.83,153.3,153.59,2229900
DIA,2016-09-09,152.55,152.7,150.34,150.34,8242600
DIA,2016-09-12,149.65,152.6,149.52,152.32,7056100
DIA,2016-09-13,151.29,151.51,149.9,150.24,7477500
DIA,2016-09-14,150.28,151.03,149.59,149.94,2990400
DIA,2016-09-15,149.89,151.76,149.77,151.46,3932400
DIA,2016-09-16,151.12,151.12,150.24,150.68,2844300
DIA,2016-09-19,151.44,151.8,150.43,150.69,2260400
DIA,2016-09-20,151.38,151.57,150.73,150.75,1997800
DIA,2016-09-21,151.25,152.24,150.67,152.09,4496500
DIA,2016-09-22,152.92,153.42,152.63,152.92,2323500
DIA,2016-09-23,152.71,152.8,151.78,151.89,1741500
DIA,2016-09-26,151.13,151.16,150.35,150.5,2639800
DIA,2016-09-27,150.35,151.65,150.07,151.54,3717300
DIA,2016-09-28,151.84,152.56,151.14,152.45,6413000
DIA,2016-09-29,152.22,152.72,150.41,150.89,3376400
DIA,2016-09-30,151.64,152.74,151.51,152.19,4583000
DIA,2016-10-03,151.79,152.01,151.35,151.8,1987600
DIA,2016-10-04,152.05,152.31,150.65,151.1,2811200
DIA,2016-10-05,151.67,152.39,151.63,152.09,1818200
DIA,2016-10-06,151.82,152.15,151.09,151.97,2368100
DIA,2016-10-07,152.2,152.36,150.97,151.72,2527700
DIA,2016-10-10,151.72,153.08,151.72,152.47,1879100
DIA,2016-10-11,152.25,152.28,150.25,150.87,3949800
DIA,2016-10-12,150.7,151.37,150.42,151.01,1920200
DIA,2016-10-13,149.98,150.89,149.4,150.57,3460100
DIA,2016-10-14,151.54,151.92,150.88,150.94,2698100
DIA,2016-10-17,150.84,151.13,150.25,150.47,1801800
DIA,2016-10-18,151.49,151.62,150.8,151.01,1720700
DIA,2016-10-19,151.41,151.88,151.18,151.54,1503700
DIA,2016-10-20,151.3,151.91,150.89,151.15,2359600
DIA,2016-10-21,150.52,151.23,150.21,151.04,5607600
DIA,2016-10-24,151.99,152.1,151.39,151.65,1905700
DIA,2016-10-25,151.54,151.83,151.06,151.25,3351100
DIA,2016-10-26,150.52,151.79,150.31,151.49,5375400
DIA,2016-10-27,151.94,151.98,151.04,151.29,2027100
DIA,2016-10-28,151.54,151.95,150.58,151.15,3726600
DIA,2016-10-31,151.34,151.44,150.89,150.99,1415600
DIA,2016-11-01,151.29,151.29,149.3,150.12,3622300
DIA,2016-11-02,149.74,150.19,149.23,149.48,3552700
DIA,2016-11-03,149.77,149.93,149.05,149.28,1966900
DIA,2016-11-04,149.28,149.74,148.89,148.94,4337500
DIA,2016-11-07,150.99,152.06,150.89,151.99,3402400
DIA,2016-11-08,151.85,153.39,151.7,152.84,3437500
DIA,2016-11-09,151.63,155.48,151.48,154.99,8363900
DIA,2016-11-10,155.71,157.37,155.31,156.8,8748100
DIA,2016-11-11,156.65,157.21,156.2,157.08,5003800
DIA,2016-11-14,157.61,157.85,156.85,157.33,4796400
DIA,2016-11-15,157.32,157.81,156.8,157.8,3750000
DIA,2016-11-16,157.35,157.67,157.13,157.5,3459100
DIA,2016-11-17,157.6,157.8,157.3,157.77,4211200
DIA,2016-11-18,157.88,157.93,157.4,157.51,4359200
DIA,2016-11-21,157.87,158.31,157.63,158.25,2999100
DIA,2016-11-22,158.73,159.01,158.32,158.82,2756300
DIA,2016-11-23,158.74,159.34,158.69,159.29,2465900
DIA,2016-11-25,159.71,159.92,159.62,159.89,1547100
DIA,2016-11-28,159.58,159.81,159.24,159.45,3159600
DIA,2016-11-29,159.49,159.99,159.37,159.8,2264900
DIA,2016-11-30,160.45,160.68,159.92,159.97,4774600
DIA,2016-12-01,160.34,160.61,160.11,160.39,8323900
DIA,2016-12-02,160.4,160.46,160.0,160.26,2773600
DIA,2016-12-05,160.87,161.12,160.38,160.66,2925600
DIA,2016-12-06,160.61,160.95,160.36,160.88,2669400
DIA,2016-12-07,160.87,163.56,160.82,163.38,7241300
DIA,2016-12-08,163.67,164.48,163.32,164.05,7032100
DIA,2016-12-09,164.18,165.25,164.13,165.23,4392300
DIA,2016-12-12,165.35,165.81,165.22,165.55,3791700
DIA,2016-12-13,166.29,166.93,166.02,166.52,5357500
DIA,2016-12-14,166.3,167.02,165.16,165.6,7456100
DIA,2016-12-15,165.94,166.89,165.77,166.04,6033000
DIA,2016-12-16,166.43,166.66,165.8,166.01,4467700
DIA,2016-12-19,166.1,166.6,166.02,166.35,2729400
DIA,2016-12-20,166.82,167.2,166.74,167.04,3062600
DIA,2016-12-21,167.05,167.2,166.8,166.82,2523500
DIA,2016-12-22,166.77,166.83,166.33,166.66,2250900
DIA,2016-12-23,166.65,166.74,166.46,166.73,1374200
DIA,2016-12-27,166.82,167.14,166.79,166.86,2340700
DIA,2016-12-28,167.12,167.15,165.85,165.92,3818100
DIA,2016-12-29,165.84,166.28,165.54,165.84,3018700
DIA,2016-12-30,166.06,166.07,164.94,165.44,4277400
DIA,2017-01-03,166.61,166.77,165.41,166.2,6669800
DIA,2017-01-04,166.48,166.99,166.35,166.81,4823200
DIA,2017-01-05,166.64,166.91,165.76,166.48,4124500
DIA,2017-01-06,166.46,167.38,165.99,167.11,4322600
DIA,2017-01-09,166.76,166.91,166.48,166.48,2303500
DIA,2017-01-10,166.45,167.03,166.02,166.18,3029200
DIA,2017-01-11,166.38,167.16,165.97,166.96,5209800
DIA,2017-01-12,166.59,166.61,165.45,166.48,3865200
DIA,2017-01-13,166.61,166.98,166.12,166.43,3468900
DIA,2017-01-17,166.07,166.39,165.5,165.92,3329800
DIA,2017-01-18,165.92,166.04,165.26,165.81,4634800
DIA,2017-01-19,165.87,165.98,164.75,165.24,3050900
DIA,2017-01-20,165.62,166.18,165.43,165.98,6999000
DIA,2017-01-23,165.89,166.1,165.21,165.83,3249700
DIA,2017-01-24,165.83,167.03,165.69,166.71,5205800
DIA,2017-01-25,167.7,168.15,167.48,168.04,4880800
DIA,2017-01-26,168.19,168.5,168.04,168.29,3999700
DIA,2017-01-27,168.27,168.42,168.06,168.22,3576500
DIA,2017-01-30,167.54,167.6,166.36,167.17,4718000
DIA,2017-01-31,166.61,166.76,165.64,166.31,4628100
DIA,2017-02-01,166.96,167.18,166.18,166.54,3676900
DIA,2017-02-02,166.14,166.82,166.03,166.52,2640600
DIA,2017-02-03,167.34,168.17,167.22,168.01,4857300
DIA,2017-02-06,167.71,168.27,167.5,167.92,2770900
DIA,2017-02-07,168.43,168.78,168.05,168.17,2606300
DIA,2017-02-08,168.11,168.27,167.81,168.11,2291500
DIA,2017-02-09,168.37,169.46,168.33,169.13,3487600
DIA,2017-02-10,169.62,170.2,169.42,169.98,2880300
DIA,2017-02-13,170.47,171.44,170.47,171.21,2637400
DIA,2017-02-14,171.09,172.03,171.0,172.02,3586600
DIA,2017-02-15,172.21,173.13,172.12,173.04,3646000
DIA,2017-02-16,173.18,173.32,172.59,173.12,4589600
DIA,2017-02-17,172.37,173.12,172.36,173.09,5747700
DIA,2017-02-21,173.66,174.28,173.54,174.09,3076400
DIA,2017-02-22,173.8,174.47,173.73,174.41,2254400
DIA,2017-02-23,174.92,175.0,174.21,174.72,3179900
DIA,2017-02-24,174.1,174.83,174.09,174.81,3703900
DIA,2017-02-27,174.64,175.18,174.54,175.11,3433700
DIA,2017-02-28,174.96,175.13,174.6,174.85,2821900
DIA,2017-03-01,176.48,177.89,176.45,177.41,7846100
DIA,2017-03-02,177.55,177.55,176.42,176.46,3336900
DIA,2017-03-03,176.6,176.82,176.06,176.48,2589000
DIA,2017-03-06,175.93,176.36,175.73,176.11,2524700
DIA,2017-03-07,175.89,176.27,175.69,175.85,2741000
DIA,2017-03-08,176.2,176.22,175.23,175.38,3173100
DIA,2017-03-09,175.49,175.79,174.76,175.43,4430100
DIA,2017-03-10,176.29,176.3,175.17,175.84,3004000
DIA,2017-03-13,175.82,176.0,175.37,175.66,2261800
DIA,2017-03-14,175.35,175.61,174.85,175.32,4433000
DIA,2017-03-15,175.57,176.48,175.47,176.2,5737000
DIA,2017-03-16,176.69,176.69,175.75,176.08,3018400
DIA,2017-03-17,176.5,176.5,175.91,175.94,2873200
DIA,2017-03-20,175.93,176.28,175.68,175.89,3308600
DIA,2017-03-21,176.33,176.42,173.74,173.82,6192400
DIA,2017-03-22,173.49,174.01,173.11,173.87,3898500
DIA,2017-03-23,173.55,174.62,173.45,173.79,3840000
DIA,2017-03-24,174.02,174.28,172.68,173.32,4052700
DIA,2017-03-27,171.99,173.11,171.68,172.88,4559600
DIA,2017-03-28,172.75,174.43,172.61,174.16,3538000
DIA,2017-03-29,173.97,174.0,173.48,173.79,2323900
DIA,2017-03-30,173.78,174.59,173.65,174.34,2849200
DIA,2017-03-31,174.13,174.31,173.78,173.81,4179600
DIA,2017-04-03,173.96,174.06,172.58,173.74,4436100
DIA,2017-04-04,173.54,174.18,173.37,174.07,2555400
DIA,2017-04-05,174.87,175.76,173.66,173.75,4110400
DIA,2017-04-06,173.91,174.61,173.46,173.91,3186900
DIA,2017-04-07,173.69,174.43,173.43,173.85,2609300
DIA,2017-04-10,173.94,174.64,173.48,173.86,2395200
DIA,2017-04-11,173.71,173.88,172.63,173.8,3511500
DIA,2017-04-12,173.78,173.78,172.98,173.25,2181700
DIA,2017-04-13,172.97,173.48,172.15,172.15,3605200
DIA,2017-04-17,172.63,173.75,172.57,173.67,2260900
DIA,2017-04-18,172.99,173.37,172.2,172.75,2497900
DIA,2017-04-19,172.9,172.94,171.54,171.72,3606400
DIA,2017-04-20,172.14,173.7,171.99,173.27,3873700
DIA,2017-04-21,173.27,173.45,172.64,173.05,3034800
DIA,2017-04-24,174.8,175.05,174.55,174.84,3220200
DIA,2017-04-25,176.17,177.04,176.07,176.78,3483600
DIA,2017-04-26,176.89,177.42,176.58,176.61,2865300
DIA,2017-04-27,176.82,176.86,176.26,176.68,1951700
DIA,2017-04-28,176.74,176.74,176.18,176.28,1934000
DIA,2017-05-01,176.62,176.62,175.96,176.14,1886000
DIA,2017-05-02,176.29,176.46,176.0,176.32,1359700
DIA,2017-05-03,176.32,176.61,175.76,176.4,1829400
DIA,2017-05-04,176.76,176.76,175.54,176.37,2640100
DIA,2017-05-05,176.27,176.87,176.01,176.86,1673800
DIA,2017-05-08,176.8,177.07,176.66,176.99,2311000
DIA,2017-05-09,177.17,177.32,176.39,176.73,1570100
DIA,2017-05-10,176.37,176.89,176.13,176.61,1394300
DIA,2017-05-11,176.33,176.59,175.45,176.45,3093700
DIA,2017-05-12,176.18,176.45,176.06,176.22,1575100
DIA,2017-05-15,176.55,177.16,176.55,176.99,1818500
DIA,2017-05-16,177.32,177.44,176.6,177.01,1746600
DIA,2017-05-17,175.47,175.86,173.99,174.08,5717400
DIA,2017-05-18,173.71,175.33,173.56,174.49,6653800
DIA,2017-05-19,174.83,176.15,174.68,175.69,4892800
DIA,2017-05-22,176.15,176.62,176.15,176.43,2246200
DIA,2017-05-23,176.81,177.02,176.47,176.83,3457500
DIA,2017-05-24,177.0,177.54,176.8,177.42,3479500
DIA,2017-05-25,178.01,178.35,177.83,178.06,2198200
DIA,2017-05-26,178.03,178.18,177.84,178.03,1152200
DIA,2017-05-30,177.75,178.01,177.55,177.75,1066600
DIA,2017-05-31,177.92,177.92,177.0,177.57,1577500
DIA,2017-06-01,177.8,178.76,177.5,178.76,1827900
DIA,2017-06-02,178.8,179.44,178.65,179.19,2314000
DIA,2017-06-05,179.15,179.44,178.96,179.15,1923000
DIA,2017-06-06,178.7,179.08,178.56,178.73,2094800
DIA,2017-06-07,179.0,179.2,178.54,179.03,1545800
DIA,2017-06-08,178.94,179.86,178.75,179.15,2030300
DIA,2017-06-09,179.39,180.17,178.92,179.83,4271100
DIA,2017-06-12,179.65,179.93,179.16,179.6,3682300
DIA,2017-06-13,179.94,180.44,179.9,180.42,2426500
DIA,2017-06-14,180.77,180.96,180.09,180.82,5423100
DIA,2017-06-15,180.02,180.79,179.9,180.69,2571800
DIA,2017-06-16,180.72,180.94,180.29,180.92,2372000
DIA,2017-06-19,181.6,182.15,181.36,182.07,2103300
DIA,2017-06-20,182.04,182.2,181.6,181.63,1762100
DIA,2017-06-21,181.84,181.84,180.99,181.2,2129400
DIA,2017-06-22,181.36,181.54,181.0,181.06,2697100
DIA,2017-06-23,180.82,181.25,180.49,181.07,1346800
DIA,2017-06-26,181.54,181.93,180.89,181.18,1940400
DIA,2017-06-27,181.05,181.4,180.33,180.38,1981600
DIA,2017-06-28,180.38,181.74,180.38,181.49,4693700
DIA,2017-06-29,181.73,181.76,179.34,180.11,4372600
DIA,2017-06-30,180.57,181.28,180.42,180.65,2216600
DIA,2017-07-03,181.25,182.46,181.19,181.71,2134700
DIA,2017-07-05,181.92,181.99,181.15,181.78,1799000
DIA,2017-07-06,181.37,181.5,180.39,180.56,2297500
DIA,2017-07-07,180.9,181.43,180.8,181.33,1326500
DIA,2017-07-10,181.02,181.59,180.9,181.28,1156300
DIA,2017-07-11,181.21,181.54,180.17,181.27,1577600
DIA,2017-07-12,182.12,182.73,182.04,182.33,2103300
DIA,2017-07-13,182.39,182.61,182.14,182.53,1587400
DIA,2017-07-14,182.39,183.56,182.23,183.21,2395500
DIA,2017-07-17,183.26,183.4,183.02,183.17,2291000
DIA,2017-07-18,182.7,182.82,181.82,182.73,2247500
DIA,2017-07-19,182.89,183.27,182.7,183.26,1785800
DIA,2017-07-20,183.47,183.48,182.74,183.15,1372000
DIA,2017-07-21,182.5,182.8,182.13,182.79,2217300
DIA,2017-07-24,182.77,182.77,182.07,182.41,1459600
DIA,2017-07-25,183.61,183.63,182.75,183.07,1924200
DIA,2017-07-26,183.87,184.17,183.66,183.87,2041000
DIA,2017-07-27,184.27,184.67,183.72,184.64,3202400
DIA,2017-07-28,184.48,185.02,184.29,184.9,2305000
DIA,2017-07-31,185.43,185.75,185.3,185.48,1765000
DIA,2017-08-01,186.36,186.41,185.86,186.04,2307100
DIA,2017-08-02,186.43,186.69,186.1,186.48,3063300
DIA,2017-08-03,186.52,186.77,186.34,186.63,2496400
DIA,2017-08-04,187.12,187.15,186.6,187.06,1877700
DIA,2017-08-07,187.21,187.41,187.09,187.3,1902800
DIA,2017-08-08,187.26,188.0,186.95,187.16,3623900
DIA,2017-08-09,186.86,187.09,186.54,187.0,3555800
DIA,2017-08-10,186.42,186.49,185.35,185.39,7832600
DIA,2017-08-11,185.53,185.92,185.32,185.48,4944500
DIA,2017-08-14,186.48,186.82,186.42,186.55,2605000
DIA,2017-08-15,187.07,187.07,186.46,186.71,1835700
DIA,2017-08-16,187.17,187.51,186.82,186.98,2476100
DIA,2017-08-17,186.58,186.64,184.69,184.72,3535800
DIA,2017-08-18,184.47,185.04,183.76,184.08,4468500
DIA,2017-08-21,184.02,184.41,183.4,184.26,3467200
DIA,2017-08-22,184.83,186.05,184.74,185.92,2423200
DIA,2017-08-23,185.34,185.72,185.2,185.26,3660200
DIA,2017-08-24,185.8,185.8,184.87,185.04,1934400
DIA,2017-08-25,185.55,186.12,185.33,185.37,2373300
DIA,2017-08-28,185.76,185.82,184.93,185.28,1425000
DIA,2017-08-29,184.21,185.98,184.16,185.83,2013300
DIA,2017-08-30,185.97,186.32,185.66,186.12,1804100
DIA,2017-08-31,186.63,186.94,186.28,186.62,2173000
DIA,2017-09-01,187.14,187.38,186.89,186.96,2150200
DIA,2017-09-05,186.63,186.63,184.63,185.05,3828600
DIA,2017-09-06,185.79,185.86,185.37,185.54,1915500
DIA,2017-09-07,185.73,185.94,185.06,185.43,1982800
DIA,2017-09-08,185.0,185.89,184.92,185.54,2135800
DIA,2017-09-11,186.67,187.79,186.67,187.68,3019300
DIA,2017-09-12,188.16,188.37,187.94,188.24,2072900
DIA,2017-09-13,188.18,188.55,188.05,188.53,1720800
DIA,2017-09-14,188.43,189.1,188.41,189.0,1893700
DIA,2017-09-15,189.23,189.61,189.04,189.5,2377700
DIA,2017-09-18,189.91,190.31,189.69,190.11,1827300
DIA,2017-09-19,190.29,190.54,190.17,190.47,2042800
DIA,2017-09-20,190.46,190.78,189.93,190.74,1819900
DIA,2017-09-21,190.74,190.8,190.31,190.37,1741400
DIA,2017-09-22,190.16,190.37,189.82,190.14,2448400
DIA,2017-09-25,190.07,190.34,189.11,189.82,2844300
DIA,2017-09-26,190.02,190.4,189.65,189.71,1314500
DIA,2017-09-27,190.31,190.42,189.42,190.08,2381500
DIA,2017-09-28,189.95,190.63,189.72,190.48,1462800
DIA,2017-09-29,190.31,190.71,190.08,190.67,2415800
DIA,2017-10-02,190.99,192.01,190.84,191.88,2611200
DIA,2017-10-03,192.31,192.77,192.2,192.73,2510000
DIA,2017-10-04,192.86,193.11,192.68,192.88,1746900
DIA,2017-10-05,193.05,193.94,192.91,193.93,2258500
DIA,2017-10-06,193.67,193.92,193.58,193.85,2090300
DIA,2017-10-09,194.14,194.2,193.67,193.83,1006800
DIA,2017-10-10,194.41,194.6,193.93,194.45,1417700
DIA,2017-10-11,194.51,194.78,194.38,194.75,1423600
DIA,2017-10-12,194.65,194.92,194.36,194.51,1307300
DIA,2017-10-13,194.84,195.06,194.67,194.85,1744300
DIA,2017-10-16,195.14,195.54,194.92,195.47,2373400
DIA,2017-10-17,195.69,195.9,195.53,195.81,1838000
DIA,2017-10-18,196.79,197.37,196.71,197.18,2720500
DIA,2017-10-19,196.65,197.35,196.38,197.34,2305400
DIA,2017-10-20,198.2,198.76,197.7,198.76,3275700
DIA,2017-10-23,199.14,199.14,198.32,198.35,2325100
DIA,2017-10-24,199.6,200.1,199.47,199.75,3300500
DIA,2017-10-25,199.89,199.89,198.1,198.79,3813300
DIA,2017-10-26,199.43,199.86,199.29,199.37,2581500
DIA,2017-10-27,199.46,199.78,198.96,199.65,2944200
DIA,2017-10-30,199.09,199.62,198.78,198.93,2672500
DIA,2017-10-31,199.2,199.43,198.82,199.19,1772000
DIA,2017-11-01,200.01,200.37,199.27,199.66,2675700
DIA,2017-11-02,199.68,200.5,198.92,200.32,2459400
DIA,2017-11-03,200.66,200.69,200.05,200.51,2574400
DIA,2017-11-06,200.55,200.86,200.43,200.7,2549900
DIA,2017-11-07,200.95,201.1,200.09,200.71,2390700
DIA,2017-11-08,200.67,200.87,200.33,200.75,1531900
DIA,2017-11-09,199.92,200.59,198.79,200.12,4225200
DIA,2017-11-10,199.89,200.07,199.59,199.87,2506600
DIA,2017-11-13,199.21,200.17,199.19,200.06,2452400
DIA,2017-11-14,199.48,199.8,198.57,199.74,2566500
DIA,2017-11-15,198.79,199.22,198.35,198.62,2823600
DIA,2017-11-16,199.69,200.59,199.66,200.28,2933400
DIA,2017-11-17,199.78,199.95,199.43,199.46,3483300
DIA,2017-11-20,199.69,200.3,199.48,200.11,2056600
DIA,2017-11-21,200.98,201.68,200.92,201.46,2749900
DIA,2017-11-22,201.74,201.74,200.79,200.98,2860800
DIA,2017-11-24,201.31,201.58,201.19,201.24,1435500
DIA,2017-11-27,201.26,201.97,201.17,201.46,2329500
DIA,2017-11-28,201.96,203.78,201.89,203.69,4844500
DIA,2017-11-29,204.38,204.81,204.06,204.61,3376100
DIA,2017-11-30,205.69,208.09,205.46,207.54,6586400
DIA,2017-12-01,207.79,208.05,204.6,207.2,9772700
DIA,2017-12-04,209.39,209.87,207.73,207.77,6565800
DIA,2017-12-05,208.34,208.35,206.62,206.83,4925600
DIA,2017-12-06,206.58,207.25,206.43,206.49,3976100
DIA,2017-12-07,206.14,207.56,206.05,207.13,2718300
DIA,2017-12-08,207.83,208.21,207.31,208.2,2704300
DIA,2017-12-11,208.33,208.73,208.1,208.67,1857800
DIA,2017-12-12,209.32,210.12,209.21,209.76,3282400
DIA,2017-12-13,209.97,211.08,209.94,210.49,3748700
DIA,2017-12-14,211.0,211.15,209.78,209.87,4713300
DIA,2017-12-15,210.9,211.32,210.56,210.93,5862800
DIA,2017-12-18,212.44,212.89,212.03,212.25,3285700
DIA,2017-12-19,212.7,212.72,211.52,211.92,2773600
DIA,2017-12-20,212.71,212.77,211.37,211.63,2401400
DIA,2017-12-21,212.2,212.68,211.93,212.14,2446700
DIA,2017-12-22,212.07,212.1,211.55,211.92,1847000
DIA,2017-12-26,211.52,212.08,211.47,211.79,2156700
DIA,2017-12-27,211.7,212.16,211.66,211.99,2930300
DIA,2017-12-28,212.38,212.59,212.23,212.54,2743300
DIA,2017-12-29,212.92,212.95,211.72,211.9,2951800
DIA,2018-01-02,212.72,212.83,211.77,212.45,4454900
DIA,2018-01-03,212.7,213.48,212.49,213.24,5528600
DIA,2018-01-04,214.11,214.93,213.82,214.66,4932900
DIA,2018-01-05,215.33,216.58,214.97,216.47,3349200
DIA,2018-01-08,216.5,216.69,216.05,216.36,3847500
DIA,2018-01-09,216.88,217.82,216.47,217.42,5031400
DIA,2018-01-10,216.86,217.51,216.24,217.24,2357600
DIA,2018-01-11,217.57,219.0,217.44,218.95,2760400
DIA,2018-01-12,219.82,220.97,219.69,220.92,3678400
DIA,2018-01-16,222.94,223.35,220.06,220.83,8102900
DIA,2018-01-17,222.08,223.73,221.46,223.63,6144400
DIA,2018-01-18,223.77,223.84,222.18,222.85,4860200
DIA,2018-01-19,222.88,223.3,222.21,223.3,4057600
DIA,2018-01-22,222.58,224.56,222.52,224.53,3359900
DIA,2018-01-23,224.4,224.8,223.92,224.44,3483300
DIA,2018-01-24,225.4,226.06,223.58,225.04,7106400
DIA,2018-01-25,225.9,226.6,224.91,226.05,5918900
DIA,2018-01-26,226.54,227.92,226.3,227.9,3861700
DIA,2018-01-29,227.6,227.89,226.36,226.4,4605600
DIA,2018-01-30,224.1,224.92,222.91,223.36,9409500
DIA,2018-01-31,225.4,225.54,223.08,224.07,5360500
DIA,2018-02-01,222.79,225.32,222.64,224.22,5182000
DIA,2018-02-02,222.5,222.7,218.32,218.49,9486600
DIA,2018-02-05,216.16,218.56,204.89,208.49,19888200
DIA,2018-02-06,204.25,213.69,203.58,213.37,20493100
DIA,2018-02-07,212.75,216.65,212.18,213.2,12657100
DIA,2018-02-08,213.37,213.47,204.41,204.55,15829100
DIA,2018-02-09,206.9,209.15,200.34,207.43,19858000
DIA,2018-02-12,209.15,212.42,208.31,210.98,10458400
DIA,2018-02-13,209.74,211.91,209.4,211.32,6234000
DIA,2018-02-14,210.12,213.83,210.01,213.66,5764000
DIA,2018-02-15,215.65,216.4,212.97,216.4,6111500
DIA,2018-02-16,216.04,218.35,215.84,216.5,6399000
DIA,2018-02-20,215.19,216.18,213.6,214.25,8685200
DIA,2018-02-21,214.47,216.97,212.84,212.85,5894800
DIA,2018-02-22,213.63,215.98,213.55,214.37,6342300
DIA,2018-02-23,215.49,217.35,214.85,217.31,5119000
DIA,2018-02-26,218.52,220.98,218.21,220.76,6120900
DIA,2018-02-27,220.91,221.56,218.18,218.21,7219200
DIA,2018-02-28,219.26,219.77,214.98,214.98,5299300
DIA,2018-03-01,214.99,216.42,209.97,211.36,8144800
DIA,2018-03-02,209.27,211.31,208.07,210.82,6393400
DIA,2018-03-05,209.52,214.49,209.48,213.81,4891000
DIA,2018-03-06,214.97,214.97,212.28,213.81,4408500
DIA,2018-03-07,211.25,213.59,210.86,213.19,5362600
DIA,2018-03-08,214.06,214.56,212.42,214.07,5846600
DIA,2018-03-09,215.62,217.87,215.1,217.87,3904000
DIA,2018-03-12,218.29,218.87,216.27,216.5,5512800
DIA,2018-03-13,217.47,218.22,214.51,215.0,6100900
DIA,2018-03-14,216.02,216.2,212.16,212.99,6222800
DIA,2018-03-15,213.81,215.5,212.92,213.95,5069600
DIA,2018-03-16,213.97,215.32,213.77,214.43,3430100
DIA,2018-03-19,213.74,213.81,210.31,211.68,5739500
DIA,2018-03-20,212.18,213.35,212.04,212.71,3258400
DIA,2018-03-21,212.74,214.9,212.04,212.29,4341400
DIA,2018-03-22,210.12,210.93,205.88,206.04,7449700
DIA,2018-03-23,206.58,207.37,202.16,202.4,7598700
DIA,2018-03-26,205.76,208.45,204.18,208.16,6589700
DIA,2018-03-27,209.22,210.26,203.88,205.12,6513100
DIA,2018-03-28,205.77,207.22,204.06,205.11,7983700
DIA,2018-03-29,206.23,209.13,205.79,207.8,6614500
DIA,2018-04-02,206.88,207.48,200.74,203.28,9217400
DIA,2018-04-03,204.34,206.81,203.5,206.72,9874500
DIA,2018-04-04,202.33,209.09,202.24,208.71,6437500
DIA,2018-04-05,209.87,211.84,209.5,210.82,4786400
DIA,2018-04-06,208.58,210.25,204.22,205.85,6985500
DIA,2018-04-09,207.59,209.73,206.1,206.36,5052000
DIA,2018-04-10,209.48,210.9,208.49,210.05,5977500
DIA,2018-04-11,208.43,209.68,207.79,208.21,4733100
DIA,2018-04-12,209.75,211.61,209.56,210.74,4742400
DIA,2018-04-13,212.12,212.16,208.6,209.68,5222500
DIA,2018-04-16,211.0,212.34,210.66,211.43,4018400
DIA,2018-04-17,213.61,213.89,212.85,213.31,3821900
DIA,2018-04-18,213.38,213.67,212.69,212.95,3645600
DIA,2018-04-19,212.55,213.12,211.32,212.25,3721800
DIA,2018-04-20,212.19,212.44,209.8,210.56,3396500
DIA,2018-04-23,211.06,211.17,209.41,210.45,2491000
DIA,2018-04-24,211.35,211.49,205.09,206.78,7088900
DIA,2018-04-25,206.96,207.85,205.06,207.31,5269200
DIA,2018-04-26,207.94,210.05,207.67,209.39,3845800
DIA,2018-04-27,209.26,209.67,208.23,209.25,3209800
DIA,2018-04-30,210.24,210.87,208.01,208.03,3475700
DIA,2018-05-01,207.3,207.47,204.91,207.36,4396600
DIA,2018-05-02,207.23,208.17,205.6,205.94,2729400
DIA,2018-05-03,204.91,206.56,202.5,205.93,6177500
DIA,2018-05-04,205.08,209.48,204.71,208.88,3600900
DIA,2018-05-07,209.72,210.73,208.85,209.65,2983800
DIA,2018-05-08,209.44,210.13,208.29,209.65,2927200
DIA,2018-05-09,210.35,211.74,209.47,211.36,3670500
DIA,2018-05-10,211.87,213.69,211.85,213.13,3877800
DIA,2018-05-11,213.34,214.41,213.06,214.06,3293500
DIA,2018-05-14,214.81,215.49,214.33,214.69,4286300
DIA,2018-05-15,213.66,213.75,212.3,213.0,4755900
DIA,2018-05-16,212.89,213.84,212.71,213.57,2034400
DIA,2018-05-17,213.42,214.36,212.63,213.37,2058200
DIA,2018-05-18,213.31,213.79,212.83,213.34,2408800
DIA,2018-05-21,215.25,216.5,215.24,215.87,4060300
DIA,2018-05-22,216.25,216.3,214.13,214.35,2329300
DIA,2018-05-23,213.19,214.8,212.88,214.74,3489400
DIA,2018-05-24,214.31,214.57,212.34,214.12,3448100
DIA,2018-05-25,213.69,214.29,213.08,213.65,4207000
DIA,2018-05-29,211.94,212.65,209.28,210.27,6439600
DIA,2018-05-30,211.75,213.47,211.24,213.08,4185900
DIA,2018-05-31,212.47,212.49,210.32,210.9,5357800
DIA,2018-06-01,212.59,213.19,212.17,212.78,3565300
DIA,2018-06-04,213.96,214.78,213.8,214.37,3062500
DIA,2018-06-05,214.34,214.61,213.47,214.33,2816400
DIA,2018-06-06,215.27,217.25,214.67,217.24,4102500
DIA,2018-06-07,217.84,218.84,217.43,218.11,4286800
DIA,2018-06-08,217.62,218.87,217.45,218.75,4451000
DIA,2018-06-11,219.05,219.52,218.53,218.85,4200200
DIA,2018-06-12,219.16,219.18,218.14,218.78,6531000
DIA,2018-06-13,218.88,219.17,217.68,217.81,3819000
DIA,2018-06-14,218.66,218.97,217.26,217.64,5007000
DIA,2018-06-15,216.48,217.29,215.18,216.89,6340800
DIA,2018-06-18,215.21,216.16,214.64,216.02,4075500
DIA,2018-06-19,213.31,213.85,212.38,213.55,5511100
DIA,2018-06-20,214.48,214.5,212.89,213.19,4711700
DIA,2018-06-21,212.64,212.74,211.0,211.49,4676600
DIA,2018-06-22,212.72,213.23,212.3,212.52,3584900
DIA,2018-06-25,211.21,211.4,208.2,209.6,9536000
DIA,2018-06-26,210.12,210.79,209.56,209.91,3829900
DIA,2018-06-27,210.43,212.43,208.47,208.57,6149300
DIA,2018-06-28,208.01,210.16,207.45,209.4,5524000
DIA,2018-06-29,210.61,211.89,209.84,209.96,3966200
DIA,2018-07-02,208.39,210.23,208.14,209.96,5700300
DIA,2018-07-03,211.11,211.32,208.77,209.03,3143800
DIA,2018-07-05,210.31,210.77,209.06,210.67,3294600
DIA,2018-07-06,210.46,212.1,210.03,211.58,3546000
DIA,2018-07-09,212.6,214.52,212.58,214.38,3679300
DIA,2018-07-10,214.97,215.8,214.91,215.58,3474700
DIA,2018-07-11,213.95,214.66,213.34,213.72,4409800
DIA,2018-07-12,215.44,215.76,214.67,215.64,3175400
DIA,2018-07-13,215.59,216.65,215.32,216.42,3018100
DIA,2018-07-16,216.59,216.9,216.1,216.83,1881400
DIA,2018-07-17,216.72,217.61,216.16,217.36,2960100
DIA,2018-07-18,217.45,218.13,217.13,218.0,2119600
DIA,2018-07-19,217.3,217.65,216.78,216.93,2537400
DIA,2018-07-20,216.37,217.42,216.25,216.9,2687800
DIA,2018-07-23,216.71,217.04,216.19,216.75,1792000
DIA,2018-07-24,217.61,218.83,217.44,218.44,5485300
DIA,2018-07-25,217.88,220.13,217.33,220.01,4687600
DIA,2018-07-26,220.44,221.44,220.38,220.96,4175000
DIA,2018-07-27,220.95,221.37,219.54,220.21,5852900
DIA,2018-07-30,220.45,220.67,218.84,219.01,4484200
DIA,2018-07-31,219.72,220.58,219.64,220.14,3743100
DIA,2018-08-01,219.9,220.54,218.74,219.22,3159000
DIA,2018-08-02,217.78,219.48,217.42,219.21,4132600
DIA,2018-08-03,219.16,220.42,219.16,220.33,2469400
DIA,2018-08-06,220.18,221.06,219.67,220.72,2305400
DIA,2018-08-07,221.7,222.38,221.42,221.82,2394500
DIA,2018-08-08,221.69,221.82,221.18,221.39,1876800
DIA,2018-08-09,221.51,221.92,220.85,220.99,1677300
DIA,2018-08-10,219.71,219.9,218.6,219.38,4796900
DIA,2018-08-13,219.62,219.95,218.0,218.29,3686700
DIA,2018-08-14,218.91,219.6,218.45,219.3,2815800
DIA,2018-08-15,218.12,218.43,216.4,218.05,5804000
DIA,2018-08-16,220.31,222.07,220.23,221.67,7919200
DIA,2018-08-17,221.52,223.16,221.35,222.63,3902500
DIA,2018-08-20,223.15,223.68,223.03,223.43,2930700
DIA,2018-08-21,223.86,224.53,223.71,223.98,3290900
DIA,2018-08-22,223.92,224.1,223.1,223.21,3850600
DIA,2018-08-23,222.88,223.54,222.17,222.61,2811900
DIA,2018-08-24,223.26,224.08,223.05,223.79,3631500
DIA,2018-08-27,225.01,226.22,225.01,226.16,4111600
DIA,2018-08-28,226.79,226.8,225.96,226.21,2713600
DIA,2018-08-29,226.35,227.19,226.04,226.81,2433900
DIA,2018-08-30,226.3,226.66,225.18,225.67,3867200
DIA,2018-08-31,225.3,226.08,224.77,225.53,3081800
DIA,2018-09-04,224.98,225.59,224.11,225.42,2945000
DIA,2018-09-05,224.98,225.93,224.72,225.59,3282400
DIA,2018-09-06,225.78,226.57,224.83,225.91,3878500
DIA,2018-09-07,225.08,225.95,224.32,225.26,3796400
DIA,2018-09-10,226.11,226.22,224.67,224.74,2247600
DIA,2018-09-11,224.01,226.1,223.77,225.68,3072900
DIA,2018-09-12,225.79,227.19,225.29,225.88,4971200
DIA,2018-09-13,226.89,227.59,226.52,227.2,2472300
DIA,2018-09-14,227.4,227.8,226.54,227.3,3077700
DIA,2018-09-17,227.15,227.56,226.21,226.51,2473500
DIA,2018-09-18,226.74,228.72,226.68,228.18,2998900
DIA,2018-09-19,228.35,229.99,228.35,229.49,4001000
DIA,2018-09-20,230.87,232.0,230.86,231.77,5247100
DIA,2018-09-21,232.69,232.74,231.85,232.31,3944500
DIA,2018-09-24,231.93,231.95,230.69,230.83,3778600
DIA,2018-09-25,231.37,231.44,230.06,230.23,1820400
DIA,2018-09-26,230.3,231.2,228.96,229.41,3365900
DIA,2018-09-27,229.82,230.79,229.24,229.82,2440100
DIA,2018-09-28,229.22,230.42,229.16,229.95,3288800
DIA,2018-10-01,231.43,232.34,231.11,231.97,5828100
DIA,2018-10-02,231.43,233.1,231.38,232.7,4553400
DIA,2018-10-03,233.75,234.19,232.79,233.04,5827700
DIA,2018-10-04,232.81,232.83,230.1,231.56,8720900
DIA,2018-10-05,231.63,231.88,228.64,229.88,7477100
DIA,2018-10-08,228.95,230.65,227.93,230.32,6236400
DIA,2018-10-09,229.93,230.75,228.85,229.8,4559100
DIA,2018-10-10,229.63,229.7,222.47,222.69,12292000
DIA,2018-10-11,221.54,223.28,216.43,217.66,15270300
DIA,2018-10-12,221.22,221.43,217.36,220.29,8634400
DIA,2018-10-15,219.92,221.55,219.46,219.46,5500900
DIA,2018-10-16,221.44,224.48,220.89,224.31,7099800
DIA,2018-10-17,223.44,224.4,221.49,223.49,6822400
DIA,2018-10-18,222.74,223.39,219.44,220.62,8694600
DIA,2018-10-19,221.24,222.76,220.46,221.32,6618300
DIA,2018-10-22,221.97,222.29,219.47,220.2,4662600
DIA,2018-10-23,216.72,220.11,215.4,219.01,7360500
DIA,2018-10-24,219.65,220.07,213.36,213.76,7624300
DIA,2018-10-25,215.23,218.37,214.29,217.36,5920200
DIA,2018-10-26,215.28,216.72,212.61,214.54,5882900
DIA,2018-10-29,216.44,217.77,209.77,212.74,6833300
DIA,2018-10-30,212.72,216.63,212.41,216.43,6151100
DIA,2018-10-31,218.37,220.36,217.9,218.59,5376400
DIA,2018-11-01,219.43,220.89,218.35,220.8,3267900
DIA,2018-11-02,222.24,222.43,218.06,219.7,6413400
DIA,2018-11-05,220.03,221.85,219.73,221.46,2833700
DIA,2018-11-06,221.5,223.11,221.32,222.98,2193300
DIA,2018-11-07,224.92,227.88,224.08,227.81,4462300
DIA,2018-11-08,227.59,228.84,227.1,228.09,4023400
DIA,2018-11-09,227.27,227.52,225.42,226.34,4386500
DIA,2018-11-12,226.0,226.19,220.76,221.23,10153000
DIA,2018-11-13,220.89,222.23,219.5,220.22,3937900
DIA,2018-11-14,221.93,222.16,217.27,218.35,5610300
DIA,2018-11-15,217.73,221.04,216.12,220.36,5667000
DIA,2018-11-16,219.64,222.4,219.24,221.61,4529500
DIA,2018-11-19,221.22,221.37,217.06,217.95,4249600
DIA,2018-11-20,214.9,215.4,212.43,213.28,7341100
DIA,2018-11-21,214.45,215.13,213.35,213.41,4257600
DIA,2018-11-23,212.19,212.87,211.72,211.8,1928000
DIA,2018-11-26,213.6,215.22,213.43,214.93,3435500
DIA,2018-11-27,213.87,215.92,212.96,215.89,2932000
DIA,2018-11-28,217.31,221.42,216.84,221.42,5132500
DIA,2018-11-29,221.21,222.41,220.01,221.21,3471100
DIA,2018-11-30,220.78,223.17,220.54,222.88,2991800
DIA,2018-12-03,226.95,227.06,224.2,225.69,9544200
DIA,2018-12-04,224.74,225.09,218.41,218.71,5376900
DIA,2018-12-06,214.9,217.96,211.81,217.83,8232800
DIA,2018-12-07,217.78,219.3,212.22,213.11,5963700
DIA,2018-12-10,212.79,214.14,208.7,213.46,6021000
DIA,2018-12-11,216.71,216.77,211.67,213.04,5646500
DIA,2018-12-12,215.8,216.99,214.28,214.48,3734800
DIA,2018-12-13,214.95,216.21,213.86,214.82,4455300
DIA,2018-12-14,212.89,213.56,210.07,210.59,6591200
DIA,2018-12-17,209.39,210.57,205.03,206.24,7036700
DIA,2018-12-18,207.99,209.19,205.57,207.05,5349600
DIA,2018-12-19,207.21,210.4,202.43,203.61,9545700
DIA,2018-12-20,202.89,203.57,197.97,199.66,11912800
DIA,2018-12-21,200.3,203.33,195.79,196.0,10242700
DIA,2018-12-24,194.61,195.32,190.57,190.76,7024000
DIA,2018-12-26,191.71,200.07,189.77,200.04,9761100
DIA,2018-12-27,197.27,202.37,194.64,202.27,7952000
DIA,2018-12-28,203.54,204.5,200.88,201.59,7266800
DIA,2018-12-31,203.21,204.02,202.09,203.97,5079600
DIA,2019-01-02,200.53,204.67,200.42,204.11,5319500
DIA,2019-01-03,202.26,202.41,197.99,198.3,7350200
DIA,2019-01-04,201.17,205.7,200.93,204.91,7343700
DIA,2019-01-07,205.4,207.19,203.75,205.86,5101600
DIA,2019-01-08,208.11,208.74,206.23,208.1,4845800
DIA,2019-01-09,208.98,209.81,207.97,208.97,4872000
DIA,2019-01-10,207.85,210.06,207.33,209.92,3052200
DIA,2019-01-11,208.93,209.86,208.13,209.81,2047200
DIA,2019-01-14,208.11,209.61,207.85,208.99,2330700
DIA,2019-01-15,208.99,210.82,208.95,210.48,3940300
DIA,2019-01-16,211.11,212.45,210.91,211.54,3718500
DIA,2019-01-17,210.99,214.12,210.83,213.24,4108400
DIA,2019-01-18,215.01,216.54,214.01,216.24,5393200
DIA,2019-01-22,214.75,215.09,212.12,213.57,5218500
DIA,2019-01-23,215.45,216.12,212.67,215.07,4330300
DIA,2019-01-24,214.85,215.49,213.68,214.85,2840400
DIA,2019-01-25,216.53,217.55,215.91,216.53,4110600
DIA,2019-01-28,214.21,214.64,212.81,214.53,3560300
DIA,2019-01-29,214.75,215.89,214.4,215.06,2432900
DIA,2019-01-30,217.43,219.69,216.88,218.98,5686200
DIA,2019-01-31,217.9,219.2,217.37,218.92,5649600
DIA,2019-02-01,219.41,220.44,218.6,219.24,3971400
DIA,2019-02-04,219.2,220.88,218.54,220.85,2576100
DIA,2019-02-05,221.76,222.5,221.28,222.29,3090500
DIA,2019-02-06,222.0,222.63,221.49,222.21,1913500
DIA,2019-02-07,220.92,221.74,218.97,220.48,3884800
DIA,2019-02-08,219.27,220.02,218.06,219.97,2942300
DIA,2019-02-11,220.67,220.85,219.13,219.64,2677600
DIA,2019-02-12,221.2,223.09,221.16,222.78,3080600
DIA,2019-02-13,223.66,224.56,223.3,223.9,2918200
DIA,2019-02-14,222.79,224.22,221.99,223.34,3811000
DIA,2019-02-15,224.83,227.04,224.82,227.01,4751100
DIA,2019-02-19,226.41,227.74,226.41,227.15,2744500
DIA,2019-02-20,227.16,227.99,226.72,227.76,2454000
DIA,2019-02-21,227.27,227.53,226.0,226.91,3197200
DIA,2019-02-22,227.55,228.56,227.33,228.35,3938500
DIA,2019-02-25,229.82,230.27,228.85,228.98,3585000
DIA,2019-02-26,228.16,229.51,227.85,228.67,3080200
DIA,2019-02-27,228.04,228.56,227.12,228.08,2777200
DIA,2019-02-28,228.07,228.52,227.37,227.56,2772900
DIA,2019-03-01,229.21,229.55,227.52,228.56,3676900
DIA,2019-03-04,229.51,229.67,224.86,226.69,4823900
DIA,2019-03-05,226.63,227.2,225.91,226.61,2107200
DIA,2019-03-06,226.65,226.84,225.08,225.45,3222000
DIA,2019-03-07,225.04,225.12,222.59,223.64,4104600
DIA,2019-03-08,221.95,223.72,221.82,223.55,5495800
DIA,2019-03-11,221.92,225.41,221.58,225.35,5469400
DIA,2019-03-12,224.9,225.54,224.19,224.56,6570500
DIA,2019-03-13,225.42,226.5,224.69,225.87,5272800
DIA,2019-03-14,225.85,226.39,225.23,226.04,3409600
DIA,2019-03-15,226.55,227.93,225.45,227.22,4225100
DIA,2019-03-18,226.87,227.91,226.67,227.79,2786200
DIA,2019-03-19,228.78,229.52,226.92,227.7,4761400
DIA,2019-03-20,227.33,227.95,225.65,226.3,4382600
DIA,2019-03-21,225.5,228.65,225.47,228.31,3800000
DIA,2019-03-22,226.85,227.48,224.17,224.25,6226500
DIA,2019-03-25,224.01,225.07,223.02,224.34,4982500
DIA,2019-03-26,226.09,226.77,224.55,225.57,3278700
DIA,2019-03-27,225.72,226.42,223.49,225.26,3166200
DIA,2019-03-28,225.97,226.29,224.8,226.11,2434400
DIA,2019-03-29,227.43,228.1,226.54,227.91,4255900
DIA,2019-04-01,229.76,231.02,229.19,230.78,6051700
DIA,2019-04-02,230.44,230.5,229.63,230.17,2320000
DIA,2019-04-03,230.95,231.07,229.75,230.44,3265500
DIA,2019-04-04,230.63,232.15,230.54,232.0,4397000
DIA,2019-04-05,232.69,232.94,231.86,232.34,3112700
DIA,2019-04-08,231.17,231.67,230.76,231.51,3231700
DIA,2019-04-09,230.54,230.56,229.52,230.01,4161200
DIA,2019-04-10,230.35,230.5,229.56,230.09,3602600
DIA,2019-04-11,230.37,230.66,229.19,229.91,2731700
DIA,2019-04-12,232.08,232.54,231.39,232.26,3395200
DIA,2019-04-15,232.22,232.37,231.45,232.03,2190300
DIA,2019-04-16,233.32,233.36,232.14,232.66,2536000
DIA,2019-04-17,233.17,233.24,232.13,232.66,2873600
DIA,2019-04-18,233.2,234.04,232.65,233.71,3469200
DIA,2019-04-22,232.87,233.6,232.72,233.28,1604200
DIA,2019-04-23,233.61,234.85,233.27,234.52,3399200
DIA,2019-04-24,234.43,234.71,233.86,234.03,1899800
DIA,2019-04-25,232.39,233.44,231.44,232.8,2333800
DIA,2019-04-26,232.71,233.52,232.21,233.52,1883100
DIA,2019-04-29,233.5,234.02,233.29,233.6,1522500
DIA,2019-04-30,234.11,234.15,232.43,233.91,2259200
DIA,2019-05-01,234.51,234.81,232.46,232.47,2902500
DIA,2019-05-02,232.13,232.73,230.3,231.35,3660200
DIA,2019-05-03,232.62,233.44,231.98,233.19,2161600
DIA,2019-05-06,229.12,232.95,228.89,232.57,3282600
DIA,2019-05-07,230.56,231.01,226.89,228.39,6758100
DIA,2019-05-08,228.3,229.79,227.77,228.52,4115200
DIA,2019-05-09,226.83,228.02,224.74,227.44,7175400
DIA,2019-05-10,226.69,229.29,224.45,228.75,5456100
DIA,2019-05-13,224.13,225.03,222.3,223.07,6326000
DIA,2019-05-14,223.89,226.38,223.75,225.13,4308800
DIA,2019-05-15,223.69,226.73,223.31,226.11,4151400
DIA,2019-05-16,227.06,228.89,226.92,228.08,3889400
DIA,2019-05-17,226.18,228.85,226.04,227.13,3652900
DIA,2019-05-20,226.04,227.1,225.41,226.45,2613300
DIA,2019-05-21,227.8,228.4,227.34,228.3,2376700
DIA,2019-05-22,227.54,228.38,227.15,227.27,2942600
DIA,2019-05-23,225.26,225.28,223.46,224.76,4616900
DIA,2019-05-24,226.04,226.46,224.99,225.96,2258900
DIA,2019-05-28,225.96,226.93,223.62,223.63,4580100
DIA,2019-05-29,222.4,222.58,220.11,221.68,5192100
DIA,2019-05-30,222.13,222.63,221.29,222.21,3454700
DIA,2019-05-31,220.03,220.63,218.99,218.99,4891100
DIA,2019-06-03,219.1,220.22,217.95,219.24,5479600
DIA,2019-06-04,221.21,223.83,221.01,223.78,3796100
DIA,2019-06-05,225.17,225.68,224.16,225.62,2792400
DIA,2019-06-06,225.96,227.93,225.44,227.38,2796200
DIA,2019-06-07,228.03,230.37,227.98,229.61,3124900
DIA,2019-06-10,231.05,231.59,230.22,230.26,3495900
DIA,2019-06-11,231.73,231.92,226.7,230.16,2792100
DIA,2019-06-12,230.09,230.5,229.38,229.78,1725500
DIA,2019-06-13,230.57,231.05,229.71,230.76,1882700
DIA,2019-06-14,230.48,231.27,229.77,230.72,2260900
DIA,2019-06-17,230.83,231.31,230.24,230.87,1319500
DIA,2019-06-18,232.24,234.5,231.98,234.09,6147700
DIA,2019-06-19,234.15,234.87,233.47,234.29,3920800
DIA,2019-06-20,236.49,236.89,234.59,236.52,3471800
DIA,2019-06-21,236.38,237.86,236.04,236.21,4446800
DIA,2019-06-24,236.42,236.93,236.21,236.27,1654200
DIA,2019-06-25,236.47,236.48,234.47,234.58,7240300
DIA,2019-06-26,235.35,235.67,234.54,234.55,2141400
DIA,2019-06-27,234.75,235.16,233.91,234.49,1991500
DIA,2019-06-28,235.19,235.47,234.42,235.11,2176200
DIA,2019-07-01,237.41,237.67,235.24,236.1,3970200
DIA,2019-07-02,235.98,236.77,235.36,236.71,2775300
DIA,2019-07-03,237.31,238.42,237.26,238.39,1262900
DIA,2019-07-05,237.64,238.32,236.41,238.13,2157000
DIA,2019-07-08,236.92,237.39,236.54,237.06,1423400
DIA,2019-07-09,235.88,237.11,235.85,236.88,1407000
DIA,2019-07-10,237.75,238.67,237.16,237.62,1978600
DIA,2019-07-11,238.48,239.59,238.1,239.59,2238500
DIA,2019-07-12,240.24,241.77,240.19,241.77,2411200
DIA,2019-07-15,241.92,241.96,241.39,241.96,2624500
DIA,2019-07-16,241.98,242.31,241.34,241.8,1780400
DIA,2019-07-17,241.73,241.83,240.7,240.79,1550800
DIA,2019-07-18,240.24,241.21,239.44,240.78,2119000
DIA,2019-07-19,241.79,241.93,240.18,240.26,2364300
DIA,2019-07-22,240.54,240.88,239.68,240.43,1623500
DIA,2019-07-23,241.44,242.17,240.7,241.94,1722900
DIA,2019-07-24,240.96,241.5,240.59,241.28,2355400
DIA,2019-07-25,241.17,241.26,239.43,240.2,2348600
DIA,2019-07-26,240.43,240.79,239.95,240.62,1731300
DIA,2019-07-29,240.62,241.34,240.47,240.86,1346000
DIA,2019-07-30,239.94,240.88,239.52,240.66,1670600
DIA,2019-07-31,241.01,241.34,236.41,237.66,5058800
DIA,2019-08-01,237.93,240.49,234.9,235.22,7225300
DIA,2019-08-02,234.73,235.14,232.27,234.38,5691500
DIA,2019-08-05,231.0,231.14,225.81,227.55,6608200
DIA,2019-08-06,228.84,230.44,227.51,230.38,4991000
DIA,2019-08-07,227.58,230.73,225.13,230.33,5089500
DIA,2019-08-08,231.41,233.78,230.63,233.78,3637100
DIA,2019-08-09,233.17,234.05,231.23,232.94,3773000
DIA,2019-08-12,231.38,232.04,228.85,229.59,3072700
DIA,2019-08-13,229.3,234.22,228.91,232.93,4326300
DIA,2019-08-14,229.4,229.88,225.75,225.77,6148000
DIA,2019-08-15,226.79,227.42,224.75,226.9,4034800
DIA,2019-08-16,228.41,230.06,227.95,229.73,2743200
DIA,2019-08-19,232.54,232.72,231.46,231.92,1971800
DIA,2019-08-20,231.62,232.11,230.26,230.45,1975200
DIA,2019-08-21,232.35,233.09,232.05,232.53,2156300
DIA,2019-08-22,233.13,234.12,231.57,233.0,2329200
DIA,2019-08-23,231.86,233.56,226.33,227.44,6293900
DIA,2019-08-26,229.84,230.21,228.23,229.93,3145200
DIA,2019-08-27,231.18,231.23,228.28,228.78,3077200
DIA,2019-08-28,228.08,231.14,227.48,231.07,2741700
DIA,2019-08-29,233.34,234.49,232.5,234.19,3740600
DIA,2019-08-30,235.4,235.52,233.54,234.39,2442400
DIA,2019-09-03,232.57,232.68,230.75,231.99,3082900
DIA,2019-09-04,233.91,234.23,233.19,234.22,1963100
DIA,2019-09-05,236.7,238.46,236.67,237.54,3614800
DIA,2019-09-06,237.89,238.66,237.3,238.11,2470100
DIA,2019-09-09,238.58,239.07,237.85,238.54,2243400
DIA,2019-09-10,238.25,239.09,237.43,239.06,2654300
DIA,2019-09-11,239.35,241.15,238.91,241.1,1899800
DIA,2019-09-12,241.93,242.66,240.9,241.66,3272200
DIA,2019-09-13,242.28,242.51,241.79,241.91,2182700
DIA,2019-09-16,241.02,241.56,240.31,240.64,4077500
DIA,2019-09-17,240.13,241.0,239.93,240.99,1756200
DIA,2019-09-18,240.7,241.49,239.14,241.35,3052600
DIA,2019-09-19,241.79,242.44,240.61,240.86,2965600
DIA,2019-09-20,241.41,241.74,239.37,239.51,4076900
DIA,2019-09-23,238.62,240.15,238.46,239.61,1898300
DIA,2019-09-24,240.55,240.72,237.4,238.37,3733300
DIA,2019-09-25,238.75,240.29,237.88,239.8,3391800
DIA,2019-09-26,240.18,240.18,238.31,239.18,2401100
DIA,2019-09-27,239.8,240.15,237.51,238.39,3171000
DIA,2019-09-30,238.85,240.02,238.85,239.45,2128800
DIA,2019-10-01,239.96,240.43,236.13,236.17,3558400
DIA,2019-10-02,234.89,234.89,230.9,231.92,6690100
DIA,2019-10-03,231.56,233.09,228.95,233.07,5610300
DIA,2019-10-04,233.84,236.48,233.7,236.31,2937500
DIA,2019-10-07,235.66,237.06,235.01,235.5,2104200
DIA,2019-10-08,233.63,235.02,232.48,232.69,3505200
DIA,2019-10-09,234.34,235.05,233.49,234.33,2020800
DIA,2019-10-10,234.15,236.64,234.05,235.74,2100800
DIA,2019-10-11,238.19,240.3,238.06,238.54,4177000
DIA,2019-10-14,238.04,239.05,237.9,238.27,1194600
DIA,2019-10-15,239.39,241.23,239.16,240.37,3168900
DIA,2019-10-16,239.99,240.67,239.64,240.25,2415000
DIA,2019-10-17,240.77,241.2,239.92,240.51,1883400
DIA,2019-10-18,239.98,244.78,238.21,238.23,2232400
DIA,2019-10-21,238.6,238.88,238.01,238.74,1379600
DIA,2019-10-22,238.98,239.78,238.33,238.39,2534300
DIA,2019-10-23,238.66,239.35,237.98,238.76,1693400
DIA,2019-10-24,239.46,239.55,237.71,238.53,1843700
DIA,2019-10-25,238.3,240.44,238.22,239.97,1825200
DIA,2019-10-28,241.02,241.73,240.5,241.05,1809600
DIA,2019-10-29,240.75,241.75,240.6,241.1,2884600
DIA,2019-10-30,241.1,242.1,240.22,241.88,2144700
DIA,2019-10-31,241.73,241.81,239.5,240.76,3021000
DIA,2019-11-01,241.98,243.3,241.83,243.3,2989400
DIA,2019-11-04,244.54,244.82,243.85,244.38,1543200
DIA,2019-11-05,244.85,245.23,244.27,244.61,1706300
DIA,2019-11-06,244.8,244.97,243.88,244.6,1605900
DIA,2019-11-07,246.17,247.49,246.17,246.6,3023800
DIA,2019-11-08,246.7,246.77,245.71,246.62,1512000
DIA,2019-11-11,245.48,246.92,245.13,246.7,1729000
DIA,2019-11-12,246.94,247.44,246.24,246.82,1694000
DIA,2019-11-13,245.97,247.81,245.82,247.49,2595600
DIA,2019-11-14,247.34,247.73,246.64,247.65,1582600
DIA,2019-11-15,248.68,249.65,248.35,249.64,2363300
DIA,2019-11-18,249.48,250.01,249.34,249.93,1790500
DIA,2019-11-19,250.43,250.44,248.68,249.09,1928300
DIA,2019-11-20,248.48,248.71,246.77,248.09,2463600
DIA,2019-11-21,248.2,248.28,247.16,247.66,1382100
DIA,2019-11-22,248.25,248.83,247.72,248.67,1419300
DIA,2019-11-25,249.41,250.41,249.37,250.4,1811100
DIA,2019-11-26,250.65,251.1,250.24,250.9,1300300
DIA,2019-11-27,251.13,251.39,250.59,251.39,1786300
DIA,2019-11-29,250.85,251.09,250.44,250.54,811900
DIA,2019-12-02,250.98,251.02,248.09,248.09,2544300
DIA,2019-12-03,245.62,245.8,244.0,245.69,3834300
DIA,2019-12-04,247.02,247.69,246.67,247.06,1928500
DIA,2019-12-05,247.78,247.78,246.26,247.34,1453000
DIA,2019-12-06,249.2,250.53,249.15,250.32,2686400
DIA,2019-12-09,250.08,250.33,249.42,249.48,1206100
DIA,2019-12-10,249.41,249.82,248.47,249.21,1406900
DIA,2019-12-11,248.92,249.6,248.49,249.44,1921700
DIA,2019-12-12,249.26,252.32,249.01,251.43,3768600
DIA,2019-12-13,251.41,252.91,250.58,251.57,3065500
DIA,2019-12-16,252.3,253.36,252.3,252.43,2117200
DIA,2019-12-17,252.54,253.26,252.29,252.72,1697900
DIA,2019-12-18,253.07,253.18,252.5,252.55,1592600
DIA,2019-12-19,252.95,253.74,252.87,253.67,1815100
DIA,2019-12-20,254.71,254.98,254.32,254.44,3637000
DIA,2019-12-23,255.23,255.52,255.06,255.22,2564700
DIA,2019-12-24,255.49,255.49,254.81,254.93,611600
DIA,2019-12-26,255.13,255.91,255.1,255.87,931600
DIA,2019-12-27,256.56,256.58,255.73,256.12,1930200
DIA,2019-12-30,256.12,256.19,254.14,254.51,2552900
DIA,2019-12-31,253.95,255.2,253.64,255.02,1341300
DIA,2020-01-02,256.21,258.17,255.95,258.16,3865500
DIA,2020-01-03,255.23,256.81,255.09,256.11,3296700
DIA,2020-01-06,254.29,256.74,254.17,256.7,1645100
DIA,2020-01-07,256.09,256.53,255.44,255.59,1413000
DIA,2020-01-08,255.21,258.21,255.0,257.07,3136700
DIA,2020-01-09,258.46,259.26,257.99,259.0,1783100
DIA,2020-01-10,259.36,259.43,257.47,257.82,2989600
DIA,2020-01-13,258.32,258.58,257.73,258.52,1463300
DIA,2020-01-14,258.39,259.84,258.25,258.7,2198500
DIA,2020-01-15,258.51,260.51,258.46,259.71,2195100
DIA,2020-01-16,260.86,262.05,260.71,262.02,2522000
DIA,2020-01-17,262.67,262.75,262.02,262.45,2147400
DIA,2020-01-21,261.7,262.46,260.75,261.16,4476900
DIA,2020-01-22,261.76,262.27,260.93,261.14,2077000
DIA,2020-01-23,260.19,261.19,259.16,260.9,1872600
DIA,2020-01-24,261.79,262.0,258.04,259.34,3612500
DIA,2020-01-27,254.91,256.52,254.03,255.37,4129100
DIA,2020-01-28,256.14,257.9,255.72,257.1,2999200
DIA,2020-01-29,258.62,258.88,257.02,257.1,2126300
DIA,2020-01-30,255.65,258.42,254.91,258.21,3433200
DIA,2020-01-31,256.8,257.04,252.01,252.74,4885700
DIA,2020-02-03,253.87,256.17,253.7,254.13,3157400
DIA,2020-02-04,257.44,258.63,257.21,257.77,3004100
DIA,2020-02-05,260.2,262.24,259.48,262.08,3305900
DIA,2020-02-06,263.12,263.23,261.71,262.87,2857200
DIA,2020-02-07,261.99,262.04,260.11,260.59,3839300
DIA,2020-02-10,259.7,262.17,259.66,262.16,2877700
DIA,2020-02-11,263.41,263.48,261.56,262.15,1994500
DIA,2020-02-12,263.66,264.77,263.57,264.64,2804400
DIA,2020-02-13,263.45,264.75,263.03,263.83,2638000
DIA,2020-02-14,263.97,264.11,262.56,263.58,1861700
DIA,2020-02-18,262.34,262.99,261.1,262.16,2397800
DIA,2020-02-19,262.89,263.74,262.55,263.19,1474400
DIA,2020-02-20,262.71,263.36,259.67,262.01,3493900
DIA,2020-02-21,260.95,261.18,259.11,260.0,3271800
DIA,2020-02-24,251.56,253.76,250.34,250.87,6595200
DIA,2020-02-25,251.98,252.48,242.18,242.92,9903700
DIA,2020-02-26,244.07,247.05,241.24,242.05,7477600
DIA,2020-02-27,237.68,240.25,230.97,231.07,11188900
DIA,2020-02-28,224.81,228.94,221.65,228.43,17541400
DIA,2020-03-02,230.36,239.82,227.98,239.62,8544500
DIA,2020-03-03,240.31,243.2,230.78,232.69,11482600
DIA,2020-03-04,238.2,243.28,235.97,243.09,5408100
DIA,2020-03-05,237.15,239.17,232.92,234.62,5872900
DIA,2020-03-06,227.63,233.4,226.52,232.28,7372400
DIA,2020-03-09,216.71,221.71,212.83,214.22,10406900
DIA,2020-03-10,221.91,224.83,212.76,224.76,9407100
DIA,2020-03-11,218.54,219.77,209.62,211.63,7687200
DIA,2020-03-12,197.87,205.5,190.09,190.34,17322600
DIA,2020-03-13,202.49,208.62,191.4,208.29,13676000
DIA,2020-03-16,185.31,195.9,180.83,181.71,12407000
DIA,2020-03-17,185.76,192.46,178.89,191.56,16128100
DIA,2020-03-18,178.64,184.35,170.2,178.93,13369800
DIA,2020-03-19,178.01,183.94,172.58,180.65,13532100
DIA,2020-03-20,182.97,184.77,171.91,172.72,12206000
DIA,2020-03-23,171.13,172.09,163.9,167.53,15712300
DIA,2020-03-24,176.65,186.5,176.6,185.99,14123600
DIA,2020-03-25,189.52,198.16,184.8,190.87,17556100
DIA,2020-03-26,193.0,203.3,192.62,202.58,16071900
DIA,2020-03-27,195.86,200.95,193.12,194.73,10545600
DIA,2020-03-30,195.64,201.36,193.6,200.8,7691800
DIA,2020-03-31,199.77,202.29,196.61,197.32,8426600
DIA,2020-04-01,189.6,193.31,187.0,188.45,8570300
DIA,2020-04-02,187.49,193.32,186.47,192.58,8231900
DIA,2020-04-03,191.47,193.11,187.83,189.55,6664500
DIA,2020-04-06,197.07,205.13,196.32,203.89,10322500
DIA,2020-04-07,211.93,212.56,203.82,203.95,10857700
DIA,2020-04-08,206.24,211.74,204.17,210.91,7010200
DIA,2020-04-09,214.07,216.18,211.61,213.44,9393200
DIA,2020-04-13,212.78,213.03,207.88,210.58,6761900
DIA,2020-04-14,214.84,216.44,213.2,215.72,5391900
DIA,2020-04-15,211.04,212.93,209.16,211.58,6828000
DIA,2020-04-16,212.14,212.47,208.97,211.82,6126400
DIA,2020-04-17,217.57,218.53,214.56,218.32,5924500
DIA,2020-04-20,214.55,217.13,212.76,213.11,7357400
DIA,2020-04-21,208.32,210.13,206.6,207.33,6571400
DIA,2020-04-22,211.09,212.77,210.18,211.42,4318000
DIA,2020-04-23,212.09,215.16,211.48,211.69,6364800
DIA,2020-04-24,213.08,214.63,210.91,214.18,3568500
DIA,2020-04-27,215.34,218.1,214.74,217.32,3632500
DIA,2020-04-28,220.64,220.78,216.46,217.11,4709900
DIA,2020-04-29,221.07,223.04,219.91,221.94,5015300
DIA,2020-04-30,219.91,220.79,217.85,219.03,4928900
DIA,2020-05-01,215.75,216.43,212.98,213.68,4723500
DIA,2020-05-04,211.82,214.11,210.4,213.81,3845500
DIA,2020-05-05,216.15,217.7,214.96,215.05,3143500
DIA,2020-05-06,216.44,216.62,213.07,213.3,3082300
DIA,2020-05-07,215.45,217.2,214.83,215.15,3411500
DIA,2020-05-08,218.18,219.55,217.34,219.39,3894800
DIA,2020-05-11,217.65,219.68,217.03,218.44,2743000
DIA,2020-05-12,219.56,219.86,214.28,214.4,6433900
DIA,2020-05-13,213.39,213.88,208.05,209.67,7531300
DIA,2020-05-14,207.2,213.21,205.6,213.21,6964500
DIA,2020-05-15,211.29,214.07,210.61,213.77,4811100
DIA,2020-05-18,219.72,223.05,219.59,221.91,5207700
DIA,2020-05-19,221.47,221.99,218.42,218.56,4404700
DIA,2020-05-20,221.43,222.49,220.82,221.73,3280600
DIA,2020-05-21,221.56,223.21,220.06,221.08,3378200
DIA,2020-05-22,220.99,221.16,219.42,220.96,2521100
DIA,2020-05-26,226.34,227.4,225.47,225.8,4872300
DIA,2020-05-27,228.94,230.8,225.88,230.78,5326100
DIA,2020-05-28,232.68,232.74,229.09,229.5,4957600
DIA,2020-05-29,228.53,230.38,226.19,229.45,5082300
DIA,2020-06-01,228.99,230.59,228.01,230.33,2060800
DIA,2020-06-02,231.49,232.72,230.73,232.66,3045800
DIA,2020-06-03,234.92,238.21,234.29,237.46,5184500
DIA,2020-06-04,236.74,238.6,235.86,237.61,3937100
DIA,2020-06-05,243.99,247.19,243.43,245.01,7866800
DIA,2020-06-08,246.24,249.38,246.24,249.29,4667600
DIA,2020-06-09,246.55,248.15,245.55,246.67,4632600
DIA,2020-06-10,246.51,247.4,243.63,244.04,6531200
DIA,2020-06-11,236.53,237.77,226.82,227.41,14257800
DIA,2020-06-12,233.7,234.89,226.87,231.66,9817200
DIA,2020-06-15,225.84,234.24,224.77,233.11,7421300
DIA,2020-06-16,241.0,241.04,233.42,238.05,9238000
DIA,2020-06-17,238.76,238.84,235.74,236.24,3669300
DIA,2020-06-18,234.64,236.64,233.8,235.91,3268700
DIA,2020-06-19,239.09,239.31,233.12,234.19,5852600
DIA,2020-06-22,233.36,235.8,232.27,235.57,2823500
DIA,2020-06-23,237.84,238.13,236.2,236.64,2948000
DIA,2020-06-24,234.57,234.84,228.89,230.42,5903500
DIA,2020-06-25,229.25,233.21,228.09,232.96,4312300
DIA,2020-06-26,231.34,231.7,225.96,226.57,5331400
DIA,2020-06-29,228.2,231.77,227.09,231.58,3759000
DIA,2020-06-30,230.82,234.42,230.5,233.35,3667900
DIA,2020-07-01,234.26,235.51,232.69,232.84,3575300
DIA,2020-07-02,236.32,237.24,233.36,233.85,3830000
DIA,2020-07-06,237.23,238.04,236.07,237.99,2989100
DIA,2020-07-07,236.27,236.95,234.17,234.41,2828700
DIA,2020-07-08,234.95,236.36,233.7,235.93,2837800
DIA,2020-07-09,236.07,236.36,231.07,232.78,3995600
DIA,2020-07-10,232.75,236.33,232.08,236.02,3110100
DIA,2020-07-13,238.05,241.18,235.8,236.22,4876000
DIA,2020-07-14,235.77,241.66,235.37,241.24,7614300
DIA,2020-07-15,244.75,244.82,241.66,243.34,5220600
DIA,2020-07-16,241.76,243.36,240.73,242.04,2478100
DIA,2020-07-17,242.66,242.77,241.05,241.57,3415100
DIA,2020-07-20,241.25,242.38,240.02,241.64,4017400
DIA,2020-07-21,243.45,244.77,242.39,243.02,3173200
DIA,2020-07-22,242.55,244.84,242.5,244.5,2039300
DIA,2020-07-23,244.19,244.32,240.55,241.52,2838000
DIA,2020-07-24,240.13,241.21,239.13,239.71,2637700
DIA,2020-07-27,239.78,241.18,239.4,240.85,2637900
DIA,2020-07-28,239.92,240.55,238.75,239.02,1989300
DIA,2020-07-29,239.26,240.96,238.91,240.45,1917900
DIA,2020-07-30,237.71,238.92,235.41,238.44,3055600
DIA,2020-07-31,238.87,239.53,235.63,239.4,3306800
DIA,2020-08-03,240.6,241.94,240.31,241.55,2569300
DIA,2020-08-04,241.16,243.09,240.93,243.08,1909800
DIA,2020-08-05,244.51,246.58,244.43,246.33,2122900
DIA,2020-08-06,246.0,248.17,245.94,248.05,1948100
DIA,2020-08-07,247.45,248.89,246.77,248.71,2311300
DIA,2020-08-10,249.51,252.02,249.48,251.89,2313900
DIA,2020-08-11,254.39,255.19,250.38,251.03,4546400
DIA,2020-08-12,253.43,254.25,252.42,253.61,2641600
DIA,2020-08-13,252.79,253.78,251.97,253.05,1668300
DIA,2020-08-14,251.97,253.72,251.68,253.4,2247000
DIA,2020-08-17,253.7,253.8,252.22,252.63,2436900
DIA,2020-08-18,252.76,253.01,250.96,251.95,1678300
DIA,2020-08-19,252.38,253.34,250.83,251.25,3374300
DIA,2020-08-20,249.99,252.07,249.84,251.65,2063700
DIA,2020-08-21,251.44,253.78,251.28,253.49,2601200
DIA,2020-08-24,255.69,257.08,254.56,257.02,2622800
DIA,2020-08-25,257.97,257.97,255.06,256.51,3346000
DIA,2020-08-26,256.5,257.41,255.55,257.24,2647500
DIA,2020-08-27,258.16,259.98,257.47,258.7,3432800
DIA,2020-08-28,259.78,260.89,258.67,260.21,2715500
DIA,2020-08-31,259.81,259.88,257.66,258.01,4070100
DIA,2020-09-01,257.52,260.42,257.01,260.29,3023600
DIA,2020-09-02,261.46,265.08,261.03,264.3,3464300
DIA,2020-09-03,264.09,265.35,255.13,257.16,6118500
DIA,2020-09-04,258.59,259.38,251.42,255.74,7145800
DIA,2020-09-08,253.06,253.07,249.6,249.97,4780100
DIA,2020-09-09,252.4,256.39,251.76,253.99,3488900
DIA,2020-09-10,255.16,256.1,249.46,250.31,3455800
DIA,2020-09-11,251.36,253.06,249.56,251.49,2787500
DIA,2020-09-14,253.15,255.43,252.92,254.61,2371700
DIA,2020-09-15,256.33,256.76,254.02,254.66,2331800
DIA,2020-09-16,255.53,257.97,254.84,255.06,2651800
DIA,2020-09-17,252.03,255.17,251.49,253.74,3305300
DIA,2020-09-18,253.85,254.19,249.98,251.57,3156700
DIA,2020-09-21,247.08,247.61,242.96,246.95,5936900
DIA,2020-09-22,247.16,248.59,245.45,248.2,3169800
DIA,2020-09-23,249.44,249.82,242.98,243.44,3575900
DIA,2020-09-24,242.78,246.44,241.34,243.91,4432100
DIA,2020-09-25,242.69,247.74,242.21,247.19,3606800
DIA,2020-09-28,250.43,252.12,249.93,251.01,2790200
DIA,2020-09-29,250.73,251.08,248.63,249.66,1971100
DIA,2020-09-30,250.19,254.89,250.19,252.46,4028500
DIA,2020-10-01,254.13,255.06,251.62,253.05,2968000
DIA,2020-10-02,249.43,253.38,248.91,251.83,4771600
DIA,2020-10-05,253.64,256.18,253.6,256.11,1862500
DIA,2020-10-06,257.05,257.94,252.23,252.66,4364400
DIA,2020-10-07,254.99,258.08,254.95,257.39,2422600
DIA,2020-10-08,258.85,259.0,257.18,258.64,2148000
DIA,2020-10-09,259.84,260.93,258.75,260.13,2549100
DIA,2020-10-12,261.06,263.48,260.81,262.43,2534800
DIA,2020-10-13,261.71,262.12,260.21,260.87,2430600
DIA,2020-10-14,261.31,261.97,258.9,259.4,2264000
DIA,2020-10-15,256.58,259.65,256.25,259.32,3128000
DIA,2020-10-16,260.52,262.46,260.2,260.28,2409300
DIA,2020-10-19,260.89,261.27,256.01,256.69,2837600
DIA,2020-10-20,257.72,259.99,256.89,257.53,3339000
DIA,2020-10-21,257.15,258.91,256.51,256.63,2907100
DIA,2020-10-22,256.75,258.63,255.12,258.16,2324200
DIA,2020-10-23,258.89,258.97,256.22,257.88,2161000
DIA,2020-10-26,254.97,255.2,249.11,252.11,5140600
DIA,2020-10-27,252.07,252.18,249.93,249.98,3029800
DIA,2020-10-28,244.83,246.42,241.21,241.63,5815200
DIA,2020-10-29,241.31,244.78,239.2,242.64,5479400
DIA,2020-10-30,241.22,242.39,237.92,241.24,5271200
DIA,2020-11-02,244.74,246.2,242.95,245.01,5062900
DIA,2020-11-03,248.16,251.59,247.74,249.97,4343000
DIA,2020-11-04,251.11,257.63,250.8,253.49,6766400
DIA,2020-11-05,256.93,259.36,256.73,258.4,4316200
DIA,2020-11-06,258.44,258.83,256.56,257.77,3078200
DIA,2020-11-09,271.78,272.58,265.21,265.51,10839300
DIA,2020-11-10,266.95,268.46,265.22,268.05,4354500
DIA,2020-11-11,269.47,269.53,266.61,267.68,2910400
DIA,2020-11-12,265.96,266.97,263.21,264.9,4361900
DIA,2020-11-13,266.65,269.33,266.15,268.63,3090400
DIA,2020-11-16,272.39,273.12,270.83,273.03,4615000
DIA,2020-11-17,270.6,272.27,269.04,271.51,4049200
DIA,2020-11-18,272.32,272.82,268.28,268.28,3566400
DIA,2020-11-19,267.64,269.23,266.58,268.79,3266600
DIA,2020-11-20,268.38,268.71,266.53,266.84,3090200
DIA,2020-11-23,268.41,270.59,267.7,269.9,2855600
DIA,2020-11-24,272.68,274.66,272.1,274.04,4022700
DIA,2020-11-25,273.6,273.69,271.87,272.5,2629200
DIA,2020-11-27,273.14,273.83,271.98,272.96,1518000
DIA,2020-11-30,271.39,271.64,268.86,270.57,4159300
DIA,2020-12-01,273.4,274.57,271.99,272.23,2841100
DIA,2020-12-02,271.0,273.05,270.32,272.9,2481700
DIA,2020-12-03,273.08,274.93,272.78,273.7,3140900
DIA,2020-12-04,274.32,276.01,274.2,276.01,2747300
DIA,2020-12-07,275.26,275.62,273.65,274.65,2589900
DIA,2020-12-08,273.66,276.27,273.63,275.66,2205400
DIA,2020-12-09,276.59,276.93,273.62,274.45,3074500
DIA,2020-12-10,273.64,274.7,272.92,274.14,2413000
DIA,2020-12-11,273.13,274.73,272.45,274.5,2454300
DIA,2020-12-14,276.4,277.12,272.74,272.83,3646100
DIA,2020-12-15,274.52,276.33,273.17,276.04,4211500
DIA,2020-12-16,275.97,276.27,274.85,275.61,1977300
DIA,2020-12-17,276.59,277.03,276.25,276.83,3002900
DIA,2020-12-18,276.99,277.05,274.39,275.92,4442100
DIA,2020-12-21,273.07,276.89,271.82,276.14,6340800
DIA,2020-12-22,275.86,275.9,274.05,274.24,2698200
DIA,2020-12-23,275.28,276.73,275.22,275.35,2714400
DIA,2020-12-24,275.7,276.1,275.03,276.03,1955700
DIA,2020-12-28,277.55,278.89,277.24,277.84,2382400
DIA,2020-12-29,279.14,279.39,276.59,277.34,2319600
DIA,2020-12-30,277.94,278.87,277.71,277.96,2081300
DIA,2020-12-31,277.84,279.93,277.24,279.47,2797000
DIA,2021-01-04,280.2,280.27,273.03,276.3,5106600
DIA,2021-01-05,275.94,278.8,275.44,277.69,3355200
DIA,2021-01-06,277.61,283.54,276.98,281.68,7290300
DIA,2021-01-07,283.06,285.13,282.46,283.78,4107900
DIA,2021-01-08,284.46,284.63,281.48,284.27,3234900
DIA,2021-01-11,281.94,284.23,281.88,283.48,2811400
DIA,2021-01-12,283.48,284.46,282.32,284.0,2290900
DIA,2021-01-13,283.9,284.78,283.25,283.9,1854400
DIA,2021-01-14,284.77,285.39,283.22,283.37,3232400
DIA,2021-01-15,281.62,282.82,279.81,281.72,4009100
DIA,2021-01-19,283.77,284.11,282.16,282.82,2781700
DIA,2021-01-20,283.83,285.58,283.38,285.06,2398400
DIA,2021-01-21,285.27,285.91,284.53,285.15,1930000
DIA,2021-01-22,283.31,284.37,282.6,283.41,2049700
DIA,2021-01-25,282.51,283.24,279.43,283.12,4546400
DIA,2021-01-26,283.93,284.52,282.71,282.88,2256100
DIA,2021-01-27,280.27,280.44,276.21,277.27,5743100
DIA,2021-01-28,278.85,282.91,278.71,279.84,6392100
DIA,2021-01-29,277.88,278.66,273.0,274.12,5929900
DIA,2021-02-01,276.38,277.36,274.42,276.14,3138600
DIA,2021-02-02,278.44,282.0,278.43,280.53,3090500
DIA,2021-02-03,279.87,281.55,279.03,280.93,2087800
DIA,2021-02-04,281.47,284.05,281.4,284.05,2638800
DIA,2021-02-05,285.59,285.77,284.23,284.84,1955600
DIA,2021-02-08,285.91,286.99,285.64,286.99,1690000
DIA,2021-02-09,286.42,287.55,285.79,287.02,1798700
DIA,2021-02-10,288.16,288.23,285.54,287.55,3048000
DIA,2021-02-11,288.09,288.7,286.0,287.72,1937100
DIA,2021-02-12,287.35,288.14,286.94,288.04,2479500
DIA,2021-02-16,289.22,289.42,287.89,288.54,1836300
DIA,2021-02-17,287.72,289.75,286.98,289.47,2007400
DIA,2021-02-18,287.78,288.92,286.53,288.52,2609600
DIA,2021-02-19,289.12,289.79,288.17,288.48,2314900
DIA,2021-02-22,286.63,289.92,286.52,288.75,2978000
DIA,2021-02-23,288.35,289.92,285.44,288.92,5723400
DIA,2021-02-24,288.26,293.17,287.81,292.71,4290300
DIA,2021-02-25,292.87,293.06,286.69,287.62,7648600
DIA,2021-02-26,288.03,288.04,282.86,283.47,7925600
DIA,2021-03-01,287.17,290.32,287.14,289.1,4749700
DIA,2021-03-02,289.22,289.87,287.65,287.82,4075700
DIA,2021-03-03,287.59,289.35,286.57,286.72,5148100
DIA,2021-03-04,286.9,288.48,280.02,283.59,8577600
DIA,2021-03-05,286.27,289.52,282.05,288.78,7016100
DIA,2021-03-08,290.16,294.72,289.32,291.54,8230700
DIA,2021-03-09,292.65,294.76,291.71,291.86,5829900
DIA,2021-03-10,293.62,297.09,293.57,296.19,6472200
DIA,2021-03-11,297.45,299.52,296.65,298.02,5745900
DIA,2021-03-12,298.33,300.92,298.18,300.75,4257200
DIA,2021-03-15,301.55,302.52,299.38,302.38,4456000
DIA,2021-03-16,302.16,302.3,300.76,301.25,3270600
DIA,2021-03-17,301.58,303.24,300.81,303.0,4338200
DIA,2021-03-18,302.57,304.92,301.17,301.71,5376500
DIA,2021-03-19,301.16,301.25,298.31,299.25,5628800
DIA,2021-03-22,298.83,301.06,298.35,300.38,3807600
DIA,2021-03-23,299.54,300.6,296.89,297.46,5068400
DIA,2021-03-24,298.58,300.83,297.48,297.48,6099000
DIA,2021-03-25,296.22,299.81,294.31,299.42,5557900
DIA,2021-03-26,300.71,303.73,299.87,303.48,4956600
DIA,2021-03-29,302.26,305.17,301.91,304.44,5200900
DIA,2021-03-30,303.88,304.38,302.71,303.67,4568800
DIA,2021-03-31,303.48,304.4,302.86,303.08,3763700
DIA,2021-04-01,303.63,304.38,302.66,304.25,5936100
DIA,2021-04-05,306.53,308.56,306.51,307.69,5632700
DIA,2021-04-06,307.22,307.89,306.39,306.93,2987500
DIA,2021-04-07,306.72,307.66,306.07,306.93,2658500
DIA,2021-04-08,306.86,307.64,306.06,307.62,2665000
DIA,2021-04-09,308.17,310.33,307.84,310.13,3034700
DIA,2021-04-12,309.58,310.13,309.02,309.85,2951500
DIA,2021-04-13,309.0,309.73,307.96,309.15,3391700
DIA,2021-04-14,309.17,311.28,309.1,309.83,3966800
DIA,2021-04-15,311.02,312.76,311.02,312.5,3881800
DIA,2021-04-16,313.79,314.43,313.1,313.91,3748900
DIA,2021-04-19,313.18,313.4,311.88,312.89,3222800
DIA,2021-04-20,311.65,312.07,309.21,310.47,3762900
DIA,2021-04-21,310.02,313.61,309.96,313.39,4191200
DIA,2021-04-22,313.23,313.31,309.53,310.47,4962500
DIA,2021-04-23,310.13,313.66,309.56,312.59,3613900
DIA,2021-04-26,313.25,313.56,311.64,312.08,2090900
DIA,2021-04-27,311.83,312.59,311.0,312.04,2732700
DIA,2021-04-28,311.49,311.73,310.42,310.7,3025100
DIA,2021-04-29,312.1,312.99,309.78,312.72,3688400
DIA,2021-04-30,311.21,311.88,310.22,311.22,2909600
DIA,2021-05-03,312.92,314.2,312.7,313.22,2698400
DIA,2021-05-04,312.19,313.6,310.01,313.57,4478300
DIA,2021-05-05,314.26,315.23,312.54,314.29,3506100
DIA,2021-05-06,314.89,317.38,313.95,317.26,4276700
DIA,2021-05-07,316.95,319.81,316.61,319.43,3526500
DIA,2021-05-10,320.7,322.38,319.17,319.3,6092500
DIA,2021-05-11,316.78,316.99,313.02,314.87,8396400
DIA,2021-05-12,313.62,314.25,308.26,308.52,7034100
DIA,2021-05-13,308.8,314.07,308.77,312.61,5741300
DIA,2021-05-14,314.32,316.72,313.92,316.11,4677300
DIA,2021-05-17,315.26,316.91,314.07,315.55,3262200
DIA,2021-05-18,315.73,316.33,313.0,313.22,3462300
DIA,2021-05-19,309.96,311.79,307.79,311.68,7223900
DIA,2021-05-20,311.96,314.9,311.59,313.59,4532800
DIA,2021-05-21,314.95,316.59,314.02,314.72,4481000
DIA,2021-05-24,315.94,317.16,315.65,316.49,2531800
DIA,2021-05-25,317.15,317.44,315.29,315.77,2623200
DIA,2021-05-26,316.12,316.63,315.3,315.85,2064500
DIA,2021-05-27,317.76,318.51,316.4,317.07,3026200
DIA,2021-05-28,318.71,318.8,317.76,318.03,2641400
DIA,2021-06-01,320.7,320.8,317.99,318.24,2584300
DIA,2021-06-02,319.05,319.6,318.13,318.69,2576700
DIA,2021-06-03,317.08,319.25,316.12,318.38,4436400
DIA,2021-06-04,319.35,320.19,318.86,320.11,2594200
DIA,2021-06-07,320.66,320.7,318.38,318.91,2224300
DIA,2021-06-08,319.0,319.2,317.21,318.68,2748700
DIA,2021-06-09,318.86,319.17,317.16,317.25,2591200
DIA,2021-06-10,318.86,319.95,317.26,317.42,3089400
DIA,2021-06-11,318.39,318.87,316.13,317.55,3003000
DIA,2021-06-14,317.29,317.32,315.11,316.8,2527000
DIA,2021-06-15,316.99,317.01,315.02,315.98,2138500
DIA,2021-06-16,315.98,316.19,312.37,313.54,4032000
DIA,2021-06-17,313.36,314.02,309.73,311.6,5169100
DIA,2021-06-18,308.09,308.92,306.55,306.81,7126600
DIA,2021-06-21,308.93,312.46,308.15,312.17,5435700
DIA,2021-06-22,312.13,313.68,310.95,312.79,4042100
DIA,2021-06-23,312.92,313.45,312.08,312.17,3082700
DIA,2021-06-24,313.92,315.44,313.64,315.12,3704700
DIA,2021-06-25,316.7,317.89,316.15,317.4,3638000
DIA,2021-06-28,317.29,317.37,314.97,315.88,3606300
DIA,2021-06-29,316.97,317.66,315.7,315.93,2375800
DIA,2021-06-30,315.49,318.38,315.46,317.86,3778900
DIA,2021-07-01,318.62,319.2,317.83,319.16,3606900
DIA,2021-07-02,319.79,320.94,318.99,320.61,3013500
DIA,2021-07-06,320.44,320.77,316.62,318.66,3910600
DIA,2021-07-07,318.5,319.88,317.38,319.67,3347000
DIA,2021-07-08,315.66,317.91,314.71,317.33,6379900
DIA,2021-07-09,319.35,321.66,318.68,321.34,5063100
DIA,2021-07-12,320.68,322.78,320.09,322.54,3999800
DIA,2021-07-13,322.08,322.74,321.45,321.59,3310200
DIA,2021-07-14,322.69,323.15,321.0,321.97,3933300
DIA,2021-07-15,320.58,322.51,320.34,322.46,5082600
DIA,2021-07-16,323.37,323.39,319.33,319.7,5710400
DIA,2021-07-19,315.13,322.73,311.07,313.37,9715300
DIA,2021-07-20,313.75,319.13,313.25,318.17,5802200
DIA,2021-07-21,319.91,321.0,319.36,320.85,3056800
DIA,2021-07-22,320.65,321.61,319.64,321.1,2429300
DIA,2021-07-23,322.7,323.62,321.97,323.23,4142300
DIA,2021-07-26,322.7,324.04,322.23,324.0,2466600
DIA,2021-07-27,322.72,323.33,321.53,323.28,3902600
DIA,2021-07-28,323.64,323.84,321.51,322.11,3697700
DIA,2021-07-29,323.58,324.28,323.05,323.46,2425700
DIA,2021-07-30,322.59,323.63,321.48,322.22,3576700
DIA,2021-08-02,323.12,324.46,320.91,321.18,2827100
DIA,2021-08-03,321.86,323.8,320.04,323.71,3819300
DIA,2021-08-04,322.33,322.78,320.75,320.85,3118500
DIA,2021-08-05,321.64,323.3,321.48,323.27,2261400
DIA,2021-08-06,324.2,325.0,324.05,324.63,2123700
DIA,2021-08-09,324.18,324.6,323.21,323.76,2322500
DIA,2021-08-10,324.0,325.41,323.63,325.22,2841000
DIA,2021-08-11,326.34,327.42,326.11,327.26,3422500
DIA,2021-08-12,327.49,327.54,326.15,327.53,3118600
DIA,2021-08-13,328.1,328.58,327.31,327.67,2414900
DIA,2021-08-16,326.77,328.79,325.16,328.76,3634600
DIA,2021-08-17,326.31,327.01,324.1,326.23,5019600
DIA,2021-08-18,325.12,326.43,322.6,322.81,4038000
DIA,2021-08-19,320.24,323.15,320.22,322.22,5442200
DIA,2021-08-20,322.33,324.88,321.91,324.34,3394800
DIA,2021-08-23,326.0,327.25,325.97,326.46,3569200
DIA,2021-08-24,327.04,327.42,326.61,326.72,1981400
DIA,2021-08-25,326.76,327.92,325.97,327.13,2434700
DIA,2021-08-26,327.4,327.89,325.18,325.26,3008900
DIA,2021-08-27,325.72,327.75,325.72,327.49,3163700
DIA,2021-08-30,327.85,328.09,326.85,327.04,2482000
DIA,2021-08-31,326.78,327.7,326.21,326.89,2913800
DIA,2021-09-01,327.23,327.29,326.31,326.55,2739200
DIA,2021-09-02,327.68,328.05,326.89,327.77,2390000
DIA,2021-09-03,326.67,327.56,326.12,327.09,2465400
DIA,2021-09-07,326.63,326.68,324.18,324.6,3168500
DIA,2021-09-08,324.03,325.27,322.94,323.94,3075700
DIA,2021-09-09,323.79,325.59,322.27,322.63,3484700
DIA,2021-09-10,324.42,324.8,320.1,320.22,4539000
DIA,2021-09-13,322.26,323.21,320.93,322.62,5439700
DIA,2021-09-14,323.64,323.8,319.31,320.01,3902200
DIA,2021-09-15,319.95,322.77,319.37,322.18,3267300
DIA,2021-09-16,322.26,323.34,319.57,321.59,3646000
DIA,2021-09-17,321.04,321.82,319.38,319.92,5380900
DIA,2021-09-20,314.9,316.7,310.99,314.14,10010600
DIA,2021-09-21,316.0,317.54,313.78,313.87,6071100
DIA,2021-09-22,315.77,318.71,315.1,317.01,6862700
DIA,2021-09-23,319.15,322.72,318.89,321.7,5592200
DIA,2021-09-24,320.71,322.5,320.54,321.98,3121600
DIA,2021-09-27,322.37,324.42,322.26,322.67,3426000
DIA,2021-09-28,321.46,321.94,316.93,317.4,7493800
DIA,2021-09-29,318.28,319.95,317.36,318.19,4116600
DIA,2021-09-30,319.4,319.73,312.95,313.11,7926000
DIA,2021-10-01,314.73,319.12,312.55,317.64,6219800
DIA,2021-10-04,317.11,318.43,312.91,314.71,7037700
DIA,2021-10-05,315.74,319.21,315.13,317.59,3826100
DIA,2021-10-06,315.14,318.68,313.28,318.51,6276300
DIA,2021-10-07,321.06,323.74,320.96,321.76,5310400
DIA,2021-10-08,322.03,322.53,320.79,321.67,3658300
DIA,2021-10-11,321.79,323.55,319.2,319.31,4098400
DIA,2021-10-12,319.78,320.34,317.65,318.2,5100300
DIA,2021-10-13,318.35,318.92,315.73,318.3,4189100
DIA,2021-10-14,321.37,323.23,320.81,323.15,4473900
DIA,2021-10-15,325.59,326.91,324.91,326.7,4206800
DIA,2021-10-18,325.3,326.96,324.29,326.38,3310600
DIA,2021-10-19,327.46,328.24,326.65,328.19,2380900
DIA,2021-10-20,328.24,330.15,328.11,329.65,2873800
DIA,2021-10-21,329.05,329.7,328.04,329.58,2243800
DIA,2021-10-22,329.59,331.12,328.99,330.3,3872300
DIA,2021-10-25,330.88,331.37,329.89,331.05,2518200
DIA,2021-10-26,331.99,332.33,330.89,331.01,3182200
DIA,2021-10-27,331.55,331.75,328.65,328.67,3542100
DIA,2021-10-28,329.39,330.9,329.39,330.82,2490500
DIA,2021-10-29,330.22,331.95,329.98,331.68,2979600
DIA,2021-11-01,332.81,333.37,331.45,332.52,2548400
DIA,2021-11-02,332.77,334.14,332.2,333.85,2629000
DIA,2021-11-03,333.24,335.02,332.3,334.77,3557400
DIA,2021-11-04,334.56,334.85,333.2,334.57,3870900
DIA,2021-11-05,336.06,337.89,335.07,336.38,4489000
DIA,2021-11-08,338.01,338.54,336.4,337.32,3056000
DIA,2021-11-09,337.2,337.3,335.01,336.36,3680600
DIA,2021-11-10,335.65,336.77,333.58,334.31,3529000
DIA,2021-11-11,334.42,334.49,332.75,332.82,2461200
DIA,2021-11-12,333.96,334.93,332.93,334.51,3099800
DIA,2021-11-15,335.73,335.85,333.94,334.47,2555000
DIA,2021-11-16,335.01,336.6,334.89,335.11,2728600
DIA,2021-11-17,334.65,334.78,332.89,333.18,2976000
DIA,2021-11-18,333.35,333.37,330.66,332.72,3438100
DIA,2021-11-19,332.01,332.01,329.69,330.18,3542200
DIA,2021-11-22,331.63,333.27,330.35,330.45,4929200
DIA,2021-11-23,330.52,332.46,329.65,332.14,5789300
DIA,2021-11-24,330.32,332.3,330.08,332.14,4246700
DIA,2021-11-26,325.0,326.05,322.25,323.79,9075000
DIA,2021-11-29,327.1,327.27,323.69,325.8,5243000
DIA,2021-11-30,323.49,324.7,319.46,319.96,9543500
DIA,2021-12-01,322.88,325.05,315.72,315.85,8415000
DIA,2021-12-02,317.1,322.79,316.5,321.55,8326400
DIA,2021-12-03,322.71,323.3,318.28,321.21,11365300
DIA,2021-12-06,324.01,328.42,323.61,327.31,7026500
DIA,2021-12-07,330.2,332.68,330.07,331.88,5271500
DIA,2021-12-08,332.27,332.92,330.65,332.11,3355600
DIA,2021-12-09,330.96,333.21,330.59,332.22,3774500
DIA,2021-12-10,333.59,334.28,331.76,334.19,3855200
DIA,2021-12-13,333.44,333.96,330.83,331.23,4563000
DIA,2021-12-14,329.99,332.5,329.31,330.42,4079700
DIA,2021-12-15,330.1,333.94,328.81,333.8,9274900
DIA,2021-12-16,335.15,336.3,332.4,333.45,9493700
DIA,2021-12-17,331.15,331.74,327.81,328.67,10638300
DIA,2021-12-20,324.72,324.96,322.08,324.62,7303400
DIA,2021-12-21,327.3,329.92,326.7,329.86,4693300
DIA,2021-12-22,329.9,332.32,329.17,332.16,2999500
DIA,2021-12-23,333.09,335.05,332.88,333.99,2655000
DIA,2021-12-27,334.64,337.34,334.31,337.3,2594300
DIA,2021-12-28,337.48,339.35,337.27,338.3,3048500
DIA,2021-12-29,338.21,339.83,338.11,339.09,3012200
DIA,2021-12-30,339.88,340.83,337.93,338.37,2863200
DIA,2021-12-31,337.85,338.99,337.29,337.67,3133800
DIA,2022-01-03,338.62,340.03,336.73,339.87,5624100
DIA,2022-01-04,341.41,343.15,341.29,341.9,5462200
DIA,2022-01-05,341.75,343.42,338.29,338.39,7638000
DIA,2022-01-06,338.41,338.91,336.41,336.81,7019800
DIA,2022-01-07,336.35,338.19,335.64,336.74,5806300
DIA,2022-01-10,335.58,335.72,331.28,335.32,8091800
DIA,2022-01-11,335.23,337.14,332.45,336.95,7310900
DIA,2022-01-12,338.06,338.83,336.14,337.33,4493200
DIA,2022-01-13,338.5,339.36,335.01,335.7,6418100
DIA,2022-01-14,332.92,334.4,331.24,333.79,8575400
DIA,2022-01-18,330.25,330.28,327.73,328.87,8166100
DIA,2022-01-19,329.86,330.45,325.49,325.62,7386500
DIA,2022-01-20,326.67,329.99,322.33,322.81,8968700
DIA,2022-01-21,322.83,324.47,318.23,318.42,16301600
DIA,2022-01-24,314.78,320.07,308.19,319.78,29707000
DIA,2022-01-25,316.48,321.62,311.9,318.99,18657900
DIA,2022-01-26,321.85,323.68,314.87,317.59,19047300
DIA,2022-01-27,320.33,323.33,316.13,317.68,12854100
DIA,2022-01-28,317.97,322.91,314.28,322.85,12008900
DIA,2022-01-31,321.61,326.8,320.63,326.54,8379100
DIA,2022-02-01,327.08,329.51,325.24,329.2,7636000
DIA,2022-02-02,328.88,331.73,328.1,331.14,8856400
DIA,2022-02-03,330.02,330.39,326.08,326.45,9339900
DIA,2022-02-04,325.91,328.56,323.51,326.35,8532300
DIA,2022-02-07,326.71,328.48,325.38,326.37,4746200
DIA,2022-02-08,327.02,330.51,326.27,329.76,4568400
DIA,2022-02-09,332.37,333.07,331.73,332.67,4781700
DIA,2022-02-10,329.98,333.03,326.49,327.91,10298500
DIA,2022-02-11,327.82,329.65,322.03,323.02,8211500
DIA,2022-02-14,322.49,323.26,319.21,321.71,7315100
DIA,2022-02-15,324.54,326.24,324.0,325.74,4932200
DIA,2022-02-16,324.38,326.21,322.48,325.23,4496500
DIA,2022-02-17,323.15,323.41,318.9,319.66,4433500
DIA,2022-02-18,319.41,320.63,316.41,317.63,6193700
DIA,2022-02-22,315.59,316.96,310.73,313.0,7942700
DIA,2022-02-23,315.0,315.09,308.16,308.81,5732600
DIA,2022-02-24,300.71,309.95,300.59,309.58,14167100
DIA,2022-02-25,310.83,317.66,310.25,317.22,9496300
DIA,2022-02-28,312.94,316.55,311.86,316.1,8217300
DIA,2022-03-01,314.17,315.8,308.64,310.34,8532900
DIA,2022-03-02,312.31,317.13,311.77,315.78,6836200
DIA,2022-03-03,317.37,318.66,313.62,314.97,7790700
DIA,2022-03-04,311.69,313.8,310.01,313.43,6025000
DIA,2022-03-07,312.24,312.36,305.85,305.97,6590800
DIA,2022-03-08,305.99,311.5,303.73,304.17,8209800
DIA,2022-03-09,310.3,312.09,308.86,310.57,4669200
DIA,2022-03-10,306.76,310.05,306.17,309.36,3317400
DIA,2022-03-11,311.22,312.74,307.11,307.42,6923400
DIA,2022-03-14,309.03,311.68,306.27,307.46,5640600
DIA,2022-03-15,309.26,313.78,308.43,313.16,6648500
DIA,2022-03-16,315.96,318.04,311.63,317.98,9577100
DIA,2022-03-17,316.66,321.92,316.35,321.79,6032900
DIA,2022-03-18,320.8,324.37,319.9,324.14,5903900
DIA,2022-03-21,323.59,324.83,320.5,322.5,4329900
DIA,2022-03-22,324.07,325.56,323.83,325.02,4430800
DIA,2022-03-23,322.79,323.44,320.55,320.61,4098700
DIA,2022-03-24,321.61,324.01,320.63,324.01,3550000
DIA,2022-03-25,324.7,326.12,323.2,325.4,3206200
DIA,2022-03-28,324.66,326.28,322.45,326.28,2962400
DIA,2022-03-29,329.24,330.22,326.88,329.53,4711800
DIA,2022-03-30,328.77,330.0,327.17,328.74,3909800
DIA,2022-03-31,327.76,328.22,323.73,323.8,3978900
DIA,2022-04-01,325.03,325.22,322.32,324.9,3560200
DIA,2022-04-04,324.56,326.09,323.05,326.05,3829900
DIA,2022-04-05,324.72,327.74,322.56,323.34,4331700
DIA,2022-04-06,320.77,323.08,319.94,321.86,5431300
DIA,2022-04-07,320.94,324.05,319.19,323.0,4599900
DIA,2022-04-08,322.75,325.94,321.76,324.3,4535900
DIA,2022-04-11,322.43,324.03,319.98,320.41,5344400
DIA,2022-04-12,321.54,323.72,318.36,319.5,4501400
DIA,2022-04-13,319.0,323.07,318.86,322.8,3605000
DIA,2022-04-14,323.81,325.69,321.51,321.55,4179600
DIA,2022-04-18,321.15,323.21,319.99,321.37,3939000
DIA,2022-04-19,321.55,326.64,321.51,326.06,4261200
DIA,2022-04-20,327.87,329.75,327.14,328.31,5677000
DIA,2022-04-21,330.58,331.44,324.24,324.74,5369600
DIA,2022-04-22,323.46,323.53,315.43,315.92,6855100
DIA,2022-04-25,314.22,318.55,311.19,318.06,6806600
DIA,2022-04-26,315.7,316.65,310.32,310.49,7619800
DIA,2022-04-27,311.82,314.74,309.21,311.03,6894400
DIA,2022-04-28,313.09,318.04,310.52,316.88,5976600
DIA,2022-04-29,315.32,316.82,307.36,307.91,6495600
DIA,2022-05-02,308.53,310.38,303.03,308.89,9221700
DIA,2022-05-03,309.3,311.39,307.37,309.37,6051000
DIA,2022-05-04,309.88,318.63,308.39,318.09,10569700
DIA,2022-05-05,315.51,315.9,305.29,308.42,9101200
DIA,2022-05-06,306.09,308.81,303.3,307.33,10644200
DIA,2022-05-09,303.51,304.81,300.14,301.29,7817200
DIA,2022-05-10,304.93,305.97,297.98,300.57,7716500
DIA,2022-05-11,300.48,304.53,297.14,297.42,9374700
DIA,2022-05-12,295.68,298.33,291.88,296.66,6790800
DIA,2022-05-13,299.17,301.69,297.79,300.94,4236700
DIA,2022-05-16,300.46,304.06,298.58,301.46,3692600
DIA,2022-05-17,305.24,305.74,302.09,305.49,3316800
DIA,2022-05-18,302.79,302.96,293.66,294.7,3659000
DIA,2022-05-19,291.5,295.45,290.3,292.49,3836700
DIA,2022-05-20,294.7,294.96,286.73,292.48,4654000
DIA,2022-05-23,295.19,299.24,294.69,298.49,4484600
DIA,2022-05-24,296.36,299.71,293.6,299.0,5260500
DIA,2022-05-25,297.68,301.95,297.19,300.77,4612800
DIA,2022-05-26,302.33,306.85,302.29,305.61,3270200
DIA,2022-05-27,306.17,310.93,305.96,310.87,2773100
DIA,2022-05-31,309.09,311.32,306.74,309.12,4354000
DIA,2022-06-01,311.19,311.7,305.28,307.4,3721400
DIA,2022-06-02,307.58,311.54,304.59,311.53,3718800
DIA,2022-06-03,308.81,310.55,307.75,308.33,4150900
DIA,2022-06-06,310.42,311.5,307.56,308.42,1957600
DIA,2022-06-07,305.96,311.25,305.96,310.97,2424000
DIA,2022-06-08,309.46,310.74,307.59,308.35,2032900
DIA,2022-06-09,307.21,308.92,302.38,302.38,2591500
DIA,2022-06-10,297.99,298.42,294.26,294.3,4484700
DIA,2022-06-13,287.87,289.86,284.74,286.07,6317200
DIA,2022-06-14,287.04,287.8,282.66,284.87,3724000
DIA,2022-06-15,286.84,290.85,282.97,287.62,7060900
DIA,2022-06-16,282.13,282.4,279.0,280.76,4943500
DIA,2022-06-17,279.88,282.98,278.11,280.3,4738000
DIA,2022-06-21,284.39,287.57,283.96,286.46,3246500
DIA,2022-06-22,282.93,288.71,282.75,285.82,6361200
DIA,2022-06-23,286.82,288.12,284.11,287.82,3582600
DIA,2022-06-24,290.13,295.69,290.06,295.59,3314800
DIA,2022-06-27,295.95,296.41,294.05,294.97,1896500
DIA,2022-06-28,296.51,299.09,290.16,290.26,3025900
DIA,2022-06-29,291.26,292.27,289.78,290.93,2462800
DIA,2022-06-30,287.83,290.71,285.49,288.84,4117800
DIA,2022-07-01,288.44,292.11,285.97,291.68,3315000
DIA,2022-07-05,287.69,290.66,284.86,290.61,3767700
DIA,2022-07-06,290.88,293.03,288.95,291.27,2493300
DIA,2022-07-07,293.27,294.89,292.39,294.59,2267500
DIA,2022-07-08,294.17,295.71,292.92,294.13,2094300
DIA,2022-07-11,292.44,294.39,291.98,292.48,2633200
DIA,2022-07-12,291.41,294.21,289.57,290.85,2806000
DIA,2022-07-13,287.31,290.83,286.29,288.77,3481200
DIA,2022-07-14,283.99,287.94,282.88,287.5,2893100
DIA,2022-07-15,291.76,293.61,290.21,293.5,3027500
DIA,2022-07-18,296.41,296.96,290.75,291.61,2344900
DIA,2022-07-19,293.89,298.89,293.5,298.62,3004900
DIA,2022-07-20,298.74,299.86,297.06,299.21,3243000
DIA,2022-07-21,298.17,300.82,296.05,300.78,2159800
DIA,2022-07-22,302.04,302.46,297.89,299.51,3264100
DIA,2022-07-25,300.46,300.76,298.75,300.35,4002500
DIA,2022-07-26,299.35,299.9,297.67,298.08,2101700
DIA,2022-07-27,299.34,303.62,298.55,302.28,3338100
DIA,2022-07-28,302.69,306.14,300.21,305.3,2688400
DIA,2022-07-29,305.57,309.09,305.01,308.52,3225600
DIA,2022-08-01,306.88,309.52,306.45,307.94,2745500
DIA,2022-08-02,306.93,307.69,304.05,304.18,5394600
DIA,2022-08-03,305.74,308.97,305.22,308.05,2564600
DIA,2022-08-04,307.61,308.24,306.54,307.3,2426400
DIA,2022-08-05,305.15,308.08,305.02,307.87,2672400
DIA,2022-08-08,309.6,310.83,307.63,308.29,2528800
DIA,2022-08-09,308.16,308.78,307.14,307.82,1655100
DIA,2022-08-10,312.22,313.37,311.62,312.78,2934400
DIA,2022-08-11,315.24,316.16,312.76,313.26,2401600
DIA,2022-08-12,314.28,317.21,313.71,317.13,2606900
DIA,2022-08-15,315.51,319.02,315.47,318.57,1936500
DIA,2022-08-16,318.06,322.07,317.99,320.8,3897100
DIA,2022-08-17,318.86,321.1,317.94,319.35,2960300
DIA,2022-08-18,319.35,320.1,318.2,319.71,1850900
DIA,2022-08-19,318.23,318.52,316.26,317.0,2010300
DIA,2022-08-22,313.3,313.69,310.53,311.09,2684500
DIA,2022-08-23,310.67,311.74,309.1,309.54,2897200
DIA,2022-08-24,309.37,311.34,308.81,310.24,2581700
DIA,2022-08-25,310.46,313.34,309.44,313.34,2498900
DIA,2022-08-26,313.66,313.83,303.62,303.73,4191000
DIA,2022-08-29,301.48,304.1,300.74,302.01,2896900
DIA,2022-08-30,302.94,303.01,297.74,299.13,2926300
DIA,2022-08-31,299.52,301.13,296.83,296.88,2981600
DIA,2022-09-01,295.6,298.38,294.1,298.21,3228000
DIA,2022-09-02,300.75,301.68,293.74,295.1,3826200
DIA,2022-09-06,295.84,296.46,292.44,293.63,3320400
DIA,2022-09-07,293.11,298.09,292.93,297.52,2520200
DIA,2022-09-08,295.98,299.47,295.03,299.32,3301100
DIA,2022-09-09,301.05,303.74,300.5,303.12,2479300
DIA,2022-09-12,304.06,306.31,303.99,305.27,2486900
DIA,2022-09-13,299.84,300.58,292.35,293.19,4301200
DIA,2022-09-14,293.78,294.84,291.12,293.5,2868800
DIA,2022-09-15,293.1,294.88,291.12,291.9,3294600
DIA,2022-09-16,288.53,291.0,287.96,290.5,4071000
DIA,2022-09-19,287.97,292.52,287.9,292.48,2730000
DIA,2022-09-20,290.16,290.44,287.23,289.53,2822800
DIA,2022-09-21,290.94,292.6,284.53,284.62,5110700
DIA,2022-09-22,284.38,285.71,282.81,283.4,3492500
DIA,2022-09-23,280.85,281.02,275.74,279.01,4949300
DIA,2022-09-26,277.82,279.36,274.89,276.04,4143400
DIA,2022-09-27,277.99,279.64,273.01,274.71,3681000
DIA,2022-09-28,275.7,281.05,274.47,279.83,3995700
DIA,2022-09-29,277.98,278.05,273.34,275.56,3351100
DIA,2022-09-30,274.62,276.74,270.69,270.93,3827200
DIA,2022-10-03,274.01,279.49,272.98,278.0,3457600
DIA,2022-10-04,281.6,285.91,281.44,285.87,4163800
DIA,2022-10-05,282.66,287.2,281.78,285.54,2746900
DIA,2022-10-06,284.3,286.03,281.6,282.18,3081700
DIA,2022-10-07,279.83,279.98,274.84,276.28,3029300
DIA,2022-10-10,277.52,278.12,273.56,275.33,3154500
DIA,2022-10-11,274.59,279.27,274.16,275.64,3849900
DIA,2022-10-12,275.8,277.79,274.77,275.52,4378700
DIA,2022-10-13,270.78,284.54,270.29,283.44,7389600
DIA,2022-10-14,285.31,287.02,279.32,279.91,5519400
DIA,2022-10-17,283.75,285.94,282.89,284.85,3555700
DIA,2022-10-18,290.7,290.81,285.78,288.07,4685500
DIA,2022-10-19,287.0,289.18,285.07,287.01,2939800
DIA,2022-10-20,287.46,290.8,285.49,286.03,3574700
DIA,2022-10-21,285.99,293.65,284.98,293.35,5357200
DIA,2022-10-24,294.9,298.18,294.03,297.28,4331700
DIA,2022-10-25,296.62,300.8,296.39,300.53,6024800
DIA,2022-10-26,300.05,303.57,299.85,300.42,4991800
DIA,2022-10-27,303.42,305.6,301.88,302.39,4262200
DIA,2022-10-28,303.62,310.34,303.33,310.05,5251400
DIA,2022-10-31,308.48,310.27,307.48,308.95,5128200
DIA,2022-11-01,310.79,311.23,306.48,308.0,4376400
DIA,2022-11-02,307.1,312.1,303.2,303.24,7110300
DIA,2022-11-03,301.34,303.7,299.29,301.83,4112700
DIA,2022-11-04,305.36,307.75,301.33,305.86,6263700
DIA,2022-11-07,306.8,310.4,305.87,309.9,4518300
DIA,2022-11-08,310.89,314.75,309.77,313.0,6349000
DIA,2022-11-09,311.11,312.21,306.63,306.99,4799200
DIA,2022-11-10,315.37,318.46,313.16,318.24,6002300
DIA,2022-11-11,318.84,319.29,315.29,318.74,5190700
DIA,2022-11-14,317.72,320.7,316.63,316.83,3303300
DIA,2022-11-15,319.4,320.94,314.62,317.25,4824100
DIA,2022-11-16,316.74,318.23,316.63,317.12,3085500
DIA,2022-11-17,313.96,317.79,313.96,317.14,3606500
DIA,2022-11-18,319.07,319.73,316.99,318.99,3659100
DIA,2022-11-21,319.26,320.2,317.25,318.69,2304100
DIA,2022-11-22,320.43,322.53,319.95,322.38,4389400
DIA,2022-11-23,322.05,323.91,321.47,323.32,3108500
DIA,2022-11-25,323.45,325.07,323.39,324.8,1498300
DIA,2022-11-28,323.07,324.29,319.54,320.05,3089800
DIA,2022-11-29,319.52,320.88,318.27,320.04,2943600
DIA,2022-11-30,320.2,327.33,317.86,327.29,6940400
DIA,2022-12-01,327.86,327.87,323.07,325.65,5325900
DIA,2022-12-02,322.29,326.59,322.29,325.96,3736500
DIA,2022-12-05,323.79,324.61,320.56,321.5,3827200
DIA,2022-12-06,321.26,322.09,316.48,318.13,5516300
DIA,2022-12-07,317.83,319.9,317.26,318.11,3577100
DIA,2022-12-08,319.34,321.14,318.7,320.02,3278400
DIA,2022-12-09,319.27,320.63,316.98,317.1,3815500
DIA,2022-12-12,317.83,322.09,317.75,322.06,5017300
DIA,2022-12-13,329.21,329.25,321.0,323.19,5274300
DIA,2022-12-14,323.16,325.88,319.24,321.68,5498400
DIA,2022-12-15,318.24,318.99,312.76,314.67,5865600
DIA,2022-12-16,312.05,313.2,309.36,311.75,6672200
DIA,2022-12-19,311.65,313.04,308.66,310.24,3709600
DIA,2022-12-20,310.44,312.6,309.32,311.19,4721700
DIA,2022-12-21,314.18,316.83,313.79,316.14,5086800
DIA,2022-12-22,314.15,314.48,308.6,312.97,4876900
DIA,2022-12-23,312.36,314.8,310.89,314.55,3997900
DIA,2022-12-27,314.94,316.34,313.27,314.97,3098900
DIA,2022-12-28,315.27,316.27,311.37,311.37,3102400
DIA,2022-12-29,313.23,315.43,312.85,314.68,2458800
DIA,2022-12-30,313.31,314.05,311.16,313.99,3881800
DIA,2023-01-03,315.02,316.35,311.16,313.88,3910700
DIA,2023-01-04,315.15,316.55,312.91,315.15,4137300
DIA,2023-01-05,313.64,313.81,310.92,311.99,4350100
DIA,2023-01-06,314.79,319.47,312.64,318.68,4800800
DIA,2023-01-09,320.01,321.64,317.39,317.74,3864000
DIA,2023-01-10,317.42,319.67,316.79,319.58,2277500
DIA,2023-01-11,320.69,322.02,319.48,321.97,3265800
DIA,2023-01-12,323.04,325.04,320.26,324.1,4332600
DIA,2023-01-13,321.41,325.51,321.36,325.08,3473400
DIA,2023-01-17,324.44,324.81,320.9,321.41,3929700
DIA,2023-01-18,321.79,322.39,315.28,315.54,5164300
DIA,2023-01-19,313.73,315.06,312.7,313.32,3454200
DIA,2023-01-20,313.77,316.53,312.37,316.47,4120200
DIA,2023-01-23,317.44,320.34,315.88,318.84,3985300
DIA,2023-01-24,317.69,320.31,316.5,319.72,3360900
DIA,2023-01-25,317.01,320.24,315.41,319.93,4318600
DIA,2023-01-26,321.0,321.96,318.87,321.87,2930900
DIA,2023-01-27,321.91,323.94,320.73,322.1,2907400
DIA,2023-01-30,321.01,322.88,319.49,319.69,3032700
DIA,2023-01-31,320.2,323.29,319.16,323.26,2593500
DIA,2023-02-01,321.64,325.58,318.28,323.3,6175400
DIA,2023-02-02,323.91,323.91,320.59,322.88,5169400
DIA,2023-02-03,321.31,324.06,320.54,321.51,6504300
DIA,2023-02-06,320.25,322.06,319.34,321.03,2708400
DIA,2023-02-07,319.58,324.67,318.86,323.92,4969600
DIA,2023-02-08,322.83,323.86,321.37,321.92,2769500
DIA,2023-02-09,324.13,324.9,318.74,319.71,3094700
DIA,2023-02-10,319.38,321.54,318.63,321.27,2523900
DIA,2023-02-13,321.41,324.9,321.41,324.89,2653900
DIA,2023-02-14,323.92,325.82,320.97,323.56,3501100
DIA,2023-02-15,321.96,324.06,321.18,324.05,1967700
DIA,2023-02-16,321.05,323.32,319.92,320.0,3229600
DIA,2023-02-17,318.94,321.51,318.33,321.38,3034200
DIA,2023-02-21,317.99,319.15,314.55,314.69,3142900
DIA,2023-02-22,315.17,315.81,312.98,314.0,2896400
DIA,2023-02-23,315.26,316.12,311.58,315.09,5999600
DIA,2023-02-24,311.44,312.69,310.11,311.72,3764700
DIA,2023-02-27,314.2,315.38,311.79,312.61,2887300
DIA,2023-02-28,312.43,312.43,310.19,310.24,3155300
DIA,2023-03-01,309.74,311.43,309.04,310.65,3317500
DIA,2023-03-02,311.19,314.64,310.46,313.92,3047500
DIA,2023-03-03,314.95,317.71,313.9,317.5,3033500
DIA,2023-03-06,317.9,319.32,317.47,317.95,2641700
DIA,2023-03-07,317.94,318.18,312.29,312.43,5009200
DIA,2023-03-08,312.48,313.03,310.27,312.07,3169600
DIA,2023-03-09,313.24,313.92,306.28,306.93,4760900
DIA,2023-03-10,306.42,308.63,302.51,303.75,7741600
DIA,2023-03-13,300.92,307.01,300.83,302.88,6831600
DIA,2023-03-14,306.1,307.53,302.78,306.08,4760500
DIA,2023-03-15,301.06,303.82,299.22,303.57,6518000
DIA,2023-03-16,301.78,307.39,300.61,307.09,6569900
DIA,2023-03-17,305.5,305.85,302.11,303.38,5314900
DIA,2023-03-20,304.17,307.43,304.17,307.0,4695000
DIA,2023-03-21,309.97,310.37,307.99,310.17,3527300
DIA,2023-03-22,310.19,312.01,304.87,304.98,4378700
DIA,2023-03-23,306.08,309.59,303.38,305.61,4772600
DIA,2023-03-24,304.29,307.16,302.82,307.02,4484900
DIA,2023-03-27,309.18,310.12,307.96,308.92,3550900
DIA,2023-03-28,308.61,310.19,307.52,308.44,2536500
DIA,2023-03-29,311.08,311.64,309.85,311.56,2531700
DIA,2023-03-30,313.27,313.34,311.21,312.89,2487000
DIA,2023-03-31,313.95,317.01,313.87,316.83,2837300
DIA,2023-04-03,317.76,320.29,317.68,319.97,3450700
DIA,2023-04-04,319.97,320.3,316.84,318.09,2449900
DIA,2023-04-05,318.15,319.53,317.92,318.93,2566600
DIA,2023-04-06,318.48,319.4,317.46,319.0,2333300
DIA,2023-04-10,318.15,320.01,317.6,320.01,2834200
DIA,2023-04-11,320.35,321.83,320.06,320.91,2343100
DIA,2023-04-12,322.54,322.92,320.01,320.63,3363800
DIA,2023-04-13,321.07,324.42,320.12,324.22,3040900
DIA,2023-04-14,323.81,324.67,321.3,322.76,3107900
DIA,2023-04-17,323.02,323.8,321.95,323.79,2226400
DIA,2023-04-18,323.81,324.07,321.86,323.67,2191100
DIA,2023-04-19,323.01,323.51,322.14,322.9,2854700
DIA,2023-04-20,321.41,322.77,320.86,321.91,2179300
DIA,2023-04-21,322.38,322.69,321.0,322.24,2470100
DIA,2023-04-24,322.05,323.0,321.38,322.85,2288800
DIA,2023-04-25,322.29,322.78,319.46,319.59,2745300
DIA,2023-04-26,319.85,320.67,316.71,317.32,3588400
DIA,2023-04-27,318.49,322.69,318.16,322.32,3066600
DIA,2023-04-28,321.36,325.03,321.3,325.02,3651100
DIA,2023-05-01,325.09,326.51,324.29,324.38,2296200
DIA,2023-05-02,323.98,324.04,318.62,321.06,3275800
DIA,2023-05-03,321.3,322.3,318.25,318.43,3924100
DIA,2023-05-04,317.63,317.93,313.91,315.78,3576800
DIA,2023-05-05,318.57,321.66,318.26,320.92,3542700
DIA,2023-05-08,321.34,321.55,319.36,320.44,1789900
DIA,2023-05-09,319.66,320.87,319.42,320.01,1924900
DIA,2023-05-10,321.56,321.99,316.88,319.74,3365500
DIA,2023-05-11,318.07,318.2,315.91,317.68,2744700
DIA,2023-05-12,318.72,318.75,315.76,317.56,2636400
DIA,2023-05-15,317.85,318.57,316.28,318.1,2171000
DIA,2023-05-16,317.09,317.43,314.78,314.84,2265200
DIA,2023-05-17,316.55,319.44,315.36,318.9,3068800
DIA,2023-05-18,318.23,320.65,317.13,320.28,3553500
DIA,2023-05-19,320.88,321.35,318.26,319.19,3706700
DIA,2023-05-22,319.12,320.11,317.12,317.96,2555100
DIA,2023-05-23,316.87,318.15,315.27,315.77,2526200
DIA,2023-05-24,315.19,315.42,312.78,313.29,2978300
DIA,2023-05-25,313.35,313.98,311.2,313.04,3499900
DIA,2023-05-26,313.4,316.74,313.2,315.99,3580000
DIA,2023-05-30,315.81,316.45,314.16,315.69,3474500
DIA,2023-05-31,314.66,315.35,312.99,314.73,3067600
DIA,2023-06-01,314.15,317.08,312.63,316.09,3081300
DIA,2023-06-02,318.28,323.31,318.16,322.9,5584700
DIA,2023-06-05,323.03,323.29,320.88,321.04,3415600
DIA,2023-06-06,320.95,321.63,319.46,321.08,2824900
DIA,2023-06-07,321.44,322.37,320.85,322.04,2739000
DIA,2023-06-08,322.09,324.03,321.64,323.6,2700300
DIA,2023-06-09,323.37,324.99,323.14,324.04,3162300
DIA,2023-06-12,324.49,325.98,324.01,325.86,2035500
DIA,2023-06-13,326.4,328.21,326.27,327.24,3259300
DIA,2023-06-14,326.07,326.69,323.16,325.14,3766000
DIA,2023-06-15,325.07,330.07,324.91,329.3,4722500
DIA,2023-06-16,330.59,330.96,328.08,328.3,5576800
DIA,2023-06-20,326.72,327.01,324.52,325.91,3387200
DIA,2023-06-21,325.11,326.34,324.21,324.93,3050700
DIA,2023-06-22,324.46,325.41,323.79,324.84,2605500
DIA,2023-06-23,322.72,323.74,321.85,322.75,3721600
DIA,2023-06-26,322.41,323.64,321.6,322.74,2301900
DIA,2023-06-27,322.7,325.14,322.7,324.74,1778800
DIA,2023-06-28,324.26,324.46,323.01,324.16,2305000
DIA,2023-06-29,323.95,326.8,323.66,326.58,2902700
DIA,2023-06-30,328.56,329.86,328.12,329.16,3027500
DIA,2023-07-03,328.35,329.81,328.13,329.37,1698400
DIA,2023-07-05,327.75,329.05,327.63,328.16,2717000
DIA,2023-07-06,325.7,326.31,323.27,324.74,3742400
DIA,2023-07-07,323.53,325.86,322.78,323.01,2852200
DIA,2023-07-10,322.98,325.14,322.76,325.07,2560200
DIA,2023-07-11,326.18,328.27,325.43,328.0,2477100
DIA,2023-07-12,330.17,331.12,328.49,328.95,4140200
DIA,2023-07-13,329.63,330.14,329.02,329.23,2472300
DIA,2023-07-14,330.94,331.14,329.79,330.42,3293400
DIA,2023-07-17,329.84,331.89,329.51,331.07,2860000
DIA,2023-07-18,330.88,334.96,330.5,334.64,4617200
DIA,2023-07-19,335.43,337.39,335.43,335.71,5864300
DIA,2023-07-20,336.43,338.77,336.34,337.37,4561300
DIA,2023-07-21,337.99,338.48,336.94,337.35,2971700
DIA,2023-07-24,337.9,339.68,337.72,339.2,3073700
DIA,2023-07-25,338.94,340.26,338.7,339.44,2548700
DIA,2023-07-26,338.31,341.32,338.29,340.33,3084700
DIA,2023-07-27,340.91,341.39,337.26,337.95,4771000
DIA,2023-07-28,339.62,340.62,338.59,339.59,3219000
DIA,2023-07-31,339.68,340.67,339.31,340.64,2201400
DIA,2023-08-01,340.35,341.72,340.23,341.24,2581900
DIA,2023-08-02,339.59,340.28,337.32,337.93,5061000
DIA,2023-08-03,336.83,338.55,336.37,337.21,3307000
DIA,2023-08-04,338.29,340.05,335.49,335.92,4269400
DIA,2023-08-07,337.26,339.97,337.1,339.73,2390800
DIA,2023-08-08,337.62,338.51,335.22,338.19,3033600
DIA,2023-08-09,338.05,338.83,335.82,336.53,2873300
DIA,2023-08-10,338.32,340.97,336.44,337.11,4133500
DIA,2023-08-11,336.44,338.86,335.89,338.17,2602600
DIA,2023-08-14,337.92,338.65,337.0,338.38,3134100
DIA,2023-08-15,336.9,337.24,334.52,334.93,2818700
DIA,2023-08-16,334.63,336.76,333.11,333.16,3586800
DIA,2023-08-17,334.3,334.65,330.34,330.57,4804100
DIA,2023-08-18,329.03,331.87,328.77,331.12,3525400
DIA,2023-08-21,331.29,331.69,328.59,330.68,3176500
DIA,2023-08-22,330.8,331.13,328.67,329.04,2816000
DIA,2023-08-23,329.59,331.38,329.32,330.84,2605400
DIA,2023-08-24,330.35,332.89,327.13,327.19,3840800
DIA,2023-08-25,328.56,330.57,326.54,329.56,3868500
DIA,2023-08-28,331.2,332.6,330.52,331.68,2382700
DIA,2023-08-29,331.54,334.6,331.38,334.47,3107700
DIA,2023-08-30,334.93,336.5,334.38,335.22,2792900
DIA,2023-08-31,336.68,337.03,333.63,333.7,2901400
DIA,2023-09-01,335.73,336.14,333.64,334.82,2533200
DIA,2023-09-05,334.91,335.11,332.82,332.9,1906900
DIA,2023-09-06,332.39,332.45,329.52,331.0,2748400
DIA,2023-09-07,330.48,332.19,330.38,331.66,2378600
DIA,2023-09-08,331.74,332.96,331.46,332.45,1665900
DIA,2023-09-11,333.9,334.44,332.45,333.27,1722900
DIA,2023-09-12,332.57,335.13,332.3,333.12,1813800
DIA,2023-09-13,333.46,334.37,331.79,332.49,2025200
DIA,2023-09-14,334.51,336.4,333.62,335.74,3489400
DIA,2023-09-15,335.01,335.58,332.45,332.97,3581700
DIA,2023-09-18,333.11,333.92,332.17,332.98,2122800
DIA,2023-09-19,332.33,332.65,329.93,331.94,2740900
DIA,2023-09-20,332.88,334.43,331.11,331.22,3411400
DIA,2023-09-21,330.12,330.58,327.52,327.62,3483700
DIA,2023-09-22,327.73,328.44,326.41,326.66,3376400
DIA,2023-09-25,325.84,327.13,324.84,327.05,3104700
DIA,2023-09-26,325.02,325.85,322.78,323.26,4657300
DIA,2023-09-27,324.06,324.32,320.26,322.67,4442200
DIA,2023-09-28,322.56,324.82,321.84,323.81,4053600
DIA,2023-09-29,325.89,325.94,321.21,322.21,3786500
DIA,2023-10-02,321.57,322.28,319.45,321.38,4192600
DIA,2023-10-03,320.18,321.18,316.52,317.43,4871100
DIA,2023-10-04,317.57,318.85,316.11,318.4,4877100
DIA,2023-10-05,318.23,319.13,316.86,318.57,3172200
DIA,2023-10-06,317.78,322.87,315.98,321.39,4491300
DIA,2023-10-09,320.28,323.58,319.94,323.3,3756300
DIA,2023-10-10,324.37,326.11,323.25,324.61,3769400
DIA,2023-10-11,325.32,325.95,323.37,325.17,2773900
DIA,2023-10-12,325.88,325.88,321.84,323.48,3315000
DIA,2023-10-13,324.64,326.69,322.76,323.87,5154600
DIA,2023-10-16,325.88,327.94,325.54,326.96,3969300
DIA,2023-10-17,325.46,328.53,325.4,327.06,3777800
DIA,2023-10-18,326.82,327.04,323.22,323.82,4141200
DIA,2023-10-19,323.88,325.74,321.06,321.41,5201800
DIA,2023-10-20,320.88,321.7,318.71,318.77,3960800
DIA,2023-10-23,317.53,319.87,316.55,316.97,3898300
DIA,2023-10-24,318.59,320.22,317.48,319.01,3583900
DIA,2023-10-25,319.76,320.21,317.46,317.96,3836300
DIA,2023-10-26,317.78,318.61,315.08,315.53,4882600
DIA,2023-10-27,315.54,315.58,311.09,312.03,4757300
DIA,2023-10-30,314.15,317.64,314.13,316.88,4617200
DIA,2023-10-31,316.83,318.28,315.54,318.09,3645800
DIA,2023-11-01,318.51,320.86,317.72,320.2,4546200
DIA,2023-11-02,322.22,325.82,321.87,325.7,5356300
DIA,2023-11-03,327.36,328.81,326.66,327.84,4046900
DIA,2023-11-06,328.08,328.83,327.14,328.25,2766000
DIA,2023-11-07,327.95,329.24,327.54,328.73,2793700
DIA,2023-11-08,329.27,329.74,327.19,328.33,2787900
DIA,2023-11-09,329.18,329.22,326.07,326.39,3940700
DIA,2023-11-10,328.03,330.43,326.55,330.15,3268600
DIA,2023-11-13,329.54,331.39,329.4,330.68,2624500
DIA,2023-11-14,334.49,336.41,333.67,335.35,4815500
DIA,2023-11-15,336.19,337.62,335.89,337.13,3149400
DIA,2023-11-16,336.47,337.64,335.67,336.89,3848000
DIA,2023-11-17,337.34,337.77,336.33,337.01,2059200
DIA,2023-11-20,336.69,339.72,336.66,339.02,2904300
DIA,2023-11-21,338.63,338.72,337.9,338.35,1849500
DIA,2023-11-22,339.38,340.58,339.0,340.02,3486200
DIA,2023-11-24,340.6,341.37,340.49,341.22,1245100
DIA,2023-11-27,341.06,341.55,340.24,340.76,2532400
DIA,2023-11-28,340.92,342.51,340.54,341.52,2759600
DIA,2023-11-29,342.35,343.47,341.77,342.04,2736300
DIA,2023-11-30,344.03,347.37,343.78,347.2,4094300
DIA,2023-12-01,347.22,350.33,347.07,350.14,5852500
DIA,2023-12-04,348.31,350.05,348.18,349.75,4211000
DIA,2023-12-05,348.99,349.38,347.88,349.04,5372700
DIA,2023-12-06,349.91,350.62,348.0,348.38,5583700
DIA,2023-12-07,349.09,349.48,348.1,348.96,3295600
DIA,2023-12-08,348.9,350.75,348.53,350.21,2930400
DIA,2023-12-11,350.67,351.9,350.09,351.72,3673200
DIA,2023-12-12,352.42,353.64,351.47,353.38,3239600
DIA,2023-12-13,353.57,358.52,352.99,358.52,4304800
DIA,2023-12-14,359.46,360.38,358.06,360.06,5507000
DIA,2023-12-15,359.32,360.92,358.93,360.18,6948400
DIA,2023-12-18,360.82,361.38,360.31,360.52,3403200
DIA,2023-12-19,360.77,363.02,360.66,362.96,3749200
DIA,2023-12-20,362.16,363.77,358.23,358.42,4564700
DIA,2023-12-21,360.44,361.63,358.76,361.39,3837500
DIA,2023-12-22,361.16,362.78,360.14,361.32,3330700
DIA,2023-12-26,361.2,363.53,361.1,362.81,2217800
DIA,2023-12-27,362.57,364.21,362.23,363.98,3061200
DIA,2023-12-28,363.94,365.08,363.94,364.44,2620400
DIA,2023-12-29,364.36,364.85,362.74,364.28,3364400
DIA,2024-01-02,362.28,365.2,362.28,364.5,5776300
DIA,2024-01-03,363.03,363.56,361.41,361.71,6393600
DIA,2024-01-04,362.32,364.62,361.9,362.03,4251900
DIA,2024-01-05,361.92,363.68,360.75,362.13,5381700
DIA,2024-01-08,360.93,364.38,360.03,364.25,4604900
DIA,2024-01-09,362.28,363.06,361.27,362.65,3230900
DIA,2024-01-10,363.01,364.86,362.76,364.36,2718700
DIA,2024-01-11,365.15,365.49,361.75,364.57,4095700
DIA,2024-01-12,364.87,365.62,362.21,363.36,3816700
DIA,2024-01-16,362.45,362.99,359.61,361.18,4471600
DIA,2024-01-17,359.33,361.27,358.94,360.27,4361000
DIA,2024-01-18,359.8,362.79,358.96,362.29,3953400
DIA,2024-01-19,363.44,366.91,362.16,366.16,5218600
DIA,2024-01-22,367.22,368.56,366.63,367.59,5433400
DIA,2024-01-23,366.9,367.37,365.56,366.59,3110100
DIA,2024-01-24,367.72,368.12,365.53,365.67,3967200
DIA,2024-01-25,366.62,368.06,365.51,367.98,3539100
DIA,2024-01-26,367.5,369.58,367.47,368.57,3221000
DIA,2024-01-29,368.48,370.82,368.04,370.72,2730900
DIA,2024-01-30,370.24,372.3,369.93,371.86,2747900
DIA,2024-01-31,372.56,373.15,368.81,368.84,4476600
DIA,2024-02-01,368.87,372.5,368.46,372.45,3652500
DIA,2024-02-02,371.38,375.04,370.65,373.73,3344800
DIA,2024-02-05,373.31,373.31,369.57,370.98,3761600
DIA,2024-02-06,371.31,372.71,370.9,372.43,2507800
DIA,2024-02-07,373.7,374.72,372.98,373.97,2797600
DIA,2024-02-08,374.74,374.93,372.85,374.63,2549800
DIA,2024-02-09,374.47,374.77,373.09,374.02,3526300
DIA,2024-02-12,373.79,376.62,373.75,375.36,2412200
DIA,2024-02-13,372.42,372.51,367.96,370.24,5325300
DIA,2024-02-14,371.39,371.92,369.52,371.67,3465200
DIA,2024-02-15,372.54,375.57,372.24,375.5,3497200
DIA,2024-02-16,375.04,376.09,373.62,374.09,3772300
DIA,2024-02-20,373.44,374.46,372.5,373.61,3295700
DIA,2024-02-21,372.9,374.07,371.31,373.96,3027600
DIA,2024-02-22,376.2,379.21,375.76,378.31,4990700
DIA,2024-02-23,379.5,380.54,378.68,379.02,3451600
DIA,2024-02-26,379.19,380.12,378.02,378.47,1914100
DIA,2024-02-27,378.13,378.22,376.57,377.46,2370900
DIA,2024-02-28,375.79,377.53,375.46,377.4,3313900
DIA,2024-02-29,378.45,378.86,376.28,377.74,3026900
DIA,2024-03-01,377.64,379.34,376.7,379.05,3857500
DIA,2024-03-04,377.15,379.0,377.15,378.01,3048500
DIA,2024-03-05,376.81,377.1,372.86,374.09,4132400
DIA,2024-03-06,376.32,376.94,374.04,375.05,3039100
DIA,2024-03-07,376.88,377.51,375.68,376.28,2965700
DIA,2024-03-08,376.08,378.19,375.57,375.84,4256900
DIA,2024-03-11,374.8,376.48,373.43,376.25,3396000
DIA,2024-03-12,377.05,379.18,375.69,378.55,3275800
DIA,2024-03-13,379.42,380.49,377.84,378.97,2788700
DIA,2024-03-14,379.89,380.12,375.69,377.85,4471900
DIA,2024-03-15,376.5,377.97,374.84,375.78,4372300
DIA,2024-03-18,377.09,377.58,376.24,376.49,2060600
DIA,2024-03-19,376.9,379.75,376.23,379.56,3303800
DIA,2024-03-20,378.84,383.76,378.58,383.54,4823900
DIA,2024-03-21,384.82,387.25,384.33,386.22,4348400
DIA,2024-03-22,386.23,386.52,383.05,383.09,3156100
DIA,2024-03-25,382.5,382.72,381.43,381.55,2535600
DIA,2024-03-26,382.26,382.84,381.24,381.46,3395400
DIA,2024-03-27,383.55,386.05,383.03,386.03,4427300
DIA,2024-03-28,386.52,387.0,385.53,386.23,3155000
DIA,2024-04-01,386.28,386.51,383.28,383.87,3825200
DIA,2024-04-02,380.6,380.77,378.96,380.27,4034900
DIA,2024-04-03,380.32,381.53,378.68,379.91,3547000
DIA,2024-04-04,382.6,382.81,374.42,374.83,5041200
DIA,2024-04-05,375.15,379.13,374.88,377.58,4423500
DIA,2024-04-08,377.77,378.83,377.3,377.82,2431300
DIA,2024-04-09,378.32,378.67,374.54,377.56,4003900
DIA,2024-04-10,373.76,374.78,371.92,373.36,5173100
DIA,2024-04-11,374.29,374.88,370.92,373.39,3972800
DIA,2024-04-12,371.22,371.83,367.82,368.85,5305100
DIA,2024-04-15,372.21,372.69,365.68,366.37,4870700
DIA,2024-04-16,368.73,368.91,366.11,367.02,4383500
DIA,2024-04-17,368.21,369.16,365.23,366.5,4584900
DIA,2024-04-18,368.06,369.88,365.92,366.88,4579200
DIA,2024-04-19,367.9,370.17,367.15,368.98,5078600
DIA,2024-04-22,370.85,373.49,368.99,371.48,4129000
DIA,2024-04-23,372.76,374.6,372.0,374.05,3126400
DIA,2024-04-24,373.9,374.49,372.11,373.49,3575800
DIA,2024-04-25,368.97,370.68,366.73,370.07,4682800
DIA,2024-04-26,369.9,372.42,369.69,371.42,4252400
DIA,2024-04-29,372.19,373.09,371.18,372.87,3265900
DIA,2024-04-30,371.56,371.85,367.31,367.36,3463600
DIA,2024-05-01,367.6,372.55,367.21,368.1,5731600
DIA,2024-05-02,370.29,372.0,368.1,371.34,3535600
DIA,2024-05-03,376.11,376.94,374.09,375.75,4471100
DIA,2024-05-06,377.26,377.66,375.81,377.38,2596100
DIA,2024-05-07,378.08,378.65,377.28,377.66,2428600
DIA,2024-05-08,377.28,379.77,377.13,379.36,2855100
DIA,2024-05-09,379.0,383.03,378.9,382.77,4141200
DIA,2024-05-10,383.99,384.62,382.87,383.92,3505600
DIA,2024-05-13,385.09,385.31,382.84,383.22,2635800
DIA,2024-05-14,383.3,384.96,382.59,384.31,2702700
DIA,2024-05-15,385.92,388.12,385.63,387.9,3421200
DIA,2024-05-16,388.36,389.58,387.76,387.84,2877200
DIA,2024-05-17,388.32,389.2,387.67,389.13,2702900
DIA,2024-05-20,388.96,389.88,387.08,387.33,2094800
DIA,2024-05-21,387.55,388.27,387.01,388.0,1618300
DIA,2024-05-22,387.19,388.06,384.81,385.93,2647200
DIA,2024-05-23,386.32,386.35,379.7,380.1,3361200
DIA,2024-05-24,380.64,381.64,379.61,380.08,2072200
DIA,2024-05-28,379.27,379.67,376.55,378.09,2176100
DIA,2024-05-29,374.89,375.29,373.85,374.18,2715000
DIA,2024-05-30,371.06,372.06,370.12,371.16,4063400
DIA,2024-05-31,371.65,377.13,370.96,377.05,4748400
DIA,2024-06-03,377.38,377.4,372.57,375.8,3614300
DIA,2024-06-04,374.59,377.88,374.14,377.03,2822500
DIA,2024-06-05,378.09,378.45,375.53,378.02,2181400
DIA,2024-06-06,378.3,380.03,377.3,378.8,2241900
DIA,2024-06-07,378.36,381.03,377.4,377.98,1952000
DIA,2024-06-10,377.54,378.83,376.72,378.76,1380600
DIA,2024-06-11,377.18,377.7,374.49,377.48,2522600
DIA,2024-06-12,380.99,381.31,376.23,377.21,3866700
DIA,2024-06-13,376.36,377.19,374.19,376.42,3136100
DIA,2024-06-14,374.22,376.09,373.26,376.01,2884300
DIA,2024-06-17,374.83,378.68,374.57,378.07,2025300
DIA,2024-06-18,378.39,379.64,377.53,378.62,1848700
DIA,2024-06-20,378.23,382.48,377.88,381.47,3588000
DIA,2024-06-21,381.93,382.71,380.75,381.61,2592100
DIA,2024-06-24,382.71,385.75,382.15,384.18,3096600
DIA,2024-06-25,383.77,384.31,380.13,381.3,2879100
DIA,2024-06-26,380.39,381.99,379.34,381.51,1501900
DIA,2024-06-27,380.9,382.63,380.46,381.82,1601100
DIA,2024-06-28,381.64,384.51,379.52,381.4,3624400
DIA,2024-07-01,382.33,384.48,380.55,381.72,2536500
DIA,2024-07-02,381.07,383.51,380.97,383.51,1711600
DIA,2024-07-03,383.94,384.26,382.39,383.06,2319100
DIA,2024-07-05,383.41,384.2,381.91,383.91,2011000
DIA,2024-07-08,384.6,386.86,383.01,383.68,3374500
DIA,2024-07-09,383.44,385.22,381.73,383.17,3821600
DIA,2024-07-10,383.17,387.58,382.87,387.38,4234300
DIA,2024-07-11,387.61,388.97,386.45,387.74,4020700
DIA,2024-07-12,388.94,392.68,388.22,390.36,4711800
DIA,2024-07-15,392.46,393.54,391.42,392.35,4433500
DIA,2024-07-16,393.82,399.79,393.81,399.47,6547600
DIA,2024-07-17,398.4,402.09,398.4,401.69,4490600
DIA,2024-07-18,400.47,403.57,395.95,396.61,4922200
DIA,2024-07-19,395.48,396.15,392.14,393.12,4284500
DIA,2024-07-22,394.18,394.85,392.4,394.29,2314000
DIA,2024-07-23,394.42,395.4,393.38,393.64,1693500
DIA,2024-07-24,391.93,392.8,388.37,388.94,3701300
DIA,2024-07-25,388.9,394.52,388.65,389.74,4179800
DIA,2024-07-26,392.0,397.67,391.91,396.06,2810600
DIA,2024-07-29,396.93,397.07,394.1,395.61,2039000
DIA,2024-07-30,395.97,398.75,395.39,397.47,2576400
DIA,2024-07-31,397.52,401.96,396.57,398.52,5634800
DIA,2024-08-01,399.7,400.9,391.18,393.39,5497900
DIA,2024-08-02,390.17,390.61,383.96,387.44,4844900
DIA,2024-08-05,377.09,380.78,375.54,377.37,8680200
DIA,2024-08-06,378.1,384.89,376.83,380.44,4058000
DIA,2024-08-07,383.05,385.16,377.83,378.31,3969400
DIA,2024-08-08,380.0,385.5,379.74,384.89,2993500
DIA,2024-08-09,384.56,386.81,382.84,385.51,3380200
DIA,2024-08-12,386.29,386.38,383.03,384.16,1902000
DIA,2024-08-13,385.43,388.41,384.45,388.08,3510800
DIA,2024-08-14,388.03,391.1,387.81,390.33,5230400
DIA,2024-08-15,394.86,396.23,393.34,395.98,3764100
DIA,2024-08-16,395.46,397.75,395.04,397.13,2789200
DIA,2024-08-19,397.74,399.65,397.64,399.45,2012400
DIA,2024-08-20,398.97,399.68,398.15,398.91,1999600
DIA,2024-08-21,399.65,400.31,397.96,399.33,1439000
DIA,2024-08-22,400.02,400.81,396.43,397.86,2353500
DIA,2024-08-23,399.62,402.58,398.91,402.1,3818300
DIA,2024-08-26,402.89,404.73,401.93,402.97,3145000
DIA,2024-08-27,402.55,403.31,401.64,403.14,1710200
DIA,2024-08-28,402.91,404.15,399.06,401.63,2732600
DIA,2024-08-29,404.58,406.47,401.59,404.13,5024800
DIA,2024-08-30,404.72,406.71,402.39,406.38,2283800
DIA,2024-09-03,404.41,405.37,398.97,400.56,3754700
DIA,2024-09-04,400.29,402.81,399.57,400.73,2131200
DIA,2024-09-05,401.63,401.94,396.39,398.81,2234700
DIA,2024-09-06,399.3,401.29,394.24,394.92,3351000
DIA,2024-09-09,397.74,401.19,396.52,399.39,3038200
DIA,2024-09-10,400.41,400.44,395.41,398.62,1970500
DIA,2024-09-11,397.53,400.25,391.34,399.6,3134600
DIA,2024-09-12,400.02,402.27,397.86,402.24,3131600
DIA,2024-09-13,402.85,406.48,402.61,405.14,5210300
DIA,2024-09-16,406.61,408.67,405.83,407.52,3881100
DIA,2024-09-17,408.41,409.58,405.99,407.41,2561700
DIA,2024-09-18,407.64,411.06,405.74,406.36,3173600
DIA,2024-09-19,412.01,412.8,409.48,411.46,4073000
DIA,2024-09-20,410.69,412.57,409.83,411.86,2902200
DIA,2024-09-23,412.4,412.96,411.3,412.39,2318700
DIA,2024-09-24,412.93,413.89,411.67,413.38,2790700
DIA,2024-09-25,413.69,414.18,409.71,410.44,2048000
DIA,2024-09-26,412.51,413.38,411.49,412.89,2703700
DIA,2024-09-27,413.84,417.37,413.49,414.19,3667700
DIA,2024-09-30,413.67,414.53,410.4,414.35,3819800
DIA,2024-10-01,413.67,414.38,410.6,412.77,5101300
DIA,2024-10-02,413.09,413.75,410.89,413.17,2599600
DIA,2024-10-03,411.63,412.4,409.61,411.28,2534400
DIA,2024-10-04,413.62,414.83,410.97,414.64,2520900
DIA,2024-10-07,413.37,414.17,409.59,410.92,2632600
DIA,2024-10-08,411.8,412.55,410.04,412.08,1872900
DIA,2024-10-09,412.17,416.84,411.33,416.24,3935100
DIA,2024-10-10,416.2,416.26,414.28,415.86,2179000
DIA,2024-10-11,416.47,420.18,416.21,419.85,3753500
DIA,2024-10-14,419.45,422.48,418.34,421.96,2180600
DIA,2024-10-15,420.44,421.22,418.18,418.68,3291200
DIA,2024-10-16,418.33,422.15,418.08,421.8,2583700
DIA,2024-10-17,423.58,423.92,422.27,423.49,3462800
DIA,2024-10-18,423.45,424.37,421.56,423.82,2303700
DIA,2024-10-21,423.62,424.21,420.02,420.62,2702600
DIA,2024-10-22,418.93,421.65,418.45,420.56,2306100
DIA,2024-10-23,418.33,419.04,414.3,416.5,4006500
DIA,2024-10-24,415.67,416.02,413.34,415.14,1936600
DIA,2024-10-25,416.78,417.32,411.9,412.56,2518800
DIA,2024-10-28,414.92,416.16,414.64,415.43,2912000
DIA,2024-10-29,413.63,416.31,413.16,413.89,2697700
DIA,2024-10-30,413.42,416.0,412.86,413.15,2933600
DIA,2024-10-31,410.69,411.37,408.52,409.16,4297100
DIA,2024-11-01,411.12,414.67,410.76,411.85,3856400
DIA,2024-11-04,411.28,411.73,407.95,409.53,3125400
DIA,2024-11-05,409.75,414.01,409.2,413.69,3093100
DIA,2024-11-06,425.8,428.87,424.87,428.32,7271800
DIA,2024-11-07,428.61,429.32,427.54,428.48,4267900
DIA,2024-11-08,429.37,432.7,428.49,431.14,5014300
DIA,2024-11-11,432.87,435.8,432.82,433.98,4065100
DIA,2024-11-12,434.54,435.17,430.1,430.44,3483000
DIA,2024-11-13,430.95,432.55,429.5,430.85,2631000
DIA,2024-11-14,431.61,431.95,428.19,428.78,2528300
DIA,2024-11-15,427.22,427.87,424.94,425.91,3486900
DIA,2024-11-18,425.58,426.72,424.62,425.6,2243000
DIA,2024-11-19,422.21,425.53,421.14,424.28,3202500
DIA,2024-11-20,424.97,426.31,422.39,425.7,3956000
DIA,2024-11-21,427.24,431.82,425.05,430.29,7558000
DIA,2024-11-22,430.89,434.79,430.63,434.39,5492800
DIA,2024-11-25,437.77,439.53,436.59,438.71,2976100
DIA,2024-11-26,437.73,440.44,435.86,440.0,4126500
DIA,2024-11-27,440.29,441.72,438.52,438.88,2985900
DIA,2024-11-29,439.43,442.35,439.37,441.19,3474100
DIA,2024-12-02,441.7,442.08,439.07,439.86,2661200
DIA,2024-12-03,440.26,440.71,437.77,439.03,1697400
DIA,2024-12-04,440.95,442.62,439.9,442.02,3694400
DIA,2024-12-05,441.57,442.55,439.48,439.79,1917600
DIA,2024-12-06,440.6,441.06,437.94,438.3,1973900
DIA,2024-12-09,438.79,439.41,436.0,436.27,1998600
DIA,2024-12-10,435.72,436.98,434.19,434.91,2461000
DIA,2024-12-11,435.32,435.94,433.63,433.76,2084300
DIA,2024-12-12,433.74,434.35,431.34,431.56,3585300
DIA,2024-12-13,432.14,432.8,430.24,430.68,2548400
DIA,2024-12-16,430.95,431.95,429.29,429.7,1987500
DIA,2024-12-17,427.55,428.19,425.84,426.95,3130300
DIA,2024-12-18,427.35,429.37,415.59,415.83,6135700
DIA,2024-12-19,419.05,420.48,416.05,416.13,4948000
DIA,2024-12-20,414.91,424.76,414.57,421.28,6069600
DIA,2024-12-23,420.06,422.16,417.78,421.62,2602700
DIA,2024-12-24,421.62,425.3,421.02,425.17,1431700
DIA,2024-12-26,423.66,426.32,423.62,425.87,1867400
DIA,2024-12-27,423.28,424.96,420.18,422.71,2429100
DIA,2024-12-30,418.26,420.41,415.36,418.55,3858300
DIA,2024-12-31,419.67,420.49,416.85,418.29,2442700
DIA,2025-01-02,421.08,421.69,414.44,416.62,4231500
DIA,2025-01-03,418.63,420.52,417.01,419.92,2203200
DIA,2025-01-06,421.59,423.81,418.86,419.89,3463300
DIA,2025-01-07,421.63,422.04,416.67,418.12,2053900
DIA,2025-01-08,418.2,419.33,416.09,418.91,2020200
DIA,2025-01-10,417.09,417.14,411.7,412.22,3415500
DIA,2025-01-13,411.66,416.07,411.42,415.79,2608100
DIA,2025-01-14,417.68,418.3,414.4,417.94,2643300
DIA,2025-01-15,424.24,425.94,423.2,424.91,4059800
DIA,2025-01-16,424.77,425.57,423.46,424.24,2532500
DIA,2025-01-17,427.33,429.15,426.77,427.51,2771000
DIA,2025-01-21,429.11,433.13,429.07,432.8,2113800
DIA,2025-01-22,434.17,434.67,433.05,433.96,3724100
DIA,2025-01-23,434.2,438.06,434.2,437.99,2352500
DIA,2025-01-24,437.42,438.09,435.99,436.76,2022000
DIA,2025-01-27,433.33,439.89,433.23,439.71,3822400
DIA,2025-01-28,439.78,442.28,438.78,440.97,2233500
DIA,2025-01-29,440.78,442.15,438.38,439.76,2225100
DIA,2025-01-30,439.14,442.65,438.95,441.38,2322600
DIA,2025-01-31,442.57,442.89,437.66,438.0,3085400
DIA,2025-02-03,432.32,438.51,431.43,436.9,4527700
DIA,2025-02-04,436.86,438.6,435.92,438.14,1890500
DIA,2025-02-05,438.33,441.41,436.06,441.23,2273400
DIA,2025-02-06,441.9,442.27,438.0,439.94,1867200
DIA,2025-02-07,440.35,441.05,435.46,435.77,2259200
DIA,2025-02-10,438.43,438.87,435.75,437.4,1858100
DIA,2025-02-11,435.99,439.14,435.88,438.71,1436200
DIA,2025-02-12,435.0,437.41,433.76,436.27,2444500
DIA,2025-02-13,437.95,440.42,436.34,439.84,2961500
DIA,2025-02-14,439.69,440.61,437.97,438.4,2005400
DIA,2025-02-18,437.9,438.6,436.27,438.53,2451200
DIA,2025-02-19,437.4,439.39,436.19,439.26,2239400
DIA,2025-02-20,437.89,438.17,432.67,435.05,2960000
DIA,2025-02-21,432.46,432.75,426.8,427.59,3842200
DIA,2025-02-24,429.24,430.3,426.8,427.96,3629300
DIA,2025-02-25,428.96,430.93,426.11,429.54,2953100
DIA,2025-02-26,429.84,431.89,426.46,427.77,2427800
DIA,2025-02-27,427.87,432.12,425.57,425.81,3296900
DIA,2025-02-28,426.51,432.19,424.51,431.74,3249900
DIA,2025-03-03,432.9,434.03,422.99,425.56,3925200
DIA,2025-03-04,423.19,424.57,417.44,419.14,3586900
DIA,2025-03-05,418.78,425.08,418.03,423.96,3018300
DIA,2025-03-06,419.73,423.62,417.63,419.46,2824100
DIA,2025-03-07,417.69,422.83,415.6,421.79,3719500
DIA,2025-03-10,416.99,419.61,410.32,413.15,3442800
DIA,2025-03-11,412.14,412.7,406.02,408.47,3893400
DIA,2025-03-12,410.66,411.26,404.35,407.69,2960500
DIA,2025-03-13,407.1,407.93,401.09,402.6,2557200
DIA,2025-03-14,404.62,409.62,403.71,409.08,2422700
DIA,2025-03-17,408.67,414.42,408.57,412.87,2141000
DIA,2025-03-18,412.1,412.34,408.61,410.23,1844100
DIA,2025-03-19,411.3,416.1,410.5,414.07,1813800
DIA,2025-03-20,411.6,416.74,411.33,413.77,1646500
DIA,2025-03-21,410.54,414.45,408.71,414.07,2485700
DIA,2025-03-24,417.75,420.59,417.19,419.86,2474900
DIA,2025-03-25,420.68,421.19,418.74,420.18,3997600
DIA,2025-03-26,420.69,422.47,417.54,418.62,2442100
DIA,2025-03-27,418.07,419.46,415.88,417.34,1646000
DIA,2025-03-28,416.4,416.79,409.71,410.12,2600600
DIA,2025-03-31,406.75,415.78,406.0,414.32,2985300
DIA,2025-04-01,412.87,415.7,409.51,414.04,2384800
DIA,2025-04-02,410.86,418.04,410.67,416.44,2299800
DIA,2025-04-03,405.48,406.16,399.64,399.86,7440100
DIA,2025-04-04,389.7,391.4,377.62,378.15,8667200
DIA,2025-04-07,366.47,387.02,361.47,374.55,12718200
DIA,2025-04-08,388.27,389.14,366.12,371.5,7283000
DIA,2025-04-09,367.12,402.39,367.12,400.71,9861100
DIA,2025-04-10,394.31,394.89,379.22,390.44,6624200
DIA,2025-04-11,389.22,398.74,387.49,396.59,3789900
DIA,2025-04-14,402.09,402.46,396.39,400.05,2286200
DIA,2025-04-15,400.42,402.62,398.19,398.37,2387300
DIA,2025-04-16,396.99,398.94,388.83,391.52,3004400
DIA,2025-04-17,386.49,389.39,384.55,386.37,4537500
DIA,2025-04-21,383.51,383.75,373.53,376.76,2881800
DIA,2025-04-22,381.15,387.66,380.29,386.88,3308100
DIA,2025-04-23,394.2,398.6,389.87,390.86,4049200
DIA,2025-04-24,390.47,396.56,388.78,395.87,4010500
DIA,2025-04-25,394.78,396.26,392.08,395.91,1790800
DIA,2025-04-28,396.68,399.02,393.64,397.14,1534700
DIA,2025-04-29,397.27,401.14,397.07,400.05,1888100
DIA,2025-04-30,397.3,402.58,392.35,401.16,2487400
DIA,2025-05-01,403.34,405.69,401.83,402.23,1917600
DIA,2025-05-02,406.53,408.6,405.1,407.78,2277700
DIA,2025-05-05,405.58,409.16,405.23,407.01,3866000
DIA,2025-05-06,403.26,406.49,402.32,403.04,1745600
DIA,2025-05-07,404.64,407.54,402.95,405.81,2420600
DIA,2025-05-08,407.84,412.43,406.33,408.61,2001000
DIA,2025-05-09,409.16,409.88,406.33,407.16,1789200
DIA,2025-05-12,417.57,418.89,415.72,418.82,2398600
DIA,2025-05-13,417.29,418.59,416.05,416.14,3018000
DIA,2025-05-14,416.7,417.27,414.26,415.19,3064800
DIA,2025-05-15,413.21,418.28,413.16,418.08,3927000
DIA,2025-05-16,418.66,421.66,417.43,421.43,2430300
DIA,2025-05-19,418.62,423.52,418.55,422.91,3121500
DIA,2025-05-20,422.27,423.06,419.93,421.85,1971000
DIA,2025-05-21,418.02,419.48,413.08,413.73,3624800
DIA,2025-05-22,412.86,416.1,412.36,413.8,2638600
DIA,2025-05-23,408.98,413.16,408.87,411.34,3117800
DIA,2025-05-27,415.65,418.78,414.16,418.77,3126600
DIA,2025-05-28,418.65,419.74,415.69,416.37,1790900
DIA,2025-05-29,417.39,417.95,413.56,417.39,2751400
DIA,2025-05-30,417.1,419.18,414.48,417.78,2957500
DIA,2025-06-02,416.26,418.77,414.05,418.63,2636100
DIA,2025-06-03,418.0,421.26,417.4,420.9,2332600
DIA,2025-06-04,421.27,422.04,419.76,419.84,2163300
DIA,2025-06-05,420.84,421.7,417.79,418.89,3018800
DIA,2025-06-06,422.65,424.93,421.43,423.24,3081100
DIA,2025-06-09,423.38,424.57,421.32,423.22,2680200
DIA,2025-06-10,423.13,424.94,422.74,424.46,2022600
DIA,2025-06-11,424.7,426.88,423.04,424.45,3025000
DIA,2025-06-12,423.06,425.39,421.85,425.33,2587700
DIA,2025-06-13,421.0,421.8,416.54,417.74,4826100
DIA,2025-06-16,419.95,423.06,419.78,421.17,3177100
DIA,2025-06-17,419.37,421.31,417.29,418.04,2450200
DIA,2025-06-18,418.59,421.1,417.17,417.77,2786700
DIA,2025-06-20,419.48,420.26,416.86,417.89,3810500
DIA,2025-06-23,418.12,422.05,415.77,421.81,4315000
DIA,2025-06-24,424.59,427.77,423.75,426.83,4958200
DIA,2025-06-25,426.79,426.95,424.57,425.91,3265500
DIA,2025-06-26,426.86,430.2,426.84,429.95,2444800
DIA,2025-06-27,431.15,435.52,431.1,433.98,3621000
DIA,2025-06-30,436.41,437.21,434.63,436.6,2827800
DIA,2025-07-01,436.15,441.87,435.96,440.8,4520300
DIA,2025-07-02,440.6,441.31,439.3,440.63,3141700
DIA,2025-07-03,441.58,444.74,441.48,443.98,2807100
DIA,2025-07-07,443.27,443.73,437.51,439.92,3657500
DIA,2025-07-08,439.62,440.3,437.99,438.32,3563200
DIA,2025-07-09,440.31,441.51,438.22,440.44,3251900
DIA,2025-07-10,440.3,443.7,439.63,442.4,2262600
DIA,2025-07-11,439.6,440.38,438.69,439.5,3345500
DIA,2025-07-14,439.04,440.68,438.42,440.5,2244700
DIA,2025-07-15,440.5,441.08,436.1,436.11,3810700
DIA,2025-07-16,437.8,438.55,433.62,438.3,4230300
DIA,2025-07-17,437.99,441.52,437.92,441.13,3790800
DIA,2025-07-18,441.82,441.87,438.24,439.37,3901900
DIA,2025-07-21,440.3,442.09,439.25,439.55,2548800
DIA,2025-07-22,438.97,441.54,438.95,441.05,3091600
DIA,2025-07-23,443.32,446.3,442.43,446.26,5486500
DIA,2025-07-24,443.09,445.19,442.83,443.18,5078300
DIA,2025-07-25,443.6,445.46,442.49,445.08,3710600
DIA,2025-07-28,444.72,445.53,443.45,444.4,2864200
DIA,2025-07-29,444.69,444.91,441.74,442.56,3146200
DIA,2025-07-30,442.79,443.45,438.72,440.86,3765000
DIA,2025-07-31,441.36,442.28,436.63,437.46,4223300
DIA,2025-08-01,433.91,433.92,429.59,431.89,5980000
DIA,2025-08-04,434.04,438.02,433.75,437.93,5065800
DIA,2025-08-05,437.92,439.11,435.35,437.27,4081600
DIA,2025-08-06,438.23,439.06,436.27,438.09,2975300
DIA,2025-08-07,440.37,441.1,434.13,435.86,5205100
DIA,2025-08-08,436.94,438.99,436.44,438.04,3684500
DIA,2025-08-11,438.45,438.98,435.37,436.15,3538100
DIA,2025-08-12,437.81,441.24,437.27,440.78,5012600
DIA,2025-08-13,442.52,445.7,442.13,445.47,6203200
DIA,2025-08-14,443.81,445.69,443.06,445.22,4553200
DIA,2025-08-15,448.2,448.35,445.29,445.85,5584400
DIA,2025-08-18,445.67,446.28,444.95,445.37,3809100
DIA,2025-08-19,446.16,448.45,444.54,445.61,5794900
DIA,2025-08-20,446.11,446.83,444.0,445.68,4731400
DIA,2025-08-21,444.05,445.39,442.23,444.28,3780700
DIA,2025-08-22,446.73,454.12,446.6,452.9,8534700
DIA,2025-08-25,451.91,452.45,449.32,449.36,3898200
DIA,2025-08-26,449.08,451.02,448.83,450.77,3190500
DIA,2025-08-27,450.56,452.9,450.49,452.29,2943900
DIA,2025-08-28,452.79,453.45,451.06,453.05,3576500
DIA,2025-08-29,452.38,453.1,450.56,452.35,3605900
DIA,2025-09-02,448.29,449.98,446.47,449.89,6009200
DIA,2025-09-03,449.17,450.02,446.84,449.55,3948200
DIA,2025-09-04,449.83,453.51,448.85,453.31,4524200
DIA,2025-09-05,453.37,454.91,449.27,451.26,5828200
DIA,2025-09-08,451.65,452.55,449.91,452.46,4395200
DIA,2025-09-09,452.22,454.79,451.49,454.26,5979400
DIA,2025-09-10,453.96,454.15,450.98,452.19,5412200
DIA,2025-09-11,453.11,458.53,452.86,458.14,6352100
DIA,2025-09-12,457.47,457.91,455.31,455.56,3784600
DIA,2025-09-15,456.24,457.13,455.07,456.3,4862200
DIA,2025-09-16,456.34,457.02,454.03,455.02,4526100
DIA,2025-09-17,456.02,460.05,454.21,457.48,5998000
DIA,2025-09-18,457.51,460.57,456.89,458.84,6681000
DIA,2025-09-19,460.24,461.29,458.4,460.46,5871400
DIA,2025-09-22,458.69,461.8,457.69,461.19,4074900
DIA,2025-09-23,461.73,464.5,459.55,460.39,5904600
DIA,2025-09-24,460.97,461.93,458.33,458.55,4588800
DIA,2025-09-25,457.44,458.61,455.26,456.97,4767200
DIA,2025-09-26,458.8,460.93,457.85,459.8,4167200
DIA,2025-09-29,461.27,461.29,458.84,460.56,3752700
DIA,2025-09-30,460.14,461.6,458.37,461.25,4253300
DIA,2025-10-01,460.09,462.65,460.07,461.77,4551600
DIA,2025-10-02,461.82,463.27,460.14,462.62,5458300
DIA,2025-10-03,463.29,467.86,463.18,465.0,9693900
DIA,2025-10-06,465.81,465.96,461.74,464.34,7405400
DIA,2025-10-07,465.04,466.1,461.9,463.47,7368700
DIA,2025-10-08,464.82,465.62,462.44,463.57,4621200
DIA,2025-10-09,463.67,464.28,460.13,461.02,5411000
DIA,2025-10-10,462.63,464.0,452.28,452.43,9309100
DIA,2025-10-13,455.77,459.09,455.61,458.21,6272500
DIA,2025-10-14,454.58,462.73,452.12,460.23,7827400
DIA,2025-10-15,462.18,464.44,457.78,460.23,6187100
DIA,2025-10-16,460.89,461.78,455.39,457.1,8149500
DIA,2025-10-17,456.99,460.78,456.61,459.46,8439900
DIA,2025-10-20,461.12,465.18,461.1,464.67,4556600
DIA,2025-10-21,464.72,468.88,464.56,466.86,5951600
DIA,2025-10-22,466.85,466.88,462.15,463.44,7604700
DIA,2025-10-23,463.21,465.62,462.52,464.94,5144200
DIA,2025-10-24,467.66,470.86,466.92,469.84,7228900
DIA,2025-10-27,472.38,473.23,471.33,472.96,4720200
DIA,2025-10-28,476.39,477.0,474.42,474.75,9435500
DIA,2025-10-29,476.25,477.98,472.11,473.98,10006500
DIA,2025-10-30,471.72,477.74,471.53,472.62,9338300
DIA,2025-10-31,473.47,474.76,471.04,473.28,7990900
DIA,2025-11-03,473.77,473.91,468.93,471.09,4858700
DIA,2025-11-04,468.06,470.34,466.45,468.53,6013300
DIA,2025-11-05,468.44,472.18,468.04,470.73,7030200
DIA,2025-11-06,469.72,471.06,465.5,466.92,7125200
DIA,2025-11-07,465.93,467.59,462.52,467.5,8604400
DIA,2025-11-10,469.53,471.82,467.09,471.44,5636600
DIA,2025-11-11,471.88,477.45,471.62,477.0,4839100
DIA,2025-11-12,478.08,481.97,478.08,480.33,7066900
DIA,2025-11-13,478.98,479.99,471.84,472.36,8722300
DIA,2025-11-14,469.01,471.67,466.51,469.43,10940200
DIA,2025-11-17,468.5,469.99,462.21,463.98,7599500
DIA,2025-11-18,459.85,461.77,457.22,458.98,12817500
DIA,2025-11-19,459.19,461.07,457.11,459.44,5833400
DIA,2025-11-20,464.3,466.67,455.41,455.8,13414200
DIA,2025-11-21,457.81,464.06,456.12,460.83,11821400
DIA,2025-11-24,462.0,464.11,459.27,462.69,6206800
DIA,2025-11-25,463.82,470.12,461.7,469.4,7203600
DIA,2025-11-26,470.42,474.0,470.15,472.56,5689100
DIA,2025-11-28,473.03,475.81,473.03,475.38,2281800
DIA,2025-12-01,472.55,475.15,471.17,471.54,4413900
DIA,2025-12-02,472.42,474.66,471.34,473.47,5233500
DIA,2025-12-03,473.04,478.37,472.88,477.6,5994200
DIA,2025-12-04,477.9,479.42,475.7,477.26,4003800
DIA,2025-12-05,477.67,480.11,477.48,478.22,4596600
DIA,2025-12-08,478.68,478.71,475.04,476.35,4427600
DIA,2025-12-09,476.27,478.47,474.29,474.62,4266900
DIA,2025-12-10,474.33,480.93,473.57,479.53,5476200
DIA,2025-12-11,480.38,486.54,480.14,486.03,6972300
DIA,2025-12-12,486.86,487.81,482.34,483.57,7089900
DIA,2025-12-15,485.74,485.89,481.89,483.34,4891300
DIA,2025-12-16,482.63,483.65,478.52,480.16,5373200
DIA,2025-12-17,480.99,482.96,477.68,477.99,6381600
DIA,2025-12-18,480.36,482.8,477.6,478.7,6422800
DIA,2025-12-19,479.85,482.03,479.66,480.38,6439100
DIA,2025-12-22,481.09,483.65,481.09,482.69,4162000
DIA,2025-12-23,481.41,484.34,481.41,483.45,3677800
DIA,2025-12-24,483.41,486.79,482.82,486.23,1544000
DIA,2025-12-26,486.06,486.84,484.95,486.25,2711500
DIA,2025-12-29,485.11,486.13,482.98,483.81,3390100
DIA,2025-12-30,483.84,483.89,482.05,482.82,3042700
DIA,2025-12-31,482.88,483.04,479.59,479.8,3441900
DIA,2026-01-02,481.08,483.17,477.61,482.86,7021100
DIA,2026-01-05,483.63,491.25,483.47,488.99,7574400
DIA,2026-01-06,488.55,494.33,488.18,493.82,6061400
DIA,2026-01-07,494.86,495.46,488.72,489.18,5603700
DIA,2026-01-08,487.03,492.73,487.03,491.74,6544800
DIA,2026-01-09,492.07,494.91,491.12,494.23,6004600
DIA,2026-01-12,491.54,495.55,489.27,495.11,5722400
DIA,2026-01-13,494.76,495.17,489.84,491.15,5966400
DIA,2026-01-14,489.87,491.15,487.77,490.79,6767800
DIA,2026-01-15,491.58,495.04,491.42,493.69,8519900
DIA,2026-01-16,493.89,495.38,491.66,492.81,5845500
DIA,2026-01-20,485.57,488.45,483.65,484.28,7416300
DIA,2026-01-21,485.07,492.3,484.96,490.19,6718600
DIA,2026-01-22,492.86,495.39,491.85,493.08,5087200
DIA,2026-01-23,491.21,491.52,488.95,490.32,4915700
DIA,2026-01-26,491.3,494.24,490.86,493.45,3722800
DIA,2026-01-27,490.08,490.98,487.95,489.45,5971400
DIA,2026-01-28,489.67,490.78,488.32,489.52,4726500
DIA,2026-01-29,489.47,492.34,485.29,489.6,9706500
DIA,2026-01-30,488.5,489.87,483.96,488.42,8112100
DIA,2026-02-02,488.26,494.2,486.38,493.42,5584500
DIA,2026-02-03,492.53,495.9,487.67,491.7,8799100
DIA,2026-02-04,493.31,495.88,490.5,494.14,8797100
DIA,2026-02-05,491.9,492.83,487.62,488.3,7767500
DIA,2026-02-06,491.76,501.05,491.52,500.41,10635300
DIA,2026-02-09,499.49,501.54,497.69,500.6,6414800
DIA,2026-02-10,501.72,504.67,500.64,501.28,8163100
DIA,2026-02-11,503.58,504.49,498.51,500.71,5743800
DIA,2026-02-12,502.51,503.91,493.71,494.06,9160300
DIA,2026-02-13,494.43,497.16,490.59,494.67,8378100
DIA,2026-02-17,494.72,496.95,491.5,495.24,6779400
DIA,2026-02-18,496.16,498.72,494.04,496.38,4454300
DIA,2026-02-19,494.95,495.87,491.8,493.77,4625400
DIA,2026-02-20,492.54,497.0,491.39,496.08,6086800
DIA,2026-02-23,494.5,496.99,487.15,488.01,8269200
DIA,2026-02-24,488.39,492.85,487.45,491.79,5335000
DIA,2026-02-25,493.63,495.13,491.9,494.82,4446200
DIA,2026-02-26,497.0,498.21,492.24,494.86,6467000
DIA,2026-02-27,489.63,490.95,486.76,489.66,7198400
DIA,2026-03-02,484.34,490.98,484.15,489.18,7218500
DIA,2026-03-03,480.16,487.39,476.73,485.52,11570700
DIA,2026-03-04,486.56,489.03,483.95,487.74,7590700
DIA,2026-03-05,483.82,485.49,476.15,479.84,8758600
DIA,2026-03-06,473.72,476.23,470.46,475.23,8206100
DIA,2026-03-09,470.88,479.38,466.68,477.88,10305600
DIA,2026-03-10,477.74,482.87,475.01,477.7,6265600
DIA,2026-03-11,477.4,477.77,472.46,474.81,6701700
DIA,2026-03-12,470.34,471.48,467.41,467.48,8000200
DIA,2026-03-13,469.94,472.1,465.78,466.41,7471700
DIA,2026-03-16,470.07,472.7,468.98,470.3,7059900
DIA,2026-03-17,473.38,475.13,470.63,470.9,6178000
DIA,2026-03-18,468.77,469.73,462.76,463.0,6813327
DIA,2026-03-19,459.97,463.35,458.16,461.06,7865436
DIA,2026-03-20,458.73,460.57,453.54,455.89,10444122
DIA,2026-03-23,463.3,467.02,460.93,461.97,9921797
DIA,2026-03-24,458.42,463.92,457.46,461.17,7878744
DIA,2026-03-25,465.73,467.24,461.81,464.14,6950591
DIA,2026-03-26,461.54,465.43,458.95,459.31,7816229
DIA,2026-03-27,457.36,457.5,450.49,451.39,6846134
DIA,2026-03-30,455.6,456.11,450.45,452.06,9024659
DIA,2026-03-31,456.81,463.79,454.7,463.19,11440566
DIA,2026-04-01,466.0,467.9,464.5,465.48,7680487
DIA,2026-04-02,460.16,467.47,458.88,465.06,3804658
DIA,2026-04-06,464.16,467.02,463.48,466.77,2897453
DIA,2026-04-07,465.75,466.31,462.11,465.88,3651477
DIA,2026-04-08,478.88,480.2,475.57,479.16,4474002
DIA,2026-04-09,477.49,483.27,477.05,481.9,4095930
DIA,2026-04-10,482.2,482.33,478.63,479.25,2536547
DIA,2026-04-13,476.1,482.28,475.18,482.13,3627242
DIA,2026-04-14,482.41,485.96,481.89,485.49,4032137
DIA,2026-04-15,486.51,487.08,482.9,484.72,3227347
DIA,2026-04-16,485.82,486.76,483.35,485.63,4096472
QQQ,2015-01-02,95.54,95.94,94.32,94.78,31314600
QQQ,2015-01-05,94.37,94.48,93.13,93.39,36521300
QQQ,2015-01-06,93.53,93.69,91.73,92.14,66205500
QQQ,2015-01-07,92.75,93.55,92.53,93.33,37577400
QQQ,2015-01-08,94.12,95.3,94.02,95.12,40212600
QQQ,2015-01-09,95.41,95.44,93.94,94.49,41410100
QQQ,2015-01-12,94.67,94.78,93.27,93.5,34129800
QQQ,2015-01-13,94.42,95.41,92.72,93.48,56162300
QQQ,2015-01-14,92.54,93.44,92.14,92.96,51354200
QQQ,2015-01-15,93.39,93.54,91.64,91.76,51005400
QQQ,2015-01-16,91.64,92.95,91.49,92.83,35362200
QQQ,2015-01-20,93.39,93.81,92.34,93.57,30964100
QQQ,2015-01-21,93.29,94.49,92.96,94.05,40128800
QQQ,2015-01-22,94.42,95.89,93.59,95.79,40887200
QQQ,2015-01-23,95.78,96.29,95.5,96.0,34783000
QQQ,2015-01-26,95.89,96.06,95.4,95.89,19960900
QQQ,2015-01-27,94.38,94.43,93.09,93.4,45253200
QQQ,2015-01-28,94.9,95.01,92.91,92.92,43591700
QQQ,2015-01-29,92.85,93.99,92.04,93.82,46539700
QQQ,2015-01-30,93.73,94.45,92.96,93.09,42927600
QQQ,2015-02-02,93.3,93.98,91.85,93.9,43624700
QQQ,2015-02-03,94.24,94.87,93.62,94.8,30750400
QQQ,2015-02-04,94.42,95.35,94.2,94.72,34073200
QQQ,2015-02-05,94.96,95.6,94.72,95.54,23605500
QQQ,2015-02-06,95.69,95.92,94.62,94.96,34169300
QQQ,2015-02-09,94.59,95.11,94.43,94.66,22604700
QQQ,2015-02-10,95.18,96.26,95.03,96.13,23686500
QQQ,2015-02-11,96.24,96.7,96.06,96.48,20303600
QQQ,2015-02-12,97.1,97.64,96.96,97.6,22520300
QQQ,2015-02-13,97.88,98.46,97.69,98.44,29030200
QQQ,2015-02-17,98.44,98.6,98.19,98.53,17675300
QQQ,2015-02-18,98.41,98.73,98.28,98.67,15149600
QQQ,2015-02-19,98.61,99.22,98.58,99.16,19828100
QQQ,2015-02-20,99.09,99.88,98.78,99.82,28336700
QQQ,2015-02-23,99.77,99.95,99.54,99.92,17868000
QQQ,2015-02-24,99.79,100.12,99.49,100.0,19745000
QQQ,2015-02-25,99.85,100.24,99.53,99.75,19472300
QQQ,2015-02-26,99.85,100.31,99.57,100.25,22255500
QQQ,2015-02-27,100.22,100.28,99.66,99.81,27757600
QQQ,2015-03-02,100.01,100.75,99.99,100.71,22988600
QQQ,2015-03-03,100.41,100.51,99.61,100.24,20788900
QQQ,2015-03-04,99.91,100.06,99.31,99.86,21007400
QQQ,2015-03-05,100.12,100.34,99.62,100.03,15381000
QQQ,2015-03-06,99.9,100.1,98.65,98.9,30990400
QQQ,2015-03-09,99.1,99.43,98.7,99.19,26237100
QQQ,2015-03-10,98.48,98.5,97.34,97.34,34234500
QQQ,2015-03-11,97.49,97.61,96.75,96.78,25459700
QQQ,2015-03-12,96.71,97.53,96.64,97.42,21473200
QQQ,2015-03-13,97.33,97.71,96.39,96.99,42021100
QQQ,2015-03-16,97.35,98.28,97.25,98.25,25674100
QQQ,2015-03-17,97.98,98.56,97.75,98.4,19603800
QQQ,2015-03-18,98.14,99.82,97.63,99.37,40622200
QQQ,2015-03-19,99.47,99.79,99.32,99.52,31314000
QQQ,2015-03-20,100.34,100.66,100.14,100.16,31761400
QQQ,2015-03-23,100.11,100.38,99.93,99.97,17268500
QQQ,2015-03-24,99.96,100.42,99.59,99.61,22445300
QQQ,2015-03-25,99.76,99.86,97.29,97.33,41581400
QQQ,2015-03-26,96.53,97.55,96.2,97.0,47846300
QQQ,2015-03-27,96.98,97.61,96.83,97.38,33878400
QQQ,2015-03-30,97.97,98.58,97.97,98.5,30570200
QQQ,2015-03-31,98.22,98.43,97.43,97.46,30488100
QQQ,2015-04-01,97.46,97.48,96.32,96.95,32970500
QQQ,2015-04-02,97.04,97.33,96.7,97.01,19164200
QQQ,2015-04-06,96.44,98.08,96.29,97.81,24451100
QQQ,2015-04-07,97.75,98.47,97.64,97.64,19379400
QQQ,2015-04-08,97.68,98.56,97.67,98.42,25866900
QQQ,2015-04-09,98.37,99.07,98.04,99.04,23114700
QQQ,2015-04-10,99.0,99.45,98.78,99.44,17164300
QQQ,2015-04-13,99.52,100.02,99.08,99.19,17783500
QQQ,2015-04-14,99.09,99.38,98.34,98.91,23755700
QQQ,2015-04-15,99.16,99.74,99.04,99.52,21128600
QQQ,2015-04-16,99.26,99.56,99.12,99.39,16195300
QQQ,2015-04-17,98.44,98.7,97.41,97.84,46514000
QQQ,2015-04-20,98.32,99.48,98.29,99.3,28945900
QQQ,2015-04-21,99.88,100.05,99.61,99.73,22759800
QQQ,2015-04-22,99.99,100.44,99.34,100.27,21429200
QQQ,2015-04-23,99.93,101.1,99.91,100.65,29473200
QQQ,2015-04-24,101.71,102.15,101.55,102.02,32508100
QQQ,2015-04-27,102.39,102.59,101.54,101.76,31121300
QQQ,2015-04-28,101.83,102.03,100.7,101.55,36849200
QQQ,2015-04-29,100.99,101.58,100.36,100.92,34043900
QQQ,2015-04-30,100.35,100.75,98.8,99.33,44080500
QQQ,2015-05-01,99.72,100.71,99.7,100.64,32874300
QQQ,2015-05-04,100.96,101.43,100.75,100.81,23507300
QQQ,2015-05-05,100.41,100.6,99.12,99.16,47843300
QQQ,2015-05-06,99.34,99.63,97.83,98.48,42687200
QQQ,2015-05-07,98.45,99.35,98.38,99.07,29335800
QQQ,2015-05-08,100.1,100.52,99.95,100.31,33023300
QQQ,2015-05-11,100.37,100.58,99.85,99.92,19679300
QQQ,2015-05-12,99.33,99.98,98.56,99.47,33665000
QQQ,2015-05-13,99.9,100.42,99.52,99.67,20738400
QQQ,2015-05-14,100.48,101.21,100.12,101.13,23904200
QQQ,2015-05-15,101.39,101.53,100.88,101.13,23937400
QQQ,2015-05-18,100.96,101.78,100.89,101.57,17631100
QQQ,2015-05-19,101.68,101.84,101.3,101.46,14212900
QQQ,2015-05-20,101.54,102.14,100.99,101.53,21131900
QQQ,2015-05-21,101.35,102.19,101.2,102.05,16771800
QQQ,2015-05-22,101.93,102.32,101.87,101.95,13543800
QQQ,2015-05-26,101.73,101.87,100.37,100.78,25488400
QQQ,2015-05-27,101.08,102.51,100.86,102.4,30572700
QQQ,2015-05-28,102.21,102.45,101.86,102.17,17302400
QQQ,2015-05-29,102.11,102.25,101.32,101.56,30383000
QQQ,2015-06-01,102.11,102.18,101.08,101.91,24570200
QQQ,2015-06-02,101.53,102.08,101.03,101.58,19449600
QQQ,2015-06-03,102.04,102.27,101.64,101.89,20507200
QQQ,2015-06-04,101.32,101.96,100.79,101.11,31374600
QQQ,2015-06-05,100.99,101.23,100.25,100.87,22641700
QQQ,2015-06-08,100.83,100.9,99.64,99.85,24549200
QQQ,2015-06-09,99.61,100.04,98.93,99.68,27554600
QQQ,2015-06-10,100.02,101.34,99.91,101.05,30297900
QQQ,2015-06-11,101.39,101.66,101.02,101.2,17593500
QQQ,2015-06-12,100.66,100.87,100.23,100.36,27201800
QQQ,2015-06-15,99.62,100.02,99.04,99.87,31238800
QQQ,2015-06-16,99.76,100.58,99.72,100.41,16456900
QQQ,2015-06-17,100.58,101.01,100.07,100.69,23296700
QQQ,2015-06-18,101.06,102.33,101.0,102.15,43032400
QQQ,2015-06-19,102.2,102.29,101.58,101.65,27877600
QQQ,2015-06-22,102.4,102.7,102.17,102.4,19120900
QQQ,2015-06-23,102.51,102.57,102.06,102.48,18127900
QQQ,2015-06-24,102.36,102.8,101.93,101.96,15815900
QQQ,2015-06-25,102.35,102.45,101.59,101.75,18326700
QQQ,2015-06-26,101.73,101.96,100.7,101.08,32311700
QQQ,2015-06-29,99.96,100.51,98.64,98.69,50874900
QQQ,2015-06-30,99.43,99.64,98.74,99.04,34809900
QQQ,2015-07-01,100.02,100.23,99.36,99.83,21293000
QQQ,2015-07-02,100.11,100.2,99.55,99.86,20499400
QQQ,2015-07-06,99.23,100.2,99.01,99.62,24311000
QQQ,2015-07-07,99.73,99.97,97.89,99.87,44230800
QQQ,2015-07-08,99.16,99.28,97.95,98.13,39691500
QQQ,2015-07-09,99.44,99.53,98.07,98.08,28381000
QQQ,2015-07-10,99.38,99.95,99.02,99.58,26415800
QQQ,2015-07-13,100.44,101.41,100.43,101.33,25780700
QQQ,2015-07-14,101.46,102.27,101.41,101.99,21977200
QQQ,2015-07-15,102.19,102.5,101.82,102.1,28631500
QQQ,2015-07-16,102.94,103.56,102.74,103.55,29838900
QQQ,2015-07-17,104.38,105.07,104.2,105.07,35926800
QQQ,2015-07-20,105.29,105.81,104.97,105.43,26539000
QQQ,2015-07-21,105.47,105.64,105.06,105.37,35468900
QQQ,2015-07-22,103.76,104.68,103.76,104.18,35575000
QQQ,2015-07-23,104.28,104.62,103.52,103.79,25698300
QQQ,2015-07-24,104.34,104.53,102.61,102.77,30844700
QQQ,2015-07-27,102.19,102.63,101.7,101.92,35994800
QQQ,2015-07-28,102.37,103.0,101.56,102.8,33553500
QQQ,2015-07-29,103.02,103.41,102.62,103.19,26714100
QQQ,2015-07-30,102.94,103.85,102.33,103.68,25438100
QQQ,2015-07-31,104.0,104.05,103.34,103.56,22081700
QQQ,2015-08-03,103.57,103.86,102.55,103.23,25001800
QQQ,2015-08-04,103.19,103.37,102.61,103.04,22132300
QQQ,2015-08-05,103.61,104.53,103.49,103.83,28989900
QQQ,2015-08-06,103.93,104.06,101.71,102.17,42125400
QQQ,2015-08-07,101.92,102.28,101.2,102.04,30006800
QQQ,2015-08-10,102.69,103.43,102.68,103.2,21500800
QQQ,2015-08-11,102.66,103.06,101.32,101.88,36123300
QQQ,2015-08-12,101.18,102.44,100.1,102.23,41889000
QQQ,2015-08-13,102.33,102.82,101.84,102.07,22510500
QQQ,2015-08-14,101.83,102.37,101.62,102.22,17924900
QQQ,2015-08-17,101.97,103.1,101.71,103.07,21224900
QQQ,2015-08-18,102.94,103.02,102.41,102.55,13984400
QQQ,2015-08-19,102.23,102.78,101.28,101.87,42511400
QQQ,2015-08-20,100.93,101.25,99.04,99.05,57747300
QQQ,2015-08-21,97.65,98.49,94.72,94.72,97763400
QQQ,2015-08-24,87.16,94.84,78.39,91.08,150829900
QQQ,2015-08-25,94.42,95.04,90.66,90.73,75088300
QQQ,2015-08-26,93.39,95.49,91.51,95.3,104103800
QQQ,2015-08-27,96.68,97.78,95.54,97.72,69377700
QQQ,2015-08-28,97.2,98.05,96.99,97.7,49919600
QQQ,2015-08-31,97.15,97.69,96.25,96.49,39549400
QQQ,2015-09-01,94.08,95.54,93.08,93.47,73155500
QQQ,2015-09-02,95.17,96.13,94.07,96.11,43963600
QQQ,2015-09-03,96.49,97.14,95.37,95.64,45131800
QQQ,2015-09-04,94.32,95.14,93.97,94.5,49379600
QQQ,2015-09-08,96.31,97.28,95.91,97.16,37343500
QQQ,2015-09-09,98.31,98.34,95.82,96.07,47146700
QQQ,2015-09-10,95.96,97.76,95.85,97.12,47686700
QQQ,2015-09-11,96.67,97.65,96.4,97.65,29106100
QQQ,2015-09-14,98.01,98.03,96.99,97.36,19718800
QQQ,2015-09-15,97.59,98.81,97.23,98.5,30020200
QQQ,2015-09-16,98.52,99.15,98.18,99.06,31329100
QQQ,2015-09-17,98.96,100.58,98.64,99.1,56139800
QQQ,2015-09-18,97.58,98.85,97.52,97.69,48384000
QQQ,2015-09-21,98.23,98.8,97.11,97.99,35772600
QQQ,2015-09-22,96.49,96.82,95.63,96.53,47359700
QQQ,2015-09-23,96.79,97.05,96.1,96.6,21775100
QQQ,2015-09-24,95.67,96.61,94.83,96.25,38284300
QQQ,2015-09-25,97.28,97.37,94.84,95.43,44700000
QQQ,2015-09-28,95.03,95.09,92.44,92.72,44077500
QQQ,2015-09-29,92.95,93.89,91.57,92.23,49315500
QQQ,2015-09-30,93.55,94.46,93.19,94.36,41411400
QQQ,2015-10-01,94.53,94.79,93.27,94.78,39339100
QQQ,2015-10-02,93.47,96.44,93.17,96.44,59370900
QQQ,2015-10-05,97.16,98.09,96.95,97.83,32853500
QQQ,2015-10-06,97.59,97.92,96.6,97.36,33051500
QQQ,2015-10-07,97.97,98.16,96.7,97.95,37389300
QQQ,2015-10-08,97.58,98.5,96.63,98.34,50188900
QQQ,2015-10-09,98.38,98.97,98.11,98.78,23916200
QQQ,2015-10-12,98.97,99.21,98.61,99.02,16162000
QQQ,2015-10-13,98.46,99.46,98.29,98.38,26999600
QQQ,2015-10-14,98.38,98.87,97.82,98.23,30902600
QQQ,2015-10-15,98.59,99.85,98.46,99.84,38393800
QQQ,2015-10-16,100.05,100.31,99.57,100.26,27091100
QQQ,2015-10-19,100.13,100.9,99.9,100.83,23776300
QQQ,2015-10-20,100.65,100.87,99.97,100.31,23404700
QQQ,2015-10-21,100.82,100.92,99.66,99.7,30195200
QQQ,2015-10-22,100.59,101.81,100.3,101.73,42778700
QQQ,2015-10-23,104.47,105.0,103.92,104.58,53170900
QQQ,2015-10-26,104.5,104.85,104.1,104.64,25918000
QQQ,2015-10-27,104.36,105.0,104.34,104.86,31390500
QQQ,2015-10-28,105.01,105.73,104.17,105.73,42221900
QQQ,2015-10-29,105.24,105.74,105.13,105.56,24913300
QQQ,2015-10-30,105.61,105.78,105.06,105.09,27199200
QQQ,2015-11-02,105.37,106.4,105.14,106.27,22176900
QQQ,2015-11-03,106.06,107.02,105.9,106.64,20418400
QQQ,2015-11-04,107.0,107.07,106.21,106.65,28633000
QQQ,2015-11-05,106.75,107.01,105.81,106.37,25004100
QQQ,2015-11-06,106.16,106.56,105.49,106.44,29924900
QQQ,2015-11-09,106.04,106.18,104.66,105.31,33479800
QQQ,2015-11-10,104.75,105.14,104.44,105.04,35452100
QQQ,2015-11-11,105.33,105.84,104.73,104.91,22748800
QQQ,2015-11-12,104.48,104.99,103.82,103.89,31196900
QQQ,2015-11-13,103.45,103.57,101.8,101.85,52836000
QQQ,2015-11-16,101.75,103.33,101.52,103.32,33980600
QQQ,2015-11-17,103.49,104.12,103.12,103.38,30579500
QQQ,2015-11-18,103.8,105.47,103.7,105.37,32966500
QQQ,2015-11-19,105.42,105.92,105.24,105.44,26188100
QQQ,2015-11-20,105.94,106.24,105.84,106.15,22727600
QQQ,2015-11-23,106.19,106.58,105.39,105.85,20696200
QQQ,2015-11-24,105.16,106.0,104.63,105.75,26374400
QQQ,2015-11-25,105.91,106.04,105.62,105.85,14159900
QQQ,2015-11-27,106.08,106.21,105.63,106.0,8828000
QQQ,2015-11-30,106.31,106.31,105.38,105.73,25041600
QQQ,2015-12-01,106.15,106.78,106.02,106.78,28639400
QQQ,2015-12-02,106.87,107.33,105.97,106.13,22395500
QQQ,2015-12-03,106.41,106.6,103.71,104.33,42754300
QQQ,2015-12-04,104.64,106.94,104.43,106.77,40037300
QQQ,2015-12-07,106.84,106.9,105.77,106.28,25892100
QQQ,2015-12-08,105.17,106.64,105.13,106.29,30792600
QQQ,2015-12-09,105.83,106.41,104.04,104.68,48509200
QQQ,2015-12-10,104.92,105.86,104.6,105.15,30154600
QQQ,2015-12-11,103.94,104.22,102.67,102.73,56022200
QQQ,2015-12-14,102.87,103.56,101.42,103.51,53098500
QQQ,2015-12-15,104.47,105.04,104.01,104.14,48428000
QQQ,2015-12-16,104.85,105.87,103.75,105.69,44944100
QQQ,2015-12-17,106.15,106.15,104.13,104.15,45668800
QQQ,2015-12-18,103.83,104.06,102.15,102.15,53746100
QQQ,2015-12-21,103.12,103.31,102.36,103.29,26432800
QQQ,2015-12-22,103.84,104.11,103.29,103.97,26540300
QQQ,2015-12-23,104.51,104.81,104.32,104.74,25656900
QQQ,2015-12-24,104.74,105.01,104.67,104.72,11468600
QQQ,2015-12-28,104.47,104.68,103.72,104.66,19183600
QQQ,2015-12-29,105.29,106.54,105.22,106.31,27725700
QQQ,2015-12-30,106.22,106.25,105.33,105.35,19520100
QQQ,2015-12-31,104.98,105.18,104.02,104.04,29886800
QQQ,2016-01-04,101.8,101.94,100.56,101.85,50807600
QQQ,2016-01-05,102.35,102.48,101.19,101.67,38795200
QQQ,2016-01-06,99.9,101.28,99.9,100.69,41891100
QQQ,2016-01-07,98.54,99.79,97.48,97.54,61386300
QQQ,2016-01-08,98.25,98.86,96.64,96.74,69344000
QQQ,2016-01-11,97.43,97.72,95.55,97.04,50024100
QQQ,2016-01-12,97.97,98.66,96.8,98.16,46734200
QQQ,2016-01-13,98.56,98.8,94.63,94.78,69870700
QQQ,2016-01-14,95.15,97.64,93.63,96.8,78445700
QQQ,2016-01-15,93.59,94.81,92.55,93.79,91443900
QQQ,2016-01-19,95.07,95.21,92.9,94.0,56563800
QQQ,2016-01-20,92.52,94.71,90.45,93.71,86675000
QQQ,2016-01-21,94.11,95.2,92.84,93.8,61660100
QQQ,2016-01-22,95.69,96.55,95.36,96.52,42229800
QQQ,2016-01-25,96.17,96.72,95.0,95.08,38881500
QQQ,2016-01-26,95.48,96.35,94.65,95.94,36143900
QQQ,2016-01-27,95.38,95.79,93.15,93.55,54524700
QQQ,2016-01-28,95.1,95.14,93.25,94.87,47641500
QQQ,2016-01-29,94.84,96.89,94.81,96.85,54245100
QQQ,2016-02-01,96.39,97.47,96.01,97.11,32750300
QQQ,2016-02-02,96.66,96.7,94.72,95.01,44928100
QQQ,2016-02-03,95.64,95.64,92.9,94.55,61572900
QQQ,2016-02-04,94.3,95.3,93.42,94.54,49321600
QQQ,2016-02-05,94.21,94.25,90.89,91.26,70749900
QQQ,2016-02-08,89.56,90.27,88.21,89.87,91673100
QQQ,2016-02-09,88.67,90.94,88.53,89.59,73778400
QQQ,2016-02-10,90.62,91.79,89.87,89.93,59421700
QQQ,2016-02-11,88.79,90.52,88.54,89.8,76839200
QQQ,2016-02-12,90.81,91.26,89.97,91.17,49186500
QQQ,2016-02-16,92.52,93.22,91.94,93.22,40565900
QQQ,2016-02-17,93.9,95.47,93.66,95.33,41766500
QQQ,2016-02-18,95.63,95.65,94.13,94.25,38991500
QQQ,2016-02-19,93.79,94.81,93.59,94.53,28257900
QQQ,2016-02-22,95.41,96.15,95.32,96.06,23979100
QQQ,2016-02-23,95.5,95.76,94.41,94.48,29869700
QQQ,2016-02-24,93.37,95.5,92.8,95.38,40739100
QQQ,2016-02-25,95.58,96.32,94.72,96.32,29389300
QQQ,2016-02-26,97.06,97.07,95.97,96.2,30925000
QQQ,2016-02-29,96.11,96.82,95.33,95.33,27553900
QQQ,2016-03-01,96.25,98.39,95.95,98.39,37699800
QQQ,2016-03-02,98.27,98.45,97.67,98.43,29209800
QQQ,2016-03-03,98.33,98.36,97.54,98.25,25474600
QQQ,2016-03-04,98.36,98.92,97.63,98.28,31655400
QQQ,2016-03-07,97.78,98.35,96.98,97.68,25861200
QQQ,2016-03-08,97.01,97.86,96.7,96.87,28898500
QQQ,2016-03-09,97.23,97.51,96.69,97.49,31047400
QQQ,2016-03-10,97.9,98.46,96.09,97.34,44236100
QQQ,2016-03-11,98.39,99.05,98.09,99.05,31454000
QQQ,2016-03-14,98.67,99.45,98.65,99.21,25374900
QQQ,2016-03-15,98.86,99.29,98.54,99.18,26524600
QQQ,2016-03-16,98.93,100.32,98.91,100.06,31693100
QQQ,2016-03-17,99.77,100.24,99.4,100.0,29623700
QQQ,2016-03-18,100.24,100.41,99.63,100.16,37682300
QQQ,2016-03-21,99.98,100.65,99.93,100.55,17288600
QQQ,2016-03-22,99.98,101.09,99.96,100.86,18840300
QQQ,2016-03-23,100.66,100.74,99.81,100.03,20912900
QQQ,2016-03-24,99.54,100.09,99.38,100.06,19017300
QQQ,2016-03-28,100.34,100.36,99.74,99.92,13892300
QQQ,2016-03-29,99.73,101.59,99.56,101.52,29963900
QQQ,2016-03-30,102.13,102.65,101.8,102.02,23807200
QQQ,2016-03-31,101.94,102.32,101.71,101.87,21447200
QQQ,2016-04-01,101.25,102.99,101.11,102.95,26389000
QQQ,2016-04-04,102.95,103.02,102.32,102.56,17163000
QQQ,2016-04-05,101.77,102.15,101.44,101.57,20107900
QQQ,2016-04-06,101.67,103.28,101.67,103.24,25056000
QQQ,2016-04-07,102.64,102.83,101.32,101.76,28567200
QQQ,2016-04-08,102.39,102.63,101.33,101.68,22898000
QQQ,2016-04-11,102.12,102.63,101.3,101.31,25772100
QQQ,2016-04-12,101.38,102.35,100.77,102.16,28564100
QQQ,2016-04-13,102.94,103.62,102.81,103.46,25356700
QQQ,2016-04-14,103.48,103.85,102.61,103.47,17199700
QQQ,2016-04-15,103.39,103.6,102.95,103.21,21353300
QQQ,2016-04-18,102.91,103.8,102.85,103.76,17126100
QQQ,2016-04-19,103.96,103.96,102.5,103.13,42481400
QQQ,2016-04-20,103.13,103.69,102.77,103.21,18078300
QQQ,2016-04-21,103.16,103.59,102.75,103.22,20216000
QQQ,2016-04-22,101.88,102.35,100.86,101.66,39074000
QQQ,2016-04-25,101.35,101.67,101.17,101.66,14351900
QQQ,2016-04-26,101.88,102.05,100.86,101.17,19118300
QQQ,2016-04-27,100.13,100.59,99.53,100.36,33059800
QQQ,2016-04-28,100.47,101.06,98.95,99.14,29818200
QQQ,2016-04-29,99.14,99.35,97.84,98.62,67502800
QQQ,2016-05-02,98.87,99.69,98.46,99.55,24813800
QQQ,2016-05-03,98.85,99.29,98.37,98.63,38569400
QQQ,2016-05-04,98.03,98.4,97.75,98.0,27474500
QQQ,2016-05-05,98.35,98.57,97.77,97.97,20788100
QQQ,2016-05-06,97.48,98.51,97.39,98.49,30758500
QQQ,2016-05-09,98.5,99.23,98.45,98.77,19289600
QQQ,2016-05-10,99.13,100.17,98.95,100.12,21178900
QQQ,2016-05-11,99.97,100.27,99.19,99.22,20966300
QQQ,2016-05-12,99.45,99.57,98.08,98.78,29196300
QQQ,2016-05-13,98.7,99.3,98.22,98.42,21059300
QQQ,2016-05-16,98.57,100.01,98.47,99.65,18311900
QQQ,2016-05-17,99.56,99.85,98.14,98.4,29932700
QQQ,2016-05-18,98.17,99.28,97.99,98.75,27524400
QQQ,2016-05-19,98.37,98.61,97.52,98.24,27334600
QQQ,2016-05-20,98.63,99.72,98.57,99.32,29549600
QQQ,2016-05-23,99.43,99.79,99.1,99.19,15729800
QQQ,2016-05-24,99.74,101.3,99.71,101.18,29931300
QQQ,2016-05-25,101.56,102.21,101.38,101.91,37951700
QQQ,2016-05-26,102.01,102.33,101.77,102.2,21885900
QQQ,2016-05-27,102.27,102.74,102.25,102.74,19870000
QQQ,2016-05-31,102.88,103.09,102.41,102.93,24366100
QQQ,2016-06-01,102.61,103.17,102.53,102.94,19571500
QQQ,2016-06-02,102.74,103.16,102.18,103.16,15696600
QQQ,2016-06-03,102.96,103.01,102.0,102.67,20269900
QQQ,2016-06-06,102.86,103.31,102.68,103.04,12502400
QQQ,2016-06-07,103.1,103.2,102.74,102.78,12184300
QQQ,2016-06-08,102.96,103.17,102.58,102.96,14568700
QQQ,2016-06-09,102.54,102.9,102.34,102.79,17571600
QQQ,2016-06-10,101.86,102.05,101.27,101.63,32965000
QQQ,2016-06-13,101.05,101.62,100.65,100.78,25154700
QQQ,2016-06-14,100.51,101.14,100.04,100.78,24588500
QQQ,2016-06-15,101.02,101.16,100.32,100.49,24605700
QQQ,2016-06-16,99.99,100.88,99.35,100.79,32079900
QQQ,2016-06-17,100.58,100.72,99.37,99.6,29208800
QQQ,2016-06-20,100.76,101.24,100.16,100.23,20562800
QQQ,2016-06-21,100.36,100.75,100.17,100.55,22804100
QQQ,2016-06-22,100.61,101.19,100.22,100.31,22724200
QQQ,2016-06-23,101.08,101.76,100.66,101.74,18714200
QQQ,2016-06-24,98.12,99.61,97.33,97.55,68012700
QQQ,2016-06-27,96.9,96.9,95.17,95.61,48222600
QQQ,2016-06-28,96.67,97.75,96.62,97.71,28260600
QQQ,2016-06-29,98.47,99.64,98.43,99.44,31356700
QQQ,2016-06-30,99.6,100.65,99.27,100.59,36300800
QQQ,2016-07-01,100.54,101.47,100.5,101.09,19902800
QQQ,2016-07-05,100.56,100.7,99.93,100.47,21167900
QQQ,2016-07-06,100.0,101.34,99.68,101.3,24579300
QQQ,2016-07-07,101.39,101.82,101.12,101.6,19161700
QQQ,2016-07-08,102.14,103.22,101.97,103.17,29457900
QQQ,2016-07-11,103.51,104.14,103.5,103.76,20218500
QQQ,2016-07-12,104.39,104.56,104.14,104.28,21906100
QQQ,2016-07-13,104.52,104.59,104.02,104.03,21107800
QQQ,2016-07-14,104.72,104.94,104.48,104.74,20871000
QQQ,2016-07-15,104.98,105.04,104.34,104.57,17999300
QQQ,2016-07-18,104.64,105.45,104.62,105.26,20713900
QQQ,2016-07-19,104.9,105.21,104.69,104.88,18936700
QQQ,2016-07-20,105.45,106.3,105.32,106.1,24997900
QQQ,2016-07-21,106.18,106.39,105.57,105.86,18885400
QQQ,2016-07-22,105.94,106.42,105.61,106.3,20003400
QQQ,2016-07-25,106.22,106.34,105.96,106.31,12968100
QQQ,2016-07-26,106.27,106.82,105.9,106.43,21223800
QQQ,2016-07-27,107.33,107.45,106.72,107.17,27646100
QQQ,2016-07-28,107.34,107.67,107.0,107.55,16939700
QQQ,2016-07-29,107.79,108.07,107.44,107.78,22385300
QQQ,2016-08-01,107.85,108.62,107.72,108.35,13990100
QQQ,2016-08-02,108.19,108.28,106.83,107.53,21278400
QQQ,2016-08-03,107.44,107.89,107.38,107.88,15011300
QQQ,2016-08-04,107.84,108.29,107.59,108.19,12835300
QQQ,2016-08-05,108.74,109.47,108.62,109.23,23196600
QQQ,2016-08-08,109.29,109.31,108.76,109.11,12358200
QQQ,2016-08-09,109.19,109.71,109.13,109.36,13276500
QQQ,2016-08-10,109.43,109.45,108.79,109.08,14688400
QQQ,2016-08-11,109.45,109.78,109.23,109.55,12969800
QQQ,2016-08-12,109.36,109.63,109.24,109.62,19379000
QQQ,2016-08-15,109.76,110.34,109.72,110.09,11777800
QQQ,2016-08-16,109.88,109.89,109.46,109.48,14161400
QQQ,2016-08-17,109.51,109.72,108.9,109.68,15980300
QQQ,2016-08-18,109.58,109.87,109.39,109.71,10036300
QQQ,2016-08-19,109.51,109.92,109.21,109.68,18743000
QQQ,2016-08-22,109.52,109.95,109.31,109.76,14500600
QQQ,2016-08-23,110.19,110.38,109.91,109.96,11997900
QQQ,2016-08-24,109.88,110.03,108.88,109.25,17728700
QQQ,2016-08-25,108.97,109.41,108.84,109.07,24266300
QQQ,2016-08-26,109.11,109.94,108.57,109.23,23896000
QQQ,2016-08-29,109.26,109.67,109.24,109.38,11184900
QQQ,2016-08-30,109.2,109.52,108.65,109.02,19843300
QQQ,2016-08-31,108.85,109.02,108.45,108.91,16169800
QQQ,2016-09-01,108.95,109.32,108.42,109.19,20944700
QQQ,2016-09-02,109.73,109.96,109.14,109.55,18088200
QQQ,2016-09-06,109.73,110.23,109.49,110.23,18525200
QQQ,2016-09-07,110.33,110.48,109.87,110.3,17546900
QQQ,2016-09-08,109.97,110.0,109.36,109.65,20125300
QQQ,2016-09-09,108.73,108.98,106.87,106.89,50813300
QQQ,2016-09-12,106.29,108.96,106.28,108.81,39646000
QQQ,2016-09-13,108.27,108.58,107.31,107.84,45863900
QQQ,2016-09-14,107.95,108.94,107.92,108.35,28221800
QQQ,2016-09-15,108.38,110.2,108.37,110.03,38521400
QQQ,2016-09-16,109.92,110.09,109.44,109.98,27596500
QQQ,2016-09-19,110.26,110.6,109.29,109.5,16222900
QQQ,2016-09-20,109.9,110.16,109.52,109.71,18078600
QQQ,2016-09-21,110.18,110.95,109.53,110.79,31546800
QQQ,2016-09-22,111.43,111.79,111.32,111.67,22614400
QQQ,2016-09-23,111.58,111.58,110.8,110.96,22213400
QQQ,2016-09-26,110.33,110.46,109.87,110.03,16403900
QQQ,2016-09-27,109.95,111.17,109.85,111.12,20238400
QQQ,2016-09-28,111.26,111.37,110.73,111.3,14794300
QQQ,2016-09-29,111.12,111.32,110.02,110.5,27207500
QQQ,2016-09-30,110.79,111.65,110.67,111.32,25543200
QQQ,2016-10-03,111.18,111.3,110.73,111.16,19216400
QQQ,2016-10-04,111.49,111.73,110.57,110.99,21239700
QQQ,2016-10-05,111.32,111.74,111.27,111.39,14481300
QQQ,2016-10-06,111.25,111.57,110.79,111.33,11987100
QQQ,2016-10-07,111.43,111.59,110.54,111.09,19984200
QQQ,2016-10-10,111.66,112.03,111.61,111.79,19687300
QQQ,2016-10-11,111.7,111.72,109.71,110.2,27774400
QQQ,2016-10-12,110.3,110.48,109.77,110.1,14267800
QQQ,2016-10-13,109.35,110.01,108.72,109.71,22821000
QQQ,2016-10-14,110.25,110.69,109.77,109.84,21313300
QQQ,2016-10-17,109.75,109.99,109.4,109.54,14182700
QQQ,2016-10-18,110.84,111.03,110.46,110.52,19276700
QQQ,2016-10-19,110.43,110.67,110.31,110.51,13702900
QQQ,2016-10-20,110.39,110.62,109.74,110.37,18132200
QQQ,2016-10-21,110.46,110.85,110.09,110.79,15707800
QQQ,2016-10-24,111.5,112.19,111.48,112.12,19143000
QQQ,2016-10-25,112.18,112.2,111.59,111.76,20341800
QQQ,2016-10-26,111.04,111.61,110.67,111.0,20463700
QQQ,2016-10-27,111.48,111.57,110.34,110.5,19099800
QQQ,2016-10-28,110.18,110.75,109.47,109.8,35369300
QQQ,2016-10-31,110.21,110.21,109.64,109.7,18749400
QQQ,2016-11-01,109.89,109.91,107.93,108.87,23498700
QQQ,2016-11-02,108.8,109.05,107.73,108.0,26960100
QQQ,2016-11-03,107.82,108.18,106.82,106.94,36205200
QQQ,2016-11-04,106.68,107.4,106.38,106.57,26997500
QQQ,2016-11-07,108.29,109.21,108.11,109.1,26591200
QQQ,2016-11-08,108.99,110.31,108.73,109.81,20777900
QQQ,2016-11-09,108.53,110.5,108.4,110.32,70234400
QQQ,2016-11-10,110.85,111.0,107.08,108.54,72825400
QQQ,2016-11-11,108.07,108.82,107.68,108.58,41115200
QQQ,2016-11-14,108.61,108.72,106.92,107.49,35906000
QQQ,2016-11-15,108.3,109.35,108.14,108.98,31796600
QQQ,2016-11-16,108.46,109.7,108.46,109.62,16538100
QQQ,2016-11-17,109.57,110.44,109.34,110.42,20598600
QQQ,2016-11-18,110.55,110.74,109.91,110.01,16428700
QQQ,2016-11-21,110.28,111.26,110.24,111.15,20268500
QQQ,2016-11-22,111.59,111.76,111.22,111.49,18850600
QQQ,2016-11-23,111.12,111.25,110.55,111.04,22926000
QQQ,2016-11-25,111.17,111.44,111.04,111.4,7162800
QQQ,2016-11-28,111.26,111.66,111.03,111.14,13479000
QQQ,2016-11-29,111.25,112.06,110.93,111.53,18553000
QQQ,2016-11-30,111.67,111.71,110.14,110.18,30405300
QQQ,2016-12-01,110.14,110.15,108.11,108.27,39796600
QQQ,2016-12-02,108.34,108.92,108.04,108.49,32876800
QQQ,2016-12-05,109.05,109.77,108.56,109.33,21419700
QQQ,2016-12-06,109.64,109.78,109.14,109.6,27293300
QQQ,2016-12-07,109.37,111.12,109.04,110.98,26622400
QQQ,2016-12-08,111.03,111.46,110.82,111.18,18578400
QQQ,2016-12-09,111.59,112.09,111.58,112.05,21863100
QQQ,2016-12-12,111.56,111.78,111.09,111.55,23259300
QQQ,2016-12-13,111.88,113.56,111.88,112.95,54477900
QQQ,2016-12-14,113.09,113.46,112.39,112.72,28746000
QQQ,2016-12-15,112.87,113.56,112.6,112.9,22762300
QQQ,2016-12-16,113.17,113.4,112.25,112.48,26283900
QQQ,2016-12-19,112.59,113.64,112.43,112.94,21138700
QQQ,2016-12-20,113.3,113.58,113.17,113.37,11461800
QQQ,2016-12-21,113.42,113.49,113.03,113.29,7079300
QQQ,2016-12-22,113.3,113.32,112.53,112.97,16645000
QQQ,2016-12-23,112.78,113.09,112.68,113.04,9007500
QQQ,2016-12-27,113.29,114.28,113.24,113.63,16110600
QQQ,2016-12-28,113.87,113.97,112.67,112.74,17975200
QQQ,2016-12-29,112.71,112.98,112.22,112.58,13267500
QQQ,2016-12-30,112.8,112.81,111.11,111.43,41749000
QQQ,2017-01-03,112.17,112.85,111.81,112.42,22307600
QQQ,2017-01-04,112.54,113.24,112.54,113.03,19749100
QQQ,2017-01-05,112.95,113.75,112.95,113.67,20644300
QQQ,2017-01-06,113.8,114.97,113.5,114.67,24074300
QQQ,2017-01-09,114.76,115.25,114.69,115.05,18909200
QQQ,2017-01-10,115.09,115.65,114.83,115.3,16176600
QQQ,2017-01-11,115.35,115.61,114.75,115.61,20686000
QQQ,2017-01-12,115.2,115.51,114.36,115.43,19622500
QQQ,2017-01-13,115.49,116.02,115.49,115.83,16930800
QQQ,2017-01-17,115.53,115.7,115.14,115.48,14538500
QQQ,2017-01-18,115.65,115.83,115.36,115.71,12499700
QQQ,2017-01-19,115.88,116.29,115.41,115.66,12710700
QQQ,2017-01-20,116.17,116.46,115.6,115.91,22091000
QQQ,2017-01-23,115.84,116.17,115.27,116.01,17434200
QQQ,2017-01-24,116.23,116.96,116.03,116.79,17640900
QQQ,2017-01-25,117.52,117.99,117.42,117.96,15036200
QQQ,2017-01-26,118.12,118.33,117.88,118.08,16052200
QQQ,2017-01-27,118.34,118.42,117.92,118.31,15053000
QQQ,2017-01-30,117.91,117.91,116.74,117.39,25006700
QQQ,2017-01-31,116.97,117.18,116.48,117.15,19091100
QQQ,2017-02-01,117.98,118.2,117.43,117.96,22861900
QQQ,2017-02-02,117.75,118.22,117.43,117.86,15101400
QQQ,2017-02-03,117.98,118.32,117.87,118.2,16957200
QQQ,2017-02-06,118.0,118.36,117.89,118.34,11630100
QQQ,2017-02-07,118.58,119.01,118.47,118.77,17541100
QQQ,2017-02-08,118.61,119.14,118.38,118.97,12569100
QQQ,2017-02-09,119.09,119.66,119.02,119.4,17542700
QQQ,2017-02-10,119.66,119.96,119.46,119.8,13915700
QQQ,2017-02-13,120.16,120.62,120.12,120.47,19120200
QQQ,2017-02-14,120.52,120.89,120.13,120.88,16333500
QQQ,2017-02-15,120.79,121.65,120.73,121.59,17891400
QQQ,2017-02-16,121.67,121.91,121.24,121.55,15098300
QQQ,2017-02-17,121.38,122.09,121.36,122.08,15563700
QQQ,2017-02-21,122.32,122.76,122.25,122.68,18479600
QQQ,2017-02-22,122.57,122.81,122.36,122.73,12110900
QQQ,2017-02-23,122.92,122.92,121.78,122.27,17489000
QQQ,2017-02-24,121.71,122.5,121.68,122.5,18624500
QQQ,2017-02-27,122.28,122.66,122.07,122.65,12008700
QQQ,2017-02-28,122.63,122.68,121.94,122.28,16598600
QQQ,2017-03-01,123.06,123.84,122.82,123.61,25813800
QQQ,2017-03-02,123.59,123.6,122.84,122.99,19951400
QQQ,2017-03-03,122.91,123.26,122.58,123.22,13722700
QQQ,2017-03-06,122.81,123.15,122.46,122.95,12026200
QQQ,2017-03-07,122.7,123.28,122.52,122.74,15500900
QQQ,2017-03-08,122.81,123.34,122.69,122.96,15776000
QQQ,2017-03-09,122.93,123.22,122.39,123.05,20855300
QQQ,2017-03-10,123.61,123.76,123.03,123.57,21922600
QQQ,2017-03-13,123.52,123.8,123.45,123.77,10731600
QQQ,2017-03-14,123.49,123.54,122.97,123.47,14019700
QQQ,2017-03-15,123.73,124.53,123.33,124.23,22709100
QQQ,2017-03-16,124.47,124.47,123.87,124.15,18457300
QQQ,2017-03-17,124.3,124.44,124.04,124.11,21234500
QQQ,2017-03-20,124.07,124.5,123.89,124.22,10105200
QQQ,2017-03-21,124.69,124.8,122.26,122.33,35841900
QQQ,2017-03-22,122.37,123.29,122.21,123.16,29177900
QQQ,2017-03-23,123.0,123.34,122.65,122.85,20311700
QQQ,2017-03-24,123.25,123.73,122.64,123.11,22967600
QQQ,2017-03-27,122.23,123.52,121.95,123.31,18472400
QQQ,2017-03-28,123.31,124.43,123.03,124.06,23721900
QQQ,2017-03-29,124.14,124.68,124.01,124.63,13710000
QQQ,2017-03-30,124.59,124.97,124.47,124.84,16092400
QQQ,2017-03-31,124.66,125.1,124.52,124.76,19841400
QQQ,2017-04-03,124.86,125.16,123.98,124.68,23700300
QQQ,2017-04-04,124.32,124.9,124.28,124.88,13400000
QQQ,2017-04-05,125.06,125.79,124.13,124.37,32011200
QQQ,2017-04-06,124.49,124.77,124.12,124.44,18832200
QQQ,2017-04-07,124.4,124.75,123.93,124.37,16743100
QQQ,2017-04-10,124.49,124.94,124.08,124.42,15619300
QQQ,2017-04-11,124.3,124.49,122.98,123.88,33778400
QQQ,2017-04-12,123.86,123.96,123.25,123.38,15955200
QQQ,2017-04-13,123.21,123.94,122.87,122.89,23683000
QQQ,2017-04-17,123.24,123.93,123.19,123.91,13325500
QQQ,2017-04-18,123.49,124.08,123.41,123.72,12841100
QQQ,2017-04-19,124.26,124.67,123.75,123.92,17764800
QQQ,2017-04-20,124.42,125.23,124.23,124.95,21977900
QQQ,2017-04-21,125.07,125.11,124.61,124.93,22454900
QQQ,2017-04-24,126.31,126.56,126.09,126.43,22469900
QQQ,2017-04-25,126.85,127.57,126.74,127.35,19384400
QQQ,2017-04-26,127.4,127.71,127.09,127.17,25398500
QQQ,2017-04-27,127.48,127.93,127.4,127.93,16136500
QQQ,2017-04-28,128.44,128.49,127.95,128.16,22771900
QQQ,2017-05-01,128.58,129.47,128.53,129.3,24815500
QQQ,2017-05-02,129.46,129.57,129.13,129.52,18345100
QQQ,2017-05-03,129.22,129.27,128.75,129.1,23827600
QQQ,2017-05-04,129.08,129.52,128.7,129.15,14630100
QQQ,2017-05-05,129.48,129.62,129.0,129.62,19330700
QQQ,2017-05-08,129.69,129.9,129.42,129.9,13279900
QQQ,2017-05-09,130.1,130.65,129.99,130.35,28426100
QQQ,2017-05-10,130.43,130.48,129.97,130.43,20499400
QQQ,2017-05-11,130.07,130.36,129.47,130.33,27232100
QQQ,2017-05-12,130.38,130.65,130.27,130.62,19738600
QQQ,2017-05-15,130.67,131.11,130.55,131.03,20481300
QQQ,2017-05-16,131.37,131.6,130.99,131.58,21786000
QQQ,2017-05-17,130.53,130.78,128.22,128.23,55642200
QQQ,2017-05-18,128.19,129.79,128.05,129.36,41319900
QQQ,2017-05-19,129.82,130.45,129.73,129.9,36730100
QQQ,2017-05-22,130.19,131.06,130.15,131.0,19509700
QQQ,2017-05-23,131.38,131.39,130.79,131.13,19687500
QQQ,2017-05-24,131.52,131.8,131.16,131.73,15891900
QQQ,2017-05-25,132.23,133.19,131.95,132.85,23928600
QQQ,2017-05-26,132.88,133.14,132.7,133.09,13851600
QQQ,2017-05-30,133.02,133.36,132.94,133.2,20306400
QQQ,2017-05-31,133.67,133.67,132.47,133.15,33229400
QQQ,2017-06-01,133.43,133.73,132.86,133.67,20120700
QQQ,2017-06-02,134.14,135.23,133.93,135.2,37222900
QQQ,2017-06-05,135.19,135.41,134.98,135.17,15727500
QQQ,2017-06-06,135.01,135.45,134.44,134.63,22393000
QQQ,2017-06-07,135.01,135.27,134.39,135.16,18842400
QQQ,2017-06-08,135.46,135.52,134.57,135.3,25417400
QQQ,2017-06-09,135.46,135.61,130.16,131.92,109783700
QQQ,2017-06-12,130.81,131.45,129.55,131.21,104454000
QQQ,2017-06-13,131.95,132.47,131.26,132.28,51193000
QQQ,2017-06-14,132.81,132.81,130.64,131.7,60093800
QQQ,2017-06-15,130.37,131.26,129.57,131.12,55145200
QQQ,2017-06-16,131.05,131.14,130.07,130.55,48087400
QQQ,2017-06-19,131.82,132.85,131.62,132.73,39626500
QQQ,2017-06-20,132.6,132.77,131.65,131.69,40935100
QQQ,2017-06-21,131.99,133.06,131.91,133.0,35743400
QQQ,2017-06-22,133.2,133.45,132.62,132.96,24099100
QQQ,2017-06-23,132.81,133.64,132.44,133.47,21654300
QQQ,2017-06-26,134.23,134.46,132.55,132.85,34411100
QQQ,2017-06-27,132.34,132.51,130.43,130.44,65957800
QQQ,2017-06-28,130.92,132.43,130.16,132.32,57427200
QQQ,2017-06-29,131.77,131.77,128.75,130.02,88769400
QQQ,2017-06-30,130.39,131.04,129.64,130.07,68898300
QQQ,2017-07-03,130.66,130.81,128.61,128.7,32797000
QQQ,2017-07-05,129.1,130.31,128.67,129.96,42116600
QQQ,2017-07-06,128.97,129.52,128.33,128.79,48430500
QQQ,2017-07-07,129.23,130.53,129.22,130.18,36970400
QQQ,2017-07-10,130.27,131.34,129.93,131.03,24853500
QQQ,2017-07-11,130.84,131.56,130.35,131.4,31517700
QQQ,2017-07-12,132.52,133.11,132.26,132.96,36045800
QQQ,2017-07-13,133.12,133.57,132.86,133.25,31073600
QQQ,2017-07-14,133.85,134.47,133.42,134.3,34544800
QQQ,2017-07-17,134.44,134.84,134.11,134.37,25343200
QQQ,2017-07-18,134.27,135.29,133.85,135.26,25748500
QQQ,2017-07-19,135.66,136.26,135.6,136.06,33752300
QQQ,2017-07-20,136.41,136.49,135.62,136.24,36139400
QQQ,2017-07-21,135.74,136.18,135.46,136.18,39697100
QQQ,2017-07-24,136.16,136.9,136.0,136.8,26712700
QQQ,2017-07-25,136.35,136.78,136.09,136.46,28120900
QQQ,2017-07-26,136.8,136.97,136.58,136.9,18610600
QQQ,2017-07-27,137.8,137.93,134.47,136.04,80665900
QQQ,2017-07-28,135.23,136.15,135.01,135.93,38013200
QQQ,2017-07-31,136.31,136.48,135.06,135.35,33848600
QQQ,2017-08-01,135.81,135.85,135.25,135.66,20149400
QQQ,2017-08-02,136.54,136.57,134.76,136.03,41769700
QQQ,2017-08-03,136.16,136.24,135.25,135.5,27112800
QQQ,2017-08-04,135.8,136.05,135.19,135.75,29472900
QQQ,2017-08-07,135.99,136.61,135.8,136.61,17933900
QQQ,2017-08-08,136.34,137.47,135.98,136.37,30810400
QQQ,2017-08-09,135.25,136.26,134.93,136.19,36169500
QQQ,2017-08-10,135.42,135.51,133.14,133.27,63331700
QQQ,2017-08-11,133.45,134.57,133.15,134.28,45862500
QQQ,2017-08-14,135.35,136.22,135.31,136.01,34161000
QQQ,2017-08-15,136.35,136.36,135.74,136.11,25509200
QQQ,2017-08-16,136.45,136.98,135.89,136.34,31913000
QQQ,2017-08-17,135.81,136.02,133.55,133.55,70191000
QQQ,2017-08-18,133.63,134.38,132.91,133.46,60751900
QQQ,2017-08-21,133.45,133.74,132.47,133.29,37111500
QQQ,2017-08-22,134.01,135.46,133.96,135.32,36294200
QQQ,2017-08-23,134.64,135.14,134.55,134.84,25702300
QQQ,2017-08-24,135.14,135.29,133.69,134.44,38160800
QQQ,2017-08-25,134.96,135.3,133.98,134.16,26380400
QQQ,2017-08-28,134.57,134.89,134.14,134.57,15362100
QQQ,2017-08-29,133.42,135.33,133.3,135.1,24498300
QQQ,2017-08-30,135.22,136.92,135.13,136.69,33642700
QQQ,2017-08-31,137.08,138.17,137.0,138.16,38480700
QQQ,2017-09-01,138.34,138.52,137.6,137.97,22293600
QQQ,2017-09-05,137.56,137.85,135.7,136.73,44794300
QQQ,2017-09-06,137.08,137.46,136.15,137.14,30722700
QQQ,2017-09-07,137.4,137.82,136.97,137.47,22721100
QQQ,2017-09-08,137.29,137.35,136.13,136.28,27890100
QQQ,2017-09-11,137.34,138.08,137.31,137.84,27126300
QQQ,2017-09-12,138.23,138.35,137.52,138.17,30256700
QQQ,2017-09-13,137.94,138.38,137.71,138.36,28450900
QQQ,2017-09-14,137.83,138.24,137.47,137.55,35296400
QQQ,2017-09-15,137.52,138.52,137.3,138.02,46422400
QQQ,2017-09-18,138.18,138.62,137.43,137.84,24858200
QQQ,2017-09-19,138.09,138.28,137.62,138.08,20871200
QQQ,2017-09-20,138.03,138.18,136.59,137.65,34236200
QQQ,2017-09-21,137.56,137.57,136.33,136.81,28841800
QQQ,2017-09-22,136.37,136.88,136.23,136.68,21702400
QQQ,2017-09-25,136.14,136.21,134.58,135.24,54947700
QQQ,2017-09-26,135.93,136.19,135.12,135.59,29628800
QQQ,2017-09-27,136.31,137.32,135.97,136.81,33249400
QQQ,2017-09-28,136.48,136.91,136.17,136.76,24149400
QQQ,2017-09-29,137.04,137.85,136.68,137.75,43102400
QQQ,2017-10-02,137.96,138.43,137.26,137.87,27351300
QQQ,2017-10-03,138.05,138.33,137.75,138.16,19715200
QQQ,2017-10-04,137.9,138.59,137.77,138.3,26381100
QQQ,2017-10-05,138.8,139.73,138.66,139.65,31562400
QQQ,2017-10-06,139.18,139.84,139.18,139.84,23561100
QQQ,2017-10-09,140.02,140.17,139.5,139.68,13704800
QQQ,2017-10-10,140.15,140.3,139.17,139.78,19223100
QQQ,2017-10-11,139.72,140.23,139.54,140.2,12439100
QQQ,2017-10-12,139.99,140.49,139.8,139.95,14513500
QQQ,2017-10-13,140.51,140.65,139.95,140.49,18409900
QQQ,2017-10-16,140.84,141.01,140.53,140.97,21809400
QQQ,2017-10-17,140.92,141.17,140.7,141.15,13138200
QQQ,2017-10-18,141.29,141.31,140.77,140.98,17218200
QQQ,2017-10-19,140.15,140.48,139.47,140.46,27680300
QQQ,2017-10-20,141.02,141.15,140.67,140.84,30173300
QQQ,2017-10-23,141.13,141.14,139.72,139.92,29297100
QQQ,2017-10-24,140.19,140.45,139.63,140.15,20289500
QQQ,2017-10-25,139.88,140.33,138.58,139.62,36179100
QQQ,2017-10-26,139.54,139.89,139.14,139.18,28230200
QQQ,2017-10-27,141.52,143.5,141.3,143.23,60165100
QQQ,2017-10-30,143.13,144.13,142.99,143.55,31733400
QQQ,2017-10-31,144.02,144.3,143.6,144.09,26319300
QQQ,2017-11-01,144.67,144.74,143.48,144.05,29481600
QQQ,2017-11-02,143.89,143.94,142.79,143.77,31017400
QQQ,2017-11-03,144.29,145.17,143.8,145.15,26199200
QQQ,2017-11-06,145.04,145.7,144.99,145.65,28693900
QQQ,2017-11-07,145.53,145.92,145.22,145.73,21333100
QQQ,2017-11-08,145.66,146.36,145.49,146.32,17373500
QQQ,2017-11-09,145.12,145.63,144.06,145.55,40594500
QQQ,2017-11-10,145.21,145.66,144.96,145.54,20150800
QQQ,2017-11-13,144.99,145.91,144.99,145.72,12522400
QQQ,2017-11-14,145.21,145.37,144.49,145.19,25173800
QQQ,2017-11-15,144.57,144.9,143.74,144.51,24808000
QQQ,2017-11-16,145.24,146.69,145.21,146.36,34790600
QQQ,2017-11-17,146.39,146.5,145.66,145.8,28725800
QQQ,2017-11-20,145.9,146.03,145.48,145.68,21143900
QQQ,2017-11-21,146.38,147.33,146.31,147.27,20147800
QQQ,2017-11-22,147.4,147.59,147.11,147.45,17299000
QQQ,2017-11-24,147.6,148.03,147.51,147.99,8280600
QQQ,2017-11-27,147.94,148.27,147.58,147.92,22653400
QQQ,2017-11-28,148.25,148.39,147.46,148.3,25227300
QQQ,2017-11-29,148.13,148.17,145.01,145.71,71986300
QQQ,2017-11-30,146.33,147.22,145.99,146.93,56595500
QQQ,2017-12-01,146.03,147.02,144.2,146.31,59015800
QQQ,2017-12-04,147.23,147.39,144.48,144.62,51319100
QQQ,2017-12-05,144.6,146.37,144.05,144.72,40604200
QQQ,2017-12-06,144.18,145.6,144.01,145.37,28647800
QQQ,2017-12-07,145.36,146.28,145.21,145.86,32666200
QQQ,2017-12-08,146.93,147.29,146.28,146.51,28081700
QQQ,2017-12-11,146.57,147.69,146.57,147.64,20821500
QQQ,2017-12-12,147.58,147.88,147.13,147.45,20310300
QQQ,2017-12-13,148.04,148.2,147.51,147.73,24418500
QQQ,2017-12-14,147.99,148.36,147.46,147.63,24594700
QQQ,2017-12-15,148.2,149.46,147.96,149.3,49816200
QQQ,2017-12-18,150.29,150.68,150.01,150.55,26844500
QQQ,2017-12-19,150.27,150.42,149.24,149.66,31415000
QQQ,2017-12-20,150.18,150.21,148.91,149.5,38972600
QQQ,2017-12-21,149.71,150.18,149.35,149.52,18638700
QQQ,2017-12-22,149.29,149.41,148.95,149.35,23330400
QQQ,2017-12-26,148.51,148.73,148.0,148.54,21918700
QQQ,2017-12-27,148.55,148.96,148.42,148.56,22388200
QQQ,2017-12-28,149.04,149.06,148.56,148.74,25393800
QQQ,2017-12-29,148.87,148.9,147.76,147.82,33186000
QQQ,2018-01-02,148.58,150.45,148.21,150.41,32573300
QQQ,2018-01-03,150.55,152.01,150.53,151.87,29383600
QQQ,2018-01-04,152.39,152.59,151.92,152.14,24776100
QQQ,2018-01-05,152.86,153.77,152.58,153.67,26992300
QQQ,2018-01-08,153.67,154.34,153.61,154.26,23159100
QQQ,2018-01-09,154.57,154.73,153.81,154.27,24782400
QQQ,2018-01-10,153.59,153.94,152.91,153.91,34004000
QQQ,2018-01-11,154.18,154.98,153.94,154.97,20473500
QQQ,2018-01-12,154.83,156.27,154.63,156.11,37762700
QQQ,2018-01-16,157.14,157.94,155.19,155.66,41231800
QQQ,2018-01-17,156.4,157.58,155.64,157.34,33849900
QQQ,2018-01-18,157.09,157.73,156.72,157.37,26432200
QQQ,2018-01-19,157.83,158.12,157.1,157.86,38937600
QQQ,2018-01-22,157.8,159.55,157.62,159.55,26081400
QQQ,2018-01-23,160.04,161.01,159.97,160.87,37989700
QQQ,2018-01-24,161.21,161.56,158.91,159.83,54287400
QQQ,2018-01-25,160.93,160.98,159.26,159.77,28925000
QQQ,2018-01-26,160.66,162.24,160.35,162.22,32038200
QQQ,2018-01-29,161.88,162.2,161.09,161.43,37277800
QQQ,2018-01-30,159.96,160.78,159.27,160.1,44987700
QQQ,2018-01-31,161.0,161.33,159.76,160.77,42449200
QQQ,2018-02-01,159.53,161.08,158.89,159.4,38037900
QQQ,2018-02-02,158.77,159.15,156.09,156.22,68478100
QQQ,2018-02-05,154.76,157.3,149.95,150.06,105372200
QQQ,2018-02-06,147.87,154.23,147.19,154.04,118537900
QQQ,2018-02-07,153.54,155.21,152.03,152.04,91028300
QQQ,2018-02-08,152.43,152.6,145.63,145.63,94184800
QQQ,2018-02-09,147.69,149.23,142.48,148.14,113836600
QQQ,2018-02-12,149.66,151.8,148.49,150.77,63050600
QQQ,2018-02-13,149.91,151.85,149.68,151.55,31785600
QQQ,2018-02-14,150.66,154.63,149.95,154.39,52107400
QQQ,2018-02-15,155.77,157.25,154.16,157.25,51633900
QQQ,2018-02-16,156.74,158.26,156.29,156.55,62256300
QQQ,2018-02-20,156.0,158.18,155.93,156.86,36785600
QQQ,2018-02-21,157.63,159.17,156.32,156.42,41161800
QQQ,2018-02-22,157.1,157.94,156.0,156.4,37074400
QQQ,2018-02-23,157.66,159.6,157.02,159.6,50096900
QQQ,2018-02-26,160.35,161.71,160.22,161.71,39266700
QQQ,2018-02-27,161.76,162.03,159.64,159.71,42209900
QQQ,2018-02-28,160.62,161.15,158.58,158.69,42936300
QQQ,2018-03-01,158.77,159.5,154.69,156.1,76809900
QQQ,2018-03-02,154.22,157.8,153.7,157.53,57445100
QQQ,2018-03-05,156.79,159.68,156.2,159.28,38540200
QQQ,2018-03-06,160.05,160.49,158.94,159.95,29480900
QQQ,2018-03-07,158.73,160.45,158.45,160.32,34609400
QQQ,2018-03-08,160.98,161.32,160.34,161.2,25828400
QQQ,2018-03-09,162.35,164.33,162.11,164.33,38310500
QQQ,2018-03-12,164.82,165.59,164.45,165.21,37635000
QQQ,2018-03-13,165.59,166.28,162.54,162.96,55638900
QQQ,2018-03-14,163.81,163.94,162.22,162.93,40536400
QQQ,2018-03-15,163.04,163.74,162.19,162.79,28810400
QQQ,2018-03-16,163.06,163.42,162.23,162.3,31176700
QQQ,2018-03-19,160.74,160.86,157.45,158.84,71395100
QQQ,2018-03-20,158.91,159.73,158.37,159.36,34075700
QQQ,2018-03-21,158.94,160.42,157.97,158.67,43863500
QQQ,2018-03-22,156.47,157.58,154.55,154.75,66607300
QQQ,2018-03-23,154.57,155.23,150.6,150.67,80110400
QQQ,2018-03-26,153.73,156.46,151.29,156.27,57481500
QQQ,2018-03-27,157.43,157.43,149.89,151.22,78889100
QQQ,2018-03-28,150.35,151.88,148.33,149.48,89369700
QQQ,2018-03-29,150.28,153.72,148.89,152.21,68692600
QQQ,2018-04-02,151.13,151.84,146.27,147.82,85549400
QQQ,2018-04-03,149.12,150.11,146.81,149.49,64090000
QQQ,2018-04-04,146.6,152.31,146.43,151.84,65768700
QQQ,2018-04-05,153.36,153.59,151.6,152.71,43054900
QQQ,2018-04-06,151.03,152.53,148.17,148.89,59870900
QQQ,2018-04-09,150.17,152.93,149.68,149.93,41810400
QQQ,2018-04-10,152.29,153.74,151.21,153.24,48296800
QQQ,2018-04-11,152.28,153.99,152.19,152.36,41622100
QQQ,2018-04-12,153.28,154.72,153.19,154.19,30467900
QQQ,2018-04-13,154.96,155.19,152.73,153.39,44604900
QQQ,2018-04-16,154.47,155.12,153.5,154.56,28180800
QQQ,2018-04-17,156.12,158.23,155.81,157.89,35536100
QQQ,2018-04-18,157.89,158.74,157.14,158.21,29573900
QQQ,2018-04-19,157.41,157.78,156.22,156.76,34705700
QQQ,2018-04-20,156.36,156.47,153.74,154.28,49197100
QQQ,2018-04-23,155.03,155.64,153.06,153.89,33040600
QQQ,2018-04-24,154.62,154.86,149.61,150.63,70256800
QQQ,2018-04-25,150.89,151.44,148.74,150.81,52089300
QQQ,2018-04-26,152.76,154.5,152.26,153.98,43005500
QQQ,2018-04-27,156.24,156.28,153.2,154.08,51043400
QQQ,2018-04-30,154.44,155.4,152.6,152.98,35615300
QQQ,2018-05-01,152.59,154.75,152.22,154.73,36513500
QQQ,2018-05-02,155.0,155.48,153.64,153.82,38646800
QQQ,2018-05-03,153.04,154.37,151.35,153.8,60337100
QQQ,2018-05-04,153.14,157.08,153.02,156.72,41543200
QQQ,2018-05-07,157.45,158.54,157.33,158.02,32500200
QQQ,2018-05-08,157.69,158.2,156.71,157.86,26040200
QQQ,2018-05-09,158.15,159.7,157.59,159.58,29122700
QQQ,2018-05-10,160.09,161.35,159.97,161.24,27067600
QQQ,2018-05-11,161.05,161.46,160.38,161.08,24688800
QQQ,2018-05-14,161.45,162.38,161.09,161.36,21821700
QQQ,2018-05-15,160.09,160.17,158.73,159.57,49361600
QQQ,2018-05-16,159.78,161.0,159.7,160.63,22941200
QQQ,2018-05-17,160.07,161.23,159.23,160.01,27480200
QQQ,2018-05-18,159.39,159.94,158.94,159.18,26217900
QQQ,2018-05-21,160.42,161.12,159.39,160.08,22954600
QQQ,2018-05-22,160.81,161.07,159.58,159.87,19477700
QQQ,2018-05-23,158.65,161.24,158.63,161.22,26557800
QQQ,2018-05-24,161.17,161.45,159.54,161.17,27696500
QQQ,2018-05-25,161.15,161.91,160.85,161.33,27460500
QQQ,2018-05-29,160.6,161.52,159.66,160.62,41220500
QQQ,2018-05-30,161.2,162.05,160.86,161.77,22665800
QQQ,2018-05-31,161.77,162.74,161.24,161.66,35670900
QQQ,2018-06-01,162.47,164.3,162.42,164.2,45543300
QQQ,2018-06-04,164.62,165.72,164.51,165.68,20459600
QQQ,2018-06-05,166.07,166.47,165.47,166.2,24779300
QQQ,2018-06-06,166.37,167.2,165.53,167.17,25036600
QQQ,2018-06-07,167.2,167.23,164.97,165.81,39600300
QQQ,2018-06-08,165.03,166.24,164.62,165.82,31780300
QQQ,2018-06-11,165.69,166.67,165.67,166.26,22319700
QQQ,2018-06-12,166.49,167.3,166.31,167.14,22511800
QQQ,2018-06-13,167.4,168.38,166.76,167.13,37858600
QQQ,2018-06-14,167.9,169.1,167.78,168.82,35916000
QQQ,2018-06-15,168.18,168.56,167.4,168.23,49615700
QQQ,2018-06-18,167.17,168.28,166.65,168.13,31633200
QQQ,2018-06-19,166.01,167.7,165.48,167.66,38236000
QQQ,2018-06-20,168.43,169.54,168.28,168.85,33038000
QQQ,2018-06-21,169.28,169.45,167.06,167.38,43469400
QQQ,2018-06-22,167.94,168.01,166.41,167.01,30073200
QQQ,2018-06-25,165.5,165.74,161.76,163.25,77799700
QQQ,2018-06-26,163.85,164.86,163.25,163.91,39008100
QQQ,2018-06-27,164.61,165.35,161.57,161.69,52843500
QQQ,2018-06-28,161.49,163.63,161.15,163.08,46407700
QQQ,2018-06-29,163.86,164.72,163.28,163.51,36408500
QQQ,2018-07-02,161.98,164.66,161.63,164.61,31770000
QQQ,2018-07-03,165.23,165.23,162.54,162.7,25512700
QQQ,2018-07-05,163.76,164.86,162.92,164.72,31626200
QQQ,2018-07-06,165.11,167.41,164.8,167.29,37005600
QQQ,2018-07-09,168.15,168.83,167.49,168.79,27362100
QQQ,2018-07-10,169.11,169.3,168.33,168.92,23902500
QQQ,2018-07-11,167.59,168.68,167.47,168.06,30280600
QQQ,2018-07-12,168.8,170.95,168.69,170.95,27930100
QQQ,2018-07-13,170.94,171.37,170.47,171.1,28049800
QQQ,2018-07-16,171.14,171.42,170.4,170.69,21405300
QQQ,2018-07-17,168.88,172.09,168.88,171.73,31034100
QQQ,2018-07-18,171.74,171.89,170.88,171.4,23220800
QQQ,2018-07-19,170.78,171.35,170.34,170.54,31094100
QQQ,2018-07-20,171.06,171.63,170.32,170.51,35897300
QQQ,2018-07-23,170.0,171.13,169.32,171.05,22184700
QQQ,2018-07-24,172.81,173.42,171.05,171.75,36900300
QQQ,2018-07-25,171.83,174.26,171.74,174.15,35026600
QQQ,2018-07-26,171.79,172.34,171.29,171.52,40873500
QQQ,2018-07-27,172.6,172.72,168.23,169.2,59456100
QQQ,2018-07-30,169.21,169.31,166.01,166.81,60193000
QQQ,2018-07-31,167.47,168.73,166.53,168.09,47285100
QQQ,2018-08-01,168.48,169.23,167.75,168.73,37101900
QQQ,2018-08-02,167.53,171.22,167.46,171.02,47178200
QQQ,2018-08-03,171.34,171.55,170.59,171.54,28934400
QQQ,2018-08-06,171.43,172.6,171.22,172.55,24808800
QQQ,2018-08-07,173.04,173.51,172.67,173.18,29895700
QQQ,2018-08-08,172.95,173.71,172.48,173.39,22680700
QQQ,2018-08-09,173.29,173.97,173.03,173.29,18852900
QQQ,2018-08-10,172.12,172.63,171.32,171.96,33818500
QQQ,2018-08-13,172.28,173.38,171.7,171.77,26089200
QQQ,2018-08-14,172.43,173.05,171.51,172.85,20913000
QQQ,2018-08-15,171.48,172.02,169.68,170.73,58528000
QQQ,2018-08-16,172.05,172.41,170.96,171.3,27711800
QQQ,2018-08-17,170.85,171.76,169.82,171.34,36092600
QQQ,2018-08-20,171.72,171.78,170.52,171.18,24939000
QQQ,2018-08-21,171.7,172.84,171.59,171.81,26258700
QQQ,2018-08-22,171.45,172.68,171.23,172.48,18042400
QQQ,2018-08-23,172.17,173.42,171.94,172.23,25776200
QQQ,2018-08-24,172.8,173.97,172.76,173.83,23136100
QQQ,2018-08-27,174.71,175.6,174.43,175.6,29343600
QQQ,2018-08-28,176.07,176.25,175.49,175.86,20277000
QQQ,2018-08-29,176.16,177.98,176.1,177.89,29175600
QQQ,2018-08-30,177.55,178.63,176.98,177.57,29315500
QQQ,2018-08-31,177.36,178.31,177.17,177.8,28653200
QQQ,2018-09-04,177.26,177.57,176.09,177.04,29063500
QQQ,2018-09-05,176.73,176.76,174.15,174.75,42623300
QQQ,2018-09-06,174.83,175.04,172.02,173.19,46091400
QQQ,2018-09-07,171.94,174.01,171.89,172.53,46629500
QQQ,2018-09-10,173.52,173.61,172.16,173.11,26132000
QQQ,2018-09-11,172.41,174.73,171.96,174.44,30116500
QQQ,2018-09-12,174.18,174.31,172.43,173.93,36204000
QQQ,2018-09-13,175.01,176.12,174.94,175.78,31133200
QQQ,2018-09-14,175.91,176.18,174.57,175.27,31224100
QQQ,2018-09-17,174.97,175.1,172.58,172.75,33071200
QQQ,2018-09-18,172.89,175.02,172.8,174.17,31877300
QQQ,2018-09-19,174.2,174.61,172.91,174.04,31843400
QQQ,2018-09-20,175.24,176.2,174.82,175.96,33295800
QQQ,2018-09-21,176.44,176.69,174.78,175.0,38605400
QQQ,2018-09-24,173.73,175.56,173.02,175.49,34945600
QQQ,2018-09-25,175.41,175.86,174.81,175.73,25277500
QQQ,2018-09-26,175.88,177.49,175.51,175.85,36210600
QQQ,2018-09-27,176.57,177.97,176.47,177.34,33113300
QQQ,2018-09-28,176.84,177.77,176.52,177.3,28076800
QQQ,2018-10-01,178.33,178.96,177.22,177.67,27371300
QQQ,2018-10-02,177.51,178.63,176.85,177.26,25618600
QQQ,2018-10-03,178.01,178.43,177.18,177.46,29128700
QQQ,2018-10-04,176.74,176.85,172.79,174.05,80557300
QQQ,2018-10-05,174.03,174.61,170.28,171.92,83325600
QQQ,2018-10-08,171.32,172.39,168.85,170.87,66864500
QQQ,2018-10-09,170.99,172.75,170.58,171.42,49097900
QQQ,2018-10-10,170.36,170.46,163.67,163.88,114471100
QQQ,2018-10-11,163.21,165.48,160.14,161.85,143084500
QQQ,2018-10-12,166.21,166.87,163.12,166.36,102078400
QQQ,2018-10-15,165.77,166.09,163.72,164.34,64885300
QQQ,2018-10-16,166.07,169.53,165.76,169.12,71979700
QQQ,2018-10-17,169.94,170.12,167.45,169.19,66987600
QQQ,2018-10-18,168.55,168.61,164.56,165.27,82486200
QQQ,2018-10-19,166.6,168.03,164.51,165.12,82923700
QQQ,2018-10-22,166.11,167.24,164.71,165.97,52909300
QQQ,2018-10-23,162.84,166.18,161.11,165.35,77567000
QQQ,2018-10-24,165.16,165.44,157.5,157.79,102997400
QQQ,2018-10-25,160.24,164.22,159.52,163.25,83481100
QQQ,2018-10-26,157.65,162.2,156.73,159.05,130970900
QQQ,2018-10-29,161.48,162.1,152.78,155.77,111871900
QQQ,2018-10-30,155.32,158.45,154.61,158.34,92584000
QQQ,2018-10-31,160.92,163.43,160.84,162.06,73828600
QQQ,2018-11-01,162.3,164.37,161.07,164.2,52706800
QQQ,2018-11-02,163.69,164.67,160.54,161.64,75966800
QQQ,2018-11-05,161.85,161.91,159.45,161.24,39573500
QQQ,2018-11-06,161.25,163.37,161.01,162.46,34410400
QQQ,2018-11-07,164.41,167.56,164.02,167.56,51169600
QQQ,2018-11-08,166.78,167.29,165.7,166.49,40296500
QQQ,2018-11-09,164.93,165.34,162.39,163.68,50602700
QQQ,2018-11-12,162.54,162.84,158.59,158.73,62578400
QQQ,2018-11-13,159.48,161.74,158.42,158.87,64128100
QQQ,2018-11-14,160.44,160.99,156.75,157.65,75270700
QQQ,2018-11-15,157.37,160.84,155.99,160.41,73254300
QQQ,2018-11-16,158.85,160.62,158.21,159.85,65390700
QQQ,2018-11-19,159.08,159.28,154.16,154.66,67280500
QQQ,2018-11-20,151.14,154.01,149.95,151.89,102652800
QQQ,2018-11-21,153.98,154.57,151.96,153.04,42965800
QQQ,2018-11-23,151.82,153.49,151.82,151.94,23503700
QQQ,2018-11-26,154.06,155.53,153.42,155.45,42012600
QQQ,2018-11-27,154.6,156.36,153.82,155.97,36608100
QQQ,2018-11-28,157.1,160.99,156.0,160.99,70141000
QQQ,2018-11-29,160.32,161.53,159.2,160.47,44885700
QQQ,2018-11-30,160.69,161.73,159.89,161.63,36722800
QQQ,2018-12-03,165.2,165.39,161.77,164.46,50771700
QQQ,2018-12-04,163.6,164.06,157.96,158.15,70594700
QQQ,2018-12-06,154.96,159.29,154.38,159.27,71715500
QQQ,2018-12-07,158.57,159.49,153.51,154.01,80432200
QQQ,2018-12-10,153.72,156.3,152.13,155.62,73960800
QQQ,2018-12-11,158.16,158.2,154.82,156.14,59058300
QQQ,2018-12-12,158.42,159.94,157.42,157.51,53780000
QQQ,2018-12-13,158.54,159.2,156.54,157.56,46378500
QQQ,2018-12-14,155.75,156.33,153.36,153.72,56547400
QQQ,2018-12-17,153.06,154.28,149.04,150.24,74834100
QQQ,2018-12-18,151.4,152.64,149.87,151.18,63642100
QQQ,2018-12-19,150.95,153.38,146.33,147.47,81856500
QQQ,2018-12-20,147.11,148.75,143.52,145.33,99002100
QQQ,2018-12-21,146.06,147.05,140.02,140.83,141129400
QQQ,2018-12-24,139.81,141.62,137.3,137.34,56163300
QQQ,2018-12-26,138.85,145.99,137.9,145.91,98982100
QQQ,2018-12-27,143.91,146.6,140.76,146.48,85824300
QQQ,2018-12-28,147.53,148.91,145.2,146.4,77856600
QQQ,2018-12-31,147.84,148.32,146.15,147.63,53015300
QQQ,2019-01-02,144.5,149.06,144.4,148.23,58576700
QQQ,2019-01-03,146.05,146.68,143.07,143.38,74820200
QQQ,2019-01-04,145.8,150.26,145.22,149.52,74709300
QQQ,2019-01-07,149.89,152.04,149.4,151.3,52059300
QQQ,2019-01-08,152.69,153.23,150.45,152.67,49388700
QQQ,2019-01-09,153.26,154.58,152.62,153.91,46491700
QQQ,2019-01-10,152.74,154.44,151.88,154.35,38943400
QQQ,2019-01-11,153.44,153.95,152.93,153.79,30176600
QQQ,2019-01-14,152.49,153.09,151.78,152.43,30710200
QQQ,2019-01-15,153.13,155.62,153.04,155.41,40874200
QQQ,2019-01-16,155.66,156.75,155.32,155.38,33812200
QQQ,2019-01-17,154.88,157.3,154.63,156.6,39329000
QQQ,2019-01-18,157.7,158.89,156.78,158.15,57183200
QQQ,2019-01-22,157.01,157.09,153.85,154.98,56711700
QQQ,2019-01-23,155.78,156.49,153.43,155.19,38106100
QQQ,2019-01-24,155.69,156.42,155.1,156.19,32417800
QQQ,2019-01-25,157.44,158.53,156.91,158.06,36515900
QQQ,2019-01-28,156.02,156.11,154.8,156.1,33491200
QQQ,2019-01-29,156.19,156.23,154.08,154.63,30784200
QQQ,2019-01-30,156.38,159.14,155.89,158.56,41346500
QQQ,2019-01-31,159.54,161.73,159.32,160.94,37258400
QQQ,2019-02-01,160.14,161.36,159.82,160.26,32143700
QQQ,2019-02-04,160.29,162.25,160.14,162.25,26718800
QQQ,2019-02-05,162.47,163.88,162.4,163.68,28156400
QQQ,2019-02-06,163.72,164.01,162.46,163.2,27970000
QQQ,2019-02-07,161.77,162.17,159.78,161.0,42036200
QQQ,2019-02-08,159.6,161.35,159.42,161.32,29020700
QQQ,2019-02-11,161.9,162.3,160.76,161.17,21434100
QQQ,2019-02-12,162.34,163.79,162.06,163.55,29722100
QQQ,2019-02-13,164.28,164.77,163.48,163.66,26094100
QQQ,2019-02-14,163.08,164.45,162.54,163.87,30326800
QQQ,2019-02-15,165.11,165.15,163.79,164.55,32521700
QQQ,2019-02-19,164.05,165.38,164.02,164.88,19487700
QQQ,2019-02-20,164.99,165.65,163.96,164.85,32593000
QQQ,2019-02-21,164.41,164.86,163.38,164.25,25207400
QQQ,2019-02-22,164.6,165.58,164.52,165.46,27735400
QQQ,2019-02-25,166.73,167.16,165.95,166.07,32608800
QQQ,2019-02-26,165.66,166.77,165.39,166.24,21939700
QQQ,2019-02-27,165.47,166.33,164.38,166.13,25162000
QQQ,2019-02-28,165.62,166.34,165.28,165.75,25085500
QQQ,2019-03-01,166.95,167.15,165.74,166.9,31431200
QQQ,2019-03-04,168.0,168.24,165.06,166.93,38063500
QQQ,2019-03-05,167.05,167.57,166.23,167.05,22319900
QQQ,2019-03-06,167.22,167.24,165.84,166.11,27194600
QQQ,2019-03-07,165.68,165.74,163.45,164.07,39407400
QQQ,2019-03-08,162.23,163.9,162.07,163.82,39303200
QQQ,2019-03-11,164.5,167.34,164.47,167.22,30518400
QQQ,2019-03-12,167.67,168.57,167.26,168.14,33953500
QQQ,2019-03-13,169.01,170.29,168.78,169.41,42426100
QQQ,2019-03-14,169.52,169.72,169.07,169.12,23751500
QQQ,2019-03-15,169.78,171.2,169.67,170.69,38192000
QQQ,2019-03-18,170.62,171.61,170.27,171.1,32935100
QQQ,2019-03-19,171.8,172.58,170.94,171.67,36893300
QQQ,2019-03-20,171.68,173.41,170.89,172.35,50105000
QQQ,2019-03-21,171.83,175.3,171.82,175.05,42428500
QQQ,2019-03-22,174.29,174.76,171.02,171.2,70794500
QQQ,2019-03-25,170.58,171.47,169.64,170.88,46336500
QQQ,2019-03-26,172.2,173.24,170.8,171.67,33248100
QQQ,2019-03-27,171.93,172.31,169.32,170.57,37096700
QQQ,2019-03-28,171.01,171.6,169.94,170.96,30368200
QQQ,2019-03-29,172.28,172.42,171.23,172.26,35205500
QQQ,2019-04-01,174.03,174.75,173.32,174.54,30969500
QQQ,2019-04-02,174.73,175.37,174.29,175.2,22645200
QQQ,2019-04-03,176.19,177.3,175.66,176.21,31633500
QQQ,2019-04-04,176.25,176.9,175.12,176.14,28530800
QQQ,2019-04-05,176.65,177.16,176.44,177.05,25674700
QQQ,2019-04-08,176.76,177.64,176.06,177.5,22697500
QQQ,2019-04-09,176.9,177.48,176.5,176.88,25631900
QQQ,2019-04-10,177.11,177.88,176.92,177.83,24563000
QQQ,2019-04-11,178.12,178.12,177.08,177.4,20654100
QQQ,2019-04-12,178.19,178.29,177.43,178.17,24989100
QQQ,2019-04-15,178.18,178.4,177.01,178.2,21073000
QQQ,2019-04-16,178.85,179.21,178.27,178.81,27195700
QQQ,2019-04-17,180.01,180.19,178.91,179.44,29651600
QQQ,2019-04-18,179.73,180.05,178.61,179.67,28580900
QQQ,2019-04-22,178.88,180.24,178.75,180.18,17936000
QQQ,2019-04-23,180.64,182.69,180.38,182.47,33665600
QQQ,2019-04-24,182.62,182.85,181.83,181.89,24977100
QQQ,2019-04-25,183.25,183.34,181.64,182.63,29517500
QQQ,2019-04-26,182.34,182.83,180.82,182.79,26359500
QQQ,2019-04-29,182.79,183.44,182.5,183.15,21716200
QQQ,2019-04-30,181.67,182.03,180.45,181.73,31495300
QQQ,2019-05-01,182.92,183.44,181.02,181.14,34797100
QQQ,2019-05-02,181.09,182.03,179.17,180.36,44110100
QQQ,2019-05-03,181.85,183.37,181.53,183.23,30386200
QQQ,2019-05-06,179.34,182.36,179.06,182.11,38371800
QQQ,2019-05-07,180.13,180.89,176.91,178.56,58818100
QQQ,2019-05-08,177.98,179.46,177.34,178.11,37165300
QQQ,2019-05-09,176.13,177.77,174.59,177.16,55351700
QQQ,2019-05-10,176.52,178.23,173.57,177.38,58526400
QQQ,2019-05-13,172.86,173.79,170.72,171.22,67185800
QQQ,2019-05-14,172.12,174.14,171.49,173.1,43360600
QQQ,2019-05-15,171.96,175.99,171.92,175.54,40944500
QQQ,2019-05-16,175.62,178.4,175.41,177.31,39281200
QQQ,2019-05-17,175.55,177.93,175.34,175.5,44702300
QQQ,2019-05-20,173.05,173.71,171.95,172.53,38608300
QQQ,2019-05-21,174.02,174.82,173.46,174.34,31613800
QQQ,2019-05-22,173.37,174.57,173.3,173.56,24332600
QQQ,2019-05-23,171.57,171.64,169.84,170.9,45351300
QQQ,2019-05-24,171.82,172.44,170.61,170.82,25903300
QQQ,2019-05-28,171.3,172.26,170.16,170.18,24763800
QQQ,2019-05-29,169.12,169.71,167.87,168.78,42178800
QQQ,2019-05-30,169.23,169.96,168.53,169.49,30354800
QQQ,2019-05-31,167.49,168.07,166.7,166.78,45446200
QQQ,2019-06-03,166.33,166.78,162.29,163.11,75842300
QQQ,2019-06-04,164.94,167.76,164.31,167.7,47797800
QQQ,2019-06-05,169.3,169.33,167.19,168.95,34412700
QQQ,2019-06-06,169.24,170.7,168.49,170.29,29913200
QQQ,2019-06-07,171.2,174.28,170.98,173.58,45888300
QQQ,2019-06-10,174.74,177.23,174.7,175.6,41385300
QQQ,2019-06-11,177.43,177.76,175.25,175.84,41260300
QQQ,2019-06-12,175.36,175.73,174.5,174.83,27758100
QQQ,2019-06-13,175.55,176.29,175.21,175.86,23715800
QQQ,2019-06-14,174.96,175.56,174.44,175.11,22844100
QQQ,2019-06-17,175.5,176.66,175.31,176.17,20379500
QQQ,2019-06-18,178.25,179.98,177.79,178.73,48177300
QQQ,2019-06-19,178.97,179.8,177.92,179.4,31672900
QQQ,2019-06-20,181.9,181.94,179.45,181.07,40922000
QQQ,2019-06-21,180.86,181.95,180.42,180.8,39980400
QQQ,2019-06-24,181.16,181.34,180.71,180.8,19375200
QQQ,2019-06-25,180.68,180.79,177.43,177.7,33921100
QQQ,2019-06-26,178.88,180.01,178.24,178.53,22595700
QQQ,2019-06-27,179.17,179.63,178.72,179.21,19709200
QQQ,2019-06-28,179.64,179.83,178.8,179.44,21179200
QQQ,2019-07-01,182.88,183.12,181.02,181.86,31025600
QQQ,2019-07-02,181.8,182.6,181.29,182.58,18035800
QQQ,2019-07-03,183.04,183.96,182.85,183.96,15792100
QQQ,2019-07-05,182.7,183.92,181.99,183.58,21415600
QQQ,2019-07-08,182.39,182.45,181.54,182.29,17598800
QQQ,2019-07-09,181.43,183.44,181.28,183.21,19193500
QQQ,2019-07-10,184.32,185.54,183.99,185.03,28374500
QQQ,2019-07-11,185.31,185.78,184.31,184.9,23736100
QQQ,2019-07-12,185.1,185.97,184.93,185.96,20211900
QQQ,2019-07-15,186.4,186.6,185.88,186.56,15606100
QQQ,2019-07-16,186.33,186.5,185.03,185.6,20190900
QQQ,2019-07-17,185.6,185.93,184.67,184.69,16765100
QQQ,2019-07-18,183.81,185.25,183.24,184.9,28877000
QQQ,2019-07-19,186.17,186.25,183.35,183.54,29387900
QQQ,2019-07-22,183.96,185.4,183.96,185.0,18954900
QQQ,2019-07-23,186.01,186.23,184.77,186.21,23786700
QQQ,2019-07-24,185.5,187.53,185.48,187.52,20422900
QQQ,2019-07-25,186.89,186.92,185.39,185.74,23434700
QQQ,2019-07-26,186.93,187.91,186.83,187.66,20431200
QQQ,2019-07-29,187.48,187.55,185.83,187.01,20451700
QQQ,2019-07-30,185.58,186.94,185.45,186.2,18705000
QQQ,2019-07-31,186.7,186.83,181.92,183.63,41627500
QQQ,2019-08-01,183.95,187.36,181.83,182.72,63251600
QQQ,2019-08-02,181.34,181.6,178.93,180.03,55214000
QQQ,2019-08-05,176.26,176.34,172.19,173.67,75040000
QQQ,2019-08-06,175.27,176.62,173.99,176.1,41897200
QQQ,2019-08-07,174.18,177.3,172.86,177.05,49990600
QQQ,2019-08-08,177.85,180.96,177.35,180.9,38418100
QQQ,2019-08-09,180.04,180.65,177.8,179.2,33608900
QQQ,2019-08-12,178.09,178.63,176.33,177.14,24642900
QQQ,2019-08-13,176.99,182.27,176.83,181.03,40241900
QQQ,2019-08-14,178.11,178.68,175.29,175.62,51000500
QQQ,2019-08-15,175.85,176.41,174.08,175.41,36685000
QQQ,2019-08-16,177.01,178.68,176.9,178.23,32781400
QQQ,2019-08-19,180.8,181.45,180.17,181.06,22494100
QQQ,2019-08-20,180.61,181.27,179.61,179.66,19902900
QQQ,2019-08-21,181.24,181.83,180.61,181.26,20418500
QQQ,2019-08-22,181.59,182.05,179.25,180.67,24243700
QQQ,2019-08-23,179.44,181.08,174.46,174.95,55372400
QQQ,2019-08-26,176.94,177.64,175.92,177.6,27598900
QQQ,2019-08-27,178.83,179.13,176.53,177.22,28012800
QQQ,2019-08-28,176.64,178.15,175.76,177.85,21792400
QQQ,2019-08-29,180.06,181.09,179.38,180.57,25358900
QQQ,2019-08-30,181.54,181.58,179.12,180.14,26319800
QQQ,2019-09-03,178.94,179.86,177.8,178.39,27964200
QQQ,2019-09-04,180.11,181.12,179.59,180.97,21592100
QQQ,2019-09-05,182.97,184.81,182.9,184.28,33932600
QQQ,2019-09-06,184.59,184.66,183.7,184.1,19487800
QQQ,2019-09-09,184.68,184.75,182.78,183.72,24407600
QQQ,2019-09-10,182.73,183.28,181.53,183.19,23744700
QQQ,2019-09-11,183.53,185.0,183.11,184.91,25063600
QQQ,2019-09-12,186.04,187.1,185.43,185.68,28689900
QQQ,2019-09-13,185.41,185.84,184.77,185.01,27669800
QQQ,2019-09-16,183.82,184.57,183.64,184.19,20319000
QQQ,2019-09-17,184.21,185.07,183.81,185.07,20953400
QQQ,2019-09-18,184.69,185.07,182.68,184.99,29781300
QQQ,2019-09-19,185.32,186.45,184.95,185.3,26039400
QQQ,2019-09-20,185.56,185.75,182.73,183.34,29086100
QQQ,2019-09-23,183.29,183.97,182.67,183.42,22485900
QQQ,2019-09-24,184.26,184.66,180.2,180.99,40820700
QQQ,2019-09-25,180.8,183.5,179.29,183.02,34704900
QQQ,2019-09-26,182.78,182.94,181.0,182.34,26826000
QQQ,2019-09-27,182.68,182.78,178.85,180.08,40773500
QQQ,2019-09-30,180.81,182.08,180.44,181.8,26307700
QQQ,2019-10-01,182.46,183.51,180.01,180.31,32367600
QQQ,2019-10-02,179.09,179.12,176.22,177.21,48544300
QQQ,2019-10-03,177.19,179.29,175.06,179.16,39392500
QQQ,2019-10-04,180.13,182.06,179.94,181.8,31887600
QQQ,2019-10-07,181.28,182.69,180.93,181.25,21216000
QQQ,2019-10-08,180.11,180.88,178.39,178.53,32379300
QQQ,2019-10-09,180.04,181.09,179.5,180.27,20147400
QQQ,2019-10-10,180.32,182.39,180.17,181.67,25177700
QQQ,2019-10-11,183.74,185.47,183.63,184.01,40976700
QQQ,2019-10-14,183.75,184.58,183.57,183.99,14975000
QQQ,2019-10-15,184.56,186.76,184.44,186.33,23234200
QQQ,2019-10-16,185.69,186.34,185.28,185.87,20457100
QQQ,2019-10-17,186.98,187.27,185.65,186.36,19045200
QQQ,2019-10-18,186.02,186.47,183.62,184.57,27700800
QQQ,2019-10-21,185.55,186.33,185.0,186.2,15801200
QQQ,2019-10-22,186.94,187.2,184.66,184.72,22392300
QQQ,2019-10-23,184.35,185.12,184.05,185.08,14828400
QQQ,2019-10-24,186.4,186.99,185.58,186.88,18998500
QQQ,2019-10-25,185.92,188.47,185.88,188.37,21507100
QQQ,2019-10-28,189.25,190.48,189.25,190.23,18818700
QQQ,2019-10-29,189.91,190.2,188.73,188.76,18569700
QQQ,2019-10-30,189.12,189.99,188.03,189.67,21764300
QQQ,2019-10-31,190.22,190.31,188.66,189.76,26801800
QQQ,2019-11-01,190.58,191.49,190.29,191.48,22131900
QQQ,2019-11-04,192.75,193.08,191.48,192.67,19015900
QQQ,2019-11-05,192.91,193.1,192.14,192.77,15048900
QQQ,2019-11-06,192.55,192.57,191.4,192.34,19725500
QQQ,2019-11-07,193.3,194.23,192.42,192.98,17832400
QQQ,2019-11-08,192.64,193.77,192.13,193.75,15258800
QQQ,2019-11-11,192.77,193.57,192.51,193.49,10147600
QQQ,2019-11-12,193.66,194.7,193.36,194.05,14778300
QQQ,2019-11-13,193.38,194.28,193.25,194.1,15774600
QQQ,2019-11-14,193.37,194.07,192.78,193.95,16945400
QQQ,2019-11-15,195.12,195.37,194.5,195.37,18427900
QQQ,2019-11-18,195.06,195.83,194.27,195.53,18365900
QQQ,2019-11-19,196.27,196.27,195.06,195.81,16923300
QQQ,2019-11-20,195.3,195.89,193.17,194.64,36629000
QQQ,2019-11-21,194.43,194.56,193.6,194.21,17883600
QQQ,2019-11-22,194.69,194.8,193.28,194.33,17189600
QQQ,2019-11-25,195.17,196.67,195.14,196.63,17752800
QQQ,2019-11-26,196.76,197.26,196.47,197.01,14780600
QQQ,2019-11-27,197.52,198.39,197.28,198.38,16963100
QQQ,2019-11-29,197.88,198.18,197.38,197.48,9854600
QQQ,2019-12-02,197.49,197.56,194.28,195.46,28007000
QQQ,2019-12-03,192.77,194.0,191.83,193.93,31104100
QQQ,2019-12-04,194.92,195.37,194.63,194.91,15300100
QQQ,2019-12-05,195.6,195.6,194.34,195.29,14962300
QQQ,2019-12-06,196.72,197.53,196.57,197.38,16555300
QQQ,2019-12-09,197.03,197.95,196.4,196.49,13984100
QQQ,2019-12-10,196.58,197.27,195.88,196.32,21799800
QQQ,2019-12-11,196.77,197.57,196.46,197.36,18780800
QQQ,2019-12-12,197.16,199.62,196.89,198.84,32612000
QQQ,2019-12-13,198.73,200.19,198.31,199.49,32519400
QQQ,2019-12-16,200.8,201.75,200.73,201.49,21296600
QQQ,2019-12-17,201.75,201.92,201.27,201.61,15996100
QQQ,2019-12-18,201.78,202.32,201.55,201.76,15443300
QQQ,2019-12-19,201.85,203.09,201.83,203.03,17865900
QQQ,2019-12-20,203.99,204.62,203.42,203.84,27672600
QQQ,2019-12-23,204.57,204.71,204.21,204.38,23774700
QQQ,2019-12-24,204.57,204.65,204.03,204.49,7089000
QQQ,2019-12-26,204.82,206.31,204.79,206.29,17067500
QQQ,2019-12-27,207.02,207.04,205.57,206.12,18134100
QQQ,2019-12-30,206.01,206.14,203.76,204.77,21815500
QQQ,2019-12-31,204.11,205.3,203.79,205.15,18170900
QQQ,2020-01-02,206.88,208.58,206.48,208.58,30969400
QQQ,2020-01-03,205.82,207.91,205.8,206.67,27518900
QQQ,2020-01-06,205.05,208.03,204.8,208.0,21655300
QQQ,2020-01-07,208.08,208.56,207.32,207.97,22139300
QQQ,2020-01-08,207.94,210.49,207.62,209.54,26397300
QQQ,2020-01-09,211.26,211.72,210.08,211.31,23547000
QQQ,2020-01-10,212.14,212.16,210.39,210.77,21898500
QQQ,2020-01-13,211.64,213.23,211.3,213.2,22756900
QQQ,2020-01-14,213.1,213.45,212.03,212.36,24418100
QQQ,2020-01-15,212.48,213.44,211.75,212.45,25742100
QQQ,2020-01-16,213.51,214.52,213.06,214.49,18805000
QQQ,2020-01-17,215.45,215.72,214.33,215.55,24325200
QQQ,2020-01-21,214.95,215.99,214.85,215.45,21146300
QQQ,2020-01-22,216.54,217.25,215.75,216.02,20736400
QQQ,2020-01-23,215.89,216.81,214.89,216.71,26496100
QQQ,2020-01-24,217.73,217.96,213.9,214.89,37436500
QQQ,2020-01-27,210.04,211.59,209.56,210.45,42264400
QQQ,2020-01-28,211.94,214.18,211.38,213.68,26731900
QQQ,2020-01-29,214.87,215.11,213.09,214.03,28924500
QQQ,2020-01-30,212.65,214.89,211.99,214.79,39568100
QQQ,2020-01-31,215.69,215.72,210.64,211.39,52015800
QQQ,2020-02-03,212.42,215.07,212.28,214.58,25408600
QQQ,2020-02-04,217.52,219.87,216.77,219.49,30691200
QQQ,2020-02-05,222.14,222.18,218.9,220.22,38534800
QQQ,2020-02-06,220.77,222.18,219.99,222.12,22467100
QQQ,2020-02-07,221.12,222.36,220.53,221.16,25884900
QQQ,2020-02-10,220.43,223.85,220.37,223.84,21478900
QQQ,2020-02-11,225.07,225.81,223.29,223.87,30198000
QQQ,2020-02-12,225.2,226.16,224.64,226.06,24471300
QQQ,2020-02-13,224.48,226.69,224.21,225.77,22773200
QQQ,2020-02-14,226.12,226.62,225.36,226.41,23438500
QQQ,2020-02-18,225.31,226.92,225.07,226.5,24394500
QQQ,2020-02-19,227.85,229.14,227.58,228.67,22230500
QQQ,2020-02-20,228.17,228.64,223.75,226.55,42604000
QQQ,2020-02-21,225.42,225.8,221.28,222.2,66017200
QQQ,2020-02-24,213.91,216.39,212.54,213.63,84522600
QQQ,2020-02-25,215.42,216.14,207.21,207.82,97743000
QQQ,2020-02-26,209.11,212.56,207.36,208.89,79537700
QQQ,2020-02-27,203.5,208.83,198.29,198.43,121822600
QQQ,2020-02-28,191.67,199.91,191.22,198.58,148173700
QQQ,2020-03-02,201.56,208.98,198.72,208.83,112933900
QQQ,2020-03-03,209.5,211.91,200.34,202.13,131953500
QQQ,2020-03-04,205.84,210.67,203.96,210.57,73086200
QQQ,2020-03-05,205.23,208.77,202.73,204.17,78705500
QQQ,2020-03-06,197.49,201.82,195.79,200.73,89828400
QQQ,2020-03-09,186.7,194.11,185.37,186.78,116424000
QQQ,2020-03-10,194.06,197.14,186.89,196.95,100599200
QQQ,2020-03-11,192.36,193.71,185.97,188.37,89168800
QQQ,2020-03-12,175.7,184.09,170.74,171.1,137820700
QQQ,2020-03-13,180.51,187.66,171.88,185.6,134882000
QQQ,2020-03-16,168.04,178.2,163.23,163.36,92054400
QQQ,2020-03-17,169.32,177.92,163.83,175.75,121257100
QQQ,2020-03-18,165.59,172.94,160.95,170.41,114156300
QQQ,2020-03-19,169.53,177.06,165.61,171.43,120896500
QQQ,2020-03-20,175.37,176.46,164.14,164.71,118983900
QQQ,2020-03-23,165.28,168.46,159.49,164.83,124639800
QQQ,2020-03-24,173.97,177.76,172.08,177.6,94881800
QQQ,2020-03-25,178.33,183.25,174.04,176.28,88754900
QQQ,2020-03-26,177.8,186.36,177.55,185.57,79887600
QQQ,2020-03-27,180.76,184.22,178.56,179.18,58845000
QQQ,2020-03-30,180.89,186.14,180.19,185.7,49356900
QQQ,2020-03-31,185.39,188.8,182.95,184.12,62659300
QQQ,2020-04-01,178.67,181.47,174.89,176.29,53715400
QQQ,2020-04-02,175.26,183.82,175.0,179.87,56465300
QQQ,2020-04-03,179.43,180.9,175.31,177.32,47487600
QQQ,2020-04-06,184.19,191.13,182.94,189.99,64763500
QQQ,2020-04-07,195.69,195.97,189.53,189.92,69904500
QQQ,2020-04-08,191.61,194.53,189.69,193.95,45940400
QQQ,2020-04-09,195.67,196.51,192.46,194.23,68252600
QQQ,2020-04-13,193.4,196.71,192.19,196.33,42853900
QQQ,2020-04-14,200.39,205.49,199.61,204.87,63959600
QQQ,2020-04-15,201.6,204.84,200.28,202.52,47036000
QQQ,2020-04-16,204.7,207.29,202.77,206.21,64657400
QQQ,2020-04-17,209.03,209.36,205.08,208.18,62863200
QQQ,2020-04-20,206.32,208.75,205.55,205.72,38249100
QQQ,2020-04-21,203.65,204.19,196.91,198.13,72932800
QQQ,2020-04-22,202.2,205.34,201.45,204.01,40089100
QQQ,2020-04-23,204.8,207.36,203.16,203.57,43278500
QQQ,2020-04-24,204.01,207.23,202.58,206.78,34231900
QQQ,2020-04-27,209.05,209.48,207.42,208.44,36451700
QQQ,2020-04-28,210.15,210.15,204.24,204.52,46862800
QQQ,2020-04-29,209.05,212.71,208.04,211.77,48716400
QQQ,2020-04-30,212.69,212.78,210.18,211.68,43359500
QQQ,2020-05-01,207.42,209.52,204.69,205.72,48795000
QQQ,2020-05-04,204.48,208.34,204.15,208.12,32841000
QQQ,2020-05-05,210.26,212.87,209.69,210.48,37783100
QQQ,2020-05-06,212.16,213.74,210.91,211.77,36455200
QQQ,2020-05-07,214.5,215.38,213.14,214.5,38624800
QQQ,2020-05-08,216.17,217.57,215.14,217.44,31852300
QQQ,2020-05-11,216.11,220.41,215.88,219.38,35714100
QQQ,2020-05-12,219.98,220.57,214.76,214.79,41054100
QQQ,2020-05-13,215.31,217.2,209.56,212.1,65521200
QQQ,2020-05-14,210.77,214.55,208.86,214.51,51549300
QQQ,2020-05-15,211.56,215.96,211.12,215.9,55747200
QQQ,2020-05-18,218.81,221.13,218.03,219.92,42398100
QQQ,2020-05-19,220.18,222.26,219.23,219.37,36237300
QQQ,2020-05-20,221.92,224.11,221.91,223.75,37417000
QQQ,2020-05-21,223.8,224.48,220.8,221.32,43642900
QQQ,2020-05-22,220.91,222.28,219.99,222.08,28762400
QQQ,2020-05-26,225.66,225.86,221.24,221.48,33055300
QQQ,2020-05-27,221.14,222.8,216.55,222.69,55665600
QQQ,2020-05-28,221.55,225.76,221.49,222.4,42784300
QQQ,2020-05-29,222.78,225.89,221.21,225.66,50691800
QQQ,2020-06-01,224.79,226.71,224.34,226.33,25776000
QQQ,2020-06-02,226.76,227.91,224.35,227.85,33383400
QQQ,2020-06-03,228.46,229.63,227.58,228.88,37228700
QQQ,2020-06-04,228.53,229.94,225.97,227.27,38716100
QQQ,2020-06-05,228.42,232.37,227.85,231.78,47365600
QQQ,2020-06-08,231.63,233.7,230.06,233.58,32937300
QQQ,2020-06-09,232.72,236.12,232.53,235.27,35046300
QQQ,2020-06-10,236.96,239.64,236.44,238.09,58084400
QQQ,2020-06-11,234.17,235.55,226.24,226.3,72919400
QQQ,2020-06-12,231.2,232.46,224.09,228.09,72034800
QQQ,2020-06-15,224.77,231.55,223.83,230.87,45307400
QQQ,2020-06-16,235.73,236.32,231.21,234.83,48890100
QQQ,2020-06-17,236.33,237.4,234.72,235.58,34749300
QQQ,2020-06-18,235.26,236.46,234.49,236.22,30578600
QQQ,2020-06-19,238.59,238.85,234.45,236.18,49422100
QQQ,2020-06-22,236.05,239.14,235.76,239.01,24068700
QQQ,2020-06-23,240.61,243.28,240.06,241.04,32767400
QQQ,2020-06-24,240.29,241.52,234.57,236.08,46032400
QQQ,2020-06-25,236.16,238.62,233.59,238.32,36940800
QQQ,2020-06-26,238.08,238.25,232.17,232.69,52824600
QQQ,2020-06-29,232.45,235.24,229.91,235.23,34377800
QQQ,2020-06-30,235.16,240.39,234.98,239.84,38909200
QQQ,2020-07-01,239.88,243.64,239.34,242.64,34689200
QQQ,2020-07-02,245.09,246.3,243.82,244.29,31956500
QQQ,2020-07-06,247.45,250.82,247.43,250.3,34589000
QQQ,2020-07-07,250.04,252.71,248.27,248.57,36578200
QQQ,2020-07-08,249.9,251.87,248.46,251.85,30426300
QQQ,2020-07-09,253.76,254.63,249.56,253.97,40312900
QQQ,2020-07-10,253.82,255.95,251.14,255.7,32885300
QQQ,2020-07-13,258.55,261.34,249.62,250.44,64108100
QQQ,2020-07-14,247.91,252.62,244.84,252.21,72230500
QQQ,2020-07-15,253.63,254.46,249.42,252.73,54523900
QQQ,2020-07-16,249.94,251.64,247.61,251.0,47594100
QQQ,2020-07-17,251.46,252.16,249.11,251.29,35137900
QQQ,2020-07-20,251.93,259.05,250.68,258.42,40610100
QQQ,2020-07-21,259.99,260.0,254.89,255.73,43243800
QQQ,2020-07-22,256.22,257.56,254.32,256.63,29865500
QQQ,2020-07-23,256.22,256.93,248.51,249.93,51363500
QQQ,2020-07-24,246.08,248.88,243.45,247.55,54054500
QQQ,2020-07-27,249.2,252.36,248.42,251.97,36445700
QQQ,2020-07-28,251.19,251.71,248.47,248.76,31302400
QQQ,2020-07-29,250.3,252.49,249.83,251.63,27556900
QQQ,2020-07-30,249.67,253.51,248.51,252.95,41774500
QQQ,2020-07-31,257.58,257.62,252.68,257.46,53686300
QQQ,2020-08-03,259.6,261.69,259.48,260.94,32081600
QQQ,2020-08-04,260.44,262.01,259.69,261.91,24911300
QQQ,2020-08-05,262.39,263.01,261.5,262.56,21612100
QQQ,2020-08-06,262.36,266.37,261.73,266.04,28048200
QQQ,2020-08-07,265.49,266.27,260.82,262.97,44969400
QQQ,2020-08-10,263.26,263.46,258.32,261.84,35088400
QQQ,2020-08-11,260.68,261.97,256.34,256.88,43104300
QQQ,2020-08-12,259.04,264.29,258.99,263.34,38773400
QQQ,2020-08-13,264.12,266.22,263.0,263.94,31895700
QQQ,2020-08-14,264.56,264.84,262.24,263.63,30799500
QQQ,2020-08-17,265.35,267.2,263.67,266.69,24803000
QQQ,2020-08-18,267.76,269.74,266.3,269.26,23529500
QQQ,2020-08-19,269.22,270.28,266.94,267.45,31999400
QQQ,2020-08-20,266.66,271.64,266.25,271.16,27723400
QQQ,2020-08-21,271.35,273.49,270.71,273.04,34748900
QQQ,2020-08-24,276.31,277.04,272.46,274.74,36418500
QQQ,2020-08-25,273.97,277.1,273.52,276.9,34866600
QQQ,2020-08-26,278.15,283.07,276.88,282.81,42216700
QQQ,2020-08-27,283.79,284.64,279.67,281.93,49482700
QQQ,2020-08-28,283.17,284.0,281.82,283.37,28021000
QQQ,2020-08-31,283.89,287.45,283.45,285.64,36321000
QQQ,2020-09-01,288.3,290.64,286.52,290.52,36216200
QQQ,2020-09-02,293.78,293.99,287.59,293.28,50836800
QQQ,2020-09-03,288.76,289.26,275.5,278.41,110083300
QQQ,2020-09-04,276.61,279.88,263.29,274.7,123959000
QQQ,2020-09-08,263.69,269.5,261.21,261.49,99568600
QQQ,2020-09-09,267.0,271.28,264.45,269.17,64837900
QQQ,2020-09-10,272.14,273.36,262.08,263.81,69667500
QQQ,2020-09-11,265.56,266.6,258.54,261.98,71809000
QQQ,2020-09-14,265.76,268.54,264.41,266.54,38525200
QQQ,2020-09-15,270.29,271.66,266.51,270.32,41849900
QQQ,2020-09-16,271.11,271.58,265.66,266.01,42321000
QQQ,2020-09-17,259.17,265.8,258.33,261.85,81570800
QQQ,2020-09-18,263.28,263.57,254.4,258.51,86251100
QQQ,2020-09-21,254.25,259.27,251.96,259.13,57168600
QQQ,2020-09-22,261.53,264.53,258.19,263.94,41128900
QQQ,2020-09-23,263.62,263.81,255.0,255.88,48837300
QQQ,2020-09-24,253.2,260.28,253.04,257.08,70631700
QQQ,2020-09-25,257.58,263.87,256.02,263.05,55242400
QQQ,2020-09-28,267.92,268.52,263.16,268.52,58438300
QQQ,2020-09-29,267.95,269.01,266.74,267.31,27050000
QQQ,2020-09-30,267.5,272.28,267.23,269.14,49380800
QQQ,2020-10-01,272.96,274.02,271.07,273.41,50020200
QQQ,2020-10-02,267.37,273.4,264.87,265.72,75497400
QQQ,2020-10-05,267.68,271.7,267.58,271.38,28184600
QQQ,2020-10-06,270.7,272.38,265.66,266.54,49704200
QQQ,2020-10-07,269.18,271.94,268.59,271.15,27539700
QQQ,2020-10-08,273.55,273.62,271.53,272.59,25443300
QQQ,2020-10-09,274.24,276.84,273.85,276.76,30201100
QQQ,2020-10-12,281.45,288.14,280.4,285.3,79370700
QQQ,2020-10-13,287.1,287.74,283.93,285.29,64240000
QQQ,2020-10-14,286.1,287.07,281.17,282.91,36949100
QQQ,2020-10-15,278.2,281.6,277.56,281.01,42514200
QQQ,2020-10-16,282.66,284.08,279.12,279.47,40570700
QQQ,2020-10-19,281.39,282.35,273.93,274.91,36756800
QQQ,2020-10-20,275.65,278.61,274.09,275.5,32195400
QQQ,2020-10-21,275.75,278.32,274.8,275.29,29306100
QQQ,2020-10-22,276.12,277.02,272.02,275.28,32196200
QQQ,2020-10-23,275.85,275.98,272.95,275.82,24658500
QQQ,2020-10-26,273.53,276.36,268.09,271.68,38421100
QQQ,2020-10-27,272.68,274.63,271.42,273.8,30559100
QQQ,2020-10-28,269.3,269.91,262.88,263.13,53413500
QQQ,2020-10-29,264.45,270.73,263.98,267.73,43246300
QQQ,2020-10-30,265.75,266.62,258.7,260.94,65838300
QQQ,2020-11-02,263.33,264.95,258.61,261.52,39987400
QQQ,2020-11-03,263.44,268.15,262.36,266.05,43604100
QQQ,2020-11-04,274.71,279.72,273.04,277.92,75728200
QQQ,2020-11-05,284.33,286.14,282.85,285.17,52054200
QQQ,2020-11-06,284.51,286.11,280.75,285.38,40959800
QQQ,2020-11-09,288.33,289.77,279.09,279.55,86537100
QQQ,2020-11-10,276.24,277.68,271.83,274.54,69024900
QQQ,2020-11-11,277.07,281.16,274.5,280.68,36102900
QQQ,2020-11-12,281.65,282.92,278.25,279.37,34414600
QQQ,2020-11-13,281.08,282.44,278.85,281.82,24806900
QQQ,2020-11-16,281.52,284.31,280.91,284.01,30168400
QQQ,2020-11-17,284.21,284.54,282.47,283.11,21843500
QQQ,2020-11-18,282.56,284.18,280.93,281.02,28069600
QQQ,2020-11-19,280.47,283.53,279.8,283.22,22718400
QQQ,2020-11-20,283.14,283.89,281.2,281.28,25907300
QQQ,2020-11-23,282.28,283.58,279.05,281.29,26875600
QQQ,2020-11-24,282.36,285.74,280.56,285.24,24516800
QQQ,2020-11-25,286.31,287.64,285.36,287.0,23326800
QQQ,2020-11-27,288.96,290.77,288.57,289.64,17163100
QQQ,2020-11-30,289.96,290.57,285.55,290.23,27836200
QQQ,2020-12-01,292.51,295.58,291.41,293.95,27521300
QQQ,2020-12-02,292.78,294.67,290.94,294.33,23620000
QQQ,2020-12-03,294.64,296.3,294.02,294.75,22828700
QQQ,2020-12-04,294.8,296.09,294.12,295.95,19332100
QQQ,2020-12-07,296.13,297.99,295.95,297.62,20851000
QQQ,2020-12-08,297.15,298.93,295.4,298.63,18341500
QQQ,2020-12-09,298.42,298.7,290.81,291.87,48839300
QQQ,2020-12-10,289.84,294.17,288.75,293.04,27519500
QQQ,2020-12-11,291.39,292.52,289.12,292.39,26760400
QQQ,2020-12-14,293.59,296.46,293.52,294.52,28804800
QQQ,2020-12-15,296.77,297.66,294.58,297.66,25709000
QQQ,2020-12-16,298.06,300.09,297.01,299.3,25461900
QQQ,2020-12-17,300.9,301.49,299.7,301.26,23730500
QQQ,2020-12-18,301.9,302.21,297.97,300.35,41173400
QQQ,2020-12-21,297.4,300.32,294.62,299.78,37095500
QQQ,2020-12-22,300.69,301.52,297.78,300.6,26176300
QQQ,2020-12-23,300.65,301.01,298.93,299.09,21201300
QQQ,2020-12-24,299.35,300.85,299.27,300.41,16785000
QQQ,2020-12-28,303.02,303.91,301.18,303.43,22497700
QQQ,2020-12-29,304.76,305.38,302.8,303.71,25871900
QQQ,2020-12-30,304.87,305.19,303.09,303.71,18138100
QQQ,2020-12-31,303.62,304.95,302.54,304.46,21611400
QQQ,2021-01-04,305.79,305.97,296.16,300.16,45305900
QQQ,2021-01-05,299.17,302.91,299.17,302.64,29323400
QQQ,2021-01-06,297.92,302.66,296.93,298.45,52809600
QQQ,2021-01-07,301.1,306.5,301.08,305.67,30394800
QQQ,2021-01-08,307.96,309.95,305.76,309.6,33955800
QQQ,2021-01-11,306.64,307.81,304.47,305.12,32746400
QQQ,2021-01-12,305.16,306.25,302.0,304.64,29266800
QQQ,2021-01-13,304.9,307.49,304.3,306.69,22898400
QQQ,2021-01-14,307.14,308.14,304.58,305.05,23500100
QQQ,2021-01-15,304.84,305.8,301.4,302.64,35118700
QQQ,2021-01-19,304.96,307.56,303.86,307.05,24537000
QQQ,2021-01-20,310.67,315.14,307.15,314.2,30728100
QQQ,2021-01-21,315.53,317.46,314.16,316.71,25130600
QQQ,2021-01-22,315.67,316.81,315.11,315.8,21609400
QQQ,2021-01-25,319.18,320.55,311.91,318.41,39080600
QQQ,2021-01-26,319.13,320.01,317.54,318.87,25498100
QQQ,2021-01-27,316.61,316.62,307.98,309.98,55264000
QQQ,2021-01-28,311.19,316.77,310.57,311.82,42836300
QQQ,2021-01-29,310.13,311.24,303.51,305.26,55259000
QQQ,2021-02-01,308.7,313.97,306.67,312.89,35646000
QQQ,2021-02-02,315.85,319.14,315.69,317.99,33930800
QQQ,2021-02-03,320.07,320.44,316.67,316.73,24824500
QQQ,2021-02-04,318.13,320.56,316.81,320.47,22350900
QQQ,2021-02-05,321.43,322.57,319.79,321.56,22732000
QQQ,2021-02-08,323.25,323.87,321.61,323.72,20462800
QQQ,2021-02-09,322.78,324.91,322.77,323.65,17597500
QQQ,2021-02-10,325.08,325.54,319.76,322.91,28068700
QQQ,2021-02-11,324.44,325.09,322.3,324.69,22046100
QQQ,2021-02-12,323.84,326.67,322.79,326.5,20346800
QQQ,2021-02-16,327.3,328.19,324.45,325.62,27080800
QQQ,2021-02-17,322.64,325.73,320.41,324.06,31360300
QQQ,2021-02-18,320.46,324.0,318.65,322.64,32236200
QQQ,2021-02-19,323.99,324.11,320.21,321.23,39157700
QQQ,2021-02-22,316.84,318.11,312.7,312.9,47256900
QQQ,2021-02-23,307.63,313.64,301.8,311.97,97241900
QQQ,2021-02-24,309.31,314.86,306.62,314.54,58206300
QQQ,2021-02-25,311.89,314.45,302.04,303.58,110182600
QQQ,2021-02-26,306.51,309.67,301.69,304.85,104739800
QQQ,2021-03-01,309.83,314.36,308.54,314.02,49164500
QQQ,2021-03-02,314.66,314.74,308.73,308.98,48370000
QQQ,2021-03-03,307.89,308.83,299.96,300.02,86301100
QQQ,2021-03-04,299.65,302.81,291.24,295.11,139131600
QQQ,2021-03-05,297.73,300.45,288.65,299.55,121523700
QQQ,2021-03-08,299.01,300.89,290.65,291.07,88409800
QQQ,2021-03-09,298.38,304.45,297.84,302.55,80391100
QQQ,2021-03-10,306.81,307.11,301.0,301.69,76798100
QQQ,2021-03-11,306.43,310.4,305.54,308.63,53484800
QQQ,2021-03-12,304.58,308.82,302.18,306.13,69315600
QQQ,2021-03-15,306.45,309.57,304.81,309.4,42955700
QQQ,2021-03-16,311.59,314.61,309.66,311.1,54925900
QQQ,2021-03-17,308.06,314.27,306.34,312.38,78258700
QQQ,2021-03-18,307.5,308.48,302.36,302.81,82718100
QQQ,2021-03-19,302.65,305.42,300.5,303.88,78446200
QQQ,2021-03-22,306.27,311.65,306.27,309.58,56194800
QQQ,2021-03-23,310.67,311.99,307.41,308.23,53455400
QQQ,2021-03-24,309.6,309.64,302.88,303.03,64803700
QQQ,2021-03-25,301.18,304.02,298.68,302.5,78729000
QQQ,2021-03-26,302.29,307.36,300.89,307.04,63519600
QQQ,2021-03-29,306.51,308.0,303.61,306.96,54608000
QQQ,2021-03-30,304.99,305.98,302.71,305.41,44635700
QQQ,2021-03-31,307.2,311.65,306.86,310.08,55032500
QQQ,2021-04-01,313.91,315.51,313.66,315.37,55685600
QQQ,2021-04-05,317.86,322.43,317.61,321.67,42172500
QQQ,2021-04-06,321.35,323.4,320.67,321.44,33537200
QQQ,2021-04-07,320.97,323.06,320.03,322.22,32046400
QQQ,2021-04-08,325.08,325.77,324.28,325.58,29940800
QQQ,2021-04-09,324.22,327.76,323.48,327.55,36664900
QQQ,2021-04-12,326.51,327.54,325.24,327.13,25833000
QQQ,2021-04-13,328.65,331.41,328.44,330.95,30374000
QQQ,2021-04-14,331.19,331.31,326.16,326.97,42564300
QQQ,2021-04-15,329.85,332.32,326.69,331.93,36342800
QQQ,2021-04-16,332.45,332.53,330.44,332.32,40860100
QQQ,2021-04-19,330.74,331.9,327.35,329.27,34533100
QQQ,2021-04-20,328.61,329.9,324.9,326.87,38081800
QQQ,2021-04-21,325.59,329.86,324.5,329.67,36598100
QQQ,2021-04-22,329.28,330.27,324.54,325.7,45936100
QQQ,2021-04-23,326.33,331.11,326.33,329.8,36381900
QQQ,2021-04-26,330.04,332.23,329.29,331.95,30812000
QQQ,2021-04-27,332.24,332.45,329.56,330.51,33187200
QQQ,2021-04-28,330.18,331.19,328.74,329.39,33615700
QQQ,2021-04-29,332.67,333.08,327.35,330.58,37708900
QQQ,2021-04-30,328.13,330.61,327.5,328.41,38263400
QQQ,2021-05-03,329.61,330.36,326.21,326.66,29729700
QQQ,2021-05-04,324.1,324.43,316.96,320.78,65147000
QQQ,2021-05-05,322.83,323.7,318.93,319.7,46219300
QQQ,2021-05-06,319.44,322.27,317.2,322.11,46814300
QQQ,2021-05-07,324.89,327.11,322.29,324.73,53324500
QQQ,2021-05-10,323.35,323.52,316.32,316.53,60700500
QQQ,2021-05-11,310.64,316.89,309.98,316.09,71963600
QQQ,2021-05-12,311.15,313.47,307.04,307.91,91164900
QQQ,2021-05-13,310.85,313.26,307.92,310.29,69877800
QQQ,2021-05-14,313.46,318.05,312.95,317.14,44370000
QQQ,2021-05-17,315.43,317.12,312.34,315.21,39395000
QQQ,2021-05-18,316.17,317.39,312.81,313.09,36528500
QQQ,2021-05-19,307.68,313.75,307.33,313.45,66319100
QQQ,2021-05-20,314.93,320.36,314.71,319.51,46466100
QQQ,2021-05-21,321.06,321.48,317.38,317.74,50330400
QQQ,2021-05-24,320.03,324.21,317.63,323.08,32475800
QQQ,2021-05-25,324.6,325.32,322.36,323.53,31280300
QQQ,2021-05-26,324.2,325.13,323.51,324.66,25444900
QQQ,2021-05-27,324.21,325.06,323.24,323.44,27931700
QQQ,2021-05-28,324.65,326.06,324.14,324.46,29927400
QQQ,2021-06-01,325.8,326.27,322.04,323.39,31145400
QQQ,2021-06-02,323.8,324.86,322.3,324.02,22047900
QQQ,2021-06-03,321.18,322.45,318.97,320.65,37057800
QQQ,2021-06-04,322.44,326.53,322.38,326.09,38736500
QQQ,2021-06-07,325.55,327.12,324.86,327.06,32611900
QQQ,2021-06-08,328.81,329.67,325.53,327.21,27282800
QQQ,2021-06-09,328.58,329.36,327.11,327.29,21485300
QQQ,2021-06-10,327.63,330.81,327.18,330.7,33702100
QQQ,2021-06-11,330.71,331.58,330.06,331.57,21222800
QQQ,2021-06-14,331.99,334.75,330.81,334.74,27827700
QQQ,2021-06-15,334.39,334.71,331.84,332.56,35963800
QQQ,2021-06-16,333.02,334.09,327.88,331.34,55399500
QQQ,2021-06-17,330.33,336.56,330.28,335.55,59722700
QQQ,2021-06-18,333.89,335.04,332.17,332.92,55414900
QQQ,2021-06-21,333.11,335.31,330.89,334.99,32992600
QQQ,2021-06-22,334.78,338.56,334.48,338.11,28941600
QQQ,2021-06-23,338.05,339.42,337.44,338.27,27188500
QQQ,2021-06-24,340.21,341.89,339.67,340.37,32581600
QQQ,2021-06-25,340.93,341.17,339.34,339.95,28682800
QQQ,2021-06-28,341.23,344.22,341.17,344.08,39130300
QQQ,2021-06-29,343.91,345.36,343.07,345.33,29426000
QQQ,2021-06-30,345.17,345.56,344.2,344.78,32724000
QQQ,2021-07-01,344.43,345.42,343.08,344.92,29290000
QQQ,2021-07-02,346.82,349.2,346.58,348.88,32727200
QQQ,2021-07-06,349.48,350.67,346.79,350.39,38842400
QQQ,2021-07-07,352.58,352.89,349.17,351.13,35265200
QQQ,2021-07-08,346.06,349.86,344.77,349.0,50890000
QQQ,2021-07-09,348.42,351.66,347.84,351.18,35184500
QQQ,2021-07-12,352.58,353.01,351.01,352.56,25717700
QQQ,2021-07-13,352.18,355.52,351.7,352.56,39723000
QQQ,2021-07-14,354.9,355.54,352.36,353.19,35336400
QQQ,2021-07-15,353.1,353.3,348.7,350.71,53391600
QQQ,2021-07-16,351.56,352.55,347.52,347.87,47262000
QQQ,2021-07-19,344.41,345.51,342.46,345.02,64404600
QQQ,2021-07-20,345.95,350.47,344.17,349.02,42183700
QQQ,2021-07-21,348.6,351.72,348.37,351.72,30259900
QQQ,2021-07-22,351.92,354.05,351.92,354.04,30252200
QQQ,2021-07-23,355.37,358.46,354.01,358.18,31960800
QQQ,2021-07-26,357.49,358.85,356.62,358.46,28438100
QQQ,2021-07-27,358.2,358.2,350.36,354.51,57933100
QQQ,2021-07-28,355.65,357.45,353.35,355.87,42066200
QQQ,2021-07-29,355.31,357.67,355.31,356.5,25672500
QQQ,2021-07-30,352.57,355.23,352.55,354.65,36484600
QQQ,2021-08-02,356.31,356.89,353.97,354.68,27334100
QQQ,2021-08-03,355.34,356.94,352.15,356.83,35558500
QQQ,2021-08-04,356.79,358.29,355.68,357.34,29602200
QQQ,2021-08-05,358.16,359.84,357.45,359.61,21443900
QQQ,2021-08-06,358.34,359.32,356.92,358.03,33332100
QQQ,2021-08-09,358.49,359.22,357.39,358.69,25960200
QQQ,2021-08-10,359.21,359.5,355.67,356.85,35130800
QQQ,2021-08-11,358.12,358.62,354.91,356.24,34249800
QQQ,2021-08-12,355.74,357.89,354.38,357.53,25969200
QQQ,2021-08-13,357.88,359.11,357.38,358.78,19336200
QQQ,2021-08-16,357.66,358.98,353.8,358.94,34856900
QQQ,2021-08-17,356.18,357.16,353.34,355.78,44793900
QQQ,2021-08-18,355.24,356.64,352.02,352.35,38541900
QQQ,2021-08-19,350.42,355.73,350.16,354.05,48499400
QQQ,2021-08-20,355.12,358.12,354.81,357.72,39486000
QQQ,2021-08-23,358.76,363.76,358.75,363.07,34034700
QQQ,2021-08-24,363.66,364.78,363.2,364.18,21732900
QQQ,2021-08-25,364.43,365.17,363.68,364.6,20441900
QQQ,2021-08-26,363.74,364.42,361.85,362.28,29133300
QQQ,2021-08-27,362.92,366.31,362.43,365.8,27104700
QQQ,2021-08-30,366.59,370.4,366.57,369.91,27295700
QQQ,2021-08-31,370.15,370.22,368.06,369.61,29628200
QQQ,2021-09-01,370.67,372.29,370.02,370.22,28138300
QQQ,2021-09-02,371.57,371.9,368.83,370.05,25453400
QQQ,2021-09-03,368.9,371.58,368.88,371.18,24605400
QQQ,2021-09-07,371.29,372.36,370.13,371.71,23970200
QQQ,2021-09-08,371.53,371.53,368.15,370.42,32949200
QQQ,2021-09-09,370.64,371.75,368.9,369.14,29399000
QQQ,2021-09-10,370.85,371.57,366.01,366.34,40249400
QQQ,2021-09-13,368.67,369.1,364.03,366.09,48741800
QQQ,2021-09-14,367.57,368.3,364.09,365.05,41826600
QQQ,2021-09-15,365.5,368.11,363.21,367.76,34097900
QQQ,2021-09-16,366.43,368.59,364.5,368.01,35193100
QQQ,2021-09-17,367.54,367.58,362.61,363.65,60912300
QQQ,2021-09-20,357.85,359.6,351.5,356.14,76203200
QQQ,2021-09-21,357.97,359.17,355.45,356.58,41927500
QQQ,2021-09-22,357.49,361.37,356.39,359.91,46972900
QQQ,2021-09-23,361.07,364.26,360.43,363.23,44652000
QQQ,2021-09-24,360.96,363.99,360.59,363.57,36056800
QQQ,2021-09-27,360.52,361.55,358.12,360.67,43338100
QQQ,2021-09-28,356.11,360.62,349.96,350.46,97701600
QQQ,2021-09-29,351.73,353.87,349.26,349.89,58076600
QQQ,2021-09-30,351.53,353.2,347.77,348.6,61384600
QQQ,2021-10-01,349.23,351.81,345.12,350.76,56375500
QQQ,2021-10-04,349.15,349.48,341.16,343.4,76766000
QQQ,2021-10-05,344.46,350.29,344.24,348.04,47232900
QQQ,2021-10-06,344.82,350.54,343.92,350.27,56806500
QQQ,2021-10-07,353.32,356.13,352.78,353.48,39411200
QQQ,2021-10-08,354.56,354.8,351.18,351.72,41822300
QQQ,2021-10-11,350.18,353.71,348.93,349.02,34847200
QQQ,2021-10-12,350.47,350.91,347.16,347.8,43905100
QQQ,2021-10-13,350.11,351.26,348.09,350.59,40120800
QQQ,2021-10-14,354.18,357.26,353.52,357.05,43433900
QQQ,2021-10-15,358.26,359.41,357.23,359.3,40419900
QQQ,2021-10-18,358.0,363.12,357.4,362.91,34513500
QQQ,2021-10-19,363.98,365.7,362.96,365.65,29091000
QQQ,2021-10-20,366.11,366.73,363.7,365.18,31390300
QQQ,2021-10-21,364.38,367.6,364.08,367.41,25469300
QQQ,2021-10-22,366.15,367.12,362.66,364.32,36275800
QQQ,2021-10-25,365.74,368.97,363.79,368.05,32597800
QQQ,2021-10-26,370.29,372.71,368.03,369.21,47191300
QQQ,2021-10-27,369.66,373.13,369.39,370.07,45760500
QQQ,2021-10-28,371.97,374.43,371.2,374.18,38007000
QQQ,2021-10-29,371.1,376.18,370.75,376.02,37310100
QQQ,2021-11-01,376.46,377.43,374.37,377.3,30765300
QQQ,2021-11-02,376.69,379.36,376.64,378.88,25135300
QQQ,2021-11-03,379.37,383.32,378.32,382.9,33748900
QQQ,2021-11-04,384.17,388.76,383.62,387.81,40265300
QQQ,2021-11-05,389.58,390.51,386.78,388.18,43383800
QQQ,2021-11-08,388.15,389.17,387.01,387.65,29256300
QQQ,2021-11-09,388.73,389.12,383.62,384.99,50490700
QQQ,2021-11-10,382.21,385.03,377.4,379.33,54937400
QQQ,2021-11-11,382.31,382.48,380.04,380.38,32243000
QQQ,2021-11-12,381.53,384.92,379.93,384.38,34730600
QQQ,2021-11-15,385.56,385.88,381.85,384.29,33716900
QQQ,2021-11-16,383.56,387.53,383.37,387.03,27872900
QQQ,2021-11-17,387.35,389.27,386.27,387.24,28703300
QQQ,2021-11-18,389.28,391.75,387.06,391.25,45721500
QQQ,2021-11-19,392.88,394.71,392.06,393.43,45191700
QQQ,2021-11-22,394.97,398.03,388.75,388.86,61715400
QQQ,2021-11-23,387.7,389.77,382.65,387.09,70098700
QQQ,2021-11-24,384.61,388.62,382.28,388.34,46954400
QQQ,2021-11-26,385.76,387.15,379.58,380.97,51533300
QQQ,2021-11-29,385.54,390.25,384.81,389.24,54447100
QQQ,2021-11-30,388.36,390.7,381.51,383.53,81332700
QQQ,2021-12-01,387.87,390.01,376.53,377.0,77766500
QQQ,2021-12-02,375.72,381.5,374.29,379.72,84416600
QQQ,2021-12-03,381.08,382.08,369.0,373.11,105349100
QQQ,2021-12-06,373.6,377.47,369.38,376.1,67588800
QQQ,2021-12-07,382.76,388.04,382.72,387.43,56005300
QQQ,2021-12-08,387.76,389.37,385.86,389.16,39204000
QQQ,2021-12-09,387.94,389.74,383.24,383.44,49973700
QQQ,2021-12-10,386.25,387.87,383.08,387.61,52545800
QQQ,2021-12-13,387.6,387.92,381.64,382.01,50166400
QQQ,2021-12-14,377.18,379.89,373.6,378.05,75199200
QQQ,2021-12-15,377.8,387.03,373.85,386.67,73858000
QQQ,2021-12-16,387.63,388.06,375.14,376.73,82591400
QQQ,2021-12-17,373.31,379.02,371.79,374.85,80492500
QQQ,2021-12-20,370.12,372.0,368.07,371.21,65336800
QQQ,2021-12-21,374.49,379.83,370.73,379.52,48899500
QQQ,2021-12-22,379.23,384.35,378.56,384.14,37042200
QQQ,2021-12-23,384.49,388.51,384.33,387.04,29595500
QQQ,2021-12-27,388.33,393.43,388.31,393.43,32820700
QQQ,2021-12-28,394.33,394.51,390.73,391.61,33113700
QQQ,2021-12-29,391.75,393.02,389.17,391.55,32248500
QQQ,2021-12-30,391.34,393.52,389.8,390.38,23850100
QQQ,2021-12-31,389.71,391.07,387.45,387.94,34752900
QQQ,2022-01-03,389.11,391.93,387.0,391.68,40575900
QQQ,2022-01-04,392.23,392.26,383.5,386.6,58027200
QQQ,2022-01-05,384.91,386.03,374.47,374.72,75739800
QQQ,2022-01-06,372.9,377.71,370.67,374.46,70814300
QQQ,2022-01-07,374.47,376.16,368.63,370.4,72652300
QQQ,2022-01-10,365.49,371.16,360.12,370.65,91770500
QQQ,2022-01-11,369.92,376.38,367.83,376.21,68295700
QQQ,2022-01-12,378.79,380.49,375.42,377.71,54576400
QQQ,2022-01-13,379.09,379.77,367.32,368.26,77994000
QQQ,2022-01-14,365.73,370.88,365.53,370.55,80121200
QQQ,2022-01-18,364.73,366.85,360.56,361.32,75450900
QQQ,2022-01-19,362.88,365.36,357.09,357.36,81791500
QQQ,2022-01-20,360.58,364.56,352.18,352.71,88610700
QQQ,2022-01-21,350.52,353.16,342.65,342.93,143388900
QQQ,2022-01-24,337.3,345.17,325.83,344.5,198685800
QQQ,2022-01-25,338.04,342.29,333.17,336.52,124398400
QQQ,2022-01-26,344.12,347.99,332.3,335.99,146559500
QQQ,2022-01-27,340.7,342.52,331.58,332.61,95255700
QQQ,2022-01-28,334.49,343.26,329.54,343.04,108167900
QQQ,2022-01-31,344.41,354.6,342.77,354.01,94326400
QQQ,2022-02-01,355.36,357.07,350.2,356.42,74433000
QQQ,2022-02-02,360.55,360.89,355.22,359.32,78777100
QQQ,2022-02-03,349.6,352.92,343.68,344.75,95384800
QQQ,2022-02-04,345.26,352.4,343.21,349.1,86318300
QQQ,2022-02-07,349.69,352.06,345.03,346.29,58198100
QQQ,2022-02-08,345.15,351.27,344.02,350.18,64720900
QQQ,2022-02-09,354.7,357.68,353.1,357.6,55766400
QQQ,2022-02-10,350.57,357.37,347.66,349.51,112468500
QQQ,2022-02-11,349.51,351.11,337.19,338.42,101569100
QQQ,2022-02-14,337.86,342.24,335.33,338.84,80254400
QQQ,2022-02-15,344.12,347.5,343.06,347.26,55128800
QQQ,2022-02-16,345.01,348.2,341.98,347.18,58947100
QQQ,2022-02-17,343.96,344.66,336.43,336.85,61801400
QQQ,2022-02-18,337.79,338.18,330.7,333.01,80001500
QQQ,2022-02-22,330.06,335.47,326.03,329.66,85967100
QQQ,2022-02-23,332.82,333.66,320.91,321.22,86215400
QQQ,2022-02-24,310.9,332.55,310.34,332.01,130614100
QQQ,2022-02-25,332.81,337.37,328.99,337.16,78842100
QQQ,2022-02-28,333.98,339.86,332.82,338.17,77515500
QQQ,2022-03-01,337.14,339.41,330.46,332.99,67407000
QQQ,2022-03-02,334.54,339.91,331.77,338.58,70609000
QQQ,2022-03-03,341.22,341.33,331.88,333.74,71089400
QQQ,2022-03-04,331.38,332.81,326.58,328.9,76936300
QQQ,2022-03-07,328.89,330.05,316.57,316.77,89933800
QQQ,2022-03-08,315.98,324.91,311.97,315.3,116153900
QQQ,2022-03-09,323.49,328.01,320.9,326.65,64723400
QQQ,2022-03-10,322.58,324.23,318.58,323.02,69362700
QQQ,2022-03-11,326.0,326.31,315.84,316.32,66228400
QQQ,2022-03-14,315.09,318.46,309.55,310.25,79802600
QQQ,2022-03-15,312.89,320.76,311.28,319.98,76471000
QQQ,2022-03-16,323.9,331.96,320.22,331.85,105243000
QQQ,2022-03-17,329.95,335.92,328.65,335.86,67810000
QQQ,2022-03-18,334.21,343.03,333.05,342.74,85446300
QQQ,2022-03-21,341.9,344.13,337.39,341.79,73799100
QQQ,2022-03-22,342.28,349.37,341.9,348.5,63345900
QQQ,2022-03-23,345.62,349.19,343.44,343.49,70615500
QQQ,2022-03-24,345.42,351.18,343.26,351.13,53555300
QQQ,2022-03-25,351.07,352.13,346.53,350.84,57584200
QQQ,2022-03-28,350.83,356.36,349.59,356.26,56833900
QQQ,2022-03-29,360.16,363.02,357.39,362.4,68073000
QQQ,2022-03-30,360.53,362.19,356.91,358.39,68757700
QQQ,2022-03-31,358.54,358.89,353.11,353.95,67011400
QQQ,2022-04-01,354.21,355.0,350.09,353.28,54527800
QQQ,2022-04-04,354.12,360.56,353.85,360.55,45950200
QQQ,2022-04-05,359.1,359.81,351.4,352.55,62738700
QQQ,2022-04-06,347.22,348.33,342.25,344.89,90077100
QQQ,2022-04-07,343.9,347.91,340.43,345.71,63777400
QQQ,2022-04-08,343.97,344.72,340.24,340.88,61956100
QQQ,2022-04-11,336.64,337.56,332.47,332.81,66107400
QQQ,2022-04-12,337.57,339.45,330.03,331.41,72790200
QQQ,2022-04-13,331.75,339.2,331.03,338.14,61367800
QQQ,2022-04-14,338.23,338.75,330.2,330.41,73519400
QQQ,2022-04-18,329.36,332.96,327.83,330.67,58560600
QQQ,2022-04-19,330.02,338.63,329.0,338.06,56515700
QQQ,2022-04-20,338.87,339.33,331.91,333.13,65500000
QQQ,2022-04-21,337.01,339.63,325.31,326.23,75801000
QQQ,2022-04-22,326.39,327.61,317.26,317.69,82562100
QQQ,2022-04-25,316.06,322.08,314.79,321.77,101755900
QQQ,2022-04-26,319.71,319.9,309.35,309.63,105819600
QQQ,2022-04-27,309.72,315.23,307.54,309.26,111204200
QQQ,2022-04-28,314.23,322.07,310.0,320.24,99450000
QQQ,2022-04-29,316.03,319.48,305.19,305.83,91977900
QQQ,2022-05-02,305.42,311.17,302.31,310.93,115511800
QQQ,2022-05-03,310.95,313.56,308.49,311.27,78185500
QQQ,2022-05-04,311.75,322.47,306.45,321.79,116083400
QQQ,2022-05-05,317.47,317.54,302.28,305.58,154607400
QQQ,2022-05-06,303.58,307.63,297.88,301.92,139572800
QQQ,2022-05-09,296.29,302.02,288.71,290.11,113387300
QQQ,2022-05-10,297.3,298.52,289.54,293.63,124124600
QQQ,2022-05-11,291.37,296.89,284.06,284.93,140326100
QQQ,2022-05-12,280.64,288.74,278.19,284.25,120910900
QQQ,2022-05-13,288.71,295.82,287.11,294.79,83684900
QQQ,2022-05-16,293.04,295.1,290.09,291.37,59190400
QQQ,2022-05-17,297.24,299.3,293.43,298.92,62715300
QQQ,2022-05-18,294.4,295.09,282.98,284.24,79477100
QQQ,2022-05-19,282.44,287.42,280.77,282.72,79920700
QQQ,2022-05-20,286.19,286.84,273.57,281.84,91764200
QQQ,2022-05-23,282.89,286.91,280.48,286.53,63648400
QQQ,2022-05-24,281.3,282.02,275.56,280.43,73491100
QQQ,2022-05-25,278.94,286.44,278.74,284.36,67144500
QQQ,2022-05-26,283.56,293.79,283.28,292.24,59462200
QQQ,2022-05-27,295.37,301.92,295.26,301.78,66985600
QQQ,2022-05-31,301.75,303.95,297.12,300.98,60968300
QQQ,2022-06-01,303.11,305.24,296.53,298.75,65341700
QQQ,2022-06-02,297.63,307.11,296.21,306.93,59291300
QQQ,2022-06-03,301.71,303.11,297.7,298.95,60914700
QQQ,2022-06-06,303.39,304.95,298.38,299.94,51785000
QQQ,2022-06-07,296.61,303.31,295.52,302.53,44900300
QQQ,2022-06-08,301.73,304.34,299.5,300.35,38342100
QQQ,2022-06-09,298.66,301.73,292.14,292.31,55900500
QQQ,2022-06-10,286.69,287.88,281.55,282.0,85963500
QQQ,2022-06-13,273.12,275.65,268.03,268.89,94442000
QQQ,2022-06-14,271.08,272.06,266.86,269.37,64697500
QQQ,2022-06-15,272.8,280.03,270.06,276.1,86051400
QQQ,2022-06-16,269.06,269.52,262.9,264.96,81910300
QQQ,2022-06-17,265.73,270.62,264.1,268.18,82703400
QQQ,2022-06-21,272.67,277.27,272.56,274.95,51633700
QQQ,2022-06-22,272.44,278.96,271.85,274.55,67472900
QQQ,2022-06-23,277.03,279.49,274.2,278.64,57457800
QQQ,2022-06-24,281.46,288.6,281.23,288.18,58422300
QQQ,2022-06-27,289.54,290.11,284.94,286.07,54151500
QQQ,2022-06-28,286.61,289.2,277.17,277.35,61609800
QQQ,2022-06-29,277.22,279.12,274.71,277.61,57302700
QQQ,2022-06-30,274.63,277.75,269.76,274.17,79313600
QQQ,2022-07-01,272.86,276.37,270.99,275.98,56675100
QQQ,2022-07-05,272.24,280.82,270.71,280.7,61829300
QQQ,2022-07-06,281.08,284.6,279.36,282.5,63194700
QQQ,2022-07-07,283.31,289.25,283.31,288.55,56620100
QQQ,2022-07-08,285.71,290.28,284.77,288.91,59895500
QQQ,2022-07-11,286.49,286.72,281.85,282.73,55273900
QQQ,2022-07-12,283.99,285.9,278.4,280.0,55797100
QQQ,2022-07-13,274.48,281.77,273.91,279.42,73939400
QQQ,2022-07-14,276.82,281.29,273.7,280.42,63741800
QQQ,2022-07-15,283.41,285.61,281.8,285.5,63818100
QQQ,2022-07-18,288.29,289.7,281.91,283.09,59519600
QQQ,2022-07-19,286.72,292.09,285.11,291.79,55172600
QQQ,2022-07-20,292.21,297.6,291.43,296.42,67769400
QQQ,2022-07-21,296.88,300.73,294.22,300.67,55049400
QQQ,2022-07-22,299.75,301.82,293.57,295.4,57127700
QQQ,2022-07-25,295.43,295.9,291.71,293.72,40582400
QQQ,2022-07-26,292.02,292.27,287.14,287.95,50074100
QQQ,2022-07-27,292.52,301.81,291.95,300.12,69304400
QQQ,2022-07-28,299.9,303.63,296.15,303.05,55139900
QQQ,2022-07-29,304.6,309.49,303.17,308.58,57501000
QQQ,2022-08-01,306.81,311.86,305.71,308.39,46358800
QQQ,2022-08-02,306.09,311.6,305.04,307.47,48676500
QQQ,2022-08-03,309.16,316.67,309.1,315.85,53735700
QQQ,2022-08-04,315.92,317.64,313.77,317.32,38973700
QQQ,2022-08-05,312.23,316.77,311.44,314.73,53894000
QQQ,2022-08-08,315.65,319.35,312.25,313.71,43878500
QQQ,2022-08-09,311.82,312.07,308.54,310.16,39764200
QQQ,2022-08-10,317.51,319.11,315.03,318.82,51459600
QQQ,2022-08-11,321.15,323.15,316.31,317.01,45897700
QQQ,2022-08-12,319.06,323.38,318.01,323.18,40928400
QQQ,2022-08-15,322.23,326.29,322.21,325.79,38266600
QQQ,2022-08-16,324.82,327.12,321.98,325.03,41186900
QQQ,2022-08-17,321.89,324.2,319.24,321.32,47842200
QQQ,2022-08-18,321.28,323.28,319.66,322.1,41937200
QQQ,2022-08-19,319.05,319.71,315.05,315.82,51770600
QQQ,2022-08-22,311.55,311.79,306.69,307.5,51098900
QQQ,2022-08-23,307.27,310.08,306.49,307.25,39497100
QQQ,2022-08-24,306.77,309.96,306.16,308.14,38057100
QQQ,2022-08-25,309.92,313.61,308.87,313.59,38098300
QQQ,2022-08-26,313.29,314.5,300.65,300.73,69047700
QQQ,2022-08-29,297.97,300.52,296.66,297.77,48321900
QQQ,2022-08-30,299.42,300.04,291.93,294.45,51184500
QQQ,2022-08-31,297.36,298.26,292.63,292.74,50044000
QQQ,2022-09-01,290.25,293.24,286.56,292.87,57990700
QQQ,2022-09-02,295.74,297.12,287.12,288.73,64666800
QQQ,2022-09-06,289.21,290.13,284.52,286.66,57005400
QQQ,2022-09-07,287.14,293.45,286.87,292.45,49260400
QQQ,2022-09-08,290.37,295.28,289.0,293.96,55649800
QQQ,2022-09-09,296.22,300.89,293.96,300.39,56125200
QQQ,2022-09-12,301.77,304.29,301.46,303.96,45905700
QQQ,2022-09-13,295.22,296.41,286.4,287.29,79562200
QQQ,2022-09-14,288.44,290.45,286.67,289.57,54907200
QQQ,2022-09-15,287.65,290.06,283.15,284.75,65299400
QQQ,2022-09-16,281.44,283.4,279.39,283.01,79920400
QQQ,2022-09-19,280.36,285.37,280.3,285.21,52613800
QQQ,2022-09-20,282.7,285.23,280.64,282.94,51271100
QQQ,2022-09-21,283.78,288.05,277.74,277.87,82931000
QQQ,2022-09-22,276.34,277.35,273.23,274.45,62757100
QQQ,2022-09-23,271.98,272.28,266.56,269.98,74815200
QQQ,2022-09-26,269.51,273.88,268.07,268.87,71176700
QQQ,2022-09-27,272.24,274.59,266.65,268.97,69780100
QQQ,2022-09-28,268.96,275.61,267.48,274.33,79652100
QQQ,2022-09-29,270.33,270.71,263.45,266.42,81216000
QQQ,2022-09-30,265.59,269.67,261.74,261.9,78482400
QQQ,2022-10-03,263.67,269.64,262.16,268.04,61267400
QQQ,2022-10-04,273.39,277.18,273.39,276.47,66696900
QQQ,2022-10-05,272.7,278.12,269.9,276.32,55766300
QQQ,2022-10-06,275.32,278.48,273.83,274.15,53489400
QQQ,2022-10-07,269.5,269.63,262.37,263.7,71354700
QQQ,2022-10-10,263.9,264.29,258.35,261.07,60393000
QQQ,2022-10-11,259.39,262.26,255.79,257.48,66522500
QQQ,2022-10-12,258.12,260.04,256.7,257.39,50580200
QQQ,2022-10-13,250.04,264.75,249.16,263.43,112894100
QQQ,2022-10-14,265.76,266.36,254.92,255.51,77244300
QQQ,2022-10-17,261.49,264.82,261.39,263.95,64576500
QQQ,2022-10-18,270.98,271.65,263.35,266.04,69781000
QQQ,2022-10-19,264.52,268.19,262.69,265.06,53115400
QQQ,2022-10-20,264.17,269.33,262.55,263.71,60605500
QQQ,2022-10-21,262.61,270.43,261.47,269.9,77897700
QQQ,2022-10-24,270.16,273.8,266.52,272.87,63963600
QQQ,2022-10-25,273.81,278.89,272.33,278.51,59014500
QQQ,2022-10-26,272.88,278.28,271.87,272.36,63492400
QQQ,2022-10-27,271.24,272.7,266.88,267.4,57760300
QQQ,2022-10-28,266.77,276.05,266.6,275.58,62651300
QQQ,2022-10-31,273.33,274.15,270.45,272.38,47742000
QQQ,2022-11-01,275.85,276.41,269.23,269.59,45895900
QQQ,2022-11-02,269.56,272.63,260.28,260.35,79803100
QQQ,2022-11-03,257.73,259.2,254.88,255.27,70038900
QQQ,2022-11-04,260.2,261.26,253.88,259.37,78313200
QQQ,2022-11-07,260.42,262.76,258.28,262.22,47333800
QQQ,2022-11-08,263.74,267.38,260.19,264.13,63213800
QQQ,2022-11-09,262.39,263.17,257.75,258.04,64862100
QQQ,2022-11-10,270.47,277.37,268.36,277.08,99256700
QQQ,2022-11-11,276.89,282.85,275.55,282.18,66961800
QQQ,2022-11-14,280.13,283.41,278.74,279.72,55290700
QQQ,2022-11-15,286.35,287.38,280.23,283.59,73985400
QQQ,2022-11-16,281.63,283.67,278.89,279.72,48859800
QQQ,2022-11-17,275.25,280.58,275.09,279.1,55462100
QQQ,2022-11-18,282.12,282.21,276.66,279.11,53588600
QQQ,2022-11-21,277.72,278.87,275.4,276.24,40083500
QQQ,2022-11-22,276.97,280.37,274.83,280.21,41873400
QQQ,2022-11-23,280.23,283.65,280.06,283.03,46390000
QQQ,2022-11-25,281.43,282.14,280.68,281.17,15498800
QQQ,2022-11-28,279.19,281.2,276.11,277.04,38714200
QQQ,2022-11-29,277.27,277.67,273.57,274.94,35618900
QQQ,2022-11-30,275.21,287.58,274.35,287.48,74718100
QQQ,2022-12-01,287.8,289.82,285.05,287.83,51547300
QQQ,2022-12-02,282.75,287.56,282.58,286.68,53583200
QQQ,2022-12-05,284.56,285.83,280.41,281.87,41482100
QQQ,2022-12-06,281.71,281.85,274.64,276.03,53937600
QQQ,2022-12-07,274.84,276.9,273.19,274.9,45614300
QQQ,2022-12-08,276.26,279.13,274.18,278.16,42594900
QQQ,2022-12-09,277.14,279.91,275.94,276.38,47860500
QQQ,2022-12-12,276.56,279.91,275.52,279.85,35732500
QQQ,2022-12-13,290.7,290.93,280.18,282.86,80667700
QQQ,2022-12-14,282.27,285.57,277.51,280.76,64984400
QQQ,2022-12-15,276.67,277.33,270.14,271.34,60554100
QQQ,2022-12-16,270.66,272.2,267.14,268.75,68300400
QQQ,2022-12-19,269.02,269.11,263.73,264.97,44167900
QQQ,2022-12-20,263.8,266.51,262.22,264.77,51064200
QQQ,2022-12-21,265.81,269.91,264.96,268.61,46394700
QQQ,2022-12-22,265.59,265.72,257.81,262.04,60278400
QQQ,2022-12-23,260.77,263.29,258.86,262.62,39373600
QQQ,2022-12-27,262.02,262.12,258.37,258.91,38009000
QQQ,2022-12-28,258.51,260.77,255.13,255.49,47139000
QQQ,2022-12-29,258.3,262.66,257.61,261.72,45893600
QQQ,2022-12-30,258.95,261.69,257.64,261.56,37858300
QQQ,2023-01-03,263.89,265.37,257.49,259.8,42335300
QQQ,2023-01-04,261.92,262.71,257.88,261.03,47754900
QQQ,2023-01-05,259.36,259.53,256.63,256.95,45396700
QQQ,2023-01-06,258.69,265.16,255.73,264.04,54659700
QQQ,2023-01-09,266.03,270.41,265.14,265.75,45568700
QQQ,2023-01-10,264.72,268.11,264.21,268.0,35247800
QQQ,2023-01-11,269.07,272.74,268.28,272.63,44077000
QQQ,2023-01-12,273.19,275.14,268.89,274.11,60600000
QQQ,2023-01-13,271.6,276.24,271.27,275.99,44802900
QQQ,2023-01-17,275.8,277.84,274.63,276.55,36269700
QQQ,2023-01-18,278.1,279.65,272.75,272.96,47754500
QQQ,2023-01-19,271.33,272.47,269.04,270.28,44150400
QQQ,2023-01-20,271.89,278.01,270.83,277.67,60613600
QQQ,2023-01-23,278.52,285.07,277.72,283.84,52799900
QQQ,2023-01-24,282.22,284.42,281.7,283.26,44875100
QQQ,2023-01-25,278.74,283.25,276.2,282.63,50872000
QQQ,2023-01-26,286.06,288.32,283.41,288.14,51596300
QQQ,2023-01-27,286.83,292.98,286.71,291.01,56441900
QQQ,2023-01-30,287.74,289.17,284.76,285.13,49405800
QQQ,2023-01-31,285.17,289.5,285.06,289.4,46705100
QQQ,2023-02-01,289.2,298.06,287.12,295.59,67562200
QQQ,2023-02-02,302.12,308.12,301.3,306.2,83070600
QQQ,2023-02-03,299.54,306.86,299.15,300.76,76170800
QQQ,2023-02-06,298.13,300.49,296.87,298.21,40802300
QQQ,2023-02-07,298.09,305.52,296.97,304.39,67584000
QQQ,2023-02-08,303.08,304.02,298.29,298.98,56720900
QQQ,2023-02-09,303.37,303.52,294.88,296.34,49137800
QQQ,2023-02-10,294.18,296.23,291.99,294.39,50050100
QQQ,2023-02-13,295.8,299.7,294.62,299.11,39636700
QQQ,2023-02-14,297.53,302.27,295.58,301.32,64079100
QQQ,2023-02-15,299.5,303.79,298.81,303.63,43100600
QQQ,2023-02-16,298.99,302.97,297.78,297.93,59498600
QQQ,2023-02-17,295.74,296.58,292.82,295.83,58230700
QQQ,2023-02-21,292.0,293.44,288.69,288.82,46526700
QQQ,2023-02-22,289.4,291.11,287.38,289.04,51389200
QQQ,2023-02-23,292.69,292.85,287.37,291.56,69294400
QQQ,2023-02-24,286.59,287.78,284.91,286.68,74332000
QQQ,2023-02-27,289.84,291.24,288.14,288.73,48995000
QQQ,2023-02-28,288.11,290.88,287.77,288.36,48243100
QQQ,2023-03-01,288.07,288.72,285.06,286.04,58287000
QQQ,2023-03-02,283.55,289.22,283.26,288.41,53565900
QQQ,2023-03-03,290.16,294.61,289.65,294.37,60511500
QQQ,2023-03-06,295.61,298.62,294.51,294.71,56736300
QQQ,2023-03-07,294.76,295.68,290.48,291.09,65955800
QQQ,2023-03-08,291.51,293.14,289.66,292.55,50876300
QQQ,2023-03-09,293.05,295.65,286.66,287.48,71456700
QQQ,2023-03-10,287.64,289.14,282.29,283.44,98593600
QQQ,2023-03-13,281.65,289.25,280.14,285.54,97123600
QQQ,2023-03-14,289.1,292.65,288.25,292.1,73602500
QQQ,2023-03-15,289.49,293.97,288.05,293.64,83631500
QQQ,2023-03-16,292.72,301.74,291.93,301.38,98198100
QQQ,2023-03-17,301.29,303.67,298.0,299.95,89923700
QQQ,2023-03-20,299.33,301.34,297.12,301.02,56359500
QQQ,2023-03-21,302.95,305.77,301.44,305.32,49757000
QQQ,2023-03-22,305.25,310.15,301.0,301.16,75791900
QQQ,2023-03-23,304.9,309.06,302.04,304.74,74576000
QQQ,2023-03-24,304.31,305.96,301.98,305.86,57195200
QQQ,2023-03-27,306.56,307.64,302.91,303.76,50287400
QQQ,2023-03-28,303.18,303.21,299.84,302.15,48585900
QQQ,2023-03-29,305.85,308.28,305.03,307.66,53274300
QQQ,2023-03-30,310.14,311.2,307.75,310.57,58354800
QQQ,2023-03-31,310.8,315.97,310.49,315.73,62138100
QQQ,2023-04-03,313.61,315.23,312.28,314.97,47126800
QQQ,2023-04-04,315.41,316.42,312.68,313.9,45875400
QQQ,2023-04-05,312.95,313.89,308.99,310.81,62795700
QQQ,2023-04-06,309.15,313.39,307.76,312.9,46916500
QQQ,2023-04-10,309.97,312.77,308.18,312.72,45134700
QQQ,2023-04-11,312.68,312.74,310.21,310.72,40113600
QQQ,2023-04-12,312.67,313.26,307.51,307.97,62813300
QQQ,2023-04-13,309.73,314.47,308.55,314.0,54613800
QQQ,2023-04-14,312.45,315.17,310.5,313.41,56278300
QQQ,2023-04-17,313.0,314.03,310.92,313.68,43007000
QQQ,2023-04-18,315.79,316.22,312.5,313.7,46746900
QQQ,2023-04-19,311.29,314.61,311.16,313.55,38960100
QQQ,2023-04-20,310.58,314.1,309.87,311.16,62462100
QQQ,2023-04-21,310.8,312.26,309.01,311.48,59002300
QQQ,2023-04-24,311.26,312.6,308.66,310.83,44043100
QQQ,2023-04-25,309.2,309.87,304.87,304.97,57121600
QQQ,2023-04-26,308.37,309.84,306.3,306.82,55400500
QQQ,2023-04-27,310.59,315.67,309.95,315.16,65430400
QQQ,2023-04-28,314.93,317.43,313.8,317.34,59712600
QQQ,2023-05-01,316.88,318.39,315.89,316.97,41013400
QQQ,2023-05-02,316.9,317.23,312.47,314.21,56519400
QQQ,2023-05-03,314.57,317.25,312.04,312.15,59882100
QQQ,2023-05-04,311.93,313.08,310.02,311.05,50224500
QQQ,2023-05-05,313.31,318.52,311.09,317.66,51806100
QQQ,2023-05-08,317.2,318.79,316.12,318.45,36465800
QQQ,2023-05-09,316.79,317.65,316.12,316.43,31768800
QQQ,2023-05-10,318.87,320.73,316.39,319.88,60446600
QQQ,2023-05-11,320.43,321.46,318.87,320.92,44278500
QQQ,2023-05-12,321.45,321.87,317.71,319.77,48432800
QQQ,2023-05-15,320.24,321.74,318.72,321.5,33375600
QQQ,2023-05-16,320.78,323.58,320.74,321.86,40019200
QQQ,2023-05-17,322.93,326.34,321.75,325.76,47486100
QQQ,2023-05-18,326.15,332.03,326.13,331.81,64213500
QQQ,2023-05-19,332.03,332.73,330.0,331.06,61554900
QQQ,2023-05-22,330.81,333.19,330.8,332.17,43015900
QQQ,2023-05-23,330.45,331.6,327.61,327.96,48216700
QQQ,2023-05-24,326.01,327.52,324.22,326.28,62891200
QQQ,2023-05-25,333.65,335.49,331.22,334.22,66862800
QQQ,2023-05-26,335.24,343.6,335.14,342.76,63007000
QQQ,2023-05-30,347.0,348.2,342.89,344.31,72652200
QQQ,2023-05-31,342.73,344.92,340.9,342.36,65105400
QQQ,2023-06-01,342.1,347.64,341.05,346.31,50488600
QQQ,2023-06-02,348.07,350.07,346.31,348.91,53372100
QQQ,2023-06-05,348.69,351.71,348.12,349.15,47266200
QQQ,2023-06-06,348.54,350.06,347.22,349.1,41390400
QQQ,2023-06-07,349.38,351.34,342.54,343.17,69225900
QQQ,2023-06-08,343.47,347.89,343.24,347.43,47153900
QQQ,2023-06-09,348.89,351.87,347.31,348.76,53196900
QQQ,2023-06-12,350.42,354.75,349.45,354.65,44606500
QQQ,2023-06-13,357.41,358.22,354.2,357.38,57097800
QQQ,2023-06-14,357.39,360.26,354.58,359.98,69525600
QQQ,2023-06-15,358.71,365.75,358.09,364.27,71138800
QQQ,2023-06-16,366.69,366.81,361.53,361.97,80932000
QQQ,2023-06-20,360.52,362.85,358.49,361.46,49204700
QQQ,2023-06-21,360.31,360.75,355.6,356.53,53378300
QQQ,2023-06-22,355.28,360.89,354.87,360.74,47603000
QQQ,2023-06-23,356.83,359.47,355.47,357.16,48922900
QQQ,2023-06-26,356.63,359.43,352.28,352.37,52685500
QQQ,2023-06-27,353.92,359.16,353.19,358.43,49428100
QQQ,2023-06-28,356.61,361.08,356.53,359.13,46498000
QQQ,2023-06-29,358.83,359.47,356.77,358.41,46151000
QQQ,2023-06-30,362.1,364.99,361.78,363.94,58712500
QQQ,2023-07-03,364.58,365.43,363.49,364.79,19432900
QQQ,2023-07-05,363.23,366.49,363.19,364.78,34460900
QQQ,2023-07-06,361.07,362.45,359.11,362.01,49374700
QQQ,2023-07-07,361.78,364.98,360.58,360.8,47133700
QQQ,2023-07-10,360.53,361.6,358.02,360.92,48498800
QQQ,2023-07-11,361.35,363.16,359.21,362.71,38214100
QQQ,2023-07-12,366.81,368.64,364.8,367.29,61975400
QQQ,2023-07-13,370.47,374.35,369.89,373.52,46960000
QQQ,2023-07-14,373.96,377.18,372.57,373.44,55148500
QQQ,2023-07-17,374.16,377.81,373.68,376.93,40868900
QQQ,2023-07-18,376.29,381.38,374.36,380.02,55262000
QQQ,2023-07-19,381.08,382.22,378.6,379.93,54093000
QQQ,2023-07-20,376.93,378.4,370.14,371.17,71941700
QQQ,2023-07-21,373.55,374.28,369.62,370.06,60499600
QQQ,2023-07-24,371.03,371.98,368.78,370.65,40380100
QQQ,2023-07-25,371.36,374.82,371.34,373.16,38894400
QQQ,2023-07-26,372.11,373.61,369.61,371.92,47075700
QQQ,2023-07-27,377.39,379.0,369.74,371.03,63940200
QQQ,2023-07-28,375.09,378.81,374.58,377.79,56902900
QQQ,2023-07-31,378.09,379.17,376.67,377.99,44019900
QQQ,2023-08-01,376.64,377.87,375.04,377.11,41060600
QQQ,2023-08-02,373.63,373.63,367.59,368.83,72687100
QQQ,2023-08-03,366.42,370.37,366.25,368.24,47666400
QQQ,2023-08-04,370.17,372.49,366.02,366.52,61702800
QQQ,2023-08-07,368.33,369.72,366.0,369.62,37230400
QQQ,2023-08-08,367.11,367.13,363.35,366.48,44726500
QQQ,2023-08-09,366.77,366.92,361.69,362.45,51150900
QQQ,2023-08-10,365.46,368.8,361.59,363.12,72035300
QQQ,2023-08-11,360.56,362.54,359.28,360.8,48707200
QQQ,2023-08-14,360.01,364.97,359.29,364.85,42130800
QQQ,2023-08-15,363.88,364.68,360.31,360.98,45539900
QQQ,2023-08-16,360.44,361.98,357.06,357.16,53190500
QQQ,2023-08-17,358.56,358.9,352.84,353.26,62604300
QQQ,2023-08-18,349.99,354.08,349.45,352.82,61191400
QQQ,2023-08-21,354.28,359.18,353.82,358.5,50696500
QQQ,2023-08-22,361.11,361.12,357.3,357.99,44530200
QQQ,2023-08-23,359.17,364.73,358.95,363.63,51770600
QQQ,2023-08-24,367.11,367.21,355.65,355.86,66842500
QQQ,2023-08-25,356.7,360.31,353.26,358.62,69960500
QQQ,2023-08-28,361.54,362.25,358.84,361.32,40910000
QQQ,2023-08-29,361.12,369.56,360.8,369.21,58492400
QQQ,2023-08-30,369.32,371.85,368.31,371.27,41731500
QQQ,2023-08-31,371.35,374.08,371.28,372.38,35730700
QQQ,2023-09-01,374.75,375.18,370.5,371.99,39801200
QQQ,2023-09-05,371.18,373.68,370.25,372.46,32344200
QQQ,2023-09-06,371.68,372.03,367.17,369.18,42998700
QQQ,2023-09-07,364.72,367.32,363.67,366.54,52060700
QQQ,2023-09-08,366.49,369.29,366.09,367.05,35800100
QQQ,2023-09-11,370.09,371.89,368.11,371.38,39936600
QQQ,2023-09-12,369.7,371.36,366.97,367.26,41391000
QQQ,2023-09-13,367.49,370.26,366.36,368.66,46300700
QQQ,2023-09-14,370.41,372.66,368.34,371.67,48039400
QQQ,2023-09-15,370.33,370.74,364.37,365.31,69811200
QQQ,2023-09-18,364.37,366.8,364.08,365.69,36903500
QQQ,2023-09-19,364.37,365.71,361.88,364.91,37621700
QQQ,2023-09-20,365.97,366.33,359.57,359.65,45514200
QQQ,2023-09-21,355.96,356.75,352.89,353.06,69734800
QQQ,2023-09-22,354.81,356.95,352.79,353.11,51589700
QQQ,2023-09-25,352.14,354.87,351.16,354.79,39168000
QQQ,2023-09-26,352.2,352.74,348.47,349.46,53657700
QQQ,2023-09-27,350.61,352.19,346.65,350.28,56066000
QQQ,2023-09-28,349.36,355.34,348.5,353.21,56453300
QQQ,2023-09-29,356.69,358.08,352.23,353.46,64829600
QQQ,2023-10-02,353.73,357.81,353.12,356.41,51625100
QQQ,2023-10-03,353.97,356.17,348.54,350.16,60478500
QQQ,2023-10-04,351.0,355.77,350.53,354.92,54786700
QQQ,2023-10-05,354.91,355.32,350.38,353.88,45897400
QQQ,2023-10-06,350.88,361.0,350.09,359.81,75049100
QQQ,2023-10-09,357.44,362.19,355.94,361.64,45304800
QQQ,2023-10-10,361.98,366.3,361.48,363.65,46968800
QQQ,2023-10-11,364.98,366.43,363.25,366.24,38215100
QQQ,2023-10-12,366.74,368.73,362.57,364.97,49587900
QQQ,2023-10-13,365.6,366.18,358.98,360.38,52469900
QQQ,2023-10-16,361.7,365.51,361.55,364.45,44201100
QQQ,2023-10-17,360.9,364.96,358.78,363.26,50999100
QQQ,2023-10-18,360.76,362.97,357.16,358.5,54280500
QQQ,2023-10-19,359.92,361.11,354.34,355.14,72274200
QQQ,2023-10-20,354.64,355.21,349.62,349.84,72559700
QQQ,2023-10-23,348.52,354.44,346.41,350.9,60665200
QQQ,2023-10-24,352.71,355.08,351.02,354.31,47082100
QQQ,2023-10-25,351.92,352.09,345.06,345.64,71190500
QQQ,2023-10-26,344.44,345.37,337.76,339.05,78621400
QQQ,2023-10-27,341.78,344.16,339.46,340.68,63476700
QQQ,2023-10-30,343.16,345.84,341.8,344.52,55298500
QQQ,2023-10-31,344.55,346.54,341.97,346.16,47671900
QQQ,2023-11-01,347.0,352.73,346.9,352.17,58992700
QQQ,2023-11-02,356.69,358.8,355.47,358.56,58162400
QQQ,2023-11-03,359.86,364.07,359.63,362.78,53280500
QQQ,2023-11-06,363.55,364.82,361.99,364.26,38848700
QQQ,2023-11-07,365.3,368.57,364.1,367.7,50777400
QQQ,2023-11-08,368.08,368.78,365.65,367.94,35663400
QQQ,2023-11-09,368.63,369.77,364.61,365.11,53859400
QQQ,2023-11-10,366.83,373.46,366.3,373.31,58309800
QQQ,2023-11-13,371.74,373.21,370.21,372.15,40733500
QQQ,2023-11-14,378.56,381.08,378.04,380.16,67792600
QQQ,2023-11-15,382.06,382.55,379.09,380.45,54141400
QQQ,2023-11-16,379.68,381.01,378.41,380.77,45343500
QQQ,2023-11-17,380.04,381.88,379.14,380.86,46571900
QQQ,2023-11-20,380.87,386.16,380.87,385.5,44429600
QQQ,2023-11-21,383.79,384.01,381.51,383.26,43337000
QQQ,2023-11-22,385.33,387.8,383.82,384.83,44121000
QQQ,2023-11-24,384.42,385.02,383.29,384.29,15718800
QQQ,2023-11-27,383.79,385.9,383.07,383.95,34139700
QQQ,2023-11-28,383.2,385.54,382.84,384.96,35491100
QQQ,2023-11-29,387.42,388.85,384.24,384.58,38811700
QQQ,2023-11-30,384.85,385.31,380.64,383.61,52834400
QQQ,2023-12-01,382.55,385.3,380.89,384.71,40490100
QQQ,2023-12-04,380.91,381.41,377.53,381.14,51186900
QQQ,2023-12-05,379.23,383.29,379.06,382.09,42933000
QQQ,2023-12-06,385.03,385.13,379.54,379.88,41994100
QQQ,2023-12-07,382.86,386.02,381.77,385.19,49593500
QQQ,2023-12-08,383.46,387.35,383.27,386.91,46687500
QQQ,2023-12-11,386.49,390.48,386.28,390.21,41198000
QQQ,2023-12-12,390.25,393.44,389.12,393.32,39221200
QQQ,2023-12-13,394.26,398.94,393.49,398.32,55408100
QQQ,2023-12-14,399.55,400.85,394.97,397.98,55447800
QQQ,2023-12-15,398.76,401.09,398.16,399.9,62896600
QQQ,2023-12-18,400.3,403.32,399.97,402.42,46610000
QQQ,2023-12-19,402.88,404.6,402.69,404.48,35711900
QQQ,2023-12-20,403.68,405.77,398.29,398.47,54042400
QQQ,2023-12-21,402.4,403.47,399.84,403.1,45568900
QQQ,2023-12-22,404.32,405.28,401.83,403.71,34314000
QQQ,2023-12-26,404.57,406.85,404.47,406.18,22722500
QQQ,2023-12-27,406.46,407.29,405.6,407.0,31980500
QQQ,2023-12-28,408.16,408.41,406.45,406.81,27029200
QQQ,2023-12-29,406.79,407.14,403.13,405.05,42662100
QQQ,2024-01-02,401.41,401.65,395.87,398.19,58026900
QQQ,2024-01-03,395.56,396.62,393.54,393.98,47002800
QQQ,2024-01-04,392.11,395.22,391.73,391.95,39432800
QQQ,2024-01-05,392.12,395.2,391.02,392.42,44922800
QQQ,2024-01-08,393.64,400.81,393.49,400.53,42473800
QQQ,2024-01-09,397.52,402.25,397.32,401.32,39132900
QQQ,2024-01-10,401.63,405.05,400.74,404.04,33962800
QQQ,2024-01-11,405.31,406.71,399.82,404.88,54536200
QQQ,2024-01-12,405.92,406.76,403.69,405.09,39595000
QQQ,2024-01-16,403.85,406.63,402.39,405.05,43903000
QQQ,2024-01-17,401.73,403.14,398.52,402.76,54386000
QQQ,2024-01-18,406.04,409.06,404.69,408.48,59562500
QQQ,2024-01-19,410.68,416.74,410.1,416.58,70325100
QQQ,2024-01-22,418.78,420.09,416.52,417.12,44880600
QQQ,2024-01-23,417.82,419.07,415.98,418.85,33003800
QQQ,2024-01-24,422.77,425.15,420.68,421.18,46948000
QQQ,2024-01-25,423.68,424.35,419.35,421.69,44367200
QQQ,2024-01-26,419.8,421.55,418.53,419.18,37137000
QQQ,2024-01-29,419.64,423.67,418.98,423.47,38694700
QQQ,2024-01-30,422.43,423.01,419.74,420.65,36739000
QQQ,2024-01-31,416.25,418.25,412.24,412.42,64010600
QQQ,2024-02-01,414.22,417.77,413.25,417.27,51008600
QQQ,2024-02-02,419.17,425.54,418.17,424.32,59602400
QQQ,2024-02-05,424.38,424.92,420.36,423.77,39889200
QQQ,2024-02-06,424.92,425.52,420.58,422.92,35846100
QQQ,2024-02-07,425.71,428.1,424.4,427.27,37712700
QQQ,2024-02-08,427.39,428.82,426.71,428.06,29889900
QQQ,2024-02-09,429.2,433.07,428.41,432.28,36943900
QQQ,2024-02-12,432.17,434.34,429.9,430.58,33203300
QQQ,2024-02-13,422.61,426.56,420.68,423.87,64491700
QQQ,2024-02-14,426.55,428.91,424.2,428.49,45092700
QQQ,2024-02-15,429.18,430.23,426.62,429.76,38796100
QQQ,2024-02-16,430.14,430.24,425.15,425.87,53716500
QQQ,2024-02-20,423.87,425.38,418.87,422.65,53999500
QQQ,2024-02-21,419.91,421.05,417.02,420.96,49779000
QQQ,2024-02-22,429.74,434.32,428.97,433.28,53887800
QQQ,2024-02-23,434.85,435.78,431.03,432.01,39853900
QQQ,2024-02-26,432.82,433.81,431.59,431.78,33043200
QQQ,2024-02-27,432.89,433.21,430.28,432.82,33713200
QQQ,2024-02-28,430.67,431.9,429.56,430.52,32938800
QQQ,2024-02-29,433.44,435.28,430.27,434.2,42495200
QQQ,2024-03-01,435.09,441.7,435.04,440.74,43853000
QQQ,2024-03-04,440.74,441.17,438.92,439.17,34325700
QQQ,2024-03-05,436.12,436.13,428.91,431.29,57917100
QQQ,2024-03-06,435.51,437.16,432.12,434.0,46234500
QQQ,2024-03-07,437.59,441.84,436.04,440.58,44526700
QQQ,2024-03-08,440.94,443.74,433.55,434.22,72096000
QQQ,2024-03-11,432.73,433.87,430.68,432.61,45860000
QQQ,2024-03-12,434.93,439.17,431.69,438.81,55300900
QQQ,2024-03-13,437.81,437.83,434.32,435.44,37928700
QQQ,2024-03-14,436.68,437.2,431.62,434.34,52195200
QQQ,2024-03-15,431.31,434.08,428.01,429.18,73069800
QQQ,2024-03-18,434.51,436.8,433.04,433.27,47323800
QQQ,2024-03-19,431.26,434.76,429.16,434.35,43004100
QQQ,2024-03-20,435.55,439.84,433.85,439.5,43653500
QQQ,2024-03-21,444.56,445.02,441.38,441.58,39345700
QQQ,2024-03-22,441.07,443.19,440.22,442.09,28253900
QQQ,2024-03-25,439.28,441.97,438.28,440.48,27789200
QQQ,2024-03-26,442.01,442.93,438.83,439.06,34142000
QQQ,2024-03-27,442.15,442.25,437.68,440.55,41359200
QQQ,2024-03-28,440.5,441.35,439.38,439.74,36839600
QQQ,2024-04-01,440.69,443.23,438.76,440.67,38729000
QQQ,2024-04-02,435.85,437.19,433.82,436.87,44259700
QQQ,2024-04-03,434.74,439.73,434.73,437.85,39949800
QQQ,2024-04-04,442.04,442.65,430.93,431.15,57267700
QQQ,2024-04-05,432.58,438.91,431.77,436.23,54744600
QQQ,2024-04-08,437.17,438.24,434.98,436.36,28144900
QQQ,2024-04-09,438.7,438.98,433.23,437.98,39443600
QQQ,2024-04-10,432.8,435.02,432.08,434.15,61502200
QQQ,2024-04-11,436.03,442.04,433.75,441.09,45474600
QQQ,2024-04-12,436.86,437.99,432.68,434.06,53665000
QQQ,2024-04-15,437.81,437.9,426.07,426.91,63453600
QQQ,2024-04-16,426.76,429.59,425.57,426.95,47619000
QQQ,2024-04-17,428.94,428.96,420.81,421.75,56880500
QQQ,2024-04-18,422.39,424.12,418.76,419.34,46549400
QQQ,2024-04-19,418.16,418.68,409.1,410.66,75231000
QQQ,2024-04-22,413.3,417.13,409.96,414.79,47807700
QQQ,2024-04-23,416.72,422.18,414.84,420.98,44384700
QQQ,2024-04-24,424.08,425.6,420.12,422.41,48440300
QQQ,2024-04-25,415.21,421.23,414.12,420.37,57392200
QQQ,2024-04-26,423.51,428.39,422.81,426.86,41874900
QQQ,2024-04-29,428.97,429.59,425.85,428.59,30022200
QQQ,2024-04-30,427.0,428.4,420.43,420.51,43665900
QQQ,2024-05-01,419.08,426.0,416.61,417.47,52251700
QQQ,2024-05-02,421.21,423.7,416.59,422.79,36559000
QQQ,2024-05-03,430.26,432.28,428.46,431.29,48515300
QQQ,2024-05-06,433.09,436.11,432.32,436.02,30227200
QQQ,2024-05-07,436.46,437.72,435.35,436.09,30996100
QQQ,2024-05-08,433.46,437.23,433.34,435.83,24896700
QQQ,2024-05-09,436.1,437.35,434.24,436.78,24580100
QQQ,2024-05-10,438.28,440.04,436.26,437.81,27116600
QQQ,2024-05-13,439.72,439.82,437.4,438.82,22994200
QQQ,2024-05-14,438.39,442.18,438.21,441.64,34478300
QQQ,2024-05-15,444.12,448.79,442.6,448.54,41464700
QQQ,2024-05-16,448.36,450.32,447.47,447.63,34780400
QQQ,2024-05-17,447.76,448.37,445.22,447.42,35803700
QQQ,2024-05-20,447.63,451.2,447.45,450.54,24474200
QQQ,2024-05-21,448.68,451.61,448.49,451.42,23167700
QQQ,2024-05-22,451.67,452.43,448.72,451.33,25120000
QQQ,2024-05-23,456.12,456.15,447.51,449.3,40899200
QQQ,2024-05-24,450.91,454.81,449.21,453.55,29669500
QQQ,2024-05-28,454.76,455.32,452.3,455.26,26216800
QQQ,2024-05-29,451.1,453.83,450.96,452.05,29739200
QQQ,2024-05-30,451.12,451.26,445.88,447.21,30536800
QQQ,2024-05-31,447.44,448.13,438.8,446.38,55941300
QQQ,2024-06-03,450.2,451.2,443.59,448.77,32997500
QQQ,2024-06-04,448.52,451.2,446.79,450.0,23767400
QQQ,2024-06-05,453.58,459.15,450.04,459.07,33817400
QQQ,2024-06-06,459.76,460.07,457.75,458.91,21966800
QQQ,2024-06-07,458.55,461.26,457.4,458.51,25829700
QQQ,2024-06-10,457.38,460.72,457.09,460.36,20660800
QQQ,2024-06-11,459.08,463.64,457.59,463.52,22053300
QQQ,2024-06-12,467.45,471.92,466.76,469.59,34532600
QQQ,2024-06-13,473.13,473.79,469.86,472.14,25859000
QQQ,2024-06-14,471.94,474.65,471.47,474.58,23372600
QQQ,2024-06-17,474.85,482.18,473.54,480.4,37054500
QQQ,2024-06-18,480.35,481.23,478.78,480.54,24438600
QQQ,2024-06-20,481.74,482.16,475.01,476.84,33918700
QQQ,2024-06-21,476.56,477.9,474.07,475.56,37456800
QQQ,2024-06-24,474.33,476.07,470.01,470.15,37751000
QQQ,2024-06-25,472.24,475.82,471.3,475.52,29014700
QQQ,2024-06-26,474.7,477.05,474.29,476.51,22737100
QQQ,2024-06-27,476.26,479.22,475.45,477.74,26222100
QQQ,2024-06-28,478.53,483.28,474.61,475.26,34881600
QQQ,2024-07-01,476.18,478.61,472.43,478.04,24898300
QQQ,2024-07-02,476.55,483.12,476.42,483.06,26723600
QQQ,2024-07-03,482.31,487.22,482.31,487.09,18064900
QQQ,2024-07-05,487.93,492.61,487.64,492.17,28495900
QQQ,2024-07-08,492.54,493.9,491.52,493.34,22109400
QQQ,2024-07-09,494.86,495.98,492.25,493.77,25614500
QQQ,2024-07-10,495.69,499.47,494.38,498.92,28046900
QQQ,2024-07-11,499.02,499.23,486.78,487.97,49966600
QQQ,2024-07-12,488.55,495.6,488.08,490.84,37109400
QQQ,2024-07-15,492.62,496.98,490.12,492.16,31151400
QQQ,2024-07-16,493.62,494.43,489.18,492.35,25950600
QQQ,2024-07-17,484.35,484.87,477.83,477.9,56268800
QQQ,2024-07-18,481.63,481.8,472.44,475.63,49347400
QQQ,2024-07-19,475.3,477.82,470.13,471.42,42042900
QQQ,2024-07-22,477.29,479.46,473.87,478.44,40300000
QQQ,2024-07-23,477.54,480.53,476.28,476.75,23282500
QQQ,2024-07-24,470.01,470.38,458.79,459.65,58818600
QQQ,2024-07-25,459.99,464.18,451.97,454.58,59256800
QQQ,2024-07-26,458.93,462.18,456.07,459.25,39992100
QQQ,2024-07-29,461.96,464.15,457.91,460.17,28218500
QQQ,2024-07-30,462.1,462.81,450.5,453.85,41317200
QQQ,2024-07-31,464.11,468.99,462.66,467.28,44552100
QQQ,2024-08-01,467.97,471.73,452.31,455.96,56653900
QQQ,2024-08-02,447.26,449.92,440.9,445.14,66323200
QQQ,2024-08-05,421.29,438.73,420.04,431.87,87483500
QQQ,2024-08-06,433.71,443.47,431.07,436.0,63164400
QQQ,2024-08-07,442.9,445.39,430.88,431.27,54929200
QQQ,2024-08-08,437.51,445.38,433.63,444.47,47890100
QQQ,2024-08-09,443.15,448.42,442.03,446.79,33574000
QQQ,2024-08-12,447.76,450.72,444.94,447.75,27795000
QQQ,2024-08-13,452.15,459.13,452.02,458.86,40084500
QQQ,2024-08-14,459.78,461.37,454.71,459.01,34733700
QQQ,2024-08-15,464.99,471.0,464.61,470.6,38280600
QQQ,2024-08-16,468.82,472.58,467.86,471.21,38383600
QQQ,2024-08-19,471.35,477.44,469.56,477.4,23737700
QQQ,2024-08-20,476.49,479.06,474.7,476.4,29209300
QQQ,2024-08-21,477.18,480.47,475.47,478.62,25658800
QQQ,2024-08-22,480.94,481.64,470.0,471.03,37739600
QQQ,2024-08-23,475.39,478.86,471.46,476.14,36061500
QQQ,2024-08-26,475.59,476.52,469.43,471.52,27452600
QQQ,2024-08-27,469.88,474.0,467.92,472.93,27510000
QQQ,2024-08-28,472.46,473.18,464.13,467.56,37372400
QQQ,2024-08-29,469.47,474.09,465.6,466.88,41081500
QQQ,2024-08-30,471.22,473.06,466.73,472.44,33466500
QQQ,2024-09-03,469.39,469.52,455.72,458.1,44985200
QQQ,2024-09-04,454.98,460.72,454.05,456.91,32505100
QQQ,2024-09-05,455.28,461.62,454.26,457.33,34452400
QQQ,2024-09-06,456.63,457.51,444.59,445.08,50624400
QQQ,2024-09-09,449.42,451.8,446.2,450.81,32981200
QQQ,2024-09-10,452.57,455.48,448.59,454.97,29680300
QQQ,2024-09-11,456.21,465.6,447.65,464.85,57843000
QQQ,2024-09-12,464.88,470.23,463.1,469.41,40067800
QQQ,2024-09-13,468.68,472.7,468.45,471.52,29111800
QQQ,2024-09-16,469.38,470.05,466.11,469.43,22585600
QQQ,2024-09-17,472.46,473.76,467.18,469.68,30084400
QQQ,2024-09-18,470.88,474.98,467.04,467.65,39909200
QQQ,2024-09-19,478.73,482.32,476.63,479.47,52782500
QQQ,2024-09-20,478.61,479.8,474.45,478.56,34577700
QQQ,2024-09-23,479.74,480.92,478.4,479.83,24843000
QQQ,2024-09-24,481.24,483.1,476.98,482.14,25952600
QQQ,2024-09-25,481.52,484.55,481.34,482.59,26549900
QQQ,2024-09-26,490.09,490.42,482.57,486.22,32020200
QQQ,2024-09-27,487.24,487.38,482.33,483.51,22851100
QQQ,2024-09-30,482.55,485.16,479.71,484.83,30281100
QQQ,2024-10-01,484.46,484.76,474.23,478.07,42735400
QQQ,2024-10-02,477.17,480.66,474.54,478.75,23744000
QQQ,2024-10-03,476.55,481.33,475.81,478.39,25337200
QQQ,2024-10-04,484.21,484.64,479.18,484.08,30686600
QQQ,2024-10-07,482.16,483.34,477.67,478.9,24975100
QQQ,2024-10-08,481.44,486.73,480.63,486.05,28272000
QQQ,2024-10-09,485.75,490.45,484.71,489.87,24995000
QQQ,2024-10-10,487.59,491.18,486.28,489.32,25750400
QQQ,2024-10-11,487.48,491.1,486.91,490.08,20644500
QQQ,2024-10-14,492.47,495.51,491.97,494.19,26060100
QQQ,2024-10-15,494.52,495.19,485.43,487.59,34784500
QQQ,2024-10-16,487.91,488.42,484.33,487.65,22996800
QQQ,2024-10-17,493.14,493.19,487.92,487.98,27210700
QQQ,2024-10-18,490.78,492.28,490.02,491.18,25335000
QQQ,2024-10-21,489.97,492.93,488.04,492.13,30336500
QQQ,2024-10-22,489.45,494.14,488.7,492.66,26685800
QQQ,2024-10-23,490.31,490.96,481.83,485.11,39346600
QQQ,2024-10-24,488.84,489.72,486.19,489.05,22024900
QQQ,2024-10-25,491.85,496.95,491.14,492.03,38762100
QQQ,2024-10-28,495.15,495.21,491.81,492.11,20477800
QQQ,2024-10-29,492.42,498.02,490.57,496.84,28014100
QQQ,2024-10-30,496.07,497.02,492.59,493.08,29756000
QQQ,2024-10-31,489.11,489.16,480.53,480.63,41245200
QQQ,2024-11-01,482.27,487.49,481.97,484.19,33655800
QQQ,2024-11-04,483.58,486.13,481.03,482.78,23291600
QQQ,2024-11-05,484.37,489.6,484.28,488.94,24353600
QQQ,2024-11-06,497.23,503.04,496.28,502.22,43082200
QQQ,2024-11-07,505.02,510.91,504.96,510.13,32853100
QQQ,2024-11-08,509.63,511.5,509.0,510.72,22924500
QQQ,2024-11-11,511.94,512.15,507.52,510.42,24167500
QQQ,2024-11-12,510.35,511.24,506.44,509.5,25835300
QQQ,2024-11-13,508.99,511.56,506.56,508.84,24567400
QQQ,2024-11-14,508.51,509.38,504.39,505.31,28679500
QQQ,2024-11-15,499.6,499.98,491.2,493.27,51461100
QQQ,2024-11-18,494.82,498.8,493.43,496.7,27080800
QQQ,2024-11-19,494.11,500.6,493.78,500.11,24523000
QQQ,2024-11-20,499.82,500.13,493.26,499.83,29565500
QQQ,2024-11-21,502.87,503.59,494.25,501.62,34526700
QQQ,2024-11-22,501.07,503.16,499.44,502.43,23826600
QQQ,2024-11-25,506.51,508.05,500.91,503.22,26375200
QQQ,2024-11-26,504.7,506.75,503.86,505.92,26557100
QQQ,2024-11-27,504.79,504.86,498.59,501.94,24957400
QQQ,2024-11-29,502.57,506.95,501.95,506.35,15334000
QQQ,2024-12-02,507.61,512.83,507.23,511.86,25147200
QQQ,2024-12-03,510.53,513.71,509.96,513.43,18597900
QQQ,2024-12-04,516.86,520.04,516.15,519.78,26086200
QQQ,2024-12-05,519.83,520.56,517.95,518.34,18169600
QQQ,2024-12-06,519.01,523.22,518.88,522.98,23762600
QQQ,2024-12-09,522.06,522.85,517.75,518.91,20674400
QQQ,2024-12-10,520.14,521.89,515.71,517.14,24350000
QQQ,2024-12-11,521.51,527.08,521.1,526.4,32168600
QQQ,2024-12-12,524.17,525.44,522.52,523.0,23577500
QQQ,2024-12-13,526.93,529.63,523.79,527.0,28780400
QQQ,2024-12-16,529.54,535.57,529.46,534.59,31979900
QQQ,2024-12-17,532.79,533.91,530.58,532.24,28579100
QQQ,2024-12-18,531.59,533.31,511.59,513.04,54703200
QQQ,2024-12-19,517.73,518.29,510.41,510.75,46441800
QQQ,2024-12-20,507.05,521.33,505.9,515.21,60530000
QQQ,2024-12-23,516.93,520.61,513.53,520.23,29672800
QQQ,2024-12-24,522.18,527.38,521.54,527.29,17558200
QQQ,2024-12-26,525.65,528.56,523.65,526.93,19090500
QQQ,2024-12-27,523.36,523.79,515.25,519.92,33839600
QQQ,2024-12-30,512.91,516.74,509.25,513.01,34584000
QQQ,2024-12-31,514.29,515.05,507.69,508.65,29117000
QQQ,2025-01-02,511.7,514.03,503.16,507.66,36389800
QQQ,2025-01-03,510.76,517.03,509.94,515.96,29059500
QQQ,2025-01-06,521.38,525.26,519.4,521.89,36109700
QQQ,2025-01-07,522.94,523.34,510.69,512.58,36690300
QQQ,2025-01-08,512.48,514.31,507.99,512.67,30777800
QQQ,2025-01-10,508.9,509.0,501.38,504.63,40532500
QQQ,2025-01-13,498.67,503.47,497.18,503.01,31694200
QQQ,2025-01-14,506.17,507.59,499.06,502.53,33737200
QQQ,2025-01-15,510.44,515.24,508.88,514.09,34957600
QQQ,2025-01-16,516.36,516.44,510.36,510.49,28229000
QQQ,2025-01-17,520.21,521.43,510.52,519.11,51837900
QQQ,2025-01-21,521.83,523.32,517.44,522.15,23628000
QQQ,2025-01-22,526.9,531.13,526.59,528.83,33593000
QQQ,2025-01-23,526.37,530.07,525.78,529.95,23096600
QQQ,2025-01-24,530.33,531.1,525.48,526.96,19878300
QQQ,2025-01-27,508.42,515.38,507.58,511.62,60771700
QQQ,2025-01-28,512.62,520.36,509.2,519.18,33194200
QQQ,2025-01-29,519.82,519.95,514.29,518.2,26649000
QQQ,2025-01-30,521.07,523.45,515.6,520.41,27431300
QQQ,2025-01-31,524.26,528.84,518.56,519.65,38755200
QQQ,2025-02-03,510.88,518.22,508.47,515.5,40580800
QQQ,2025-02-04,516.01,522.46,515.61,521.82,26046800
QQQ,2025-02-05,519.19,524.35,517.99,524.19,21134100
QQQ,2025-02-06,524.7,527.14,523.09,526.93,19434500
QQQ,2025-02-07,527.46,529.41,519.56,520.28,29605500
QQQ,2025-02-10,524.56,527.68,524.09,526.58,20852800
QQQ,2025-02-11,523.31,527.25,523.18,525.33,19325500
QQQ,2025-02-12,519.66,526.52,519.32,525.63,25009400
QQQ,2025-02-13,527.31,533.51,526.52,533.2,28714800
QQQ,2025-02-14,533.31,536.12,532.97,535.43,17862600
QQQ,2025-02-18,537.01,537.28,533.34,536.65,20565000
QQQ,2025-02-19,535.85,538.08,533.75,536.8,19666900
QQQ,2025-02-20,536.01,536.38,529.77,534.52,26550800
QQQ,2025-02-21,535.66,535.68,523.06,523.43,47093800
QQQ,2025-02-24,525.22,526.4,516.91,517.25,39268400
QQQ,2025-02-25,516.62,516.7,506.87,510.73,48940000
QQQ,2025-02-26,512.93,517.04,508.79,511.96,34457600
QQQ,2025-02-27,515.52,516.45,497.53,497.75,52448000
QQQ,2025-02-28,497.61,506.21,494.42,505.61,47654000
QQQ,2025-03-03,508.94,510.45,491.09,494.54,44587200
QQQ,2025-03-04,491.69,501.2,485.28,493.05,67875400
QQQ,2025-03-05,493.7,501.09,488.78,499.48,46323700
QQQ,2025-03-06,491.2,496.06,483.75,485.74,57574300
QQQ,2025-03-07,484.7,490.79,478.11,489.31,54714700
QQQ,2025-03-10,481.01,481.53,466.3,470.34,76668000
QQQ,2025-03-11,469.97,476.39,464.65,469.22,68760800
QQQ,2025-03-12,476.74,478.63,469.41,474.51,46971100
QQQ,2025-03-13,473.85,473.88,464.08,465.98,46563300
QQQ,2025-03-14,471.34,478.14,470.73,477.24,43563000
QQQ,2025-03-17,477.19,483.39,475.39,480.33,41744400
QQQ,2025-03-18,476.99,477.19,470.03,472.15,39072300
QQQ,2025-03-19,474.4,482.88,472.47,478.46,40430300
QQQ,2025-03-20,474.47,482.1,473.78,476.84,36780500
QQQ,2025-03-21,471.69,479.18,470.52,478.41,42234900
QQQ,2025-03-24,486.0,489.76,482.67,488.91,34567200
QQQ,2025-03-25,489.64,491.86,488.67,491.7,26035200
QQQ,2025-03-26,490.55,491.4,481.1,482.65,34627100
QQQ,2025-03-27,480.69,484.85,478.54,479.9,33469800
QQQ,2025-03-28,478.1,478.81,466.38,467.27,46363800
QQQ,2025-03-31,460.27,468.19,455.7,467.25,53000300
QQQ,2025-04-01,465.64,471.94,462.77,471.02,41156200
QQQ,2025-04-02,464.46,477.85,464.2,474.45,49894500
QQQ,2025-04-03,454.81,458.43,448.54,449.05,70456300
QQQ,2025-04-04,436.58,438.8,421.16,421.16,117088400
QQQ,2025-04-07,407.2,441.56,400.96,422.18,161557000
QQQ,2025-04-08,436.6,441.56,408.33,414.58,101248100
QQQ,2025-04-09,414.09,466.16,413.95,464.34,142876900
QQQ,2025-04-10,451.94,453.97,431.09,444.59,108384100
QQQ,2025-04-11,443.07,454.17,439.76,452.78,52483800
QQQ,2025-04-14,462.81,463.39,451.02,455.85,43941200
QQQ,2025-04-15,456.91,460.73,454.53,456.36,35404200
QQQ,2025-04-16,447.43,451.01,436.2,442.6,48980600
QQQ,2025-04-17,445.58,446.15,439.79,442.52,44837000
QQQ,2025-04-21,436.67,437.52,426.41,431.57,44149300
QQQ,2025-04-22,437.26,445.99,436.06,442.9,52304400
QQQ,2025-04-23,456.54,461.73,451.27,452.94,55801100
QQQ,2025-04-24,454.85,465.99,454.21,465.69,45956100
QQQ,2025-04-25,465.31,471.4,463.73,470.88,38697100
QQQ,2025-04-28,471.34,473.12,464.37,470.73,33550800
QQQ,2025-04-29,468.5,474.72,467.92,473.84,30613100
QQQ,2025-04-30,465.47,475.5,460.78,473.78,46810600
QQQ,2025-05-01,481.69,485.44,479.03,479.96,43316500
QQQ,2025-05-02,484.81,489.16,483.1,487.09,39218100
QQQ,2025-05-05,482.87,487.29,482.38,484.2,28309500
QQQ,2025-05-06,477.85,483.32,476.49,479.7,32786300
QQQ,2025-05-07,480.36,484.07,475.08,481.58,38006300
QQQ,2025-05-08,486.79,490.94,482.45,486.55,39577600
QQQ,2025-05-09,488.46,489.79,484.47,486.23,27767400
QQQ,2025-05-12,505.18,506.08,499.69,506.04,45090600
QQQ,2025-05-13,507.35,515.55,506.61,513.75,53269600
QQQ,2025-05-14,514.93,517.38,513.91,516.83,47014500
QQQ,2025-05-15,514.68,520.07,513.33,517.4,50153300
QQQ,2025-05-16,518.81,519.84,515.26,519.65,48394600
QQQ,2025-05-19,512.41,520.67,512.41,520.15,52536200
QQQ,2025-05-20,517.62,519.07,514.82,518.42,42517600
QQQ,2025-05-21,514.43,521.14,509.42,511.21,71292800
QQQ,2025-05-22,511.83,515.87,510.48,512.17,55607200
QQQ,2025-05-23,504.38,510.02,503.78,507.43,58368100
QQQ,2025-05-27,514.31,519.85,512.76,519.36,47226300
QQQ,2025-05-28,520.32,521.81,516.54,517.06,46637200
QQQ,2025-05-29,524.46,524.6,515.48,518.08,58513300
QQQ,2025-05-30,517.59,518.83,510.11,517.26,67662800
QQQ,2025-06-02,515.4,521.59,514.13,521.35,44762800
QQQ,2025-06-03,521.69,526.86,520.83,525.42,44070300
QQQ,2025-06-04,526.13,527.95,524.1,526.89,41359300
QQQ,2025-06-05,528.29,531.15,520.8,522.92,61031200
QQQ,2025-06-06,528.11,529.91,526.33,528.03,42467000
QQQ,2025-06-09,528.25,530.45,527.13,528.81,33688700
QQQ,2025-06-10,529.28,532.99,527.01,532.31,40664800
QQQ,2025-06-11,533.71,534.87,528.22,530.51,53701000
QQQ,2025-06-12,529.2,532.74,528.95,531.76,34104900
QQQ,2025-06-13,525.8,529.98,523.86,525.08,55814400
QQQ,2025-06-16,528.61,533.46,528.56,532.39,37622100
QQQ,2025-06-17,529.82,531.43,526.03,527.2,42180900
QQQ,2025-06-18,528.21,530.65,525.52,527.11,43983500
QQQ,2025-06-20,530.36,531.66,523.01,524.95,61643500
QQQ,2025-06-23,525.52,530.87,522.37,530.35,50666100
QQQ,2025-06-24,535.58,539.38,534.96,538.46,45442000
QQQ,2025-06-25,540.74,541.98,538.06,539.84,44804200
QQQ,2025-06-26,542.02,545.33,540.2,544.89,43811400
QQQ,2025-06-27,545.92,548.65,543.21,546.75,57577100
QQQ,2025-06-30,549.91,551.45,547.67,550.29,45548700
QQQ,2025-07-01,548.39,549.36,543.33,545.65,56166700
QQQ,2025-07-02,544.83,549.65,544.79,549.45,36538300
QQQ,2025-07-03,551.83,555.84,551.83,554.86,26443500
QQQ,2025-07-07,552.17,552.99,548.24,550.68,45349300
QQQ,2025-07-08,552.03,552.66,549.75,550.99,36153300
QQQ,2025-07-09,553.13,556.27,551.75,554.89,43045500
QQQ,2025-07-10,555.53,555.94,551.4,554.09,34710900
QQQ,2025-07-11,551.95,554.43,550.7,552.85,39618600
QQQ,2025-07-14,552.64,555.59,550.28,554.85,36453300
QQQ,2025-07-15,558.88,559.43,555.3,555.36,43277700
QQQ,2025-07-16,555.92,558.84,550.21,555.93,52314700
QQQ,2025-07-17,556.66,560.94,555.85,560.43,40423800
QQQ,2025-07-18,561.74,563.35,558.61,559.89,50484700
QQQ,2025-07-21,560.72,564.68,560.69,562.79,39595200
QQQ,2025-07-22,562.92,562.97,557.25,559.88,43270600
QQQ,2025-07-23,560.97,562.47,558.21,562.43,40215300
QQQ,2025-07-24,563.75,564.86,561.91,563.63,42275500
QQQ,2025-07-25,563.55,566.31,562.89,564.99,30630800
QQQ,2025-07-28,566.35,567.65,565.48,566.75,31498700
QQQ,2025-07-29,569.37,570.71,565.15,565.87,45463300
QQQ,2025-07-30,566.79,569.23,563.67,566.63,43433800
QQQ,2025-07-31,573.14,573.23,562.49,563.63,64613600
QQQ,2025-08-01,557.46,557.65,550.33,552.53,69400800
QQQ,2025-08-04,557.68,562.94,557.58,562.72,47669800
QQQ,2025-08-05,564.01,565.18,558.36,558.9,48666600
QQQ,2025-08-06,559.74,566.37,559.26,565.93,41823700
QQQ,2025-08-07,570.27,571.92,563.73,567.85,44463000
QQQ,2025-08-08,569.06,573.37,568.76,573.15,35255500
QQQ,2025-08-11,573.29,575.39,570.17,571.45,33112900
QQQ,2025-08-12,573.75,578.93,571.09,578.63,42143300
QQQ,2025-08-13,581.34,581.89,577.53,578.92,41209300
QQQ,2025-08-14,576.87,580.46,576.5,578.47,45425000
QQQ,2025-08-15,578.38,578.42,574.16,575.93,49480200
QQQ,2025-08-18,575.03,576.36,573.83,575.7,29831000
QQQ,2025-08-19,574.98,575.15,566.86,567.89,53752600
QQQ,2025-08-20,566.94,567.06,557.47,564.52,76781100
QQQ,2025-08-21,562.97,565.11,559.61,561.9,46436900
QQQ,2025-08-22,563.29,572.59,561.89,570.57,51502100
QQQ,2025-08-25,569.01,571.89,567.77,568.93,34044700
QQQ,2025-08-26,568.44,571.52,567.41,571.21,34103000
QQQ,2025-08-27,570.19,573.01,568.98,572.09,36927100
QQQ,2025-08-28,572.71,576.59,571.06,575.67,46787900
QQQ,2025-08-29,573.26,573.63,567.15,569.01,56030400
QQQ,2025-09-02,559.94,564.59,558.17,564.24,65876800
QQQ,2025-09-03,567.84,570.3,565.35,568.68,54230200
QQQ,2025-09-04,569.35,574.19,567.64,573.82,47526300
QQQ,2025-09-05,579.07,579.7,570.13,574.65,68342500
QQQ,2025-09-08,576.96,579.42,576.36,577.46,46371400
QQQ,2025-09-09,578.25,579.52,575.63,579.09,44007600
QQQ,2025-09-10,582.31,582.34,577.14,579.28,49308000
QQQ,2025-09-11,581.81,583.45,580.2,582.65,44745800
QQQ,2025-09-12,583.61,586.42,582.67,585.23,50745900
QQQ,2025-09-15,587.0,590.34,586.85,590.23,44360300
QQQ,2025-09-16,591.16,591.41,589.05,589.74,36942100
QQQ,2025-09-17,589.66,590.3,582.94,588.56,69384800
QQQ,2025-09-18,593.46,596.68,591.51,593.87,61069300
QQQ,2025-09-19,595.87,598.58,594.39,597.89,58196100
QQQ,2025-09-22,596.97,602.09,596.95,601.43,57154800
QQQ,2025-09-23,601.59,601.79,596.21,597.43,64635500
QQQ,2025-09-24,598.81,599.13,592.6,595.33,49850300
QQQ,2025-09-25,591.44,594.35,587.74,592.77,70920200
QQQ,2025-09-26,593.59,595.53,590.3,595.2,54337400
QQQ,2025-09-29,598.34,601.28,596.64,597.96,48332900
QQQ,2025-09-30,597.66,599.94,595.33,599.6,46533800
QQQ,2025-10-01,596.4,603.01,595.57,602.47,46899600
QQQ,2025-10-02,606.28,606.38,602.15,604.95,43765400
QQQ,2025-10-03,605.73,606.55,600.62,602.4,46482100
QQQ,2025-10-06,607.67,608.58,605.19,606.93,41962100
QQQ,2025-10-07,608.24,608.93,602.25,603.73,58209500
QQQ,2025-10-08,604.63,610.96,604.48,610.65,50629800
QQQ,2025-10-09,610.69,610.82,606.7,609.91,45551000
QQQ,2025-10-10,610.61,612.39,588.29,588.74,97614800
QQQ,2025-10-13,598.91,602.17,596.46,601.24,65872600
QQQ,2025-10-14,594.54,601.91,589.37,597.23,69203200
QQQ,2025-10-15,603.23,605.92,595.16,601.45,62805500
QQQ,2025-10-16,604.33,607.53,594.73,599.22,70982000
QQQ,2025-10-17,597.18,604.73,595.6,603.15,72024900
QQQ,2025-10-20,606.36,612.01,606.29,610.75,45761700
QQQ,2025-10-21,610.85,611.93,608.54,610.59,44538200
QQQ,2025-10-22,610.03,610.62,598.97,604.71,61478800
QQQ,2025-10-23,604.13,610.58,603.74,609.79,42844300
QQQ,2025-10-24,615.2,617.62,614.34,616.31,47632500
QQQ,2025-10-27,623.72,627.74,623.23,627.28,54098600
QQQ,2025-10-28,629.55,633.86,628.44,632.11,61195700
QQQ,2025-10-29,634.77,636.19,629.44,634.95,67422800
QQQ,2025-10-30,631.36,632.68,625.13,625.24,61628600
QQQ,2025-10-31,633.35,633.38,625.88,628.26,66305100
QQQ,2025-11-03,634.29,635.0,629.04,631.27,37154300
QQQ,2025-11-04,622.48,626.14,617.66,618.45,63830800
QQQ,2025-11-05,617.69,625.79,616.42,622.48,48688500
QQQ,2025-11-06,620.99,621.24,609.51,610.88,72115100
QQQ,2025-11-07,607.53,609.17,597.9,608.96,81835400
QQQ,2025-11-10,618.12,623.51,616.1,622.43,55919900
QQQ,2025-11-11,619.77,621.92,616.73,620.77,44868800
QQQ,2025-11-12,624.04,624.06,617.02,620.28,47444400
QQQ,2025-11-13,616.75,617.32,605.3,607.62,71333600
QQQ,2025-11-14,598.78,612.56,596.4,608.08,80087300
QQQ,2025-11-17,605.52,611.69,599.1,602.88,63850400
QQQ,2025-11-18,598.85,601.54,590.58,595.54,83327300
QQQ,2025-11-19,596.3,605.38,593.82,599.1,73111500
QQQ,2025-11-20,610.83,613.24,584.0,584.92,117743200
QQQ,2025-11-21,586.71,596.21,579.99,589.31,103344200
QQQ,2025-11-24,594.51,605.9,594.39,604.38,60168100
QQQ,2025-11-25,602.73,609.47,596.55,608.11,57560900
QQQ,2025-11-26,611.72,615.4,609.6,613.48,42393600
QQQ,2025-11-28,615.32,618.52,614.63,618.45,23034400
QQQ,2025-12-01,612.84,618.64,611.73,616.38,40957600
QQQ,2025-12-02,618.66,622.95,616.8,621.2,54541800
QQQ,2025-12-03,618.82,623.42,617.23,622.72,47841600
QQQ,2025-12-04,624.13,624.14,618.74,622.14,47067800
QQQ,2025-12-05,623.58,628.11,622.91,624.68,53614200
QQQ,2025-12-08,626.4,628.03,620.89,623.48,43462400
QQQ,2025-12-09,622.21,625.06,620.2,624.25,37156000
QQQ,2025-12-10,623.05,628.4,620.19,626.8,55031400
QQQ,2025-12-11,623.02,624.97,616.93,624.78,58272800
QQQ,2025-12-12,621.28,622.74,610.57,612.83,75158700
QQQ,2025-12-15,617.57,617.62,608.54,609.75,49538200
QQQ,2025-12-16,607.48,612.72,606.13,610.96,55152800
QQQ,2025-12-17,612.27,612.86,599.51,599.64,70654300
QQQ,2025-12-18,609.02,612.14,606.14,608.33,78875800
QQQ,2025-12-19,611.16,616.83,611.08,616.26,60369800
QQQ,2025-12-22,621.35,621.65,617.77,619.21,43703100
QQQ,2025-12-23,618.2,622.41,617.78,622.11,41120400
QQQ,2025-12-24,621.99,624.28,621.72,623.93,18468700
QQQ,2025-12-26,624.66,625.52,623.14,623.89,28959800
QQQ,2025-12-29,620.1,622.78,618.73,620.87,32458300
QQQ,2025-12-30,619.84,622.18,619.22,619.43,31226800
QQQ,2025-12-31,619.65,619.96,614.05,614.31,40746500
QQQ,2026-01-02,620.06,622.85,610.15,613.12,61859200
QQQ,2026-01-05,619.32,620.81,616.72,617.99,46828400
QQQ,2026-01-06,619.23,624.02,618.54,623.42,43137500
QQQ,2026-01-07,623.04,627.94,622.56,624.02,44880300
QQQ,2026-01-08,623.03,623.42,617.8,620.47,50435900
QQQ,2026-01-09,621.41,627.89,619.06,626.65,49688700
QQQ,2026-01-12,622.31,628.85,622.26,627.17,37388700
QQQ,2026-01-13,627.27,629.47,623.7,626.24,44481400
QQQ,2026-01-14,622.24,623.45,614.56,619.55,72598700
QQQ,2026-01-15,626.6,630.0,620.75,621.78,53934900
QQQ,2026-01-16,625.5,626.08,618.88,621.26,61058100
QQQ,2026-01-20,610.53,615.06,607.05,608.06,81988900
QQQ,2026-01-21,609.47,620.42,607.86,616.28,79837900
QQQ,2026-01-22,622.35,622.46,617.78,620.76,42254800
QQQ,2026-01-23,619.73,625.4,618.65,622.72,43645800
QQQ,2026-01-26,623.21,627.61,622.12,625.46,35983000
QQQ,2026-01-27,628.91,632.04,627.34,631.13,38997200
QQQ,2026-01-28,635.46,636.6,631.81,633.22,50691700
QQQ,2026-01-29,632.65,633.67,618.27,629.43,79944000
QQQ,2026-01-30,625.71,628.26,619.3,621.87,65650700
QQQ,2026-02-02,618.7,628.49,618.66,626.14,49020300
QQQ,2026-02-03,628.3,629.98,610.96,616.52,81234000
QQQ,2026-02-04,615.02,615.1,600.47,605.75,81850700
QQQ,2026-02-05,600.21,604.81,594.76,597.03,89354500
QQQ,2026-02-06,600.19,611.41,598.77,609.65,78019300
QQQ,2026-02-09,607.54,616.46,605.07,614.32,56797600
QQQ,2026-02-10,615.31,617.02,611.01,611.47,53938900
QQQ,2026-02-11,616.38,617.52,607.69,613.11,58575100
QQQ,2026-02-12,614.71,615.81,599.57,600.64,81378900
QQQ,2026-02-13,600.43,606.48,596.42,601.92,69237500
QQQ,2026-02-17,598.38,603.95,593.34,601.3,69013800
QQQ,2026-02-18,602.11,609.77,600.72,605.79,64250700
QQQ,2026-02-19,602.81,605.82,600.75,603.47,60960800
QQQ,2026-02-20,600.12,610.35,599.23,608.81,74127300
QQQ,2026-02-23,606.61,608.01,599.05,601.41,63859100
QQQ,2026-02-24,602.4,608.99,599.73,607.87,55023700
QQQ,2026-02-25,611.07,616.83,611.0,616.68,55710700
QQQ,2026-02-26,615.59,615.59,603.98,609.24,96178900
QQQ,2026-02-27,602.98,608.32,602.19,607.29,68125200
QQQ,2026-03-02,598.86,609.92,597.99,608.09,75264600
QQQ,2026-03-03,596.33,603.96,591.87,601.58,97015500
QQQ,2026-03-04,604.16,612.88,603.43,610.75,70943900
QQQ,2026-03-05,607.4,612.76,602.26,608.91,89602400
QQQ,2026-03-06,600.31,606.0,598.33,599.75,86302300
QQQ,2026-03-09,594.23,609.27,591.33,607.76,93068200
QQQ,2026-03-10,607.78,613.29,605.42,607.77,64078900
QQQ,2026-03-11,608.95,612.43,605.03,607.69,60114800
QQQ,2026-03-12,602.76,604.14,597.05,597.26,71836600
QQQ,2026-03-13,599.73,603.6,592.57,593.72,63145500
QQQ,2026-03-16,600.04,603.86,599.11,600.38,49077200
QQQ,2026-03-17,603.14,605.9,601.87,603.31,47003700
QQQ,2026-03-18,601.5,603.15,594.56,594.9,55253316
QQQ,2026-03-19,589.53,595.8,587.08,593.02,71900023
QQQ,2026-03-20,591.07,591.15,578.54,582.06,89087904
QQQ,2026-03-23,590.47,595.08,585.96,588.0,85760937
QQQ,2026-03-24,584.82,587.93,581.94,583.98,50831532
QQQ,2026-03-25,589.11,591.37,585.69,587.82,58868432
QQQ,2026-03-26,582.6,584.61,573.43,573.79,80431893
QQQ,2026-03-27,570.81,571.02,561.57,562.58,81422505
QQQ,2026-03-30,567.34,568.04,555.6,558.28,69312730
QQQ,2026-03-31,564.29,578.64,564.21,577.18,93624299
QQQ,2026-04-01,581.48,587.74,580.42,584.31,78627972
QQQ,2026-04-02,573.97,585.99,571.92,584.98,50156537
QQQ,2026-04-06,586.2,590.61,584.69,588.5,35022875
QQQ,2026-04-07,585.63,588.98,578.4,588.59,43054470
QQQ,2026-04-08,608.71,609.89,602.13,606.09,59433295
QQQ,2026-04-09,606.04,610.5,603.03,610.19,36992284
QQQ,2026-04-10,611.85,613.67,609.58,611.07,32071786
QQQ,2026-04-13,609.56,617.96,608.11,617.39,32287760
QQQ,2026-04-14,620.27,628.6,620.1,628.6,48253723
QQQ,2026-04-15,629.12,637.65,628.2,637.4,46965650
QQQ,2026-04-16,639.22,642.18,635.26,640.47,41864338
SPY,2015-01-02,171.38,171.79,169.55,170.59,121465900
SPY,2015-01-05,169.54,169.71,167.2,167.51,169632600
SPY,2015-01-06,167.82,168.34,165.13,165.93,209151400
SPY,2015-01-07,167.26,168.34,166.81,168.0,125346700
SPY,2015-01-08,169.41,171.2,169.39,170.98,147217800
SPY,2015-01-09,171.4,171.41,169.0,169.61,158567300
SPY,2015-01-12,169.74,169.9,167.67,168.28,144396100
SPY,2015-01-13,169.5,170.63,166.5,167.81,214553300
SPY,2015-01-14,165.79,166.99,164.89,166.79,192991100
SPY,2015-01-15,167.43,167.75,165.15,165.27,176613900
SPY,2015-01-16,165.06,167.59,164.88,167.43,211879600
SPY,2015-01-20,168.07,168.34,166.22,167.79,130991100
SPY,2015-01-21,167.33,169.12,166.86,168.64,122942700
SPY,2015-01-22,169.39,171.28,168.02,171.15,174356000
SPY,2015-01-23,170.89,171.15,170.07,170.21,117516800
SPY,2015-01-26,169.99,170.7,169.28,170.61,92009700
SPY,2015-01-27,168.55,169.5,167.53,168.36,134044600
SPY,2015-01-28,169.54,169.64,166.01,166.2,168514300
SPY,2015-01-29,166.4,167.99,164.98,167.73,173585400
SPY,2015-01-30,166.55,167.88,165.36,165.62,197729700
SPY,2015-02-02,166.12,167.77,164.3,167.67,163107000
SPY,2015-02-03,168.57,170.11,168.2,170.1,124212900
SPY,2015-02-04,169.34,170.55,169.0,169.45,134306700
SPY,2015-02-05,170.12,171.31,170.04,171.16,97953200
SPY,2015-02-06,171.53,172.09,170.17,170.69,125672000
SPY,2015-02-09,170.04,170.76,169.52,169.93,87219000
SPY,2015-02-10,170.96,171.99,169.97,171.74,96164200
SPY,2015-02-11,171.57,172.27,170.92,171.84,91087800
SPY,2015-02-12,172.63,173.55,171.87,173.49,97545900
SPY,2015-02-13,173.61,174.25,173.35,174.2,93670400
SPY,2015-02-17,173.89,174.65,173.64,174.48,76968200
SPY,2015-02-18,174.1,174.57,173.84,174.49,80652900
SPY,2015-02-19,173.89,174.73,173.75,174.37,91462500
SPY,2015-02-20,173.95,175.49,173.33,175.41,140896400
SPY,2015-02-23,175.17,175.39,174.78,175.39,74411100
SPY,2015-02-24,175.31,176.09,175.02,175.89,72472300
SPY,2015-02-25,175.76,176.24,175.4,175.74,73061700
SPY,2015-02-26,175.65,175.8,174.92,175.53,72697900
SPY,2015-02-27,175.43,175.7,174.88,174.93,108076000
SPY,2015-03-02,175.03,176.1,174.98,176.04,87491400
SPY,2015-03-03,175.61,176.09,174.45,175.31,110325800
SPY,2015-03-04,174.72,174.79,173.6,174.58,114497200
SPY,2015-03-05,174.9,175.05,174.26,174.77,76873000
SPY,2015-03-06,173.9,174.33,171.98,172.31,188128000
SPY,2015-03-09,172.51,173.38,172.35,173.02,89818900
SPY,2015-03-10,171.65,171.74,170.17,170.22,157121300
SPY,2015-03-11,170.47,170.65,169.73,169.82,110145700
SPY,2015-03-12,170.45,172.04,170.4,171.98,93993500
SPY,2015-03-13,171.7,172.67,169.88,170.92,162410900
SPY,2015-03-16,171.65,173.3,170.95,173.21,136099200
SPY,2015-03-17,172.47,173.07,171.88,172.69,94510400
SPY,2015-03-18,172.22,175.44,171.58,174.77,228808500
SPY,2015-03-19,174.35,174.77,173.58,173.97,117917300
SPY,2015-03-20,174.92,176.01,174.74,175.5,177715100
SPY,2015-03-23,175.51,176.09,175.16,175.16,71784500
SPY,2015-03-24,175.04,175.5,174.11,174.18,77805300
SPY,2015-03-25,174.39,174.62,171.58,171.63,159521700
SPY,2015-03-26,170.96,172.14,170.26,171.22,153067200
SPY,2015-03-27,171.1,171.78,170.91,171.61,118939000
SPY,2015-03-30,172.64,174.0,172.63,173.7,96180400
SPY,2015-03-31,172.88,173.58,172.13,172.19,126768700
SPY,2015-04-01,172.15,172.18,170.58,171.58,137303600
SPY,2015-04-02,171.51,172.64,171.33,172.19,86900900
SPY,2015-04-06,171.3,173.87,171.17,173.35,114368200
SPY,2015-04-07,173.38,174.13,172.86,172.89,81236300
SPY,2015-04-08,173.12,173.92,172.73,173.48,89351900
SPY,2015-04-09,173.31,174.48,172.82,174.25,85548900
SPY,2015-04-10,174.5,175.24,174.3,175.2,72722900
SPY,2015-04-13,175.05,175.69,174.35,174.4,74436600
SPY,2015-04-14,174.2,174.92,173.58,174.74,75099900
SPY,2015-04-15,175.2,176.03,175.12,175.52,99529300
SPY,2015-04-16,175.19,175.98,174.99,175.47,68934900
SPY,2015-04-17,174.28,174.52,172.67,173.45,191113200
SPY,2015-04-20,174.38,175.37,174.3,175.04,92189500
SPY,2015-04-21,175.72,175.88,174.53,174.83,72559800
SPY,2015-04-22,175.17,175.87,174.25,175.69,78264600
SPY,2015-04-23,175.29,176.78,175.17,176.13,102585900
SPY,2015-04-24,176.55,176.81,176.09,176.54,61327400
SPY,2015-04-27,177.11,177.23,175.61,175.81,79358100
SPY,2015-04-28,175.78,176.41,174.6,176.36,86863500
SPY,2015-04-29,175.47,176.24,174.83,175.64,125684900
SPY,2015-04-30,175.06,175.45,173.18,173.88,161304900
SPY,2015-05-01,174.66,175.81,174.56,175.76,103399700
SPY,2015-05-04,176.19,176.85,176.08,176.26,70927200
SPY,2015-05-05,176.02,176.38,174.1,174.25,113326200
SPY,2015-05-06,174.8,175.1,172.46,173.53,135060200
SPY,2015-05-07,173.43,174.65,173.09,174.22,88244900
SPY,2015-05-08,175.9,176.71,175.81,176.51,155877300
SPY,2015-05-11,176.47,176.74,175.6,175.67,75708100
SPY,2015-05-12,174.84,175.69,174.01,175.15,119727600
SPY,2015-05-13,175.56,176.18,174.95,175.18,94667900
SPY,2015-05-14,176.2,177.1,175.92,177.01,95934000
SPY,2015-05-15,177.2,177.34,176.71,177.2,76510100
SPY,2015-05-18,177.03,178.0,176.96,177.75,74549700
SPY,2015-05-19,177.87,178.14,177.41,177.69,72114600
SPY,2015-05-20,177.79,178.32,177.25,177.57,76857500
SPY,2015-05-21,177.42,178.29,177.26,178.08,64764600
SPY,2015-05-22,177.7,178.12,177.59,177.66,57433500
SPY,2015-05-26,177.16,177.59,175.33,175.75,124308600
SPY,2015-05-27,176.21,177.65,175.8,177.42,93214000
SPY,2015-05-28,177.11,177.32,176.52,177.21,74974600
SPY,2015-05-29,177.15,177.19,175.85,176.11,124919600
SPY,2015-06-01,176.78,177.11,175.68,176.47,93338800
SPY,2015-06-02,176.01,176.99,175.39,176.3,91531000
SPY,2015-06-03,176.83,177.39,176.27,176.76,87820900
SPY,2015-06-04,176.06,176.71,174.95,175.27,151882800
SPY,2015-06-05,175.12,175.65,174.31,174.97,121704700
SPY,2015-06-08,174.86,175.01,173.82,173.9,89063300
SPY,2015-06-09,173.87,174.41,173.24,173.87,105034700
SPY,2015-06-10,174.64,176.34,174.58,175.96,134551300
SPY,2015-06-11,176.4,176.91,176.16,176.52,73876400
SPY,2015-06-12,175.7,176.4,174.9,175.17,135382400
SPY,2015-06-15,174.03,174.7,173.32,174.42,124384200
SPY,2015-06-16,174.27,175.45,174.1,175.37,85308200
SPY,2015-06-17,175.66,176.26,174.63,175.66,126708600
SPY,2015-06-18,176.26,177.95,175.69,177.48,165867900
SPY,2015-06-19,177.24,177.31,176.32,176.69,130478700
SPY,2015-06-22,177.62,178.19,177.39,177.6,70696000
SPY,2015-06-23,177.81,178.06,177.33,177.72,68476800
SPY,2015-06-24,177.46,177.83,176.41,176.43,92307300
SPY,2015-06-25,176.94,177.06,175.82,175.9,97107400
SPY,2015-06-26,176.26,176.5,175.31,175.86,104174800
SPY,2015-06-29,174.38,175.87,172.1,172.18,202621300
SPY,2015-06-30,173.72,173.77,172.06,172.54,182925100
SPY,2015-07-01,174.11,174.36,173.13,173.92,135979900
SPY,2015-07-02,174.4,174.56,173.34,173.76,104373700
SPY,2015-07-06,172.47,174.05,172.27,173.27,117975400
SPY,2015-07-07,173.47,174.48,171.08,174.36,173820200
SPY,2015-07-08,173.01,173.3,171.2,171.43,164020100
SPY,2015-07-09,173.53,173.79,171.63,171.74,144113100
SPY,2015-07-10,173.74,174.32,171.78,173.9,129456900
SPY,2015-07-13,175.17,175.93,175.13,175.82,106069400
SPY,2015-07-14,175.78,176.9,175.72,176.58,81709600
SPY,2015-07-15,176.63,177.09,176.05,176.53,97914100
SPY,2015-07-16,177.58,177.94,177.34,177.94,106683300
SPY,2015-07-17,177.93,178.15,177.52,178.09,89030000
SPY,2015-07-20,178.32,178.68,177.87,178.19,70446800
SPY,2015-07-21,178.05,178.31,177.18,177.48,77965000
SPY,2015-07-22,176.79,177.5,176.76,177.16,88667900
SPY,2015-07-23,177.3,177.4,175.81,176.17,90509100
SPY,2015-07-24,176.27,176.33,174.0,174.34,117755000
SPY,2015-07-27,173.45,173.96,172.88,173.32,132361100
SPY,2015-07-28,174.16,175.6,173.33,175.45,123544800
SPY,2015-07-29,175.58,176.89,175.44,176.66,105791300
SPY,2015-07-30,176.15,176.87,175.53,176.7,91304400
SPY,2015-07-31,177.21,177.23,176.15,176.43,103266900
SPY,2015-08-03,176.4,176.46,174.88,175.84,113965700
SPY,2015-08-04,175.76,176.22,175.01,175.5,81820800
SPY,2015-08-05,176.39,177.11,175.79,176.07,85786800
SPY,2015-08-06,176.26,176.37,174.05,174.63,116030800
SPY,2015-08-07,174.47,174.62,173.39,174.3,117858000
SPY,2015-08-10,175.41,176.58,175.41,176.49,80270700
SPY,2015-08-11,175.15,175.57,174.14,174.9,126081400
SPY,2015-08-12,173.59,175.29,172.13,175.11,172123700
SPY,2015-08-13,174.95,175.64,174.35,174.89,89383300
SPY,2015-08-14,174.7,175.6,174.56,175.53,72786500
SPY,2015-08-17,174.93,176.51,174.47,176.51,79072600
SPY,2015-08-18,176.23,176.58,175.76,176.0,71692700
SPY,2015-08-19,175.25,176.02,173.79,174.61,172946000
SPY,2015-08-20,173.09,174.58,170.9,170.96,194327900
SPY,2015-08-21,169.08,170.94,165.55,165.81,346588500
SPY,2015-08-24,157.15,165.52,152.88,158.83,507244300
SPY,2015-08-25,163.8,163.82,156.67,156.96,369833100
SPY,2015-08-26,161.0,163.27,157.89,162.99,339257000
SPY,2015-08-27,165.14,167.15,163.62,167.02,274143900
SPY,2015-08-28,166.38,167.5,165.89,167.03,160414400
SPY,2015-08-31,166.05,166.9,165.13,165.68,163298800
SPY,2015-09-01,161.87,163.25,159.86,160.74,256000400
SPY,2015-09-02,163.12,163.83,161.28,163.79,160269300
SPY,2015-09-03,164.5,166.0,163.41,163.9,152087800
SPY,2015-09-04,161.64,162.49,160.6,161.42,207081000
SPY,2015-09-08,164.23,165.63,163.59,165.48,116025700
SPY,2015-09-09,167.06,167.19,162.9,163.27,149347700
SPY,2015-09-10,163.07,165.3,162.81,164.15,158611100
SPY,2015-09-11,163.76,164.97,163.05,164.9,119691200
SPY,2015-09-14,165.08,165.13,163.8,164.29,79452000
SPY,2015-09-15,164.79,166.79,164.25,166.34,113806200
SPY,2015-09-16,166.64,167.98,166.3,167.78,99581600
SPY,2015-09-17,167.65,170.06,167.03,167.41,276046600
SPY,2015-09-18,164.89,167.39,164.26,164.67,223657500
SPY,2015-09-21,165.51,166.55,164.47,165.52,105726200
SPY,2015-09-22,163.35,163.84,162.24,163.37,153890900
SPY,2015-09-23,163.54,164.01,162.53,163.11,92790600
SPY,2015-09-24,161.89,162.99,160.55,162.52,159378800
SPY,2015-09-25,163.99,164.29,161.6,162.48,155054800
SPY,2015-09-28,161.58,161.69,158.09,158.4,178515900
SPY,2015-09-29,158.62,159.86,157.49,158.5,159045600
SPY,2015-09-30,160.39,161.62,159.61,161.45,163452000
SPY,2015-10-01,161.83,162.18,159.93,161.87,131079000
SPY,2015-10-02,159.89,164.32,159.34,164.29,211003300
SPY,2015-10-05,165.52,167.44,165.41,167.22,126320800
SPY,2015-10-06,167.08,167.65,165.98,166.64,110274500
SPY,2015-10-07,167.58,168.36,166.38,168.01,124307300
SPY,2015-10-08,167.62,169.81,167.32,169.52,153055200
SPY,2015-10-09,169.67,170.11,168.99,169.63,107069200
SPY,2015-10-12,169.7,169.99,169.27,169.79,56395600
SPY,2015-10-13,169.05,170.32,168.55,168.72,88038700
SPY,2015-10-14,168.66,169.24,167.61,167.91,99106200
SPY,2015-10-15,168.57,170.49,168.2,170.48,134142200
SPY,2015-10-16,170.89,171.28,170.12,171.26,114580100
SPY,2015-10-19,170.61,171.34,170.3,171.34,76523900
SPY,2015-10-20,170.91,171.74,170.65,171.13,78448500
SPY,2015-10-21,171.55,171.7,169.89,170.06,102038000
SPY,2015-10-22,171.02,173.15,170.06,172.94,174911700
SPY,2015-10-23,174.61,175.2,173.81,174.83,144442300
SPY,2015-10-26,174.66,174.71,174.03,174.4,69033000
SPY,2015-10-27,173.73,174.4,173.38,174.07,77905800
SPY,2015-10-28,174.4,176.07,173.74,176.05,135906700
SPY,2015-10-29,175.54,176.32,175.42,175.94,90525500
SPY,2015-10-30,176.14,176.46,175.03,175.19,131076900
SPY,2015-11-02,175.51,177.45,175.39,177.26,86270800
SPY,2015-11-03,176.9,178.33,176.68,177.77,95246100
SPY,2015-11-04,178.07,178.19,176.69,177.23,96224500
SPY,2015-11-05,177.29,177.76,176.16,177.06,78408700
SPY,2015-11-06,176.71,177.2,175.63,176.96,110471500
SPY,2015-11-09,176.35,176.5,174.36,175.31,131008700
SPY,2015-11-10,174.83,175.75,174.56,175.72,75874600
SPY,2015-11-11,175.99,176.04,174.96,175.03,67846000
SPY,2015-11-12,173.98,174.45,172.57,172.58,121315200
SPY,2015-11-13,172.17,172.44,170.56,170.64,153577100
SPY,2015-11-16,170.46,173.3,170.34,173.24,117645200
SPY,2015-11-17,173.55,174.44,172.62,173.11,121123700
SPY,2015-11-18,173.59,176.0,173.55,175.86,121342500
SPY,2015-11-19,175.74,176.13,175.41,175.71,88220500
SPY,2015-11-20,176.47,177.03,175.97,176.35,94011500
SPY,2015-11-23,176.41,176.91,175.68,176.15,64931200
SPY,2015-11-24,175.14,176.79,174.75,176.38,98874400
SPY,2015-11-25,176.51,176.71,176.1,176.36,51980100
SPY,2015-11-27,176.45,176.76,175.97,176.56,37317800
SPY,2015-11-30,176.72,176.84,175.72,175.83,112822700
SPY,2015-12-01,176.46,177.62,176.18,177.5,97858400
SPY,2015-12-02,177.45,177.77,175.44,175.69,108441300
SPY,2015-12-03,175.94,176.21,172.51,173.23,166224200
SPY,2015-12-04,173.23,176.9,173.23,176.61,192913900
SPY,2015-12-07,176.28,176.7,174.57,175.54,102027100
SPY,2015-12-08,173.97,175.49,173.37,174.36,103372400
SPY,2015-12-09,173.72,175.82,172.03,173.0,162401500
SPY,2015-12-10,173.07,174.76,172.84,173.45,116128900
SPY,2015-12-11,171.33,171.99,169.78,170.09,211173300
SPY,2015-12-14,170.25,171.07,168.46,170.95,182385200
SPY,2015-12-15,172.46,173.65,170.92,172.74,154069600
SPY,2015-12-16,173.87,175.57,172.55,175.27,197017000
SPY,2015-12-17,175.58,175.65,172.58,172.6,173092500
SPY,2015-12-18,171.86,171.99,169.36,169.52,251393500
SPY,2015-12-21,170.7,171.1,169.58,170.92,99094300
SPY,2015-12-22,171.81,172.77,170.82,172.47,111026200
SPY,2015-12-23,173.48,174.65,173.39,174.61,110987200
SPY,2015-12-24,174.36,174.87,174.1,174.32,48539600
SPY,2015-12-28,173.63,173.97,172.85,173.92,65899900
SPY,2015-12-29,175.03,176.11,174.99,175.78,92640700
SPY,2015-12-30,175.53,175.62,174.39,174.53,63317700
SPY,2015-12-31,173.86,174.5,172.79,172.79,114877900
SPY,2016-01-04,169.92,170.38,168.31,170.37,222353500
SPY,2016-01-05,170.69,171.12,169.55,170.66,110845800
SPY,2016-01-06,168.1,169.56,167.47,168.51,152112600
SPY,2016-01-07,165.55,167.34,164.07,164.46,213436100
SPY,2016-01-08,165.43,165.99,162.37,162.66,209817200
SPY,2016-01-11,163.58,163.92,160.88,162.82,187941300
SPY,2016-01-12,164.27,164.89,162.0,164.13,172330500
SPY,2016-01-13,164.8,165.15,159.66,160.04,221168900
SPY,2016-01-14,160.65,163.8,159.05,162.67,240795600
SPY,2016-01-15,158.29,159.98,157.24,159.18,324846400
SPY,2016-01-19,161.0,161.13,157.81,159.39,195244400
SPY,2016-01-20,156.82,158.91,153.42,157.35,286547800
SPY,2016-01-21,157.82,160.07,156.49,158.23,195772900
SPY,2016-01-22,160.85,161.68,160.08,161.47,168319600
SPY,2016-01-25,160.96,161.16,158.84,159.03,130371700
SPY,2016-01-26,159.69,161.48,159.35,161.2,141036800
SPY,2016-01-27,160.68,162.35,158.54,159.45,185681700
SPY,2016-01-28,161.0,161.2,158.63,160.28,143798800
SPY,2016-01-29,161.05,164.32,160.93,164.19,210529300
SPY,2016-02-01,163.18,164.91,162.59,164.13,136061600
SPY,2016-02-02,162.69,162.7,160.64,161.17,182564900
SPY,2016-02-03,162.23,162.54,158.57,162.13,205054900
SPY,2016-02-04,161.63,163.36,161.0,162.39,139531800
SPY,2016-02-05,161.87,162.45,158.66,159.29,180788300
SPY,2016-02-08,157.45,157.74,154.93,157.15,191526700
SPY,2016-02-09,155.4,158.44,155.27,157.16,184513100
SPY,2016-02-10,157.99,159.63,156.9,157.02,148214100
SPY,2016-02-11,154.54,156.03,153.48,154.98,219058900
SPY,2016-02-12,156.76,158.19,155.91,158.18,127632400
SPY,2016-02-16,159.99,160.87,159.02,160.85,120250700
SPY,2016-02-17,162.02,163.85,161.89,163.47,136009500
SPY,2016-02-18,163.74,163.8,162.49,162.8,102343000
SPY,2016-02-19,162.02,162.88,161.41,162.73,114793000
SPY,2016-02-22,164.31,165.23,164.24,165.08,103640300
SPY,2016-02-23,164.42,164.69,162.88,163.0,111455300
SPY,2016-02-24,161.57,164.02,160.46,163.74,150812200
SPY,2016-02-25,164.19,165.74,163.43,165.73,110728300
SPY,2016-02-26,166.6,166.69,165.19,165.35,129833700
SPY,2016-02-29,165.36,166.31,163.85,164.05,125918100
SPY,2016-03-01,165.28,167.99,164.8,167.91,141799700
SPY,2016-03-02,167.59,168.71,167.18,168.66,102415000
SPY,2016-03-03,168.48,169.34,167.91,169.32,95172200
SPY,2016-03-04,169.52,170.65,168.69,169.87,129293600
SPY,2016-03-07,168.95,170.41,168.87,170.01,100219000
SPY,2016-03-08,168.93,169.44,167.99,168.15,123974900
SPY,2016-03-09,168.97,169.33,168.18,168.98,94801200
SPY,2016-03-10,169.47,170.41,167.29,169.12,156838700
SPY,2016-03-11,170.58,171.89,169.1,171.85,137964500
SPY,2016-03-14,171.34,172.08,171.01,171.63,73612000
SPY,2016-03-15,170.66,171.65,170.4,171.35,93169100
SPY,2016-03-16,170.86,172.75,170.82,172.34,129303200
SPY,2016-03-17,172.25,173.94,171.86,173.43,134278500
SPY,2016-03-18,173.93,174.45,173.62,174.11,138372400
SPY,2016-03-21,173.85,174.59,173.62,174.36,72926700
SPY,2016-03-22,173.59,174.84,173.42,174.27,97471900
SPY,2016-03-23,173.88,174.07,172.95,173.12,81052500
SPY,2016-03-24,172.09,173.07,171.86,173.04,84360900
SPY,2016-03-28,173.46,173.67,172.69,173.14,62408200
SPY,2016-03-29,172.73,174.85,172.43,174.74,92922900
SPY,2016-03-30,175.75,176.23,175.14,175.51,86365300
SPY,2016-03-31,175.42,175.84,174.92,175.08,94584100
SPY,2016-04-01,174.09,176.46,173.77,176.28,114423500
SPY,2016-04-04,176.2,176.4,175.4,175.71,63497000
SPY,2016-04-05,174.36,175.71,173.7,173.95,99662200
SPY,2016-04-06,173.95,175.91,173.77,175.85,91839800
SPY,2016-04-07,174.76,175.12,173.01,173.75,113859000
SPY,2016-04-08,174.93,175.37,173.68,174.22,95040600
SPY,2016-04-11,174.85,175.55,173.71,173.81,83757500
SPY,2016-04-12,173.98,175.71,173.53,175.43,115350600
SPY,2016-04-13,176.35,177.28,176.21,177.2,96336400
SPY,2016-04-14,177.26,177.71,176.86,177.21,65212900
SPY,2016-04-15,177.21,177.34,176.69,177.01,75761600
SPY,2016-04-18,177.01,178.29,176.35,178.25,82531000
SPY,2016-04-19,178.68,179.07,178.0,178.82,88316100
SPY,2016-04-20,178.86,179.68,178.38,178.99,81100300
SPY,2016-04-21,179.0,179.11,177.75,178.02,85695000
SPY,2016-04-22,177.67,178.3,177.12,178.02,99251700
SPY,2016-04-25,177.42,177.76,176.81,177.72,66166500
SPY,2016-04-26,178.08,178.49,177.5,177.98,75864200
SPY,2016-04-27,177.6,178.74,177.24,178.35,77329400
SPY,2016-04-28,177.59,178.7,176.31,176.73,97216200
SPY,2016-04-29,176.11,176.46,174.67,175.77,142424100
SPY,2016-05-02,176.28,177.35,175.84,177.17,62188000
SPY,2016-05-03,175.94,176.17,174.88,175.63,106422100
SPY,2016-05-04,174.63,175.37,174.15,174.65,92243800
SPY,2016-05-05,175.12,175.48,174.19,174.62,67619200
SPY,2016-05-06,173.84,175.3,173.69,175.25,89315000
SPY,2016-05-09,175.13,175.83,174.95,175.4,74374900
SPY,2016-05-10,176.11,177.6,176.04,177.58,77472200
SPY,2016-05-11,177.12,177.66,175.92,175.92,81727000
SPY,2016-05-12,176.59,176.76,174.96,175.97,89586300
SPY,2016-05-13,175.67,176.23,174.11,174.44,96474600
SPY,2016-05-16,174.61,176.63,174.55,176.16,77486800
SPY,2016-05-17,175.89,176.17,173.99,174.51,114924900
SPY,2016-05-18,174.16,175.75,173.47,174.56,120062100
SPY,2016-05-19,173.84,174.25,172.75,173.96,115430500
SPY,2016-05-20,174.57,175.58,174.52,175.06,104990400
SPY,2016-05-23,175.08,175.36,174.63,174.82,58682600
SPY,2016-05-24,175.64,177.4,175.61,177.09,93537800
SPY,2016-05-25,177.77,178.71,177.09,178.29,76621400
SPY,2016-05-26,178.42,178.65,178.02,178.34,55280700
SPY,2016-05-27,178.5,179.11,178.45,179.11,64211200
SPY,2016-05-31,179.38,179.49,178.2,178.76,109879400
SPY,2016-06-01,178.15,179.31,177.96,179.13,69936200
SPY,2016-06-02,178.73,179.69,178.25,179.68,63044700
SPY,2016-06-03,179.11,179.49,177.93,179.14,101757100
SPY,2016-06-06,179.5,180.41,179.34,180.05,64887000
SPY,2016-06-07,180.2,180.89,180.18,180.33,60974800
SPY,2016-06-08,180.47,181.05,180.34,180.92,66170900
SPY,2016-06-09,180.19,180.79,179.91,180.67,73786900
SPY,2016-06-10,179.29,179.63,178.42,178.96,113829200
SPY,2016-06-13,178.36,179.22,177.5,177.58,117751200
SPY,2016-06-14,177.2,177.83,176.28,177.23,125059300
SPY,2016-06-15,177.23,178.36,176.8,176.98,109124500
SPY,2016-06-16,176.98,177.68,175.14,177.51,149533100
SPY,2016-06-17,177.41,177.43,176.19,176.85,117055700
SPY,2016-06-20,178.82,179.5,177.9,177.99,82789600
SPY,2016-06-21,178.38,178.91,177.93,178.5,72461700
SPY,2016-06-22,178.68,179.4,178.06,178.2,95560500
SPY,2016-06-23,179.67,180.58,179.21,180.53,102731400
SPY,2016-06-24,174.38,180.56,173.6,174.04,333444400
SPY,2016-06-27,172.63,172.64,170.11,170.93,230775800
SPY,2016-06-28,172.54,174.03,172.23,174.01,159382400
SPY,2016-06-29,175.41,177.2,175.31,176.97,137328600
SPY,2016-06-30,177.44,179.44,176.89,179.39,165021900
SPY,2016-07-01,179.39,180.25,179.22,179.76,106055300
SPY,2016-07-05,178.93,179.04,177.87,178.47,109803700
SPY,2016-07-06,177.97,179.66,177.31,179.54,96021500
SPY,2016-07-07,179.72,180.39,178.66,179.43,85593800
SPY,2016-07-08,180.73,182.35,180.5,182.1,133971000
SPY,2016-07-11,182.56,183.32,182.36,182.74,73633900
SPY,2016-07-12,183.71,184.37,182.77,184.07,101275600
SPY,2016-07-13,184.49,184.5,183.56,184.04,87324100
SPY,2016-07-14,185.31,185.54,184.68,185.07,91230900
SPY,2016-07-15,185.64,185.83,184.38,184.82,107155400
SPY,2016-07-18,184.94,185.48,184.69,185.32,58725900
SPY,2016-07-19,184.9,185.17,184.65,185.13,54345700
SPY,2016-07-20,185.13,186.14,185.13,185.9,58159500
SPY,2016-07-21,185.79,186.01,184.76,185.2,67777300
SPY,2016-07-22,185.32,186.08,185.06,186.03,62787500
SPY,2016-07-25,185.83,185.88,184.94,185.53,55873100
SPY,2016-07-26,185.42,185.97,184.76,185.61,70080500
SPY,2016-07-27,185.99,186.06,184.64,185.41,84083900
SPY,2016-07-28,185.22,185.92,184.76,185.63,65035700
SPY,2016-07-29,185.36,186.29,185.08,185.93,79519400
SPY,2016-08-01,185.99,186.38,185.32,185.77,73311400
SPY,2016-08-02,185.53,185.68,183.74,184.58,92295500
SPY,2016-08-03,184.52,185.18,184.22,185.12,53993600
SPY,2016-08-04,185.23,185.64,183.47,185.32,46585500
SPY,2016-08-05,185.32,186.88,185.32,186.84,71892200
SPY,2016-08-08,187.02,187.13,186.46,186.72,39906500
SPY,2016-08-09,186.79,187.33,186.51,186.84,51251700
SPY,2016-08-10,186.95,187.02,186.02,186.37,57941100
SPY,2016-08-11,186.9,187.49,186.64,187.24,72504300
SPY,2016-08-12,186.93,187.29,186.67,187.08,61313500
SPY,2016-08-15,187.44,187.97,187.44,187.62,49813500
SPY,2016-08-16,187.2,187.26,186.65,186.65,53213600
SPY,2016-08-17,186.68,187.14,185.84,187.0,75134300
SPY,2016-08-18,186.97,187.45,186.86,187.42,52989300
SPY,2016-08-19,186.95,187.32,186.46,187.14,75443000
SPY,2016-08-22,186.9,187.37,186.54,187.14,61368800
SPY,2016-08-23,187.75,188.05,187.45,187.51,53399200
SPY,2016-08-24,187.37,187.46,186.13,186.55,71728900
SPY,2016-08-25,186.17,186.84,186.01,186.43,69224800
SPY,2016-08-26,186.61,187.64,185.18,186.07,122506300
SPY,2016-08-29,186.2,187.26,186.17,186.99,70502200
SPY,2016-08-30,186.9,187.19,186.13,186.68,58114500
SPY,2016-08-31,186.35,186.47,185.37,186.15,85269500
SPY,2016-09-01,186.14,186.45,185.0,186.16,97844200
SPY,2016-09-02,187.02,187.43,186.43,187.0,79293900
SPY,2016-09-06,187.28,187.64,186.56,187.56,56702100
SPY,2016-09-07,187.4,187.73,186.94,187.55,76554900
SPY,2016-09-08,187.21,187.49,186.81,187.12,74102900
SPY,2016-09-09,185.8,185.85,182.61,182.64,221589100
SPY,2016-09-12,181.88,185.66,181.81,185.26,168110900
SPY,2016-09-13,183.98,184.24,181.97,182.6,182828800
SPY,2016-09-14,182.65,183.86,181.97,182.53,134185500
SPY,2016-09-15,182.37,184.74,182.19,184.35,134427900
SPY,2016-09-16,183.73,183.92,182.95,183.64,155236400
SPY,2016-09-19,184.29,184.94,183.35,183.67,80250500
SPY,2016-09-20,184.54,184.69,183.65,183.68,69665300
SPY,2016-09-21,184.39,185.93,183.7,185.75,110284400
SPY,2016-09-22,186.76,187.22,186.51,186.92,76678700
SPY,2016-09-23,186.52,186.66,185.8,185.9,73630900
SPY,2016-09-26,185.06,185.24,184.19,184.39,89827300
SPY,2016-09-27,184.23,185.63,183.86,185.53,78494800
SPY,2016-09-28,185.76,186.61,184.79,186.45,87411000
SPY,2016-09-29,186.25,186.65,184.22,184.77,128070600
SPY,2016-09-30,185.6,186.87,185.35,186.16,117202900
SPY,2016-10-03,185.75,185.94,185.08,185.71,83512100
SPY,2016-10-04,185.83,186.05,184.17,184.77,119948100
SPY,2016-10-05,185.4,186.02,185.33,185.59,72816000
SPY,2016-10-06,185.36,185.94,184.82,185.71,62927400
SPY,2016-10-07,185.99,186.16,184.35,185.08,89788300
SPY,2016-10-10,186.04,186.51,185.9,186.04,51855000
SPY,2016-10-11,185.61,185.68,182.96,183.69,130367400
SPY,2016-10-12,183.83,184.46,183.33,183.93,73866100
SPY,2016-10-13,182.6,183.83,181.78,183.33,101357000
SPY,2016-10-14,184.31,184.78,183.35,183.43,93346200
SPY,2016-10-17,183.4,183.66,182.61,182.79,58275700
SPY,2016-10-18,184.39,184.45,183.55,183.93,76869700
SPY,2016-10-19,184.2,184.73,183.84,184.42,66519200
SPY,2016-10-20,184.07,184.64,183.42,184.08,73639800
SPY,2016-10-21,184.08,184.25,183.12,184.17,89089100
SPY,2016-10-24,185.04,185.32,184.6,184.95,60146600
SPY,2016-10-25,184.77,185.03,184.17,184.33,66542300
SPY,2016-10-26,183.5,184.54,183.26,183.96,75705500
SPY,2016-10-27,184.68,184.72,183.39,183.47,77220200
SPY,2016-10-28,183.44,184.12,182.21,182.93,140623200
SPY,2016-10-31,183.26,183.49,182.77,182.93,61272500
SPY,2016-11-01,183.26,183.31,180.4,181.61,122781800
SPY,2016-11-02,181.3,181.69,180.08,180.52,103330800
SPY,2016-11-03,180.73,180.95,179.41,179.69,88939300
SPY,2016-11-04,179.8,180.65,179.35,179.49,109122100
SPY,2016-11-07,179.49,183.49,179.49,183.45,109794900
SPY,2016-11-08,183.06,184.85,182.79,184.28,106772100
SPY,2016-11-09,182.78,186.85,182.75,186.23,258429000
SPY,2016-11-10,187.02,187.89,185.23,186.7,172113300
SPY,2016-11-11,185.97,186.51,185.32,186.27,100552700
SPY,2016-11-14,186.79,187.0,185.66,186.41,94580000
SPY,2016-11-15,186.8,187.87,186.59,187.87,91652600
SPY,2016-11-16,187.25,187.75,187.13,187.51,65617700
SPY,2016-11-17,187.67,188.54,187.56,188.48,69797200
SPY,2016-11-18,188.55,188.72,187.87,188.06,86265800
SPY,2016-11-21,188.63,189.5,188.49,189.48,72402600
SPY,2016-11-22,189.79,190.03,189.11,189.85,67429000
SPY,2016-11-23,189.33,190.0,189.13,189.95,56620200
SPY,2016-11-25,190.29,190.69,190.22,190.65,37872300
SPY,2016-11-28,190.34,190.62,189.66,189.76,76572500
SPY,2016-11-29,189.79,190.59,189.49,190.13,69886700
SPY,2016-11-30,190.75,190.91,189.61,189.67,113291800
SPY,2016-12-01,189.97,189.97,188.61,188.98,79040500
SPY,2016-12-02,189.06,189.56,188.71,189.07,74840300
SPY,2016-12-05,189.91,190.55,189.71,190.21,67837800
SPY,2016-12-06,190.4,190.84,189.91,190.81,59877400
SPY,2016-12-07,190.65,193.37,190.53,193.31,110738100
SPY,2016-12-08,193.28,194.25,193.01,193.78,99714400
SPY,2016-12-09,194.0,194.97,193.97,194.95,88005800
SPY,2016-12-12,194.85,195.34,194.3,194.73,102016100
SPY,2016-12-13,195.39,196.52,195.37,196.03,110477500
SPY,2016-12-14,195.72,196.43,193.97,194.41,142501800
SPY,2016-12-15,194.65,196.07,194.42,195.21,124972600
SPY,2016-12-16,195.67,195.73,194.51,194.83,156420200
SPY,2016-12-19,195.01,195.67,194.86,195.25,90341100
SPY,2016-12-20,195.79,196.15,195.55,196.0,89838800
SPY,2016-12-21,195.87,196.05,195.46,195.46,67909000
SPY,2016-12-22,195.31,195.43,194.72,195.12,56219100
SPY,2016-12-23,195.16,195.41,194.97,195.41,36697800
SPY,2016-12-27,195.67,196.29,195.66,195.89,42672500
SPY,2016-12-28,196.15,196.17,194.16,194.27,64095000
SPY,2016-12-29,194.34,194.7,193.79,194.23,48696100
SPY,2016-12-30,194.56,194.64,192.83,193.52,108998300
SPY,2017-01-03,194.83,195.51,193.82,195.0,91366500
SPY,2017-01-04,195.33,196.31,195.32,196.16,78744400
SPY,2017-01-05,195.89,196.16,195.21,196.0,78379000
SPY,2017-01-06,196.12,197.17,195.57,196.7,71559900
SPY,2017-01-09,196.44,196.58,196.02,196.06,46939700
SPY,2017-01-10,196.07,196.91,195.67,196.06,63771900
SPY,2017-01-11,195.97,196.61,195.3,196.61,74650000
SPY,2017-01-12,196.09,196.31,194.76,196.12,72113200
SPY,2017-01-13,196.29,196.87,196.25,196.57,62717900
SPY,2017-01-17,195.93,196.33,195.48,195.87,61240800
SPY,2017-01-18,196.12,196.35,195.57,196.31,54793300
SPY,2017-01-19,196.38,196.52,195.15,195.58,66608800
SPY,2017-01-20,196.26,196.79,195.63,196.3,129168600
SPY,2017-01-23,196.3,196.36,195.02,195.79,75061600
SPY,2017-01-24,196.0,197.46,195.89,197.04,95555300
SPY,2017-01-25,197.99,198.75,197.83,198.75,84437700
SPY,2017-01-26,198.6,198.87,198.26,198.54,59970700
SPY,2017-01-27,198.62,198.76,198.05,198.23,59711100
SPY,2017-01-30,197.54,197.56,196.01,197.0,79737300
SPY,2017-01-31,196.51,197.04,195.93,196.98,75880800
SPY,2017-02-01,196.98,197.9,196.47,197.06,79117700
SPY,2017-02-02,197.06,197.47,196.37,197.19,69657600
SPY,2017-02-03,198.1,198.73,197.79,198.55,80563200
SPY,2017-02-06,198.14,198.54,197.86,198.19,57790100
SPY,2017-02-07,198.58,198.83,198.01,198.2,57931200
SPY,2017-02-08,198.2,198.59,197.66,198.46,51566200
SPY,2017-02-09,198.46,199.94,198.46,199.64,65955200
SPY,2017-02-10,199.99,200.65,199.66,200.43,66015900
SPY,2017-02-13,200.92,201.78,200.89,201.52,55182100
SPY,2017-02-14,201.34,202.33,200.99,202.32,71109000
SPY,2017-02-15,202.11,203.57,202.05,203.38,86785800
SPY,2017-02-16,203.41,203.59,202.45,203.21,84722400
SPY,2017-02-17,202.54,203.53,202.52,203.53,77204100
SPY,2017-02-21,203.9,204.91,203.89,204.74,88946100
SPY,2017-02-22,204.33,204.78,204.17,204.56,62115200
SPY,2017-02-23,205.08,205.09,203.93,204.7,74615900
SPY,2017-02-24,203.85,205.0,203.8,204.95,82381600
SPY,2017-02-27,204.87,205.45,204.62,205.28,56515400
SPY,2017-02-28,204.89,205.14,204.33,204.72,96961900
SPY,2017-03-01,206.38,208.05,206.37,207.59,149158200
SPY,2017-03-02,207.4,207.41,206.23,206.28,70246000
SPY,2017-03-03,206.19,206.57,205.81,206.41,81974300
SPY,2017-03-06,205.61,206.15,205.19,205.79,55391500
SPY,2017-03-07,205.49,205.85,204.97,205.18,65103700
SPY,2017-03-08,205.47,205.73,204.66,204.8,78168800
SPY,2017-03-09,204.92,205.39,204.09,205.06,90683900
SPY,2017-03-10,206.02,206.06,204.83,205.78,81991700
SPY,2017-03-13,205.72,205.92,205.39,205.88,57256800
SPY,2017-03-14,205.34,205.39,204.48,205.09,59880800
SPY,2017-03-15,205.66,207.29,205.43,206.87,96081800
SPY,2017-03-16,207.01,207.08,206.13,206.46,78344000
SPY,2017-03-17,206.72,206.92,206.1,206.1,89002100
SPY,2017-03-20,206.1,206.39,205.48,205.87,52537000
SPY,2017-03-21,206.48,206.6,203.1,203.23,131809300
SPY,2017-03-22,203.26,203.99,202.64,203.71,97569200
SPY,2017-03-23,203.71,204.63,203.12,203.49,100410300
SPY,2017-03-24,203.79,204.37,202.56,203.34,112504900
SPY,2017-03-27,201.66,203.39,201.39,203.13,87454500
SPY,2017-03-28,202.83,205.04,202.72,204.61,93483900
SPY,2017-03-29,204.32,205.04,204.1,204.8,61950400
SPY,2017-03-30,204.74,205.66,204.57,205.46,56737900
SPY,2017-03-31,205.12,205.65,204.92,204.98,73733100
SPY,2017-04-03,205.03,205.23,203.39,204.62,85546500
SPY,2017-04-04,204.33,204.84,203.95,204.75,56466200
SPY,2017-04-05,205.43,206.41,203.93,204.14,108800600
SPY,2017-04-06,204.28,205.24,203.84,204.72,69135800
SPY,2017-04-07,204.46,205.2,204.02,204.51,74412300
SPY,2017-04-10,204.65,205.43,204.1,204.63,67615300
SPY,2017-04-11,204.25,204.49,202.89,204.39,88045300
SPY,2017-04-12,204.11,204.3,203.26,203.49,81864400
SPY,2017-04-13,203.15,203.89,202.17,202.17,92880400
SPY,2017-04-17,202.69,203.96,202.49,203.96,68405400
SPY,2017-04-18,203.22,203.89,202.66,203.35,83225800
SPY,2017-04-19,203.92,204.29,202.75,202.98,68699900
SPY,2017-04-20,203.59,205.07,203.27,204.63,92572200
SPY,2017-04-21,204.55,204.6,203.58,203.98,110389800
SPY,2017-04-24,206.23,206.43,203.95,206.22,119209900
SPY,2017-04-25,206.86,207.77,206.78,207.42,76698300
SPY,2017-04-26,207.39,208.27,207.25,207.29,84702500
SPY,2017-04-27,207.61,207.77,206.92,207.46,57410300
SPY,2017-04-28,207.72,207.75,206.88,207.01,63532800
SPY,2017-05-01,207.53,207.96,207.12,207.53,66882500
SPY,2017-05-02,207.67,207.79,207.2,207.61,57375700
SPY,2017-05-03,207.61,207.71,206.68,207.36,73137700
SPY,2017-05-04,207.66,207.74,206.75,207.6,61462700
SPY,2017-05-05,207.98,208.44,207.53,208.42,62001300
SPY,2017-05-08,208.46,208.61,207.96,208.39,48385700
SPY,2017-05-09,208.65,208.85,207.85,208.19,51363200
SPY,2017-05-10,208.15,208.57,207.94,208.57,54293800
SPY,2017-05-11,208.12,208.31,207.06,208.14,62358300
SPY,2017-05-12,207.89,208.19,207.52,207.79,53912700
SPY,2017-05-15,208.22,209.06,208.2,208.94,61918900
SPY,2017-05-16,209.24,209.26,208.36,208.75,51241800
SPY,2017-05-17,208.75,208.75,204.99,205.05,172174100
SPY,2017-05-18,204.97,206.72,204.71,205.87,107047700
SPY,2017-05-19,206.36,207.88,206.31,207.21,115011400
SPY,2017-05-22,207.72,208.43,207.66,208.26,61010600
SPY,2017-05-23,208.64,208.89,208.26,208.72,48341700
SPY,2017-05-24,208.96,209.32,208.62,209.21,46927700
SPY,2017-05-25,209.72,210.49,209.52,210.21,64071700
SPY,2017-05-26,210.02,210.33,209.94,210.17,46629900
SPY,2017-05-30,209.85,210.24,209.69,209.99,35201900
SPY,2017-05-31,210.28,210.32,209.24,209.93,91796000
SPY,2017-06-01,210.39,211.62,210.11,211.6,68962000
SPY,2017-06-02,211.65,212.46,211.36,212.31,88666100
SPY,2017-06-05,212.13,212.42,211.95,212.15,44698800
SPY,2017-06-06,211.59,212.14,211.39,211.47,50375400
SPY,2017-06-07,211.81,212.09,211.14,211.86,54144300
SPY,2017-06-08,211.96,212.45,211.44,211.97,65950700
SPY,2017-06-09,212.24,213.04,210.38,211.65,132256400
SPY,2017-06-12,211.4,211.65,210.75,211.6,86108100
SPY,2017-06-13,212.14,212.69,211.79,212.64,60067000
SPY,2017-06-14,212.91,212.92,211.54,212.37,78602300
SPY,2017-06-15,211.01,212.08,210.73,211.96,66464900
SPY,2017-06-16,212.12,212.17,211.12,212.01,84553100
SPY,2017-06-19,212.84,213.83,212.74,213.77,65123800
SPY,2017-06-20,213.41,213.42,212.31,212.33,56906400
SPY,2017-06-21,212.72,212.84,211.8,212.28,55977600
SPY,2017-06-22,212.29,212.78,212.01,212.18,44148100
SPY,2017-06-23,212.24,212.77,211.86,212.43,66986800
SPY,2017-06-26,213.11,213.53,212.36,212.57,56700500
SPY,2017-06-27,212.36,212.65,210.84,210.86,82247700
SPY,2017-06-28,211.88,212.95,211.65,212.75,70042600
SPY,2017-06-29,212.9,212.95,209.66,210.88,106949700
SPY,2017-06-30,211.69,212.07,211.08,211.27,86820700
SPY,2017-07-03,212.22,212.65,211.63,211.63,39153800
SPY,2017-07-05,212.0,212.33,211.18,212.12,54427600
SPY,2017-07-06,211.35,211.47,210.0,210.18,65400800
SPY,2017-07-07,210.76,211.69,210.19,211.54,57972300
SPY,2017-07-10,211.54,212.15,211.24,211.77,36663300
SPY,2017-07-11,211.77,211.93,210.44,211.61,50354600
SPY,2017-07-12,212.58,213.37,212.58,213.2,59610400
SPY,2017-07-13,213.21,213.67,212.98,213.56,39471600
SPY,2017-07-14,213.56,214.92,213.46,214.56,60262700
SPY,2017-07-17,214.48,214.86,214.36,214.53,33531900
SPY,2017-07-18,214.12,214.7,213.78,214.64,42742500
SPY,2017-07-19,214.96,215.82,214.95,215.81,51034300
SPY,2017-07-20,216.06,216.18,215.35,215.9,47135200
SPY,2017-07-21,215.33,215.74,215.1,215.71,82340800
SPY,2017-07-24,215.63,215.8,215.19,215.66,46622300
SPY,2017-07-25,216.41,216.51,215.95,216.18,54915600
SPY,2017-07-26,216.47,216.51,215.93,216.19,47575400
SPY,2017-07-27,216.65,216.69,214.66,215.99,70766600
SPY,2017-07-28,215.51,215.87,215.05,215.74,50088400
SPY,2017-07-31,216.14,216.23,215.4,215.61,65838700
SPY,2017-08-01,216.22,216.25,215.57,216.09,55050400
SPY,2017-08-02,216.23,216.34,215.26,216.2,47211200
SPY,2017-08-03,216.09,216.11,215.5,215.78,40856000
SPY,2017-08-04,216.27,216.51,215.79,216.17,60191800
SPY,2017-08-07,216.24,216.58,216.14,216.58,31995000
SPY,2017-08-08,216.26,217.48,215.67,216.04,61719400
SPY,2017-08-09,215.35,216.09,214.99,216.03,62632600
SPY,2017-08-10,215.19,215.33,212.93,212.98,120479500
SPY,2017-08-11,213.21,213.89,212.98,213.3,74869900
SPY,2017-08-14,214.58,215.63,214.55,215.41,73291900
SPY,2017-08-15,215.8,215.82,215.08,215.39,55242700
SPY,2017-08-16,215.91,216.31,215.33,215.76,56715500
SPY,2017-08-17,215.15,215.47,212.4,212.4,128490400
SPY,2017-08-18,212.23,213.36,211.62,212.07,136748000
SPY,2017-08-21,212.01,212.49,211.3,212.23,65469700
SPY,2017-08-22,212.82,214.61,212.8,214.45,63140100
SPY,2017-08-23,213.48,214.11,213.33,213.68,50203800
SPY,2017-08-24,214.07,214.22,212.98,213.19,50741700
SPY,2017-08-25,213.98,214.6,213.53,213.68,64445900
SPY,2017-08-28,214.22,214.24,213.27,213.69,40565600
SPY,2017-08-29,212.37,214.2,212.26,213.94,51135700
SPY,2017-08-30,213.92,215.22,213.74,214.95,62030800
SPY,2017-08-31,215.57,216.49,214.98,216.24,103803900
SPY,2017-09-01,216.62,216.98,216.4,216.55,62007000
SPY,2017-09-05,216.04,216.27,214.02,214.99,91398800
SPY,2017-09-06,215.68,216.06,215.14,215.73,57916900
SPY,2017-09-07,216.03,216.05,215.29,215.7,58034700
SPY,2017-09-08,215.41,215.91,215.2,215.45,63832800
SPY,2017-09-11,216.72,217.82,216.71,217.75,71364800
SPY,2017-09-12,218.11,218.51,217.93,218.48,56896000
SPY,2017-09-13,218.19,218.62,218.08,218.58,59228000
SPY,2017-09-14,218.26,218.72,218.09,218.51,95446300
SPY,2017-09-15,218.37,218.9,218.26,218.81,95432400
SPY,2017-09-18,219.18,219.63,218.89,219.27,46235200
SPY,2017-09-19,219.52,219.58,219.17,219.49,47108100
SPY,2017-09-20,219.58,219.69,218.57,219.57,59574100
SPY,2017-09-21,219.41,219.5,218.81,218.98,48211400
SPY,2017-09-22,218.69,219.2,218.66,219.03,51214000
SPY,2017-09-25,218.77,219.13,217.83,218.58,57064400
SPY,2017-09-26,219.01,219.26,218.48,218.71,54082000
SPY,2017-09-27,219.41,219.95,218.53,219.56,81001400
SPY,2017-09-28,219.28,219.91,219.2,219.83,44778800
SPY,2017-09-29,219.82,220.68,219.63,220.6,85578000
SPY,2017-10-02,220.83,221.56,220.65,221.56,59023000
SPY,2017-10-03,221.56,222.06,221.48,222.03,66810200
SPY,2017-10-04,221.88,222.54,221.77,222.3,55953600
SPY,2017-10-05,222.63,223.63,222.33,223.61,63522800
SPY,2017-10-06,223.16,223.65,222.9,223.36,80646000
SPY,2017-10-09,223.59,223.65,222.73,222.99,35803100
SPY,2017-10-10,223.56,223.95,223.02,223.58,43057400
SPY,2017-10-11,223.48,223.93,223.31,223.93,47674300
SPY,2017-10-12,223.61,223.96,223.36,223.59,47065100
SPY,2017-10-13,224.03,224.15,223.59,223.87,54800400
SPY,2017-10-16,224.1,224.36,223.75,224.17,38221700
SPY,2017-10-17,224.11,224.37,223.89,224.32,31561000
SPY,2017-10-18,224.7,224.74,224.35,224.54,40888300
SPY,2017-10-19,223.76,224.64,223.34,224.6,61903800
SPY,2017-10-20,225.4,225.79,224.59,225.76,89176400
SPY,2017-10-23,226.09,226.11,224.81,224.89,63915300
SPY,2017-10-24,225.32,225.52,224.92,225.28,66935900
SPY,2017-10-25,224.95,225.06,223.03,224.17,103715300
SPY,2017-10-26,224.78,225.05,224.33,224.46,69798000
SPY,2017-10-27,225.2,226.45,224.46,226.29,85562500
SPY,2017-10-30,225.2,226.19,225.15,225.45,54285700
SPY,2017-10-31,225.82,226.05,225.5,225.8,60304800
SPY,2017-11-01,226.58,226.92,225.73,226.1,54202700
SPY,2017-11-02,226.03,226.33,224.96,226.18,56449500
SPY,2017-11-03,226.34,226.98,225.93,226.94,59589700
SPY,2017-11-06,226.81,227.42,226.74,227.29,49652600
SPY,2017-11-07,227.4,227.73,226.62,227.13,57502200
SPY,2017-11-08,226.96,227.62,226.68,227.52,50469600
SPY,2017-11-09,226.31,226.89,225.1,226.69,95085500
SPY,2017-11-10,226.31,226.8,225.99,226.62,59984700
SPY,2017-11-13,225.94,227.06,225.9,226.83,50228600
SPY,2017-11-14,226.03,226.41,225.25,226.31,61315200
SPY,2017-11-15,225.33,225.86,224.46,225.18,80811500
SPY,2017-11-16,226.12,227.46,226.08,227.09,67777000
SPY,2017-11-17,226.74,227.06,226.34,226.42,75756800
SPY,2017-11-20,226.67,227.0,226.42,226.81,48075500
SPY,2017-11-21,227.58,228.48,226.77,228.29,69176800
SPY,2017-11-22,228.3,228.43,227.92,228.09,45033400
SPY,2017-11-24,228.58,228.72,228.44,228.62,27856500
SPY,2017-11-27,228.66,228.96,228.3,228.5,52274900
SPY,2017-11-28,228.97,230.85,228.87,230.82,98971700
SPY,2017-11-29,230.95,231.49,230.23,230.68,77512100
SPY,2017-11-30,231.6,233.61,231.52,232.7,127894400
SPY,2017-12-01,232.48,232.96,228.97,232.22,164390900
SPY,2017-12-04,233.84,234.27,231.88,231.94,94040600
SPY,2017-12-05,231.1,232.82,230.97,231.1,77994500
SPY,2017-12-06,231.2,231.58,230.68,231.15,75898600
SPY,2017-12-07,231.87,232.19,230.88,231.87,77218600
SPY,2017-12-08,232.83,233.15,231.84,233.14,76563900
SPY,2017-12-11,233.84,233.9,233.11,233.84,83077500
SPY,2017-12-12,234.63,234.73,233.88,234.25,85195800
SPY,2017-12-13,234.5,234.94,234.14,234.23,102905400
SPY,2017-12-14,234.53,234.64,233.22,233.27,100666700
SPY,2017-12-15,234.28,235.68,234.23,235.21,144610300
SPY,2017-12-18,236.62,237.06,236.51,236.71,83653600
SPY,2017-12-19,236.95,237.0,235.73,235.8,82382900
SPY,2017-12-20,236.77,236.82,235.37,235.67,76751500
SPY,2017-12-21,236.3,236.87,235.91,236.16,67032300
SPY,2017-12-22,236.18,236.21,235.56,236.1,78720900
SPY,2017-12-26,235.69,236.03,235.55,235.81,45244400
SPY,2017-12-27,235.98,236.29,235.65,235.93,57751000
SPY,2017-12-28,236.43,236.46,236.04,236.41,45116100
SPY,2017-12-29,237.0,237.01,235.33,235.52,96007400
SPY,2018-01-02,236.39,237.24,236.0,237.21,86655700
SPY,2018-01-03,237.38,238.86,237.38,238.71,90070400
SPY,2018-01-04,239.35,240.2,238.77,239.71,80636400
SPY,2018-01-05,240.51,241.44,240.01,241.31,83524000
SPY,2018-01-08,241.22,241.91,240.92,241.75,57319200
SPY,2018-01-09,242.18,242.93,241.89,242.3,57254000
SPY,2018-01-10,241.54,242.19,240.87,241.93,69574300
SPY,2018-01-11,242.49,243.7,242.32,243.7,62361500
SPY,2018-01-12,243.96,245.45,243.66,245.28,90816100
SPY,2018-01-16,246.55,247.2,243.75,244.45,106555100
SPY,2018-01-17,245.38,247.16,244.45,246.78,113258800
SPY,2018-01-18,246.66,247.08,245.87,246.36,100728000
SPY,2018-01-19,246.94,247.48,246.36,247.48,140920100
SPY,2018-01-22,247.27,249.49,247.22,249.49,91322400
SPY,2018-01-23,249.54,250.31,249.21,250.02,97084700
SPY,2018-01-24,250.67,251.27,248.74,249.93,134816100
SPY,2018-01-25,250.79,250.89,249.24,250.03,84587300
SPY,2018-01-26,250.87,252.97,250.61,252.93,107743100
SPY,2018-01-29,252.35,252.79,251.09,251.25,90118300
SPY,2018-01-30,249.41,251.3,248.2,248.67,131796400
SPY,2018-01-31,249.53,250.03,247.72,248.8,108364800
SPY,2018-02-01,248.06,249.82,247.72,248.51,90102500
SPY,2018-02-02,247.19,247.32,243.07,243.1,173174800
SPY,2018-02-05,241.34,243.46,232.39,232.94,294681800
SPY,2018-02-06,229.42,238.03,228.32,237.53,355026800
SPY,2018-02-07,236.97,240.38,236.16,236.24,167376100
SPY,2018-02-08,236.54,236.68,227.34,227.38,246449500
SPY,2018-02-09,230.17,232.65,223.22,230.79,283565300
SPY,2018-02-12,232.85,235.65,230.93,234.18,143736000
SPY,2018-02-13,232.97,235.31,232.39,234.76,81223600
SPY,2018-02-14,233.27,238.29,233.26,237.93,120735700
SPY,2018-02-15,239.68,240.98,237.21,240.97,111200300
SPY,2018-02-16,240.34,242.99,240.3,241.04,160420100
SPY,2018-02-20,240.09,241.53,238.74,239.53,86369700
SPY,2018-02-21,239.97,242.46,238.24,238.34,98883700
SPY,2018-02-22,239.26,240.99,237.98,238.65,110511300
SPY,2018-02-23,239.87,242.45,239.4,242.45,92766400
SPY,2018-02-26,243.53,245.36,242.94,245.27,86491400
SPY,2018-02-27,245.45,246.17,242.14,242.2,99099200
SPY,2018-02-28,243.31,243.76,239.43,239.75,121907800
SPY,2018-03-01,239.54,241.09,234.76,236.26,176855100
SPY,2018-03-02,234.59,238.05,233.72,237.48,139083200
SPY,2018-03-05,236.29,240.84,236.18,240.23,97307400
SPY,2018-03-06,241.21,241.29,239.34,240.84,79213200
SPY,2018-03-07,238.66,241.1,238.47,240.75,87063500
SPY,2018-03-08,241.43,242.04,240.43,241.91,66901200
SPY,2018-03-09,243.32,246.12,243.01,246.12,113625300
SPY,2018-03-12,246.41,247.04,245.42,245.81,71924800
SPY,2018-03-13,246.98,247.48,243.62,244.22,91968900
SPY,2018-03-14,245.19,245.37,242.42,242.97,105895100
SPY,2018-03-15,243.48,244.13,242.2,242.71,83433000
SPY,2018-03-16,243.24,244.02,242.92,242.97,100343700
SPY,2018-03-19,242.22,243.15,238.03,239.68,109208400
SPY,2018-03-20,240.08,240.73,239.41,240.09,59757300
SPY,2018-03-21,240.05,242.15,239.42,239.63,78709600
SPY,2018-03-22,237.4,238.25,233.36,233.64,148785900
SPY,2018-03-23,234.08,234.41,228.46,228.66,183534800
SPY,2018-03-26,232.27,235.2,229.86,234.92,141956100
SPY,2018-03-27,235.85,236.39,229.36,230.92,129941400
SPY,2018-03-28,231.05,232.73,229.13,230.24,146452300
SPY,2018-03-29,231.38,235.05,230.25,233.18,111601600
SPY,2018-04-02,232.65,233.16,225.66,228.15,186286300
SPY,2018-04-03,229.39,231.55,227.59,231.07,119956900
SPY,2018-04-04,227.51,234.25,227.37,233.54,123715300
SPY,2018-04-05,235.3,236.27,234.22,235.38,82652600
SPY,2018-04-06,233.42,234.92,228.61,230.14,179521200
SPY,2018-04-09,231.6,234.68,230.33,231.27,105442900
SPY,2018-04-10,234.17,235.74,233.03,234.95,103529000
SPY,2018-04-11,233.46,235.38,233.39,233.72,91140200
SPY,2018-04-12,235.05,236.59,234.87,235.64,68890500
SPY,2018-04-13,236.95,237.07,233.94,234.95,85079200
SPY,2018-04-16,236.59,237.65,235.77,236.88,63405300
SPY,2018-04-17,238.65,240.02,238.14,239.42,64682000
SPY,2018-04-18,239.86,240.4,239.13,239.59,57303900
SPY,2018-04-19,238.94,239.14,237.23,238.26,77655900
SPY,2018-04-20,238.19,238.42,235.36,236.24,99953100
SPY,2018-04-23,236.82,237.38,235.13,236.21,65558000
SPY,2018-04-24,237.24,237.46,231.52,233.03,112885500
SPY,2018-04-25,232.97,234.05,231.14,233.6,103840900
SPY,2018-04-26,234.63,236.81,234.19,235.98,67731900
SPY,2018-04-27,236.59,236.89,235.26,236.2,57053600
SPY,2018-04-30,236.82,237.38,234.31,234.38,82182300
SPY,2018-05-01,233.82,234.91,232.26,234.8,74203400
SPY,2018-05-02,234.61,235.42,232.83,233.22,86368900
SPY,2018-05-03,232.39,233.36,229.55,232.71,136311500
SPY,2018-05-04,231.73,236.4,231.41,235.72,91222100
SPY,2018-05-07,236.49,237.49,235.8,236.52,55304900
SPY,2018-05-08,236.15,236.88,234.95,236.52,67499200
SPY,2018-05-09,237.19,239.13,236.67,238.81,59666100
SPY,2018-05-10,239.55,241.37,239.44,241.04,72063900
SPY,2018-05-11,241.16,242.04,240.65,241.77,59871500
SPY,2018-05-14,242.21,242.86,241.34,241.89,54790600
SPY,2018-05-15,240.66,240.67,239.27,240.22,87036100
SPY,2018-05-16,240.26,241.69,240.23,241.23,53942600
SPY,2018-05-17,240.97,242.11,240.25,241.03,56536400
SPY,2018-05-18,240.68,241.05,240.07,240.43,64368000
SPY,2018-05-21,241.92,242.77,241.53,242.23,58025900
SPY,2018-05-22,242.76,243.01,241.23,241.56,52966400
SPY,2018-05-23,240.28,242.25,240.13,242.23,64694200
SPY,2018-05-24,241.83,242.1,239.94,241.73,76043800
SPY,2018-05-25,241.15,241.78,240.65,241.15,56374800
SPY,2018-05-29,239.52,240.28,237.26,238.38,115908600
SPY,2018-05-30,239.69,242.0,239.62,241.56,69678400
SPY,2018-05-31,241.15,241.45,239.48,240.08,93519900
SPY,2018-06-01,241.38,242.74,241.31,242.44,71258400
SPY,2018-06-04,243.26,243.85,243.02,243.59,45385200
SPY,2018-06-05,243.72,244.15,242.95,243.77,51135000
SPY,2018-06-06,244.38,245.91,243.76,245.81,62732200
SPY,2018-06-07,246.29,246.59,244.87,245.78,72969400
SPY,2018-06-08,245.32,246.56,245.15,246.51,72139700
SPY,2018-06-11,246.73,247.55,246.61,246.83,58892500
SPY,2018-06-12,247.25,247.52,246.51,247.15,72329000
SPY,2018-06-13,247.39,247.65,246.16,246.36,79070600
SPY,2018-06-14,247.23,247.52,246.39,246.98,77097600
SPY,2018-06-15,246.2,247.01,245.08,246.67,120041600
SPY,2018-06-18,245.21,246.29,244.73,246.16,52917600
SPY,2018-06-19,243.88,245.44,243.46,245.22,97531500
SPY,2018-06-20,245.9,246.3,245.3,245.64,53785500
SPY,2018-06-21,245.63,245.65,243.6,244.1,71061400
SPY,2018-06-22,245.36,245.48,244.32,244.54,54898500
SPY,2018-06-25,243.38,243.54,239.52,241.21,137854200
SPY,2018-06-26,241.78,242.6,241.03,241.75,68547400
SPY,2018-06-27,242.33,243.77,239.59,239.74,105110700
SPY,2018-06-28,239.69,241.88,238.98,241.11,76650500
SPY,2018-06-29,242.21,243.58,241.35,241.46,97592500
SPY,2018-07-02,239.89,242.14,239.65,241.98,63554800
SPY,2018-07-03,242.88,242.97,240.7,241.12,42187100
SPY,2018-07-05,242.25,243.15,241.18,243.09,56925900
SPY,2018-07-06,243.12,245.52,242.73,245.15,66493700
SPY,2018-07-09,246.15,247.41,246.11,247.35,50550400
SPY,2018-07-10,247.81,248.34,247.51,248.24,51966800
SPY,2018-07-11,246.69,247.48,246.13,246.43,77054700
SPY,2018-07-12,247.69,248.72,247.09,248.66,60124700
SPY,2018-07-13,248.48,249.16,248.03,248.86,48216000
SPY,2018-07-16,248.9,249.05,248.19,248.64,48201000
SPY,2018-07-17,247.86,250.03,247.81,249.64,52315500
SPY,2018-07-18,249.72,250.27,249.28,250.17,44593500
SPY,2018-07-19,249.5,249.88,248.74,249.22,61412100
SPY,2018-07-20,249.02,249.65,248.78,248.94,82337700
SPY,2018-07-23,248.73,249.61,248.39,249.4,47047600
SPY,2018-07-24,250.82,251.5,249.78,250.66,68026900
SPY,2018-07-25,250.41,253.11,250.36,252.79,78882900
SPY,2018-07-26,252.07,252.88,251.97,252.2,57919500
SPY,2018-07-27,252.53,252.62,249.56,250.49,76768700
SPY,2018-07-30,250.57,250.73,248.65,249.18,63742500
SPY,2018-07-31,249.94,251.02,249.56,250.41,68570500
SPY,2018-08-01,250.61,251.12,249.34,249.99,53853300
SPY,2018-08-02,248.68,251.52,248.48,251.35,63426400
SPY,2018-08-03,251.48,252.48,251.3,252.43,53935400
SPY,2018-08-06,252.46,253.66,252.07,253.35,39400900
SPY,2018-08-07,254.02,254.57,253.89,254.19,43196600
SPY,2018-08-08,254.02,254.48,253.62,254.08,42114600
SPY,2018-08-09,254.15,254.54,253.6,253.74,35717000
SPY,2018-08-10,252.29,252.84,251.32,252.04,77076000
SPY,2018-08-13,252.31,252.93,250.8,251.09,65732900
SPY,2018-08-14,251.82,252.94,251.43,252.69,43842000
SPY,2018-08-15,251.34,251.48,249.37,250.81,102925400
SPY,2018-08-16,252.25,253.71,252.21,252.84,69967900
SPY,2018-08-17,252.63,254.17,252.22,253.73,65618500
SPY,2018-08-20,254.18,254.54,253.73,254.27,39807500
SPY,2018-08-21,254.79,255.73,254.31,254.87,67272000
SPY,2018-08-22,254.46,255.24,254.19,254.72,44993300
SPY,2018-08-23,254.54,255.4,254.06,254.38,49204900
SPY,2018-08-24,254.96,256.05,254.9,255.91,57487400
SPY,2018-08-27,257.11,258.04,256.95,257.93,57072400
SPY,2018-08-28,258.39,258.5,257.59,258.05,46943500
SPY,2018-08-29,258.27,259.67,258.03,259.44,61485500
SPY,2018-08-30,258.96,259.33,257.79,258.39,61229500
SPY,2018-08-31,257.98,258.85,257.49,258.4,66140800
SPY,2018-09-04,257.98,258.31,256.95,257.96,57594400
SPY,2018-09-05,257.6,257.8,256.25,257.26,72452400
SPY,2018-09-06,257.37,257.67,255.45,256.49,65909900
SPY,2018-09-07,255.44,256.97,255.2,255.99,73524800
SPY,2018-09-10,257.0,257.27,256.24,256.43,50210900
SPY,2018-09-11,255.78,257.72,255.44,257.28,50530500
SPY,2018-09-12,257.29,257.95,256.55,257.34,59810800
SPY,2018-09-13,258.41,259.05,258.12,258.86,51034200
SPY,2018-09-14,259.07,259.25,258.12,258.91,55079900
SPY,2018-09-17,258.85,258.89,257.26,257.54,68244000
SPY,2018-09-18,257.75,259.53,257.72,258.93,61930400
SPY,2018-09-19,258.99,259.63,258.86,259.21,49080600
SPY,2018-09-20,260.47,261.63,259.23,261.31,100360600
SPY,2018-09-21,262.06,262.17,260.91,261.07,105479700
SPY,2018-09-24,260.49,260.63,259.62,260.2,53409600
SPY,2018-09-25,260.66,260.77,259.72,259.96,44370000
SPY,2018-09-26,260.11,261.3,258.77,259.19,79739700
SPY,2018-09-27,259.66,261.0,259.38,259.91,59249500
SPY,2018-09-28,259.28,260.44,259.25,259.94,70091400
SPY,2018-10-01,261.18,261.91,260.17,260.84,62078900
SPY,2018-10-02,260.69,261.4,260.31,260.69,47258200
SPY,2018-10-03,261.74,262.16,260.47,260.83,64694600
SPY,2018-10-04,260.35,260.4,257.2,258.79,111545900
SPY,2018-10-05,259.02,259.53,255.91,257.34,105951700
SPY,2018-10-08,256.65,257.7,255.27,257.34,87742200
SPY,2018-10-09,256.96,258.27,256.4,256.97,74339000
SPY,2018-10-10,256.46,256.53,248.46,248.83,214731000
SPY,2018-10-11,247.74,249.37,241.73,243.35,274840500
SPY,2018-10-12,247.46,247.75,243.53,246.73,183186500
SPY,2018-10-15,246.37,247.7,245.26,245.34,102263700
SPY,2018-10-16,247.31,251.08,246.84,250.71,118255800
SPY,2018-10-17,250.74,251.38,248.17,250.75,110626000
SPY,2018-10-18,249.81,250.41,245.85,247.13,134557500
SPY,2018-10-19,247.79,249.73,246.3,247.0,139901600
SPY,2018-10-22,247.67,247.99,245.35,245.89,82415800
SPY,2018-10-23,242.26,245.76,240.17,244.64,146352700
SPY,2018-10-24,244.39,244.77,236.67,237.23,177806700
SPY,2018-10-25,239.07,243.03,238.04,241.48,138061500
SPY,2018-10-26,237.76,242.3,234.52,237.23,201574600
SPY,2018-10-29,240.34,241.63,232.34,235.92,160749100
SPY,2018-10-30,235.75,239.73,235.26,239.42,157116000
SPY,2018-10-31,241.99,244.3,241.52,241.97,128296300
SPY,2018-11-01,242.84,244.75,241.75,244.55,99495000
SPY,2018-11-02,245.66,246.09,241.04,243.1,122634100
SPY,2018-11-05,243.59,245.0,242.62,244.44,65622500
SPY,2018-11-06,244.38,246.15,244.32,245.99,60085900
SPY,2018-11-07,248.17,251.34,247.74,251.25,102752100
SPY,2018-11-08,250.45,251.44,249.65,250.8,65584900
SPY,2018-11-09,249.48,249.67,246.94,248.35,98812600
SPY,2018-11-12,247.84,248.08,243.19,243.71,99673600
SPY,2018-11-13,244.17,246.18,242.53,243.25,98176600
SPY,2018-11-14,245.13,245.53,240.02,241.59,125335900
SPY,2018-11-15,240.32,244.58,238.74,244.11,135101400
SPY,2018-11-16,243.01,245.66,242.49,244.75,126668000
SPY,2018-11-19,244.14,244.43,239.68,240.61,103061700
SPY,2018-11-20,237.26,238.73,235.29,236.15,136021300
SPY,2018-11-21,237.71,238.86,236.95,236.96,75563700
SPY,2018-11-23,235.31,236.78,235.21,235.38,42807900
SPY,2018-11-26,237.64,239.4,237.24,239.18,79981400
SPY,2018-11-27,238.14,239.98,237.53,239.98,75502400
SPY,2018-11-28,241.05,245.51,239.92,245.51,127629600
SPY,2018-11-29,244.73,246.37,243.58,244.97,82346400
SPY,2018-11-30,244.82,247.03,244.5,246.46,98204200
SPY,2018-12-03,250.6,250.71,248.13,249.73,103176300
SPY,2018-12-04,248.89,249.32,241.32,241.63,177986000
SPY,2018-12-06,237.76,241.38,234.65,241.27,204185400
SPY,2018-12-07,240.93,242.5,234.82,235.66,161018900
SPY,2018-12-10,235.48,237.08,231.24,236.11,151445900
SPY,2018-12-11,239.32,239.51,234.69,236.16,121504400
SPY,2018-12-12,239.15,240.52,237.27,237.35,97976700
SPY,2018-12-13,238.3,239.17,236.15,237.27,96662700
SPY,2018-12-14,235.12,236.07,232.34,232.89,116961100
SPY,2018-12-17,231.93,233.05,226.68,228.32,165492300
SPY,2018-12-18,229.97,230.64,226.46,228.07,134515100
SPY,2018-12-19,228.15,231.93,222.95,224.65,214992800
SPY,2018-12-20,223.4,224.98,218.74,221.0,252053400
SPY,2018-12-21,221.9,224.57,215.82,216.47,255345600
SPY,2018-12-24,214.98,216.6,210.69,210.75,147311600
SPY,2018-12-26,212.22,221.4,210.23,221.4,218485400
SPY,2018-12-27,218.15,223.3,214.9,223.1,186267300
SPY,2018-12-28,224.46,226.09,221.64,222.81,153100200
SPY,2018-12-31,224.44,225.0,222.56,224.76,144299400
SPY,2019-01-02,221.22,225.92,221.19,225.0,126925200
SPY,2019-01-03,223.24,223.55,219.14,219.63,144140700
SPY,2019-01-04,222.67,227.63,222.29,226.98,142628800
SPY,2019-01-07,227.25,230.18,226.35,228.77,103139100
SPY,2019-01-08,230.97,231.41,228.43,230.92,102512600
SPY,2019-01-09,231.63,232.85,230.4,232.0,95006600
SPY,2019-01-10,230.46,233.07,229.78,232.82,96823900
SPY,2019-01-11,231.74,232.94,231.16,232.91,73858100
SPY,2019-01-14,231.0,232.3,230.6,231.49,70908200
SPY,2019-01-15,231.87,234.46,231.86,234.14,85208300
SPY,2019-01-16,234.57,235.6,234.37,234.71,77636700
SPY,2019-01-17,233.84,237.35,233.79,236.49,96118400
SPY,2019-01-18,238.31,240.1,236.52,239.64,127900300
SPY,2019-01-22,238.16,238.38,234.78,236.4,115531200
SPY,2019-01-23,237.43,238.13,234.42,236.89,86030300
SPY,2019-01-24,236.71,237.6,235.7,237.02,59204100
SPY,2019-01-25,238.87,239.85,237.12,239.02,96883400
SPY,2019-01-28,236.88,237.27,235.44,237.21,85613700
SPY,2019-01-29,237.35,237.92,236.06,236.89,66136300
SPY,2019-01-30,238.41,241.49,237.65,240.64,92473700
SPY,2019-01-31,240.58,243.24,240.36,242.76,104012100
SPY,2019-02-01,242.96,243.9,242.08,242.87,85782500
SPY,2019-02-04,242.92,244.65,242.24,244.58,60744800
SPY,2019-02-05,245.01,245.91,244.51,245.61,79552800
SPY,2019-02-06,245.33,245.82,244.55,245.28,58347800
SPY,2019-02-07,243.67,244.21,241.28,242.95,95482000
SPY,2019-02-08,241.7,243.34,240.87,243.24,75788900
SPY,2019-02-11,243.9,244.16,242.85,243.38,68021400
SPY,2019-02-12,245.0,246.89,244.92,246.51,72270200
SPY,2019-02-13,247.34,248.15,246.92,247.31,65277200
SPY,2019-02-14,246.22,247.89,245.4,246.76,83234400
SPY,2019-02-15,248.54,249.48,248.33,249.45,97088700
SPY,2019-02-19,248.65,250.54,248.64,249.88,59120800
SPY,2019-02-20,249.84,250.84,249.34,250.38,76610800
SPY,2019-02-21,249.75,250.1,248.53,249.49,64214700
SPY,2019-02-22,250.11,251.24,249.48,251.04,78114600
SPY,2019-02-25,252.47,252.99,251.3,251.38,69030700
SPY,2019-02-26,251.03,252.08,250.82,251.2,56844100
SPY,2019-02-27,250.48,251.44,249.55,251.09,56921600
SPY,2019-02-28,250.88,251.32,250.3,250.63,69268300
SPY,2019-03-01,252.21,252.6,250.75,252.19,78880500
SPY,2019-03-04,253.25,253.5,248.97,251.27,106494600
SPY,2019-03-05,251.4,251.6,250.38,250.93,59114600
SPY,2019-03-06,251.05,251.06,249.09,249.41,75039800
SPY,2019-03-07,248.96,249.11,246.48,247.33,94885100
SPY,2019-03-08,245.46,247.0,245.0,246.83,85795800
SPY,2019-03-11,247.55,250.57,247.52,250.41,65098900
SPY,2019-03-12,250.97,251.88,250.78,251.35,79667500
SPY,2019-03-13,252.25,253.95,252.08,253.02,80639200
SPY,2019-03-14,253.05,253.47,252.42,252.86,67518400
SPY,2019-03-15,253.41,254.92,253.22,254.11,81309000
SPY,2019-03-18,254.32,255.33,254.1,255.03,62199800
SPY,2019-03-19,256.09,256.86,254.2,255.09,90268100
SPY,2019-03-20,254.87,256.08,253.21,254.32,84609200
SPY,2019-03-21,253.5,257.6,253.46,257.2,79550400
SPY,2019-03-22,255.83,256.36,252.18,252.25,122659300
SPY,2019-03-25,251.9,253.09,250.79,252.06,85575200
SPY,2019-03-26,253.82,254.89,252.53,253.93,68125900
SPY,2019-03-27,253.93,254.51,251.05,252.61,72224700
SPY,2019-03-28,253.24,254.02,252.08,253.56,56238500
SPY,2019-03-29,255.08,255.49,253.95,255.16,82186800
SPY,2019-04-01,257.17,258.49,256.9,258.19,77617900
SPY,2019-04-02,258.38,258.55,257.52,258.32,40070400
SPY,2019-04-03,259.53,259.93,258.12,258.72,68243200
SPY,2019-04-04,259.05,259.66,258.35,259.41,48997500
SPY,2019-04-05,260.08,260.72,259.79,260.66,58621700
SPY,2019-04-08,260.24,260.97,259.58,260.86,53566300
SPY,2019-04-09,259.9,260.22,258.97,259.53,66142300
SPY,2019-04-10,259.94,260.5,259.53,260.41,52601500
SPY,2019-04-11,260.9,260.91,259.77,260.34,55093100
SPY,2019-04-12,261.96,262.38,260.38,262.1,69727800
SPY,2019-04-15,262.17,262.27,261.12,261.93,49596700
SPY,2019-04-16,262.81,262.87,261.5,262.1,52153200
SPY,2019-04-17,263.22,263.25,261.04,261.46,58268300
SPY,2019-04-18,262.05,262.24,260.75,261.97,68708500
SPY,2019-04-22,261.21,262.35,261.12,262.2,40160100
SPY,2019-04-23,262.57,264.79,262.33,264.56,52246600
SPY,2019-04-24,264.48,264.81,263.83,263.97,50392900
SPY,2019-04-25,263.87,264.47,262.61,263.81,57770900
SPY,2019-04-26,263.85,265.11,263.08,265.04,50916400
SPY,2019-04-29,265.13,265.98,265.04,265.45,57197700
SPY,2019-04-30,265.11,265.88,263.69,265.59,81111700
SPY,2019-05-01,266.22,266.43,263.58,263.59,71671900
SPY,2019-05-02,263.47,264.39,261.52,263.02,65030200
SPY,2019-05-03,264.5,265.88,263.13,265.6,56543700
SPY,2019-05-06,261.28,264.95,260.96,264.5,107198100
SPY,2019-05-07,262.09,262.69,258.17,260.09,144729900
SPY,2019-05-08,259.72,261.44,259.13,259.72,91568300
SPY,2019-05-09,257.65,259.54,255.9,258.94,103471100
SPY,2019-05-10,258.0,261.0,255.0,260.24,112429300
SPY,2019-05-13,255.11,256.08,252.86,253.7,127290500
SPY,2019-05-14,254.72,257.53,254.59,255.99,77003200
SPY,2019-05-15,254.36,258.13,254.15,257.49,73956400
SPY,2019-05-16,258.2,261.24,258.13,259.88,76749600
SPY,2019-05-17,257.57,260.69,257.55,258.2,100353000
SPY,2019-05-20,256.59,258.31,255.74,256.49,62877600
SPY,2019-05-21,258.19,259.18,257.94,258.8,46847100
SPY,2019-05-22,257.85,258.97,257.53,258.01,49482500
SPY,2019-05-23,255.78,255.82,253.44,254.86,98733800
SPY,2019-05-24,256.3,256.72,254.81,255.43,55268100
SPY,2019-05-28,255.71,256.67,253.04,253.06,70029400
SPY,2019-05-29,251.94,252.34,249.95,251.36,104972900
SPY,2019-05-30,252.12,252.96,250.94,252.05,62523800
SPY,2019-05-31,249.49,250.32,248.62,248.65,86862800
SPY,2019-06-03,248.69,249.81,246.68,248.02,96428000
SPY,2019-06-04,250.32,253.54,249.87,253.4,77231900
SPY,2019-06-05,255.03,255.62,253.21,255.6,71169700
SPY,2019-06-06,255.89,257.94,255.24,257.26,69430400
SPY,2019-06-07,258.28,260.92,258.11,259.83,74272200
SPY,2019-06-10,261.39,262.7,260.93,261.03,60799100
SPY,2019-06-11,262.85,263.22,260.31,260.96,58641300
SPY,2019-06-12,260.73,261.29,259.99,260.5,47096300
SPY,2019-06-13,261.41,261.94,260.71,261.58,48945200
SPY,2019-06-14,261.29,261.89,260.52,261.29,52324700
SPY,2019-06-17,261.52,262.15,261.21,261.39,39205700
SPY,2019-06-18,263.21,265.18,262.85,264.12,85434800
SPY,2019-06-19,264.26,265.25,263.28,264.72,78674400
SPY,2019-06-20,267.41,267.66,264.78,267.25,116570000
SPY,2019-06-21,266.98,268.24,266.64,266.86,83309500
SPY,2019-06-24,267.07,267.39,266.38,266.53,47582700
SPY,2019-06-25,266.59,266.62,263.81,263.92,82028700
SPY,2019-06-26,264.82,265.33,263.55,263.66,51584900
SPY,2019-06-27,264.42,265.1,264.04,264.59,40355200
SPY,2019-06-28,265.57,266.45,265.05,265.95,59350900
SPY,2019-07-01,269.29,269.51,267.16,268.37,78705600
SPY,2019-07-02,268.32,269.12,267.48,269.07,61504500
SPY,2019-07-03,269.75,271.24,269.6,271.22,40898900
SPY,2019-07-05,269.98,271.07,268.68,270.91,51677300
SPY,2019-07-08,269.59,270.73,268.88,269.42,45841800
SPY,2019-07-09,268.26,270.06,268.2,269.76,41101300
SPY,2019-07-10,270.83,272.0,270.29,271.04,58448500
SPY,2019-07-11,271.69,271.93,270.67,271.68,50826100
SPY,2019-07-12,272.17,272.97,271.86,272.9,40326000
SPY,2019-07-15,273.33,273.33,272.48,272.99,33900000
SPY,2019-07-16,272.9,273.11,271.8,272.11,36650100
SPY,2019-07-17,272.08,272.24,270.26,270.26,36036300
SPY,2019-07-18,269.76,271.63,269.31,271.24,51392600
SPY,2019-07-19,272.34,272.37,269.57,269.74,58678600
SPY,2019-07-22,270.14,270.95,269.62,270.4,43638100
SPY,2019-07-23,271.53,272.33,270.69,272.33,44564500
SPY,2019-07-24,271.57,273.61,271.48,273.61,47213200
SPY,2019-07-25,273.16,273.21,271.5,272.31,55394100
SPY,2019-07-26,273.0,274.33,272.87,274.13,45084100
SPY,2019-07-29,274.01,274.13,273.08,273.63,38126500
SPY,2019-07-30,272.22,273.37,271.84,272.96,45849000
SPY,2019-07-31,273.21,273.4,267.95,269.97,104245200
SPY,2019-08-01,270.13,273.1,266.82,267.62,142646600
SPY,2019-08-02,266.72,266.97,264.05,265.61,116749700
SPY,2019-08-05,261.5,261.6,255.71,257.62,178745400
SPY,2019-08-06,259.52,261.45,258.04,261.23,120711700
SPY,2019-08-07,258.15,262.16,256.0,261.39,140572300
SPY,2019-08-08,262.88,266.52,262.33,266.52,87713900
SPY,2019-08-09,265.57,266.17,262.91,264.7,93730000
SPY,2019-08-12,263.19,264.69,260.52,261.48,65527600
SPY,2019-08-13,261.18,267.0,260.83,265.54,94299800
SPY,2019-08-14,261.48,262.09,257.57,257.69,135622100
SPY,2019-08-15,258.58,259.27,256.32,258.37,99556600
SPY,2019-08-16,260.03,262.62,258.43,262.19,83018300
SPY,2019-08-19,265.22,266.03,264.54,265.34,53571800
SPY,2019-08-20,264.84,265.37,263.18,263.31,51596400
SPY,2019-08-21,265.48,265.83,264.79,265.45,49524700
SPY,2019-08-22,266.16,266.8,263.59,265.37,51666400
SPY,2019-08-23,264.06,265.73,257.3,258.55,149161500
SPY,2019-08-26,260.75,261.41,259.22,261.41,72423800
SPY,2019-08-27,262.81,263.18,259.63,260.39,66668900
SPY,2019-08-28,259.73,262.39,258.92,262.22,59696700
SPY,2019-08-29,264.79,266.1,263.78,265.57,57899400
SPY,2019-08-30,267.06,267.08,264.52,265.45,62901200
SPY,2019-09-03,263.75,264.66,262.57,263.9,69101400
SPY,2019-09-04,266.08,266.91,265.33,266.9,46887300
SPY,2019-09-05,269.39,271.24,266.86,270.33,83258100
SPY,2019-09-06,270.65,271.18,269.96,270.54,49584300
SPY,2019-09-09,271.53,271.62,269.73,270.67,51260300
SPY,2019-09-10,269.91,270.67,268.65,270.61,57947100
SPY,2019-09-11,270.92,272.62,270.26,272.53,68821100
SPY,2019-09-12,273.44,274.54,272.68,273.48,72908700
SPY,2019-09-13,273.92,274.28,272.92,273.3,62104800
SPY,2019-09-16,272.16,273.34,271.81,272.45,58191200
SPY,2019-09-17,272.25,273.23,272.08,273.14,41475500
SPY,2019-09-18,272.75,273.41,270.71,273.31,73375800
SPY,2019-09-19,273.7,274.69,272.95,273.29,76560500
SPY,2019-09-20,273.89,274.18,271.2,272.0,89565000
SPY,2019-09-23,271.33,272.65,271.07,271.93,43476800
SPY,2019-09-24,273.03,273.42,268.83,269.8,94869400
SPY,2019-09-25,269.88,271.84,268.39,271.39,71854000
SPY,2019-09-26,271.4,271.61,269.41,270.83,56179700
SPY,2019-09-27,271.59,271.69,267.81,269.37,84746600
SPY,2019-09-30,269.89,271.33,269.84,270.62,51662400
SPY,2019-10-01,271.5,272.16,267.18,267.4,88242400
SPY,2019-10-02,265.81,265.82,261.38,262.68,122539500
SPY,2019-10-03,262.45,264.86,259.72,264.83,85278800
SPY,2019-10-04,265.48,268.67,265.43,268.41,65091200
SPY,2019-10-07,267.61,269.24,266.97,267.25,59610500
SPY,2019-10-08,265.39,266.13,263.07,263.1,95708100
SPY,2019-10-09,265.13,266.54,264.5,265.6,62359400
SPY,2019-10-10,265.52,268.28,265.36,267.4,55296300
SPY,2019-10-11,270.16,272.42,270.04,270.17,98720400
SPY,2019-10-14,269.85,270.53,269.52,269.87,40394800
SPY,2019-10-15,270.92,273.29,270.8,272.54,46754500
SPY,2019-10-16,272.08,272.8,271.67,272.11,48928200
SPY,2019-10-17,273.27,273.78,272.21,272.91,45736600
SPY,2019-10-18,272.37,273.02,270.86,271.71,64304000
SPY,2019-10-21,273.04,273.76,272.6,273.55,39048600
SPY,2019-10-22,274.09,274.38,272.57,272.66,48594700
SPY,2019-10-23,272.41,273.51,272.2,273.45,34352200
SPY,2019-10-24,274.39,274.54,273.07,273.9,35453100
SPY,2019-10-25,273.33,275.57,273.27,275.02,45205400
SPY,2019-10-28,276.24,277.07,276.22,276.57,42147000
SPY,2019-10-29,276.3,277.42,276.17,276.49,44284900
SPY,2019-10-30,276.69,277.71,275.38,277.34,49643900
SPY,2019-10-31,277.33,277.33,275.14,276.6,69053800
SPY,2019-11-01,278.05,279.21,277.89,279.16,71141500
SPY,2019-11-04,280.72,280.86,279.91,280.28,60606900
SPY,2019-11-05,280.49,280.79,279.68,279.97,42933200
SPY,2019-11-06,279.97,280.31,279.09,280.04,46487100
SPY,2019-11-07,281.38,282.36,280.55,281.02,54272300
SPY,2019-11-08,280.68,281.77,279.97,281.72,49032100
SPY,2019-11-11,280.33,281.35,280.19,281.18,35797300
SPY,2019-11-12,281.54,282.67,281.0,281.77,46484600
SPY,2019-11-13,280.78,282.26,280.55,281.86,53917700
SPY,2019-11-14,281.58,282.35,280.94,282.27,51219900
SPY,2019-11-15,283.61,284.36,282.92,284.32,62023600
SPY,2019-11-18,284.08,284.76,283.62,284.52,49228000
SPY,2019-11-19,285.13,285.14,283.8,284.44,67804700
SPY,2019-11-20,283.85,284.37,281.83,283.38,79406200
SPY,2019-11-21,283.49,283.6,282.13,282.93,54664700
SPY,2019-11-22,283.68,283.81,282.55,283.56,44850200
SPY,2019-11-25,284.49,285.76,284.49,285.76,48647200
SPY,2019-11-26,285.79,286.59,285.47,286.4,37569000
SPY,2019-11-27,286.89,287.68,286.67,287.68,44444600
SPY,2019-11-29,287.11,287.36,286.39,286.61,36592700
SPY,2019-12-02,286.87,286.93,283.75,284.18,75767800
SPY,2019-12-03,281.45,282.35,280.07,282.27,73941700
SPY,2019-12-04,283.32,284.62,282.97,284.01,49080000
SPY,2019-12-05,284.72,284.73,283.21,284.52,40709000
SPY,2019-12-06,286.44,287.52,286.43,287.12,48927000
SPY,2019-12-09,286.73,287.41,286.15,286.22,34838500
SPY,2019-12-10,286.17,286.83,285.25,285.9,52649800
SPY,2019-12-11,286.36,286.97,285.82,286.71,53429100
SPY,2019-12-12,286.72,289.97,286.49,289.18,96389600
SPY,2019-12-13,288.95,290.59,288.17,289.36,81503900
SPY,2019-12-16,291.09,291.94,289.29,291.35,82749700
SPY,2019-12-17,291.73,292.03,291.33,291.41,61097700
SPY,2019-12-18,291.8,292.03,291.37,291.43,48133000
SPY,2019-12-19,291.62,292.7,291.36,292.62,85310500
SPY,2019-12-20,293.66,295.04,292.68,293.91,147142100
SPY,2019-12-23,294.69,294.75,294.21,294.35,52990000
SPY,2019-12-24,294.58,294.63,294.06,294.36,20270000
SPY,2019-12-26,294.75,295.94,294.74,295.93,30911200
SPY,2019-12-27,296.66,296.72,295.33,295.86,42528800
SPY,2019-12-30,295.94,296.08,293.74,294.23,49729100
SPY,2019-12-31,293.72,295.19,293.37,294.94,57077300
SPY,2020-01-02,296.48,297.72,295.55,297.7,59151200
SPY,2020-01-03,294.3,296.57,294.24,295.44,77709700
SPY,2020-01-06,293.69,296.65,293.57,296.57,55653900
SPY,2020-01-07,296.0,296.48,295.29,295.74,40496400
SPY,2020-01-08,295.93,298.53,295.68,297.31,68296000
SPY,2020-01-09,298.88,299.4,298.29,299.33,48473300
SPY,2020-01-10,299.92,300.07,298.0,298.47,53029300
SPY,2020-01-13,299.09,300.53,298.66,300.52,47086800
SPY,2020-01-14,300.08,301.14,299.5,300.06,62832800
SPY,2020-01-15,299.97,301.5,299.89,300.74,72056600
SPY,2020-01-16,302.13,303.24,301.9,303.24,54050300
SPY,2020-01-17,303.96,304.4,303.18,304.19,95846000
SPY,2020-01-21,303.22,304.4,303.15,303.59,77742400
SPY,2020-01-22,304.45,305.1,303.47,303.63,48914900
SPY,2020-01-23,302.98,304.39,301.86,303.98,51963000
SPY,2020-01-24,304.64,304.72,299.98,301.27,87578400
SPY,2020-01-27,296.01,297.93,295.67,296.44,84062500
SPY,2020-01-28,297.87,300.43,296.54,299.55,63834000
SPY,2020-01-29,300.92,301.14,299.1,299.3,53888900
SPY,2020-01-30,297.23,300.48,296.48,300.27,75491800
SPY,2020-01-31,299.65,299.81,293.91,294.82,113845600
SPY,2020-02-03,296.31,298.88,296.19,297.01,69083000
SPY,2020-02-04,300.63,302.41,300.31,301.54,62573200
SPY,2020-02-05,304.48,305.23,303.01,305.02,65951100
SPY,2020-02-06,305.98,306.24,304.97,306.05,50359700
SPY,2020-02-07,304.98,306.06,303.87,304.42,64139400
SPY,2020-02-10,303.53,306.75,303.49,306.69,42070000
SPY,2020-02-11,308.04,308.83,306.69,307.22,54864500
SPY,2020-02-12,308.66,309.41,308.29,309.2,43992700
SPY,2020-02-13,307.77,309.84,307.49,308.87,54501900
SPY,2020-02-14,309.28,309.48,308.08,309.36,64582200
SPY,2020-02-18,308.37,309.43,307.17,308.57,57226200
SPY,2020-02-19,309.54,310.72,309.25,310.04,48814700
SPY,2020-02-20,309.49,310.32,305.77,308.77,74163400
SPY,2020-02-21,307.41,307.72,304.76,305.59,113788200
SPY,2020-02-24,296.11,305.66,294.37,295.45,161088400
SPY,2020-02-25,296.85,297.46,285.62,286.5,218913200
SPY,2020-02-26,287.9,291.5,284.71,285.45,194773800
SPY,2020-02-27,279.91,285.5,272.63,272.63,284353500
SPY,2020-02-28,264.55,272.98,261.66,271.48,384975800
SPY,2020-03-02,273.27,283.3,269.83,283.24,238703600
SPY,2020-03-03,283.61,287.59,272.68,275.13,300139100
SPY,2020-03-04,280.52,286.91,277.96,286.69,176613400
SPY,2020-03-05,279.47,282.67,274.92,277.16,186366800
SPY,2020-03-06,268.63,273.79,265.96,272.58,228667200
SPY,2020-03-09,252.27,260.42,250.58,251.29,309417300
SPY,2020-03-10,260.83,264.39,250.63,264.3,276444100
SPY,2020-03-11,257.22,258.36,248.22,251.41,255316300
SPY,2020-03-12,234.59,244.36,226.96,227.36,392220700
SPY,2020-03-13,241.09,248.77,227.73,246.8,329566100
SPY,2020-03-16,221.01,235.41,217.51,219.79,297240000
SPY,2020-03-17,224.55,234.74,217.24,231.66,262070500
SPY,2020-03-18,216.49,227.6,208.95,219.93,327597100
SPY,2020-03-19,219.24,226.69,212.8,220.39,289322000
SPY,2020-03-20,223.55,225.34,210.62,210.9,347158800
SPY,2020-03-23,210.33,211.71,201.18,205.5,326025200
SPY,2020-03-24,216.08,225.0,215.51,224.12,235494500
SPY,2020-03-25,225.71,236.29,220.99,227.48,299430300
SPY,2020-03-26,230.0,242.24,229.56,240.76,257632800
SPY,2020-03-27,233.45,240.4,231.41,233.59,224341200
SPY,2020-03-30,235.69,241.9,233.69,241.18,171369500
SPY,2020-03-31,240.17,242.72,236.17,237.58,194881100
SPY,2020-04-01,228.58,237.5,224.82,226.89,189554600
SPY,2020-04-02,226.0,232.91,225.45,232.12,177660400
SPY,2020-04-03,231.14,233.5,226.03,228.77,135561200
SPY,2020-04-06,237.66,246.11,228.75,244.14,188061200
SPY,2020-04-07,252.75,253.51,244.16,244.38,201427200
SPY,2020-04-08,246.99,254.4,244.49,252.59,153774500
SPY,2020-04-09,255.86,259.2,253.92,256.43,189999200
SPY,2020-04-13,255.45,255.8,250.17,254.09,114839100
SPY,2020-04-14,258.99,262.61,253.95,261.58,134143400
SPY,2020-04-15,255.85,261.72,253.91,256.03,121775000
SPY,2020-04-16,257.31,258.12,254.18,257.26,131798300
SPY,2020-04-17,263.05,264.82,260.3,264.21,146684800
SPY,2020-04-20,260.5,264.35,259.33,259.56,100109300
SPY,2020-04-21,255.08,256.28,250.73,251.68,126385700
SPY,2020-04-22,256.57,259.01,255.24,257.26,92951600
SPY,2020-04-23,258.54,261.72,256.94,257.24,104709700
SPY,2020-04-24,258.76,261.5,256.71,260.83,85063200
SPY,2020-04-27,262.81,265.71,262.35,264.59,77896600
SPY,2020-04-28,268.25,268.6,263.07,263.37,105270000
SPY,2020-04-29,268.72,271.81,267.69,270.27,118745600
SPY,2020-04-30,268.88,270.37,266.01,267.75,122901700
SPY,2020-05-01,262.99,267.92,259.49,260.66,125180000
SPY,2020-05-04,258.77,261.69,257.29,261.38,80873200
SPY,2020-05-05,264.21,266.62,261.51,263.8,79569900
SPY,2020-05-06,265.5,265.89,261.57,262.01,73632600
SPY,2020-05-07,265.23,267.11,264.66,265.17,75250400
SPY,2020-05-08,268.31,270.03,267.18,269.56,76452400
SPY,2020-05-11,267.62,271.0,267.2,269.61,79514200
SPY,2020-05-12,270.8,271.22,264.1,264.24,95870800
SPY,2020-05-13,263.68,264.72,257.13,259.57,144721100
SPY,2020-05-14,257.12,262.8,251.63,262.67,121977900
SPY,2020-05-15,260.28,263.93,259.33,263.88,111146300
SPY,2020-05-18,270.12,273.53,269.8,271.92,119703800
SPY,2020-05-19,271.32,273.03,269.11,269.12,95189300
SPY,2020-05-20,272.67,274.56,272.44,273.7,85861700
SPY,2020-05-21,273.57,274.38,270.71,271.81,78293900
SPY,2020-05-22,271.52,272.5,270.28,272.32,63958200
SPY,2020-05-26,278.3,278.54,272.34,275.68,88951400
SPY,2020-05-27,278.48,279.82,273.64,279.78,104817400
SPY,2020-05-28,280.81,282.83,278.59,279.26,90405200
SPY,2020-05-29,278.79,281.1,276.04,280.51,119090800
SPY,2020-06-01,279.86,282.25,279.35,281.64,55758300
SPY,2020-06-02,282.56,284.02,281.23,283.97,74267200
SPY,2020-06-03,285.96,288.71,285.69,287.75,92567600
SPY,2020-06-04,286.77,288.51,284.9,287.0,75794400
SPY,2020-06-05,292.41,296.13,292.34,294.35,150524700
SPY,2020-06-08,295.16,298.1,294.62,297.91,73641200
SPY,2020-06-09,295.24,297.98,294.37,295.69,77479200
SPY,2020-06-10,296.27,297.16,293.32,294.04,95000800
SPY,2020-06-11,287.09,287.72,276.53,277.09,209243600
SPY,2020-06-12,284.12,284.9,275.24,280.41,194678900
SPY,2020-06-15,274.7,284.16,273.52,283.02,135782700
SPY,2020-06-16,290.79,290.94,283.6,288.47,137627500
SPY,2020-06-17,289.49,289.79,286.54,287.27,83398900
SPY,2020-06-18,285.75,287.86,285.29,287.38,80828700
SPY,2020-06-19,290.86,291.06,283.79,285.74,135549600
SPY,2020-06-22,285.14,287.97,283.99,287.57,74649400
SPY,2020-06-23,290.23,291.17,288.49,288.9,68471200
SPY,2020-06-24,286.85,287.47,279.69,281.53,132813500
SPY,2020-06-25,280.96,284.82,278.93,284.55,89468000
SPY,2020-06-26,283.45,283.66,277.21,277.79,127961000
SPY,2020-06-29,279.05,282.01,276.75,281.87,79773300
SPY,2020-06-30,281.44,287.19,281.28,285.48,113394800
SPY,2020-07-01,286.6,288.75,286.14,287.48,72396500
SPY,2020-07-02,290.93,292.28,288.4,289.07,69344200
SPY,2020-07-06,292.9,294.11,292.15,293.53,61713800
SPY,2020-07-07,291.98,293.96,290.12,290.5,82910000
SPY,2020-07-08,291.27,292.83,289.5,292.72,54638600
SPY,2020-07-09,293.33,293.57,287.63,291.06,83354200
SPY,2020-07-10,290.99,294.3,289.56,294.03,57550400
SPY,2020-07-13,296.38,298.77,290.82,291.48,102997500
SPY,2020-07-14,290.06,296.04,288.85,295.26,93657000
SPY,2020-07-15,298.49,299.07,295.58,297.97,87196500
SPY,2020-07-16,296.06,297.44,295.42,296.99,54622500
SPY,2020-07-17,298.0,298.64,296.02,297.85,62774900
SPY,2020-07-20,297.58,301.01,296.83,300.26,56308800
SPY,2020-07-21,302.23,302.67,299.91,300.9,57292200
SPY,2020-07-22,300.54,302.92,300.42,302.61,57792900
SPY,2020-07-23,302.25,302.95,297.63,299.0,75738000
SPY,2020-07-24,297.14,298.1,295.56,297.07,73766600
SPY,2020-07-27,297.77,299.42,296.97,299.24,48293000
SPY,2020-07-28,298.51,299.63,297.05,297.34,57495000
SPY,2020-07-29,298.22,301.56,298.18,301.0,48454200
SPY,2020-07-30,298.02,300.34,295.93,299.92,61861700
SPY,2020-07-31,301.72,302.4,297.49,302.29,84986800
SPY,2020-08-03,303.96,305.16,303.42,304.4,53077900
SPY,2020-08-04,303.54,305.57,303.54,305.57,41917900
SPY,2020-08-05,306.88,307.73,306.61,307.47,42697700
SPY,2020-08-06,306.89,309.65,306.56,309.53,43679400
SPY,2020-08-07,308.55,310.03,307.65,309.75,57308300
SPY,2020-08-10,310.2,310.86,308.26,310.67,44282100
SPY,2020-08-11,311.86,312.5,307.38,308.11,69601100
SPY,2020-08-12,310.55,313.18,310.53,312.4,53774400
SPY,2020-08-13,311.64,313.15,310.91,311.84,41816100
SPY,2020-08-14,311.45,312.39,310.72,311.85,47260400
SPY,2020-08-17,312.87,313.24,311.86,312.84,35481000
SPY,2020-08-18,313.24,313.94,311.64,313.52,38733900
SPY,2020-08-19,313.9,314.41,311.65,312.21,68054200
SPY,2020-08-20,310.48,313.66,310.35,313.18,42207800
SPY,2020-08-21,312.85,314.52,312.51,314.29,55106600
SPY,2020-08-24,316.74,317.55,314.27,317.48,48588700
SPY,2020-08-25,318.04,318.67,316.88,318.59,38463400
SPY,2020-08-26,319.18,322.05,318.64,321.78,50790200
SPY,2020-08-27,322.65,323.94,320.82,322.49,58034100
SPY,2020-08-28,323.51,324.7,322.32,324.57,48588900
SPY,2020-08-31,324.36,325.24,323.16,323.39,66099200
SPY,2020-09-01,324.23,326.54,323.33,326.44,54908700
SPY,2020-09-02,328.36,332.13,327.21,331.16,69540000
SPY,2020-09-03,329.47,329.94,317.17,319.76,148011100
SPY,2020-09-04,320.45,322.02,310.03,317.15,139156300
SPY,2020-09-08,311.73,317.22,308.18,308.49,114465300
SPY,2020-09-09,312.51,317.05,311.64,314.58,91462300
SPY,2020-09-10,316.46,317.12,308.16,309.12,90569500
SPY,2020-09-11,310.9,311.97,306.44,309.28,84680200
SPY,2020-09-14,312.45,315.13,309.42,313.35,65605700
SPY,2020-09-15,315.81,316.64,313.36,314.93,52920900
SPY,2020-09-16,316.17,317.61,313.4,313.68,82096000
SPY,2020-09-17,308.81,312.65,308.28,310.92,91523300
SPY,2020-09-18,311.73,311.84,304.85,307.34,105877900
SPY,2020-09-21,302.74,304.07,299.05,303.92,99450800
SPY,2020-09-22,305.41,307.58,302.89,307.02,63612100
SPY,2020-09-23,307.58,307.86,299.4,299.9,93112200
SPY,2020-09-24,298.58,303.77,297.26,300.7,76681300
SPY,2020-09-25,299.84,306.35,298.97,305.56,71069400
SPY,2020-09-28,309.73,311.35,308.74,310.63,64584600
SPY,2020-09-29,310.43,311.17,308.25,308.94,51304000
SPY,2020-09-30,309.61,314.45,309.42,311.29,104081100
SPY,2020-10-01,313.89,314.86,311.4,313.28,88698700
SPY,2020-10-02,308.32,313.26,307.85,310.31,89431100
SPY,2020-10-05,312.37,316.0,312.33,315.81,45713100
SPY,2020-10-06,315.95,318.05,310.81,311.32,90128900
SPY,2020-10-07,314.29,317.55,314.26,316.74,56999600
SPY,2020-10-08,318.68,319.61,317.76,319.55,45242500
SPY,2020-10-09,321.2,322.87,320.58,322.4,59528600
SPY,2020-10-12,324.95,329.07,324.46,327.59,80388500
SPY,2020-10-13,327.45,327.63,324.48,325.45,73255500
SPY,2020-10-14,326.03,327.12,322.67,323.41,57727900
SPY,2020-10-15,319.48,323.49,318.94,323.01,60357700
SPY,2020-10-16,324.36,326.03,322.63,322.81,89501900
SPY,2020-10-19,324.08,324.71,317.0,317.9,68425600
SPY,2020-10-20,319.25,322.43,318.49,319.18,60051900
SPY,2020-10-21,319.13,321.31,318.27,318.57,63575000
SPY,2020-10-22,318.79,320.91,316.64,320.32,55399300
SPY,2020-10-23,321.55,321.6,318.94,321.41,49143900
SPY,2020-10-26,318.01,318.8,311.96,315.47,91473000
SPY,2020-10-27,315.81,316.15,314.17,314.38,65994100
SPY,2020-10-28,308.69,314.41,303.14,303.64,127094300
SPY,2020-10-29,303.87,309.9,302.18,306.72,90597700
SPY,2020-10-30,305.14,306.45,299.86,303.52,120287300
SPY,2020-11-02,306.93,308.93,304.17,306.93,86068300
SPY,2020-11-03,310.17,314.41,307.01,312.34,93294200
SPY,2020-11-04,316.83,323.42,315.65,319.33,126959700
SPY,2020-11-05,324.62,327.37,324.27,325.55,82039700
SPY,2020-11-06,325.26,326.73,323.15,325.48,74973000
SPY,2020-11-09,338.32,338.7,329.1,329.57,172304200
SPY,2020-11-10,328.57,330.14,325.8,329.09,85552000
SPY,2020-11-11,331.28,332.36,330.03,331.53,58649000
SPY,2020-11-12,330.52,331.58,326.5,328.31,67546200
SPY,2020-11-13,330.23,333.6,329.71,332.86,62892200
SPY,2020-11-16,335.54,337.21,334.24,337.01,74541100
SPY,2020-11-17,334.6,336.41,333.08,335.2,66111000
SPY,2020-11-18,335.47,336.02,331.13,331.17,70591300
SPY,2020-11-19,330.54,332.93,329.19,332.56,59940900
SPY,2020-11-20,332.3,332.51,330.21,330.28,70417300
SPY,2020-11-23,332.1,333.53,329.86,332.26,63230600
SPY,2020-11-24,334.82,338.17,333.97,337.62,62415900
SPY,2020-11-25,337.53,337.56,336.0,337.1,45330900
SPY,2020-11-27,338.19,338.51,337.02,338.04,28514100
SPY,2020-11-30,337.26,337.53,333.85,336.54,83872700
SPY,2020-12-01,339.8,341.76,339.21,340.22,74231400
SPY,2020-12-02,339.11,341.09,338.53,340.94,45927000
SPY,2020-12-03,340.83,342.24,339.74,340.84,62882000
SPY,2020-12-04,341.43,343.78,341.34,343.78,50749900
SPY,2020-12-07,343.01,343.57,341.8,343.07,48944300
SPY,2020-12-08,341.8,344.65,341.75,344.08,42458900
SPY,2020-12-09,344.74,344.9,340.16,340.99,74098300
SPY,2020-12-10,339.62,341.93,338.74,340.88,57735400
SPY,2020-12-11,339.18,340.89,337.66,340.48,57698600
SPY,2020-12-14,342.66,343.73,338.78,338.96,69216200
SPY,2020-12-15,341.5,343.54,340.13,343.54,63865300
SPY,2020-12-16,343.75,345.0,342.87,344.08,58420500
SPY,2020-12-17,345.72,346.21,344.9,346.0,64119500
SPY,2020-12-18,346.29,346.46,342.6,344.62,136542300
SPY,2020-12-21,340.69,353.28,337.95,343.39,96386700
SPY,2020-12-22,343.72,343.83,341.68,342.81,47949000
SPY,2020-12-23,343.78,345.03,342.79,343.12,46201400
SPY,2020-12-24,343.59,344.48,343.01,344.45,26457900
SPY,2020-12-28,347.01,347.8,346.39,347.41,39000400
SPY,2020-12-29,348.94,349.12,346.16,346.75,53680500
SPY,2020-12-30,347.57,348.28,346.85,347.24,49455300
SPY,2020-12-31,347.05,349.74,346.53,349.01,78520700
SPY,2021-01-04,350.34,350.47,340.55,344.26,110210800
SPY,2021-01-05,343.61,347.72,343.57,346.63,66426200
SPY,2021-01-06,345.12,351.9,344.56,348.7,107997700
SPY,2021-01-07,351.08,354.63,350.9,353.88,68766800
SPY,2021-01-08,355.27,356.11,352.01,355.9,71677200
SPY,2021-01-11,352.71,355.26,352.59,353.5,51034700
SPY,2021-01-12,353.68,354.59,351.32,353.57,52547700
SPY,2021-01-13,353.5,355.52,352.71,354.53,45303600
SPY,2021-01-14,355.27,355.78,352.95,353.28,49989100
SPY,2021-01-15,351.66,352.46,348.84,350.71,107160000
SPY,2021-01-19,353.17,354.0,351.69,353.46,51233300
SPY,2021-01-20,355.76,359.19,355.37,358.35,61836100
SPY,2021-01-21,358.91,359.34,357.75,358.68,47840100
SPY,2021-01-22,356.82,358.58,356.44,357.41,52860500
SPY,2021-01-25,358.15,359.17,353.28,358.82,70402000
SPY,2021-01-26,359.77,360.18,358.03,358.26,42665300
SPY,2021-01-27,354.93,355.02,347.26,349.5,123351100
SPY,2021-01-28,351.32,356.52,350.88,352.51,94198100
SPY,2021-01-29,350.64,351.61,343.77,345.45,126765100
SPY,2021-02-01,348.86,352.24,345.74,351.2,75817600
SPY,2021-02-02,354.39,357.73,351.29,356.17,64450700
SPY,2021-02-03,357.0,358.17,355.17,356.45,52427100
SPY,2021-02-04,357.48,360.55,356.56,360.5,47142600
SPY,2021-02-05,362.38,362.63,360.45,361.92,48669800
SPY,2021-02-08,363.37,364.58,362.52,364.53,38365200
SPY,2021-02-09,363.69,364.89,363.28,364.29,35551100
SPY,2021-02-10,366.03,366.18,361.72,364.13,59154400
SPY,2021-02-11,365.21,365.63,362.28,364.72,42913300
SPY,2021-02-12,363.92,366.76,363.84,366.52,50593300
SPY,2021-02-16,367.75,367.95,365.48,366.2,50972400
SPY,2021-02-17,364.45,366.54,363.43,366.29,52290600
SPY,2021-02-18,363.67,365.47,361.95,364.73,59712800
SPY,2021-02-19,365.99,366.28,363.64,364.08,83241000
SPY,2021-02-22,361.31,363.7,361.01,361.28,67414200
SPY,2021-02-23,359.07,363.08,354.91,361.72,107284100
SPY,2021-02-24,360.63,366.14,359.64,365.71,72433900
SPY,2021-02-25,364.44,365.81,355.45,356.9,146670500
SPY,2021-02-26,358.78,359.93,353.07,355.06,152701600
SPY,2021-03-01,359.94,364.91,355.25,363.66,105348800
SPY,2021-03-02,363.89,364.12,360.32,360.83,79595300
SPY,2021-03-03,360.13,361.1,355.94,356.05,119940200
SPY,2021-03-04,355.86,358.45,347.14,351.64,183433000
SPY,2021-03-05,355.15,359.16,347.85,358.11,152039600
SPY,2021-03-08,359.07,361.89,356.05,356.33,123149200
SPY,2021-03-09,360.18,363.97,359.68,361.41,113633600
SPY,2021-03-10,363.77,365.36,362.35,363.66,109899400
SPY,2021-03-11,366.14,369.33,365.68,367.35,86245000
SPY,2021-03-12,365.99,367.99,365.18,367.85,64653600
SPY,2021-03-15,368.1,370.3,365.95,370.04,73427200
SPY,2021-03-16,370.66,371.36,368.8,369.57,73722500
SPY,2021-03-17,368.28,371.64,367.14,370.83,97959300
SPY,2021-03-18,368.24,370.33,364.76,365.44,115349100
SPY,2021-03-19,365.14,366.72,362.58,364.76,113624500
SPY,2021-03-22,365.28,369.06,365.22,367.67,73778600
SPY,2021-03-23,367.04,368.49,363.99,364.78,90686600
SPY,2021-03-24,366.18,367.82,362.88,362.93,97588600
SPY,2021-03-25,361.48,365.76,359.54,364.97,116128600
SPY,2021-03-26,366.12,371.25,365.52,370.85,114409100
SPY,2021-03-29,369.37,371.57,367.88,370.66,108107600
SPY,2021-03-30,369.39,370.35,368.08,369.68,76262200
SPY,2021-03-31,370.25,372.74,370.22,371.18,112734200
SPY,2021-04-01,373.12,375.24,372.91,375.18,99682900
SPY,2021-04-05,377.85,381.11,377.78,380.57,91684800
SPY,2021-04-06,380.01,381.39,379.67,380.35,62021000
SPY,2021-04-07,380.18,381.13,379.72,380.79,55836300
SPY,2021-04-08,382.04,382.65,381.1,382.59,57863100
SPY,2021-04-09,382.47,385.54,382.35,385.37,61104600
SPY,2021-04-12,384.77,385.79,384.17,385.51,56704900
SPY,2021-04-13,385.41,387.28,385.03,386.66,56551000
SPY,2021-04-14,386.63,387.69,384.79,385.34,61659900
SPY,2021-04-15,387.48,389.75,387.43,389.48,60229800
SPY,2021-04-16,390.77,391.39,389.35,390.78,82037300
SPY,2021-04-19,389.84,390.29,387.53,388.86,78498500
SPY,2021-04-20,387.64,388.75,384.53,386.01,81851800
SPY,2021-04-21,385.39,389.87,385.25,389.66,66793000
SPY,2021-04-22,389.5,390.33,385.04,386.1,97582800
SPY,2021-04-23,386.67,391.71,386.59,390.29,73209200
SPY,2021-04-26,390.95,391.68,390.36,391.11,52182400
SPY,2021-04-27,391.41,391.6,389.88,391.02,51303100
SPY,2021-04-28,391.29,392.42,390.44,390.91,51238900
SPY,2021-04-29,393.64,394.02,390.01,393.4,78544300
SPY,2021-04-30,391.12,391.98,389.92,390.82,85527000
SPY,2021-05-03,392.81,393.19,391.16,391.66,68128300
SPY,2021-05-04,389.66,390.16,385.54,389.24,101591200
SPY,2021-05-05,390.89,391.12,388.8,389.36,60162200
SPY,2021-05-06,389.44,392.6,387.43,392.47,74321400
SPY,2021-05-07,393.24,395.99,392.56,395.33,67733800
SPY,2021-05-10,395.69,395.91,391.29,391.41,81852400
SPY,2021-05-11,386.88,388.91,384.03,387.92,116888000
SPY,2021-05-12,385.13,386.4,378.36,379.68,134811000
SPY,2021-05-13,381.23,386.18,381.19,384.24,106394000
SPY,2021-05-14,386.99,390.99,386.96,390.14,82201600
SPY,2021-05-17,389.03,389.96,387.13,389.15,65129200
SPY,2021-05-18,389.41,389.65,385.64,385.8,59810200
SPY,2021-05-19,381.09,384.96,379.61,384.78,106467100
SPY,2021-05-20,385.66,390.19,385.54,388.92,78022200
SPY,2021-05-21,390.41,391.66,388.15,388.61,76578700
SPY,2021-05-24,390.85,393.64,390.61,392.57,51376700
SPY,2021-05-25,393.65,394.01,391.12,391.7,57451400
SPY,2021-05-26,392.29,392.98,391.25,392.47,43088600
SPY,2021-05-27,393.5,394.02,392.4,392.68,56707700
SPY,2021-05-28,394.25,394.51,393.15,393.38,58520200
SPY,2021-06-01,395.75,395.89,392.59,393.04,54216600
SPY,2021-06-02,393.69,394.5,392.68,393.65,49097100
SPY,2021-06-03,391.33,393.33,389.86,392.19,58138800
SPY,2021-06-04,394.05,396.08,392.26,395.78,55938800
SPY,2021-06-07,395.77,395.95,394.46,395.4,51555000
SPY,2021-06-08,396.26,396.35,393.64,395.48,47134300
SPY,2021-06-09,396.32,396.4,394.66,394.89,48436300
SPY,2021-06-10,396.12,397.68,394.8,396.73,51020100
SPY,2021-06-11,397.28,397.49,395.99,397.38,45570800
SPY,2021-06-14,397.49,398.37,396.25,398.27,42358500
SPY,2021-06-15,398.42,398.46,396.66,397.54,51508500
SPY,2021-06-16,397.68,397.91,393.27,395.32,80386100
SPY,2021-06-17,394.91,396.17,392.71,395.19,90949700
SPY,2021-06-18,391.9,392.59,389.65,389.86,118676300
SPY,2021-06-21,391.62,395.63,390.81,395.44,72822000
SPY,2021-06-22,395.43,398.39,394.71,397.55,57700300
SPY,2021-06-23,397.63,398.44,396.99,397.07,49445400
SPY,2021-06-24,399.23,399.85,398.97,399.42,45110300
SPY,2021-06-25,400.17,401.29,399.85,400.84,58129500
SPY,2021-06-28,401.37,401.82,400.17,401.65,53159600
SPY,2021-06-29,402.04,402.67,401.33,401.87,35970500
SPY,2021-06-30,401.41,402.88,401.38,402.2,64827900
SPY,2021-07-01,402.97,404.59,402.9,404.43,53441000
SPY,2021-07-02,405.6,407.88,404.52,407.52,57697700
SPY,2021-07-06,407.58,407.79,404.04,406.78,68710400
SPY,2021-07-07,407.47,408.5,405.45,408.22,63549500
SPY,2021-07-08,402.88,405.65,401.7,404.89,97595200
SPY,2021-07-09,406.4,409.51,404.69,409.21,76238600
SPY,2021-07-12,409.13,410.93,408.7,410.68,52889600
SPY,2021-07-13,409.89,411.39,409.02,409.28,52911300
SPY,2021-07-14,410.98,411.47,408.64,409.89,64130400
SPY,2021-07-15,408.55,409.22,406.58,408.49,55126400
SPY,2021-07-16,409.67,409.72,404.89,405.29,75874700
SPY,2021-07-19,400.45,405.35,396.48,399.3,147987000
SPY,2021-07-20,399.97,406.3,399.17,405.02,99608200
SPY,2021-07-21,406.23,408.44,404.98,408.3,64724400
SPY,2021-07-22,408.48,409.4,407.49,409.16,47878500
SPY,2021-07-23,411.09,413.7,410.41,413.37,63766600
SPY,2021-07-26,412.77,414.39,412.73,414.38,43719200
SPY,2021-07-27,413.34,413.37,409.66,412.49,67397100
SPY,2021-07-28,413.12,413.7,410.9,412.32,52472400
SPY,2021-07-29,413.25,415.11,413.24,414.03,47435300
SPY,2021-07-30,411.46,413.48,411.33,412.02,68951200
SPY,2021-08-02,413.74,414.3,410.8,411.16,58783300
SPY,2021-08-03,411.96,414.63,409.76,414.5,58053900
SPY,2021-08-04,413.22,414.48,412.23,412.46,46732200
SPY,2021-08-05,413.63,415.16,413.31,415.08,38969700
SPY,2021-08-06,415.4,416.19,415.11,415.76,46930000
SPY,2021-08-09,415.73,416.05,414.65,415.42,41222600
SPY,2021-08-10,415.88,416.66,415.19,415.94,43339300
SPY,2021-08-11,417.01,417.07,415.88,416.97,44034300
SPY,2021-08-12,416.82,418.37,415.92,418.22,38909400
SPY,2021-08-13,418.68,419.0,418.19,418.99,39470300
SPY,2021-08-16,417.68,420.1,416.12,419.97,73740000
SPY,2021-08-17,417.41,418.08,414.22,417.22,92673900
SPY,2021-08-18,416.2,417.77,412.41,412.65,89351900
SPY,2021-08-19,409.92,414.49,409.78,413.29,92812200
SPY,2021-08-20,413.64,416.91,413.15,416.58,72008700
SPY,2021-08-23,418.27,421.16,416.66,420.24,54973000
SPY,2021-08-24,420.91,421.45,420.39,420.91,38744700
SPY,2021-08-25,421.1,422.31,420.72,421.79,40529700
SPY,2021-08-26,421.51,421.75,419.21,419.3,57829600
SPY,2021-08-27,420.11,423.43,420.06,423.05,77235100
SPY,2021-08-30,423.73,425.7,423.49,424.91,48357400
SPY,2021-08-31,424.82,425.16,423.68,424.28,59300200
SPY,2021-09-01,425.22,425.74,424.28,424.51,48721400
SPY,2021-09-02,425.94,426.62,424.61,425.82,42501000
SPY,2021-09-03,424.68,426.23,424.28,425.71,47170500
SPY,2021-09-07,425.37,425.46,423.51,424.19,51671500
SPY,2021-09-08,423.66,424.39,421.75,423.67,56181900
SPY,2021-09-09,423.48,425.23,421.62,421.86,57970400
SPY,2021-09-10,423.8,424.22,418.41,418.53,89948200
SPY,2021-09-13,421.54,421.8,417.28,419.61,83738600
SPY,2021-09-14,421.05,421.26,416.45,417.34,78197100
SPY,2021-09-15,417.76,421.32,416.66,420.83,78792200
SPY,2021-09-16,420.3,421.28,417.2,420.16,77786700
SPY,2021-09-17,419.39,419.81,415.71,416.07,118425000
SPY,2021-09-20,409.92,411.5,404.25,409.13,166445500
SPY,2021-09-21,411.48,412.78,408.22,408.74,92526100
SPY,2021-09-22,411.02,414.78,408.86,412.73,102350100
SPY,2021-09-23,414.61,419.36,414.37,417.74,76396000
SPY,2021-09-24,416.1,419.15,415.89,418.43,62094800
SPY,2021-09-27,417.4,418.57,416.54,417.24,61371100
SPY,2021-09-28,414.46,414.79,408.09,408.83,130436300
SPY,2021-09-29,410.21,411.96,408.95,409.52,82329200
SPY,2021-09-30,411.0,411.7,404.17,404.51,140506000
SPY,2021-10-01,406.25,411.01,402.71,409.32,129240100
SPY,2021-10-04,408.15,409.05,401.89,404.04,128570000
SPY,2021-10-05,405.55,410.5,404.75,408.24,90682500
SPY,2021-10-06,404.63,410.15,403.0,409.94,113032200
SPY,2021-10-07,413.23,416.33,413.05,413.48,72437500
SPY,2021-10-08,414.26,414.64,412.1,412.73,74557400
SPY,2021-10-11,412.07,414.99,409.68,409.74,65233300
SPY,2021-10-12,410.67,411.07,407.94,408.73,71181200
SPY,2021-10-13,409.76,411.02,406.77,410.2,72974000
SPY,2021-10-14,413.88,417.25,413.41,417.1,70236800
SPY,2021-10-15,419.22,420.65,418.6,420.28,66260200
SPY,2021-10-18,418.49,421.86,417.83,421.52,62213200
SPY,2021-10-19,423.16,424.84,422.54,424.78,46996800
SPY,2021-10-20,425.24,426.75,425.13,426.45,49571600
SPY,2021-10-21,425.84,427.78,425.41,427.56,41305400
SPY,2021-10-22,427.12,428.58,425.16,427.11,58845100
SPY,2021-10-25,428.21,429.73,426.43,429.4,45214500
SPY,2021-10-26,430.96,432.18,429.41,429.79,56075100
SPY,2021-10-27,430.25,430.92,427.81,427.89,72438000
SPY,2021-10-28,429.32,432.09,429.31,432.02,51437900
SPY,2021-10-29,429.71,433.18,429.41,432.89,70162400
SPY,2021-11-01,433.88,434.26,431.9,433.64,48433600
SPY,2021-11-02,433.81,435.7,433.67,435.39,48908400
SPY,2021-11-03,434.82,438.45,434.38,438.05,52509800
SPY,2021-11-04,438.65,440.2,438.3,440.11,52847100
SPY,2021-11-05,442.35,443.64,440.12,441.64,66390600
SPY,2021-11-08,442.74,443.24,441.33,442.02,50405200
SPY,2021-11-09,442.38,442.62,439.14,440.56,51149100
SPY,2021-11-10,438.86,440.56,435.52,437.01,69429700
SPY,2021-11-11,438.51,438.59,437.13,437.15,34848500
SPY,2021-11-12,438.43,441.01,437.47,440.45,53466700
SPY,2021-11-15,441.74,441.9,439.47,440.6,46980500
SPY,2021-11-16,440.34,443.49,440.26,442.35,48857500
SPY,2021-11-17,442.08,442.26,440.65,441.27,47858300
SPY,2021-11-18,442.31,443.04,439.58,442.77,50625600
SPY,2021-11-19,442.66,443.91,441.61,441.98,57315600
SPY,2021-11-22,443.86,446.36,440.53,440.74,72762000
SPY,2021-11-23,440.41,442.18,437.79,441.32,73206500
SPY,2021-11-24,439.31,442.62,438.49,442.5,61858800
SPY,2021-11-26,435.81,437.28,431.5,432.63,112669600
SPY,2021-11-29,437.44,439.78,435.23,437.94,86268800
SPY,2021-11-30,435.48,437.4,429.17,429.41,148559600
SPY,2021-12-01,435.15,438.0,424.45,424.64,131939200
SPY,2021-12-02,424.86,432.72,424.47,431.15,127637800
SPY,2021-12-03,432.82,433.88,423.16,427.4,137331600
SPY,2021-12-06,429.95,434.34,427.53,432.46,98977500
SPY,2021-12-07,437.76,441.97,432.33,441.4,95484700
SPY,2021-12-08,441.8,443.03,440.04,442.57,72238800
SPY,2021-12-09,441.28,442.68,439.39,439.59,61272600
SPY,2021-12-10,442.3,443.87,439.74,443.72,77159800
SPY,2021-12-13,443.2,443.55,439.51,439.79,87724700
SPY,2021-12-14,436.51,439.01,433.84,436.77,97264100
SPY,2021-12-15,436.82,443.84,434.3,443.59,116899300
SPY,2021-12-16,445.45,445.73,438.12,439.68,116568600
SPY,2021-12-17,436.59,439.61,433.29,435.0,135511600
SPY,2021-12-20,429.9,430.77,426.74,430.37,107134800
SPY,2021-12-21,433.81,438.16,431.63,438.02,69806300
SPY,2021-12-22,437.76,442.51,437.56,442.4,58890200
SPY,2021-12-23,443.4,446.65,443.3,445.15,56439700
SPY,2021-12-27,446.53,451.5,446.48,451.45,56808600
SPY,2021-12-28,451.88,452.92,450.31,451.08,47274600
SPY,2021-12-29,451.18,452.68,450.18,451.66,54503000
SPY,2021-12-30,452.08,453.1,449.95,450.41,55329000
SPY,2021-12-31,449.92,451.07,449.0,449.27,65237400
SPY,2022-01-03,450.54,452.01,448.22,451.88,72668200
SPY,2022-01-04,453.3,454.02,449.86,451.72,71178700
SPY,2022-01-05,451.35,452.13,442.96,443.05,104538900
SPY,2022-01-06,442.59,445.36,440.26,442.63,86858900
SPY,2022-01-07,442.64,443.83,439.52,440.88,85111600
SPY,2022-01-10,437.68,440.55,431.91,440.33,119362000
SPY,2022-01-11,440.07,444.44,437.06,444.35,74303100
SPY,2022-01-12,446.09,447.61,443.58,445.55,67605400
SPY,2022-01-13,446.65,447.31,438.38,439.41,91173100
SPY,2022-01-14,436.25,439.94,435.03,439.59,95890900
SPY,2022-01-18,434.88,435.09,430.69,431.8,109709100
SPY,2022-01-19,433.35,434.75,427.04,427.32,109357600
SPY,2022-01-20,429.21,433.93,420.46,422.59,122379700
SPY,2022-01-21,421.46,423.83,414.27,414.29,202271200
SPY,2022-01-24,408.67,416.56,398.01,416.05,251783900
SPY,2022-01-25,409.64,415.94,404.05,410.97,167997300
SPY,2022-01-26,416.89,420.03,405.67,409.94,186391100
SPY,2022-01-27,414.56,417.71,406.23,407.92,149878300
SPY,2022-01-28,409.28,418.1,404.68,418.05,164457400
SPY,2022-01-31,417.38,425.93,416.02,425.58,152251400
SPY,2022-02-01,426.31,429.1,422.77,428.45,123155400
SPY,2022-02-02,430.87,433.34,428.55,432.62,117361000
SPY,2022-02-03,426.56,428.47,421.61,422.45,118024400
SPY,2022-02-04,422.21,428.29,419.83,424.43,118454400
SPY,2022-02-07,425.2,426.6,421.74,423.07,84472900
SPY,2022-02-08,422.57,427.48,421.14,426.55,81012000
SPY,2022-02-09,430.6,433.12,430.4,432.8,92589900
SPY,2022-02-10,426.93,432.96,423.02,425.02,140103700
SPY,2022-02-11,425.11,427.19,415.2,416.64,153214600
SPY,2022-02-14,416.13,417.72,411.8,415.28,123006300
SPY,2022-02-15,419.73,422.14,419.21,421.97,88482700
SPY,2022-02-16,419.92,423.83,418.04,422.45,84863600
SPY,2022-02-17,419.25,422.42,412.82,413.42,102259100
SPY,2022-02-18,413.68,414.94,408.47,410.75,132642900
SPY,2022-02-22,408.53,411.95,402.83,406.34,124391800
SPY,2022-02-23,409.26,409.83,398.56,399.13,132578000
SPY,2022-02-24,388.79,405.57,388.43,405.14,213942900
SPY,2022-02-25,406.38,414.16,404.72,414.08,121804500
SPY,2022-02-28,408.67,414.5,407.41,413.02,145615000
SPY,2022-03-01,411.51,413.53,404.01,406.73,137785900
SPY,2022-03-02,408.99,415.94,408.23,414.21,117726500
SPY,2022-03-03,416.65,417.25,410.34,412.15,105501700
SPY,2022-03-04,408.4,409.93,404.74,408.8,113978200
SPY,2022-03-07,408.21,408.92,396.68,396.75,137896600
SPY,2022-03-08,396.93,404.11,392.67,393.74,164772700
SPY,2022-03-09,402.15,406.28,399.95,404.3,116990800
SPY,2022-03-10,399.67,403.37,397.7,402.47,93972700
SPY,2022-03-11,404.97,405.58,396.84,397.35,95636300
SPY,2022-03-14,398.13,401.59,393.3,394.45,95729200
SPY,2022-03-15,397.07,403.76,395.79,403.12,106219100
SPY,2022-03-16,406.64,412.12,401.83,412.06,144954800
SPY,2022-03-17,410.14,417.22,409.76,417.22,102676900
SPY,2022-03-18,415.6,422.11,414.86,421.79,106345500
SPY,2022-03-21,421.62,423.63,418.14,421.66,88349800
SPY,2022-03-22,423.06,427.54,423.06,426.6,74650400
SPY,2022-03-23,424.05,425.55,421.02,421.1,79426100
SPY,2022-03-24,423.13,427.46,422.01,427.45,64736900
SPY,2022-03-25,428.09,429.81,425.5,429.54,77101300
SPY,2022-03-28,428.94,432.59,427.04,432.59,68529800
SPY,2022-03-29,436.49,438.44,433.8,437.95,86581500
SPY,2022-03-30,436.8,437.61,433.13,435.24,79666900
SPY,2022-03-31,434.47,435.3,428.09,428.54,121699900
SPY,2022-04-01,430.13,430.27,426.17,429.76,89048800
SPY,2022-04-04,429.96,433.54,429.13,433.44,59601000
SPY,2022-04-05,431.94,434.42,426.82,427.96,74214500
SPY,2022-04-06,424.04,425.97,420.79,423.68,106898000
SPY,2022-04-07,422.8,427.64,420.85,425.82,78097200
SPY,2022-04-08,425.06,427.58,423.13,424.68,79272700
SPY,2022-04-11,421.4,422.24,416.92,417.42,89770500
SPY,2022-04-12,420.42,422.95,414.32,415.87,84363600
SPY,2022-04-13,415.63,421.4,415.45,420.64,74070400
SPY,2022-04-14,420.87,421.99,415.3,415.4,97869500
SPY,2022-04-18,414.47,417.26,413.33,415.57,66002500
SPY,2022-04-19,415.47,423.0,415.3,422.28,77821000
SPY,2022-04-20,424.06,424.68,420.8,421.97,65224400
SPY,2022-04-21,425.6,427.0,414.75,415.66,85417300
SPY,2022-04-22,414.57,415.68,403.68,404.25,132471800
SPY,2022-04-25,402.0,406.77,397.42,406.6,119647700
SPY,2022-04-26,404.05,404.25,394.79,394.82,103996300
SPY,2022-04-27,395.9,401.29,393.79,395.93,122030000
SPY,2022-04-28,400.69,407.67,396.24,405.93,105449100
SPY,2022-04-29,401.93,404.09,390.18,390.93,145491100
SPY,2022-05-02,391.0,394.65,384.31,393.28,158312500
SPY,2022-05-03,393.79,397.51,392.22,395.09,100028200
SPY,2022-05-04,395.75,407.69,392.55,407.12,144247900
SPY,2022-05-05,402.84,403.26,388.5,392.65,172929100
SPY,2022-05-06,390.08,393.59,384.98,390.3,151770800
SPY,2022-05-09,384.38,385.63,376.22,377.81,155586100
SPY,2022-05-10,383.8,385.31,374.63,378.68,132497200
SPY,2022-05-11,377.71,383.38,371.91,372.66,142361000
SPY,2022-05-12,369.46,375.56,365.45,372.27,125090800
SPY,2022-05-13,376.42,382.56,375.38,381.18,104174400
SPY,2022-05-16,379.52,383.31,377.27,379.63,78622400
SPY,2022-05-17,385.74,387.67,381.99,387.44,83029700
SPY,2022-05-18,382.86,383.15,370.58,371.82,117674500
SPY,2022-05-19,368.75,373.98,367.31,369.54,98510700
SPY,2022-05-20,373.14,376.73,361.08,369.7,131432200
SPY,2022-05-23,372.74,377.39,370.42,376.62,76414900
SPY,2022-05-24,372.48,374.94,367.17,373.75,91448800
SPY,2022-05-25,372.25,379.02,371.85,377.05,91472900
SPY,2022-05-26,378.28,386.22,378.07,384.58,82168300
SPY,2022-05-27,387.05,394.14,386.85,394.02,84768700
SPY,2022-05-31,392.4,395.16,389.06,391.81,95937000
SPY,2022-06-01,393.94,394.95,386.12,388.64,86585800
SPY,2022-06-02,388.48,396.09,386.22,396.04,79609600
SPY,2022-06-03,391.31,392.87,388.57,389.54,71874300
SPY,2022-06-06,393.57,395.3,389.55,390.73,57508900
SPY,2022-06-07,387.23,394.93,386.76,394.48,59272400
SPY,2022-06-08,392.76,394.55,389.39,390.19,64350000
SPY,2022-06-09,388.41,390.68,380.91,380.91,86289800
SPY,2022-06-10,374.69,375.54,369.82,369.86,132893900
SPY,2022-06-13,360.42,362.28,354.21,355.82,170004900
SPY,2022-06-14,357.58,358.61,351.64,354.75,104011800
SPY,2022-06-15,358.06,364.27,353.09,359.81,125666800
SPY,2022-06-16,351.56,351.97,345.46,347.9,134473300
SPY,2022-06-17,348.32,352.0,345.13,348.65,111113900
SPY,2022-06-21,354.4,358.82,354.32,357.43,76811900
SPY,2022-06-22,353.18,360.9,352.77,356.78,90059400
SPY,2022-06-23,358.92,361.01,355.35,360.27,79292100
SPY,2022-06-24,363.46,371.74,363.43,371.73,98050300
SPY,2022-06-27,372.65,372.95,369.21,370.31,66009600
SPY,2022-06-28,371.87,374.66,362.63,362.74,86548900
SPY,2022-06-29,363.3,364.29,360.62,362.45,65676000
SPY,2022-06-30,358.54,362.75,355.03,359.5,112508300
SPY,2022-07-01,358.85,363.74,356.22,363.31,74839700
SPY,2022-07-05,358.2,364.01,355.36,363.99,81438000
SPY,2022-07-06,364.13,367.72,361.74,365.22,70426200
SPY,2022-07-07,367.0,371.49,365.24,370.69,64525900
SPY,2022-07-08,369.05,372.26,367.52,370.39,72397800
SPY,2022-07-11,367.7,368.67,365.46,366.15,58366900
SPY,2022-07-12,365.6,367.99,361.16,362.91,62219200
SPY,2022-07-13,357.45,363.95,357.03,361.01,84224600
SPY,2022-07-14,356.03,361.22,353.59,360.13,89704800
SPY,2022-07-15,364.55,367.13,362.64,367.01,79060400
SPY,2022-07-18,370.11,370.79,362.75,363.98,63203600
SPY,2022-07-19,367.92,374.39,367.26,373.82,78506000
SPY,2022-07-20,374.01,377.62,372.63,376.2,71843800
SPY,2022-07-21,375.62,380.08,373.21,380.03,64903900
SPY,2022-07-22,380.15,381.35,374.27,376.5,72197300
SPY,2022-07-25,377.13,377.82,374.71,376.96,53631500
SPY,2022-07-26,375.31,375.52,371.61,372.5,52946400
SPY,2022-07-27,375.81,383.93,375.51,382.17,82342100
SPY,2022-07-28,382.98,387.66,379.42,386.97,73966600
SPY,2022-07-29,388.41,393.6,387.63,392.61,87003700
SPY,2022-08-01,389.9,393.96,389.19,391.45,69997500
SPY,2022-08-02,389.87,393.57,387.68,388.86,63435400
SPY,2022-08-03,391.0,396.13,390.71,394.95,67820600
SPY,2022-08-04,394.88,395.56,393.04,394.69,45656600
SPY,2022-08-05,390.39,394.67,390.33,394.02,56814900
SPY,2022-08-08,395.72,397.97,392.46,393.56,53886100
SPY,2022-08-09,392.83,393.33,390.92,392.0,44931800
SPY,2022-08-10,399.08,400.38,397.12,400.23,68665700
SPY,2022-08-11,403.09,404.96,399.49,400.23,59489700
SPY,2022-08-12,402.18,407.11,401.22,407.01,61694500
SPY,2022-08-15,404.79,409.21,404.73,408.69,54048300
SPY,2022-08-16,407.61,411.42,406.8,409.49,59289000
SPY,2022-08-17,405.87,409.29,404.57,406.58,63563400
SPY,2022-08-18,406.78,408.45,405.48,407.76,49023200
SPY,2022-08-19,404.99,405.25,401.4,402.28,68016900
SPY,2022-08-22,397.43,397.6,393.0,393.9,77695600
SPY,2022-08-23,393.48,395.88,392.4,392.95,49105200
SPY,2022-08-24,392.72,395.58,392.04,394.21,49177800
SPY,2022-08-25,395.71,399.82,394.61,399.77,50942300
SPY,2022-08-26,399.66,400.2,386.19,386.24,103087000
SPY,2022-08-29,383.28,386.75,382.33,383.69,65370800
SPY,2022-08-30,384.85,385.09,377.37,379.48,85652400
SPY,2022-08-31,381.12,382.36,376.46,376.59,76029700
SPY,2022-09-01,374.41,378.11,371.69,377.77,78740100
SPY,2022-09-02,381.45,382.67,371.97,373.79,99632100
SPY,2022-09-06,374.64,375.58,370.15,372.38,76637400
SPY,2022-09-07,372.06,379.84,371.84,379.07,70964200
SPY,2022-09-08,376.79,382.0,375.58,381.54,80821700
SPY,2022-09-09,383.79,388.34,383.53,387.47,76706900
SPY,2022-09-12,389.55,392.36,389.24,391.64,69256300
SPY,2022-09-13,382.93,384.14,373.48,374.61,122947100
SPY,2022-09-14,375.91,377.56,372.72,376.04,85023700
SPY,2022-09-15,374.47,377.33,370.49,371.77,87633800
SPY,2022-09-16,367.57,369.59,365.63,368.93,103084800
SPY,2022-09-19,365.77,371.79,365.7,371.79,73278500
SPY,2022-09-20,368.45,369.47,364.76,367.52,77274900
SPY,2022-09-21,369.46,372.52,361.1,361.11,106746600
SPY,2022-09-22,360.34,361.98,357.33,358.08,89472600
SPY,2022-09-23,354.6,354.64,347.62,352.08,122346900
SPY,2022-09-26,350.61,354.24,347.37,348.6,92581200
SPY,2022-09-27,352.15,354.43,345.31,347.71,108294100
SPY,2022-09-28,348.66,356.24,346.96,354.55,110802200
SPY,2022-09-29,350.99,351.28,344.19,347.14,112952300
SPY,2022-09-30,346.2,350.13,341.64,341.78,153711200
SPY,2022-10-03,345.51,352.65,343.72,350.8,89756500
SPY,2022-10-04,356.34,361.7,350.76,361.67,103602800
SPY,2022-10-05,357.29,363.09,354.95,360.83,88065700
SPY,2022-10-06,359.42,362.39,356.61,357.1,82333500
SPY,2022-10-07,353.06,357.19,345.37,347.14,107789500
SPY,2022-10-10,348.26,348.5,342.24,344.49,76042800
SPY,2022-10-11,342.79,347.37,340.37,342.31,92482800
SPY,2022-10-12,342.72,344.3,340.93,341.18,76991800
SPY,2022-10-13,334.15,351.66,333.1,350.19,147254500
SPY,2022-10-14,352.65,354.29,341.56,342.21,123737000
SPY,2022-10-17,348.31,352.11,341.87,351.0,93168200
SPY,2022-10-18,358.95,359.26,351.67,355.12,97162900
SPY,2022-10-19,353.08,355.81,349.78,352.61,79746900
SPY,2022-10-20,352.16,356.6,348.88,349.65,88283100
SPY,2022-10-21,349.37,358.64,347.86,358.15,131038400
SPY,2022-10-24,359.68,363.67,357.02,362.53,85436900
SPY,2022-10-25,362.45,368.63,362.34,368.32,78846300
SPY,2022-10-26,365.16,370.86,364.9,365.54,104087300
SPY,2022-10-27,366.55,368.4,362.97,363.59,81971800
SPY,2022-10-28,363.49,372.72,363.3,372.24,100302000
SPY,2022-10-31,369.77,371.65,368.64,369.55,96631300
SPY,2022-11-01,373.31,373.55,366.76,367.94,85407600
SPY,2022-11-02,367.34,371.87,358.6,358.7,126990400
SPY,2022-11-03,355.45,358.06,352.88,355.01,87100100
SPY,2022-11-04,360.74,362.53,354.04,360.12,103505200
SPY,2022-11-07,361.42,364.16,359.33,363.56,68286900
SPY,2022-11-08,364.67,368.51,361.43,365.52,84641100
SPY,2022-11-09,363.54,364.7,357.5,357.99,78495500
SPY,2022-11-10,371.31,378.0,369.01,377.67,141455800
SPY,2022-11-11,378.53,382.13,376.63,381.32,93839900
SPY,2022-11-14,379.55,382.92,377.8,378.08,71903500
SPY,2022-11-15,383.85,384.96,377.48,381.3,93194500
SPY,2022-11-16,379.67,380.62,377.76,378.39,68508500
SPY,2022-11-17,373.62,377.92,373.31,377.24,74496300
SPY,2022-11-18,380.59,380.65,376.09,378.95,92922500
SPY,2022-11-21,377.62,378.75,375.73,377.57,51243200
SPY,2022-11-22,379.52,382.82,378.11,382.65,60429000
SPY,2022-11-23,382.32,385.55,382.09,385.06,68261600
SPY,2022-11-25,384.5,385.53,384.22,384.98,30545400
SPY,2022-11-28,381.88,383.52,378.07,378.83,67881600
SPY,2022-11-29,378.97,380.16,376.34,378.18,52310000
SPY,2022-11-30,378.43,390.1,376.51,390.1,144566700
SPY,2022-12-01,391.14,392.32,387.29,389.81,76398200
SPY,2022-12-02,384.9,390.27,384.8,389.36,85342700
SPY,2022-12-05,386.53,387.47,381.0,382.36,77289800
SPY,2022-12-06,382.19,382.74,374.75,376.84,77972200
SPY,2022-12-07,375.99,378.58,375.06,376.2,65927900
SPY,2022-12-08,378.1,380.22,376.31,379.15,60737900
SPY,2022-12-09,377.91,380.47,376.19,376.32,81447700
SPY,2022-12-12,377.11,381.74,376.44,381.74,75405800
SPY,2022-12-13,392.53,392.79,381.86,384.63,123782500
SPY,2022-12-14,384.29,388.01,379.22,382.17,108111300
SPY,2022-12-15,377.29,378.2,371.16,372.83,117705900
SPY,2022-12-16,370.26,371.61,366.28,368.42,119858000
SPY,2022-12-19,368.62,368.95,363.63,365.3,79878100
SPY,2022-12-20,364.54,367.42,363.21,365.8,74427200
SPY,2022-12-21,368.41,372.4,367.87,371.27,78167400
SPY,2022-12-22,368.21,371.25,360.25,365.97,100120900
SPY,2022-12-23,364.94,368.22,363.39,368.08,59857300
SPY,2022-12-27,367.96,368.31,364.94,366.63,51638200
SPY,2022-12-28,366.56,368.54,361.84,362.07,70911500
SPY,2022-12-29,364.93,369.46,364.4,368.59,66970900
SPY,2022-12-30,365.9,367.76,363.77,367.62,84022200
SPY,2023-01-03,369.48,371.46,363.19,366.07,74850700
SPY,2023-01-04,368.34,370.93,365.28,368.9,85934100
SPY,2023-01-05,366.93,367.05,364.09,364.68,76970500
SPY,2023-01-06,367.79,374.17,364.71,373.05,104189600
SPY,2023-01-09,375.25,378.45,372.65,372.84,73978100
SPY,2023-01-10,372.25,375.52,371.31,375.45,65358100
SPY,2023-01-11,377.04,380.28,376.22,380.2,68881100
SPY,2023-01-12,381.31,383.05,377.22,381.58,90157700
SPY,2023-01-13,378.37,383.64,378.1,383.06,63903900
SPY,2023-01-17,383.05,384.73,381.68,382.36,62677300
SPY,2023-01-18,383.55,384.62,376.12,376.33,99632300
SPY,2023-01-19,374.28,375.93,372.26,373.59,86958900
SPY,2023-01-20,374.99,380.7,373.34,380.55,91806400
SPY,2023-01-23,381.35,387.05,380.39,385.11,84178800
SPY,2023-01-24,383.43,385.61,382.24,384.7,59524900
SPY,2023-01-25,380.61,385.18,378.32,384.84,84800300
SPY,2023-01-26,387.51,389.24,384.53,389.07,72287400
SPY,2023-01-27,388.02,392.35,387.81,389.97,68346200
SPY,2023-01-30,387.2,389.44,384.78,385.07,74202000
SPY,2023-01-31,385.59,390.78,385.25,390.74,86811800
SPY,2023-02-01,389.51,397.65,386.77,394.89,101459200
SPY,2023-02-02,398.79,402.11,396.89,400.64,101654500
SPY,2023-02-03,395.65,400.82,395.17,396.38,94736800
SPY,2023-02-06,393.92,395.36,392.29,393.96,60295300
SPY,2023-02-07,393.03,400.36,391.78,399.11,90990700
SPY,2023-02-08,397.13,398.47,394.05,394.74,76227500
SPY,2023-02-09,398.36,398.51,390.09,391.32,78694900
SPY,2023-02-10,390.14,392.62,389.32,392.23,70769700
SPY,2023-02-13,392.89,396.97,392.43,396.84,64913500
SPY,2023-02-14,395.31,398.97,392.69,396.66,88389300
SPY,2023-02-15,394.46,398.02,393.61,397.94,61555700
SPY,2023-02-16,392.96,396.92,392.33,392.47,76431500
SPY,2023-02-17,390.33,391.73,388.4,391.48,89257800
SPY,2023-02-21,387.45,388.5,383.37,383.63,82655900
SPY,2023-02-22,384.04,385.59,381.64,383.1,83742300
SPY,2023-02-23,386.01,386.62,380.9,385.14,96242400
SPY,2023-02-24,380.1,381.86,378.39,381.03,108194400
SPY,2023-02-27,384.38,385.75,381.38,382.32,80444700
SPY,2023-02-28,381.84,383.81,380.81,380.91,96438600
SPY,2023-03-01,380.09,381.32,378.14,379.45,99706800
SPY,2023-03-02,377.47,383.25,377.13,382.4,85127800
SPY,2023-03-03,384.23,388.78,383.57,388.53,90120000
SPY,2023-03-06,389.36,391.67,388.36,388.8,72795900
SPY,2023-03-07,388.75,389.0,382.23,382.84,108310600
SPY,2023-03-08,382.96,384.23,381.23,383.47,74746600
SPY,2023-03-09,384.26,385.93,375.4,376.39,111945300
SPY,2023-03-10,375.85,377.93,369.43,370.96,189253000
SPY,2023-03-13,367.02,375.27,365.91,370.43,157790000
SPY,2023-03-14,375.37,378.21,372.06,376.56,149752400
SPY,2023-03-15,370.94,374.4,368.85,374.2,172996900
SPY,2023-03-16,371.84,381.11,371.33,380.77,143254200
SPY,2023-03-17,379.43,380.57,374.93,376.31,140553400
SPY,2023-03-20,377.1,380.35,376.39,379.93,93055800
SPY,2023-03-21,383.31,385.4,381.71,384.92,91524200
SPY,2023-03-22,384.75,388.38,378.32,378.36,111746600
SPY,2023-03-23,381.24,385.29,376.66,379.38,119351300
SPY,2023-03-24,378.1,381.96,375.75,381.87,107682400
SPY,2023-03-27,384.16,384.93,381.69,382.59,74010400
SPY,2023-03-28,381.89,382.59,379.88,381.73,62871700
SPY,2023-03-29,385.91,387.52,384.7,387.28,77497900
SPY,2023-03-30,389.92,390.17,387.67,389.54,69840000
SPY,2023-03-31,390.47,395.33,390.36,395.03,112062600
SPY,2023-04-03,394.51,396.94,394.12,396.54,67391100
SPY,2023-04-04,397.19,397.48,392.96,394.34,66601500
SPY,2023-04-05,393.61,394.37,391.65,393.31,65200200
SPY,2023-04-06,392.51,395.12,391.45,394.84,63743300
SPY,2023-04-10,392.35,395.32,391.73,395.25,63681000
SPY,2023-04-11,395.87,396.76,394.58,395.35,59297900
SPY,2023-04-12,397.43,397.72,393.15,393.74,86420400
SPY,2023-04-13,394.83,399.33,393.68,398.97,85814800
SPY,2023-04-14,398.33,400.53,395.68,398.0,78161500
SPY,2023-04-17,397.91,399.44,396.67,399.42,66436400
SPY,2023-04-18,401.01,401.14,398.31,399.69,63560000
SPY,2023-04-19,397.77,400.52,397.71,399.62,55227300
SPY,2023-04-20,396.79,399.19,395.88,397.44,75840400
SPY,2023-04-21,397.74,398.21,395.79,397.75,73457400
SPY,2023-04-24,397.54,398.59,396.2,398.16,64332100
SPY,2023-04-25,396.18,396.74,391.78,391.84,97766700
SPY,2023-04-26,392.46,393.54,389.62,390.18,80447000
SPY,2023-04-27,392.73,398.22,392.48,397.95,92968400
SPY,2023-04-28,397.06,401.35,397.0,401.35,89433100
SPY,2023-05-01,400.9,402.98,400.71,400.94,62122300
SPY,2023-05-02,400.23,400.27,393.52,396.43,103998500
SPY,2023-05-03,396.94,399.36,393.47,393.71,91531800
SPY,2023-05-04,392.66,392.99,389.58,390.92,94901900
SPY,2023-05-05,394.57,399.21,394.31,398.16,87891800
SPY,2023-05-08,398.49,398.75,396.86,398.27,50046800
SPY,2023-05-09,396.71,397.64,396.29,396.52,49220100
SPY,2023-05-10,399.37,400.0,394.53,398.37,96142900
SPY,2023-05-11,397.5,397.97,395.59,397.68,70157100
SPY,2023-05-12,398.92,399.14,394.73,397.16,70481500
SPY,2023-05-15,397.77,398.93,395.84,398.53,54289400
SPY,2023-05-16,397.42,398.34,395.85,395.86,57705500
SPY,2023-05-17,397.89,401.28,396.24,400.67,87287000
SPY,2023-05-18,400.35,404.95,400.13,404.53,97177200
SPY,2023-05-19,405.44,405.97,402.72,403.94,103793300
SPY,2023-05-22,403.96,405.65,402.72,404.1,60745400
SPY,2023-05-23,402.45,404.04,399.17,399.57,86383500
SPY,2023-05-24,397.96,398.34,395.51,396.67,89213700
SPY,2023-05-25,400.2,401.57,397.95,400.11,90961600
SPY,2023-05-26,400.77,406.02,400.69,405.29,93830000
SPY,2023-05-30,407.23,407.76,404.06,405.45,72216000
SPY,2023-05-31,403.61,404.52,401.62,403.2,110811800
SPY,2023-06-01,403.43,408.09,402.17,407.03,88865000
SPY,2023-06-02,409.61,413.71,409.08,412.91,91426200
SPY,2023-06-05,413.26,414.55,411.42,412.12,65460200
SPY,2023-06-06,411.71,413.55,411.05,413.02,64022200
SPY,2023-06-07,413.42,414.55,411.17,411.59,85373300
SPY,2023-06-08,411.66,414.54,410.89,414.08,61952800
SPY,2023-06-09,414.88,416.84,413.83,414.83,85742800
SPY,2023-06-12,415.81,418.67,415.09,418.59,76104300
SPY,2023-06-13,420.06,421.99,419.39,421.35,95899700
SPY,2023-06-14,421.69,423.66,418.39,421.85,100612100
SPY,2023-06-15,421.03,428.33,420.93,427.08,110303100
SPY,2023-06-16,429.07,429.64,425.15,425.63,114165800
SPY,2023-06-20,423.68,424.57,421.33,423.42,76160400
SPY,2023-06-21,422.43,423.23,420.66,421.25,76982300
SPY,2023-06-22,420.29,422.87,419.95,422.77,70637200
SPY,2023-06-23,419.3,421.36,418.86,419.57,92074500
SPY,2023-06-26,419.0,420.93,417.62,417.86,72823600
SPY,2023-06-27,418.74,423.06,418.28,422.44,72813700
SPY,2023-06-28,421.35,423.67,420.73,422.65,75636000
SPY,2023-06-29,422.24,424.48,421.83,424.32,67882300
SPY,2023-06-30,427.54,430.31,427.22,429.32,104964000
SPY,2023-07-03,428.98,430.1,428.7,429.82,32793400
SPY,2023-07-05,428.0,429.92,427.99,429.18,58418400
SPY,2023-07-06,425.59,426.24,423.3,425.82,80658300
SPY,2023-07-07,424.82,428.71,424.5,424.74,86134200
SPY,2023-07-10,424.39,425.99,423.81,425.82,62443500
SPY,2023-07-11,426.58,429.02,425.61,428.53,64463800
SPY,2023-07-12,432.34,433.39,430.9,431.98,91924500
SPY,2023-07-13,433.8,436.2,433.36,435.41,72425200
SPY,2023-07-14,436.3,437.15,434.37,435.14,69815800
SPY,2023-07-17,434.99,437.7,434.94,436.65,52680200
SPY,2023-07-18,436.32,440.54,435.88,439.89,80668200
SPY,2023-07-19,440.69,442.06,439.81,440.87,65891700
SPY,2023-07-20,439.87,440.77,437.23,437.94,70591600
SPY,2023-07-21,439.67,439.87,437.93,437.94,71275600
SPY,2023-07-24,439.1,440.71,438.06,439.9,54023400
SPY,2023-07-25,439.63,442.36,439.58,441.1,55191200
SPY,2023-07-26,440.16,442.6,439.11,441.17,71052900
SPY,2023-07-27,444.57,444.98,437.33,438.24,92194400
SPY,2023-07-28,441.53,443.37,438.24,442.54,80011800
SPY,2023-07-31,443.01,443.74,441.69,443.38,62040400
SPY,2023-08-01,441.91,442.86,441.15,442.11,55291500
SPY,2023-08-02,438.98,439.24,435.2,435.96,93933400
SPY,2023-08-03,433.93,436.6,433.29,434.71,64276100
SPY,2023-08-04,436.53,438.64,432.22,432.74,100128900
SPY,2023-08-07,434.58,436.68,433.89,436.52,58357500
SPY,2023-08-08,433.97,436.51,431.25,434.62,71361300
SPY,2023-08-09,434.89,435.06,430.95,431.72,78789600
SPY,2023-08-10,434.08,437.48,430.7,431.87,93005500
SPY,2023-08-11,429.99,432.64,429.39,431.62,68690900
SPY,2023-08-14,430.7,434.0,430.39,434.0,47867400
SPY,2023-08-15,432.22,432.58,428.38,428.95,75707500
SPY,2023-08-16,428.53,430.2,425.69,425.8,80107200
SPY,2023-08-17,427.27,427.53,422.03,422.55,95711300
SPY,2023-08-18,419.73,423.79,419.38,422.76,98852000
SPY,2023-08-21,423.78,426.25,421.62,425.51,68719000
SPY,2023-08-22,427.29,427.29,423.79,424.36,64994200
SPY,2023-08-23,425.42,429.7,425.28,429.08,68441000
SPY,2023-08-24,430.69,431.2,423.11,423.14,88517300
SPY,2023-08-25,424.87,427.41,421.31,426.12,102325100
SPY,2023-08-28,428.32,429.44,426.12,428.82,61595400
SPY,2023-08-29,428.71,435.3,428.53,435.02,83081900
SPY,2023-08-30,435.36,437.45,434.65,436.81,69053900
SPY,2023-08-31,437.43,438.57,435.99,436.17,66084600
SPY,2023-09-01,438.9,439.39,435.52,436.99,58944100
SPY,2023-09-05,436.54,436.86,435.03,435.1,55166200
SPY,2023-09-06,434.28,434.39,429.84,432.17,70758500
SPY,2023-09-07,429.16,431.52,428.81,430.85,70355400
SPY,2023-09-08,430.89,433.03,430.54,431.49,61659700
SPY,2023-09-11,434.13,434.64,432.41,434.33,60180100
SPY,2023-09-12,432.88,434.41,431.37,431.95,67565400
SPY,2023-09-13,432.17,433.62,431.07,432.45,60199300
SPY,2023-09-14,434.93,436.88,433.63,436.18,83430800
SPY,2023-09-15,434.59,434.92,430.49,430.93,111848900
SPY,2023-09-18,430.62,432.48,430.14,431.18,55752200
SPY,2023-09-19,430.26,430.85,427.59,430.29,66514600
SPY,2023-09-20,431.55,431.97,426.13,426.33,82562600
SPY,2023-09-21,423.47,423.73,419.13,419.28,104095800
SPY,2023-09-22,420.31,421.92,417.92,418.34,100829700
SPY,2023-09-25,417.13,420.14,416.69,420.1,70874500
SPY,2023-09-26,417.05,417.76,413.09,413.93,96168400
SPY,2023-09-27,415.1,415.67,410.44,414.09,104705800
SPY,2023-09-28,413.54,418.17,412.95,416.49,92258300
SPY,2023-09-29,419.56,419.73,413.96,415.48,115111300
SPY,2023-10-02,414.65,416.57,412.55,415.32,83798600
SPY,2023-10-03,413.13,415.38,408.39,409.76,103760600
SPY,2023-10-04,410.22,413.49,408.76,412.74,87453000
SPY,2023-10-05,412.45,413.43,409.35,412.59,70142700
SPY,2023-10-06,410.13,419.03,408.8,417.48,113273300
SPY,2023-10-09,415.58,420.73,415.03,420.16,80374400
SPY,2023-10-10,420.79,424.95,420.39,422.34,78607300
SPY,2023-10-11,423.41,424.33,421.02,424.07,62451700
SPY,2023-10-12,424.69,425.07,419.13,421.49,81154200
SPY,2023-10-13,423.0,424.2,417.82,419.39,95143100
SPY,2023-10-16,421.64,424.87,421.4,423.8,75433200
SPY,2023-10-17,420.66,425.84,420.31,423.78,75324700
SPY,2023-10-18,422.0,422.97,417.05,418.14,93559800
SPY,2023-10-19,418.86,420.67,413.78,414.46,121323000
SPY,2023-10-20,414.02,414.57,409.26,409.37,123919900
SPY,2023-10-23,407.83,412.54,406.07,408.66,92035100
SPY,2023-10-24,410.79,412.9,408.93,411.74,78564200
SPY,2023-10-25,410.05,410.08,405.32,405.83,94223200
SPY,2023-10-26,404.76,405.62,400.05,400.97,115156800
SPY,2023-10-27,402.57,402.96,397.73,399.15,107367700
SPY,2023-10-30,401.95,404.99,400.65,403.93,86562700
SPY,2023-10-31,404.5,406.78,402.59,406.46,79665200
SPY,2023-11-01,407.44,411.61,406.9,410.8,98068100
SPY,2023-11-02,414.61,418.83,414.59,418.67,94938900
SPY,2023-11-03,420.98,424.05,420.86,422.49,100167800
SPY,2023-11-06,423.25,423.91,421.51,423.46,67831700
SPY,2023-11-07,423.46,425.31,422.32,424.67,64256100
SPY,2023-11-08,425.27,425.79,422.67,424.98,61746000
SPY,2023-11-09,426.13,426.16,421.24,421.66,83174400
SPY,2023-11-10,423.74,428.56,421.65,428.24,89462200
SPY,2023-11-13,426.9,428.94,426.12,427.84,52236100
SPY,2023-11-14,433.79,437.43,433.57,436.14,97176900
SPY,2023-11-15,437.48,438.71,436.2,437.06,77327600
SPY,2023-11-16,436.61,437.91,435.54,437.59,66665800
SPY,2023-11-17,437.6,438.75,436.68,438.14,83133200
SPY,2023-11-20,437.89,442.36,437.88,441.51,69936200
SPY,2023-11-21,440.46,441.38,439.28,440.55,49244600
SPY,2023-11-22,442.21,443.57,441.15,442.25,59394900
SPY,2023-11-24,442.3,442.72,441.97,442.52,29737400
SPY,2023-11-27,441.89,442.71,441.34,441.72,50506000
SPY,2023-11-28,441.34,443.46,440.77,442.16,62115000
SPY,2023-11-29,444.32,445.46,441.45,441.85,63146000
SPY,2023-11-30,442.7,443.94,440.62,443.59,79752700
SPY,2023-12-01,442.98,446.75,442.39,446.22,89183400
SPY,2023-12-04,442.81,446.23,441.59,443.87,72430900
SPY,2023-12-05,442.48,444.75,442.1,443.79,69793500
SPY,2023-12-06,445.93,445.96,441.56,442.0,69124700
SPY,2023-12-07,444.09,446.02,443.48,445.37,66995400
SPY,2023-12-08,444.62,447.82,444.38,447.28,83194400
SPY,2023-12-11,446.79,449.2,446.57,449.02,65002200
SPY,2023-12-12,448.67,451.17,447.67,451.07,68327600
SPY,2023-12-13,451.45,457.55,451.09,457.3,93278000
SPY,2023-12-14,459.24,460.43,456.08,458.76,119026000
SPY,2023-12-15,458.16,459.34,456.15,458.01,141553700
SPY,2023-12-18,459.62,461.57,458.55,460.58,70375300
SPY,2023-12-19,461.13,463.46,461.05,463.38,55761800
SPY,2023-12-20,462.53,464.42,456.53,456.96,102921000
SPY,2023-12-21,459.96,461.57,457.53,461.3,86667500
SPY,2023-12-22,462.43,463.91,460.32,462.22,67160400
SPY,2023-12-26,462.63,465.08,462.56,464.18,55387000
SPY,2023-12-27,463.97,465.16,463.43,465.01,68000300
SPY,2023-12-28,465.38,466.03,464.77,465.19,77158100
SPY,2023-12-29,464.99,465.52,461.88,463.84,122283100
SPY,2024-01-02,460.77,462.24,459.14,461.25,123623700
SPY,2024-01-03,459.08,459.82,456.88,457.48,103585900
SPY,2024-01-04,457.0,459.6,455.78,456.01,84232200
SPY,2024-01-05,456.21,459.09,455.18,456.63,86118900
SPY,2024-01-08,457.13,463.3,457.0,463.15,74879100
SPY,2024-01-09,460.49,463.47,459.98,462.45,65931400
SPY,2024-01-10,462.72,465.93,462.44,465.06,67310600
SPY,2024-01-11,466.07,466.59,460.87,464.86,77940700
SPY,2024-01-12,466.31,467.05,463.77,465.18,58026400
SPY,2024-01-16,463.79,465.11,461.65,463.47,85014900
SPY,2024-01-17,460.44,461.38,458.53,460.9,68843900
SPY,2024-01-18,462.57,465.55,461.02,464.99,91856200
SPY,2024-01-19,466.13,471.07,465.04,470.79,110834500
SPY,2024-01-22,472.33,473.51,471.13,471.79,75844900
SPY,2024-01-23,472.33,473.41,471.24,473.16,49945300
SPY,2024-01-24,476.04,476.98,473.18,473.68,81765000
SPY,2024-01-25,475.82,476.53,473.68,476.26,72525000
SPY,2024-01-26,475.83,477.32,474.8,475.65,76641600
SPY,2024-01-29,475.96,479.56,475.42,479.42,61322800
SPY,2024-01-30,478.73,479.76,478.29,479.05,58618400
SPY,2024-01-31,476.83,477.28,471.21,471.23,126011100
SPY,2024-02-01,472.94,477.43,472.13,477.4,91891600
SPY,2024-02-02,477.84,484.08,477.5,482.42,99228200
SPY,2024-02-05,481.79,482.45,478.4,480.67,75757100
SPY,2024-02-06,481.61,482.39,480.18,482.06,55918600
SPY,2024-02-07,484.32,486.5,483.41,486.08,70556500
SPY,2024-02-08,486.08,486.68,485.26,486.3,52343600
SPY,2024-02-09,486.81,489.55,486.46,489.11,63979400
SPY,2024-02-12,489.08,491.35,488.17,488.89,56502300
SPY,2024-02-13,482.6,485.1,478.88,482.16,113099200
SPY,2024-02-14,484.81,487.03,482.47,486.54,68387800
SPY,2024-02-15,487.24,490.08,486.77,489.9,61683000
SPY,2024-02-16,489.6,490.74,486.72,487.46,75532900
SPY,2024-02-20,485.71,486.39,482.52,484.78,71736700
SPY,2024-02-21,483.47,485.37,481.65,485.21,59293400
SPY,2024-02-22,491.85,496.22,490.88,495.26,76402500
SPY,2024-02-23,496.98,497.82,494.87,495.6,61321800
SPY,2024-02-26,496.04,496.48,493.66,493.78,50386700
SPY,2024-02-27,494.48,494.92,492.57,494.7,48854500
SPY,2024-02-28,493.14,494.63,492.78,494.05,56506600
SPY,2024-02-29,495.81,497.44,493.16,495.82,83924800
SPY,2024-03-01,496.7,500.91,496.29,500.48,76844800
SPY,2024-03-04,499.68,501.8,499.65,499.94,49799300
SPY,2024-03-05,497.93,498.38,492.73,494.94,72855600
SPY,2024-03-06,498.23,499.72,496.15,497.45,68382400
SPY,2024-03-07,500.76,503.44,497.51,502.39,58652100
SPY,2024-03-08,503.02,505.72,498.8,499.37,86532500
SPY,2024-03-11,498.16,499.53,496.23,498.95,62557200
SPY,2024-03-12,501.06,504.9,498.54,504.31,73114400
SPY,2024-03-13,504.63,504.81,502.08,503.52,55104100
SPY,2024-03-14,504.5,504.65,499.47,502.53,110171800
SPY,2024-03-15,499.45,500.91,497.4,499.08,107646300
SPY,2024-03-18,503.16,504.61,501.63,502.04,88893300
SPY,2024-03-19,501.35,505.12,500.34,504.83,60755300
SPY,2024-03-20,504.89,509.64,504.22,509.5,69594600
SPY,2024-03-21,512.35,513.06,510.9,511.19,60256100
SPY,2024-03-22,511.1,511.59,509.98,510.22,79070800
SPY,2024-03-25,508.84,509.96,508.65,508.81,48512100
SPY,2024-03-26,510.24,510.58,507.47,507.87,65463700
SPY,2024-03-27,510.71,512.17,508.53,512.13,82999800
SPY,2024-03-28,512.17,513.54,511.75,512.04,96294900
SPY,2024-04-01,512.78,513.32,509.98,511.15,62477500
SPY,2024-04-02,507.31,508.03,505.59,507.9,74230300
SPY,2024-04-03,506.8,509.96,506.75,508.45,59155800
SPY,2024-04-04,512.48,512.82,501.94,502.25,96858100
SPY,2024-04-05,503.61,509.46,503.17,507.49,74546500
SPY,2024-04-08,508.2,509.21,506.97,507.78,48401800
SPY,2024-04-09,509.52,509.77,503.5,508.37,68049200
SPY,2024-04-10,502.65,505.27,501.29,503.28,82652800
SPY,2024-04-11,504.8,508.52,501.28,507.07,70099000
SPY,2024-04-12,503.52,504.94,498.34,500.07,92561100
SPY,2024-04-15,504.26,504.43,492.96,493.81,92101400
SPY,2024-04-16,494.29,495.82,491.62,492.91,73484000
SPY,2024-04-17,495.38,495.54,488.59,489.99,75910300
SPY,2024-04-18,491.39,493.5,488.04,488.98,74548100
SPY,2024-04-19,488.91,489.9,483.44,484.72,102212600
SPY,2024-04-22,487.33,491.78,484.98,489.18,67961000
SPY,2024-04-23,491.2,495.42,488.99,494.98,64633600
SPY,2024-04-24,495.88,496.67,492.52,494.75,55928100
SPY,2024-04-25,488.65,493.63,487.0,492.87,69122400
SPY,2024-04-26,495.67,499.13,495.03,497.54,64306100
SPY,2024-04-29,499.33,499.98,496.55,499.3,46415400
SPY,2024-04-30,497.83,498.81,491.39,491.39,77483600
SPY,2024-05-01,490.8,497.47,489.33,489.8,80242800
SPY,2024-05-02,493.52,495.22,489.01,494.38,62550200
SPY,2024-05-03,500.38,501.74,497.83,500.51,72756700
SPY,2024-05-06,502.91,505.71,502.47,505.67,47264700
SPY,2024-05-07,506.64,507.63,505.56,506.23,52561300
SPY,2024-05-08,504.39,506.82,504.27,506.28,42047200
SPY,2024-05-09,506.47,509.24,505.81,509.2,43643700
SPY,2024-05-10,510.8,511.62,508.63,509.85,52233200
SPY,2024-05-13,511.54,511.65,508.78,509.92,36716400
SPY,2024-05-14,510.12,512.78,509.58,512.26,57535900
SPY,2024-05-15,514.74,518.9,514.1,518.61,59504900
SPY,2024-05-16,518.7,520.31,517.39,517.54,50244800
SPY,2024-05-17,517.66,518.35,516.2,518.28,59187600
SPY,2024-05-20,518.4,520.35,518.01,518.88,37764200
SPY,2024-05-21,518.12,520.31,517.91,520.15,33437000
SPY,2024-05-22,519.46,520.17,516.47,518.65,48390000
SPY,2024-05-23,521.72,521.83,513.65,514.87,57211200
SPY,2024-05-24,516.72,519.09,515.77,518.27,41291100
SPY,2024-05-28,519.09,519.32,515.99,518.64,36269600
SPY,2024-05-29,514.59,516.19,514.29,515.0,45190300
SPY,2024-05-30,513.46,514.12,510.33,511.59,46377600
SPY,2024-05-31,512.55,516.37,507.43,516.25,90785800
SPY,2024-06-03,517.86,518.15,511.58,516.67,46835700
SPY,2024-06-04,515.36,517.99,513.89,517.24,34632700
SPY,2024-06-05,519.57,523.41,517.58,523.39,47610400
SPY,2024-06-06,523.7,524.13,521.44,523.38,30808500
SPY,2024-06-07,522.4,525.57,521.31,522.75,43224500
SPY,2024-06-10,521.93,524.68,521.34,524.36,35686100
SPY,2024-06-11,522.81,525.68,520.83,525.62,36383400
SPY,2024-06-12,530.21,532.64,528.9,529.94,63251300
SPY,2024-06-13,531.69,531.87,528.21,531.01,44760900
SPY,2024-06-14,529.47,531.36,528.46,531.33,40089900
SPY,2024-06-17,530.65,536.96,530.19,535.56,55839500
SPY,2024-06-18,535.62,537.05,535.2,536.92,41376400
SPY,2024-06-20,537.85,538.52,533.68,535.46,70328200
SPY,2024-06-21,534.64,535.86,533.28,534.74,64338600
SPY,2024-06-24,534.57,537.14,532.89,533.01,45528700
SPY,2024-06-25,534.23,535.42,532.71,535.06,37936200
SPY,2024-06-26,533.94,536.44,533.29,535.73,38550600
SPY,2024-06-27,535.59,537.15,534.84,536.57,35041500
SPY,2024-06-28,537.35,540.41,533.21,534.46,76144500
SPY,2024-07-01,535.84,536.09,532.79,535.56,40297800
SPY,2024-07-02,533.95,539.16,533.9,539.16,40434800
SPY,2024-07-03,538.85,541.93,538.81,541.57,32789900
SPY,2024-07-05,541.87,545.1,541.24,544.69,41488400
SPY,2024-07-08,545.48,546.27,544.25,545.32,36110500
SPY,2024-07-09,546.28,547.19,545.56,545.85,27289700
SPY,2024-07-10,547.08,551.6,546.78,551.25,38701200
SPY,2024-07-11,551.37,552.24,545.86,546.5,53054200
SPY,2024-07-12,547.63,553.56,547.16,549.95,53084400
SPY,2024-07-15,551.95,554.71,549.59,551.46,40584300
SPY,2024-07-16,552.78,555.02,552.02,554.73,36475300
SPY,2024-07-17,548.78,550.46,546.63,546.95,57119000
SPY,2024-07-18,548.49,549.49,540.56,542.75,56270400
SPY,2024-07-19,542.51,544.14,538.08,539.14,65509100
SPY,2024-07-22,543.08,545.31,541.14,544.7,43346700
SPY,2024-07-23,544.59,546.76,543.36,543.85,34439600
SPY,2024-07-24,539.02,539.32,530.6,531.52,74515300
SPY,2024-07-25,531.64,537.64,527.81,528.75,61158300
SPY,2024-07-26,532.55,537.38,531.78,534.68,53763800
SPY,2024-07-29,536.23,537.24,532.99,534.99,39515800
SPY,2024-07-30,536.46,537.52,528.86,532.28,46853600
SPY,2024-07-31,539.13,543.57,537.76,540.93,65663400
SPY,2024-08-01,542.66,544.92,529.76,533.27,76428700
SPY,2024-08-02,526.14,527.36,519.12,523.34,82789100
SPY,2024-08-05,502.46,514.19,501.12,508.1,146267400
SPY,2024-08-06,509.91,520.25,508.58,512.79,84826300
SPY,2024-08-07,518.99,522.06,508.76,509.36,70698300
SPY,2024-08-08,514.51,521.76,512.48,521.13,63276600
SPY,2024-08-09,520.31,524.92,519.08,523.43,45619600
SPY,2024-08-12,524.63,526.12,521.43,523.71,42542100
SPY,2024-08-13,526.91,532.55,526.66,532.32,52333100
SPY,2024-08-14,533.11,535.19,530.43,534.0,42446900
SPY,2024-08-15,539.65,543.44,539.04,543.15,60846800
SPY,2024-08-16,541.53,545.07,541.37,544.37,44430700
SPY,2024-08-19,544.78,549.57,543.93,549.57,39121800
SPY,2024-08-20,549.12,550.78,547.33,548.68,33732300
SPY,2024-08-21,549.73,552.03,544.78,550.57,41514600
SPY,2024-08-22,552.47,553.08,545.03,546.24,56121500
SPY,2024-08-23,549.5,552.99,547.3,552.05,50639400
SPY,2024-08-26,553.08,553.8,549.02,550.73,35788600
SPY,2024-08-27,549.46,551.98,548.31,551.49,32693900
SPY,2024-08-28,551.15,551.58,545.09,548.29,41066000
SPY,2024-08-29,550.26,553.57,547.19,548.34,38715200
SPY,2024-08-30,550.71,554.08,547.15,553.57,62700100
SPY,2024-09-03,550.42,550.75,539.65,542.18,60600100
SPY,2024-09-04,540.33,544.49,539.61,541.07,47224900
SPY,2024-09-05,541.01,543.87,537.29,539.75,44264300
SPY,2024-09-06,540.08,541.71,529.77,530.67,68493800
SPY,2024-09-09,534.88,537.89,532.95,536.61,40445800
SPY,2024-09-10,538.53,539.3,533.63,538.95,36394600
SPY,2024-09-11,538.86,545.4,530.28,544.48,75248600
SPY,2024-09-12,545.06,549.37,542.83,549.06,51819600
SPY,2024-09-13,549.67,552.93,549.42,551.93,39310500
SPY,2024-09-16,551.67,553.01,549.86,552.75,36656100
SPY,2024-09-17,554.97,556.42,550.73,552.97,49321000
SPY,2024-09-18,553.63,558.49,550.77,551.33,59044900
SPY,2024-09-19,560.77,562.61,557.89,560.74,75315500
SPY,2024-09-20,559.37,560.81,556.74,559.77,77503100
SPY,2024-09-23,560.84,561.82,559.62,561.17,44116900
SPY,2024-09-24,561.97,562.83,559.13,562.77,46805700
SPY,2024-09-25,562.62,563.36,560.42,561.53,38428600
SPY,2024-09-26,565.81,566.13,561.4,563.76,48336000
SPY,2024-09-27,564.83,565.65,561.91,562.94,42100900
SPY,2024-09-30,561.91,565.81,559.6,565.2,63557400
SPY,2024-10-01,564.84,565.49,557.55,560.13,72668800
SPY,2024-10-02,559.24,561.4,556.83,560.37,38097800
SPY,2024-10-03,558.89,561.3,557.05,559.35,40846500
SPY,2024-10-04,563.81,564.8,559.62,564.43,42939100
SPY,2024-10-07,562.77,563.43,558.17,559.33,49964700
SPY,2024-10-08,561.91,565.22,561.03,564.62,37398700
SPY,2024-10-09,564.61,569.09,564.01,568.53,37912200
SPY,2024-10-10,567.18,568.96,565.92,567.53,44138100
SPY,2024-10-11,567.45,571.67,567.32,570.93,42268000
SPY,2024-10-14,572.55,576.54,572.06,575.6,36217200
SPY,2024-10-15,575.87,576.17,569.91,571.13,54203600
SPY,2024-10-16,571.13,574.13,570.32,573.61,30725400
SPY,2024-10-17,577.17,577.37,573.47,573.66,34393700
SPY,2024-10-18,575.35,576.65,573.89,575.87,37416800
SPY,2024-10-21,575.14,576.12,571.94,574.92,36439000
SPY,2024-10-22,572.38,575.78,571.72,574.62,34183800
SPY,2024-10-23,572.59,573.03,565.85,569.36,49314600
SPY,2024-10-24,571.33,571.4,567.97,570.6,34979900
SPY,2024-10-25,572.83,575.74,569.45,570.4,47268200
SPY,2024-10-28,573.89,574.01,571.86,572.16,30174700
SPY,2024-10-29,571.2,574.21,569.8,573.09,42899700
SPY,2024-10-30,572.62,574.62,570.65,571.35,41435800
SPY,2024-10-31,566.97,567.04,559.96,560.15,60182500
SPY,2024-11-01,562.79,566.96,562.1,562.52,45667500
SPY,2024-11-04,562.66,563.96,559.42,561.31,38217000
SPY,2024-11-05,562.22,568.13,562.01,568.09,39478300
SPY,2024-11-06,580.41,583.1,576.65,582.22,68182000
SPY,2024-11-07,584.23,587.75,584.15,586.72,47233200
SPY,2024-11-08,587.27,590.69,587.27,589.26,46444900
SPY,2024-11-11,590.86,591.21,588.09,589.83,37586800
SPY,2024-11-12,589.75,590.35,585.5,587.99,43006100
SPY,2024-11-13,588.46,590.29,586.08,588.28,47388600
SPY,2024-11-14,588.41,588.89,583.81,584.5,38904100
SPY,2024-11-15,580.92,581.39,575.15,577.01,75988800
SPY,2024-11-18,577.47,580.69,576.61,579.37,37001700
SPY,2024-11-19,575.98,582.22,575.31,581.49,49412000
SPY,2024-11-20,581.57,581.97,575.91,581.69,50032600
SPY,2024-11-21,584.55,586.24,578.68,584.81,46750300
SPY,2024-11-22,584.8,587.25,584.3,586.62,38226400
SPY,2024-11-25,590.57,591.89,586.32,588.61,42441400
SPY,2024-11-26,589.86,592.36,589.15,591.69,45621300
SPY,2024-11-27,591.5,591.88,588.37,589.89,34000200
SPY,2024-11-29,590.71,594.35,590.44,593.56,30177400
SPY,2024-12-02,593.97,595.3,593.48,594.62,31746000
SPY,2024-12-03,594.39,595.14,593.35,594.9,26906600
SPY,2024-12-04,596.59,598.84,595.92,598.59,42787600
SPY,2024-12-05,598.59,599.4,597.25,597.61,28762200
SPY,2024-12-06,598.38,599.98,597.96,598.74,31241500
SPY,2024-12-09,598.62,598.79,595.07,595.66,34742700
SPY,2024-12-10,596.34,596.76,593.14,593.8,37234500
SPY,2024-12-11,596.74,599.35,596.46,598.4,28677700
SPY,2024-12-12,597.53,598.1,595.31,595.31,31543800
SPY,2024-12-13,597.35,598.07,593.81,595.19,35904700
SPY,2024-12-16,596.96,598.71,596.18,597.74,43695200
SPY,2024-12-17,595.17,596.14,593.89,595.27,55773500
SPY,2024-12-18,594.97,597.36,577.15,577.53,108248700
SPY,2024-12-19,582.54,584.15,577.11,577.35,85919500
SPY,2024-12-20,575.02,588.84,574.17,584.29,125716700
SPY,2024-12-23,584.03,588.39,580.84,587.79,57635800
SPY,2024-12-24,589.14,594.36,588.56,594.32,33160100
SPY,2024-12-26,592.54,595.49,591.14,594.36,41219100
SPY,2024-12-27,590.6,590.84,583.9,588.1,64969300
SPY,2024-12-30,581.07,584.87,577.63,581.39,56578800
SPY,2024-12-31,583.06,583.78,577.64,579.28,57052700
SPY,2025-01-02,582.55,584.27,573.76,577.85,50204000
SPY,2025-01-03,580.71,585.72,579.62,585.08,37888500
SPY,2025-01-06,589.35,592.74,586.71,588.45,47679400
SPY,2025-01-07,590.49,590.81,579.97,581.8,60393100
SPY,2025-01-08,581.87,583.73,578.41,582.65,47304700
SPY,2025-01-10,579.08,579.15,571.83,573.75,73105000
SPY,2025-01-13,569.09,575.0,568.67,574.64,47910100
SPY,2025-01-14,577.58,578.21,571.64,575.43,48420600
SPY,2025-01-15,583.48,587.05,582.36,585.9,56900200
SPY,2025-01-16,587.27,587.45,584.07,584.77,43319700
SPY,2025-01-17,590.03,592.4,588.7,590.64,58070600
SPY,2025-01-21,593.7,596.06,591.72,596.05,42532900
SPY,2025-01-22,598.89,600.77,598.33,599.4,48196000
SPY,2025-01-23,598.77,602.67,598.49,602.67,41152100
SPY,2025-01-24,602.73,603.69,599.76,600.91,34604700
SPY,2025-01-27,587.91,592.73,587.74,592.41,70361100
SPY,2025-01-28,593.65,598.34,590.32,597.5,44433300
SPY,2025-01-29,596.71,597.12,592.26,594.82,37177400
SPY,2025-01-30,596.95,599.56,593.75,598.02,39281300
SPY,2025-01-31,600.45,602.88,594.07,594.83,66566900
SPY,2025-02-03,585.79,593.32,583.64,590.83,65857200
SPY,2025-02-04,590.89,595.31,590.35,594.8,33457800
SPY,2025-02-05,593.67,597.36,591.63,597.21,30653100
SPY,2025-02-06,598.96,599.41,595.64,599.28,35771500
SPY,2025-02-07,599.85,601.07,593.09,593.8,50788500
SPY,2025-02-10,597.02,598.47,595.74,597.83,26048700
SPY,2025-02-11,595.56,598.83,595.44,598.28,30056700
SPY,2025-02-12,592.25,597.53,591.56,596.36,45076100
SPY,2025-02-13,597.46,602.86,596.2,602.65,40921300
SPY,2025-02-14,602.86,603.9,602.0,602.62,26910400
SPY,2025-02-18,603.79,604.39,601.32,604.39,26749000
SPY,2025-02-19,603.0,606.11,602.48,605.82,31011100
SPY,2025-02-20,604.44,604.58,599.97,603.3,36554000
SPY,2025-02-21,603.08,603.22,592.51,592.98,76519800
SPY,2025-02-24,595.03,596.03,589.57,590.28,50737200
SPY,2025-02-25,590.22,590.95,582.72,587.34,58266500
SPY,2025-02-26,589.01,592.62,584.99,587.64,43321600
SPY,2025-02-27,589.92,591.08,577.86,578.26,74196700
SPY,2025-02-28,578.76,587.82,575.68,587.28,88744100
SPY,2025-03-03,589.26,590.41,573.17,576.99,74249200
SPY,2025-03-04,572.98,578.6,565.61,570.16,109648200
SPY,2025-03-05,570.0,578.09,566.43,576.29,71230500
SPY,2025-03-06,568.8,573.44,563.5,566.06,80094900
SPY,2025-03-07,564.27,570.69,559.06,569.24,81158800
SPY,2025-03-10,561.0,562.93,549.14,554.07,99326600
SPY,2025-03-11,552.91,557.47,545.61,549.47,88102100
SPY,2025-03-12,555.64,556.57,547.26,552.38,69588200
SPY,2025-03-13,552.01,552.62,543.3,545.02,74079400
SPY,2025-03-14,549.66,557.29,545.09,556.28,62660300
SPY,2025-03-17,556.26,563.1,555.82,560.57,49008700
SPY,2025-03-18,558.24,558.46,552.57,554.51,66041400
SPY,2025-03-19,556.3,564.32,555.11,560.55,66556000
SPY,2025-03-20,556.79,563.95,556.07,558.93,62958200
SPY,2025-03-21,554.45,560.01,553.21,559.11,83763000
SPY,2025-03-24,565.87,570.18,565.28,569.12,58766800
SPY,2025-03-25,570.33,571.43,568.74,570.49,38355700
SPY,2025-03-26,570.22,571.35,562.29,563.68,51848300
SPY,2025-03-27,562.28,565.97,560.06,562.18,42164200
SPY,2025-03-28,560.65,561.38,550.28,550.86,71662700
SPY,2025-03-31,545.08,555.87,542.15,554.56,95328200
SPY,2025-04-01,552.64,558.08,548.9,556.13,54609600
SPY,2025-04-02,550.26,562.52,550.02,559.65,76014500
SPY,2025-04-03,540.4,543.24,532.07,532.07,125986000
SPY,2025-04-04,519.15,521.33,500.7,500.92,217965100
SPY,2025-04-07,484.97,518.65,477.64,500.03,256611400
SPY,2025-04-08,517.35,520.45,484.94,492.19,165816600
SPY,2025-04-09,489.18,543.88,488.79,543.88,241867300
SPY,2025-04-10,527.58,528.89,504.92,520.05,162331200
SPY,2025-04-11,518.49,531.8,515.58,529.33,97866300
SPY,2025-04-14,539.35,539.58,529.25,534.47,68034000
SPY,2025-04-15,535.01,538.54,532.18,532.97,56892900
SPY,2025-04-16,527.09,533.25,515.8,521.12,83484800
SPY,2025-04-17,523.08,526.58,519.39,521.87,79868100
SPY,2025-04-21,516.66,517.2,504.07,509.44,69368100
SPY,2025-04-22,515.65,524.73,514.71,522.7,75948100
SPY,2025-04-23,535.76,540.72,529.27,530.8,90590700
SPY,2025-04-24,532.09,542.7,530.83,541.97,64150400
SPY,2025-04-25,541.93,546.29,539.0,545.89,61119600
SPY,2025-04-28,546.63,548.77,540.31,546.09,47613800
SPY,2025-04-29,544.17,550.65,543.81,549.53,47775100
SPY,2025-04-30,542.84,551.72,536.84,549.75,93101500
SPY,2025-05-01,555.53,559.2,553.04,553.65,63186100
SPY,2025-05-02,559.85,563.47,557.52,561.87,60717300
SPY,2025-05-05,557.71,561.76,556.85,558.64,38659200
SPY,2025-05-06,553.11,558.49,552.15,553.98,48264700
SPY,2025-05-07,555.31,558.95,551.24,556.31,55588000
SPY,2025-05-08,560.36,565.39,556.85,560.18,65130800
SPY,2025-05-09,561.59,562.6,557.9,559.47,37603400
SPY,2025-05-12,576.45,577.97,572.06,577.96,78993600
SPY,2025-05-13,578.37,583.99,577.81,581.77,67947200
SPY,2025-05-14,582.74,583.89,580.48,582.52,66283500
SPY,2025-05-15,580.5,585.87,580.05,585.36,71268100
SPY,2025-05-16,586.15,589.37,584.19,589.07,76052100
SPY,2025-05-19,583.02,590.4,583.02,589.71,68168500
SPY,2025-05-20,587.97,588.92,584.51,587.73,60614500
SPY,2025-05-21,583.36,587.46,576.8,577.83,95197700
SPY,2025-05-22,577.63,581.56,576.39,578.06,70860400
SPY,2025-05-23,571.01,576.79,570.63,574.11,76029000
SPY,2025-05-27,581.01,586.2,573.44,586.05,72588500
SPY,2025-05-28,586.45,587.65,581.92,582.66,68445500
SPY,2025-05-29,587.94,588.08,581.01,584.96,69973300
SPY,2025-05-30,583.85,586.03,578.2,584.3,90601200
SPY,2025-06-02,582.69,587.67,580.01,587.59,61630500
SPY,2025-06-03,587.23,591.93,586.74,590.94,63606200
SPY,2025-06-04,591.81,592.79,590.35,590.79,57314200
SPY,2025-06-05,592.47,593.83,585.95,587.93,92278700
SPY,2025-06-06,593.49,595.64,591.71,593.97,66588700
SPY,2025-06-09,594.54,596.06,593.32,594.5,53016400
SPY,2025-06-10,595.04,598.26,593.92,597.87,66247000
SPY,2025-06-11,598.97,599.84,594.1,596.17,73658200
SPY,2025-06-12,594.83,598.54,594.34,598.54,64129000
SPY,2025-06-13,593.33,596.65,590.34,591.85,89506000
SPY,2025-06-16,595.22,599.23,595.04,597.48,79984100
SPY,2025-06-17,595.03,596.55,591.61,592.37,82209400
SPY,2025-06-18,593.27,596.03,591.32,592.28,76605000
SPY,2025-06-20,594.97,596.04,589.48,590.89,94051400
SPY,2025-06-23,591.65,597.12,588.51,596.73,87426000
SPY,2025-06-24,600.88,604.38,599.97,603.32,67735300
SPY,2025-06-25,604.44,605.14,602.09,603.66,62114800
SPY,2025-06-26,605.52,608.82,604.9,608.38,78548400
SPY,2025-06-27,609.38,612.87,607.35,611.4,86258400
SPY,2025-06-30,613.86,615.69,611.53,614.33,92502500
SPY,2025-07-01,612.85,615.3,612.01,614.13,70030100
SPY,2025-07-02,613.72,616.95,613.09,616.91,66510400
SPY,2025-07-03,618.9,622.71,618.88,621.77,51065800
SPY,2025-07-07,619.81,620.47,614.35,617.14,74814500
SPY,2025-07-08,617.81,618.56,615.99,616.8,59024600
SPY,2025-07-09,619.22,621.16,617.37,620.5,66113300
SPY,2025-07-10,620.64,623.3,619.46,622.25,57529000
SPY,2025-07-11,619.19,621.3,617.99,620.06,63670200
SPY,2025-07-14,619.61,621.59,618.25,621.25,51898500
SPY,2025-07-15,623.94,624.28,618.51,618.59,74317300
SPY,2025-07-16,620.18,621.17,614.53,620.66,88987500
SPY,2025-07-17,620.84,624.82,620.62,624.46,68885700
SPY,2025-07-18,625.71,625.88,622.89,624.0,65621600
SPY,2025-07-21,625.18,627.94,624.76,625.18,63375000
SPY,2025-07-22,625.51,626.14,622.62,625.27,60046300
SPY,2025-07-23,627.95,630.59,626.14,630.59,70511000
SPY,2025-07-24,630.98,632.52,630.37,630.8,71307100
SPY,2025-07-25,631.47,633.94,631.22,633.47,56865400
SPY,2025-07-28,633.84,634.4,631.92,633.31,54917100
SPY,2025-07-29,634.71,635.03,630.72,631.64,60556300
SPY,2025-07-30,632.29,634.04,627.94,630.84,80418900
SPY,2025-07-31,635.81,636.2,627.17,628.48,103385200
SPY,2025-08-01,622.73,622.77,615.76,618.17,140103600
SPY,2025-08-04,622.1,627.62,622.01,627.57,73218000
SPY,2025-08-05,628.19,629.0,623.46,624.39,68051400
SPY,2025-08-06,625.46,629.83,624.55,629.17,64357500
SPY,2025-08-07,632.61,633.35,625.52,628.64,74205800
SPY,2025-08-08,630.44,634.01,630.13,633.55,64051600
SPY,2025-08-11,633.82,635.31,631.04,632.29,58742300
SPY,2025-08-12,634.65,639.18,633.16,639.02,64730800
SPY,2025-08-13,641.23,642.5,639.01,641.21,60092800
SPY,2025-08-14,639.12,641.94,638.68,641.27,59327500
SPY,2025-08-15,642.31,642.41,638.86,639.77,68592500
SPY,2025-08-18,639.19,640.33,638.52,639.63,43804900
SPY,2025-08-19,639.45,640.44,634.84,636.16,69750700
SPY,2025-08-20,635.75,636.01,629.34,634.47,88890300
SPY,2025-08-21,632.65,634.33,630.2,631.93,54805800
SPY,2025-08-22,634.12,642.81,633.62,641.63,84083200
SPY,2025-08-25,640.37,641.61,638.69,638.81,51274300
SPY,2025-08-26,638.54,641.83,637.91,641.48,51581600
SPY,2025-08-27,640.89,643.68,640.74,642.94,48341100
SPY,2025-08-28,643.55,645.78,641.66,645.22,61519500
SPY,2025-08-29,643.78,644.15,639.47,641.37,74522200
SPY,2025-09-02,633.86,636.84,631.3,636.62,81983500
SPY,2025-09-03,639.0,640.54,636.81,640.07,70820900
SPY,2025-09-04,640.75,645.45,639.84,645.42,65219200
SPY,2025-09-05,647.76,648.49,639.66,643.55,85178900
SPY,2025-09-08,644.92,646.13,643.54,645.13,63133100
SPY,2025-09-09,645.27,647.15,643.53,646.62,66133900
SPY,2025-09-10,649.89,650.82,646.92,648.49,78034500
SPY,2025-09-11,650.45,654.58,649.86,653.88,69934400
SPY,2025-09-12,653.85,655.35,653.15,653.66,72780100
SPY,2025-09-15,655.88,657.27,655.58,657.14,63772400
SPY,2025-09-16,657.7,658.01,655.45,656.24,61169000
SPY,2025-09-17,656.25,657.95,650.57,655.42,101952200
SPY,2025-09-18,658.12,661.1,656.5,658.48,90459200
SPY,2025-09-19,660.38,662.59,658.42,661.74,97945600
SPY,2025-09-22,660.25,665.32,660.22,664.88,69452200
SPY,2025-09-23,664.76,665.37,660.03,661.26,81708900
SPY,2025-09-24,662.55,662.65,657.73,659.15,68082200
SPY,2025-09-25,656.0,657.47,652.48,656.11,89622100
SPY,2025-09-26,657.57,660.42,655.94,659.87,69179200
SPY,2025-09-29,662.4,663.32,659.91,661.72,73499000
SPY,2025-09-30,660.98,664.69,659.66,664.22,86288000
SPY,2025-10-01,661.22,667.4,661.11,666.48,72545400
SPY,2025-10-02,668.47,668.59,664.82,667.25,56896000
SPY,2025-10-03,668.02,670.7,666.19,667.24,70494400
SPY,2025-10-06,669.64,670.53,667.49,669.63,54623300
SPY,2025-10-07,670.56,671.01,665.7,667.15,72020100
SPY,2025-10-08,668.28,671.23,667.45,671.13,60702200
SPY,2025-10-09,671.55,671.95,667.24,669.18,66501900
SPY,2025-10-10,670.15,671.96,650.92,651.1,159422600
SPY,2025-10-13,658.7,663.17,657.83,661.09,79560500
SPY,2025-10-14,655.23,663.87,651.25,660.28,88779600
SPY,2025-10-15,664.86,668.26,656.99,663.21,81702600
SPY,2025-10-16,664.86,666.74,655.17,658.69,110563300
SPY,2025-10-17,657.56,663.8,656.2,662.43,96500900
SPY,2025-10-20,665.35,670.23,665.3,669.32,60493400
SPY,2025-10-21,669.46,671.01,668.01,669.31,56249000
SPY,2025-10-22,670.02,670.02,661.35,665.83,80564000
SPY,2025-10-23,666.15,670.73,665.83,669.78,65604500
SPY,2025-10-24,674.47,676.47,673.66,675.25,74356500
SPY,2025-10-27,680.72,683.52,680.11,683.22,63339800
SPY,2025-10-28,685.03,686.88,682.81,685.04,61738100
SPY,2025-10-29,686.69,687.67,680.86,685.36,85657100
SPY,2025-10-30,681.89,683.92,677.83,677.83,76335800
SPY,2025-10-31,683.02,683.06,677.24,680.05,87164100
SPY,2025-11-03,683.65,683.78,677.94,681.33,57315000
SPY,2025-11-04,674.12,677.96,672.59,673.25,78427000
SPY,2025-11-05,672.99,678.85,672.18,675.58,74402400
SPY,2025-11-06,674.48,675.38,666.75,668.34,85035300
SPY,2025-11-07,665.94,669.1,659.26,668.99,100592400
SPY,2025-11-10,675.24,680.17,673.04,679.43,75842900
SPY,2025-11-11,677.95,681.56,676.73,680.99,58953400
SPY,2025-11-12,682.77,682.94,678.94,681.37,62312500
SPY,2025-11-13,678.5,678.85,668.54,670.06,103457800
SPY,2025-11-14,663.42,673.67,661.32,669.95,96846700
SPY,2025-11-17,667.73,671.73,660.22,663.71,90456100
SPY,2025-11-18,660.15,663.16,653.93,658.14,114467500
SPY,2025-11-19,658.83,665.37,656.81,660.68,94703000
SPY,2025-11-20,670.93,673.57,649.97,650.61,165293500
SPY,2025-11-21,653.12,662.59,648.93,657.09,123956200
SPY,2025-11-24,660.74,668.09,659.64,666.76,80437900
SPY,2025-11-25,666.66,674.22,662.52,673.03,81077100
SPY,2025-11-26,675.63,679.69,674.73,677.68,71879600
SPY,2025-11-28,678.85,681.66,678.5,681.38,49212000
SPY,2025-12-01,676.81,680.98,676.74,678.27,61201200
SPY,2025-12-02,679.91,681.81,677.33,679.52,62953800
SPY,2025-12-03,678.56,682.89,677.69,681.88,57238500
SPY,2025-12-04,683.28,683.35,679.33,682.37,61970300
SPY,2025-12-05,683.45,686.36,682.56,683.67,79241000
SPY,2025-12-08,684.57,684.62,679.56,681.62,55231500
SPY,2025-12-09,681.14,683.37,680.58,681.03,58310100
SPY,2025-12-10,680.55,686.94,679.3,685.54,85671300
SPY,2025-12-11,683.12,687.22,680.16,687.14,86173700
SPY,2025-12-12,686.14,686.85,677.17,679.75,113160300
SPY,2025-12-15,683.72,683.74,677.25,678.72,90811000
SPY,2025-12-16,677.23,679.07,672.99,676.87,122030600
SPY,2025-12-17,677.89,678.44,669.22,669.42,110625200
SPY,2025-12-18,675.6,678.73,672.91,674.48,108650100
SPY,2025-12-19,676.59,681.09,676.47,680.59,103599500
SPY,2025-12-22,683.94,685.36,680.59,684.83,69556700
SPY,2025-12-23,683.92,688.2,683.87,687.96,64840000
SPY,2025-12-24,687.95,690.83,687.8,690.38,39445600
SPY,2025-12-26,690.64,691.66,689.27,690.31,41613300
SPY,2025-12-29,687.54,689.2,686.07,687.85,62559500
SPY,2025-12-30,687.45,688.56,686.58,687.01,47160700
SPY,2025-12-31,687.14,687.36,681.71,681.92,74144800
SPY,2026-01-02,685.71,686.87,679.82,683.17,89377200
SPY,2026-01-05,686.54,689.43,686.38,687.72,71927200
SPY,2026-01-06,687.93,692.32,687.78,691.81,69273800
SPY,2026-01-07,692.19,693.96,689.32,689.58,75588300
SPY,2026-01-08,688.82,690.62,687.49,689.51,64019200
SPY,2026-01-09,690.63,695.31,689.18,694.07,80125500
SPY,2026-01-12,690.68,696.09,690.63,695.16,63976000
SPY,2026-01-13,695.49,696.09,691.35,693.77,78309700
SPY,2026-01-14,691.0,691.72,686.04,690.36,94676700
SPY,2026-01-15,694.57,695.45,691.25,692.24,77862000
SPY,2026-01-16,693.66,694.25,690.1,691.66,79289200
SPY,2026-01-20,681.49,684.77,676.57,677.58,111623300
SPY,2026-01-21,679.65,688.74,678.13,685.4,127844500
SPY,2026-01-22,689.85,691.13,686.92,688.98,77112200
SPY,2026-01-23,688.15,690.96,687.16,689.23,63059600
SPY,2026-01-26,690.49,694.13,689.92,692.73,60473800
SPY,2026-01-27,694.18,696.53,693.57,695.49,55506100
SPY,2026-01-28,697.05,697.84,693.94,695.42,61172200
SPY,2026-01-29,696.39,697.06,684.83,694.04,97486200
SPY,2026-01-30,691.79,694.21,687.12,691.97,101835100
SPY,2026-02-02,689.58,696.93,689.42,695.41,79286500
SPY,2026-02-03,696.21,696.96,684.03,689.53,107904600
SPY,2026-02-04,690.35,691.45,681.76,686.19,105204600
SPY,2026-02-05,680.94,683.69,675.79,677.62,113610800
SPY,2026-02-06,681.46,692.31,680.85,690.62,89127600
SPY,2026-02-09,689.42,695.87,688.34,693.95,73885200
SPY,2026-02-10,694.95,696.54,691.66,692.12,65185700
SPY,2026-02-11,696.39,697.14,689.18,691.96,76353900
SPY,2026-02-12,694.24,695.35,680.37,681.27,118829000
SPY,2026-02-13,681.69,686.28,677.52,681.75,96267500
SPY,2026-02-17,680.14,684.94,675.78,682.85,81354700
SPY,2026-02-18,684.02,689.15,682.83,686.29,73570300
SPY,2026-02-19,683.84,686.18,681.55,684.48,58649400
SPY,2026-02-20,682.32,690.06,681.73,689.43,100034000
SPY,2026-02-23,687.83,690.0,680.37,682.39,90558100
SPY,2026-02-24,681.9,688.35,680.0,687.35,73798700
SPY,2026-02-25,690.18,693.68,690.1,693.15,56369500
SPY,2026-02-26,693.28,693.3,684.35,689.3,71671000
SPY,2026-02-27,683.09,686.86,681.64,685.99,83308900
SPY,2026-03-02,678.7,688.62,678.02,686.38,87477200
SPY,2026-03-03,675.06,682.61,669.66,680.33,105003100
SPY,2026-03-04,681.63,687.09,679.62,685.13,79182200
SPY,2026-03-05,682.08,685.53,675.61,681.31,106606500
SPY,2026-03-06,673.41,676.11,669.76,672.38,100687000
SPY,2026-03-09,666.39,679.92,662.39,678.27,102667700
SPY,2026-03-10,677.72,683.36,674.76,677.18,81505300
SPY,2026-03-11,677.58,680.08,673.34,676.33,68441700
SPY,2026-03-12,671.16,671.65,665.87,666.06,108882200
SPY,2026-03-13,669.27,672.34,661.36,662.29,97200200
SPY,2026-03-16,668.38,672.07,667.12,669.03,82023100
SPY,2026-03-17,672.39,674.44,669.7,670.79,87048100
SPY,2026-03-18,668.36,669.72,661.23,661.43,80910028
SPY,2026-03-19,656.97,662.98,655.17,659.8,110067392
SPY,2026-03-20,656.51,656.69,644.72,648.57,138283514
SPY,2026-03-23,658.07,662.61,653.94,655.38,125203779
SPY,2026-03-24,651.32,657.02,649.88,653.18,95310078
SPY,2026-03-25,658.67,660.89,654.24,656.82,86252891
SPY,2026-03-26,652.06,654.85,644.83,645.09,92903674
SPY,2026-03-27,642.5,642.66,633.1,634.09,92763808
SPY,2026-03-30,640.11,640.37,629.29,631.97,92476229
SPY,2026-03-31,638.94,651.53,637.98,650.34,151177326
SPY,2026-04-01,653.9,658.52,653.0,655.24,95383076
SPY,2026-04-02,646.42,657.92,645.11,655.83,67984061
SPY,2026-04-06,655.86,659.72,655.52,658.93,38981630
SPY,2026-04-07,656.65,659.59,651.06,659.22,63440411
SPY,2026-04-08,676.39,677.08,671.5,676.01,92921151
SPY,2026-04-09,674.84,681.15,673.77,679.91,56268172
SPY,2026-04-10,681.32,682.03,678.45,679.46,41606521
SPY,2026-04-13,677.41,686.29,676.58,686.1,53737879
SPY,2026-04-14,687.69,694.58,687.66,694.46,59884831
SPY,2026-04-15,695.26,700.28,694.28,699.94,57435208
SPY,2026-04-16,701.06,702.78,698.53,701.66,43439751
