Ticker,FiscalDate,Gross Margin (calc),Operating Margin (calc),Net Margin (calc),EBITDA Margin (calc),FCF Margin (calc),ROE (calc),ROA (calc),ROIC (calc),ROCE (calc),P/E (calc),P/S (calc),P/B (calc),P/FCF (calc),EV/EBITDA (calc),EV/Revenue (calc),EV/FCF (calc),Earnings Yield (calc),Debt/Equity (calc),Debt/Assets (calc),Net Debt/EBITDA (calc),Interest Coverage (calc),Current Ratio (calc),Quick Ratio (calc),Asset Turnover (calc),Receivables Turnover (calc),Cash Conversion Cycle (calc),Cash Conversion Ratio (calc),CapEx/Revenue (calc),SBC/Revenue (calc)
A,2025-01-31,0.534801,0.223676,0.189173,0.277811,0.198691,0.052763,0.026691,0.034696,0.039323,138.739596,26.245801,7.320257,132.093388,99.579031,27.664133,139.231759,0.007208,0.557989,0.282273,4.059957,14.107143,2.197432,1.663991,0.141095,1.556481,444.541635,1.355346,0.057704,0.023795
A,2025-04-30,0.519185,0.179856,0.128897,0.217026,0.064149,0.035039,0.017684,0.025758,0.028484,205.205542,26.450355,7.19022,412.328893,128.462452,27.879741,434.611286,0.004873,0.569589,0.287465,5.549724,9.965517,2.091451,1.598907,0.137194,1.548747,451.397652,1.027907,0.068345,0.017986
A,2025-07-31,0.510932,0.207135,0.193326,0.268124,0.149022,0.052747,0.027482,0.033796,0.038127,131.307118,25.385035,6.92609,170.344369,99.79272,26.756851,179.549836,0.007616,0.535165,0.278832,4.021459,14.071429,2.247886,1.711945,0.142156,1.597426,436.327814,1.077381,0.059264,0.018412
A,2025-10-31,0.531972,0.238044,0.233208,0.290167,0.24288,0.064382,0.034101,0.043089,0.045183,101.657123,23.70725,6.544903,97.608831,86.117422,24.988397,102.883645,0.009837,0.497552,0.263534,2.898148,17.37037,1.957392,1.520665,0.146225,1.251513,482.318606,1.25576,0.049973,0.013971
A,2026-01-31,0.52614,0.196329,0.169633,0.253615,0.09733,0.044152,0.023804,0.028823,0.036771,144.653087,24.537926,6.386681,252.109666,101.981157,25.863964,265.733758,0.006913,0.485524,0.261765,3.5,15.56,2.065801,1.591764,0.140326,1.182117,504.548592,0.878689,0.051724,0.022803
A,2026-04-30,0.53951,0.217439,0.184741,0.27248,0.109537,0.047599,0.025947,0.031643,0.040107,130.145108,24.043156,6.194776,219.498465,93.006815,25.342456,231.360237,0.007684,0.471076,0.256793,3.096,17.32,2.099163,1.619216,0.140452,1.224967,502.712865,0.817109,0.041417,0.017439
A,2026-07-31,0.554846,0.236422,0.192758,0.287007,0.233759,0.049165,0.025918,0.032001,0.040504,121.87622,23.492647,5.992013,100.499297,86.277194,24.762198,105.930313,0.008205,0.53633,0.282738,4.064935,16.310345,2.05024,1.562254,0.13446,1.270636,509.488582,1.433702,0.042599,0.017039
AAPL,2024-12-31,0.468825,0.344586,0.292277,0.369364,0.217176,0.544204,0.105584,0.223418,0.21446,135.027293,39.465338,73.482453,181.720377,107.324592,39.641888,182.533309,0.007406,1.449999,0.281323,1.448423,,0.922938,0.875067,0.361248,4.193799,-217.012701,0.823975,0.023652,0.026436
AAPL,2025-03-31,0.470506,0.310291,0.25986,0.338196,0.218973,0.37098,0.074811,0.151628,0.158516,197.963744,51.44288,73.440649,234.928479,152.790285,51.673011,235.97944,0.005051,1.469938,0.296426,2.171287,,0.82087,0.777507,0.287891,3.648569,-245.912713,0.966586,0.032205,0.03383
AAPL,2025-06-30,0.464907,0.299906,0.249202,0.330001,0.259528,0.355978,0.070692,0.140734,0.148139,209.334367,52.166634,74.518329,201.005596,158.787274,52.400003,201.904802,0.004777,1.544858,0.306786,2.108436,,0.867992,0.826006,0.283672,3.412418,-215.464783,1.18917,0.036816,0.033689
AAPL,2025-09-30,0.471776,0.316466,0.26805,0.346983,0.258486,0.372506,0.076456,0.157494,0.167486,178.604149,47.874823,66.531154,185.212624,138.591627,48.088992,186.04118,0.005599,1.33803,0.274626,1.764162,,0.893293,0.85877,0.285229,2.576011,-290.859205,1.082356,0.03164,0.031064
AAPL,2025-12-31,0.481587,0.353738,0.292836,0.376096,0.358608,0.477344,0.110987,0.234882,0.234417,116.529481,34.124082,55.624692,95.157153,91.138362,34.276738,95.582842,0.008582,1.026295,0.238623,0.835867,,0.973745,0.937561,0.379006,3.601012,-215.578618,1.28097,0.016507,0.025001
AAPL,2026-03-31,0.492706,0.322753,0.266027,0.353684,0.240421,0.277751,0.079707,0.15492,0.151771,165.851023,44.120931,46.065316,183.515079,125.304819,44.318307,184.33604,0.00603,0.795476,0.228281,0.995295,,1.070357,1.020246,0.299621,3.664722,-227.861786,0.970383,0.017727,0.031731
AAPL,2026-06-30,0.500562,0.326229,0.272252,0.356572,0.291673,0.277055,0.077724,0.152812,0.152582,164.676275,44.83345,45.624457,153.711273,126.297237,45.034014,154.398906,0.006073,0.784449,0.220066,1.148276,,1.003295,0.929014,0.285486,3.48484,-252.152021,1.153748,0.022437,0.031083
ABBV,2024-12-31,0.708913,0.005562,-0.001457,0.035426,0.447424,-0.006617,-0.000163,1.2e-05,-0.016253,-21202.194804,30.886524,140.285199,69.031861,992.170635,35.14841,78.557243,-4.7e-05,20.193684,0.496771,115.17757,-2.232194,0.660198,0.552298,0.111733,1.383094,366.526253,-320.363636,0.019269,0.010859
ABBV,2025-03-31,0.700067,0.298359,0.09638,0.329761,0.104924,0.905634,0.009444,0.043324,0.023666,362.712508,34.958277,328.484708,333.177347,120.638929,39.782005,379.150921,0.002757,49.217606,0.513267,14.707727,3.372857,0.76024,0.635909,0.097991,1.069408,,1.271384,0.017612,0.030728
ABBV,2025-06-30,0.718213,0.37068,0.060818,0.281657,0.31667,-5.125683,0.006838,0.049245,0.023549,497.279622,30.243681,-2548.897736,95.505382,122.194127,34.416864,108.68372,0.002011,-385.142077,0.513777,14.736188,3.1,0.735811,0.611085,0.112427,1.220464,,5.493603,0.017441,0.011606
ABBV,2025-09-30,0.663793,0.290568,0.01179,0.22287,0.421083,-0.070401,0.001389,0.01826,0.015375,2507.786482,29.566955,-176.551206,70.216511,150.970219,33.64676,79.905357,0.000399,-26.019304,0.513398,17.950512,1.966171,0.724506,0.599147,0.117821,1.235492,,37.763441,0.024151,0.013248
ABBV,2025-12-31,0.72608,0.349561,0.109279,0.323083,0.294199,-0.555352,0.013556,0.061529,0.0373,256.854783,28.068858,-142.644736,95.407708,98.865951,31.941948,108.572569,0.003893,-20.640979,0.503852,11.597504,4.736695,0.671348,0.556978,0.124052,1.320041,385.477281,2.873348,0.019798,0.009448
ABBV,2026-03-31,0.718837,0.315558,0.046327,0.246101,0.237568,-0.104417,0.005093,0.047971,0.018609,671.148613,31.092407,-70.07937,130.877746,143.773372,35.382702,148.93695,0.00149,-10.946214,0.533903,17.190412,2.449093,0.796413,0.676485,0.109935,1.20218,,5.509353,0.017664,0.029596
ABBV,2026-06-30,0.74744,0.395703,0.212655,0.406533,0.183284,-0.608762,0.02674,0.087578,0.053748,129.102764,27.454284,-78.592803,149.790715,76.851207,31.242571,170.459631,0.007746,-11.93294,0.524161,9.302592,6.734584,0.808535,0.685414,0.125745,1.229022,,0.95101,0.018952,0.00977
ABNB,2024-12-31,0.827823,0.173387,0.185887,0.182258,0.187903,0.054803,0.021995,0.030623,0.039822,215.900551,40.133127,11.831925,213.584021,195.637012,35.656423,189.759506,0.004632,0.24465,0.098192,,,1.690778,,0.118326,16.870748,,1.010846,,0.148387
ABNB,2025-03-31,0.777289,0.016725,0.067782,0.016725,0.787412,0.019403,0.006146,0.003405,0.004564,646.299701,43.807286,12.540022,55.634519,2327.050779,38.920744,49.428692,0.001547,0.287262,0.090996,,,1.272863,,0.090677,13.057471,,11.616883,,0.15757
ABNB,2025-06-30,0.824289,0.197674,0.207364,0.253553,0.314922,0.082498,0.023785,0.051577,0.096013,155.031392,32.147983,12.789791,102.082209,112.647044,28.561993,90.695312,0.00645,0.293241,0.084544,,130.833333,1.23193,,0.114701,16.645161,,1.518692,,0.136951
ABNB,2025-09-30,0.865934,0.396825,0.335531,0.396825,0.331136,0.159582,0.059573,0.117454,0.180055,72.438249,24.305288,11.559832,73.399819,54.417187,21.594122,65.212337,0.013805,0.264576,0.098769,,,1.391695,,0.177549,22.75,,0.9869,,0.097436
ABNB,2025-12-31,0.824694,0.096832,0.12275,0.096832,0.189345,0.04159,0.015355,0.022888,0.031429,291.877284,35.827989,12.139304,189.220825,328.728363,31.831508,168.113935,0.003426,0.252104,0.093075,,,1.37717,,0.12509,14.935484,,1.542522,,0.147948
ABNB,2026-03-31,0.783047,0.032114,0.059746,0.032114,0.637789,0.020953,0.005964,0.004843,0.008219,622.063462,37.165853,13.034331,58.272924,1028.23174,33.020138,51.772793,0.001608,0.331849,0.094454,,,1.442251,,0.099821,14.020942,,10.675,,0.153099
ABNB,2026-06-30,0.824557,0.210089,0.226164,0.258869,0.351996,0.104629,0.028379,0.06711,0.087601,121.973228,27.585963,12.761912,78.3702,94.676584,24.50885,69.628291,0.008199,0.320041,0.086805,,25.243243,1.408302,,0.125478,17.263158,,1.556373,,0.134978
ABT,2024-12-31,0.549663,0.174139,0.840988,0.270913,0.195735,0.193626,0.113359,0.030928,0.032205,19.238773,16.179573,3.725131,82.660445,69.062776,18.710008,95.588283,0.051978,0.315144,0.184501,2.189371,15.926471,1.670975,1.233453,0.134793,1.584693,377.968123,0.31076,0.06561,0.010115
ABT,2025-03-31,0.568643,0.163449,0.12792,0.257289,0.090075,0.027146,0.016268,0.020332,0.027891,134.003499,17.141788,3.637595,190.305077,77.044515,19.82271,220.068202,0.007462,0.271291,0.162582,2.517824,14.572519,1.780452,1.269917,0.127173,1.413675,456.295397,1.069434,0.046727,0.027901
ABT,2025-06-30,0.564351,0.184168,0.159666,0.27356,0.138665,0.035182,0.021179,0.026529,0.032185,99.805867,15.935616,3.511414,114.922095,67.363397,18.427897,132.895555,0.010019,0.265737,0.159966,2.127953,18.768595,1.820671,1.303222,0.132644,1.397642,460.272444,1.150646,0.045055,0.012745
ABT,2025-09-30,0.553611,0.180931,0.144604,0.271968,0.201513,0.032264,0.019529,0.024278,0.033061,108.001604,15.617437,3.484606,77.500933,66.404797,18.059955,89.621839,0.009259,0.253974,0.153728,1.756145,19.016529,1.703401,1.243382,0.135054,1.397026,447.185497,1.695255,0.043627,0.010555
ABT,2025-12-31,0.570469,0.196439,0.154987,0.285365,0.229165,0.034069,0.020481,0.02606,0.035291,99.974458,15.494776,3.405997,67.614104,62.790102,17.918111,78.188741,0.010003,0.265874,0.159838,1.347706,20.65,1.575897,1.18259,0.132149,1.445201,419.264588,1.866554,0.060127,0.009861
ABT,2026-03-31,0.561985,0.120477,0.096471,0.217306,0.082049,0.020687,0.009753,0.01161,0.017631,164.860387,15.904213,3.410511,193.83694,84.634638,18.391583,224.152437,0.006066,0.653983,0.308316,11.230008,9.327586,1.388039,1.007727,0.101097,1.359805,440.84413,1.220984,0.03574,0.028395
ACGL,2024-12-31,,,0.207501,,0.346205,0.044909,0.013186,,,35.360096,7.337259,1.587977,21.193391,,7.451626,21.523736,0.02828,0.131028,0.038473,,26.324324,,,0.063549,0.28066,,1.682353,0.002885,0.007324
ACGL,2025-03-31,,,0.125,,0.315549,0.026642,0.007635,,,57.598762,7.199845,1.534541,22.816901,,7.31207,23.172552,0.017361,0.126619,0.036288,,20.371429,,,0.061083,0.258152,,2.54007,0.00196,0.016115
ACGL,2025-06-30,,,0.248743,,0.223607,0.053687,0.0157,,,26.727316,6.648238,1.434907,29.731735,,6.751866,30.195169,0.037415,0.118398,0.034625,,38.131579,,,0.063119,0.270404,,0.90865,0.002413,0.005027
ACGL,2025-09-30,,,0.271466,,0.437161,0.056916,0.017049,,,24.49014,6.648238,1.393891,15.207769,,6.751866,15.444815,0.040833,0.115013,0.034451,,41.621622,,,0.062802,0.279272,,1.619259,0.002413,0.005027
ACGL,2025-12-31,,,0.259975,,0.292524,0.051144,0.015623,,,26.705726,6.942816,1.365847,23.734163,,7.051035,24.104112,0.037445,0.112741,0.034439,,37.5,,,0.060095,0.271819,,1.134087,0.00231,0.00504
ACGL,2026-03-31,,,0.239533,,0.269961,0.043286,0.012855,,,31.577545,7.563873,1.366863,28.018381,,7.681772,28.455108,0.031668,0.112825,0.033507,,30.972973,,,0.053667,0.23613,,1.13467,0.00183,0.01876
ACGL,2026-06-30,,,0.235464,,0.291379,0.043987,0.012409,,,31.278798,7.365046,1.375851,25.276521,,7.479846,25.67051,0.031971,0.17836,0.050318,,27.704545,,,0.052701,0.231535,,1.25071,0.003119,0.003342
ACN,2025-02-28,0.298631,0.134742,0.107332,0.16293,0.161026,0.061139,0.029866,0.051953,0.055065,62.043803,6.659281,3.793297,41.355203,40.810955,6.649339,41.293459,0.016118,0.275604,0.134631,,36.392135,1.477357,,0.278259,1.339462,,1.595794,0.010253,0.041185
ACN,2025-05-31,0.328672,0.168254,0.123957,0.186754,0.19829,0.07192,0.034682,0.06352,0.067695,50.484151,6.257885,3.630829,31.55926,33.458735,6.248542,31.512141,0.019808,0.267234,0.128867,,44.655257,1.460746,,0.279787,1.351362,,1.676616,0.009539,0.02808
ACN,2025-08-31,0.318871,0.151453,0.080356,0.149951,0.216309,0.045326,0.021622,0.051228,0.047543,78.459601,6.30469,3.556255,29.146666,41.982275,6.295277,29.103149,0.012745,0.26231,0.12513,,32.327612,1.420035,,0.269077,1.34678,,2.76821,0.006133,0.02498
ACN,2025-11-30,0.330652,0.169737,0.117999,0.177625,0.080435,0.071647,0.034183,0.066733,0.067699,50.163198,5.919231,3.594038,73.590626,33.27461,5.910394,73.480753,0.019935,0.265716,0.126773,,46.401515,1.410633,,0.289684,1.345279,,0.752454,0.008355,0.025023
ACN,2026-02-28,0.302557,0.138192,0.101155,0.157097,0.203278,0.058481,0.027216,0.051913,0.054661,60.780518,6.148225,3.55452,30.245473,39.078174,6.139045,30.200316,0.016453,0.267452,0.124468,,39.647296,1.336391,,0.269057,1.311207,,2.091583,0.008296,0.039536
ACN,2026-05-31,0.327721,0.169637,0.124958,0.188503,0.192326,0.073344,0.033994,0.065002,0.068234,47.430309,5.926815,3.47874,30.816484,31.394628,5.917966,30.770474,0.021084,0.263049,0.121918,,45.586708,1.339174,,0.27204,1.337704,,1.618739,0.009949,0.024689
ADBE,2025-02-28,0.891145,0.378544,0.316941,0.430697,0.429821,0.138297,0.060457,0.093259,0.107926,54.635945,17.316363,7.555991,40.287335,40.408939,17.40399,40.491205,0.018303,0.501184,0.219095,,36.193548,1.184656,,0.190753,2.896097,,1.370514,0.00455,0.083129
ADBE,2025-05-31,0.891367,0.359101,0.287928,0.404904,0.36506,0.147711,0.060163,0.096369,0.113751,58.513126,16.847556,8.643055,46.150045,41.819344,16.932811,46.383582,0.01709,0.573288,0.233501,0.519344,31.897059,0.993251,,0.208952,3.385014,,1.295683,0.008003,0.0819
ADBE,2025-08-31,0.892786,0.362892,0.295925,0.411156,0.355043,0.150552,0.061626,0.097978,0.115501,55.838429,16.523997,8.406601,46.540779,40.392526,16.607615,46.776293,0.017909,0.563806,0.230785,0.49472,33.641791,1.018725,,0.208249,2.860965,,1.240406,0.012024,0.082999
ADBE,2025-11-30,0.895221,0.365031,0.299645,0.405877,0.504682,0.159683,0.062924,0.103939,0.12075,53.311258,15.974442,8.512922,31.652494,39.55704,16.055279,31.812668,0.018758,0.571969,0.225386,0.309865,35.30303,0.996373,,0.209995,2.642491,,1.702586,0.005489,0.078947
ADBE,2026-02-28,0.896218,0.377931,0.295249,0.415599,0.456549,0.165223,0.063594,0.106782,0.135689,52.379934,15.465098,8.654395,33.873912,37.399924,15.543357,34.045327,0.019091,0.582174,0.224078,,39.444444,0.911853,,0.215392,3.058317,,1.565908,0.005783,0.079556
ADBE,2026-05-31,0.891961,0.338169,0.258688,0.377153,0.318374,0.148637,0.057194,0.094258,0.128983,57.795383,14.950997,8.590527,46.960463,39.842307,15.026654,47.198101,0.017302,0.613388,0.236027,0.691506,35.430769,0.750787,,0.221094,3.320622,,1.264603,0.008764,0.080689
ADI,2025-01-31,0.59026,0.229121,0.161489,0.423594,0.403533,0.011158,0.008158,0.011698,0.011353,465.252996,75.133251,5.191279,186.188555,184.033663,77.955634,193.182733,0.002149,0.21576,0.157749,5.082425,6.787309,1.929681,1.433331,0.050517,2.032111,586.100743,2.879537,0.061481,0.032013
ADI,2025-04-30,0.610443,0.257451,0.215816,0.455003,0.276209,0.016274,0.012035,0.014659,0.01569,319.534095,68.960702,5.200163,249.668739,157.254487,71.551212,259.047552,0.00313,0.20557,0.152016,4.013278,9.378887,2.077027,1.510286,0.055763,1.90982,579.907894,1.438261,0.034192,0.027587
ADI,2025-07-31,0.621365,0.285513,0.180019,0.461851,0.377021,0.015212,0.010759,0.013058,0.018645,351.117881,63.207967,5.341248,167.651002,141.998842,65.582376,173.948817,0.002848,0.254904,0.180289,4.786473,10.591529,2.324431,1.788401,0.059767,1.85439,567.027773,2.24699,0.02748,0.029407
ADI,2025-10-31,0.631256,0.307274,0.256082,0.478102,0.482965,0.023295,0.016414,0.01979,0.021797,231.118648,59.185311,5.383909,122.545743,128.44237,61.408609,127.149177,0.004327,0.25623,0.18054,4.142451,11.063852,2.189925,1.679628,0.064096,2.142031,528.404411,2.159106,0.069943,0.028104
ADI,2026-01-31,0.64709,0.330671,0.262898,0.481832,0.398448,0.02459,0.017312,0.021613,0.023642,219.132455,57.609427,5.38845,144.584381,124.054611,59.773527,150.015697,0.004563,0.256967,0.180913,3.793457,11.954554,1.755527,1.347479,0.065851,2.323408,555.726726,1.647174,0.03459,0.02711
ADI,2026-04-30,0.673333,0.380763,0.324648,0.525293,0.202662,0.034863,0.024533,0.028874,0.032476,154.767664,50.244984,5.395672,247.924925,99.244432,52.132438,257.238231,0.006461,0.25739,0.181126,3.282543,16.120328,1.752285,1.337557,0.075569,1.766051,592.058032,0.741311,0.038003,0.022553
ADI,2026-07-31,0.6732,0.395026,0.333198,0.529306,0.362589,0.039942,0.027674,0.032275,0.03822,135.857249,45.267408,5.426411,124.844899,88.73476,46.967879,129.534701,0.007361,0.271873,0.188367,3.267408,18.422561,1.250391,0.908911,0.083055,1.683101,563.803739,1.196904,0.036217,0.023933
ADM,2024-12-31,0.063169,0.019304,0.026375,0.052703,-0.007908,0.025577,0.010644,0.010798,0.02538,72.404443,1.909634,1.851918,-241.490113,43.778746,2.307253,-291.772464,0.013811,0.52048,0.216591,8.425419,4.726257,1.39021,0.80981,0.403559,4.693886,187.170106,0.567901,0.022886,0.0
ADM,2025-03-31,0.058488,0.012292,0.014622,0.039554,-0.031375,0.013337,0.005524,0.006182,0.015377,139.163794,2.034861,1.856021,-64.855165,62.157041,2.458554,-78.359114,0.007186,0.561644,0.232632,12.783208,3.234177,1.382281,0.809677,0.377795,3.636446,223.333254,-1.159322,0.014424,0.002478
ADM,2025-06-30,0.064726,0.021686,0.010347,0.037749,0.188652,0.009764,0.004212,0.011277,0.015153,187.458078,1.939588,1.830286,10.281322,62.079248,2.343443,12.422068,0.005335,0.473339,0.204189,10.226533,2.218341,1.42342,0.897028,0.40707,4.392198,179.864891,19.625571,0.01441,0.001039
ADM,2025-09-30,0.06234,0.019488,0.005301,0.029256,0.074269,0.004801,0.00208,0.009788,0.009188,380.123326,2.015184,1.825079,27.133721,83.223689,2.434779,32.783423,0.002631,0.409309,0.177337,11.10906,1.960784,1.371808,0.920282,0.392388,4.107258,159.795771,16.75,0.01453,0.001031
ADM,2025-12-31,0.06537,0.017245,0.024574,0.049849,-0.036053,0.020059,0.008704,0.0098,0.01881,90.029209,2.212401,1.805891,-61.365201,53.623047,2.673061,-74.14248,0.011108,0.429244,0.18626,7.994595,4.352113,1.365056,0.834238,0.354196,5.16305,179.586426,-0.686404,0.019185,-0.000539
ADM,2026-03-31,0.059639,0.012738,0.014544,0.040312,-0.002147,0.013068,0.00536,0.006409,0.01629,137.762816,2.003578,1.800268,-933.029981,60.050023,2.420757,-1127.302703,0.007259,0.46733,0.19168,10.578692,3.577181,1.310984,0.797806,0.368538,4.5162,199.860015,0.503356,0.009468,0.003123
ADM,2026-06-30,0.085314,0.040078,0.040034,0.067413,0.038667,0.038519,0.016963,0.024125,0.036879,45.212907,1.810031,1.74154,46.811082,32.440366,2.186911,56.557946,0.022118,0.396301,0.174529,4.546109,8.351351,1.389117,0.860134,0.42373,5.517149,164.611998,1.265419,0.011992,0.003263
ADP,2024-12-31,0.456759,0.257468,0.190793,0.305443,0.201272,0.189677,0.015027,0.109551,0.142021,111.862134,21.342526,21.217701,106.03839,70.707006,21.596982,107.302631,0.00894,0.843386,0.066818,1.145331,10.732253,0.999103,,0.078762,1.440959,,1.194248,0.026583,0.015668
ADP,2025-03-31,0.477003,0.294075,0.225014,0.332019,0.250009,0.213396,0.022135,0.12787,0.160018,86.230979,19.403135,18.401381,77.609744,59.136629,19.634468,78.535045,0.011597,0.728639,0.07558,0.706514,22.683155,1.015081,,0.098373,1.565151,,1.221128,0.024761,0.011309
ADP,2025-06-30,0.450554,0.23539,0.177635,0.282847,0.254272,0.147172,0.017064,0.061814,0.107882,118.310758,21.016152,17.412025,82.652353,75.188058,21.266717,83.637775,0.008452,1.464997,0.169862,3.721399,11.472296,1.047819,,0.096063,1.432427,,1.580323,0.026449,0.012405
ADP,2025-09-30,0.451983,0.257536,0.195741,0.307157,0.096904,0.158932,0.018648,0.066374,0.116468,106.36289,20.819603,16.904454,214.846675,68.58971,21.067824,217.408182,0.009402,1.494446,0.175353,4.21842,10.656573,1.054147,,0.095271,1.494168,,0.634057,0.027207,0.011343
ADP,2025-12-31,0.460806,0.261508,0.19816,0.308417,0.184987,0.166119,0.012547,0.103772,0.120604,101.455374,20.104418,16.853685,108.680258,65.962976,20.344113,109.975997,0.009857,0.676365,0.051087,0.938774,12.14585,1.032306,,0.063319,1.572334,,1.066761,0.026403,0.013659
ADP,2026-03-31,0.482759,0.30063,0.228953,0.337907,0.344171,0.214138,0.021087,0.131943,0.149264,79.236364,18.141434,16.967545,52.710537,54.327671,18.357726,53.338977,0.01262,0.676446,0.066613,0.373163,23.640407,1.042568,,0.092103,1.664014,,1.64583,0.032647,0.008587
ADP,2026-06-30,0.458785,0.230023,0.178779,0.278783,0.226369,0.162256,0.015486,0.089094,0.104705,110.101786,19.683877,17.864705,86.954731,71.448364,19.918558,87.991448,0.009083,0.873922,0.083408,0.480996,11.395041,1.050699,,0.08662,1.554571,,1.459227,0.03451,0.010907
ADSK,2025-01-31,0.90604,0.232459,0.184869,0.260525,0.410616,0.115605,0.02797,0.06323,0.067054,149.645373,27.664764,17.299713,67.373771,105.134775,27.390207,66.705125,0.006682,0.976345,0.236223,1.611241,,0.675985,,0.151297,1.625992,,2.283828,0.011592,0.113484
ADSK,2025-04-30,0.902021,0.206981,0.09308,0.173913,0.336191,0.058082,0.01436,0.044762,0.041652,298.306237,27.76641,17.326155,82.591162,158.072356,27.490845,81.771492,0.003352,0.972105,0.24034,1.661972,118.0,0.653588,,0.154275,3.305668,,3.710526,0.009186,0.140845
ADSK,2025-07-31,0.909813,0.255247,0.177538,0.281906,0.251843,0.115285,0.028832,0.059446,0.071542,144.864371,25.718972,16.700754,102.122856,90.327061,25.463726,101.109345,0.006903,1.006998,0.251842,0.961771,,0.764126,,0.162399,3.31391,,1.469649,0.009075,0.108338
ADSK,2025-10-31,0.910955,0.256341,0.185105,0.283324,0.22504,0.118562,0.03063,0.064768,0.073495,132.194017,24.469805,15.673193,108.735127,85.509617,24.226956,107.655993,0.007565,0.94504,0.244151,0.939048,,0.822598,,0.165476,2.299007,,1.279883,0.011873,0.100378
ADSK,2026-01-31,0.915176,0.271334,0.161472,0.296883,0.493613,0.103777,0.025347,0.068211,0.079742,143.489076,23.169416,14.89082,46.938455,77.267727,22.939473,46.472618,0.006969,0.897865,0.219299,0.402754,,0.850895,,0.156974,1.359972,,3.129747,0.011753,0.092489
ADSK,2026-04-30,0.909514,0.295243,0.253878,0.321613,0.448294,0.153967,0.04115,0.082505,0.085326,92.347348,23.444958,14.218422,52.29821,72.174516,23.21228,51.77918,0.010829,0.854186,0.228294,,,0.834733,,0.162085,3.340242,,1.818737,0.013444,0.080145
ADSK,2026-07-31,0.913978,0.292278,0.240469,0.316716,0.270772,0.145433,0.037896,0.072314,0.094099,92.15965,22.161558,13.403059,81.845754,69.278625,21.941617,81.033482,0.010851,1.095182,0.285373,,,0.855462,,0.157591,2.991228,,1.168699,0.010264,0.089932
AEE,2024-12-31,0.409067,0.102009,0.106646,0.405461,-0.261206,0.017088,0.004641,0.006421,0.007818,136.723134,14.580983,2.336279,-55.821871,63.820437,25.876705,-99.066438,0.007314,1.545485,0.419795,23.780178,1.883041,0.663346,0.440082,0.043522,3.697143,4.213114,3.94686,0.682123,0.003091
AEE,2025-03-31,0.448736,0.205055,0.137816,0.443491,-0.310443,0.023652,0.006329,0.011518,0.012032,97.929719,13.496275,2.316203,-43.474176,54.007187,23.951685,-77.153124,0.010211,1.605942,0.429716,21.075269,2.942857,0.857492,0.623821,0.045921,3.143928,105.677255,1.491349,0.515975,0.003338
AEE,2025-06-30,0.41783,0.185052,0.123818,0.407474,-0.092301,0.022332,0.005898,0.011016,0.011645,102.915232,12.742768,2.298334,-138.057019,55.499098,22.614446,-245.008214,0.009717,1.622625,0.428547,22.066298,2.71123,0.801425,0.562358,0.047635,3.917108,52.531348,3.134545,0.480414,0.003152
AEE,2025-09-30,0.520193,0.305669,0.237125,0.491293,0.042608,0.050078,0.013498,0.023206,0.020197,44.221389,10.485991,2.21453,246.101642,37.878344,18.609368,436.753773,0.022613,1.573083,0.423992,15.1546,4.331731,0.930481,0.64385,0.056922,3.399244,119.214644,1.725,0.366432,0.002594
AEE,2025-12-31,0.503928,0.20202,0.141414,0.493827,-0.044893,0.018805,0.005198,0.010833,0.010097,112.308289,15.88198,2.111909,-353.77111,57.075777,28.185569,-627.833549,0.008904,1.47974,0.409068,22.519318,2.184466,0.65805,0.459944,0.03676,2.679699,-61.98073,3.793651,0.581369,0.003928
AEE,2026-03-31,0.496783,0.244485,0.164062,0.487132,-0.539982,0.026335,0.007162,0.01307,0.013605,79.276439,13.006291,2.087761,-24.086544,47.383664,23.082116,-42.746114,0.012614,1.571555,0.427396,20.085849,3.04902,0.622152,0.444498,0.043654,3.095306,117.920496,1.179272,0.733456,0.003676
AEP,2024-12-31,0.649682,0.23329,0.141409,0.445372,-0.165279,0.024647,0.006443,0.013919,0.012885,98.370254,13.910458,2.424573,-84.16347,57.11402,25.436979,-153.903226,0.010166,1.698449,0.443965,21.497418,2.507563,0.445,0.313168,0.045561,4.269364,-119.281661,2.601114,0.533101,
AEP,2025-03-31,0.602416,0.235036,0.14644,0.405821,-0.125572,0.029282,0.007663,0.014981,0.015352,81.659607,11.958207,2.391142,-95.229862,53.883484,21.867048,-174.139482,0.012246,1.717752,0.449546,20.784438,2.79596,0.41685,0.305758,0.05233,4.880729,-59.419129,1.8125,0.390994,
AEP,2025-06-30,0.620405,0.275015,0.241006,0.463928,-0.40633,0.041043,0.011375,0.018433,0.015633,53.285225,12.842085,2.186986,-31.605073,50.61851,23.483327,-57.793752,0.018767,1.56086,0.432596,19.406695,3.079755,0.552454,0.410712,0.047199,4.483518,-125.039712,0.995922,0.646353,
AEP,2025-09-30,0.603138,0.253128,0.16172,0.416944,0.298433,0.031985,0.008816,0.017154,0.016222,67.209553,10.869108,2.149694,36.420631,47.669467,19.875497,66.59959,0.014879,1.575884,0.434363,18.446768,3.198427,0.686165,0.527557,0.054514,5.265814,-117.523113,2.530658,0.110825,
AEP,2025-12-31,0.615977,0.222057,0.109495,0.405584,-0.127876,0.018691,0.005085,0.012319,0.012189,112.246883,12.290498,2.098005,-96.112529,55.413157,22.474683,-175.753545,0.008909,1.589954,0.432535,22.559143,2.312699,0.454559,0.332732,0.046438,4.558576,-243.052345,3.115464,0.469005,
AEP,2026-03-31,0.5799,0.231063,0.145183,0.395515,-0.380233,0.027477,0.007421,0.015975,0.014014,74.745636,10.851775,2.053813,-28.539836,50.172064,19.843801,-52.188591,0.013379,1.627767,0.439614,21.336833,2.67029,0.525885,0.39368,0.051114,4.499253,-132.910607,1.737986,0.632558,
AEP,2026-06-30,0.624059,0.229017,0.130946,0.415978,-0.231772,0.022226,0.005865,0.013694,0.012615,91.623683,11.997738,2.036463,-51.765203,52.741582,21.939336,-94.659021,0.010914,1.667695,0.440059,23.161589,2.316239,0.503992,0.377605,0.044789,4.300948,-303.850179,2.667602,0.581084,
AES,2024-12-31,0.141796,0.111411,0.189061,0.358879,-0.215733,0.153677,0.011813,0.00991,0.018669,18.893385,3.572011,2.903484,-16.557583,46.615516,16.729336,-77.546626,0.052929,7.963227,0.612117,25.864534,2.013889,0.79699,0.727803,0.062482,1.799514,-81.183977,1.942857,0.583052,
AES,2025-03-31,0.150718,0.124402,0.015721,0.224539,-0.24231,0.013264,0.000946,0.010692,0.008149,230.006428,3.615959,3.050835,-14.922843,75.422061,16.935165,-69.8904,0.004348,8.816609,0.628942,43.870624,0.935673,0.843108,0.776327,0.060187,1.702152,-25.863405,11.847826,0.428571,
AES,2025-06-30,0.158669,0.141506,-0.033275,0.260946,-0.124694,-0.028198,-0.001957,0.0,0.009569,-111.371533,3.705883,3.140486,-29.719932,66.513146,17.35632,-139.191837,-0.008979,8.985159,0.623604,38.820134,1.110795,0.823024,0.738768,0.058815,1.530831,-10.320548,-10.273684,0.46655,
AES,2025-09-30,0.219338,0.20561,0.190689,0.310355,-0.152492,0.16533,0.012583,0.019848,0.016324,16.557583,3.157355,2.737463,-20.70508,47.646436,14.787315,-96.971221,0.060395,7.98163,0.607467,27.972115,1.939655,0.722917,0.658575,0.065987,1.872067,-145.332249,2.029734,0.53954,
AES,2025-12-31,0.187681,0.165431,0.103193,0.160271,-0.015156,0.07876,0.006181,0.0073,0.002218,33.063424,3.411898,2.60406,-225.112674,99.702805,15.979456,-1054.304125,0.030245,7.358356,0.577519,57.374245,0.263014,0.765662,0.693594,0.059902,1.842543,-89.383383,4.65,0.495002,
AES,2026-03-31,0.201258,0.183962,0.153145,0.32327,-0.177673,0.110181,0.00922,0.016517,0.013387,21.725453,3.327137,2.393732,-18.726187,48.202621,15.582482,-87.703175,0.046029,7.013348,0.586891,28.598249,1.685552,0.729639,0.652257,0.060206,1.926105,-115.000396,2.466119,0.555346,
AES,2026-06-30,0.202221,0.184103,0.124489,0.365576,-0.174459,0.0862,0.007854,0.01594,0.017893,24.836375,3.091846,2.140894,-17.722438,39.610147,14.480507,-83.002167,0.040264,6.498786,0.592149,24.234213,2.220109,0.746444,0.6744,0.063092,1.76939,-111.651931,2.455399,0.480129,
AFL,2024-12-31,,,0.345944,,0.060567,0.072879,0.016178,,,30.663125,10.607724,2.234702,175.138933,,11.924749,196.883687,0.032612,0.287302,0.063777,,43.7,,,0.046765,7.057766,,0.175079,,
AFL,2025-03-31,,,0.008398,,0.170576,0.001101,0.000241,,,2011.078091,16.890027,2.214339,99.017427,,18.987045,111.311151,0.000497,0.29429,0.064453,,3.9,,,0.028713,3.862416,,20.310345,,
AFL,2025-06-30,,,0.14201,,0.094595,0.022022,0.004802,,,97.364382,13.826758,2.144164,146.168583,,15.543449,164.31646,0.010271,0.328419,0.071615,,16.807692,,,0.033815,4.831615,,0.66611,,
AFL,2025-09-30,,,0.341957,,0.261214,0.057132,0.013401,,,35.583444,12.168008,2.03295,46.58248,,13.678754,52.366028,0.028103,0.30274,0.07101,,35.982456,,,0.039189,5.625587,,0.76388,,
AFL,2025-12-31,,,0.281946,,0.064404,0.046762,0.01184,,,42.292433,11.9242,1.977662,185.146872,,13.404675,208.134183,0.023645,0.285148,0.072199,,26.770492,,,0.041994,5.857485,,0.228426,,
AFL,2026-03-31,,,0.231171,,0.219601,0.034011,0.008763,,,57.233822,13.230777,1.946573,60.24924,,14.873473,67.729615,0.017472,0.263943,0.068008,,21.416667,,,0.037908,4.654699,,0.949951,,
AFL,2026-06-30,,,0.19671,,0.026705,0.027217,0.007114,,,70.692442,13.905881,1.924032,520.725577,,15.632396,585.37739,0.014146,0.287972,0.075275,,16.546875,,,0.036167,4.686034,,0.135758,,
AIG,2024-12-31,,,0.125192,,0.017426,0.021119,0.005567,,,43.863635,5.491363,0.926355,315.116356,,5.303435,304.332341,0.022798,0.209826,0.055306,,15.183486,,,0.044464,0.685559,,0.139198,,
AIG,2025-03-31,,,0.103041,,-0.008267,0.016847,0.004312,,,56.432012,5.814813,0.950726,-703.384722,,5.615817,-679.313262,0.01772,0.211267,0.054076,,11.434783,,,0.04185,0.579767,,-0.080229,,
AIG,2025-06-30,,,0.162477,,0.197557,0.027566,0.006893,,,34.43142,5.594311,0.949123,28.31743,,5.402861,27.348341,0.029043,0.223079,0.055781,,16.44,,,0.042423,0.541074,,1.215909,,
AIG,2025-09-30,,,0.081068,,0.209778,0.012632,0.003176,,,75.895076,6.152694,0.958733,29.329519,,5.942134,28.325795,0.013176,0.224973,0.056562,,8.212121,,,0.039176,0.568359,,2.587669,,
AIG,2025-12-31,,,0.112094,,0.096996,0.017866,0.004558,,,53.591217,6.007251,0.957475,61.933246,,5.801669,59.813746,0.01866,0.223413,0.056997,,7.295238,,,0.040663,0.628005,,0.865306,,
AIG,2026-03-31,,,0.115326,,0.023428,0.018884,0.004723,,,51.624567,5.95368,0.974868,254.126093,,5.749931,245.429307,0.019371,0.226606,0.056678,,10.87,,,0.040955,0.568678,,0.203145,,
AIG,2026-06-30,,,0.133785,,0.242168,0.023346,0.005799,,,41.550152,5.558784,0.970042,22.95428,,5.36855,22.168731,0.024067,0.22477,0.055835,,13.64,,,0.043349,0.555286,,1.810127,,
AIZ,2024-12-31,,,0.064835,,0.011208,0.039419,0.005748,,,69.153737,4.483589,2.725958,400.018597,,4.539696,405.024338,0.014461,0.407915,0.059482,,10.328358,,,0.088656,0.324977,,0.510681,0.021902,0.007343
AIZ,2025-03-31,,,0.04769,,0.11028,0.028008,0.00419,,,94.956666,4.528512,2.659556,41.063856,,4.585181,41.57772,0.010531,0.398093,0.059554,,7.854478,,,0.087858,0.333982,,2.676671,0.017372,0.004912
AIZ,2025-06-30,,,0.0745,,0.065096,0.042793,0.006623,,,59.161271,4.4075,2.531717,67.707428,,4.462654,68.554703,0.016903,0.379085,0.058673,,11.82397,,,0.088904,0.341084,,1.128347,0.018965,0.007092
AIZ,2025-09-30,,,0.082191,,0.13681,0.046123,0.007423,,,52.412075,4.307797,2.417409,31.487553,,4.361704,31.881581,0.01908,0.383155,0.061662,,12.870968,,,0.090311,0.360264,,1.901355,0.019465,0.007179
AIZ,2025-12-31,,,0.067216,,0.182575,0.038354,0.006206,,,61.814597,4.154921,2.370844,22.757311,,4.206915,23.042091,0.016177,0.37586,0.060814,,11.017668,,,0.092324,0.399142,,2.979574,0.017699,0.007462
AIZ,2026-03-31,,,0.080144,,0.056314,0.0467,0.007663,,,50.786746,4.070246,2.371733,72.277503,,4.12118,73.181968,0.01969,0.376103,0.061716,,12.858657,,,0.095618,0.399204,,0.876687,0.013947,0.005146
AIZ,2026-06-30,,,0.086445,,0.118464,0.048968,0.008276,,,46.619716,4.030064,2.282859,34.019177,,4.080495,34.444885,0.02145,0.362108,0.061198,,14.271127,,,0.095734,0.413256,,1.521768,0.013086,0.007469
AJG,2024-12-31,0.414433,0.174411,0.095103,0.243262,0.256149,0.012816,0.00402,0.01102,0.012793,237.663716,22.602554,3.045973,88.239957,112.197258,27.293346,106.552721,0.004208,0.669098,0.209867,,,1.507621,,0.042269,0.697125,,2.862176,0.016053,0.003608
AJG,2025-03-31,0.480547,0.280655,0.188892,0.34505,0.226456,0.031541,0.009501,0.023992,0.02782,87.199628,16.471301,2.75037,72.735234,57.642868,19.889651,87.830247,0.011468,0.600978,0.181035,,6.525316,1.442896,,0.0503,0.824521,,1.238636,0.007513,0.003756
AJG,2025-06-30,0.426754,0.194289,0.114215,0.267225,-0.14401,0.015984,0.004593,0.01356,0.01679,166.816679,19.052929,2.666389,-132.302883,86.096084,23.007054,-159.76019,0.005995,0.577555,0.165959,,3.993671,1.35963,,0.040213,0.679862,,-1.152174,0.012415,0.003414
AJG,2025-09-30,0.414101,0.159437,0.081026,0.232945,0.205491,0.011751,0.003449,0.011654,0.013253,225.113817,18.239998,2.645396,88.763068,94.551949,22.025412,107.184396,0.004442,0.58974,0.173084,14.934949,3.157338,1.055145,,0.042566,0.620238,,2.673267,0.011112,0.003655
AJG,2025-12-31,0.379555,0.095943,0.041646,0.193677,0.196626,0.006479,0.002138,0.008222,0.008945,406.27755,16.919833,2.632329,86.050656,105.491288,20.431268,103.909067,0.002461,0.578234,0.19083,16.470756,2.116625,1.05649,,0.051344,0.701101,,4.983455,0.010915,0.003225
AJG,2026-03-31,0.462379,0.25599,0.172762,0.323665,0.193569,0.034574,0.010498,0.026225,0.030976,74.68192,12.902173,2.582063,66.654221,48.135538,15.579808,80.487218,0.01339,0.56244,0.170777,7.441558,7.601266,1.062992,,0.060766,0.798322,,1.164234,0.007566,0.003573
AJG,2026-06-30,0.405946,0.14689,0.080939,0.234824,-0.010242,0.013661,0.00396,0.012329,0.015064,189.470796,15.335633,2.588377,-1497.281411,78.860349,18.518293,-1808.017758,0.005278,0.594763,0.172428,13.003191,3.464286,1.052788,,0.048932,0.658822,,0.030864,0.01274,0.005996
AKAM,2024-12-31,0.593744,0.156552,0.13717,0.33202,0.177392,0.028679,0.013493,0.016772,0.020621,107.367569,14.727606,3.079164,83.022953,62.027107,20.594231,116.094487,0.009314,0.950034,0.446977,8.941956,13.566285,1.232759,,0.098366,2.004093,,2.457296,0.159675,0.097109
AKAM,2025-03-31,0.587303,0.152727,0.121334,0.348873,0.054369,0.026866,0.012339,0.013543,0.022614,121.954517,14.797244,3.276488,272.163715,59.309792,20.691609,380.577971,0.0082,1.007463,0.462702,6.919818,26.68637,1.177752,,0.101695,1.837316,,2.039441,0.193085,0.110308
AKAM,2025-06-30,0.591243,0.149342,0.099299,0.319674,0.225558,0.023194,0.009835,0.012403,0.016376,144.967668,14.395157,3.362335,63.820314,62.968359,20.129353,89.24263,0.006898,1.179878,0.500289,9.744872,25.589416,2.309805,,0.09904,1.861663,,4.43117,0.214454,0.108075
AKAM,2025-09-30,0.592718,0.157426,0.132909,0.336939,0.234031,0.029622,0.012939,0.015211,0.018084,107.164584,14.243156,3.174437,60.860154,59.111006,19.916804,85.103313,0.009331,1.105481,0.482871,8.93544,32.155991,2.280545,,0.097351,1.928219,,3.152115,0.184914,0.109444
AKAM,2025-12-31,0.586724,0.13822,0.077698,0.274593,0.147856,0.017092,0.007411,0.01364,0.011239,176.571137,13.719148,3.01791,92.787402,69.863662,19.184062,129.748528,0.005663,1.140238,0.494387,10.560689,8.302298,2.36345,,0.095379,1.894593,,4.309103,0.186951,0.10889
AKAM,2026-03-31,0.561015,0.106107,0.099029,0.292477,0.112388,0.021659,0.009129,0.011011,0.012277,141.284811,13.991356,3.060052,124.491425,66.893178,19.564702,174.081595,0.007078,1.195338,0.503849,11.099227,15.7751,2.057009,,0.092189,1.614199,,2.939343,0.178693,0.119858
AKAM,2026-06-30,0.558116,0.076292,0.072206,0.264827,0.091402,0.016722,0.005268,0.00541,0.00864,189.175102,13.65964,3.163358,149.44594,72.125632,19.100849,208.976544,0.005286,1.966716,0.619566,20.886085,18.666372,1.636652,,0.072955,1.482369,,4.108937,0.205289,0.133029
ALB,2024-12-31,0.112212,-0.014455,0.061129,0.231008,-0.28826,0.007558,0.004533,-0.001365,0.008293,173.826805,10.625805,1.31385,-36.861834,56.052595,12.948618,-44.919875,0.005753,0.362965,0.217685,8.167455,2.716373,1.953894,1.189816,0.074156,1.659541,406.410436,0.008952,0.288808,0.00625
ALB,2025-03-31,0.14514,0.017363,0.038396,0.178074,0.338555,0.004123,0.002432,0.001304,0.001993,316.531432,12.153564,1.305109,35.898387,83.169407,14.810347,43.745817,0.003159,0.363023,0.214155,10.536965,0.612757,2.112372,1.260505,0.063349,1.605428,520.125024,13.234183,0.169586,0.006469
ALB,2025-06-30,0.148028,0.039079,0.017216,0.157669,-0.096734,0.002236,0.001324,0.00447,0.00267,571.600718,9.840617,1.278054,-101.728978,76.056544,11.991787,-123.967053,0.001749,0.363022,0.214987,8.660952,0.820361,2.310608,1.469015,0.076914,1.735301,462.282832,-0.394244,0.089946,0.007596
ALB,2025-09-30,0.089928,-0.025723,-0.122871,-0.018125,0.170846,-0.016076,-0.009371,-0.002577,-0.012426,-81.446362,10.00738,1.309303,58.575272,-672.839236,12.195005,71.379896,-0.012278,0.373649,0.217808,-71.49152,-3.69291,2.272959,1.50816,0.076266,1.783054,397.736356,-2.212914,0.101056,0.008396
ALB,2025-12-31,0.138606,0.021185,-0.290035,-0.04447,0.163232,-0.043445,-0.025295,0.002883,-0.015588,-31.599723,9.165026,1.372856,56.147326,-251.149239,11.168512,68.421198,-0.031646,0.345801,0.201332,-24.810091,-3.932671,2.229166,1.573303,0.087212,2.40611,230.549328,-0.937964,0.108811,0.008559
ALB,2026-03-31,0.350637,0.248045,0.223339,0.31155,0.173278,0.032394,0.021077,0.034159,0.021183,41.01633,9.160536,1.328702,52.866047,35.830665,11.16304,64.422628,0.024381,0.191045,0.124299,1.779341,8.674738,2.0681,1.213393,0.094371,2.733289,296.091067,1.085095,0.069065,0.005517
ALB,2026-06-30,0.338609,0.264027,0.275314,0.360448,0.366122,0.046711,0.030176,0.036535,0.033722,27.268874,7.507511,1.273745,20.505466,25.381351,9.148662,24.987985,0.036672,0.182652,0.117999,0.390048,15.281755,2.085665,1.353518,0.109607,2.887212,211.547226,1.479287,0.041146,0.003888
ALGN,2024-12-31,0.700289,0.177943,0.104306,0.216255,0.264381,0.026949,0.016704,0.033901,0.042401,101.016243,10.536568,2.722283,39.853727,44.16132,9.550102,36.122498,0.009899,0.030965,0.019193,,,1.222968,1.098196,0.160142,0.999532,543.332924,2.755864,0.023071,0.039035
ALGN,2025-03-31,0.694511,0.138143,0.095204,0.17812,0.027967,0.024571,0.015277,0.023668,0.032899,112.476597,10.708261,2.763712,382.889442,54.489832,9.705721,347.042151,0.008891,0.031241,0.019423,,,1.206475,1.082631,0.160461,0.922113,543.688673,0.565011,0.025825,0.04595
ALGN,2025-06-30,0.69941,0.161028,0.123076,0.201105,0.105853,0.031846,0.020036,0.029922,0.0386,84.15345,10.357256,2.679986,97.845435,46.679879,9.387577,88.684844,0.011883,0.031441,0.019781,,,1.2268,1.104649,0.162797,0.907042,557.501981,1.032438,0.021215,0.047615
ALGN,2025-09-30,0.641967,0.128679,0.056999,0.184637,0.16969,0.014341,0.009104,0.019395,0.030026,184.768966,10.531563,2.649729,62.063537,51.698977,9.545566,56.252957,0.005412,0.030644,0.019455,,,1.288654,1.172628,0.159731,0.905692,508.067132,3.325287,0.019846,0.048586
ALGN,2025-12-31,0.652551,0.151662,0.129596,0.249026,0.178759,0.033528,0.021778,0.030164,0.036831,77.240668,10.010103,2.589729,55.997742,36.433639,9.072926,50.755061,0.012947,0.028264,0.018359,,,1.362782,1.244896,0.168048,0.950809,489.072106,1.643908,0.034285,0.042277
ALGN,2026-03-31,0.708197,0.165935,0.108425,0.220304,0.115622,0.027178,0.01786,0.031504,0.03915,92.986611,10.082035,2.527147,87.198193,41.479667,9.138123,79.03443,0.010754,0.027966,0.018378,,,1.393303,1.280522,0.164723,0.924428,504.547969,1.339369,0.029598,0.039347
ALGN,2026-06-30,0.717133,0.182473,0.102532,0.220469,0.148734,0.025587,0.016875,0.033164,0.042743,96.830786,9.928302,2.477569,66.751923,40.816478,8.998784,60.502402,0.010327,0.028551,0.01883,,,1.395291,1.284089,0.164578,0.919714,521.964281,1.779942,0.033768,0.043136
ALL,2024-12-31,,,0.117978,,0.101273,0.089917,0.017273,,,32.765302,3.865592,2.946157,38.170092,,4.095857,40.443807,0.03052,0.377064,0.072435,,25.247525,,,0.146411,0.836421,,0.884336,0.00306,
ALL,2025-03-31,,,0.036586,,0.115108,0.026978,0.005167,,,106.170592,3.88437,2.864271,33.745461,,4.115754,35.75561,0.009419,0.366629,0.070215,,8.19,,,0.14122,0.769154,,3.30084,0.005657,
ALL,2025-06-30,,,0.127463,,0.11326,0.087805,0.018198,,,29.953296,3.817932,2.630064,33.709446,,4.045358,35.71745,0.033385,0.336692,0.069779,,28.03,,,0.142768,0.791069,,0.888099,,
ALL,2025-09-30,,,0.219565,,0.189672,0.136193,0.031112,,,16.863722,3.702685,2.296728,19.521478,,3.923246,20.684333,0.059299,0.294092,0.067183,,48.712871,,,0.1417,0.802342,,0.876668,0.002813,
ALL,2025-12-31,,,0.222804,,0.168614,0.125188,0.031998,,,16.485256,3.672975,2.063754,21.783277,,3.891767,23.080863,0.06066,0.244691,0.062543,,51.153061,,,0.143615,0.861026,,0.78001,0.005175,
ALL,2026-03-31,,,0.146678,,0.210256,0.077736,0.019819,,,25.710827,3.771208,1.998655,17.936258,,3.995851,19.004685,0.038894,0.237004,0.060425,,32.714286,,,0.135119,0.834629,,1.449735,0.002388,
ALL,2026-06-30,,,0.178392,,0.141307,0.097068,0.026219,,,19.312596,3.445217,1.874637,24.381128,,3.650442,25.833463,0.05178,0.222328,0.060053,,44.145833,,,0.146975,0.928687,,0.805258,0.002345,
ALLE,2024-12-31,0.440673,0.19522,0.15239,0.229695,0.206113,0.096022,0.032109,0.046826,0.049461,89.863994,13.694376,8.628908,66.44126,68.375238,15.70548,76.198572,0.011128,1.332378,0.445541,6.88628,7.440476,2.040895,1.433922,0.210705,2.257341,275.563097,1.519778,0.025486,
ALLE,2025-03-31,0.448561,0.208515,0.157342,0.244081,0.088544,0.092227,0.032471,0.046098,0.051366,87.377879,13.74817,8.058623,155.268604,64.598094,15.767175,178.070764,0.011445,1.242766,0.437545,6.53545,8.093117,2.173855,1.514128,0.206371,2.016053,317.588022,0.705128,0.022402,
ALLE,2025-06-30,0.456458,0.214971,0.156262,0.25137,0.187867,0.089393,0.032494,0.045432,0.053747,81.085796,12.670647,7.248476,67.4448,57.808882,14.531411,77.349488,0.012333,1.157123,0.420607,5.490074,9.146341,2.302814,1.644612,0.207943,2.140762,306.184068,1.313087,0.017319,
ALLE,2025-09-30,0.457671,0.218464,0.176042,0.254345,0.196038,0.096784,0.036055,0.052266,0.053128,68.733554,12.099983,6.652318,61.722601,54.559521,13.87694,70.786948,0.014549,1.072485,0.399537,6.557678,8.853383,1.770881,1.10863,0.204811,2.136128,338.528442,1.218153,0.018408,
ALLE,2025-12-31,0.444735,0.202865,0.14276,0.235772,0.194057,0.071339,0.028237,0.041533,0.046774,87.792553,12.533296,6.263011,64.585544,60.965114,14.373889,74.070333,0.01139,0.95768,0.379061,6.666256,8.326693,1.842468,1.155414,0.197791,2.360521,329.078691,1.627797,0.038328,
ALLE,2026-03-31,0.439725,0.188951,0.133611,0.223781,0.07769,0.065724,0.025997,0.038061,0.042857,93.768295,12.528446,6.16286,161.262785,64.207098,14.368326,184.945227,0.010665,0.966448,0.382278,7.444012,8.086777,1.908018,1.187718,0.194575,2.017568,348.252458,0.733526,0.020317,
ALLE,2026-06-30,0.449414,0.22119,0.160313,0.250456,0.156752,0.087133,0.034435,0.049716,0.055133,70.148438,11.245681,6.112245,71.741837,51.494805,12.897179,82.277572,0.014255,0.958699,0.37888,5.930999,10.189516,1.929757,1.2326,0.2148,2.057352,328.939319,1.074756,0.015545,
AMAT,2025-01-31,0.487859,0.303517,0.165364,0.319286,0.075914,0.063624,0.035545,0.048878,0.085267,297.729633,49.233829,18.942798,648.547087,153.375264,48.9705,645.078317,0.003359,0.353718,0.197612,,34.109375,2.675026,1.963935,0.21495,1.194732,679.856728,0.780591,0.053168,0.027212
AMAT,2025-04-30,0.490845,0.305493,0.300986,0.351127,0.149437,0.112705,0.063541,0.079145,0.093228,165.095749,49.691495,18.607121,332.525556,140.763179,49.425719,330.747035,0.006057,0.351775,0.198323,0.036903,35.147059,2.464732,1.757379,0.211108,1.147567,707.094513,0.735143,0.071831,0.022394
AMAT,2025-07-31,0.487812,0.305807,0.243632,0.375514,0.280745,0.091212,0.052001,0.060152,0.099856,198.319064,48.316847,18.08909,172.102251,127.980527,48.058423,171.181758,0.005042,0.346749,0.197685,0.320569,39.833333,2.501332,1.764683,0.21344,1.265073,682.603841,1.480607,0.079978,0.021638
AMAT,2025-10-31,0.480147,0.278382,0.278971,0.360588,0.300441,0.092922,0.05226,0.058733,0.082615,185.982928,51.883767,17.281882,172.691931,143.116886,51.606265,171.768284,0.005377,0.345334,0.19422,,32.929577,2.610451,1.870984,0.187333,1.311475,684.820279,1.490775,0.115441,0.022941
AMAT,2026-01-31,0.489875,0.298916,0.288933,0.359954,0.148317,0.093291,0.05382,0.064524,0.080191,174.140975,50.315119,16.245781,339.240015,139.034312,50.046007,337.425581,0.005742,0.331077,0.191,,34.73913,2.714949,1.941442,0.186271,1.408881,674.683123,0.832182,0.092128,0.029521
AMAT,2026-04-30,0.498989,0.318963,0.354741,0.433502,0.026549,0.117362,0.069652,0.072296,0.10528,125.734004,44.602986,14.756352,1680.045787,102.339634,44.364425,1671.060022,0.007953,0.303986,0.18041,0.044911,47.73913,2.508446,1.803512,0.196346,1.241368,675.884997,0.30114,0.080278,0.021365
AMAT,2026-07-31,0.503127,0.337356,0.278442,0.353922,0.255623,0.09904,0.058315,0.083453,0.092718,139.010881,38.706486,13.767643,151.420436,108.779481,38.499463,150.61056,0.007194,0.286662,0.168788,,18.303571,2.422999,1.789225,0.209434,1.185151,644.609216,1.196612,0.077564,0.018541
AMCR,2024-12-31,0.19315,0.10182,0.050293,0.132984,0.10182,0.043076,0.010084,0.022802,0.024861,118.84838,5.977256,5.119526,58.703897,77.474533,10.302846,101.186436,0.008414,1.955338,0.457717,15.071926,3.765432,1.258661,0.713113,0.200495,1.825915,164.446567,2.625767,0.030238,0.004011
AMCR,2025-03-31,0.19622,0.10351,0.058806,0.136214,0.0,0.050896,0.010864,0.022673,0.022834,98.838194,5.812267,5.030456,,73.549612,10.018459,,0.010118,2.400415,0.51236,14.872247,3.788235,1.701015,1.15736,0.184736,1.692737,188.786824,0.596939,0.035104,0.0036
AMCR,2025-06-30,0.176112,0.063558,-0.007674,0.082645,0.175915,-0.003325,-0.001052,0.01091,0.003225,-496.725281,3.811941,1.651798,21.669224,79.503628,6.570548,37.350698,-0.002013,1.279673,0.404899,31.597619,0.673611,1.207099,0.710319,0.137107,1.483363,244.406257,-28.564103,0.04329,0.008658
AMCR,2025-09-30,0.195648,0.093299,0.045605,0.146388,-0.064578,0.022359,0.007053,0.016992,0.01647,73.940023,3.372025,1.653208,-52.216404,39.704547,5.812276,-90.004107,0.013524,1.343233,0.423722,16.64566,2.839286,1.042028,0.617715,0.154656,1.674927,255.122917,-0.507634,0.041427,0.001741
AMCR,2025-12-31,0.190677,0.0824,0.032483,0.132134,0.051753,0.015211,0.004778,0.016487,0.011389,109.447943,3.5552,1.664858,68.696049,46.377116,6.12801,118.409659,0.009137,1.376676,0.432408,19.556944,2.053254,1.301003,0.771815,0.147087,1.723822,247.825019,2.841808,0.040558,0.004037
AMCR,2026-03-31,0.201217,0.089618,0.047007,0.14491,-0.007102,0.023861,0.007397,0.017281,0.0156,69.684482,3.275666,1.662714,-461.244904,38.963272,5.646183,-795.036282,0.01435,1.433868,0.444521,16.646441,2.823529,1.442748,0.949207,0.157363,1.683461,245.63504,0.669065,0.038553,0.003551
AMCR,2026-06-30,0.208972,0.106596,0.0608,0.159269,0.212566,0.032994,0.010487,0.021146,0.02205,49.800221,3.027866,1.643112,14.244328,32.768914,5.219057,24.552591,0.02008,1.260729,0.400701,12.656526,3.869822,1.254338,0.760457,0.172476,1.758175,182.431667,4.100257,0.03673,0.004689
AMD,2024-12-31,0.506921,0.138026,0.062941,0.221207,0.142465,0.008373,0.006963,0.009425,0.014658,1896.041867,119.338232,15.875003,837.664693,534.272259,118.18454,829.566642,0.000527,0.038424,0.031953,,47.789474,2.616262,1.828732,0.110623,1.236757,611.021792,2.695021,0.027161,0.044267
AMD,2025-03-31,0.502286,0.108362,0.095321,0.213364,0.097741,0.012249,0.009909,0.011054,0.013235,1288.98756,122.867999,15.789157,1257.07315,570.294396,121.680184,1244.920504,0.000776,0.081737,0.066122,,42.25,2.803453,1.970531,0.103955,1.366526,682.187139,1.324401,0.028502,0.048938
AMD,2025-06-30,0.398048,-0.017437,0.113468,0.093819,0.224984,0.014615,0.011655,-0.0,-0.000554,1048.041491,118.918956,15.317057,528.566906,1255.280453,117.769318,523.457031,0.000954,0.06513,0.051938,,-0.947368,2.491009,1.812659,0.102713,1.502444,526.747528,2.306193,0.036695,0.048016
AMD,2025-09-30,0.51698,0.137357,0.134437,0.227774,0.205602,0.020447,0.016166,0.017532,0.020739,735.231038,98.841897,15.033594,480.742862,429.75176,97.886352,476.095322,0.00136,0.063662,0.050331,,36.540541,2.307692,1.68265,0.120248,1.49105,557.814565,1.736927,0.027904,0.045317
AMD,2025-12-31,0.543038,0.170594,0.147128,0.278578,0.231548,0.023985,0.019642,0.020653,0.031273,604.826062,88.98658,14.506455,384.311262,316.342959,88.12631,380.595966,0.001653,0.061064,0.050009,,58.611111,2.850026,2.012374,0.133505,1.626287,612.614755,1.720715,0.021616,0.047322
AMD,2026-03-31,0.528236,0.143958,0.134887,0.233883,0.250268,0.021455,0.017365,0.018571,0.023736,660.804179,89.134125,14.177223,356.154396,377.421687,88.272428,352.711304,0.001513,0.060051,0.048605,,44.351351,2.724919,1.959166,0.128739,1.698923,595.764057,2.136659,0.03794,0.047498
AMD,2026-06-30,0.537708,0.172503,0.199116,0.290655,0.135055,0.034169,0.027195,0.025457,0.035754,397.863378,79.220889,13.594731,586.580347,269.924607,78.455028,580.909632,0.002513,0.063608,0.050625,,69.945946,2.609221,1.908286,0.136579,1.584398,443.156933,1.030039,0.070042,0.043603
AME,2024-12-31,0.366002,0.266224,0.219832,0.31916,0.282862,0.040108,0.026468,0.034829,0.037211,140.686008,30.927327,5.642665,109.336997,100.131334,31.957923,112.980448,0.007108,0.221066,0.145884,3.033835,21.197955,1.240374,0.753516,0.120401,1.856604,359.471919,1.420287,0.029362,0.007355
AME,2025-03-31,0.360861,0.262608,0.203097,0.32309,0.227761,0.035282,0.023644,0.03096,0.035093,154.883873,31.45644,5.464587,138.111422,100.605703,32.504667,142.713727,0.006456,0.193679,0.129795,2.737695,23.862212,1.406733,0.861767,0.116419,1.737991,386.443727,1.187023,0.01332,0.005464
AME,2025-06-30,0.357632,0.259624,0.20155,0.318734,0.185495,0.034496,0.023474,0.030342,0.034261,152.027507,30.641128,5.244332,165.185985,99.337318,31.662186,170.690499,0.006578,0.186934,0.127206,2.333197,27.230587,1.633365,1.039017,0.116467,1.741541,388.929552,1.002015,0.016461,0.007226
AME,2025-09-30,0.362528,0.258042,0.196242,0.303046,0.221887,0.035283,0.022952,0.031169,0.034767,146.686307,28.786041,5.175481,129.733021,98.154395,29.745282,134.056131,0.006817,0.234088,0.152279,3.530561,20.897175,1.155386,0.720231,0.116958,1.666106,391.835865,1.186984,0.01105,0.006824
AME,2025-12-31,0.360487,0.252937,0.199455,0.301499,0.263838,0.037502,0.024808,0.032922,0.037571,136.682149,27.261976,5.125857,103.328373,93.434429,28.17043,106.771598,0.007316,0.220575,0.145912,3.029484,21.70699,1.062295,0.673093,0.124378,1.785513,343.923295,1.465787,0.028521,0.006274
AME,2026-03-31,0.372094,0.267022,0.207088,0.321182,0.220929,0.036574,0.024486,0.031851,0.037916,136.423404,28.251709,4.989483,127.876769,90.892879,29.193145,132.138023,0.00733,0.199422,0.133514,2.738709,24.577407,1.138372,0.723509,0.11824,1.67116,376.411772,1.130607,0.013207,0.005034
AME,2026-06-30,0.359539,0.258361,0.19903,0.307379,0.220937,0.036134,0.02452,0.032827,0.037491,133.895741,26.649247,4.838184,120.619199,89.587495,27.537284,124.638608,0.007468,0.18082,0.1227,2.451811,17.35733,1.213723,0.764094,0.123196,1.746606,361.800739,1.188741,0.015658,0.006795
AMGN,2024-12-31,0.657495,0.254347,0.069007,0.322034,0.484262,0.106687,0.006827,0.028085,0.022243,332.527469,22.946811,35.476386,47.385164,86.059373,27.714035,57.229483,0.003007,10.226136,0.654395,16.44771,2.046854,1.256764,0.953808,0.098934,1.339723,869.439921,7.60925,0.040832,0.014748
AMGN,2025-03-31,0.635784,0.144558,0.212296,0.501043,0.12026,0.278718,0.019358,0.016244,0.040627,120.517181,25.585314,33.590257,212.749717,61.672723,30.90069,256.9487,0.008298,9.244563,0.642083,11.89591,3.728907,1.170419,0.877955,0.091186,1.002091,895.874339,0.804046,0.050436,0.010431
AMGN,2025-06-30,0.671969,0.289356,0.156008,0.392526,0.208193,0.192784,0.016292,0.03812,0.03355,145.596874,22.714318,28.068756,109.102419,69.888905,27.433242,131.768564,0.006868,7.566505,0.63943,13.37108,3.259366,1.305626,0.984128,0.104429,1.054936,779.119351,1.592179,0.0402,0.017104
AMGN,2025-09-30,0.677514,0.264309,0.336507,0.618709,0.444491,0.334338,0.035677,0.032268,0.067388,64.830449,21.815917,21.675301,49.080679,42.585782,26.348198,59.277243,0.015425,5.674914,0.605573,7.634365,6.724088,1.279657,0.988436,0.106023,1.125677,739.700247,1.456468,0.045621,0.013289
AMGN,2025-12-31,0.698358,0.275694,0.13511,0.334381,0.097405,0.153962,0.014715,0.037856,0.033289,156.410145,21.13265,24.081165,216.956007,76.329108,25.522981,262.028852,0.006393,6.306768,0.602786,13.78448,3.31853,1.139982,0.895759,0.108913,1.03093,827.224663,1.202551,0.065072,0.01267
AMGN,2026-03-31,0.681597,0.309353,0.21107,0.447552,0.171385,0.197933,0.019664,0.034986,0.040578,114.620518,24.192936,22.68713,141.16095,65.286421,29.219045,170.487289,0.008724,6.237541,0.619681,11.74099,4.171994,1.26127,1.013384,0.093164,0.943095,819.46354,1.203408,0.082618,0.008703
AMGN,2026-06-30,0.72041,0.349513,0.236224,0.452855,0.347026,0.2032,0.024833,0.043702,0.049061,87.787252,20.73749,17.838358,59.757731,55.306331,25.045726,72.172464,0.011391,4.902806,0.59917,9.513508,5.112927,1.370912,1.12701,0.105124,0.983084,806.917369,1.685053,0.051024,0.016411
AMP,2024-12-31,,,0.237947,,0.072206,0.204858,0.005904,,,44.894883,10.682608,9.197096,147.945907,,9.350238,129.493603,0.022274,1.046672,0.030165,,18.558442,,,0.024812,0.311014,,0.35761,0.012886,0.01222
AMP,2025-03-31,,,0.1339,,0.378962,0.107446,0.003256,,,82.474133,11.043275,8.861485,29.14086,,9.665921,25.506316,0.012125,1.138408,0.034497,,9.5875,,,0.024316,0.295547,,2.891938,0.008268,0.011254
AMP,2025-06-30,,,0.242286,,0.394514,0.174285,0.005733,,,45.360773,10.990267,7.905692,27.857717,,9.619525,24.38321,0.022045,0.987504,0.032482,,17.47561,,,0.023661,0.297964,,1.664151,0.008686,0.010514
AMP,2025-09-30,,,0.190357,,0.450845,0.141286,0.004798,,,52.721951,10.035988,7.448864,22.260379,,8.784267,19.483991,0.018967,0.911696,0.03096,,14.97619,,,0.025204,0.319528,,2.416667,0.009184,0.010436
AMP,2025-12-31,,,0.203226,,0.529234,0.153917,0.00528,,,47.700813,9.694036,7.341948,18.317112,,8.484964,16.032541,0.020964,0.895098,0.030707,,17.15,,,0.025982,0.33244,,2.647817,0.008871,0.012298
AMP,2026-03-31,,,0.19015,,0.08936,0.147296,0.004961,,,52.549093,9.99219,7.740248,111.819581,,8.745931,97.873072,0.01903,0.93593,0.031521,,15.3,,,0.026089,0.31775,,0.501639,0.006027,0.008105
AMP,2026-06-30,,,0.225304,,0.576721,0.174835,0.005625,,,43.200736,9.733283,7.553003,16.876946,,8.519316,14.771998,0.023148,1.026076,0.033011,,18.166667,,,0.024966,0.30902,,2.592992,0.00749,0.010121
AMT,2024-12-31,0.743131,0.457921,0.48265,0.835217,0.296593,0.36355,0.020132,0.027565,0.030127,65.930163,31.821216,23.968934,107.289212,61.480367,51.349476,173.131187,0.015168,12.995713,0.719646,16.214964,5.065068,0.449262,,0.041711,4.717778,,0.975114,0.174046,0.016447
AMT,2025-03-31,0.752419,0.489348,0.19069,0.560052,0.376112,0.138254,0.007875,0.025067,0.016916,165.884446,31.632484,22.934177,84.103879,91.143263,51.044922,135.71732,0.006028,12.556184,0.715223,24.216958,2.898248,0.554587,,0.041298,3.750622,,2.649887,0.129195,0.020837
AMT,2025-06-30,0.737828,0.455937,0.139632,0.51951,0.371883,0.098793,0.005753,0.021614,0.014759,221.013438,30.860607,21.834661,82.984675,95.858376,49.799355,133.911276,0.004525,12.177656,0.709177,25.945995,2.49387,0.614196,,0.041203,3.402279,,3.49373,0.115954,0.018006
AMT,2025-09-30,0.738426,0.453853,0.314013,0.669758,0.365975,0.215878,0.013356,0.028762,0.022404,95.004956,29.832829,20.509457,81.516067,71.877981,48.140842,131.541403,0.010526,11.387457,0.704525,19.389121,3.736963,0.589872,,0.042533,3.68711,,1.711004,0.171303,0.015419
AMT,2025-12-31,0.739142,0.454466,0.299799,0.66674,0.309881,0.224695,0.012988,0.026397,0.023265,98.778761,29.613782,22.195135,95.564929,71.6732,47.78737,154.211865,0.010124,12.310445,0.711562,19.584429,3.801684,0.396569,,0.043321,4.209596,,1.739369,0.21158,0.011543
AMT,2026-03-31,0.743087,0.452676,0.313973,0.688073,0.347434,0.243996,0.013592,0.02618,0.025514,94.319638,29.613782,23.013606,85.235757,69.451011,47.78737,137.543818,0.010602,12.8119,0.713711,18.959811,3.931471,0.304175,,0.043291,3.807901,,1.629552,0.164201,0.021333
AMT,2026-06-30,0.730348,0.461533,0.315558,0.683205,0.424102,0.233218,0.013705,0.027272,0.025056,93.449832,29.488825,21.794158,69.532317,69.65069,47.585728,112.203384,0.010701,12.092346,0.710582,18.862262,3.847109,0.351998,,0.04343,4.223537,,1.71389,0.116729,0.01244
AMZN,2024-12-31,0.473391,0.112907,0.106522,0.20528,0.094796,0.069951,0.032012,0.056106,0.05145,136.802423,14.572483,9.56952,153.724057,74.325359,15.257533,160.950599,0.00731,0.45774,0.209476,,40.208772,1.063735,0.873054,0.300518,3.38663,-114.224637,2.281344,0.148217,0.026599
AMZN,2025-03-31,0.505509,0.118233,0.110023,0.234359,-0.051417,0.055995,0.026625,0.040473,0.047572,159.782546,17.579806,8.947012,-341.903506,78.538528,18.40623,-357.976333,0.006259,0.435631,0.207141,,41.072089,1.048101,0.844526,0.241999,2.871237,-125.976835,0.993461,0.160721,0.023698
AMZN,2025-06-30,0.518139,0.114316,0.108311,0.218244,0.00198,0.05442,0.026627,0.043458,0.043156,150.660409,16.318205,8.198923,8242.758027,78.285316,17.085321,8630.248707,0.006637,0.401285,0.196343,,41.420543,1.024069,0.805661,0.245836,2.920874,-134.574103,1.790079,0.191906,0.038962
AMZN,2025-09-30,0.507851,0.096698,0.117595,0.252563,0.002387,0.057319,0.029106,0.031278,0.053889,129.163905,15.189048,7.403588,6364.175965,62.966829,15.903083,6663.354816,0.007742,0.366363,0.186035,,53.360595,1.008556,0.795979,0.247512,2.945141,-141.730412,1.676736,0.194789,0.026903
AMZN,2025-12-31,0.484694,0.117051,0.099313,0.21911,0.07,0.051554,0.025906,0.042654,0.045471,129.133431,12.824626,6.657331,183.20919,61.282057,13.42751,191.821823,0.007744,0.372172,0.187016,,40.182622,1.050815,0.875017,0.26085,3.150585,-161.598837,2.56979,0.185214,0.020606
AMZN,2026-03-31,0.518161,0.131402,0.166677,0.328225,-0.100105,0.068464,0.033007,0.032314,0.058059,90.451022,15.076084,6.192598,-150.60237,48.091485,15.784808,-157.682162,0.011056,0.474952,0.228978,0.289666,50.7925,1.177153,1.008604,0.198029,2.403207,-216.257832,0.86042,0.243517,0.022213
ANET,2024-12-31,0.637677,0.414234,0.41493,0.422205,0.527607,0.080141,0.057035,0.072093,0.070692,313.953617,130.268805,25.160643,246.90513,292.172509,123.356735,233.804329,0.003185,,,,,4.359454,3.68798,0.137457,1.692623,974.142762,1.287101,0.00645,0.052182
ANET,2025-03-31,0.636522,0.428372,0.405926,0.435255,0.305916,0.080422,0.056068,0.072321,0.07538,309.013998,125.436747,24.851577,410.036835,272.899704,118.781066,388.280257,0.003236,,,,,3.932695,3.305677,0.138123,1.396198,1046.923165,0.788523,0.014166,0.046389
ANET,2025-06-30,0.652485,0.447297,0.40312,0.453102,0.533427,0.081529,0.053755,0.074435,0.079005,282.938334,114.058233,23.067769,213.821606,238.370652,108.006296,202.476219,0.003534,,,,,3.333045,2.824801,0.133348,1.35797,990.58988,1.350248,0.010885,0.038643
ANET,2025-09-30,0.645583,0.423775,0.369536,0.433826,0.536369,0.071638,0.047261,0.06506,0.073097,294.81312,108.944068,21.119802,203.114119,237.799362,103.163489,192.336872,0.003392,,,,,3.253932,2.79199,0.127892,1.549819,982.688411,1.486753,0.01304,0.055409
ANET,2025-12-31,0.628588,0.415186,0.384195,0.424351,0.492363,0.077264,0.049145,0.070166,0.073401,263.104824,101.083524,20.328652,205.302956,225.568136,95.720026,194.409569,0.003801,,,,,3.047894,2.629945,0.127917,1.318459,907.055904,1.320255,0.014873,0.053501
ANET,2026-03-31,0.618974,0.42739,0.377593,0.435991,0.60502,0.075843,0.047233,0.069066,0.076694,245.845724,92.829676,18.645639,153.432331,201.619068,87.904127,145.291203,0.004068,,,,,2.828722,2.465923,0.125089,1.408151,885.667168,1.655587,0.020118,0.044629
ANET,2026-06-30,0.629278,0.453932,0.399545,0.46164,0.346971,0.081965,0.051134,0.075084,0.08153,207.334151,82.839408,16.994235,238.750205,169.924562,78.443944,226.082105,0.004823,,,,,2.957204,2.585372,0.12798,1.339555,870.087356,0.892901,0.009784,0.039661
AON,2024-12-31,0.488787,0.27972,0.172655,0.320473,0.276103,0.116974,0.014623,0.041302,0.042241,87.587663,15.122442,10.24551,54.770975,58.39109,18.712746,67.774462,0.011417,2.923052,0.365404,11.987208,5.325243,1.019004,,0.084693,1.090455,,1.675978,0.013263,0.027249
AON,2025-03-31,0.524424,0.332206,0.20406,0.359695,0.017763,0.137778,0.019183,0.050097,0.053984,64.987323,13.261317,8.95385,746.580553,45.621258,16.409761,923.830467,0.015388,2.642776,0.367963,9.798942,7.067961,1.046329,,0.094008,1.023593,,0.145078,0.011842,0.031085
AON,2025-06-30,0.43201,0.229362,0.13935,0.279904,0.176173,0.073824,0.01072,0.032042,0.033971,108.312205,15.093325,7.996018,85.673178,66.725502,18.676717,106.013332,0.009233,2.317736,0.336567,13.99828,4.316038,1.027627,,0.07693,0.847095,,1.374784,0.015403,0.02864
AON,2025-09-30,0.434826,0.212159,0.114586,0.260946,0.269952,0.05769,0.00887,0.026997,0.030263,136.927438,15.689959,7.899328,58.121192,74.402454,19.415001,71.920073,0.007303,2.219171,0.341189,15.047939,3.898058,1.058399,,0.077406,0.934752,,2.50655,0.017263,0.02652
AON,2025-12-31,0.507674,0.31093,0.393721,0.612326,0.307674,0.181031,0.033337,0.041923,0.087089,37.04239,14.584364,6.705813,47.40194,29.472753,18.046921,58.655903,0.026996,1.718456,0.316458,5.337638,12.565445,1.109705,,0.084672,1.02162,,0.825162,0.017209,0.013953
AON,2026-03-31,0.524632,0.358959,0.240763,0.383393,0.07211,0.123246,0.023566,0.05885,0.064406,51.743207,12.45784,6.377137,172.762442,40.208165,15.415526,213.778951,0.019326,1.57352,0.300881,6.987047,9.675978,1.066267,,0.097883,0.989192,,0.354785,0.013309,0.016289
AON,2026-06-30,0.465144,0.238106,0.129769,0.265191,0.113754,0.057408,0.010329,0.032118,0.03457,113.816273,14.769846,6.533941,129.840096,68.918081,18.276439,160.666168,0.008786,1.653886,0.297561,12.349023,5.044693,1.032616,,0.079592,0.793942,,1.009074,0.017193,0.028733
AOS,2024-12-31,0.370561,0.171087,0.120232,0.182815,0.209667,0.058243,0.033858,0.056829,0.062959,70.556004,8.483114,4.109367,40.459977,49.375859,9.026626,43.052239,0.014173,0.115052,0.066883,,61.458333,1.552497,0.959429,0.281605,1.68526,180.611247,2.022789,0.033538,0.002411
AOS,2025-03-31,0.389459,0.189646,0.141716,0.212366,0.018052,0.073635,0.041803,0.064889,0.077129,56.661739,8.029872,4.172278,444.827218,40.233968,8.544344,473.327198,0.017649,0.159021,0.090278,0.472887,63.448276,1.612175,1.008389,0.294978,1.502572,237.706941,0.283309,0.022098,0.006328
AOS,2025-06-30,0.392663,0.2035,0.150499,0.224167,0.121131,0.082453,0.046878,0.072289,0.085784,50.854097,7.653509,4.193073,63.183621,36.329481,8.143868,67.231782,0.019664,0.179641,0.102134,0.553595,44.826087,1.647094,1.031079,0.311486,1.579416,229.612419,0.917214,0.016909,0.002472
AOS,2025-09-30,0.386737,0.186313,0.140053,0.209019,0.255279,0.071564,0.041631,0.066453,0.075662,58.636315,8.212195,4.196256,32.169549,41.806565,8.738348,34.230645,0.017054,0.120033,0.069827,0.16802,48.722222,1.543812,0.948739,0.297253,1.60017,219.196817,1.934848,0.015703,0.002865
AOS,2025-12-31,0.384,0.179507,0.137425,0.203068,0.18137,0.067492,0.039901,0.063536,0.071482,61.722437,8.482185,4.165766,46.767333,44.446267,9.025636,49.763705,0.016202,0.103391,0.061124,,67.916667,1.497391,0.941681,0.290346,1.567062,216.816104,1.460128,0.019288,0.00274
AOS,2026-03-31,0.386739,0.171108,0.124788,0.196383,0.12574,0.062836,0.032326,0.049491,0.058365,65.593166,8.185272,4.121622,65.096666,44.350529,8.709701,69.267395,0.015245,0.349593,0.179848,2.318794,22.788732,1.558365,1.00205,0.259047,1.491247,210.458199,1.09661,0.011104,0.00698
AOS,2026-06-30,0.38614,0.189286,0.124365,0.189884,0.11391,0.06781,0.034271,0.06061,0.059903,61.969524,7.706854,4.202179,67.657287,43.187694,8.200631,71.992074,0.016137,0.367392,0.185677,2.392239,20.506173,1.593782,1.040037,0.275566,1.499403,217.972018,0.995997,0.009957,0.002688
APA,2024-12-31,0.405236,0.306416,0.130531,0.45944,0.126106,0.067045,0.018257,0.062376,0.036082,44.407548,5.79656,2.977324,45.965707,16.115788,7.40423,58.714244,0.022519,1.167045,0.317793,4.349117,6.376344,1.151946,1.008122,0.139866,1.38438,82.853122,2.926554,0.2559,
APA,2025-03-31,0.382398,0.293247,0.131639,0.566388,0.116085,0.063834,0.018725,0.039196,0.0539,45.303377,5.963684,2.891882,51.373437,13.449612,7.617705,65.621802,0.022073,1.010118,0.296314,3.550569,9.770115,0.885187,0.741398,0.142248,1.446762,93.328712,3.158501,0.299697,
APA,2025-06-30,0.400826,0.308081,0.27686,0.747475,0.235996,0.102117,0.033355,0.041513,0.072076,26.070103,7.217756,2.662197,30.584187,12.334319,9.219592,39.066676,0.038358,0.789839,0.257993,2.72973,15.685714,0.804501,0.668776,0.120478,1.44334,60.456556,1.958541,0.306244,
APA,2025-09-30,0.416076,0.31773,0.096927,0.537116,0.350355,0.034367,0.011583,0.034975,0.03768,76.684253,7.432753,2.635419,21.214942,17.676295,9.494218,27.098882,0.01304,0.769656,0.259393,3.53257,9.516667,0.775246,0.633399,0.119498,2.085799,9.782381,7.121951,0.339953,
APA,2025-12-31,0.430437,0.321447,0.140131,0.560522,0.109493,0.04579,0.015709,0.040923,0.036208,56.34506,7.895666,2.580054,72.111339,17.993075,10.085521,92.111337,0.017748,0.753323,0.258431,3.56362,9.016393,0.824971,0.688448,0.1121,1.874765,27.318976,2.896057,0.296334,
APA,2026-03-31,0.535453,0.432746,0.191663,0.618393,0.003438,0.069083,0.02467,0.060607,0.056839,35.247246,6.755596,2.434986,1965.033984,13.954323,8.629253,2510.03392,0.028371,0.702602,0.250899,2.863794,15.821429,0.918908,0.784825,0.128713,1.598214,71.710138,1.242152,0.234637,
APA,2026-06-30,0.653603,0.556679,0.314791,0.772861,0.478298,0.106395,0.041562,0.079477,0.085443,21.044541,6.62464,2.239036,13.85046,10.948894,8.461977,17.691869,0.047518,0.55277,0.215935,1.7988,25.09434,0.945991,0.791857,0.132031,1.941899,28.550412,2.283802,0.240624,
APD,2024-12-31,0.312127,0.229746,0.210609,0.409313,-0.445472,0.036987,0.015428,0.017766,0.023662,102.498824,21.587165,3.791136,-48.459127,69.394597,28.404085,-63.761832,0.009756,0.906142,0.377977,10.52171,19.556338,1.112758,0.959101,0.073256,1.621943,-188.507278,1.314707,0.722361,0.005594
APD,2025-03-31,0.295693,0.21648,-0.593444,-0.623243,-0.536109,-0.117701,-0.044519,0.015999,-0.065388,-36.566956,21.700423,4.303955,-40.47766,-45.813797,28.553109,-53.259931,-0.027347,1.12187,0.424339,-7.904539,-52.158768,0.995586,0.847868,0.075019,1.579826,-240.641565,-0.189587,0.648618,0.013134
APD,2025-06-30,0.325074,0.255533,0.236146,0.447679,-0.211731,0.04594,0.017134,0.019078,0.025805,88.65617,20.935843,4.072906,-98.879334,61.533089,27.547086,-130.104026,0.01128,1.180434,0.440264,11.358336,15.508143,1.291621,1.124023,0.072558,1.555287,-225.194061,1.198935,0.494856,0.003639
APD,2025-09-30,0.322524,0.256339,0.001547,0.19006,-0.080994,0.000326,0.000119,0.002066,0.005133,12914.85184,19.982562,4.21186,-246.716468,138.339552,26.292771,-324.626029,7.7e-05,1.225046,0.448281,26.320651,2.789086,1.380979,1.196914,0.07713,1.665737,106.755589,257.387755,0.479238,0.003379
APD,2025-12-31,0.320709,0.243836,0.218598,0.411281,-0.112973,0.044007,0.016445,0.018661,0.023986,93.3099,20.397349,4.106258,-180.549997,65.255938,26.838542,-237.565125,0.010717,1.176981,0.439828,12.935266,16.611009,1.458933,1.233626,0.075229,1.63729,-166.265369,1.328074,0.403288,0.003417
APD,2026-03-31,0.311306,0.23731,0.223974,0.412384,-0.00123,0.045393,0.017059,0.018484,0.024468,89.080481,19.951691,4.043654,-16226.352312,63.659462,26.252152,-21350.404201,0.011226,1.173036,0.440822,12.849235,18.848485,1.42675,1.20818,0.076163,1.636889,-126.075286,1.553632,0.349202,0.005013
APD,2026-06-30,0.327744,0.256343,-0.455805,-0.475451,0.097912,-0.103776,-0.035623,0.018851,-0.052642,-43.92197,20.019859,4.55803,204.467767,-55.403937,26.341846,269.035788,-0.022768,1.307805,0.448931,-11.1032,-38.224696,1.084847,0.920574,0.078154,1.680043,-259.905947,-0.905886,0.314995,0.00386
APH,2024-12-31,0.342929,0.223656,0.172819,0.259623,0.149914,0.076205,0.034804,0.047833,0.056302,256.279463,44.290087,19.529793,295.43602,182.656944,47.421936,316.326949,0.003902,0.703237,0.321177,3.183854,14.606876,2.371811,1.748445,0.201388,1.313239,371.378958,1.135218,0.046274,0.006855
APH,2025-03-31,0.341717,0.222158,0.153357,0.265163,0.119788,0.071623,0.032215,0.047289,0.056763,259.197256,39.749685,18.564413,331.833655,160.506729,42.560473,355.298341,0.003858,0.695734,0.312936,4.318962,13.586928,1.989371,1.356306,0.210068,1.227202,385.476332,1.036731,0.039202,0.005529
APH,2025-06-30,0.363397,0.253225,0.19314,0.289967,0.198166,0.094737,0.042515,0.059664,0.071221,175.236631,33.845236,16.601333,170.79194,124.97463,36.238507,182.869013,0.005707,0.699904,0.314098,2.963501,17.663782,2.016077,1.456301,0.220127,1.322976,353.428913,1.298268,0.052581,0.00554
APH,2025-09-30,0.380876,0.274813,0.201101,0.314687,0.195919,0.099494,0.045894,0.063246,0.081365,153.516686,30.872358,15.274054,157.577238,105.042032,33.05541,168.71987,0.006514,0.644322,0.297207,2.189401,21.333333,2.069537,1.51804,0.228214,1.363264,347.466598,1.180702,0.041521,0.005957
APH,2025-12-31,0.382218,0.274903,0.185665,0.314878,0.228063,0.089129,0.032991,0.044747,0.060423,159.962974,29.699602,14.257385,130.22522,100.990596,31.799726,139.433731,0.006251,1.155736,0.427796,2.156054,13.712413,2.979244,2.475789,0.177692,1.365034,337.403244,1.440569,0.039401,0.006305
APH,2026-03-31,0.367475,0.255732,0.122439,0.307004,0.108909,0.066753,0.022144,0.034131,0.0559,204.968634,25.096224,13.682369,230.432264,87.526047,26.870833,246.726634,0.004879,1.34143,0.444985,6.24985,8.915825,1.714119,1.25875,0.180855,1.297502,349.866058,1.202036,0.038267,0.004488
APO,2024-12-31,0.945296,0.363808,0.28128,0.399773,-0.000757,0.08613,0.003932,0.070071,0.016771,50.03721,14.074445,4.309702,-18588.823552,42.849094,17.129905,-22624.321536,0.019985,0.61369,0.028018,,19.73913,0.800045,,0.01398,,,-0.002692,,0.045997
APO,2025-03-31,0.941325,0.275918,0.079554,0.282577,0.182145,0.024588,0.001119,0.044831,0.011486,168.224648,13.382882,4.136365,73.473611,57.641584,16.288208,89.424196,0.005944,0.588618,0.026784,,15.580247,0.799753,,0.014064,,,2.289593,,0.026818
APO,2025-06-30,0.95157,0.212504,0.092457,0.184326,0.185207,0.032607,0.001502,0.047988,0.00802,118.024277,10.912136,3.848419,58.918617,72.051979,13.281081,71.709418,0.008473,0.628539,0.028945,,11.696203,0.799196,,0.016241,,,2.003175,,0.024362
APO,2025-09-30,0.961722,0.322916,0.176728,0.345414,0.030846,0.075031,0.003862,0.078346,0.023897,42.831391,7.56951,3.213696,245.397011,26.671761,9.212795,298.670911,0.023347,0.545922,0.028097,,31.840426,0.800467,,0.021851,,,0.174539,,0.021175
APO,2025-12-31,0.958333,0.213402,0.069343,0.229015,0.473337,0.029305,0.001484,0.039474,0.014475,108.70657,7.538047,3.185609,15.925315,40.060773,9.174502,19.382584,0.009199,0.572555,0.028992,,16.103448,0.784448,,0.021399,,,6.826023,,0.026967
APO,2026-03-31,0.918331,0.15701,-0.376903,0.161163,0.320348,-0.095534,-0.004077,0.0,0.003282,-39.011172,14.70344,3.726896,45.89833,111.039615,17.895449,55.862522,-0.025634,0.712746,0.030415,,3.096296,0.780539,,0.010816,,,-0.849948,,0.045877
APO,2026-06-30,0.960997,0.255537,0.12203,0.273738,0.258316,0.064791,0.002755,0.071871,0.019849,54.632839,6.666842,3.539717,25.808849,29.642085,8.114165,31.411762,0.018304,0.65348,0.027785,,17.136364,0.775721,,0.022575,,,2.116826,,0.022057
APP,2024-12-31,0.766567,0.442883,0.43649,0.536984,0.520489,0.54982,0.102092,0.132204,0.126631,172.711677,75.386882,94.960377,144.838643,140.477442,75.434102,144.929366,0.00579,3.261655,0.605632,3.814576,6.468466,2.186526,,0.233893,1.069697,,1.16989,,0.068353
APP,2025-03-31,0.869126,0.724763,0.497353,0.800174,0.717628,1.001734,0.101007,0.17848,0.197207,179.538717,89.294089,179.850106,124.429523,111.663223,89.350021,124.507463,0.00557,6.447391,0.650107,3.406302,16.024316,1.679885,,0.20309,0.734545,,1.442895,,0.052875
APP,2025-06-30,0.876802,0.760817,0.651065,0.780507,0.613484,0.702178,0.137517,0.178746,0.19225,126.278967,82.215848,88.670323,134.01456,105.402478,82.267346,134.098504,0.007919,3.008206,0.589137,2.359725,18.195511,2.735835,,0.211218,0.795834,,0.942278,,0.028397
APP,2025-09-30,0.875552,0.767952,0.594675,0.788215,0.749743,0.566886,0.131726,0.177112,0.203491,123.858712,73.655668,70.213803,98.241282,93.504742,73.701804,98.302818,0.008074,2.382738,0.553673,1.666008,20.851562,3.249892,,0.22151,0.875989,,1.26076,,
APP,2025-12-31,0.889303,0.769171,0.664841,0.80665,0.775307,0.516365,0.151836,0.198579,0.220163,93.887724,62.4204,48.480317,80.510533,77.430761,62.459499,80.560963,0.010651,1.660556,0.488283,0.76709,25.436615,3.321961,,0.228379,0.911276,,1.191845,,
APP,2026-03-31,0.889478,0.781532,0.654354,0.822944,0.700911,0.5101,0.156417,0.206345,0.238611,85.839758,56.169548,43.786872,80.137904,68.297168,56.204731,80.1881,0.01165,1.486798,0.45591,0.498176,28.979593,3.243866,,0.23904,0.940974,,1.071151,,0.045251
APP,2026-06-30,0.882621,0.776778,0.658391,0.826146,0.451758,0.400421,0.153165,0.188239,0.221902,81.710559,53.797516,32.718623,119.084884,65.159463,53.831213,119.159476,0.012238,1.111304,0.425084,0.290557,30.430096,4.300237,,0.232635,0.886076,,0.686154,,0.044503
APTV,2024-12-31,0.196046,0.111473,0.054616,0.14245,0.182189,0.030468,0.011425,0.026015,0.024772,33.771405,1.844454,1.028961,10.123866,19.991039,2.847715,15.630578,0.029611,1.010459,0.37889,9.69814,4.242991,1.525239,1.073085,0.209182,1.504753,191.677504,3.955224,0.033829,0.00591
APTV,2025-03-31,0.190674,0.100518,-0.00228,0.143005,0.015751,-0.001228,-0.000476,0.0,0.02447,-822.79424,1.8758,1.010014,119.08864,20.251792,2.896111,183.864953,-0.001215,0.941748,0.365293,9.836232,4.817204,1.614101,1.107426,0.208856,1.359538,225.383946,-24.818182,0.040829,0.006632
APTV,2025-06-30,0.228509,0.110034,0.122851,0.163489,0.137543,0.040557,0.016415,0.019041,0.020114,23.029864,2.829239,0.934029,20.569856,26.718425,4.368158,31.758492,0.043422,0.861507,0.348676,12.126195,4.195652,1.762366,1.241423,0.133615,0.86064,340.691175,1.29771,0.021882,0.010003
APTV,2025-09-30,0.195318,0.102264,-0.068112,0.0401,0.069455,-0.038246,-0.015108,0.031516,-0.008221,-25.495033,1.736519,0.975085,25.002035,66.859983,2.68107,38.601482,-0.039223,0.880198,0.347704,28.660287,-1.7,1.793245,1.261617,0.221816,1.403717,213.637479,-1.64507,0.042594,0.009401
APTV,2025-12-31,0.186881,0.089462,0.026781,0.134097,0.126334,0.014989,0.005894,0.012278,0.023999,65.585048,1.756401,0.983028,13.902821,20.222484,2.711767,21.465033,0.015247,0.879114,0.345705,8.248915,5.068966,1.736152,1.227715,0.220091,1.482025,194.365834,5.927536,0.032408,0.005046
APTV,2026-03-31,0.180889,0.086512,0.037161,0.12269,-0.071176,0.02047,0.007499,0.016948,0.018576,47.887495,1.779539,0.98026,-25.002035,22.393808,2.74749,-38.601482,0.020882,1.070725,0.392255,9.899038,4.202247,2.114816,1.573091,0.201801,1.339126,232.438647,-0.756614,0.043059,0.004719
APTV,2026-06-30,0.236714,0.119426,0.075748,0.171655,0.010079,0.028333,0.013781,0.023779,0.028493,36.494906,2.764428,1.034015,274.264747,24.8643,4.268093,423.446559,0.027401,0.649377,0.315848,8.172598,6.903226,2.017815,1.332773,0.181929,1.345111,290.048563,0.370968,0.018021,0.007941
ARE,2024-12-31,0.684989,0.209603,-0.081553,0.48434,0.359225,-0.00348,-0.001659,0.005309,0.001112,-147.364104,12.017937,0.512754,33.455196,69.267099,33.548825,93.392275,-0.006786,0.712811,0.339791,31.628655,0.710828,0.40026,,0.020338,119.090186,,-4.40482,,0.016347
ARE,2025-03-31,0.695368,0.193821,-0.012028,0.580752,0.279812,-0.000512,-0.000238,0.004714,0.002518,-1026.141476,12.342555,0.525214,44.110232,59.32833,34.455017,123.136476,-0.000975,0.770828,0.358034,29.227071,1.759926,0.419249,,0.019765,108.098182,,-23.263117,,0.013542
ARE,2025-06-30,0.695593,0.186625,-0.145131,0.460111,0.624243,-0.00623,-0.002844,0.004516,-0.000199,-85.724366,12.441259,0.534064,19.930164,75.483027,34.730553,55.636302,-0.011665,0.795187,0.363004,37.654556,-0.124656,0.29392,,0.019596,117.644647,,-4.301237,,0.016995
ARE,2025-09-30,0.674887,0.172809,-0.316307,0.26804,0.589086,-0.013988,-0.006228,0.004206,-0.004218,-39.409328,12.465436,0.551266,21.160656,129.824055,34.798046,59.071296,-0.025375,0.838709,0.373391,65.981875,-2.606888,0.271836,,0.019688,114.814948,,-1.862387,,0.013988
ARE,2025-12-31,0.680955,0.200647,-1.482942,-0.83364,0.428577,-0.069869,-0.031714,0.005247,-0.029144,-8.486345,12.584759,0.592931,29.364035,-42.141854,35.131144,81.971545,-0.117836,0.824889,0.374425,-19.504874,-14.155983,0.430579,,0.021386,109.243405,,-0.289005,,0.011294
ARE,2026-03-31,0.656757,0.135901,0.553822,1.176702,0.301103,0.022985,0.010585,0.003141,0.014833,25.363204,14.046701,0.582981,46.65086,33.323842,39.212247,130.228798,0.039427,0.818516,0.376927,15.748625,7.168354,0.285328,,0.019112,88.700489,,0.543681,,0.016894
ARE,2026-06-30,0.677654,0.14712,-0.113156,0.512674,0.523885,-0.004679,-0.002102,0.003336,0.000828,-126.027763,14.260784,0.589732,27.221216,77.651444,39.809871,75.989729,-0.007935,0.846586,0.380218,37.428849,0.394346,0.21854,,0.018573,83.959013,,-4.629762,,0.015774
ARES,2024-12-31,0.632198,0.220993,0.14084,0.513456,0.634086,0.050038,0.007126,0.016691,0.031453,231.64085,32.624272,11.590848,51.450887,73.16721,37.56811,59.247685,0.004317,3.710294,0.528364,15.114555,2.621769,2.809921,,0.050594,7.449378,,4.554656,0.007392,
ARES,2025-03-31,0.396471,0.068403,0.043323,0.303236,1.811369,0.01059,0.001735,0.004163,0.015114,870.762362,37.723799,9.22157,20.826122,143.256063,43.440412,23.982084,0.001148,2.998553,0.491354,32.913922,1.745732,0.5785,,0.040056,,,42.276934,0.020183,
ARES,2025-06-30,0.523224,0.15743,0.101518,0.352671,0.290923,0.031423,0.005027,0.010671,0.021563,299.673583,30.422197,9.416656,104.571381,99.334325,35.032336,120.417987,0.003337,3.088412,0.494082,23.632167,2.516481,0.56109,,0.049519,,,3.032941,0.016975,
ARES,2025-09-30,0.60194,0.21079,0.174274,0.515972,0.801899,0.064569,0.010687,0.019217,0.040287,142.182139,24.778696,9.18051,30.900004,55.300767,28.533626,35.582548,0.007033,2.84448,0.470783,12.334955,4.212873,1.545305,,0.061321,,,4.641144,0.006933,
ARES,2025-12-31,0.598015,0.170293,0.036047,0.260976,-0.331898,0.012688,0.001895,0.01504,0.018574,757.149768,27.293034,9.60688,-82.233079,120.428718,31.428984,-94.694569,0.001321,3.326486,0.496703,30.819464,2.110391,1.184369,,0.052558,7.998985,,-8.916237,0.010494,
ARES,2026-03-31,0.504161,0.163253,0.102109,0.359832,0.279907,0.035422,0.005022,0.011534,0.02425,288.057709,29.41335,10.203583,105.082637,94.12902,33.870609,121.006719,0.003472,3.514598,0.49825,23.840788,2.650767,0.98102,,0.049179,,,2.850956,0.011202,
ARES,2026-06-30,0.517951,0.174038,0.105442,0.379594,-0.269139,0.037962,0.005084,0.012169,0.025101,272.671428,28.750926,10.351085,-106.825474,87.218949,33.107803,-123.013662,0.003667,3.748068,0.501921,22.511219,3.468449,0.952821,,0.048213,,,-2.33309,0.023134,
ATO,2024-12-31,0.624921,0.390715,0.299199,0.565177,-0.518001,0.027531,0.013279,0.017611,0.019118,76.988067,23.034771,2.11955,-44.468559,55.505824,31.370587,-60.560828,0.012989,0.66587,0.321172,11.924521,9.147171,1.556054,1.425796,0.044382,1.870016,,0.801522,0.757816,
ATO,2025-03-31,0.480888,0.32245,0.248949,0.428536,0.042692,0.03696,0.017997,0.023396,0.025332,55.78708,13.888152,2.061877,325.30974,44.136261,18.913992,443.032737,0.017925,0.647472,0.315283,9.526656,13.058564,1.327719,1.246573,0.072293,2.95247,,1.900706,0.430487,
ATO,2025-06-30,0.67102,0.300518,0.222264,0.545979,-0.441784,0.013927,0.006727,0.009102,0.010239,145.303935,32.295788,2.023696,-73.103105,80.558003,43.982979,-99.557636,0.006882,0.672409,0.32479,18.105297,6.552399,1.37288,1.249847,0.030267,2.099386,,2.662531,1.033568,
ATO,2025-09-30,0.675334,0.297615,0.237147,0.577637,-0.834583,0.012899,0.006191,0.007986,0.008938,154.890002,36.731664,1.997868,-44.012015,86.601234,50.024108,-59.939071,0.006456,0.686155,0.329333,20.641649,8.834645,0.772555,0.631773,0.026106,3.451798,-182.628344,1.99052,1.306628,
ATO,2025-12-31,0.608361,0.383413,0.30014,0.544949,-0.540218,0.028213,0.013523,0.017223,0.018941,67.224038,20.17665,1.896595,-37.349067,50.423404,27.47817,-50.864937,0.014876,0.674435,0.323268,12.6645,16.071439,1.130469,1.020223,0.045056,1.836313,,0.76448,0.76967,
ATO,2026-03-31,0.560178,0.389729,0.296524,0.498372,-0.142733,0.039031,0.019154,0.024723,0.026864,46.552524,13.803934,1.81699,-96.71176,37.721386,18.799298,-131.709785,0.021481,0.645882,0.316959,9.71725,16.053847,1.002806,0.894842,0.064595,3.04423,,1.243324,0.511408,
ATO,2026-06-30,0.736792,0.364497,0.276078,0.611959,-0.45438,0.015906,0.007684,0.010023,0.011312,111.619675,30.815756,1.775381,-67.819319,68.578708,41.967353,-92.361756,0.008959,0.676617,0.326854,18.222791,10.150465,0.813741,0.730011,0.027831,1.87251,,2.636786,1.182339,
AVB,2024-12-31,0.619675,0.304733,0.380923,0.751272,0.366987,0.023624,0.013432,0.011273,0.016827,93.173124,35.491768,2.201088,96.711188,63.901904,48.007735,130.81583,0.010733,0.690936,0.392869,14.323026,5.778876,0.357874,,0.035263,,,1.165623,0.077025,0.00693
AVB,2025-03-31,0.639539,0.320897,0.317205,0.689431,0.492408,0.019855,0.011152,0.011838,0.014649,111.089291,35.238099,2.20567,71.562861,69.136131,47.664611,96.799091,0.009002,0.711267,0.399499,16.043665,4.950304,0.222253,,0.035157,,,1.757854,0.065193,0.007591
AVB,2025-06-30,0.635658,0.300577,0.353416,0.744355,0.415057,0.022487,0.012303,0.011088,0.01638,97.829613,34.574541,2.199867,83.300773,62.828958,46.767053,112.676309,0.010222,0.739004,0.404315,15.122726,5.15617,0.205226,,0.034811,,,1.406257,0.081937,0.011125
AVB,2025-09-30,0.617595,0.288434,0.497272,0.886481,0.523679,0.031941,0.017372,0.010703,0.021521,68.929922,34.276904,2.201674,65.45403,52.301699,46.364457,88.536016,0.014507,0.744976,0.405183,12.655128,6.870188,0.301391,,0.034935,,,1.250856,0.098336,0.009323
AVB,2025-12-31,0.63293,0.300496,0.214536,0.609728,0.419098,0.014187,0.007423,0.011019,0.011371,159.551474,34.229586,2.263597,81.674398,75.93629,46.300452,110.476403,0.006268,0.817628,0.427798,19.525096,3.397621,0.228831,,0.0346,,,2.430788,0.102394,0.006759
AVB,2026-03-31,0.625424,0.29414,0.422873,0.821247,0.466021,0.028347,0.014721,0.010866,0.019459,80.690735,34.121913,2.287317,73.219728,56.200914,46.154809,99.040243,0.012393,0.828805,0.430413,14.605039,5.588062,0.182259,,0.034812,,,1.286136,0.077851,0.007399
AVB,2026-06-30,0.632432,0.297998,0.200214,0.591446,0.368396,0.012952,0.006983,0.011007,0.011041,168.786238,33.793359,2.1862,91.730947,77.285786,45.710392,124.079336,0.005925,0.764175,0.411977,19.443353,3.240088,0.141607,,0.034877,,,2.338422,0.099788,0.010324
AVGO,2025-01-31,0.680142,0.431215,0.368933,0.572338,0.403124,0.078852,0.033279,0.047174,0.04405,310.212197,114.44742,24.460842,283.901167,204.116413,116.823667,289.795745,0.003224,0.954004,0.402635,6.706103,7.28866,1.003826,0.912578,0.090204,3.010293,121.480182,1.110849,0.006704,0.085814
AVGO,2025-04-30,0.679619,0.394228,0.330912,0.534524,0.427286,0.071351,0.030159,0.0422,0.040643,343.826328,113.776174,24.532201,266.276356,217.274541,116.138484,271.804994,0.002908,0.96689,0.408686,7.206858,7.612484,1.076904,0.978978,0.091138,2.697106,190.000518,1.320242,0.009597,0.118035
AVGO,2025-07-31,0.67095,0.380767,0.259529,0.519935,0.440321,0.056498,0.024997,0.034605,0.040909,412.342444,107.014651,23.296501,243.03783,210.096674,109.236573,248.083971,0.002425,0.876523,0.387807,6.450567,7.548947,1.496528,1.36602,0.096316,2.456421,200.603862,1.730918,0.008902,0.145562
AVGO,2025-10-31,0.679933,0.424868,0.472828,0.547488,0.414432,0.104783,0.049786,0.052271,0.050007,200.410627,94.759796,20.999578,228.649574,176.674624,96.727273,233.396975,0.00499,0.80126,0.380707,4.963804,10.026281,1.705358,1.582748,0.105294,2.521344,189.708588,0.90432,0.013156,0.121843
AVGO,2026-01-31,0.681322,0.44876,0.38056,0.577339,0.414789,0.09201,0.043254,0.053255,0.05878,232.289797,88.400275,21.372918,213.120814,156.295795,90.235711,217.545795,0.004305,0.827036,0.388792,4.653601,11.230961,1.901774,1.726081,0.113659,2.282624,210.318046,1.123962,0.012946,0.112682
AVGO,2026-04-30,0.694776,0.489431,0.419615,0.589129,0.462523,0.106168,0.051965,0.065401,0.068037,183.361731,76.941349,19.467194,166.351366,133.313581,78.538866,169.805283,0.005454,0.740179,0.362289,3.464081,14.054124,2.237992,2.008536,0.12384,2.048661,285.476866,1.127068,0.010412,0.094289
AVGO,2026-07-31,0.691291,0.542665,0.442297,0.617282,0.461796,0.131287,0.069562,0.086475,0.095948,130.432283,57.689761,17.124062,124.924824,95.398107,58.887561,127.518611,0.007667,0.596038,0.31581,1.940436,20.633676,2.503743,2.286688,0.157275,2.158824,189.970635,1.084734,0.017978,0.06823
AVY,2024-12-31,0.278721,0.12806,0.079608,0.159583,0.124811,0.07525,0.020704,0.03692,0.048831,73.048447,5.815267,5.496877,46.592484,46.218261,7.375637,59.094316,0.01369,1.363231,0.375074,8.09375,9.267123,1.075491,0.733808,0.260072,1.490724,160.89626,2.018391,0.03587,0.002059
AVY,2025-03-31,0.289299,0.127775,0.07741,0.15631,-0.027883,0.076618,0.019905,0.035722,0.047742,76.430726,5.916506,5.855992,-212.194152,48.007532,7.50404,-269.130706,0.013084,1.593688,0.41403,9.717689,8.346278,1.02628,0.681692,0.257137,1.415217,196.926167,-0.098016,0.020295,0.003677
AVY,2025-06-30,0.287818,0.129115,0.085116,0.166764,0.0771,0.085847,0.022058,0.036872,0.052578,67.250951,5.72413,5.773269,74.243164,43.534781,7.260045,94.164307,0.01487,1.612555,0.414346,9.004321,8.514706,1.039744,0.704386,0.259156,1.365201,202.595063,1.104762,0.016933,0.003062
AVY,2025-09-30,0.286617,0.126879,0.075062,0.158926,0.121192,0.075215,0.018755,0.033226,0.044097,76.430726,5.737048,5.748724,47.338658,45.785087,7.276429,60.040705,0.013084,1.710131,0.426429,9.215564,8.051051,1.264289,0.892074,0.249862,1.361039,206.793647,1.876729,0.01968,0.003611
AVY,2025-12-31,0.286501,0.123943,0.073265,0.145518,0.132617,0.074216,0.018905,0.037727,0.03985,76.384794,5.59635,5.668984,42.199302,48.777396,7.097979,53.522342,0.013092,1.664912,0.424111,10.681089,6.586022,1.126884,0.759157,0.258041,1.510207,177.292889,2.264423,0.033286,0.00229
AVY,2026-03-31,0.289232,0.126039,0.073135,0.157842,0.043724,0.073071,0.018722,0.03326,0.044668,75.612312,5.52988,5.525073,126.471937,44.434755,7.013674,160.407257,0.013225,1.647511,0.422126,9.74366,7.752809,1.149945,0.79655,0.255998,1.395483,185.573309,0.812017,0.015662,0.002523
AVY,2026-06-30,0.296155,0.135856,0.08287,0.16444,0.147306,0.087868,0.022155,0.040255,0.051327,62.275501,5.160758,5.472029,35.03426,39.804764,6.545507,44.434755,0.016058,1.58352,0.399271,8.520741,8.874652,1.131614,0.788286,0.267349,1.373237,161.990962,2.0,0.018434,0.002599
AWK,2024-09-30,,,,,,,,,,,20.413657,,,,32.387202,,,,,,,,,,,,,,
AWK,2024-12-31,0.56786,0.333056,0.199001,0.537885,-0.245629,0.023132,0.00728,0.012949,0.014791,113.001125,22.487318,2.613944,-91.550064,66.328589,35.677159,-145.248367,0.008849,1.36566,0.42979,21.575851,3.227941,0.385714,0.353016,0.036582,2.887019,-44.467977,2.67364,0.777685,
AWK,2025-03-31,0.590193,0.324869,0.17951,0.551664,-0.215412,0.019461,0.006183,0.011283,0.013481,131.742775,23.649097,2.563819,-109.785646,68.013124,37.520375,-174.179952,0.007591,1.377065,0.437508,22.725397,2.875,0.487944,0.444217,0.034443,3.005263,17.724958,1.614634,0.505254,
AWK,2025-06-30,0.623824,0.383229,0.226489,0.586207,-0.371473,0.027055,0.008522,0.014643,0.017612,93.450757,21.165571,2.528297,-56.97736,57.283781,33.580148,-90.39719,0.010701,1.410129,0.444166,19.909091,3.490066,0.350539,0.323227,0.037626,3.009434,-28.516817,1.041522,0.607367,
AWK,2025-09-30,0.639559,0.423156,0.261199,0.6051,-0.056513,0.034748,0.010907,0.017978,0.020991,71.259285,18.612866,2.476141,-329.356937,48.802128,29.530164,-522.539857,0.014033,1.409278,0.442356,17.232346,4.126582,0.420938,0.391375,0.041758,3.16122,-19.232322,2.015831,0.583046,
AWK,2025-12-31,0.568843,0.318647,0.187254,0.531078,-0.346184,0.021962,0.006715,0.012811,0.014465,113.47592,21.248835,2.492135,-61.380157,63.478916,33.712249,-97.382428,0.008812,1.468857,0.449128,23.327407,2.740741,0.461555,0.437961,0.035861,3.217722,-63.737229,2.785714,0.867821,
AWK,2026-03-31,0.591549,0.323944,0.162386,0.545982,-0.326429,0.017758,0.005558,0.011097,0.013549,137.792188,22.375533,2.446976,-68.546368,65.020134,35.499808,-108.75195,0.007257,1.422307,0.445157,23.503794,2.588957,0.370083,0.342399,0.034228,3.126943,-0.250264,1.556122,0.579122,
AWK,2026-06-30,0.645018,0.4,0.232472,0.599262,-0.226568,0.027004,0.008641,0.015244,0.017237,85.737361,19.931564,2.31524,-87.97156,52.768803,31.622338,-139.570906,0.011664,1.376597,0.440512,19.454433,3.42515,0.52279,0.48914,0.037171,3.136574,-47.53952,1.911111,0.670849,
AXON,2024-12-31,0.601325,-0.027393,0.235043,0.180946,0.39184,0.058077,0.030211,-0.005238,0.03089,269.076725,63.244691,15.627192,161.404246,360.650891,65.258219,166.542889,0.003716,0.310041,0.161282,2.166282,47.336986,1.36928,1.211154,0.128536,1.050355,655.29918,1.850559,0.043121,0.227574
AXON,2025-03-31,0.605896,-0.014567,0.145751,0.224747,0.001544,0.034423,0.014463,-0.001564,0.024484,413.444737,60.259906,14.231988,39028.828292,276.658963,62.178407,40271.392961,0.002419,0.8008,0.336458,6.735518,14.858969,2.825473,2.616237,0.09923,1.005433,642.268041,0.29318,0.041187,0.232325
AXON,2025-06-30,0.603919,-0.00155,0.054024,0.010411,-0.171504,0.013218,0.005811,-0.0,-0.002073,1007.139795,54.409574,13.312424,-317.249431,5392.66354,56.141817,-327.349732,0.000993,0.750791,0.330068,200.046839,-0.35547,2.951544,2.713706,0.107564,1.064617,605.273552,-2.539081,0.034333,0.208281
AXON,2025-09-30,0.601356,-0.002996,-0.003076,0.090371,0.04697,-0.000722,-0.000328,-0.0,0.008406,-16639.921303,51.185997,12.013828,1089.753077,584.434036,52.81561,1124.447654,-6e-05,0.693299,0.31531,9.110026,1.543131,3.124133,2.888891,0.106745,1.014126,620.843647,-27.453797,0.03748,0.205662
AXON,2025-12-31,0.57899,-0.062905,0.003445,-0.013145,0.195083,0.000847,0.000392,-0.0,-0.006766,13251.318021,45.655544,11.217609,234.031848,-3583.780983,47.109085,241.482743,7.5e-05,0.588919,0.272797,-58.20443,-1.29838,2.525633,2.293132,0.113813,1.024744,576.783553,79.138434,0.077578,0.261817
AXON,2026-03-31,0.59118,0.036221,0.209715,0.321083,-0.067681,0.047908,0.023959,0.004697,0.039065,214.839279,45.054924,10.292503,-665.694301,144.789037,46.489343,-686.888076,0.004655,0.517292,0.258696,4.907189,7.990224,2.271072,1.933399,0.114244,1.196779,562.513013,-0.186147,0.028643,0.166844
AXON,2026-06-30,0.604217,0.051723,0.032538,0.103106,-0.001075,0.008008,0.003933,0.00779,0.009993,1236.105208,40.220379,9.89917,-37422.703671,402.50663,41.500879,-38614.133992,0.000809,0.498968,0.245079,12.162331,2.16309,2.148924,1.800946,0.120889,1.176614,531.082163,0.682265,0.023274,0.159219
AXP,2024-12-31,,,0.126317,,0.307527,0.071702,0.007994,,,96.958307,12.247484,6.952139,39.825767,,13.024013,42.350847,0.010314,1.688111,0.1882,,,,,0.063283,,,2.662673,0.028814,0.006461
AXP,2025-03-31,,,0.152296,,0.255437,0.082815,0.009155,,,81.423966,12.400514,6.743142,48.546268,,13.186746,51.624256,0.012281,1.692039,0.187054,,,,,0.060115,,,1.843653,0.025343,0.009312
AXP,2025-06-30,,,0.16157,,0.209733,0.089288,0.009761,,,72.928779,11.783128,6.5117,56.181449,,12.530215,59.743532,0.013712,1.847513,0.201975,,,,,0.060415,,,1.512652,0.034666,0.007112
AXP,2025-09-30,,,0.157495,,0.302724,0.089521,0.009753,,,72.50156,11.418622,6.490407,37.719528,,12.142599,40.111066,0.013793,1.82722,0.199069,,,,,0.061926,,,2.147829,0.035548,0.006784
AXP,2025-12-31,,,0.129709,,0.123597,0.07355,0.008205,,,85.458784,11.084744,6.285461,89.684368,,11.787552,95.370642,0.011702,1.725488,0.192497,,,,,0.063259,,,1.245735,0.037985,0.007428
AXP,2026-03-31,,,0.157129,,0.140417,0.087395,0.009618,,,70.817747,11.12754,6.189132,79.246526,,11.833062,84.271008,0.014121,1.777967,0.195672,,,,,0.061212,,,1.280377,0.060768,0.010736
AXP,2026-06-30,,,0.158374,,0.227784,0.090723,0.010091,,,67.652581,10.714443,6.137676,47.037676,,11.393773,50.020015,0.014781,1.72255,0.191591,,,,,0.063714,,,1.72701,0.04573,0.007893
AZO,2025-02-28,0.538561,0.178837,0.123462,0.213735,0.073645,-0.109454,0.026933,0.125529,0.07987,,,,,70.357544,15.0379,204.193693,,-2.773972,0.682576,10.360305,6.494707,0.841944,0.130999,0.218147,6.615309,-184.233363,1.196396,0.074064,0.007704
AZO,2025-05-31,0.527183,0.194021,0.136289,0.226432,0.094783,-0.15309,0.032673,0.143099,0.094597,,,,,58.790905,13.312153,140.448551,,-3.066797,0.654532,8.492175,7.783385,0.843662,0.122849,0.239735,7.585782,-135.962073,1.263937,0.077478,0.006501
AZO,2025-08-31,0.515239,0.191594,0.134068,0.224974,0.081875,-0.24513,0.043241,0.17737,0.122717,,,,,42.31547,9.519873,116.273762,,-3.5992,0.634905,6.072108,7.58857,0.876251,0.138212,0.322533,9.315597,-81.418573,1.138365,0.070744,0.006269
AZO,2025-11-30,0.509722,0.169425,0.114683,0.201442,0.135873,-0.164412,0.026992,0.113826,0.079601,,,,,63.738766,12.839644,94.497218,,-3.732131,0.612724,8.939813,7.379364,0.860258,0.132277,0.235367,7.256737,-129.520929,1.778693,0.068112,0.006638
AZO,2026-02-28,0.524873,0.163416,0.109698,0.199831,0.00859,-0.161188,0.02294,0.092339,0.06641,,,,,69.582297,13.904679,1618.639332,,-4.266847,0.607247,10.094369,6.515144,0.890222,0.135874,0.209119,6.120053,-86.575317,0.796462,0.07878,0.008596
AZO,2026-04-30,,,,,,,,,,,,,,,,,,-4.536159,0.603887,,,0.890313,0.137067,,,,,,
AZO,2026-05-31,0.521504,0.190821,0.132513,0.223933,0.094295,,,,,,,,,54.82226,12.276508,130.19239,,,,,8.360539,,,,,,1.250192,0.071372,0.006233
BA,2024-12-31,-0.104251,-0.25082,-0.253576,-0.185606,-0.268862,0.988997,-0.024718,-0.072545,-0.056304,-40.530748,10.277611,-40.084785,-38.226291,-65.655478,12.186022,-45.324389,-0.024673,-13.865916,0.346553,-14.077059,-4.421192,1.318507,0.416655,0.097478,5.609864,1717.246845,0.892626,0.042514,0.006364
BA,2025-03-31,0.123974,0.023646,-0.001898,0.064116,-0.11746,0.011128,-0.000236,0.0,0.014837,-4233.819994,8.03505,-47.113185,-68.406699,148.591477,9.527049,-81.108885,-0.000236,-16.125714,0.34262,34.7808,1.107345,1.231617,0.372248,0.12458,6.084894,1727.863001,43.675676,0.034571,0.006924
BA,2025-06-30,0.107038,-0.011781,-0.026858,0.02677,-0.008792,0.185432,-0.003939,-0.005358,0.00288,-256.385171,6.886076,-47.542137,-783.256699,304.990716,8.164726,-928.69673,-0.0039,-16.183005,0.343753,75.921182,0.209859,1.231437,0.381597,0.146654,7.131348,1427.793428,-0.371522,0.01877,0.005231
BA,2025-09-30,-0.102063,-0.206016,-0.229351,-0.172497,0.010228,0.646909,-0.035575,-0.106304,-0.096469,-29.351947,6.731901,-18.988041,658.198907,-46.272881,7.981923,780.41742,-0.034069,-6.46703,0.355632,-11.753861,-6.491354,1.182029,0.384296,0.15511,7.021726,1058.140422,-0.210418,0.038032,0.003825
BA,2025-12-31,0.075664,-0.034032,0.343244,0.397277,0.015283,1.507151,0.04886,-0.013581,0.149335,19.057341,6.541312,28.722285,428.009125,19.52274,7.755944,507.484552,0.052473,9.980381,0.323553,4.511982,13.623672,1.18817,0.404939,0.142349,8.636134,1222.380381,0.161922,0.040296,0.003466
BA,2026-03-31,0.114597,0.020075,-0.00018,0.054688,-0.065445,-0.000668,-2.4e-05,0.0,0.010837,-39162.834944,7.050967,26.165248,-107.738198,152.87189,8.360235,-127.743704,-2.6e-05,7.885251,0.286485,31.084774,1.042208,1.176168,0.349759,0.134823,6.375036,1421.286912,44.75,0.057388,0.007247
BAC,2024-12-31,,,0.26295,,1.02237,0.022673,0.002044,,,60.568848,15.926594,1.373273,15.578119,,13.789812,13.48809,0.01651,1.111262,0.100166,,,,,0.007772,0.308181,,3.888072,,0.035152
BAC,2025-03-31,,,0.260559,,-0.077318,0.0249,0.002197,,,54.849371,14.291478,1.365755,-184.840372,,12.37407,-160.041373,0.018232,1.169277,0.103187,,,,,0.008433,0.351641,,-0.296739,,0.035367
BAC,2025-06-30,,,0.261269,,-0.332762,0.023932,0.002084,,,56.302841,14.710176,1.347439,-44.206239,,12.736594,-38.275335,0.017761,1.205975,0.104997,,,,,0.007975,0.292059,,-1.27364,,0.036986
BAC,2025-09-30,,,0.301517,,1.668827,0.027845,0.002488,,,47.666947,14.372379,1.327269,8.612266,,12.444117,7.456807,0.020979,1.202307,0.107437,,,,,0.008252,0.281265,,5.534774,,0.036243
BAC,2025-12-31,,,0.241437,,-0.735888,0.024825,0.002207,,,53.625315,12.947125,1.331247,-17.593871,,11.210082,-15.2334,0.018648,1.206636,0.107249,,,,,0.009139,0.317561,,-3.047954,,0.031078
BAC,2026-03-31,,,0.283562,,1.379823,0.02855,0.002455,,,47.028352,13.335471,1.342648,9.664625,,11.546325,8.367976,0.021264,1.275806,0.109718,,,,,0.008659,0.315064,,4.86603,,0.034091
BALL,2024-12-31,0.205208,0.107986,-0.011111,0.077431,0.136458,-0.005459,-0.001815,0.0,0.005633,-497.559616,5.52844,2.716122,40.51376,103.246219,7.994412,58.585005,-0.00201,0.967758,0.321818,21.363229,1.107692,0.998762,0.694038,0.163376,2.289348,-150.074491,-15.625,0.037153,
BALL,2025-03-31,0.195027,0.098482,0.057798,0.144979,-0.240878,0.03254,0.009923,0.019186,0.022662,88.949205,5.141074,2.894366,-21.34304,51.278189,7.434261,-30.863146,0.011242,1.221051,0.37236,13.959911,4.271429,1.040248,0.701342,0.171684,1.973869,-46.99731,-3.715084,0.026154,
BALL,2025-06-30,0.194128,0.106651,0.063511,0.150989,0.070701,0.040722,0.011393,0.022478,0.026144,75.103338,4.769894,3.058376,67.465711,45.682355,6.897516,97.558927,0.013315,1.349789,0.377633,13.355159,4.308642,0.998669,0.669329,0.179385,1.880563,-48.925956,1.566038,0.02876,
BALL,2025-09-30,0.200651,0.115419,0.094999,0.187629,0.076058,0.058942,0.017147,0.02483,0.034289,49.600959,4.712018,2.923597,61.952948,36.31531,6.813823,89.587186,0.020161,1.32354,0.385022,10.473186,5.6,1.10498,0.72143,0.180492,2.071735,-45.170529,1.196262,0.037585,
BALL,2025-12-31,0.193606,0.101285,0.059755,0.142516,0.311025,0.036894,0.010244,0.021586,0.022654,79.609539,4.757068,2.937079,15.29482,48.268148,6.878968,22.117105,0.012561,1.293488,0.359148,12.159329,4.076923,1.114088,0.747221,0.17143,2.373759,-176.074264,6.055,0.050792,
BALL,2026-03-31,0.179295,0.093533,0.056897,0.137386,-0.260339,0.036607,0.010369,0.019096,0.023644,77.667842,4.41907,2.843198,-16.974315,46.512943,6.390205,-24.545743,0.012875,1.394107,0.394891,14.29697,4.307692,1.118726,0.718834,0.182246,2.163964,-27.467729,-3.790244,0.044685,
BALL,2026-06-30,0.174381,0.092319,0.055291,0.130598,0.116838,0.038462,0.01099,0.021805,0.025704,72.044831,3.983465,2.770955,34.094021,44.107101,5.760297,49.301728,0.01388,1.256526,0.359025,12.890805,4.518987,1.069121,0.664523,0.198757,1.920711,-34.71774,2.751131,0.035276,
BAX,2024-12-31,0.348347,-0.000363,-0.185979,-0.06393,0.127497,-0.073521,-0.019859,-4.7e-05,-0.021846,-23.022478,4.281696,1.692635,33.582646,-109.531299,7.002364,54.921677,-0.043436,1.931218,0.521643,-64.556818,-4.21,1.359699,1.045462,0.10678,1.639666,441.931777,-0.953125,0.049764,0.014166
BAX,2025-03-31,0.328,0.022095,0.048,0.12381,-0.12,0.017794,0.005914,0.0,0.004376,93.551657,4.49048,1.664667,-37.420663,59.315411,7.343813,-61.19844,0.010689,1.455868,0.4839,23.938462,0.962963,2.020971,1.397587,0.123216,1.594775,478.620113,-1.531746,0.046476,0.00381
BAX,2025-06-30,0.352669,0.067972,0.032384,0.164413,0.024199,0.012432,0.004324,0.010416,0.011322,129.533063,4.194843,1.610315,173.345717,41.726209,6.860323,283.492774,0.00772,1.328552,0.462083,16.91342,2.847222,2.296359,1.485199,0.133517,1.584884,509.017039,2.384615,0.053025,0.012456
BAX,2025-09-30,0.335097,0.06067,-0.016226,0.150265,0.044444,-0.006353,-0.002184,0.0,0.01093,-256.25019,4.157851,1.627884,93.551657,45.252368,6.799827,152.9961,-0.003902,1.341251,0.461005,18.253521,2.779412,1.836556,1.184901,0.134571,1.595385,520.591198,-5.152174,0.039153,0.012346
BAX,2025-12-31,0.194015,-0.082044,-0.379287,-0.150303,0.149294,-0.184043,-0.056245,-0.015636,-0.040211,-10.449919,3.96352,1.923235,26.548443,-43.126417,6.482014,43.417812,-0.095695,1.595693,0.487659,-16.800895,-9.956522,2.313805,1.56229,0.148292,1.598066,416.154585,-0.51773,0.047075,0.012441
BAX,2026-03-31,0.329878,0.024435,-0.005553,0.114402,0.028138,-0.002482,-0.000756,0.004256,0.004457,-785.833916,4.364128,1.950605,155.098799,62.386759,7.137175,253.651429,-0.001273,1.603012,0.488108,24.097087,0.923077,1.854048,1.226916,0.136098,1.590695,477.498133,-14.2,0.050722,0.003702
BAX,2026-06-30,0.348649,0.073311,0.042568,0.160135,0.056081,0.020303,0.006367,0.011836,0.014506,93.551657,3.982266,1.899373,71.009089,40.669849,6.512672,116.12957,0.010689,1.557686,0.488454,15.419831,3.051948,1.946255,1.317182,0.149563,1.594828,460.776172,2.261905,0.040203,0.011149
BBY,2025-01-31,0.209206,0.049111,0.008388,0.032406,0.097433,0.041667,0.007915,0.09094,0.03488,166.437739,1.39613,6.934906,14.329077,46.911982,1.520233,15.602808,0.006008,1.443376,0.274185,,18.153846,1.025948,0.391592,0.94358,13.360153,30.794661,13.136752,0.012762,0.002223
BBY,2025-04-30,0.233717,0.037413,0.023041,0.050759,-0.015056,0.073109,0.014298,0.076395,0.034842,96.402057,2.221195,7.047852,-147.52436,47.649923,2.41864,-160.637999,0.010373,1.46616,0.286736,0.035955,19.5,1.023341,0.322585,0.620541,11.783602,59.445031,0.168317,0.018935,0.004563
BBY,2025-07-31,0.232465,0.038673,0.019708,0.050434,0.060818,0.068483,0.012194,0.068611,0.039552,104.694707,2.063278,7.169814,33.925463,44.546672,2.246685,36.941143,0.009552,1.500736,0.267226,,22.083333,1.037881,0.357886,0.618764,10.292257,42.215346,4.026882,0.018542,0.003708
BBY,2025-10-31,0.232423,0.037634,0.014475,0.043734,-0.029673,0.05277,0.00834,0.065574,0.032519,139.094396,2.01336,7.340074,-67.850925,50.12817,2.19233,-73.882285,0.007189,1.542782,0.243834,0.572104,18.083333,1.045486,0.255117,0.576194,9.510324,71.516465,-0.707143,0.019438,0.003205
BBY,2026-01-31,0.208629,0.050166,0.039163,0.067902,0.079847,0.182524,0.036878,0.124719,0.105135,35.994853,1.409672,6.569911,17.654774,22.605774,1.53498,19.22413,0.027782,1.394399,0.281731,,66.818182,1.107436,0.426358,0.94165,13.244487,43.751922,2.362292,0.012668,0.002389
BBY,2026-04-30,0.235228,0.040398,0.030886,0.065242,0.02406,0.089523,0.018536,0.061991,0.054843,70.555129,2.179187,6.31632,90.573095,36.370868,2.372898,98.62426,0.014173,1.338307,0.277099,,35.363636,1.120944,0.402976,0.600134,9.863135,62.643014,1.358696,0.017905,0.004476
BBY,2026-07-31,0.239084,0.042438,0.032212,0.065037,0.075366,0.098963,0.019557,0.069634,0.061498,61.819732,1.99133,6.117881,26.422273,33.339962,2.168342,28.770985,0.016176,1.298461,0.256597,,40.090909,1.116943,0.412377,0.607127,10.606291,47.657727,2.92381,0.018816,0.003477
BDX,2024-12-31,0.432469,0.10565,0.05863,0.206656,0.113777,0.012022,0.005543,0.012298,0.009808,162.658987,9.536701,1.95547,83.819172,61.2216,12.651832,111.198417,0.006148,0.744247,0.343145,16.89794,2.974194,1.129828,0.626174,0.094539,1.95906,,2.287129,0.020317,0.017415
BDX,2025-03-31,0.415402,0.106473,0.06875,0.195312,0.010937,0.012202,0.005655,0.008424,0.007504,160.018419,11.001266,1.952604,1005.83006,74.725336,14.594792,1334.381004,0.006249,0.76344,0.353792,21.260571,2.34,1.126772,0.642699,0.082252,1.479036,,0.529221,0.025446,0.009152
BDX,2025-06-30,0.472916,0.176682,0.121456,0.274228,0.223445,0.022534,0.010455,0.014769,0.015425,85.863542,10.428623,1.93482,46.672039,50.451134,13.835097,61.9173,0.011646,0.759275,0.352282,14.356481,4.743421,1.102574,0.618627,0.086081,1.605844,,2.125436,0.034702,0.010157
BDX,2025-09-30,0.475132,0.140214,0.083687,0.219657,0.17026,0.019417,0.008911,0.017914,0.014145,99.970939,8.366266,1.941145,49.138258,50.529111,11.099078,65.189102,0.010003,0.755455,0.346697,14.327666,4.290323,1.113316,0.644894,0.10648,1.967602,412.154425,2.748479,0.059752,0.009336
BDX,2025-12-31,0.459063,0.126047,0.072734,0.220868,0.104341,0.01511,0.006966,0.014356,0.011849,129.020086,9.384172,1.949437,89.937359,56.366094,12.44948,119.31509,0.007751,0.772842,0.356285,16.206034,3.568627,1.048853,0.582582,0.095768,2.094099,,1.717277,0.020564,0.017327
BDX,2026-03-31,0.456937,0.132796,-0.065974,0.150191,0.100764,-0.012887,-0.006118,0.0,0.004442,-158.474833,10.45517,2.042337,103.759311,92.351228,13.870316,137.651935,-0.00631,0.71602,0.339924,23.257062,1.261745,0.941813,0.547196,0.092737,2.137868,,-1.92926,0.026517,0.012304
BDX,2026-06-30,0.46458,0.150913,0.075657,0.250652,0.101947,0.015441,0.007431,0.014883,0.016599,130.731228,9.890763,2.018581,97.019041,52.349615,13.121547,128.709979,0.007649,0.688401,0.331316,12.890312,5.19697,0.865483,0.512867,0.098224,2.107868,,1.72679,0.028698,0.011038
BEN,2024-12-31,0.811867,0.148295,0.072659,0.212782,-0.096376,0.013128,0.005051,0.010186,0.011033,102.516001,7.448755,1.34581,-77.288561,42.446085,9.031764,-93.713913,0.009755,1.025293,0.394483,17.086203,14.558442,2.641487,,0.069515,1.61544,,-0.887531,0.031888,0.03251
BEN,2025-03-31,0.788813,0.104623,0.071706,0.097802,-0.041489,0.012263,0.004733,0.002444,0.002066,110.776868,7.943364,1.358466,-191.456824,98.479027,9.631486,-232.145195,0.009027,1.068589,0.412406,41.958838,3.052885,3.959943,,0.066002,1.452931,,-0.330911,0.017761,0.022118
BEN,2025-06-30,0.792539,0.098886,0.044719,0.168653,0.61439,0.007563,0.002835,0.005517,0.006633,181.707668,8.125784,1.374283,13.225785,58.419762,9.852674,16.036526,0.005503,1.085399,0.406919,23.807239,7.844961,2.785641,,0.063406,1.197772,,13.890574,0.006783,0.024273
BEN,2025-09-30,0.818108,0.145454,0.050177,0.162051,-0.022144,0.009737,0.003633,0.010366,0.009169,142.615798,7.156043,1.388632,-323.152559,53.543758,8.676844,-391.828884,0.007012,1.101186,0.410893,22.97367,11.09127,2.712551,,0.072407,1.520205,,-0.17602,0.013312,0.019115
BEN,2025-12-31,0.815865,0.158352,0.109793,0.238967,-0.109621,0.021055,0.00785,0.011156,0.015181,65.64234,7.207089,1.382098,-65.745268,36.568817,8.738739,-79.717441,0.015234,1.170615,0.436427,17.506204,23.147059,3.415114,,0.071495,1.609781,,-0.998434,,0.032487
BEN,2026-03-31,0.800558,0.159223,0.116868,0.237745,-0.012027,0.022122,0.007863,0.010711,0.014185,62.533996,7.308213,1.383363,-607.667311,37.272579,8.861353,-736.808663,0.015991,1.269742,0.45131,19.86327,23.396985,3.884897,,0.06728,1.609101,,-0.102908,,0.023008
BEN,2026-06-30,0.811398,0.097057,0.072719,0.202341,0.240078,0.01461,0.004732,0.005735,0.011477,97.79369,7.111439,1.428807,29.621367,42.615086,8.622761,35.916494,0.010226,1.423557,0.461055,25.093252,16.782979,2.837861,,0.065072,1.505138,,3.388921,,0.009583
BG,2024-12-31,0.079826,0.046522,0.044454,0.071334,0.041648,0.060728,0.024178,0.033663,0.048271,36.885596,1.639723,2.240001,39.370796,41.340712,2.948983,70.806964,0.027111,0.718148,0.285915,3.030021,7.460177,2.146335,1.273302,0.543877,6.304469,166.683656,1.749169,0.03611,0.001182
BG,2025-03-31,0.051275,0.018638,0.017264,0.043631,-0.051104,0.019002,0.007539,0.009013,0.021407,110.473277,1.907166,2.09918,-37.319544,78.612456,3.429969,-67.117861,0.009052,0.724239,0.287359,6.834646,3.730769,2.035501,1.119625,0.436722,4.988432,204.881218,-1.41791,0.026625,0.001632
BG,2025-06-30,0.057796,0.025061,0.027723,0.056073,-0.115749,0.032528,0.011363,0.01082,0.028888,62.726352,1.738987,2.04035,-15.023768,55.775318,3.127506,-27.019707,0.015942,1.122209,0.39202,6.255587,5.660377,2.065196,1.293432,0.409867,5.655004,219.876659,-3.028249,0.031796,0.001253
BG,2025-09-30,0.04798,0.017378,0.007493,0.032182,0.017378,0.010528,0.003585,0.008224,0.015629,133.765836,1.002263,1.40824,57.675659,56.009997,1.802533,103.727604,0.007476,1.127473,0.383991,20.785414,2.336634,1.659875,0.832888,0.47853,6.34087,205.210528,5.144578,0.021169,0.000858
BG,2025-12-31,0.042547,0.015739,0.003998,0.02222,0.034046,0.005973,0.002133,0.012399,0.010272,233.738197,0.934481,1.396198,27.447625,75.634711,1.68063,49.363569,0.004278,0.996919,0.356068,24.856061,1.398148,1.612415,0.739935,0.533642,6.140052,192.877471,14.178947,0.022641,0.0008
BG,2026-03-31,0.03504,0.01075,0.003111,0.021957,-0.040117,0.004238,0.001429,0.007655,0.007899,326.54601,1.015742,1.383928,-25.319417,83.198182,1.826775,-45.536063,0.003062,1.015332,0.342421,28.783333,1.337017,1.59941,0.688666,0.459496,5.499623,226.45257,-7.955882,0.01537,0.001052
BG,2026-06-30,0.069922,0.044715,0.028202,0.058067,-0.04276,0.0425,0.014493,0.025822,0.037939,32.750927,0.923636,1.391909,-21.60032,28.606825,1.661126,-38.8474,0.030533,1.056666,0.360331,10.505731,5.786802,1.566571,0.642644,0.513894,6.115747,224.405392,-0.862832,0.018427,0.001248
BIIB,2024-12-31,0.762293,0.183566,0.108649,0.218153,0.282967,0.015955,0.009508,0.017915,0.015608,119.388778,12.971437,1.904821,45.840753,72.663094,15.851667,56.019416,0.008376,0.396644,0.23638,7.321755,5.858333,1.348719,0.903686,0.087514,1.313517,1551.658049,2.853018,0.027009,0.030594
BIIB,2025-03-31,0.741135,0.257178,0.09893,0.228054,0.087289,0.014165,0.008579,0.020758,0.016327,132.394957,13.097897,1.875349,150.051777,70.185943,16.006206,183.369871,0.007553,0.389971,0.236192,6.67298,6.186667,1.439574,1.010326,0.086719,1.217631,1391.572391,1.07817,0.019375,0.03332
BIIB,2025-06-30,0.77131,0.321981,0.239955,0.382121,0.050765,0.035999,0.022407,0.030387,0.032474,50.159085,12.035905,1.805659,237.088512,38.491529,14.708405,289.732588,0.019937,0.373971,0.232776,3.486893,11.247934,2.502654,1.788297,0.093381,1.269434,1413.238032,0.253466,0.010055,0.028312
BIIB,2025-09-30,0.733933,0.239279,0.184045,0.326232,0.481714,0.025621,0.015972,0.020728,0.024103,68.255064,12.562034,1.748784,26.077795,47.056581,15.351358,31.868212,0.014651,0.361944,0.22563,2.929375,9.268546,2.716292,2.044742,0.086783,1.370108,1238.599103,2.72776,0.020318,0.029708
BIIB,2025-12-31,0.782618,0.169123,-0.021453,0.092875,0.176231,-0.002678,-0.001661,0.013715,0.000441,-651.144931,13.969021,1.744062,79.265589,183.80296,17.070758,96.866036,-0.001536,0.36026,0.223414,15.485593,0.17037,2.679316,2.032006,0.077427,1.220889,1577.825211,-10.468303,0.048346,0.026147
BIIB,2026-03-31,0.733231,0.185568,0.128945,0.262208,0.225724,0.01713,0.010837,0.015595,0.016814,99.658802,12.850507,1.707136,56.930068,59.890852,15.703885,69.571047,0.010034,0.351812,0.222565,4.472526,6.587278,3.06459,2.414685,0.084041,1.383937,1142.004409,2.020344,0.034789,0.033901
BIIB,2026-06-30,0.716045,0.176462,0.035636,0.164766,0.112573,0.005173,0.003039,0.013198,0.007622,326.574227,11.637788,1.689356,103.379828,86.315631,14.221888,126.334697,0.003062,0.443288,0.260392,15.096051,2.608748,1.865079,1.256389,0.085269,1.140761,1250.385466,4.604103,0.051499,0.028289
BK,2024-12-31,,,0.242647,,0.238866,0.027954,0.002776,,,,,,,,,,,0.759475,0.075421,,,,,0.011441,0.764781,,1.341991,0.086765,
BK,2025-03-31,,,0.260294,,0.019629,0.028294,0.002768,,,,,,,,,,,0.759364,0.074299,,,,,0.010636,0.736718,,0.337705,0.068274,
BK,2025-06-30,,,0.286606,,0.370191,0.032378,0.002929,,,,,,,,,,,0.821001,0.074278,,,,,0.010221,0.691793,,1.543921,0.072306,
BK,2025-09-30,,,0.288942,,-0.30034,0.032931,0.003174,,,,,,,,,,,0.796144,0.076725,,,,,0.010984,0.756695,,-0.736332,0.087582,
BK,2025-12-31,,,0.286134,,0.930082,0.03297,0.003093,,,,,,,,,,,0.773994,0.072619,,,,,0.010811,0.815134,,3.548939,0.08539,
BK,2026-03-31,,,0.305847,,-0.680285,0.036442,0.002906,,,,,,,,,,,0.753835,0.060121,,,,,0.009503,0.805191,,-1.846201,0.11563,
BKNG,2024-12-31,,0.31603,0.195211,0.415646,0.117894,-0.265672,0.038545,0.093868,0.17171,118.124322,23.05918,-31.382282,195.5919,57.109404,23.737303,201.343852,0.008466,-4.249005,0.616465,0.190853,4.084813,1.30958,,0.197452,1.710222,,0.675094,0.013891,0.030525
BKNG,2025-03-31,,0.223016,0.069929,0.258085,0.664007,-0.054483,0.012247,0.090097,0.096786,378.849175,26.492393,-20.640834,39.897778,105.668661,27.271479,41.071089,0.00264,-2.699607,0.606818,0.362897,1.610169,1.216909,,0.175131,1.447416,,9.858859,0.025409,0.030029
BKNG,2025-06-30,,0.33098,0.131656,0.252427,0.461459,-0.134445,0.029168,0.154384,0.126328,140.957291,18.557925,-18.950995,40.21574,75.679945,19.103675,41.398401,0.007094,-2.852486,0.618857,0.511072,3.641148,1.248283,,0.221549,1.555606,,3.576536,0.009415,0.022654
BKNG,2025-09-30,,0.437389,0.305062,0.440608,0.152198,-0.580236,0.095576,0.254576,0.301914,45.908579,14.004971,-26.637833,92.018071,32.720278,14.416828,94.724132,0.021782,-3.701225,0.609662,0.122701,12.524917,1.334338,,0.3133,2.244705,,0.522198,0.007105,0.016985
BKNG,2025-12-31,,0.319735,0.224917,0.362734,0.223185,-0.256006,0.048797,0.118256,0.168073,88.345081,19.870338,-22.616848,89.030893,56.390267,20.454683,91.649107,0.011319,-3.458767,0.659274,0.665653,8.481928,1.333333,,0.216956,1.662042,,1.043417,0.011498,0.026303
BKNG,2026-03-31,,0.229754,0.19577,0.328091,0.561822,-0.12414,0.039069,0.101549,0.208876,116.488251,22.804912,-14.460887,40.590983,71.551948,23.475558,41.78468,0.008585,-2.171366,0.683369,1.316253,6.529644,1.056686,,0.199567,1.571591,,2.968606,0.019342,0.025488
BKNG,2026-06-30,,0.340044,0.265234,0.411045,0.495511,-0.18084,0.065696,0.202649,0.332133,64.695782,17.159518,-11.699599,34.629914,42.973787,17.664144,35.648308,0.015457,-1.919132,0.69719,0.981469,9.533333,1.094253,,0.247692,1.693619,,1.907179,0.010337,0.019042
BKR,2024-12-31,0.207768,0.128327,0.160103,0.154671,0.113661,0.069784,0.030733,0.041234,0.033383,48.202367,7.717353,3.363752,67.897958,49.372774,7.636555,67.187084,0.020746,0.356496,0.157,2.334504,15.4,1.32484,0.943499,0.191956,1.238688,320.443104,1.00933,0.047936,0.006518
BKR,2025-03-31,0.229501,0.117006,0.062549,0.139567,0.063638,0.023589,0.010548,0.023769,0.023985,141.369629,8.842476,3.334737,138.9501,62.692965,8.749897,137.495329,0.007074,0.35348,0.158069,3.06243,12.0,1.337224,0.927426,0.168643,1.137522,372.173365,1.763682,0.046678,0.00778
BKR,2025-06-30,0.233719,0.128365,0.101447,0.190304,0.030246,0.039611,0.018095,0.027482,0.038932,81.070743,8.224398,3.211312,271.916703,42.764707,8.138291,269.069807,0.012335,0.340962,0.155756,2.241065,18.907407,1.407751,0.99984,0.178369,1.271623,339.768443,0.727532,0.04356,0.007525
BKR,2025-09-30,0.242653,0.135235,0.086876,0.165335,0.090442,0.033541,0.015523,0.029424,0.03273,93.317883,8.107074,3.129955,89.638156,48.520785,8.022195,88.699668,0.010716,0.333535,0.15436,2.901639,15.660714,1.40931,1.004422,0.178676,1.286947,341.367965,1.525452,0.042083,0.007275
BKR,2025-12-31,0.237341,0.13133,0.118603,0.124018,0.173978,0.046512,0.021428,0.038923,0.021812,64.875104,7.694367,3.017447,44.226141,61.392565,7.613809,43.763105,0.015414,0.323192,0.148896,2.58952,9.655738,1.356777,0.999784,0.180671,1.328895,298.963005,1.89726,0.051043,0.00677
BKR,2026-03-31,0.228329,0.122818,0.141187,0.26021,0.024898,0.048152,0.018273,0.016789,0.036283,61.108162,8.62769,2.942456,346.527994,32.809562,8.53736,342.899937,0.016364,0.836906,0.317589,0.816803,15.813953,2.131589,1.768657,0.129421,1.196114,349.029531,0.537634,0.05101,0.006832
BKR,2026-06-30,0.233907,0.1283,0.101009,0.191486,0.154999,0.034207,0.012942,0.018289,0.025197,83.451675,8.429337,2.854661,54.383341,43.559713,8.341084,53.813961,0.011983,0.816405,0.308875,0.407436,14.515152,2.09487,1.755052,0.128126,1.214118,332.571552,1.975037,0.044497,0.008454
BLDR,2024-12-31,0.323056,0.079613,0.049798,0.11534,0.071667,0.044279,0.017976,0.028809,0.034539,32.870976,1.636912,1.455499,22.840437,25.930976,2.990878,41.732816,0.030422,1.008462,0.40941,8.057683,5.726826,1.767446,1.085292,0.360982,3.284457,159.726048,1.963074,0.02609,0.0032
BLDR,2025-03-31,0.304919,0.050428,0.026331,0.090081,0.008846,0.022017,0.008413,0.016782,0.019121,64.93506,1.709778,1.429647,193.283861,34.679941,3.124014,353.157863,0.0154,1.168047,0.446314,13.245839,2.842276,1.820974,1.072186,0.319499,2.922324,171.832845,1.374065,0.027334,0.003893
BLDR,2025-06-30,0.306807,0.07352,0.043701,0.108362,0.059588,0.044286,0.016139,0.027181,0.032325,33.797072,1.476951,1.496737,24.785895,24.903652,2.698606,45.287452,0.029588,1.271995,0.46356,10.004176,4.324151,1.791977,1.078434,0.369318,3.180212,152.164478,1.843151,0.020958,0.003817
BLDR,2025-09-30,0.304345,0.058045,0.031053,0.09548,0.1172,0.028355,0.010706,0.020039,0.023865,51.097415,1.586705,1.448849,13.538482,30.364014,2.899142,24.736785,0.01957,1.177232,0.444511,11.019875,3.303127,1.786472,1.14887,0.344784,3.141044,144.900513,4.475454,0.021775,0.004162
BLDR,2025-12-31,0.298405,0.018398,0.009375,0.063469,0.031783,0.007233,0.002801,0.0,0.006394,198.650129,1.862333,1.436844,58.595673,53.612811,3.402755,107.062859,0.005034,1.17187,0.453861,19.98674,0.911815,1.858662,1.163599,0.29881,3.1648,174.201167,6.187865,0.026228,0.001999
BLDR,2026-03-31,0.282612,0.005025,-0.014424,0.050159,0.012385,-0.011841,-0.004195,0.001566,0.001733,-131.891552,1.902452,1.561729,153.614828,69.300987,3.476058,280.676742,-0.007582,1.321585,0.468183,27.53112,0.222013,1.758658,1.087387,0.290812,2.826351,170.127443,-1.844476,0.014221,0.004146
BLDR,2026-06-30,0.281365,0.03327,-0.00101,0.072106,0.007761,-0.000974,-0.000344,0.0,0.013512,-1603.463089,1.619011,1.561357,208.596219,41.025559,2.958169,381.135779,-0.000624,1.307861,0.462584,16.249495,1.688571,1.788855,1.087515,0.3411,2.978787,154.039426,-17.442564,0.00985,0.001867
BLK,2024-12-31,0.492514,0.359345,0.294169,0.434913,0.445306,0.035162,0.012048,0.02694,0.016552,104.080115,30.617191,3.659623,68.755456,70.363726,30.602085,68.721534,0.009608,0.299442,0.102601,,13.668675,16.35026,,0.040955,1.319006,,1.567665,0.015853,0.042628
BLK,2025-03-31,0.478772,0.338514,0.286202,0.402388,-0.228582,0.031435,0.010638,0.025416,0.013747,115.108472,32.944237,3.618407,-144.124206,81.831389,32.927983,-144.0531,0.008687,0.29684,0.100457,2.167687,11.620482,12.357628,,0.03717,1.232422,,-0.74702,0.014784,0.045679
BLK,2025-06-30,0.478702,0.34114,0.293749,0.487184,0.23511,0.032417,0.010876,0.022096,0.016749,109.110981,32.051225,3.537042,136.324543,65.75626,32.035412,136.257285,0.009165,0.299343,0.10043,1.242998,14.017341,13.34223,,0.037025,1.24638,,0.856246,0.016412,0.041674
BLK,2025-09-30,0.459364,0.31418,0.203257,0.380704,0.205254,0.02383,0.008132,0.0229,0.013239,131.378528,26.703609,3.130708,130.100144,70.108167,26.690435,130.035957,0.007612,0.270952,0.092469,1.124697,15.792593,14.413123,,0.040011,1.357173,,1.068783,0.011983,0.064372
BLK,2025-12-31,0.456336,0.317922,0.160816,0.301941,0.306364,0.020165,0.006629,0.02494,0.010383,154.226968,24.802196,3.110038,80.956587,82.102098,24.78996,80.916646,0.006484,0.268322,0.088213,0.614367,12.478571,15.76092,,0.041224,1.358666,,2.020408,0.01855,0.060074
BLK,2026-03-31,0.480143,0.337563,0.330248,0.501045,-0.162138,0.039021,0.012994,0.02665,0.0177,78.577664,25.950103,3.066148,-160.049533,51.7664,25.937301,-159.97057,0.012726,0.263989,0.087907,0.866508,22.208955,11.931807,,0.039345,1.283388,,-0.443038,0.015826,0.047626
BLK,2026-06-30,0.489554,0.348955,0.270186,0.457086,0.15782,0.033222,0.010883,0.026387,0.016409,90.811804,24.536109,3.01692,155.468509,53.652884,24.524003,155.391806,0.011012,0.259802,0.085106,0.695491,21.291045,12.758946,,0.040279,1.301249,,0.641066,0.015387,0.042631
BMY,2024-12-31,0.610112,0.041322,0.005834,0.206693,0.329039,0.004408,0.000778,0.003357,0.009749,1789.077618,10.437011,7.885742,31.719672,63.817947,13.190697,40.088545,0.000559,3.134374,0.552898,15.406899,1.352823,1.252629,1.145074,0.133279,1.369507,187.253825,61.652778,0.030627,0.009723
BMY,2025-03-31,0.729221,0.312204,0.219266,0.399696,0.151236,0.141239,0.026572,0.043188,0.05069,52.44853,11.500186,7.407763,76.041079,36.363543,14.534379,96.10365,0.019066,2.946633,0.554373,8.674559,7.01417,1.278895,1.168135,0.121188,1.235904,134.55222,0.795603,0.023212,0.012856
BMY,2025-06-30,0.725161,0.307605,0.106773,0.266444,0.289836,0.075136,0.013837,0.041952,0.033627,98.330984,10.499111,7.388218,36.224294,49.801035,13.269181,45.78166,0.01017,2.921078,0.537929,11.191802,4.65567,1.206844,1.107418,0.129589,1.263413,-2.277269,2.990076,0.029424,0.011166
BMY,2025-09-30,0.718949,0.297742,0.180085,0.37678,0.490182,0.118639,0.022717,0.037984,0.052274,58.525029,10.539485,6.94338,21.501183,35.352787,13.320208,27.174025,0.017087,2.75124,0.526799,7.220847,7.4875,1.266349,1.168325,0.126144,1.26995,124.836443,2.867333,0.026182,0.011373
BMY,2025-12-31,0.672319,0.224986,0.086939,0.230265,0.128289,0.058843,0.012073,0.032684,0.02855,118.503761,10.302614,6.973074,80.307723,56.547268,13.020842,101.496,0.008439,2.551778,0.523546,12.122959,4.402778,1.255071,1.140197,0.138864,1.303482,201.174919,1.816007,0.029593,0.010637
BMY,2026-03-31,0.702237,0.292889,0.233005,0.369484,0.065889,0.133396,0.030957,0.043119,0.054235,48.118636,11.211906,6.418855,170.163261,38.350903,14.170039,215.058895,0.020782,2.313534,0.536889,8.217903,8.883212,1.42019,1.276334,0.132858,1.445703,94.778708,0.412402,0.030203,0.012708
BMY,2026-06-30,0.712788,0.31026,0.255685,0.392122,0.238033,0.148618,0.037851,0.049917,0.06514,38.834365,9.92936,5.771477,41.714245,32.003063,12.549108,52.720072,0.02575,2.018594,0.514104,6.761942,11.039312,1.531647,1.384962,0.148036,1.429217,116.183088,1.022912,0.02351,0.010406
BNY,2025-03-31,,,0.260294,,0.019629,0.028294,0.002768,,,85.530449,22.2631,2.419981,1134.208134,,-4.630008,-235.878778,0.011692,0.759364,0.074299,,,,,0.010636,0.736718,,0.337705,0.068274,
BNY,2025-06-30,,,0.286606,,0.370191,0.032378,0.002929,,,73.328987,21.016545,2.374224,56.772115,,-4.370765,-11.806772,0.013637,0.821001,0.074278,,,,,0.010221,0.691793,,1.543921,0.072306,
BNY,2025-09-30,,,0.288942,,-0.30034,0.032931,0.003174,,,72.212559,20.865257,2.378066,-69.472136,,-4.339302,14.447968,0.013848,0.796144,0.076725,,,,,0.010984,0.756695,,-0.736332,0.087582,
BNY,2025-12-31,,,0.286134,,0.930082,0.03297,0.003093,,,71.421731,20.436183,2.354775,21.972446,,-4.250068,-4.569562,0.014001,0.773994,0.072619,,,,,0.010811,0.815134,,3.548939,0.08539,
BNY,2026-03-31,,,0.305847,,-0.680285,0.036442,0.002906,,,63.938204,19.555313,2.330062,-28.745771,,-4.066875,5.978195,0.01564,0.753835,0.060121,,,,,0.009503,0.805191,,-1.846201,0.11563,
BR,2024-12-31,0.279008,0.13252,0.089605,0.185565,0.134596,0.063905,0.017301,0.028959,0.029875,130.62062,11.704239,8.347339,86.958281,73.64217,13.665414,101.529107,0.007656,1.735404,0.469832,11.413021,5.808743,1.353675,,0.193084,1.527636,,1.662219,0.014347,0.013655
BR,2025-03-31,0.317823,0.190374,0.134183,0.235028,0.185903,0.10204,0.029291,0.04637,0.048954,76.513272,10.266808,7.807411,55.226771,51.002997,11.987126,64.480629,0.01307,1.528123,0.438648,7.318929,10.280597,1.317226,,0.218288,1.529894,,1.482517,0.013026,0.011481
BR,2025-06-30,0.372712,0.241454,0.181176,0.282948,0.321148,0.140931,0.043792,0.066997,0.075003,49.707045,9.005702,7.005264,28.042177,37.161321,10.514707,32.740956,0.020118,1.302727,0.404798,4.604381,16.822148,0.976253,,0.241709,1.917556,,1.869856,0.017624,0.007747
BR,2025-09-30,0.265886,0.118724,0.104064,0.204165,0.00799,0.062766,0.019921,0.024755,0.035815,112.456931,11.702766,7.058431,1464.596561,66.924733,13.663694,1710.005982,0.008892,1.320583,0.419131,9.215716,8.637993,0.927056,,0.191427,1.649268,,0.255744,0.018623,0.009752
BR,2025-12-31,0.276329,0.120252,0.166054,0.281638,0.178482,0.09884,0.032942,0.026169,0.057693,65.356206,10.852661,6.45981,60.805415,44.990835,12.671145,70.994037,0.015301,1.167952,0.389259,5.805469,14.364621,0.971997,,0.19838,1.609296,,1.141251,0.011027,0.015695
BR,2026-03-31,0.320895,0.184019,0.141431,0.23362,0.139435,0.09802,0.031472,0.048237,0.053532,67.319494,9.521077,6.598686,68.28332,47.583427,11.116439,79.724948,0.014855,1.208777,0.388111,6.402717,13.47619,0.942833,,0.222526,1.480785,,1.089758,0.014691,0.012439
BR,2026-06-30,0.384252,0.246092,0.179332,0.286184,0.289202,0.140146,0.044504,0.06835,0.073143,46.722874,8.378925,6.548045,28.972549,34.18397,9.782907,33.827221,0.021403,1.23833,0.393234,4.488745,19.058824,1.235581,,0.248164,1.965557,,1.701583,0.015947,0.012253
BRO,2024-12-31,0.464646,0.217631,0.192837,0.355372,0.313131,0.03271,0.011924,0.017751,0.02912,103.601737,19.978296,3.388842,63.801656,74.752884,26.565074,84.83685,0.009652,0.632399,0.230525,8.136951,6.092593,1.096611,,0.061833,0.449628,,1.719048,0.018365,0.022039
BRO,2025-03-31,0.506859,0.326354,0.238989,0.38917,0.141516,0.048527,0.019749,0.03327,0.040152,65.729199,15.708567,3.189615,111.001861,53.672293,20.887629,147.598806,0.015214,0.585251,0.238186,5.820037,9.895833,1.200203,,0.082637,0.905229,,0.643505,0.012274,0.020939
BRO,2025-06-30,0.48759,0.269816,0.184948,0.341073,0.248199,0.019924,0.009011,0.013248,0.017862,94.183397,17.419027,1.876519,70.181822,67.90931,23.162022,93.320536,0.010618,0.66681,0.301568,,6.867925,2.747384,,0.048721,0.867361,,1.406926,0.01201,0.018415
BRO,2025-09-30,0.488387,0.24129,0.146452,0.334194,0.291613,0.018327,0.007733,0.013691,0.018296,95.843017,14.036364,1.756529,48.13355,55.848197,18.664107,64.003022,0.010434,0.643549,0.271547,12.621622,4.11,1.181858,,0.052804,0.752427,,2.061674,0.010323,0.015484
BRO,2025-12-31,0.481646,0.21519,0.167089,0.356962,0.268354,0.021041,0.008803,0.014081,0.019818,82.410473,13.769851,1.733989,51.312181,51.293202,18.309725,68.229637,0.012134,0.631067,0.264013,11.585106,3.944954,1.038582,,0.052682,0.757794,,1.681818,0.012658,0.010759
BRO,2026-03-31,0.517553,0.293085,0.226596,0.410106,0.128191,0.033839,0.014343,0.021627,0.029835,51.071279,11.572534,1.728204,90.275373,37.521876,15.387961,120.038863,0.01958,0.640241,0.27138,8.844358,6.07619,1.016715,,0.0633,0.867959,,0.615023,0.01117,0.01383
BRO,2026-06-30,0.493349,0.252116,0.174123,0.371826,0.198912,0.022888,0.009636,0.015468,0.021963,75.542933,13.153788,1.729028,66.128768,47.03962,17.490548,87.931204,0.013238,0.636335,0.267909,11.123577,4.682692,1.126929,,0.055342,0.77362,,1.201389,0.010278,0.013906
BSX,2024-12-31,0.678579,0.173208,0.124096,0.2221,0.254988,0.025999,0.014367,0.023431,0.020154,110.971039,13.771017,2.885145,54.006542,74.172365,16.473713,64.605852,0.009011,0.493615,0.272776,10.075025,8.3125,1.081419,0.642288,0.115776,1.783034,665.314395,2.572438,0.06424,0.015128
BSX,2025-03-31,0.688398,0.200944,0.144542,0.259919,0.059404,0.030344,0.016791,0.023422,0.025284,93.18933,13.469785,2.827733,226.749488,61.9939,16.113362,271.251286,0.010731,0.527102,0.291679,8.628713,10.817073,1.450178,0.883353,0.116168,1.731526,678.790503,0.802671,0.056616,0.01587
BSX,2025-06-30,0.676546,0.186327,0.157479,0.270105,0.205691,0.035552,0.019178,0.023516,0.028348,78.807539,12.410513,2.801749,60.335839,54.964599,14.846198,72.177335,0.012689,0.536489,0.289396,7.993416,11.455556,1.372062,0.820809,0.121779,1.797869,626.436016,1.613551,0.048409,0.014819
BSX,2025-09-30,0.699309,0.207305,0.149062,0.270089,0.226456,0.032272,0.017679,0.024243,0.027449,83.191534,12.400712,2.684745,54.759903,54.92442,14.834473,65.507067,0.01202,0.514896,0.282061,7.456871,11.793103,1.508071,0.959835,0.118599,1.791018,663.699462,1.778808,0.038697,0.015597
BSX,2025-12-31,0.6958,0.196935,0.127128,0.218502,0.177639,0.027732,0.015387,0.028033,0.020662,93.466679,11.882257,2.592011,66.889892,65.053339,14.214265,80.017685,0.010699,0.471938,0.261855,8.091775,8.777778,1.616841,1.075749,0.121036,1.806562,610.396341,2.029762,0.080401,0.013432
BSX,2026-03-31,0.694407,0.206035,0.257736,0.308091,0.032866,0.051848,0.030236,0.029155,0.031473,46.837888,12.071806,2.428457,367.30765,46.872493,14.441016,439.395358,0.02135,0.426423,0.248675,5.896444,13.911111,1.899803,1.217895,0.117314,1.718864,665.959669,0.259508,0.034019,0.015952
BSX,2026-06-30,0.707093,0.22896,0.166667,0.277655,-0.082874,0.036382,0.020059,0.028421,0.029803,69.249844,11.541641,2.519439,-139.267424,49.72641,13.8068,-166.600014,0.01444,0.506378,0.279193,7.91595,12.041667,1.240199,0.736932,0.120356,1.784847,663.382577,1.625138,0.35373,0.015987
BX,2024-12-31,,,0.260439,,0.055323,0.085709,0.016192,,,212.203634,55.266052,18.187843,998.966073,,46.628164,842.831218,0.004712,1.49613,0.282649,,,,,0.062173,,,0.22931,0.004398,
BX,2025-03-31,,,0.217536,,0.382085,0.077067,0.013586,,,242.927417,52.84542,18.721755,138.308062,,44.585868,116.691002,0.004116,1.678582,0.295917,,,,,0.062455,,,1.804041,0.010359,
BX,2025-06-30,,,0.241755,,0.268362,0.091501,0.016844,,,195.440734,47.248737,17.882944,176.063153,,39.863927,148.545106,0.005117,1.547801,0.284921,,,,,0.069672,,,1.162591,0.012699,
BX,2025-09-30,,,0.232667,,0.585922,0.074461,0.013423,,,239.014794,55.610955,17.797319,94.911921,,46.91916,80.077524,0.004184,1.535746,0.276855,,,,,0.057694,,,2.556572,0.008909,
BX,2025-12-31,,,0.271702,,0.279796,0.117154,0.021279,,,147.127917,39.974898,17.236623,142.871608,,33.726963,120.541282,0.006797,1.535529,0.278903,,,,,0.078318,,,1.051806,0.005982,
BX,2026-03-31,,,0.216376,,0.318917,0.077619,0.013444,,,229.887243,49.742058,17.843569,155.971844,,41.967551,131.593997,0.00435,1.691822,0.293042,,,,,0.062135,,,1.525322,0.011126,
BX,2026-06-30,,,0.293507,,0.455939,0.136356,0.024637,,,121.514599,35.665433,16.569271,78.224155,,30.091052,65.997997,0.008229,1.556076,0.281152,,,,,0.08394,,,1.579419,0.007632,
BXP,2024-12-31,0.612194,0.305935,-0.266552,0.190321,0.446959,-0.042202,-0.008773,0.012136,-0.00271,-49.927143,13.308191,2.107019,29.774972,174.55727,33.221896,74.328739,-0.020029,3.131951,0.651105,91.586601,-0.395722,2.509237,,0.032914,7.9902,,-1.676816,,0.005121
BXP,2025-03-31,0.608025,0.288,0.070707,0.543979,0.242756,0.01148,0.002405,0.011865,0.010455,186.769971,13.205997,2.14417,54.400324,60.603019,32.966784,135.802225,0.005354,3.08427,0.646146,32.451448,1.531711,1.472244,,0.034015,7.372756,,3.433251,,0.026487
BXP,2025-06-30,0.606858,0.295456,0.102454,0.582446,0.406635,0.016897,0.003473,0.012174,0.01179,128.415506,13.156698,2.169869,32.355057,56.389326,32.843717,80.769531,0.007787,3.147894,0.646967,30.374004,1.731901,1.321108,,0.033896,7.917882,,3.968947,,0.013752
BXP,2025-09-30,0.608307,0.291437,-0.139656,0.325431,0.314654,-0.024306,-0.004681,0.011752,0.001935,-93.877568,13.110609,2.281753,41.666763,100.570335,32.728662,104.014806,-0.010652,3.464298,0.667232,55.510373,0.288858,1.840826,,0.03352,6.373343,,-2.253056,,0.005396
BXP,2025-12-31,0.6024,0.290262,0.28315,0.78602,0.464888,0.048179,0.009491,0.011698,0.018528,46.007757,13.027096,2.216611,28.022,41.373215,32.520184,69.952707,0.021735,3.367537,0.663404,21.947963,2.812837,2.20846,,0.03352,9.469333,,1.641844,,0.00544
BXP,2026-03-31,0.596325,0.261316,0.116466,0.588279,0.179403,0.019692,0.004046,0.010972,0.012037,112.487463,13.101018,2.215131,73.025619,55.593932,32.70472,182.297471,0.00889,3.171382,0.651676,29.433301,1.874504,1.614549,,0.034744,9.675805,,1.540384,,0.029032
BXP,2026-06-30,0.614257,0.289011,0.076548,0.550348,0.498,0.01328,0.002724,0.012457,0.010792,166.647607,12.756547,2.213029,25.615562,57.863044,31.844801,63.945398,0.006001,3.168363,0.64982,30.682091,1.667844,1.601705,,0.035581,9.877689,,6.505717,,0.01757
C,2024-12-31,,,0.145818,,1.179822,0.013691,0.001214,,,77.393507,11.285401,1.059626,9.565339,,1.476608,1.251551,0.012921,1.609819,0.142717,,,,,0.008324,0.38524,,8.682073,0.086184,
C,2025-03-31,,,0.188139,,-2.788065,0.019133,0.00158,,,54.388744,10.232668,1.040619,-3.670168,,1.338866,-0.480213,0.018386,1.623399,0.134093,,,,,0.0084,0.376062,,-14.445866,0.070228,
C,2025-06-30,,,0.185541,,-1.769724,0.018849,0.001532,,,54.997725,10.204324,1.036647,-5.766052,,1.335157,-0.754444,0.018183,1.750856,0.142338,,,,,0.008259,0.3383,,-9.101518,0.081021,
C,2025-09-30,,,0.169812,,-0.023399,0.017613,0.00142,,,58.911475,10.003886,1.037615,-427.535505,,1.308932,-55.939738,0.016975,1.739746,0.14025,,,,,0.008361,0.290754,,0.293177,0.073184,
C,2025-12-31,,,0.125623,,1.267107,0.01164,0.00093,,,89.451985,11.237207,1.041193,8.868394,,1.470302,1.160361,0.011179,1.73208,0.138381,,,,,0.007403,0.313821,,10.746661,0.082918,
C,2026-03-31,,,0.234562,,-0.944248,0.027422,0.002083,,,38.208445,8.962245,1.047767,-9.491406,,1.172641,-1.241878,0.026172,1.799506,0.136668,,,,,0.008879,0.268894,,-3.780985,0.057373,
C,2026-06-30,,,0.235453,,-1.034928,0.027503,0.002014,,,37.907024,8.925332,1.042548,-8.624107,,1.167811,-1.128398,0.02638,1.899521,0.139128,,,,,0.008555,0.29722,,-4.12948,0.062629,
CAG,2025-02-28,0.250018,0.09384,0.051074,0.136783,0.177121,0.016528,0.006995,0.012094,0.017657,49.901433,2.548644,0.824765,14.389304,37.307767,5.103062,28.811205,0.02004,0.927783,0.392639,20.83299,2.865745,0.689081,0.234937,0.136952,3.69009,190.236391,4.079945,0.031257,0.002218
CAG,2025-05-31,0.254224,0.134517,0.092027,0.176468,0.09368,0.028659,0.012229,0.019219,0.023807,28.283976,2.602882,0.810583,27.784719,29.533099,5.211661,55.63238,0.035356,0.903154,0.385384,16.295783,3.863281,0.711374,0.236901,0.132885,3.612727,181.646282,1.350391,0.030592,0.001941
CAG,2025-08-31,0.243334,0.115855,0.062486,0.182633,-0.009952,0.01845,0.007769,0.010093,0.021974,44.0164,2.750398,0.81212,-276.362514,30.15349,5.507027,-553.351074,0.022719,0.928666,0.391058,15.768927,3.998963,1.057995,0.435833,0.124339,3.479974,237.857993,0.733131,0.055762,0.007445
CAG,2025-11-30,0.233628,0.124501,-0.222752,-0.153906,0.046591,-0.082019,-0.033961,0.023602,-0.034892,-10.911238,2.430498,0.89493,52.166411,-31.620061,4.866503,104.450995,-0.091649,0.942292,0.390163,-16.526281,-5.566132,0.891317,0.283587,0.152459,3.565649,209.942407,-0.31736,0.024101,0.004532
CAG,2026-02-28,0.235921,0.100473,0.071669,0.152306,0.168161,0.024473,0.0104,0.015729,0.020195,36.239729,2.59728,0.886895,15.445175,34.144602,5.200444,30.925337,0.027594,0.898127,0.381651,17.13919,3.452991,0.901094,0.295253,0.145105,3.682695,189.381205,2.824825,0.034292,0.005955
CAG,2026-05-31,0.244301,0.105132,-0.561015,-0.515319,0.137851,-0.254326,-0.093601,0.021303,-0.112697,-4.478136,2.512299,1.138904,18.224762,-9.761512,5.03029,36.490808,-0.223307,1.143262,0.420761,-4.747105,-15.827517,0.904046,0.306368,0.166842,4.37876,149.066982,-0.313254,0.037889,0.001735
CAH,2024-12-31,0.035122,0.00959,0.007238,0.013354,-0.008957,-0.133735,0.00851,0.090121,0.046354,131.044792,0.9485,-17.525215,-105.894782,78.209918,1.044422,-116.603877,0.007631,-2.542962,0.161823,5.143631,15.6,1.015132,0.535218,1.17578,4.467944,-16.834972,-0.99,0.001791,0.000543
CAH,2025-03-31,0.038686,0.011954,0.00922,0.017238,0.050913,-0.171642,0.010146,0.105924,0.055947,103.592721,0.955172,-17.78084,18.760887,61.013657,1.051768,20.658167,0.009653,-2.604817,0.153977,4.60148,9.986486,0.94362,0.502891,1.100399,4.332702,-30.982238,5.770751,0.002296,0.000565
CAH,2025-06-30,0.036603,0.009724,0.003973,0.011087,0.021526,-0.08594,0.004499,0.064427,0.032197,219.321828,0.871323,-18.848586,40.477156,86.535111,0.959439,44.570594,0.00456,-3.066163,0.160517,6.976012,6.189189,0.935111,0.502404,1.132469,4.543045,-32.274175,6.389121,0.003856,0.002543
CAH,2025-09-30,0.036229,0.01178,0.00703,0.014232,0.013514,-0.156304,0.008148,0.093033,0.045321,116.48426,0.818915,-18.206987,60.598748,63.35776,0.901731,66.727074,0.008585,-3.1372,0.16354,4.872667,8.475,0.957013,0.52096,1.158995,4.648439,-35.676855,2.162222,0.001687,0.001453
CAH,2025-12-31,0.036525,0.011626,0.007116,0.014506,0.008457,-0.161928,0.00804,0.092859,0.048615,112.243933,0.798725,-18.175422,94.446697,60.629117,0.8795,103.998053,0.008909,-3.130028,0.155416,6.565126,8.159091,0.905712,0.441289,1.129883,4.803616,-33.001814,1.468951,0.001996,0.001326
CAH,2026-03-31,0.040991,0.013817,0.006547,0.01216,0.027519,-0.14089,0.007038,0.134159,0.033537,131.373225,0.860156,-18.509151,31.256957,77.893278,0.947143,34.41796,0.007612,-3.148305,0.157279,6.719298,4.881188,0.906523,0.477673,1.074988,4.465123,-42.085028,4.568922,0.002396,0.002117
CAH,2026-06-30,0.040206,0.012784,0.006251,0.013727,0.022427,-0.138051,0.006946,0.097905,0.047256,131.703309,0.823249,-18.181726,36.707225,66.039953,0.906504,40.419411,0.007593,-3.082206,0.155081,4.610984,8.012658,0.882676,0.488703,1.111224,4.608903,-46.147287,4.251256,0.004146,0.000911
CARR,2024-12-31,0.261072,0.073621,0.495532,0.219308,-0.016511,0.181166,0.068203,0.0,0.027481,17.410677,8.627552,3.154225,-522.52513,49.415087,10.837147,-656.34863,0.057436,0.9086,0.342058,7.434012,6.872881,1.253294,0.961987,0.137636,1.941909,172.703093,0.051744,0.042152,0.004079
CARR,2025-03-31,0.276926,0.107896,0.078957,0.184553,0.080491,0.029728,0.011304,0.017928,0.022422,107.802515,8.511812,3.20475,105.749133,57.93316,10.691766,132.832461,0.009276,0.838516,0.318847,9.850467,5.892857,1.204393,0.826701,0.143167,1.751594,172.877986,1.17233,0.012074,0.004408
CARR,2025-06-30,0.289383,0.130051,0.096679,0.203501,0.092917,0.040188,0.015353,0.024337,0.030231,75.151668,7.265604,3.020171,78.194782,44.846972,9.126392,98.221186,0.013306,0.80831,0.308809,7.754019,8.06087,1.166305,0.79742,0.158808,1.812333,174.006036,1.098139,0.01325,0.003435
CARR,2025-09-30,0.259724,0.088726,0.076716,0.156659,0.040151,0.029499,0.01124,0.018732,0.018101,103.772514,7.961039,3.061178,198.279625,63.832533,9.999934,249.060864,0.009636,0.850507,0.32408,12.005721,4.732759,1.140958,0.753195,0.146519,1.782998,208.688415,0.796729,0.020972,0.001972
CARR,2025-12-31,0.198677,0.011164,0.010957,0.092826,0.187926,0.003839,0.001425,0.002106,0.00399,838.012001,9.182269,3.217519,48.860986,124.253081,11.533933,61.374734,0.001193,0.887496,0.329417,22.890869,1.043478,1.199466,0.850436,0.130062,1.832891,178.515864,19.622642,0.027083,0.003928
CARR,2026-03-31,0.232915,0.044935,0.044561,0.11159,-0.002808,0.017693,0.0064,0.009371,0.009825,186.616118,8.31579,3.301712,-2960.975735,93.606768,10.445541,-3719.308902,0.005359,0.934657,0.338111,18.098993,2.531532,1.050437,0.749796,0.143629,1.70639,178.444239,0.331933,0.0176,0.003932
CARR,2026-06-30,0.272083,0.121241,0.078885,0.182806,0.127539,0.038108,0.013406,0.02302,0.030098,88.651968,6.99333,3.37831,54.832884,48.053087,8.784386,68.876091,0.01128,0.942725,0.331639,9.136951,6.722222,1.019825,0.72094,0.16994,1.956562,150.470175,1.850299,0.018422,0.001889
CASY,2025-01-31,0.233774,0.035138,0.022312,0.062088,0.023226,0.025487,0.010596,0.018176,0.019527,253.544455,5.657028,6.462078,243.563865,100.867481,6.26264,269.638561,0.003944,0.912982,0.379547,9.440099,,0.919723,0.516507,0.474884,23.483183,2.880705,2.352997,0.029273,0.003034
CASY,2025-04-30,0.231925,0.038964,0.024621,0.065874,0.038353,0.028018,0.011977,0.01991,0.021892,224.632645,5.530754,6.293827,144.207724,92.948554,6.122848,159.645862,0.004452,0.843026,0.360363,8.295597,,0.91936,0.483637,0.48644,22.090436,-0.188823,3.396076,0.045263,0.003066
CASY,2025-07-31,0.243578,0.066849,0.047153,0.090707,0.057448,0.059152,0.025726,0.038633,0.042211,102.542135,4.83522,6.065618,84.166929,59.012358,5.352854,93.177408,0.009752,0.794033,0.345337,4.859328,,1.034333,0.613541,0.545586,23.362949,-4.98634,1.729317,0.024095,0.003333
CASY,2025-10-31,0.248927,0.066284,0.045791,0.09101,0.039062,0.054163,0.024034,0.035915,0.040091,107.024278,4.900699,5.796771,125.460679,59.612556,5.425343,138.891854,0.009344,0.765875,0.339845,4.782457,,1.049523,0.651251,0.524869,23.407742,-7.489325,1.682057,0.037961,0.003426
CASY,2026-01-31,0.257027,0.04975,0.033215,0.078882,0.019357,0.033755,0.01515,0.023512,0.026032,169.7736,5.638973,5.730647,291.308886,79.139204,6.242652,322.494918,0.00589,0.751455,0.337271,6.371329,,1.042033,0.641894,0.45612,20.969243,-2.98068,1.995372,0.046918,0.003149
CASY,2026-04-30,0.23631,0.051367,0.035584,0.07663,0.045371,0.041168,0.018205,0.028082,0.030959,135.741446,4.830278,5.588191,106.460851,69.782121,5.347382,117.858002,0.007367,0.735142,0.325096,5.447953,,1.009926,0.597407,0.51161,18.775119,-8.435797,2.449596,0.041796,0.004466
CASY,2026-07-31,0.218232,0.064999,0.048204,0.085427,0.033404,0.06686,0.030009,0.04462,0.047577,80.677194,3.888985,5.394096,116.424034,50.397663,4.305319,128.887792,0.012395,0.705474,0.316639,3.930181,,1.018516,0.609332,0.622538,23.097971,-8.510376,1.403157,0.034235,0.002982
CAT,2024-12-31,0.342646,0.180327,0.172125,0.240826,0.145298,0.143194,0.031801,0.043214,0.060369,133.23983,22.933849,19.079184,157.840563,105.26822,25.351366,174.478946,0.007505,1.970602,0.43764,8.098079,31.308411,1.41553,0.894119,0.184757,0.860349,737.64163,1.215693,0.063953,
CAT,2025-03-31,0.347954,0.180995,0.140571,0.226402,0.026037,0.110865,0.023572,0.035354,0.05128,185.657697,26.098138,20.582962,1002.351392,127.424798,28.84921,1108.011853,0.005386,2.135828,0.454115,10.857409,23.155172,1.319804,0.771805,0.167687,0.759096,876.438067,0.643535,0.064426,
CAT,2025-06-30,0.327479,0.172612,0.131511,0.211117,0.130786,0.116768,0.024124,0.037105,0.053149,170.66194,22.443863,19.927783,171.606999,117.516409,24.809729,189.696538,0.00586,2.183591,0.451126,10.093196,23.365079,1.338381,0.806091,0.183438,0.834668,765.90757,1.432767,0.057638,
CAT,2025-09-30,0.318574,0.173035,0.1304,0.217145,0.151151,0.111337,0.024541,0.035954,0.056469,161.683638,21.08359,18.001373,139.487009,107.329608,23.306066,154.190697,0.006185,2.010553,0.443162,8.87624,24.511278,1.384179,0.857437,0.188195,0.86203,734.059275,1.624783,0.060721,
CAT,2025-12-31,0.286155,0.139027,0.125542,0.196049,0.117546,0.112675,0.024365,0.031467,0.050833,154.817805,19.436177,17.444055,165.350096,109.590082,21.484994,182.780079,0.006459,2.032555,0.439519,8.889363,24.826772,1.435664,0.939603,0.194076,0.88706,656.452871,1.495004,0.070141,
CAT,2026-03-31,0.330979,0.177146,0.146368,0.226242,0.047028,0.136595,0.026677,0.03955,0.056079,145.889512,21.353567,19.927783,454.056614,104.333096,23.604502,501.919899,0.006855,2.307808,0.450717,9.896954,24.962687,1.352794,0.806139,0.182261,0.795569,771.599185,0.733621,0.06035,
CAT,2026-06-30,0.36022,0.209074,0.174901,0.258434,0.158692,0.185254,0.035016,0.051144,0.074707,103.499128,18.102145,19.17362,114.071278,77.429346,20.010339,126.095827,0.009662,2.327713,0.439981,7.239216,34.762963,1.368434,0.850038,0.200207,0.854819,713.425793,1.216532,0.054082,
CB,2024-12-31,,,0.181594,,0.321932,0.040221,0.010444,,,51.036456,9.267904,2.052746,28.788362,,10.855985,33.72133,0.019594,0.237094,0.061566,,17.502646,,,0.057514,0.41111,,1.772816,,
CB,2025-03-31,,,0.099417,,0.11697,0.020251,0.005287,,,98.736945,9.816169,1.999496,83.920098,,11.498198,98.300045,0.010128,0.220735,0.057628,,10.19337,,,0.053179,0.375645,,1.176559,,
CB,2025-06-30,,,0.199449,,0.238626,0.04277,0.011347,,,44.278596,8.83132,1.89378,37.008976,,10.344592,43.350569,0.022584,0.215808,0.057256,,21.530387,,,0.056893,0.405809,,1.196429,,
CB,2025-09-30,,,0.172901,,0.22463,0.038981,0.010366,,,46.918555,8.112276,1.828945,36.114008,,9.502338,42.302245,0.021314,0.239733,0.06375,,20.766497,,,0.059953,0.439811,,1.299179,,
CB,2025-12-31,,,0.209763,,0.265307,0.043521,0.011787,,,40.940459,8.587785,1.781782,32.369181,,10.059326,37.915732,0.024426,0.233564,0.063259,,19.390244,,,0.056193,0.418481,,1.264798,,
CB,2026-03-31,,,0.156598,,0.266419,0.031441,0.008422,,,56.646066,8.870663,1.781033,33.295889,,10.390676,39.001234,0.017653,0.236759,0.063422,,16.116162,,,0.053784,0.394488,,1.701293,,
CB,2026-06-30,,,0.178833,,0.233724,0.037866,0.010145,,,46.047258,8.234781,1.743603,35.232942,,9.645834,41.270207,0.021717,0.240341,0.064392,,19.12,,,0.056729,0.402142,,1.306938,,
CBOE,2024-12-31,0.372517,0.269592,0.177411,0.293156,-0.662875,0.045916,0.025228,0.036671,0.045762,145.01295,25.726837,6.658343,-38.811011,85.373721,25.027851,-37.756534,0.006896,0.373703,0.205325,1.603634,22.682171,1.776878,,0.142199,2.491228,,-3.615267,0.021488,0.008758
CBOE,2025-03-31,0.375732,0.296318,0.209707,0.329121,0.751632,0.056288,0.028913,0.042994,0.055256,113.707281,23.845226,6.40036,31.72461,70.482704,23.197362,30.862667,0.008795,0.36019,0.185017,1.002543,28.359375,1.602507,,0.137875,2.423935,,3.642857,0.012301,0.010377
CBOE,2025-06-30,0.391478,0.303536,0.200341,0.321602,0.267064,0.050395,0.025983,0.040981,0.052164,121.203933,24.2821,6.108132,90.922287,73.452166,23.622367,88.45197,0.008251,0.343144,0.176917,0.492051,26.937984,1.568298,,0.129693,2.641233,,1.419396,0.017299,0.011334
CBOE,2025-09-30,0.417185,0.328458,0.263467,0.415433,0.120785,0.061578,0.033169,0.04145,0.064355,94.730866,24.958434,5.833291,206.635566,58.445809,24.280325,201.021373,0.010556,0.326455,0.175849,,33.338346,1.717538,,0.125896,2.610794,,0.511636,0.014014,0.011387
CBOE,2025-12-31,0.451495,0.356146,0.260382,0.412209,0.275831,0.061012,0.03369,0.045221,0.066974,90.893284,23.666981,5.545617,85.802603,55.855022,23.02396,83.471386,0.011002,0.309577,0.170946,,34.962406,1.871651,,0.129389,3.076137,,1.123126,0.016611,0.009718
CBOE,2026-03-31,0.472187,0.397234,0.303033,0.438639,1.524827,0.071778,0.03484,0.055493,0.080401,73.878778,22.387684,5.302884,14.682113,49.652243,21.779421,14.283207,0.013536,0.294892,0.143136,,39.759398,1.385103,,0.114971,2.473377,,5.08167,0.015085,0.010135
CBOE,2026-06-30,0.399848,0.329914,0.244732,0.3715,-0.371708,0.062764,0.033282,0.048058,0.074442,80.699645,19.749823,5.065065,-53.132658,51.717999,19.213229,-51.689068,0.012392,0.280902,0.148954,,38.477273,1.565245,,0.135994,2.528566,,-1.425092,0.022942,0.010812
CBRE,2024-12-31,0.203191,0.044598,0.046809,0.061611,0.119858,0.0579,0.019973,0.030102,0.030737,82.948163,3.882714,4.802729,32.394351,78.765607,4.852821,40.488175,0.012056,0.676971,0.233523,4.794072,,1.073544,,0.426691,1.485225,,2.75154,0.008939,0.003268
CBRE,2025-03-31,0.181408,0.031099,0.018366,0.047099,-0.068732,0.019681,0.006182,0.014529,0.017809,247.826721,4.551634,4.877536,-66.22255,120.786493,5.688874,-82.768449,0.004035,1.070152,0.336153,12.600478,,0.996596,,0.336608,1.314231,,-3.349693,0.007211,0.002366
CBRE,2025-06-30,0.18267,0.036534,0.022126,0.062056,-0.00175,0.026051,0.007764,0.018311,0.020797,187.887235,4.157225,4.894675,-2376.220913,83.729277,5.19592,-2969.926716,0.005322,1.155943,0.344491,9.635158,,1.125859,,0.350883,1.32764,,0.265116,0.007616,0.004322
CBRE,2025-09-30,0.190485,0.043381,0.035387,0.072821,0.072431,0.042531,0.012707,0.023135,0.025554,111.283073,3.937976,4.732953,54.368446,67.588694,4.921891,67.952563,0.008986,1.110838,0.331898,7.278447,,1.127421,,0.359098,1.356519,,2.278237,0.008189,0.004582
CBRE,2025-12-31,0.185399,0.018746,0.035773,0.034999,0.092613,0.046857,0.013473,0.010565,0.011748,97.105182,3.473708,4.550096,37.507665,124.050993,4.341625,46.879066,0.010298,1.125366,0.323574,14.058968,,1.094886,,0.376623,1.40379,,2.935096,0.012383,0.00086
CBRE,2026-03-31,0.175929,0.019949,0.030208,0.037238,-0.086064,0.037324,0.01054,0.009603,0.011403,127.030678,3.837347,4.741286,-44.586927,128.797842,4.79612,-55.727102,0.007872,1.215728,0.343321,16.043367,,1.083468,,0.348923,1.252618,,-2.59434,0.007694,0.00456
CBRE,2026-06-30,0.185819,0.032068,0.018172,0.05799,0.002138,0.024291,0.006695,0.017118,0.018795,198.018409,3.59841,4.810164,1683.15648,77.55569,4.497484,2103.698091,0.00505,1.259467,0.347117,10.144393,,1.140938,,0.368416,1.278151,,0.676471,0.010155,0.005256
CCI,2024-12-31,0.718617,0.352941,-2.891449,-2.482717,0.364463,35.849624,-0.14565,0.02433,-0.148271,-6.696145,19.361563,-240.054272,53.123491,-13.054659,32.411022,88.928079,-0.14934,-220.902256,0.897483,-5.851001,-19.530172,0.500689,,0.050373,5.627986,,-0.183935,0.167374,0.013948
CCI,2025-03-31,0.747408,0.492931,-0.437323,0.6541,0.566447,0.370311,-0.01461,0.022226,0.017945,-68.80866,30.091629,-25.480621,53.123491,77.011204,50.373021,88.928079,-0.014533,-23.68316,0.934351,35.038905,2.267544,0.367797,,0.033407,3.444805,,-1.381466,0.0377,0.016965
CCI,2025-06-30,0.737736,0.479245,0.274528,0.640566,0.74717,-0.210564,0.009198,0.021846,0.018108,109.715526,30.120017,-23.102184,40.312144,78.712482,50.420543,67.48204,0.009114,-21.393632,0.934568,35.634757,2.144681,0.282409,,0.033506,3.47541,,2.859107,0.037736,0.016981
CCI,2025-09-30,0.738806,0.492537,0.301306,0.641791,0.625933,-0.216343,0.010254,0.022802,0.019115,98.845877,29.782853,-21.384607,47.581547,77.682813,49.856134,79.650932,0.010117,-19.809109,0.938859,35.264535,2.175732,0.259251,,0.034031,3.054131,,2.210526,0.040112,0.017724
CCI,2025-12-31,0.738562,0.492063,0.27451,0.643324,0.757236,-0.179817,0.009328,0.022965,0.019194,108.59598,29.810661,-19.527351,39.367717,77.570066,49.902685,65.901079,0.009208,-18.08318,0.938067,35.17852,2.171548,0.255414,,0.033981,3.159292,,2.959184,0.055089,0.016807
CCI,2026-03-31,0.736634,0.477228,0.149505,0.625743,0.447525,-0.078646,0.00481,0.020705,0.017238,211.438531,31.611107,-16.628759,70.635438,84.5661,52.916609,118.242866,0.00473,-15.561979,0.951833,38.966772,1.957447,0.266525,,0.032175,2.752044,,3.370861,0.056436,0.017822
CCI,2026-06-30,0.734127,0.468254,0.093254,0.669643,0.468254,-0.028746,0.00437,0.031116,0.027659,339.651257,31.673828,-9.763675,67.642411,79.178926,53.021603,113.232575,0.002944,-7.157187,1.087951,25.477037,2.507463,0.521581,,0.046858,2.724324,,5.648936,0.058532,0.02877
CCL,2025-02-28,0.351807,0.093287,-0.013425,0.165749,0.054733,-0.008494,-0.001607,0.014972,0.008361,-383.501758,5.148561,3.257447,94.066469,55.925376,9.269559,169.358922,-0.002608,3.091691,0.584959,27.19107,0.819629,0.257126,0.212386,0.119707,10.699816,-21.422314,-11.858974,0.104475,0.003098
CCL,2025-05-31,0.385904,0.147598,0.089286,0.255689,0.243521,0.056455,0.011043,0.024337,0.024212,52.943606,4.727108,2.988923,19.41151,33.285623,8.510768,34.948824,0.018888,2.86251,0.559914,15.517923,2.715543,0.33661,0.299768,0.123678,11.121265,-34.995228,4.233628,0.134482,0.004267
CCL,2025-08-31,0.462161,0.27867,0.227156,0.354716,0.090274,0.155265,0.036434,0.058962,0.055185,16.151802,3.668973,2.507808,40.642849,18.622454,6.605683,73.174099,0.061913,2.335681,0.548091,8.547026,6.858044,0.33823,0.296695,0.160394,12.52381,-28.955855,0.74676,0.079357,0.003066
CCL,2025-11-30,0.382464,0.116114,0.066667,0.228278,0.001896,0.034354,0.008165,0.018883,0.018629,70.884211,4.725614,2.43513,2492.761429,37.270683,8.508079,4488.011435,0.014108,2.278818,0.541587,17.10173,2.28254,0.322258,0.283685,0.122468,9.336283,-30.002169,3.597156,0.237915,0.004423
CCL,2026-02-28,0.361071,0.098297,0.041849,0.205515,0.113058,0.019799,0.005003,0.014854,0.014586,115.942392,4.85209,2.295537,42.916983,42.506817,8.735789,77.26849,0.008625,2.041823,0.51597,18.836622,1.962199,0.299195,0.258132,0.119553,9.298643,-28.576357,4.895349,0.091809,0.004542
CCL,2026-05-31,0.365901,0.12787,0.080594,0.234579,0.263395,0.041413,0.010282,0.021817,0.021653,55.704166,4.48944,2.306866,17.044523,34.456902,8.082866,30.687258,0.017952,2.0182,0.501072,14.488804,2.947368,0.334375,0.293286,0.127575,10.526066,-25.279208,4.897579,0.131322,0.003302
CDNS,2024-12-31,0.837762,0.336181,0.250896,0.383797,0.298055,0.072794,0.037909,0.049676,0.061354,229.001712,57.455578,16.670027,192.768336,151.854087,58.281206,195.538386,0.004367,0.553126,0.288047,,15.600328,2.93122,2.743124,0.151093,3.450184,524.158299,1.297313,0.027435,0.078547
CDNS,2025-03-31,0.865449,0.290883,0.220208,0.351169,0.373449,0.057279,0.030352,0.038321,0.049893,284.775778,62.70992,16.311658,167.921098,181.141028,63.611052,170.334097,0.003512,0.51864,0.274828,,13.215537,3.073638,2.900186,0.137834,3.94432,,1.780184,0.018562,0.086619
CDNS,2025-06-30,0.855605,0.290401,0.125487,0.287984,0.261492,0.031968,0.016832,0.028226,0.038636,486.774044,61.083713,15.561386,233.596605,215.156321,61.961477,236.953351,0.002054,0.494982,0.260619,,10.693485,2.82149,2.670369,0.134134,3.551741,-27.259817,2.359267,0.034565,0.092772
CDNS,2025-09-30,0.863917,0.338193,0.214456,0.356703,0.206879,0.055226,0.029911,0.043107,0.051487,271.343445,58.191262,14.985313,281.281086,165.480534,59.027461,285.32305,0.003685,0.47685,0.258264,,14.527915,3.047896,2.844426,0.139473,3.488401,502.994575,1.081986,0.025159,0.086697
CDNS,2025-12-31,0.868951,0.323047,0.269518,0.410574,0.355843,0.070903,0.038228,0.04605,0.06133,200.72519,54.098962,14.232023,152.030568,133.657505,54.876355,154.215222,0.004982,0.47796,0.257697,,17.744599,2.855561,2.669939,0.141839,2.922108,531.158635,1.426034,0.028498,0.07858
CDNS,2026-03-31,0.854476,0.292586,0.227687,0.369068,0.20822,0.051156,0.027744,0.035721,0.046268,232.105918,52.847385,11.873674,253.805593,145.248944,53.606794,257.452739,0.004308,0.469919,0.254857,2.755992,14.541992,1.4707,1.323671,0.121853,2.855505,518.767235,1.059948,0.033116,0.093733
CDNS,2026-06-30,0.848958,0.283987,0.231674,0.418871,0.363107,0.053526,0.030386,0.034658,0.053303,212.241259,49.170768,11.360323,135.416568,119.075591,49.877344,137.362483,0.004712,0.38661,0.219477,1.569665,15.521687,1.742655,1.531507,0.13116,3.141134,,1.729694,0.037617,0.092707
CDW,2024-12-31,0.222773,0.078789,0.050945,0.092075,0.061068,0.112297,0.017999,0.037474,0.044329,69.175991,3.524161,7.768222,57.708547,50.982196,4.694176,76.867693,0.014456,2.546819,0.408212,11.18178,7.221239,1.346833,1.236263,0.353308,1.009775,110.08618,1.306964,0.005515,0.00268
CDW,2025-03-31,0.215864,0.069512,0.043257,0.083861,0.050066,0.09681,0.014975,0.032701,0.039093,81.264103,3.515281,7.867202,70.212435,55.834859,4.682349,93.522852,0.012306,2.580001,0.399081,12.343119,6.323993,1.323463,1.198893,0.34618,0.974636,114.124595,1.277012,0.005174,0.003943
CDW,2025-06-30,0.207677,0.070308,0.045377,0.082823,0.02232,0.109922,0.017765,0.038556,0.044577,67.390475,3.057976,7.407708,137.003723,49.179795,4.073219,182.488744,0.014839,2.338278,0.377906,10.407475,7.424296,1.349794,1.218613,0.391505,1.062148,109.484932,0.574853,0.003765,0.003932
CDW,2025-09-30,0.218827,0.077265,0.05072,0.090233,0.052027,0.11458,0.019148,0.040556,0.046273,62.805143,3.185467,7.196242,61.227125,47.02337,4.243037,81.554434,0.015922,2.267039,0.378849,9.997875,8.08,1.390361,1.300136,0.37752,0.991755,109.540063,1.128179,0.005194,0.004723
CDW,2025-12-31,0.227617,0.078153,0.050717,0.091036,0.071838,0.107248,0.017438,0.039601,0.048579,65.389255,3.31633,7.012892,46.163922,48.523019,4.417347,61.490271,0.015293,2.22079,0.361089,9.98824,7.309402,1.176361,1.098393,0.343831,0.873044,104.518602,1.552057,0.006877,0.002268
CDW,2026-03-31,0.209514,0.0662,0.041445,0.079123,0.043734,0.092119,0.014307,0.033852,0.042753,77.639323,3.217771,7.15203,73.576074,54.170001,4.286066,98.003214,0.01288,2.266064,0.351945,11.264798,6.768535,1.164539,1.057946,0.345205,0.878084,111.559775,1.167375,0.004648,0.003891
CDW,2026-06-30,0.200816,0.065214,0.041752,0.077326,-0.012568,0.112362,0.015903,0.038187,0.048346,66.60458,2.780849,7.483845,-221.262672,47.902398,3.704087,-294.721531,0.015014,2.442283,0.34566,10.734357,7.194352,1.166831,1.048491,0.380891,0.894944,120.455476,-0.200802,0.004184,0.004276
CEG,2024-12-31,0.241174,0.13155,0.158305,0.266072,-0.324229,0.064712,0.016098,0.032582,0.020595,105.922108,16.768048,6.854446,-51.716697,80.023489,21.292017,-65.669706,0.009441,0.638918,0.158939,3.763966,10.544444,1.574058,1.340345,0.101689,1.727214,142.594965,-1.192488,0.135452,
CEG,2025-03-31,0.126547,0.051267,0.017384,0.114467,-0.102976,0.009108,0.002258,0.013948,0.006498,764.793526,13.294879,6.965548,-129.106776,147.482157,16.881797,-163.939394,0.001308,0.645107,0.159956,8.380952,2.034247,1.471505,1.242017,0.129909,2.1259,,0.90678,0.118739,
CEG,2025-06-30,0.221603,0.082282,0.137518,0.30831,0.116374,0.062398,0.015819,0.015098,0.029734,107.563333,14.791942,6.711709,127.10653,60.921657,18.782763,161.399488,0.009297,0.618102,0.156699,3.368953,11.788136,1.475863,1.222506,0.115031,2.070241,,1.760429,0.125717,
CEG,2025-09-30,0.227093,0.22207,0.141553,0.306545,0.221918,0.064808,0.01656,0.041545,0.031392,97.038318,13.736018,6.288895,61.89687,56.898528,17.441954,78.596458,0.010305,0.629756,0.160912,2.521351,11.410448,1.562575,1.33937,0.116985,2.073864,,1.987097,0.059361,
CEG,2025-12-31,0.16299,0.132697,0.071123,0.211887,-0.029799,0.029758,0.007546,0.021453,0.016327,208.901935,14.857694,6.216549,-498.594675,89.039344,18.866256,-633.114013,0.004787,0.619412,0.157068,4.157731,7.123894,1.525554,1.307024,0.106098,1.698071,137.627795,1.863426,0.162331,
CEG,2026-03-31,0.268837,0.20374,0.14296,0.274231,-0.076425,0.047487,0.016407,0.0304,0.028412,56.758262,8.114155,2.695267,-106.171337,37.571684,10.30333,-134.816043,0.017619,0.670967,0.231821,7.103607,9.399209,1.36277,1.167386,0.114765,2.808586,124.303205,0.267296,0.114638,
CEG,2026-06-30,0.163646,-0.006263,0.068364,0.250267,-0.015725,0.016043,0.005221,-0.000463,0.013882,175.917419,12.026337,2.822205,-764.793526,61.018976,15.271007,-971.132511,0.005684,0.77243,0.251392,12.78115,4.180212,1.455264,1.196823,0.076374,1.992036,236.153448,2.19883,0.166045,
CF,2024-12-31,0.343832,0.264436,0.215223,0.4521,0.145669,0.065797,0.024358,0.045857,0.037002,58.920361,12.681022,3.876806,87.053506,34.297357,15.505826,106.4454,0.016972,0.651153,0.241052,1.969521,13.371429,3.080685,2.696822,0.113174,4.031746,159.516496,1.280488,0.129921,0.006562
CF,2025-03-31,0.343957,0.285027,0.187613,0.416717,0.273001,0.065272,0.023445,0.049112,0.03816,61.941918,11.621093,4.043071,42.568014,34.099392,14.209789,52.050394,0.016144,0.68954,0.247671,2.25974,13.485714,2.591054,2.217252,0.124962,2.857388,45.438384,1.878205,0.079375,0.006013
CF,2025-06-30,0.399471,0.34127,0.204233,0.47672,0.167725,0.077776,0.028073,0.062972,0.05178,50.067042,10.225332,3.893991,60.964916,26.22739,12.50311,74.545359,0.019973,0.670159,0.241891,1.428413,19.676471,3.224096,2.843373,0.137455,3.225256,-0.993683,1.458549,0.130159,0.006349
CF,2025-09-30,0.380952,0.345992,0.212779,0.493671,0.432188,0.072799,0.024854,0.059738,0.046692,54.747531,11.649113,3.985539,26.953805,28.853332,14.24405,32.95799,0.018266,0.700351,0.239104,1.387057,16.27027,2.273282,1.99313,0.116806,2.755814,8.41123,3.014164,0.209162,0.007836
CF,2025-12-31,0.408654,0.363782,0.215812,0.464209,0.167201,0.083506,0.028677,0.069534,0.048557,47.836332,10.323653,3.994601,61.74402,27.193186,12.623333,75.498015,0.020905,0.75155,0.258092,1.418872,16.435897,3.365276,2.933484,0.132879,4.216216,164.054704,1.334158,0.120726,0.005342
CF,2026-03-31,0.375629,0.345921,0.309668,0.558409,0.136455,0.115125,0.0421,0.064297,0.064542,31.424192,9.731057,3.617723,71.313204,21.308277,11.89873,87.198814,0.031823,0.677649,0.247809,1.058611,23.810811,3.539666,3.152401,0.135953,2.735537,62.195132,0.806504,0.113293,0.005539
CF,2026-06-30,0.515302,0.4964,0.327183,0.610261,0.271377,0.126479,0.048149,0.09783,0.07964,26.583051,8.697515,3.362192,32.049549,17.426902,10.634959,39.188854,0.037618,0.628566,0.239287,0.542773,23.770833,4.860104,4.322539,0.147162,3.094708,41.012004,1.207703,0.123762,0.00405
CFG,2024-12-31,,,0.202935,,0.220142,0.016533,0.001844,,,70.413202,14.289319,1.164166,64.909642,,16.613711,75.468259,0.014202,0.511297,0.057011,,,,,0.009084,,,1.204489,0.024291,0.010628
CFG,2025-03-31,,,0.192765,,-0.117313,0.015,0.001694,,,75.698912,14.59209,1.135514,-124.386318,,16.965733,-144.619791,0.01321,0.495214,0.055935,,,,,0.00879,,,-0.571046,0.007235,0.016021
CFG,2025-06-30,,,0.21404,,0.418753,0.017278,0.001997,,,64.760766,13.861411,1.118954,33.101634,,16.116197,38.486158,0.015441,0.506261,0.058518,,,,,0.009331,,,2.03211,0.0162,0.021109
CFG,2025-09-30,,,0.233239,,0.78423,0.019126,0.002218,,,57.157275,13.3313,1.093178,16.999214,,15.499855,19.764414,0.017496,0.412521,0.047835,,,,,0.009509,,,3.433198,0.016525,0.010859
CFG,2025-12-31,,,0.244784,,-0.115902,0.020063,0.002333,,,53.476693,13.090262,1.072907,-112.942776,,15.219607,-131.31477,0.0187,0.428696,0.049843,,,,,0.009529,,,-0.299242,0.042652,0.010663
CFG,2026-03-31,,,0.238469,,0.109317,0.019754,0.002268,,,54.614495,13.023844,1.078851,119.13795,,15.142386,138.51769,0.01831,0.470503,0.054028,,,,,0.009512,,,0.458414,,0.015221
CFG,2026-06-30,,,0.257118,,0.308804,0.022419,0.00251,,,48.101693,12.367803,1.078398,40.05063,,14.379629,46.565521,0.020789,0.624413,0.069917,,,,,0.009763,,,1.236797,,0.021463
CHD,2024-12-31,0.447472,0.162263,0.119595,0.21378,0.150253,0.043387,0.021299,0.029228,0.036539,118.790008,14.206744,5.153887,94.552248,72.881641,15.580639,103.696133,0.008418,0.505549,0.248179,3.667948,11.816239,1.702713,1.236644,0.178091,2.633156,100.283798,1.544926,0.034513,0.005436
CHD,2025-03-31,0.449594,0.201281,0.150024,0.249676,0.11533,0.048363,0.024576,0.034102,0.039417,102.112992,15.319385,4.93849,132.83138,67.290666,16.80088,145.677133,0.009793,0.484553,0.246229,3.086814,13.107296,1.952649,1.429553,0.163814,2.455397,117.327645,0.843707,0.011247,0.014109
CHD,2025-06-30,0.429529,0.173737,0.126801,0.219478,0.138286,0.043471,0.021734,0.030236,0.03615,117.670521,14.920713,5.115294,107.897597,74.557081,16.363653,118.332073,0.008498,0.502037,0.250996,3.879613,11.659574,1.844945,1.329969,0.1714,2.465303,113.81883,1.208377,0.014937,0.006307
CHD,2025-09-30,0.450555,0.16057,0.114909,0.204402,0.256874,0.043145,0.019925,0.030555,0.034017,123.353839,14.174489,5.322062,55.180627,76.052363,15.545264,60.516992,0.008107,0.522022,0.241077,5.85992,10.92437,1.086403,0.65512,0.173396,2.617798,86.934202,2.390231,0.017785,0.008829
CHD,2025-12-31,0.45846,0.161781,0.087276,0.169383,0.187447,0.035855,0.016101,0.032692,0.028686,156.620693,13.669304,5.615679,72.923652,88.504743,14.991224,79.975895,0.006385,0.550972,0.247419,6.449192,8.646341,1.066302,0.709221,0.184485,2.770812,50.728528,2.532404,0.033573,0.008393
CHD,2026-03-31,0.463758,0.198053,0.147213,0.244674,0.097257,0.051672,0.024016,0.036125,0.039062,103.906932,15.296447,5.369104,157.278303,68.563479,16.775724,172.48825,0.009624,0.526923,0.244901,4.735188,12.358333,1.217419,0.808193,0.163138,2.548214,73.054197,0.808137,0.021711,0.017491
CHRW,2024-12-31,0.078917,0.043922,0.035679,0.049724,0.060397,0.086702,0.028182,0.052557,0.061822,119.734464,4.272053,10.381269,70.732781,94.651814,4.706493,77.92584,0.008352,1.01108,0.328644,5.920285,11.973876,1.277305,,0.789867,1.755523,,1.794503,0.00363,0.004861
CHRW,2025-03-31,0.080197,0.043703,0.033435,0.050039,0.022351,0.077996,0.02589,0.048838,0.059692,132.127196,4.417648,10.305422,197.64811,97.261932,4.866894,217.747624,0.007568,0.996579,0.330798,6.222371,8.820159,1.29176,,0.774331,1.629882,,0.787357,0.003974,0.00572
CHRW,2025-06-30,0.086524,0.052198,0.03686,0.058209,0.050034,0.085447,0.02865,0.054097,0.071353,117.249011,4.321743,10.018608,86.375611,81.79519,4.761235,95.159443,0.008529,0.948071,0.317879,4.976398,,1.312685,,0.777266,1.629791,,1.489647,0.004873,0.005048
CHRW,2025-09-30,0.086243,0.053383,0.039399,0.059626,0.062083,0.087767,0.031177,0.057686,0.066044,109.684048,4.321426,9.626645,69.607726,79.845356,4.760887,76.686375,0.009117,0.809039,0.287387,4.241838,14.154339,1.585129,,0.791309,1.626948,,1.689988,0.004501,0.004531
CHRW,2025-12-31,0.081795,0.046351,0.034841,0.053119,0.07405,0.073861,0.02695,0.05058,0.056204,131.139545,4.569064,9.686074,61.702104,94.763392,5.033707,67.976802,0.007625,0.756042,0.275856,4.46783,12.232917,1.527837,,0.773495,1.657314,,2.240403,0.004008,0.004421
CHRW,2026-03-31,0.076695,0.04378,0.03669,0.049973,0.013353,0.086398,0.028122,0.050936,0.052617,121.420292,4.454864,10.490496,333.633315,98.211086,4.907894,367.561631,0.008236,0.965005,0.314108,5.899441,,1.585782,,0.766497,1.578545,,0.465921,0.003742,0.007051
CHTR,2024-12-31,0.560175,0.248025,0.105271,0.394083,0.02858,0.094053,0.009772,0.02541,0.024316,11.361982,1.196084,1.068625,41.850919,21.216799,8.36118,292.557273,0.088013,6.143774,0.638335,17.365889,2.605965,0.313881,,0.092828,4.49661,,2.360164,0.219876,0.00991
CHTR,2025-03-31,0.567528,0.244631,0.088606,0.384128,0.11387,0.074906,0.008062,0.022839,0.022545,13.68666,1.212717,1.025215,10.650042,22.069332,8.477451,74.448718,0.073064,5.881517,0.633021,17.960766,2.493956,0.36337,,0.090988,4.148294,,3.48069,0.194539,0.016163
CHTR,2025-06-30,0.566105,0.24408,0.094508,0.388493,0.052739,0.080264,0.008582,0.023391,0.023148,12.802971,1.209986,1.027618,22.943066,21.772213,8.458361,160.382637,0.078107,5.940095,0.635158,17.890239,2.511481,0.330585,,0.090811,3.878839,,2.767102,0.208775,0.011405
CHTR,2025-09-30,0.560927,0.237712,0.083163,0.37756,0.10452,0.07412,0.007439,0.021943,0.021465,14.649662,1.218305,1.085832,11.656169,22.556721,8.516515,81.482012,0.068261,6.327575,0.635034,18.713871,2.367508,0.374557,,0.089447,3.799889,,3.940193,0.223157,0.011044
CHTR,2025-12-31,0.569738,0.2466,0.097934,0.398868,0.031321,0.08297,0.008637,0.023364,0.02293,12.505004,1.224665,1.03754,39.100154,21.463188,8.560973,273.328157,0.079968,6.049645,0.629785,17.814562,2.544094,0.386593,,0.088196,3.695924,,2.823574,0.245203,0.010514
CHTR,2026-03-31,0.567772,0.237038,0.085534,0.389424,0.106568,0.07098,0.00752,0.021228,0.021677,14.322154,1.225025,1.01658,11.495283,21.990141,8.563492,80.357346,0.069822,5.909185,0.626096,18.187913,2.455414,0.400808,,0.087925,3.873789,,3.700774,0.209973,0.01493
CHTR,2026-06-30,0.558628,0.230223,0.09552,0.404554,0.077924,0.076215,0.008302,0.020887,0.023089,12.892156,1.231455,0.982578,15.803288,21.278837,8.608443,110.472291,0.077567,5.704932,0.621458,17.580592,2.566614,0.360938,,0.086918,3.704738,,3.037926,0.212258,0.010203
CI,2024-09-30,,,,,,,,,,,,,,44.026656,,,,,,,,,,,,,,,
CI,2024-12-31,,,0.021669,0.045909,0.074182,0.034704,0.009135,,,51.081544,1.106869,1.772722,14.92105,32.366961,1.485934,20.030999,0.019577,0.779178,0.205105,8.094796,6.549724,,,0.421584,2.163879,,3.660112,0.005128,
CI,2025-03-31,0.097573,0.026554,0.020272,0.041125,0.024409,0.032889,0.008781,0.020965,0.021177,54.981193,1.114552,1.808286,45.662347,36.382683,1.496248,61.300139,0.018188,0.756923,0.2021,8.239195,5.552486,0.781326,0.688474,0.433193,2.423558,-88.266226,1.451247,0.00501,
CI,2025-06-30,0.088509,0.030922,0.022885,0.045412,-0.032431,0.038096,0.010102,0.023549,0.024855,47.480495,1.086614,1.808826,-33.505352,32.12208,1.458742,-44.979789,0.021061,0.765107,0.202887,8.697039,6.997033,0.787668,0.682576,0.441421,2.149159,-66.129698,-1.23107,0.004257,
CI,2025-09-30,0.088369,0.033734,0.026872,0.048033,0.04517,0.044684,0.011829,0.02658,0.026038,38.940106,1.046395,1.739986,23.165643,29.245619,1.404749,31.099083,0.02568,0.814257,0.215554,8.390237,7.613833,0.827857,0.728092,0.440194,2.19228,-64.082381,1.829764,0.003999,
CI,2025-12-31,0.084261,0.02781,0.017107,0.040217,0.080781,0.029583,0.007814,0.019221,0.021452,58.946611,1.008417,1.743824,12.483288,33.661193,1.353765,16.758387,0.016965,0.754273,0.199235,8.199586,6.019337,0.848639,0.718398,0.456772,2.507404,-71.944707,4.982982,0.004464,
CI,2026-03-31,0.091782,0.03157,0.02422,0.047985,0.012652,0.039185,0.010792,0.024176,0.026098,43.978306,1.065134,1.723291,84.189952,29.798939,1.429906,113.022132,0.022738,0.732054,0.20161,7.28105,7.358543,0.818006,0.707163,0.445578,2.566693,-71.212503,0.683797,0.00391,
CI,2026-06-30,0.087722,0.033671,0.023251,0.045773,-0.010057,0.038949,0.010568,0.026808,0.025739,43.819349,1.018826,1.706713,-101.309357,29.881004,1.367739,-136.004348,0.022821,0.747959,0.202939,7.827417,7.339888,0.84574,0.740506,0.454514,2.318052,-52.552634,-0.253614,0.00416,
CIEN,2025-01-31,0.440025,0.076667,0.041568,0.117013,0.071661,0.015956,0.007998,0.012319,0.019931,1109.728365,46.129495,17.707161,643.720151,399.453955,46.741172,652.25587,0.000901,0.56506,0.283233,5.323389,3.929239,3.650443,2.766892,0.192406,1.142278,592.698881,2.327089,0.025072,0.038056
CIEN,2025-04-30,0.402209,0.0309,0.007966,0.067893,0.113874,0.00323,0.001585,0.003801,0.00923,5514.863716,43.932658,17.815584,385.801297,655.66908,44.515204,390.917016,0.000181,0.572195,0.280708,7.726226,1.807336,3.404127,2.569097,0.198941,1.210883,548.321441,17.498718,0.025525,0.042599
CIEN,2025-07-31,0.412568,0.061757,0.041257,0.101945,0.11038,0.018049,0.008751,0.013307,0.019168,983.199743,40.563737,17.745774,367.490956,403.175036,41.101612,372.36388,0.001017,0.569454,0.2761,3.877974,3.882121,3.281079,2.515241,0.212112,1.188991,508.625109,3.465592,0.032599,0.038486
CIEN,2025-10-31,0.426913,0.087642,0.014415,0.045986,0.240867,0.007141,0.003323,0.027782,0.005446,2537.986181,36.585354,18.122741,151.889957,806.129588,37.070475,153.904016,0.000394,0.595589,0.277178,7.138036,1.130169,2.725102,2.093614,0.23053,1.385434,396.95839,19.04033,0.033601,0.036117
CIEN,2026-01-31,0.438333,0.133995,0.105311,0.172524,0.107747,0.053819,0.025505,0.036654,0.043671,329.131124,34.661077,17.713636,321.688428,203.569831,35.120682,325.954011,0.003038,0.568933,0.269614,1.677143,9.521455,2.813853,2.141697,0.242185,1.475119,383.416114,1.514775,0.051775,0.034916
CIEN,2026-04-30,0.440273,0.151951,0.138928,0.18994,0.139205,0.075451,0.036132,0.05096,0.053507,226.664892,31.490154,17.101993,226.214991,167.988472,31.907713,229.214598,0.004412,0.546493,0.261709,1.628958,11.467044,2.726743,2.108939,0.26008,1.492291,328.389057,1.190093,0.026133,0.035316
CIEN,2026-07-31,0.454343,0.180756,0.159424,0.218485,0.069593,0.087158,0.033314,0.041212,0.047861,185.658674,29.598441,16.181568,425.307291,137.267851,29.990916,430.946859,0.005386,1.074962,0.410876,2.147633,54.527658,3.797162,3.167992,0.208963,1.354666,356.66679,0.736658,0.047848,0.034634
CINF,2024-12-31,,,0.159574,,0.251379,0.029064,0.011096,,,64.043928,10.219776,1.861341,40.654845,,9.81946,39.062367,0.015614,0.062792,0.023972,,37.846154,,,0.069532,0.726804,,1.585185,0.001576,
CINF,2025-03-31,,,-0.035074,,0.119641,-0.006561,-0.002414,,,-288.197678,10.108258,1.890785,84.487918,,9.712311,81.178471,-0.00347,0.064003,0.023554,,-8.846154,,,0.068838,0.646185,,-3.444444,0.001169,
CINF,2025-06-30,,,0.210899,,0.226909,0.047899,0.017636,,,37.865388,7.985773,1.813705,35.193746,,7.672965,33.815184,0.026409,0.061814,0.022759,,62.071429,,,0.083621,0.779084,,1.081752,0.001232,
CINF,2025-09-30,,,0.301127,,0.297638,0.072829,0.027658,,,23.117461,6.961297,1.683616,23.38845,,6.688618,22.472309,0.043257,0.057315,0.021766,,109.692308,,,0.091848,0.934772,,0.99287,0.001342,
CINF,2025-12-31,,,0.218699,,0.303785,0.042486,0.016487,,,38.369513,8.391391,1.63018,27.622781,,8.062695,26.540778,0.026062,0.055685,0.021609,,65.615385,,,0.075387,0.814064,,1.400888,0.002588,
CINF,2026-03-31,,,0.095704,,0.228432,0.017437,0.006649,,,94.663471,9.059655,1.650617,39.660231,,8.704782,38.106713,0.010564,0.056256,0.021451,,26.076923,,,0.069472,0.725177,,2.394161,0.000699,
CL,2024-12-31,0.603033,0.227503,0.149444,0.240849,0.219414,3.485849,0.046055,0.108143,0.10139,94.355489,14.100851,328.908993,64.266089,64.200429,15.462631,70.472545,0.010598,40.150943,0.530475,5.753988,,0.923251,0.578225,0.308176,3.251151,146.109007,1.717185,0.037209,0.00546
CL,2025-03-31,0.608226,0.2191,0.140501,0.23763,0.096925,1.900826,0.041449,0.094961,0.104128,101.056096,14.198474,192.090101,146.488879,65.520746,15.569683,160.635947,0.009895,22.779614,0.496726,6.132819,15.439394,0.847398,0.537677,0.295008,2.846957,189.862492,0.869565,0.025249,0.004683
CL,2025-06-30,0.600587,0.21135,0.145401,0.240509,0.151859,1.058405,0.04253,0.087636,0.100795,93.847519,13.645539,99.328642,89.856581,62.215387,14.963348,98.534421,0.010656,12.475783,0.501317,6.13751,15.183099,0.885018,0.572103,0.292501,2.882121,185.658046,1.189771,0.021135,0.006262
CL,2025-09-30,0.594231,0.206393,0.143247,0.237186,0.215553,0.858645,0.041969,0.088166,0.096124,94.868989,13.589691,81.458769,63.045847,62.82885,14.902107,69.134458,0.010541,9.83528,0.480729,5.866886,15.80597,0.929649,0.604988,0.292982,2.839513,171.144034,1.715646,0.030209,0.014032
CL,2025-12-31,0.60153,0.194837,-0.007075,0.065966,0.243977,-0.685185,-0.002266,0.0,0.018149,-1884.559637,13.332449,1291.272344,54.646322,221.631046,14.620021,59.923755,-0.000531,158.407407,0.523821,19.42029,2.6875,0.833066,0.536553,0.320269,3.122388,106.9145,-39.27027,0.033843,0.005354
CL,2026-03-31,0.605935,0.181067,0.121337,0.20849,0.114388,4.455172,0.038892,0.090659,0.089359,107.939174,13.097052,480.887631,114.497055,68.885325,14.361892,125.554533,0.009264,54.986207,0.480012,5.98018,15.387097,1.024941,0.673407,0.32053,2.818422,127.765319,1.156347,0.02592,0.007513
CL,2026-06-30,0.614811,0.189517,0.129267,0.217683,0.161724,2.936441,0.041275,0.095014,0.095095,100.618624,13.00666,295.460621,80.425267,65.520746,14.26277,88.192285,0.009939,33.292373,0.467957,5.558698,16.322581,1.026025,0.671275,0.319297,2.732416,145.247281,1.435786,0.023876,0.007088
CLX,2024-12-31,0.437722,0.137011,0.114472,0.185053,0.075326,-4.707317,0.034606,0.071869,0.067325,52.069259,5.960479,-245.106513,79.128874,50.212713,9.292032,123.357216,0.019205,-75.414634,0.55442,7.634615,11.772727,0.943353,0.601156,0.302313,2.79602,-203.655608,0.932642,0.031435,0.016014
CLX,2025-03-31,0.446043,0.142686,0.111511,0.199041,0.139688,6.888889,0.033745,0.069801,0.082514,54.028855,6.0248,372.198779,43.130331,47.187851,9.392306,67.237624,0.018509,109.037037,0.534107,6.960843,12.043478,0.737819,0.443155,0.302612,2.79397,-414.886403,1.537634,0.031775,0.014388
CLX,2025-06-30,0.464789,0.211268,0.167002,0.245976,0.110161,1.034268,0.059701,0.122533,0.118616,30.269178,5.055014,31.306439,45.887521,32.037559,7.880466,71.53592,0.033037,8.971963,0.517892,4.746421,19.636364,0.837936,0.565399,0.35749,2.469565,39.740085,0.885542,0.037726,0.008551
CLX,2025-09-30,0.417075,0.083975,0.055983,0.130161,0.039888,-3.636364,0.014472,0.034302,0.039466,125.617088,7.032447,-456.789411,176.304685,84.227777,10.963168,274.848534,0.007961,-139.909091,0.556802,13.639785,5.652174,0.758729,0.500448,0.258502,2.032717,-411.973983,1.1625,0.025192,0.006998
CLX,2025-12-31,0.43156,0.141064,0.093843,0.17633,0.160789,-1.256,0.027971,0.066239,0.073484,64.008707,6.006794,-80.394936,37.358242,53.106327,9.364236,58.239281,0.015623,-25.736,0.573134,8.698305,9.6,0.736259,0.477205,0.298058,2.493294,-371.362287,1.980892,0.025105,0.014345
CLX,2026-03-31,0.432335,0.17006,0.111976,0.204192,-0.098802,-2.791045,0.029055,0.052827,0.086254,53.739931,6.017585,-149.990553,-60.905255,45.942424,9.381058,-94.947676,0.018608,-66.955224,0.697017,8.478006,10.481481,0.840254,0.653883,0.259478,2.488823,-196.398109,-0.652406,0.025749,0.008982
CLX,2026-06-30,0.412731,0.126283,0.083676,0.177618,0.125257,1.811111,0.020914,0.037393,0.053376,61.652559,5.158813,111.659634,41.18593,45.278516,8.042283,64.20642,0.01622,61.333333,0.708237,14.234104,4.872727,0.657771,0.377569,0.249936,2.53316,74.215557,2.02454,0.044148,-0.000513
CMCSA,2024-12-31,0.685843,0.156483,0.149684,0.265589,0.10215,0.055832,0.017944,0.027045,0.020487,16.892611,2.528545,0.943151,24.753374,19.302501,5.126528,50.186504,0.059197,1.15817,0.372235,10.827159,4.343312,0.677118,,0.119882,2.336139,,1.691438,0.151031,0.009557
CMCSA,2025-03-31,0.718439,0.189347,0.112925,0.314217,0.18135,0.038955,0.012604,0.022353,0.024582,23.909926,2.700037,0.931416,14.888561,17.421787,5.47422,30.185978,0.041824,1.144094,0.370176,9.639974,5.278095,0.64534,,0.111614,2.320239,,2.457481,0.096162,0.012781
CMCSA,2025-06-30,0.750074,0.197704,0.366938,0.656682,0.148517,0.114847,0.040617,0.022779,0.065075,7.254877,2.662092,0.833197,17.924478,8.21903,5.397288,36.341182,0.137838,1.048291,0.370743,4.613735,14.255204,0.913312,,0.110692,2.324617,,0.702598,0.109293,0.01059
CMCSA,2025-09-30,0.722578,0.177351,0.106802,0.308225,0.158504,0.034322,0.012205,0.020519,0.023288,24.218488,2.586576,0.831223,16.318706,17.014143,5.244182,33.085541,0.041291,1.020416,0.362875,9.332155,4.960993,0.882423,,0.11428,2.361159,,2.608944,0.120136,0.009969
CMCSA,2025-12-31,0.681058,0.107892,0.0671,0.231291,0.13519,0.022373,0.007952,0.017066,0.013739,37.221402,2.497555,0.83275,18.474359,21.893216,5.063696,37.456045,0.026866,1.02099,0.362897,11.970561,2.917407,0.881965,,0.118512,2.329656,,4.077952,0.13844,0.00848
CMCSA,2026-03-31,0.654004,0.131449,0.06911,0.244556,0.124011,0.024628,0.008361,0.016769,0.016882,37.118675,2.56528,0.914154,20.685978,21.267126,5.201005,41.940016,0.026941,1.071799,0.36389,11.067724,3.498172,0.865318,,0.120988,2.234479,,3.169733,0.09505,0.013574
CMCSA,2026-06-30,0.719806,0.172345,0.117769,0.312358,0.153741,0.039281,0.013691,0.021228,0.025234,22.88599,2.695257,0.89899,17.531175,17.49444,5.464529,35.543776,0.043695,1.006885,0.350929,8.845167,5.38403,0.795788,,0.11625,2.145468,,2.294952,0.116533,0.011991
CME,2024-12-31,0.855242,0.620927,0.573395,0.800302,0.650167,0.03302,0.006363,0.02525,0.032371,113.477558,65.06751,3.74704,100.078121,82.608646,66.11183,101.684354,0.008812,0.129422,0.024941,0.438765,27.943489,1.007033,,0.011097,2.66149,,1.163846,0.017177,0.017767
CME,2025-03-31,0.87414,0.674664,0.582232,0.833587,0.671254,0.035375,0.006058,0.027951,0.035332,103.793634,60.431999,3.671658,90.028549,73.659879,61.401921,91.473489,0.009635,0.126501,0.021665,1.47122,30.851319,1.016679,,0.010405,2.132303,,1.167747,0.008646,0.012909
CME,2025-06-30,0.869031,0.667435,0.605851,0.861525,0.614716,0.036955,0.005698,0.027928,0.037031,96.817357,58.656899,3.577904,95.421087,69.177728,59.59833,96.952576,0.010329,0.123307,0.019012,0.98724,31.234091,1.018595,,0.009405,2.534452,,1.032582,0.010875,0.012234
CME,2025-09-30,0.845473,0.632544,0.590531,0.847815,0.617651,0.03221,0.004852,0.023735,0.03251,109.303384,64.547004,3.520625,104.504025,77.355304,65.58297,106.181293,0.009149,0.121364,0.018282,0.747545,27.75,1.021483,,0.008216,2.391663,,1.066189,0.011967,0.015609
CME,2025-12-31,0.853764,0.618427,0.717474,1.033845,0.668041,0.041176,0.005961,0.023767,0.042544,83.901828,60.197412,3.454706,90.110289,59.161264,61.163568,91.556541,0.011919,0.119127,0.017247,,37.118993,1.031583,,0.008309,2.579318,,0.958576,0.019713,0.017529
CME,2026-03-31,0.881389,0.696612,0.613957,0.871124,0.658529,0.043365,0.005715,0.033307,0.043186,85.980657,52.788401,3.728557,80.161112,61.570628,53.635644,81.447681,0.011631,0.128604,0.016947,0.630114,35.65367,1.018093,,0.009308,2.009727,,1.091484,0.011595,0.011595
CME,2026-06-30,0.863146,0.648869,0.610597,0.853065,0.541261,0.039283,0.005351,0.02901,0.038135,95.26538,58.168722,3.742307,107.468839,69.282291,59.102318,109.193692,0.010497,0.129116,0.017589,0.879423,31.451835,1.018358,,0.008764,2.265569,,0.9091,0.013832,0.014535
CMG,2024-12-31,0.247516,0.150834,0.1166,0.180313,0.124375,0.090756,0.036044,0.088704,0.053408,127.509081,14.867597,11.572258,119.538615,91.696175,16.533968,132.936587,0.007843,1.242118,0.493311,,,1.523473,1.481599,0.309126,19.764176,-9.107438,1.587785,0.060761,0.016106
CMG,2025-03-31,0.262106,0.171682,0.134457,0.202013,0.143384,0.110746,0.042746,0.109007,0.062072,109.42326,14.712765,12.118154,102.610997,80.993638,16.361782,114.11171,0.009139,1.327198,0.512277,,,1.5223,1.484384,0.317915,28.301406,-17.384975,1.440963,0.050364,0.013077
CMG,2025-06-30,0.273628,0.187744,0.142367,0.217432,0.130816,0.123612,0.047053,0.123124,0.070685,96.996799,13.809173,11.989962,105.56149,70.628655,15.356914,117.392896,0.01031,1.354966,0.515772,,,1.650775,1.615093,0.330506,29.17406,-16.349659,1.287072,0.052421,0.012257
CMG,2025-09-30,0.244913,0.165915,0.127222,0.196055,0.135243,0.118598,0.041167,0.118921,0.06128,110.710784,14.084805,13.130059,104.144627,79.892983,15.66344,115.81723,0.009033,1.545738,0.536544,,,1.542332,1.501955,0.323583,31.336797,-22.754905,1.490907,0.054433,0.006265
CMG,2025-12-31,0.234211,0.149397,0.11092,0.180469,0.07655,0.116912,0.036793,0.12017,0.057098,127.829653,14.178906,14.944824,185.223118,87.372874,15.768088,205.983055,0.007823,1.793189,0.564322,,,1.234661,1.192993,0.331703,19.068111,-6.946992,1.286802,0.066182,0.008573
CMG,2026-03-31,0.232806,0.135521,0.098057,0.16684,0.15252,0.125777,0.034399,0.129718,0.055317,139.694749,13.69806,17.570322,89.81169,91.305358,15.233348,99.877847,0.007158,2.178852,0.595905,,,0.919155,0.883041,0.350808,32.530411,-19.991616,2.150919,0.058393,0.009067
CMG,2026-06-30,0.252217,0.165972,0.120514,0.195336,0.138383,0.183448,0.045524,0.191186,0.073616,104.827747,12.633161,19.230428,91.291289,71.922788,14.049094,101.523281,0.009539,2.463505,0.611331,,,0.715347,0.679896,0.377746,33.383134,-19.459181,1.686676,0.064884,0.007919
CMI,2024-12-31,0.240796,0.078608,0.049485,0.12099,0.104416,0.040697,0.013253,0.025756,0.036984,175.285086,8.673987,7.133596,83.071617,76.996255,9.315754,89.217883,0.005705,0.739753,0.2409,5.272016,8.438202,1.313156,0.80203,0.267819,1.63038,325.810068,3.401914,0.063928,
CMI,2025-03-31,0.263641,0.122706,0.100807,0.178982,-0.020186,0.07543,0.02533,0.041454,0.056977,88.918891,8.963686,6.707174,-444.055552,53.786858,9.626887,-476.910139,0.011246,0.735536,0.246995,4.071087,15.506494,1.342549,0.813564,0.251268,1.439085,363.515512,-0.003641,0.019819,
CMI,2025-06-30,0.263913,0.128196,0.102974,0.18408,0.064098,0.075494,0.025979,0.042179,0.054795,82.324906,8.477284,6.215045,132.254812,49.459568,9.104498,142.040023,0.012147,0.736619,0.253481,3.640478,15.08046,1.64159,1.032089,0.252284,1.471399,370.609542,0.882022,0.026727,
CMI,2025-09-30,0.255982,0.115667,0.064446,0.14308,0.121077,0.04443,0.015934,0.032925,0.037752,136.696205,8.809567,6.073373,72.759847,66.126196,9.461365,78.143171,0.007315,0.678216,0.243237,4.242017,11.0,1.768564,1.106833,0.24725,1.474645,391.263902,2.434701,0.03583,
CMI,2025-12-31,0.228561,0.091495,0.06947,0.135075,0.115979,0.04802,0.017445,0.03076,0.035805,123.556772,8.583548,5.933206,74.009259,68.248199,9.218624,79.485023,0.008093,0.657057,0.238703,4.082394,10.646341,1.761186,1.155359,0.251118,1.467171,360.855565,2.586847,0.06373,
CMI,2026-03-31,0.267087,0.119076,0.077876,0.153846,0.014289,0.052951,0.018987,0.036335,0.041601,112.032364,8.724597,5.932246,610.576384,60.905707,9.370109,655.751441,0.008926,0.667152,0.239222,3.925697,13.289474,1.709354,1.106816,0.243809,1.286458,384.121934,0.472477,0.022505,
CMI,2026-06-30,0.260653,0.11896,0.098551,0.174897,0.132177,0.072546,0.026158,0.041,0.055015,78.614985,7.747612,5.703212,58.615333,47.575679,8.320839,62.952138,0.01272,0.644975,0.232557,2.730351,17.1625,1.727162,1.127799,0.265422,1.436143,345.141996,1.608369,0.02633,
CMS,2024-12-31,0.440925,0.213675,0.133233,0.408245,-0.276521,0.032199,0.007378,0.014479,0.015,77.317472,10.301222,2.489566,-37.252964,49.751393,20.310775,-73.451148,0.012934,2.01288,0.461192,20.1367,2.7,0.792389,0.573985,0.055373,1.896092,88.778235,1.520755,0.479135,
CMS,2025-03-31,0.426645,0.20188,0.124234,0.381283,0.094401,0.036473,0.008376,0.016305,0.016187,67.398454,8.373163,2.458204,88.697532,43.299176,16.509249,174.883685,0.014837,2.035513,0.467447,17.566988,2.914439,1.059003,0.838219,0.06742,2.408465,57.111914,3.391447,0.326931,
CMS,2025-06-30,0.388466,0.17247,0.109358,0.410773,-0.379217,0.023946,0.005332,0.009201,0.013158,101.93597,11.147514,2.440926,-29.396169,53.507459,21.979397,-57.960016,0.00981,2.14975,0.47866,22.598675,2.281407,0.999061,0.768773,0.048755,1.989177,52.625489,1.905473,0.587595,
CMS,2025-09-30,0.433449,0.238001,0.137061,0.411183,-0.347848,0.03125,0.007288,0.014479,0.015534,73.967978,10.138115,2.311499,-29.145277,48.613876,19.989179,-57.465336,0.013519,2.038921,0.475505,21.148014,2.674877,0.89941,0.603539,0.053173,2.191974,90.64758,1.238267,0.517566,
CMS,2025-12-31,0.408419,0.194805,0.129422,0.378863,-0.283923,0.031605,0.007236,0.01289,0.013849,70.896644,9.175607,2.240719,-32.31724,47.751928,18.091416,-63.71945,0.014105,2.06671,0.473148,21.576832,2.411483,0.978579,0.755637,0.055907,1.709801,46.586425,1.653979,0.497985,
CMS,2026-03-31,0.393773,0.179487,0.124542,0.358242,-0.094139,0.035918,0.00844,0.013363,0.015425,60.262147,7.505176,2.164497,-79.724241,41.306883,14.79785,-157.191172,0.016594,2.015424,0.473576,19.060327,2.77451,0.842149,0.663419,0.067767,1.947218,57.546584,2.164706,0.363736,
CMS,2026-06-30,0.377255,0.144341,0.06561,0.360306,-0.278294,0.012277,0.002934,0.006871,0.008958,170.74275,11.202367,2.096289,-40.253693,61.302172,22.087551,-79.367645,0.005857,1.974729,0.471849,28.52959,1.614286,0.935684,0.666667,0.044713,1.814484,73.296944,4.925,0.601422,
CNC,2024-12-31,0.091165,0.004289,0.006935,0.020414,-0.01816,0.010716,0.003433,0.003142,0.010771,113.653767,0.788237,1.217873,-43.40623,25.57865,0.522167,-28.754406,0.008799,0.735668,0.23566,5.366146,3.017442,1.109104,,0.494936,2.069954,,-2.074205,0.003774,0.00076
CNC,2025-03-31,0.111583,0.032904,0.028121,0.047855,0.029494,0.046962,0.015061,0.024969,0.038396,24.533956,0.689919,1.152171,23.392012,9.550433,0.457036,15.496011,0.04076,0.656254,0.210468,1.571044,11.270588,1.111596,,0.535591,2.077911,,1.151793,0.002896,0.001266
CNC,2025-06-30,0.060461,-0.008268,-0.005191,0.004678,0.032354,-0.009232,-0.002928,-0.008959,-0.001754,-127.130499,0.659883,1.173612,20.395698,93.451821,0.437139,13.511107,-0.007866,0.641356,0.203449,13.438596,-0.511765,1.097945,,0.564176,2.2616,,-7.055336,0.004267,0.000718
CNC,2025-09-30,0.065426,-0.004246,-0.133447,-0.124512,0.023043,-0.316546,-0.08078,-0.005442,-0.156885,-4.850553,0.647294,1.535422,28.090844,-3.443836,0.428799,18.608747,-0.206162,0.839364,0.2142,-0.084855,-38.258824,1.08447,,0.605333,2.150244,,-0.204494,0.004246,0.001046
CNC,2025-12-31,0.049613,-0.024776,-0.022142,-0.021036,0.004505,-0.05518,-0.014346,-0.023513,-0.034331,-29.213457,0.646838,1.611989,143.589358,-20.369995,0.428497,95.120603,-0.034231,0.910239,0.236648,,-8.184524,1.10012,,0.647908,2.746479,,-0.396912,0.004284,0.001166
CNC,2026-03-31,0.111285,0.037262,0.030855,0.051317,0.083413,0.071919,0.018984,0.0361,0.055021,20.872171,0.644002,1.501097,7.720599,8.313311,0.426618,5.114502,0.047911,0.764036,0.201675,,13.79878,1.123461,,0.615263,2.570987,,2.833225,0.004004,0.001342
CNC,2026-06-30,0.085873,0.02236,0.020362,0.03619,0.063756,0.048356,0.013143,0.022664,0.03879,29.481225,0.60031,1.425584,9.415696,10.988662,0.397675,6.237417,0.03392,0.713811,0.194008,,10.712418,1.145391,,0.645437,2.964096,,3.290559,0.003248,0.001101
CNP,2024-12-31,0.431477,0.213528,0.109637,0.37931,-0.496463,0.023251,0.005666,0.013526,0.012638,101.517295,11.130101,2.360425,-22.418779,57.535304,21.823736,-43.958407,0.009851,1.965404,0.478957,24.404429,2.261261,1.083066,0.906551,0.051682,3.154812,-56.302158,3.584677,0.889478,
CNP,2025-03-31,0.399315,0.22226,0.101712,0.335274,-0.215068,0.027111,0.006676,0.015386,0.015383,84.768651,8.622017,2.298155,-40.089633,50.424199,16.905922,-78.607151,0.011797,2.025285,0.498741,21.382022,2.588235,0.931322,0.794416,0.065639,3.360184,18.311431,1.380471,0.355479,
CNP,2025-06-30,0.476852,0.214506,0.101852,0.420782,-0.292695,0.017969,0.00449,0.009999,0.011088,127.152976,12.950766,2.284807,-44.246554,60.348767,25.393668,-86.757981,0.007865,1.961884,0.490215,26.314181,2.297436,0.792963,0.605142,0.044083,2.43609,74.820414,2.828283,0.580761,
CNP,2025-09-30,0.5166,0.252515,0.147384,0.46328,-0.241449,0.026552,0.006504,0.015058,0.013459,85.925902,12.664129,2.281494,-52.450603,53.599665,24.831635,-102.844356,0.011638,2.021115,0.495083,24.175896,2.176955,0.513495,0.377329,0.04413,2.526048,73.849306,2.532423,0.614688,
CNP,2025-12-31,0.437525,0.216367,0.105389,0.384032,-0.282236,0.023671,0.005673,0.012703,0.01383,95.364732,10.050415,2.257356,-35.610027,51.315271,19.706703,-69.823608,0.010486,2.060432,0.493832,23.848233,2.453744,0.910703,0.79377,0.053832,3.10794,-29.698698,2.931818,0.591218,
CNP,2026-03-31,0.416134,0.221176,0.106218,0.373445,-0.307899,0.027601,0.006606,0.01407,0.016179,79.671802,8.462618,2.198995,-27.485032,44.433205,16.593375,-53.892239,0.012551,2.155909,0.515981,21.641764,2.46595,1.164721,1.039157,0.06219,3.411697,32.177735,0.892405,0.402689,
CNP,2026-06-30,0.524628,0.248141,0.113383,0.466078,-0.275093,0.020819,0.005057,0.012065,0.012859,103.181513,11.699019,2.148148,-42.527516,49.217638,22.939262,-83.387316,0.009692,2.10256,0.510715,24.519442,2.137931,1.122915,0.969117,0.044601,2.769627,6.552106,3.188525,0.636617,
COF,2024-12-31,,,0.107556,,0.205299,0.018031,0.002236,,,113.30998,12.187217,2.043099,59.363164,,12.498207,60.877979,0.008825,0.740145,0.091787,,,,,0.02079,4.024487,,2.233577,0.034936,0.014132
COF,2025-03-31,,,0.1404,,0.4319,0.022096,0.002844,,,88.452805,12.418774,1.95442,28.753818,,12.735673,29.487551,0.011305,0.64839,0.083468,,,,,0.020259,3.847634,,3.324074,0.0348,0.0177
COF,2025-06-30,,,-0.342379,,0.45365,-0.038547,-0.00649,,,-29.036179,9.941382,1.119252,21.914194,,10.195063,22.473395,-0.03444,0.467969,0.078796,,,,,0.018957,3.703528,,-1.418284,0.03194,0.018012
COF,2025-09-30,,,0.206415,,0.56693,0.028046,0.004823,,,38.905933,8.030764,1.091156,14.165363,,8.235691,14.526831,0.025703,0.446926,0.076851,,,,,0.023364,4.474537,,2.867794,0.025026,0.011252
COF,2025-12-31,,,0.138634,,0.479893,0.018783,0.00319,,,58.194816,8.067806,1.093048,16.811661,,8.273678,17.240657,0.017184,0.443714,0.075355,,,,,0.023009,4.408076,,3.669634,0.028844,0.012993
COF,2026-03-31,,,0.142735,,0.359136,0.019366,0.003183,,,57.124075,8.153617,1.106241,22.703426,,8.361679,23.282766,0.017506,0.456632,0.075065,,,,,0.022303,4.402023,,2.770469,0.036308,0.008601
COF,2026-06-30,,,0.190536,,0.50959,0.026539,0.004482,,,41.121768,7.835189,1.091348,15.375478,,8.035125,15.767826,0.024318,0.392616,0.066303,,,,,0.023522,4.618298,,2.796026,0.023155,0.013565
COHR,2024-12-31,0.355031,0.10099,0.072062,0.228027,0.056944,0.013609,0.007282,0.012691,0.01495,601.144427,43.319741,8.180674,760.738795,195.775774,44.64225,783.9634,0.001663,0.53497,0.286266,8.993275,2.997635,2.671255,1.644313,0.101052,1.608749,485.12629,1.812439,0.073664,0.028389
COHR,2025-03-31,0.352291,0.097151,0.010489,0.142698,0.03414,0.002011,0.001088,0.002859,0.005188,3955.78363,41.491547,7.9534,1215.325523,299.641973,42.758243,1252.428212,0.000253,0.504791,0.273075,13.294123,1.172649,2.471508,1.541968,0.103697,1.483007,477.19071,10.37216,0.074652,0.027345
COHR,2025-06-30,0.357092,0.094792,-0.062519,0.082679,-0.000697,-0.011764,-0.006413,0.015537,-0.000638,-649.968276,40.635448,7.646535,-58301.422709,506.490003,41.876008,-60081.307617,-0.001539,0.479056,0.261128,21.966604,-0.152076,2.188023,1.387041,0.102571,1.586468,449.323178,-1.362533,0.085881,0.028501
COHR,2025-09-30,0.366263,0.108917,0.143134,0.251702,-0.036671,0.027155,0.015399,0.018849,0.021261,274.572967,39.300734,7.455979,-1071.706241,160.906737,40.500547,-1104.424375,0.003642,0.420593,0.238512,6.167801,4.6935,2.328349,1.387894,0.107585,1.539457,484.289533,0.203027,0.065731,0.027909
COHR,2025-12-31,0.369488,0.117834,0.08704,0.201672,-0.056773,0.017181,0.009724,0.0143,0.016285,423.599969,36.870104,7.278038,-649.431719,188.403602,37.995712,-669.258228,0.002361,0.415318,0.23506,7.319226,4.656921,2.251763,1.304646,0.111722,1.598342,478.859493,0.394637,0.091122,0.025372
COHR,2026-03-31,0.376567,0.125341,0.106002,0.200363,-0.212379,0.017927,0.011072,0.01608,0.015086,324.70568,34.419531,5.820869,-162.066221,177.030634,35.470325,-167.013943,0.00308,0.320794,0.198136,4.425446,5.137237,3.049621,2.04329,0.104453,1.520079,494.147297,-0.490052,0.160433,0.027219
COHR,2026-06-30,0.384777,0.148782,0.117588,0.224945,-0.241208,0.02206,0.013144,0.018272,0.020689,258.384886,30.382945,5.699945,-125.961578,139.191958,31.310506,-129.807061,0.00387,0.324523,0.193359,4.477424,7.784536,2.426654,1.522272,0.111779,1.522792,435.665575,0.288762,0.275163,0.024648
COIN,2024-12-31,0.755612,0.447692,0.56839,0.682507,0.424636,0.125639,0.057279,0.058934,0.103928,39.692748,22.560965,4.986972,53.130175,31.688285,21.627474,50.931841,0.025194,0.456769,0.20824,,73.88679,2.280811,,0.100774,17.920913,,0.747085,,0.09772
COIN,2025-03-31,0.754402,0.363846,0.032251,0.067001,0.419159,0.006267,0.003019,0.040049,0.006958,781.159667,25.193162,4.895792,60.104004,360.453199,24.15076,57.617118,0.00128,0.412881,0.198893,,5.020087,2.51736,,0.093613,13.846842,,12.996799,,0.093757
COIN,2025-06-30,0.715917,-0.022276,0.954376,1.254474,0.16035,0.118141,0.060866,-0.0016,0.120976,35.866977,34.230597,4.237354,213.473635,26.157776,32.814259,204.640871,0.027881,0.364577,0.18783,,89.812905,2.125011,,0.063776,10.886806,,0.168016,,0.131017
COIN,2025-09-30,0.746081,0.238023,0.231473,0.307164,-0.926605,0.026995,0.013797,0.016497,0.02364,118.483612,27.425759,3.198503,-29.598117,85.592681,26.29098,-28.373454,0.00844,0.460059,0.23513,,24.061587,2.404216,,0.059605,11.18951,,-4.003079,,0.118837
COIN,2025-12-31,0.765394,0.170978,-0.374332,-0.444998,1.720903,-0.045071,-0.02247,0.010204,-0.041187,-76.867837,28.774066,3.464485,16.720326,-61.985737,27.5835,16.028499,-0.013009,0.529401,0.263936,,-38.229275,2.343154,,0.060028,10.058386,,-4.597269,,0.129402
COIN,2026-03-31,0.696671,0.009717,-0.278926,-0.26478,0.129332,-0.029236,-0.013661,0.000548,-0.022492,-130.038348,36.271038,3.801791,280.448734,-131.317379,34.770274,268.844783,-0.00769,0.590807,0.276075,,-19.590412,2.14123,,0.048979,7.791679,,-0.46368,,0.175554
COIN,2026-06-30,0.679155,-0.024065,-0.294629,-0.252848,0.16172,-0.027483,-0.013585,-0.001364,-0.01938,-142.5727,42.006121,3.918321,259.74519,-159.257845,40.26806,248.997876,-0.007014,0.509821,0.252011,,-16.561334,2.422706,,0.046109,7.111528,,-0.548894,,0.195351
COO,2025-01-31,0.684358,0.18866,0.108117,0.280191,0.104903,0.012833,0.008534,0.011612,0.015977,100.802364,10.8984,1.293626,103.890183,48.688075,13.641947,130.043345,0.00992,0.312515,0.20781,9.011839,6.896154,1.987795,1.144558,0.07893,1.346594,1039.891652,1.827421,0.092671,
COO,2025-04-30,0.677542,0.184376,0.087499,0.2607,0.018058,0.010582,0.007065,0.010318,0.014797,119.882401,10.489561,1.268559,580.866659,50.365046,13.130187,727.09318,0.008342,0.311949,0.208272,9.438194,6.971074,2.099457,1.230025,0.080742,1.283519,1002.742322,1.096921,0.077921,
COO,2025-07-31,0.652645,0.165708,0.09271,0.257191,0.155145,0.011769,0.007942,0.0105,0.015598,106.955102,9.915766,1.258702,63.912988,48.259577,12.411946,80.00235,0.00935,0.296703,0.200239,8.619729,6.980315,2.116424,1.244233,0.085669,1.338256,892.242141,2.659207,0.091389,
COO,2025-10-31,0.611022,0.131819,0.079429,0.224955,0.140738,0.010268,0.006825,0.009467,0.012516,124.275254,9.871079,1.276103,70.138002,54.926488,12.35601,87.79444,0.008047,0.304082,0.202125,9.98414,5.786885,1.892883,1.132638,0.085931,1.284801,764.766534,2.93026,0.09201,
COO,2026-01-31,0.67884,0.207792,0.127722,0.302802,0.154965,0.015639,0.010528,0.013334,0.019818,80.379866,10.266269,1.257047,66.248812,42.43917,12.850685,82.926191,0.012441,0.298871,0.201196,7.650758,9.580357,1.337219,0.787993,0.082428,1.268864,1009.668649,1.994648,0.099795,
COO,2026-04-30,0.679982,-0.028664,-0.07203,0.062783,0.089135,-0.009455,-0.006241,-0.002898,-0.002575,-134.963884,9.721393,1.276103,109.063138,193.820126,12.168642,136.518533,-0.007409,0.298608,0.197095,34.151694,-1.315789,1.274339,0.777636,0.086643,1.336505,972.411216,-2.346598,0.079889,
COO,2026-07-31,0.667698,0.208216,0.405928,0.298255,0.25605,0.051968,0.03415,0.020423,0.020663,24.292252,9.860895,1.26242,38.511672,41.384863,12.343263,48.206544,0.041165,0.305492,0.200751,7.507233,10.386047,1.222276,0.733955,0.084129,1.351502,950.311195,0.78951,0.064434,
COP,2024-12-31,0.294184,0.208415,0.161984,0.415004,0.080079,0.035589,0.018782,0.026125,0.029334,68.678367,11.124776,2.444168,138.923083,29.446568,12.22045,152.605549,0.014561,0.375394,0.19811,3.008971,11.76087,1.290581,1.141372,0.115947,2.126363,17.815536,1.932784,0.233001,
COP,2025-03-31,0.30738,0.255373,0.172489,0.454744,0.165708,0.043671,0.022929,0.030226,0.042957,55.588738,9.588443,2.427608,57.863469,23.162072,10.532804,63.562413,0.017989,0.364573,0.191414,2.326588,15.936455,1.268362,1.130017,0.132929,2.580781,-34.210255,2.146367,0.204517,
COP,2025-06-30,0.250571,0.18609,0.140746,0.441445,0.01421,0.030059,0.016077,0.019107,0.029961,80.351251,11.309077,2.415243,795.84078,28.141431,12.422902,874.222741,0.012445,0.358827,0.191918,3.013264,10.2263,1.268797,1.096122,0.114226,2.456411,-12.085753,1.768138,0.234647,
COP,2025-09-30,0.241168,0.183487,0.114829,0.413213,0.200386,0.026585,0.014093,0.01839,0.029376,91.756845,10.536379,2.439387,52.58045,28.010035,11.574102,57.759072,0.010898,0.36169,0.191734,2.933827,10.236593,1.322675,1.179365,0.12273,2.616818,-5.28877,3.405562,0.190673,
COP,2025-12-31,0.192428,0.131422,0.107676,0.423088,0.0967,0.022361,0.011826,0.012975,0.023052,109.828235,11.82589,2.45588,122.295224,30.704258,12.990616,134.34002,0.009105,0.363546,0.19226,2.849629,8.741379,1.297361,1.140912,0.109825,2.303802,11.792527,2.994452,0.225732,
COP,2026-03-31,0.272572,0.214898,0.138506,0.416471,0.085464,0.033823,0.017788,0.025021,0.033213,72.548014,10.048367,2.453825,117.574102,26.503706,11.038026,129.153916,0.013784,0.361429,0.190075,2.65844,12.4,1.289449,1.137693,0.128425,2.235603,0.680357,1.967476,0.187044,
COP,2026-06-30,0.367152,0.31204,0.205156,0.487762,0.230155,0.060154,0.031635,0.043597,0.05691,40.288048,8.265347,2.423485,35.91209,18.614415,9.079397,39.449053,0.024821,0.356394,0.187428,1.788573,22.644128,1.541519,1.39062,0.1542,2.754204,-14.516822,1.891122,0.157821,
COR,2024-12-31,0.031392,0.009909,0.005996,0.011819,-0.034664,2.156413,0.007076,0.076722,0.046863,120.596836,0.723104,260.056555,-20.860316,73.47057,0.868353,-25.050495,0.008292,35.963223,0.118002,5.112955,11.141171,0.917033,0.540802,1.180043,3.319807,-26.024537,-5.564433,0.0013,0.000864
COR,2025-03-31,0.040552,0.015903,0.009514,0.01756,0.042704,0.708772,0.010083,0.104521,0.059387,82.081062,0.780924,58.176799,18.28689,53.405537,0.937787,21.960148,0.012183,7.756635,0.110349,4.436514,8.018365,0.872612,0.516976,1.059834,3.181684,-42.310049,4.668301,0.00171,0.000377
COR,2025-06-30,0.03604,0.012152,0.008522,0.015771,-0.000917,0.347139,0.009295,0.073808,0.050662,85.719294,0.730486,29.756501,-796.598767,55.622158,0.877218,-956.610282,0.011666,4.161456,0.111423,4.723227,8.667303,0.904669,0.531456,1.090683,3.284114,-33.936318,0.158927,0.002271,0.000287
COR,2025-09-30,0.035276,0.011298,-0.004057,0.002225,0.03444,-0.225265,-0.004435,0.10317,-0.004139,-173.455756,0.703746,39.073522,20.43401,379.790383,0.845106,24.538557,-0.005765,5.080024,0.100023,17.737102,-0.710382,0.903469,0.549054,1.093203,3.319229,-44.698426,-9.223963,0.002984,0.00031
COR,2025-12-31,0.03575,0.011828,0.006513,0.012408,-0.028215,0.293266,0.007142,0.082601,0.041708,105.287108,0.6857,30.877089,-24.302958,66.361466,0.823436,-29.184654,0.009498,4.151139,0.101093,5.785204,8.590159,0.915772,0.508574,1.096614,3.307632,-30.545263,-4.11897,0.001389,0.000769
COR,2026-03-31,0.045795,0.017376,0.020947,0.031981,0.01497,0.483087,0.020102,0.067303,0.087889,35.899875,0.752,17.342768,50.232361,28.237275,0.903053,60.322455,0.027855,3.645384,0.151686,4.074011,14.532192,0.946708,0.590229,0.959631,3.147681,-39.633267,0.815581,0.002114,0.000357
COR,2026-06-30,0.042561,0.014221,0.009009,0.016853,0.028648,0.250255,0.009111,0.063589,0.046769,77.173838,0.695224,19.313152,24.268165,49.539506,0.834873,29.142872,0.012958,3.842479,0.139886,6.236553,7.448192,0.934761,0.579501,1.011327,3.330497,-41.851103,3.476094,0.002667,0.000339
COST,2025-02-28,0.125214,0.036345,0.028059,0.047236,0.025281,0.069907,0.024418,0.054569,0.067854,222.064319,6.23089,15.523752,246.462447,128.002324,6.046278,239.160146,0.004503,0.314306,0.109786,,68.277778,0.997243,0.490365,0.870247,20.82451,18.470305,1.536913,0.017843,0.00237
COST,2025-05-31,0.129879,0.040028,0.030108,0.050107,0.036848,0.070157,0.025211,0.056821,0.068992,208.644773,6.281956,14.637825,170.481324,121.656772,6.095831,165.430226,0.004793,0.301567,0.10837,,74.714286,1.015221,0.520104,0.837352,21.984348,8.54559,1.818182,0.017894,0.001677
COST,2025-08-31,0.129057,0.038778,0.030294,0.050258,0.022065,0.089494,0.033853,0.071231,0.08892,152.126821,4.608512,13.614422,208.864283,88.98083,4.471969,202.675958,0.006573,0.280243,0.106007,,77.304348,1.034278,0.546082,1.117472,26.898533,5.46078,1.481609,0.022819,0.001625
COST,2025-11-30,0.1307,0.036594,0.029729,0.047766,0.046979,0.066033,0.02417,0.053047,0.063877,198.426288,5.899104,13.102696,125.569577,119.840434,5.724323,121.849145,0.00504,0.267366,0.097862,,74.8,1.038416,0.532711,0.812985,20.831631,2.724303,2.342829,0.022672,0.007221
COST,2026-02-28,0.127563,0.037444,0.02924,0.048149,0.024527,0.063421,0.024331,0.051595,0.064232,195.111058,5.705002,12.374201,232.601642,114.976722,5.535971,225.710015,0.005125,0.254464,0.097622,,83.454545,1.058141,0.592253,0.832112,18.402168,9.87991,1.472236,0.018521,0.002385
COST,2026-05-31,0.127724,0.039914,0.03108,0.050576,0.028868,0.065415,0.025362,0.053606,0.067035,181.136406,5.629773,11.849085,195.015227,108.014297,5.462972,189.237228,0.005521,0.2428,0.094134,,92.8125,1.072451,0.61149,0.816001,18.8072,1.934404,1.573449,0.020035,0.001687
CPAY,2024-12-31,0.778835,0.441826,0.237768,0.555489,0.58444,0.078773,0.013697,0.026107,0.052132,106.18513,25.247468,8.364479,43.199408,59.231525,32.902458,56.297396,0.009418,2.560924,0.44529,11.211747,5.08425,0.996324,,0.057606,0.494825,,2.63736,0.042641,0.034928
CPAY,2025-03-31,0.779406,0.424717,0.241862,0.510727,-0.118252,0.070424,0.013114,0.027359,0.040872,107.373439,25.969594,7.561669,-219.61255,66.265443,33.843532,-286.198709,0.009313,2.365892,0.44056,12.882199,4.487053,1.102091,,0.05422,0.250426,,-0.304856,0.044519,0.018263
CPAY,2025-06-30,0.783566,0.435006,0.257859,0.527492,0.986916,0.072334,0.013906,0.02876,0.045386,91.906068,23.698777,6.647901,24.012964,58.549149,30.884207,31.293655,0.010881,2.066323,0.397241,10.192205,5.057829,1.116131,,0.053928,0.259895,,4.012581,0.047763,0.026195
CPAY,2025-09-30,0.787833,0.446165,0.237054,0.524444,-0.366608,0.068195,0.014077,0.028309,0.048164,93.965135,22.274805,6.407935,-60.759126,55.350989,29.028489,-79.181192,0.010642,1.993024,0.411396,9.948681,5.215545,1.134184,,0.059382,0.265731,,-1.363358,0.043419,0.023533
CPAY,2025-12-31,0.79166,0.418364,0.211888,0.503913,0.609102,0.068098,0.010015,0.025012,0.042307,98.746101,20.923105,6.724428,34.350739,54.110469,27.266956,44.765826,0.010127,2.57519,0.378735,12.072538,4.533707,0.976677,,0.047267,0.581739,,3.072919,0.042012,0.02228
CPAY,2026-03-31,0.784247,0.408206,0.277613,0.578866,-0.085419,0.09973,0.013128,0.025992,0.052684,74.605256,20.711366,7.440402,-242.468468,46.627371,26.991018,-315.984504,0.013404,2.951642,0.388551,10.71841,5.586894,0.976505,,0.04729,0.479296,,-0.161741,0.040517,0.021804
CPAY,2026-06-30,0.79447,0.351936,0.185469,0.43153,1.057404,0.070106,0.008798,0.024295,0.040784,105.179329,19.50746,7.373693,18.448446,58.911549,25.42209,24.041984,0.009508,2.999401,0.376398,12.912458,4.004908,0.971985,,0.047435,0.270137,,5.92049,0.040661,0.023912
CPB,2025-01-31,0.305028,0.131844,0.064432,0.165736,0.153073,0.044246,0.010874,0.021402,0.026806,35.664088,2.29791,1.577976,15.011891,29.695774,4.921646,32.152359,0.028039,1.962916,0.482401,15.38427,3.806818,0.932025,0.554644,0.168762,3.776371,83.352452,2.959538,0.037616,0.006331
CPB,2025-04-30,0.294141,0.124444,0.026667,0.111111,0.020202,0.017054,0.004451,0.023311,0.013858,93.48314,2.492884,1.594286,123.397745,48.053162,5.33924,264.292393,0.010697,1.781912,0.465066,24.556364,1.952941,0.781327,0.327132,0.166914,3.70509,97.886343,2.045455,0.034343,0.006465
CPB,2025-07-31,0.303748,0.1271,0.062473,0.161568,0.055579,0.03716,0.009734,0.021749,0.022435,42.550946,2.658288,1.581211,47.828583,35.238986,5.693503,102.438912,0.023501,1.848283,0.484157,17.746667,3.164706,0.768066,0.278045,0.155814,4.290203,105.857256,1.786207,0.05601,0.002154
CPB,2025-10-31,0.295854,0.125887,0.072469,0.162869,0.036235,0.049027,0.012781,0.023367,0.027969,31.803542,2.304777,1.559234,63.607085,30.308761,4.936354,136.233192,0.031443,1.761941,0.459319,15.605505,4.160494,0.81885,0.338019,0.176362,3.485677,111.878689,1.154639,0.047441,0.004856
CPB,2026-01-31,0.279641,0.106474,0.056552,0.147036,0.162246,0.036205,0.009447,0.018511,0.021725,42.550946,2.406352,1.540546,14.83146,35.052042,5.153908,31.765913,0.023501,1.766542,0.460972,17.278515,3.353659,1.01487,0.509294,0.167058,3.821162,81.885045,3.558621,0.039002,0.0078
CPB,2026-04-30,0.274725,0.103973,0.052409,0.146661,0.012257,0.030785,0.008189,0.017381,0.019856,49.757155,2.607729,1.53175,212.754732,38.082477,5.585215,455.67654,0.020098,1.740318,0.462951,19.043228,2.915663,0.866283,0.375085,0.156254,4.286232,104.299739,0.798387,0.029586,0.00634
CPRT,2025-01-31,0.451771,0.366376,0.333014,0.413018,0.052854,0.046668,0.042167,0.04286,0.049804,69.973568,23.302147,3.265501,440.87695,47.369502,19.564479,370.160228,0.014291,0.014383,0.012996,,,7.888328,7.794509,0.126622,5.646041,-223.302448,0.459801,0.100266,0.008009
CPRT,2025-04-30,0.455773,0.372649,0.335565,0.417643,0.47282,0.046305,0.042039,0.041454,0.050088,66.66788,22.371381,3.087025,47.31484,44.973811,18.783008,39.725533,0.015,0.011509,0.010448,,,8.155369,8.087638,0.125278,6.442317,-238.03101,1.723703,0.105594,0.00757
CPRT,2025-07-31,0.453044,0.366716,0.352284,0.414838,0.311826,0.043143,0.039278,0.037109,0.043857,68.392801,24.093709,2.950654,77.266408,48.763794,20.229075,64.872866,0.014621,0.011292,0.01028,,,8.422052,8.364007,0.111496,5.598361,-38.446547,1.106274,0.077896,0.008087
CPRT,2025-10-31,0.464921,0.372886,0.349527,0.41981,0.36987,0.042053,0.038155,0.037043,0.043949,67.14595,23.469313,2.823679,63.452861,46.937514,19.704832,53.275014,0.014893,0.01041,0.009445,,,7.93928,7.887554,0.109161,1.520402,-94.780298,1.325822,0.09354,0.008068
CPRT,2026-01-31,0.439354,0.346545,0.312686,0.396037,0.051603,0.035829,0.033104,0.031508,0.038945,77.289099,24.167236,2.769194,468.32798,51.234674,20.290808,393.20811,0.012938,0.009821,0.009074,,,10.061006,9.9928,0.105869,1.301805,-14.064359,0.363525,0.062066,0.009121
CPRT,2026-04-30,0.462869,0.375309,0.325287,0.423072,0.406854,0.045862,0.041704,0.042302,0.051795,67.365042,21.912946,3.089463,53.859509,43.486938,18.398106,45.220437,0.014844,0.010612,0.00965,,,7.612703,7.540275,0.128206,1.557092,-66.973349,1.451781,0.065391,0.00765
CPT,2024-12-31,0.617042,0.196128,0.10533,0.572636,0.168863,0.008704,0.004597,0.009161,0.008969,281.915245,29.694147,2.453674,175.847524,68.117168,39.006313,230.99379,0.003547,0.745549,0.393757,15.661089,2.325994,0.101165,,0.043641,42.967301,,3.744268,0.225521,0.01133
CPT,2025-03-31,0.615977,0.196807,0.0994,0.57447,0.178764,0.008412,0.004317,0.00908,0.008698,295.487436,29.371329,2.485704,164.302171,67.161448,38.582259,215.827781,0.003384,0.809471,0.415392,16.533057,2.223025,0.130785,,0.043429,43.638547,,3.817835,0.200727,0.01039
CPT,2025-06-30,0.61158,0.186694,0.203451,0.684242,0.287113,0.017585,0.008846,0.008669,0.014554,142.201726,28.931029,2.500589,100.765205,55.541598,38.003879,132.36545,0.007032,0.834003,0.419535,13.979997,3.369611,0.057482,,0.043479,44.606705,,2.859341,0.294621,0.01056
CPT,2025-09-30,0.606941,0.160816,0.275311,0.780507,0.343099,0.024014,0.01203,0.007636,0.018332,105.306087,28.991936,2.528808,84.50023,48.793762,38.083886,110.999734,0.009496,0.824514,0.41305,12.027099,4.267867,0.050891,,0.043696,44.512994,,2.303477,0.291074,0.0113
CPT,2025-12-31,0.622016,0.200438,0.399279,0.879433,0.170937,0.035767,0.017255,0.009393,0.022531,73.517735,29.354118,2.629536,171.725172,43.846053,38.55965,225.578657,0.013602,0.894159,0.431361,11.27683,5.677573,0.101278,,0.043215,43.988519,,1.261344,0.332692,0.010857
CPT,2026-03-31,0.611629,0.193488,0.109187,0.598475,0.139109,0.010536,0.004686,0.008897,0.01001,270.239894,29.506713,2.847292,212.111483,64.764753,38.760099,278.630226,0.0037,1.055008,0.46917,18.093462,2.21288,0.172877,,0.042913,48.139302,,3.48901,0.241845,0.010425
CRH,2024-12-31,0.356257,0.138331,0.082638,0.186809,0.201466,0.033924,0.014482,0.029494,0.02845,78.191349,6.461585,2.652578,32.072893,45.625989,8.523367,42.306807,0.012789,0.720322,0.30751,6.184671,7.16875,1.367813,0.905983,0.175251,2.316532,256.515849,3.72442,0.106313,0.003269
CRH,2025-03-31,0.271906,0.000592,-0.013914,0.075784,-0.193014,-0.004451,-0.00181,6.6e-05,0.00081,-609.726159,8.48346,2.713872,-43.952653,147.660672,11.190388,-57.977196,-0.00164,0.804631,0.327286,24.060547,0.19337,1.634757,1.065427,0.130121,1.603227,389.648905,7.010638,0.095471,0.004737
CRH,2025-06-30,0.394474,0.186753,0.12865,0.243386,0.070841,0.05876,0.024322,0.037862,0.043179,43.651378,5.615742,2.56497,79.272834,30.435694,7.407629,104.567447,0.022909,0.767778,0.317798,5.208132,9.78,1.744703,1.163058,0.189056,1.91626,293.714693,1.049505,0.064178,0.003331
CRH,2025-09-30,0.389285,0.178065,0.135152,0.246725,0.126389,0.064181,0.025561,0.036464,0.045386,38.31167,5.177908,2.45889,40.968019,27.682997,6.83009,54.040217,0.026102,0.886053,0.35288,5.310875,10.191388,1.45326,1.020438,0.189126,1.962241,286.602811,1.330882,0.053483,0.003433
CRH,2025-12-31,0.356415,0.153144,0.108539,0.217077,0.222387,0.042576,0.017521,0.027933,0.030136,56.080488,6.086901,2.387696,27.370706,36.987409,8.029127,36.104233,0.017832,0.820905,0.337825,6.632583,6.790909,1.742518,1.142678,0.161429,2.191806,286.268586,2.85225,0.087192,0.004142
CRH,2026-03-31,0.277476,-0.001628,-0.023881,0.075305,-0.165129,-0.007629,-0.003026,-0.000218,-0.000438,-325.649199,7.776697,2.484256,-47.094707,136.220296,10.258109,-62.121827,-0.003071,0.885441,0.351196,27.583784,-0.103448,1.590344,1.094996,0.126704,1.682648,361.617598,3.5,0.081547,0.003935
CRH,2026-06-30,0.398441,0.188086,0.137237,0.271968,0.045467,0.061535,0.02526,0.033545,0.049058,38.752034,5.318202,2.384617,116.967875,25.794017,7.015149,154.290335,0.025805,0.82434,0.338383,5.08393,10.831818,1.578831,1.067355,0.184059,1.947416,275.707973,0.763354,0.059293,0.004083
CRL,2024-12-31,0.283521,0.047193,-0.215151,-0.086233,0.083533,-0.062314,-0.028652,0.008219,-0.028857,-62.093559,13.359465,3.869278,159.930249,-186.985482,16.124355,193.029588,-0.016105,0.78694,0.361832,-23.364475,-6.678367,1.411397,1.1312,0.13317,1.899829,262.351205,-0.738817,0.075424,0.017191
CRL,2025-03-31,0.322843,0.07587,0.025879,0.18719,0.114181,0.007973,0.003359,0.009414,0.009778,525.875323,13.608976,4.192896,119.188049,87.747961,16.425504,143.855338,0.001902,0.934737,0.393791,12.383692,2.290274,1.433187,1.157125,0.129797,1.767108,283.678869,6.741411,0.060278,0.013346
CRL,2025-06-30,0.34595,0.097016,0.050697,0.214015,0.164034,0.015604,0.006921,0.012994,0.015646,255.962974,12.976518,3.994106,79.108819,73.182623,15.662153,95.481267,0.003907,0.830829,0.368497,9.731226,3.383222,1.360432,1.101694,0.136516,1.826212,272.185107,3.910159,0.034199,0.016518
CRL,2025-09-30,0.337156,0.133153,0.054159,0.196812,0.177385,0.015981,0.007243,0.015247,0.017616,246.104858,13.328847,3.932967,75.14064,81.739905,16.0874,90.69183,0.004063,0.771892,0.349841,10.003469,4.432665,1.365648,1.095969,0.133734,1.869826,268.053528,3.929036,0.035408,0.023155
CRL,2025-12-31,0.311482,0.093071,-0.278161,-0.193162,0.05891,-0.087389,-0.038758,0.016476,-0.044941,-48.429855,13.471288,4.232254,228.675407,-84.174477,16.259321,276.00232,-0.020648,0.81223,0.360232,-9.882695,-11.370095,1.291645,1.024664,0.139337,1.916663,270.577029,-0.53342,0.089466,0.017734
CRL,2026-03-31,0.295898,0.120399,-0.014905,0.064219,-0.014893,-0.005048,-0.00192,0.010577,-0.000482,-902.345792,13.449603,4.554698,-903.075895,252.778782,16.233148,-1089.977471,-0.001108,1.039329,0.395359,38.643696,-0.119662,1.361251,1.032348,0.128822,1.942162,305.462566,-2.767432,0.056142,0.022475
CRL,2026-06-30,0.361898,0.119401,-0.001476,0.150188,0.148016,-0.000522,-0.000197,0.0,0.013054,-9037.461938,13.339122,4.716632,90.119221,107.197983,16.099801,108.770393,-0.000111,1.066226,0.40197,16.100531,2.752472,1.347532,1.042388,0.133306,1.913222,307.72106,-121.27193,0.030979,0.019701
CRM,2025-01-31,0.778145,0.211948,0.17092,0.29971,0.381867,0.027921,0.016594,0.026143,0.02826,114.641783,19.594533,3.200892,51.312412,75.719922,22.694003,59.429027,0.008723,0.186226,0.110679,,,1.062437,,0.097087,0.836584,,2.324356,0.015411,0.080356
CRM,2025-04-30,0.769559,0.201241,0.156781,0.293519,0.640655,0.025401,0.015627,0.022346,0.027441,127.06565,19.921474,3.227643,31.095469,78.606991,23.072659,36.01416,0.00787,0.187403,0.115293,,30.029412,1.06902,,0.099675,2.257464,,4.202466,0.018211,0.082816
CRM,2025-07-31,0.780969,0.228214,0.184349,0.321415,0.059105,0.030769,0.019339,0.026261,0.032955,103.766914,19.129364,3.192802,323.649861,68.930446,22.155253,374.844905,0.009637,0.183228,0.115165,,36.910448,1.124223,,0.104906,1.829164,,0.392157,0.013189,0.077472
CRM,2025-10-31,0.780193,0.23862,0.203334,0.321571,0.212204,0.034755,0.021925,0.029694,0.0332,93.867769,19.086477,3.262328,89.944036,68.742397,22.105582,104.171414,0.010653,0.185585,0.117075,,,0.983793,,0.107826,1.874132,,1.110259,0.013549,0.079832
CRM,2026-01-31,0.776091,0.192394,0.173467,0.292385,0.475225,0.032853,0.017301,0.021654,0.028662,100.776205,17.481311,3.310814,36.785303,69.246158,20.246511,42.604014,0.009923,0.29042,0.152941,2.171603,,0.760332,,0.099737,0.781156,,2.812146,0.012588,0.096688
CRM,2026-04-30,0.769155,0.218001,0.189257,0.361358,0.58888,0.061545,0.019751,0.025564,0.038369,92.93221,17.588086,5.719532,29.867017,56.371158,20.370176,34.591392,0.010761,1.223426,0.392613,7.542878,9.583596,0.78587,,0.104359,2.191535,,3.180351,0.013024,0.076978
CRM,2026-07-31,0.766505,0.213751,0.310798,,0.096783,0.091876,0.032166,0.024186,0.060336,55.532662,17.259424,5.102094,178.331663,,19.989526,206.540226,0.018007,1.08768,0.380797,,10.623679,0.83851,,0.103494,1.795095,,0.359898,0.015073,0.079859
CRWD,2025-01-31,0.741162,-0.080584,-0.087179,0.016665,0.227491,-0.028139,-0.010605,-0.021201,-0.007594,-2636.896872,229.881324,74.199897,1010.506782,13558.315854,225.95528,993.248771,-0.000379,0.240556,0.090662,,-5.972239,1.766327,,0.121649,0.937951,,-3.746364,0.099112,0.25746
CRWD,2025-04-30,0.73911,-0.107585,-0.09449,-0.011937,0.254586,-0.030214,-0.011956,-0.028297,-0.014202,-2333.865161,220.528022,70.514862,866.221641,-18158.38521,216.761718,851.427814,-0.000428,0.227594,0.090065,,-11.500968,1.849424,,0.126535,1.364464,,-3.683985,0.093515,0.224446
CRWD,2025-07-31,0.736045,-0.090215,-0.060014,0.009161,0.243847,-0.018674,-0.007552,-0.023428,-0.009862,-3468.677279,208.167758,64.774779,853.680168,22334.695115,204.61255,839.100531,-0.000288,0.215756,0.087258,,-8.402316,1.879882,,0.125845,1.31853,,-4.744373,0.040879,0.239215
CRWD,2025-10-31,0.750613,-0.056264,-0.027545,0.044977,0.240938,-0.008464,-0.003412,-0.014584,-0.002567,-7157.635001,197.155601,60.584663,818.284317,4308.658488,193.788465,804.309191,-0.00014,0.203672,0.082089,,-2.357091,1.810964,,0.123854,1.218265,,-11.693414,0.081155,0.239366
CRWD,2026-01-31,0.76122,0.010561,0.045487,0.10947,0.289686,0.013408,0.005356,0.002665,0.009474,4098.188139,186.412423,54.949568,643.497979,1673.785331,183.228766,632.507953,0.000244,0.185186,0.07397,,8.658898,1.773131,,0.117743,0.958535,,8.38488,0.091713,0.209864
CRWD,2026-04-30,0.752981,-0.022084,0.020044,0.096062,0.339732,0.005994,0.002464,-0.005688,0.006315,8761.363762,175.615635,52.512856,516.924594,1796.930642,172.616371,508.096261,0.000114,0.177247,0.072878,,7.387018,1.531057,,0.122947,1.483722,,21.276626,0.086744,0.21485
CRWD,2026-07-31,0.745732,-0.022593,0.003607,0.071616,0.255855,0.00104,0.000441,-0.005683,0.001314,45860.934248,165.435185,47.697233,646.598032,2270.573856,162.609788,635.555062,2.2e-05,0.160765,0.068206,,1.650405,1.570128,,0.12232,1.416265,,99.937429,0.104652,0.256248
CSCO,2025-01-31,0.651204,0.223215,0.17354,0.289615,0.145165,0.053327,0.020004,0.034303,0.040452,177.822367,30.859317,9.482818,212.581343,110.32075,31.950517,220.098316,0.005624,0.681682,0.255712,5.548124,8.14604,0.866613,0.793473,0.115271,2.467984,224.558962,0.922982,0.01501,0.065828
CSCO,2025-04-30,0.655735,0.228709,0.176055,0.281009,0.268288,0.054229,0.020796,0.036367,0.039279,173.325053,30.514715,9.39921,113.738859,112.429497,31.59373,117.760716,0.00577,0.637401,0.244436,5.311368,8.312655,0.951326,0.869227,0.118123,2.681258,178.991951,1.628663,0.018447,0.066789
CSCO,2025-07-31,0.632454,0.212772,0.173789,0.272746,0.273768,0.054437,0.020852,0.035425,0.0386,169.314787,29.424978,9.217017,107.481381,111.69907,30.465459,111.281972,0.005906,0.599727,0.229723,4.934283,9.149457,0.997775,0.90754,0.119984,2.189673,209.73623,1.660392,0.014789,0.064608
CSCO,2025-10-31,0.654774,0.23584,0.192166,0.292078,0.194114,0.061016,0.023616,0.039492,0.043677,150.962485,29.00979,9.211117,149.447113,102.834065,30.03559,154.73163,0.006624,0.599258,0.231945,4.529331,10.688571,0.927365,0.831599,0.122896,3.083282,187.785778,1.123077,0.021703,0.070886
CSCO,2026-01-31,0.649684,0.248681,0.206854,0.30458,0.100267,0.06653,0.025735,0.042719,0.046382,135.985105,28.129045,9.047057,280.541071,95.619183,29.123701,290.46113,0.007354,0.63043,0.243866,4.840214,10.854054,0.95501,0.848448,0.124413,2.323494,235.698046,0.573858,0.018438,0.060851
CSCO,2026-04-30,0.636323,0.249921,0.212928,0.318982,0.211035,0.069033,0.026867,0.041243,0.051346,128.002582,27.255395,8.836346,129.151274,88.466194,28.219158,133.718121,0.007812,0.640654,0.249335,4.793192,11.713528,0.924585,0.805518,0.126177,2.444599,259.423319,1.113845,0.026135,0.057698
CSCO,2026-07-31,0.641259,0.27678,0.223684,0.34454,0.28959,0.076743,0.029768,0.046799,0.060219,111.882018,25.026241,8.586113,86.419677,75.205195,25.91118,89.475516,0.008938,0.587312,0.227813,3.754206,14.225201,0.931126,0.794004,0.133079,2.309505,295.337747,1.395698,0.022606,0.053733
CSGP,2024-12-31,0.801381,0.056386,0.084297,0.111785,0.022272,0.007917,0.00646,0.003293,0.004595,197.110342,16.615729,1.560598,746.025219,147.404761,16.477583,739.822631,0.005073,0.15239,0.124338,,,8.967391,,0.076634,3.773404,,1.58194,0.11108,0.030589
CSGP,2025-03-31,0.790984,-0.058743,-0.020492,0.005464,-0.036885,-0.001753,-0.001438,-0.004503,-0.004431,-785.813231,16.10273,1.377621,-436.562906,2922.299392,15.968849,-432.933243,-0.001273,0.133435,0.109483,,,6.009525,,0.070195,3.536232,,-3.533333,0.10929,0.040984
CSGP,2025-06-30,0.784891,-0.034571,0.007682,0.049936,-0.005122,0.000698,0.000571,-0.000768,-0.002765,1964.533077,15.092444,1.370381,-2946.799616,299.723015,14.966962,-2922.299392,0.000509,0.134222,0.109878,,,5.834456,,0.074331,3.832188,,24.5,0.193342,0.066581
CSGP,2025-09-30,0.793426,-0.0613,-0.037068,0.021473,-0.028311,-0.003586,-0.002856,-0.003588,-0.005085,-381.462733,14.140113,1.368091,-499.457562,653.027797,14.02255,-495.304982,-0.002621,0.136726,0.108873,,,3.12148,,0.077043,3.419196,,-2.197411,0.109765,0.085173
CSGP,2025-12-31,0.785865,0.054562,0.051672,0.144572,0.106234,0.00558,0.004413,0.00402,0.005014,253.488139,13.098343,1.414351,123.297055,89.847791,12.989441,122.271941,0.003945,0.142069,0.112355,,,2.840483,,0.085396,3.845726,,3.486022,0.073897,0.045561
CSGP,2026-03-31,0.781494,0.003344,0.003344,0.09476,0.109253,0.000379,0.000295,8.4e-05,0.00032,3929.066155,13.140689,1.489599,120.277535,137.519971,13.031435,119.277526,0.000255,0.150385,0.11708,,,2.195624,,0.088253,3.334572,,50.666667,0.060201,0.046823
CSGP,2026-06-30,0.787027,0.082162,0.059459,0.174054,0.061622,0.006934,0.005425,0.006328,0.008092,214.312699,12.742917,1.486031,206.792956,72.603712,12.63697,205.073642,0.004666,0.151538,0.118552,,,2.21419,,0.091232,3.656126,,2.090909,0.062703,0.041081
CSX,2024-12-31,0.342187,0.356315,0.207121,0.442215,0.155411,0.058631,0.017141,0.03185,0.028946,119.033515,24.6543,6.979009,158.639212,67.291276,29.757233,191.474267,0.008401,1.518877,0.444042,11.226837,5.521739,0.860806,0.734432,0.082757,3.553213,-7.654074,1.893588,0.23679,
CSX,2025-03-31,0.304119,0.304119,0.188723,0.435875,0.156588,0.053081,0.014954,0.025044,0.026824,135.064345,25.489795,7.169397,162.782773,70.583678,30.765658,196.475461,0.007404,1.61175,0.454061,12.05563,5.105263,0.882783,0.75475,0.079238,3.385757,-26.580413,1.942724,0.21005,
CSX,2025-06-30,0.358982,0.358982,0.231953,0.484611,-0.039452,0.067006,0.019311,0.030855,0.032669,105.249176,24.412861,7.052341,-618.805437,60.803029,29.465822,-746.88544,0.009501,1.588264,0.457733,10.842379,6.15566,0.772712,0.631914,0.083254,3.45648,-30.300402,0.765983,0.217124,
CSX,2025-09-30,0.348759,0.348759,0.193476,0.427098,0.169222,0.054419,0.016035,0.030293,0.027485,125.722718,24.324384,6.84165,143.742284,68.740762,29.359032,173.493982,0.007954,1.540265,0.453869,12.108355,5.27619,0.846595,0.707013,0.082881,3.569154,-43.047376,1.926513,0.203513,
CSX,2025-12-31,0.31642,0.325827,0.205245,0.438141,0.202109,0.054732,0.016483,0.027929,0.027942,121.182731,24.872168,6.632578,123.062858,68.517142,30.020196,148.53434,0.008252,1.471076,0.44302,11.843201,5.319249,0.813916,0.689435,0.080308,3.859186,-20.94799,1.925,0.192987,
CSX,2026-03-31,0.359851,0.359851,0.231763,0.48564,0.209362,0.059448,0.018245,0.02932,0.031114,108.118422,25.057888,6.427371,119.686648,62.27726,30.244356,144.459324,0.009249,1.424457,0.437172,10.587818,5.99061,0.965849,0.829556,0.078721,3.319352,-0.73415,1.576208,0.155945,
CSX,2026-06-30,0.382719,0.382719,0.254638,0.49352,0.190851,0.071155,0.022403,0.034699,0.037735,87.077412,22.173206,6.195964,116.180515,54.228037,26.762604,140.227493,0.011484,1.374592,0.432791,9.19516,7.255924,0.820414,0.722677,0.08798,3.590328,-4.27665,1.324351,0.146379,
CTAS,2025-02-28,0.505658,0.233735,0.177642,0.282361,0.199518,0.10093,0.048225,0.068179,0.079687,170.636523,30.312264,17.222397,151.927811,110.633481,31.238591,156.570647,0.00586,0.586171,0.280075,3.03229,24.681069,1.721369,0.937881,0.271472,1.866586,510.338525,1.338727,0.038297,0.012189
CTAS,2025-05-31,0.497062,0.223962,0.168034,0.270412,0.19535,0.09569,0.045623,0.065465,0.073279,176.438278,29.647614,16.883304,151.766882,112.989353,30.55363,156.4048,0.005668,0.566654,0.27017,2.99575,24.915835,2.089489,1.125812,0.27151,1.882099,493.095345,1.418272,0.042968,0.011524
CTAS,2025-08-31,0.502759,0.227311,0.180691,0.274456,0.114978,0.103274,0.049924,0.070909,0.074439,161.03253,29.097118,16.630468,253.067017,109.257246,29.986311,260.800615,0.00621,0.562539,0.27194,3.066486,25.664004,2.238946,1.163181,0.276297,1.91276,504.022256,0.843916,0.03751,0.011165
CTAS,2025-11-30,0.50446,0.234184,0.176909,0.28003,0.151776,0.111179,0.048885,0.06953,0.081493,159.666164,28.246337,17.751595,186.105679,103.951571,29.10953,191.792973,0.006263,0.726557,0.319461,3.541008,23.38581,1.705257,0.905102,0.276327,1.88637,498.075921,1.072435,0.037947,0.011555
CTAS,2026-02-28,0.509761,0.232242,0.176845,0.277809,0.186727,0.104941,0.049102,0.070417,0.078499,157.393326,27.834269,16.516957,149.064064,103.253889,28.68487,153.619385,0.006354,0.609431,0.285154,3.133586,23.419431,1.98301,1.052222,0.277655,1.841538,515.292538,1.23677,0.03199,0.012053
CTAS,2026-05-31,0.509531,0.236875,0.175888,0.277089,0.211037,0.099416,0.048531,0.071659,0.085979,154.777337,27.223405,15.387404,128.998112,101.25025,28.055338,132.940228,0.006461,0.526462,0.256997,2.657211,26.097771,1.433979,0.792879,0.27592,1.868069,518.517589,1.387709,0.033043,0.010714
CTRA,2024-12-31,0.355556,0.233692,0.212903,0.598566,0.136201,0.022634,0.013734,0.018872,0.016399,,,,,,,,,0.289742,0.175815,1.792814,12.0,2.923415,2.882923,0.064509,1.70122,209.273885,2.107744,0.312545,0.012903
CTRA,2025-03-31,0.474265,0.368697,0.271008,0.638655,0.333508,0.036277,0.021544,0.029796,0.031912,,,,,,,,,0.317913,0.188802,3.366776,12.732143,0.899254,0.863806,0.079496,2.025532,148.476303,2.217054,0.267332,0.007878
CTRA,2025-06-30,0.449364,0.35827,0.260051,0.656997,0.150636,0.035106,0.021308,0.029188,0.031639,,,,,,,,,0.301525,0.183012,3.085205,12.344828,1.12574,1.08358,0.081936,2.284884,134.445177,1.831703,0.3257,0.007634
CTRA,2025-09-30,0.361585,0.258668,0.177215,0.60044,0.179967,0.021878,0.013413,0.019194,0.021139,,,,,,,,,0.279726,0.171492,3.505041,8.981132,1.024849,0.983882,0.075686,2.4654,141.755878,3.015528,0.35443,0.007155
CTRA,2025-12-31,0.37417,0.291475,0.187851,0.641143,0.191935,0.024801,0.015181,0.021454,0.025525,,,,,,,,,0.270724,0.165711,2.949045,10.722222,1.18754,1.156712,0.080813,2.02376,167.853247,2.63587,0.303216,0.009699
CTSH,2024-12-31,0.35124,0.157418,0.107438,0.177489,0.164699,0.037896,0.027346,0.038187,0.046334,49.392115,5.306591,1.871744,32.219946,31.054428,5.511825,33.466062,0.020246,0.102721,0.074126,,39.947368,2.093166,,0.254533,1.252033,,1.684982,0.016332,0.008068
CTSH,2025-03-31,0.335875,0.154643,0.129619,0.199413,0.063148,0.0445,0.033205,0.038569,0.053378,40.675859,5.272355,1.810061,83.492553,27.461857,5.476265,86.721653,0.024585,0.079133,0.059047,,73.666667,2.215208,,0.256173,1.206653,,0.603318,0.015054,0.008211
CTSH,2025-06-30,0.336702,0.155767,0.122974,0.188751,0.063108,0.04219,0.031988,0.039411,0.050035,41.811,5.141677,1.764004,81.474606,28.294034,5.340533,84.625662,0.023917,0.076988,0.058371,,94.555556,2.410013,,0.260117,1.191504,,0.617054,0.012774,0.009152
CTSH,2025-09-30,0.338689,0.159926,0.0506,0.190212,0.21422,0.018393,0.013609,0.01728,0.05359,98.423703,4.980258,1.810304,23.248358,27.195237,5.172871,24.147495,0.01016,0.078539,0.058111,,111.875,2.357705,,0.268948,1.233204,,4.478102,0.012373,0.00868
CTSH,2025-12-31,0.337334,0.159947,0.121508,0.192387,0.146447,0.043157,0.031316,0.040067,0.052017,41.61743,5.056834,1.796077,34.530211,27.301261,5.252408,35.865677,0.024028,0.076723,0.055674,,110.75,2.136649,,0.257732,1.201397,,1.324074,0.014438,0.008251
CTSH,2026-03-31,0.327914,0.155736,0.122298,0.187512,0.036579,0.043934,0.032293,0.04098,0.051472,40.737303,4.982098,1.789759,136.202499,27.597137,5.174782,141.470172,0.024548,0.072471,0.053268,,124.857143,2.225852,,0.264049,1.174441,,0.413897,0.01404,0.008498
CTSH,2026-06-30,0.333698,0.174786,0.116037,0.188104,0.083744,0.043977,0.03054,0.044007,0.051149,42.402665,4.920287,1.864756,58.754019,27.168859,5.110581,61.026349,0.023583,0.144793,0.100552,0.506305,68.307692,2.182159,,0.263193,1.146653,,0.877358,0.018062,0.00967
CTVA,2024-12-31,0.372549,0.082202,-0.010307,0.113122,1.003519,-0.001723,-0.001004,0.0,0.004862,-1310.470644,13.50661,2.258577,13.459243,125.518434,14.198918,14.149122,-0.000763,0.113624,0.066209,,2.466667,1.453591,0.93058,0.09744,0.861972,627.151639,-101.780488,0.0455,
CTVA,2025-03-31,0.469776,0.187231,0.147612,0.25266,-0.498755,0.026848,0.015478,0.024802,0.026761,82.406896,12.164206,2.212448,-24.38915,50.612272,12.787706,-25.639262,0.012135,0.168128,0.09693,1.859319,22.777778,1.444735,0.997735,0.10486,0.609157,790.415946,-3.234663,0.021281,
CTVA,2025-06-30,0.545849,0.283767,0.203532,0.334108,0.128408,0.050716,0.031466,0.047513,0.057563,40.889875,8.322382,2.07377,64.812179,26.186043,8.748961,68.134252,0.024456,0.140067,0.086903,0.725081,35.692308,1.681799,1.228247,0.154601,0.877412,476.746314,0.7207,0.018278,
CTVA,2025-09-30,0.37204,-0.103132,-0.122231,-0.009167,0.013751,-0.012689,-0.007583,-0.007595,-0.010196,-167.904051,20.523031,2.130509,1492.480455,-2353.470635,21.574979,1568.980423,-0.005956,0.173401,0.103631,-77.666667,-7.043478,1.577543,1.067946,0.062041,0.407281,1112.212869,-0.603125,0.059969,
CTVA,2025-12-31,0.423529,0.061893,-0.141176,-0.045524,1.062148,-0.022863,-0.012884,0.009056,-0.015755,-97.335682,13.741508,2.225368,12.937466,-317.321883,14.445856,13.600601,-0.010274,0.106859,0.060217,,-10.521739,1.429691,0.962309,0.091259,0.776718,675.420507,-7.925725,0.056777,
CTVA,2026-03-31,0.516412,0.235474,0.146789,0.242813,-0.605912,0.029554,0.016855,0.03521,0.028967,74.624023,10.953985,2.205455,-18.078498,47.425101,11.515453,-19.005146,0.013401,0.137756,0.078564,1.168766,24.833333,1.466594,1.027754,0.114825,0.632169,733.563928,-4.015278,0.016514,
CVNA,2024-12-31,0.215111,0.073301,0.022272,0.106569,0.010149,0.062698,0.009312,0.037725,0.042541,913.570596,20.347358,57.279426,2004.779918,133.726869,14.25113,1404.132124,0.001095,4.798413,0.712636,10.359788,2.054054,3.639013,2.43722,0.418081,11.706271,211.057744,0.759494,0.006766,0.006202
CVNA,2025-03-31,0.219518,0.0931,0.05104,0.138705,0.04844,0.143617,0.02433,0.054849,0.068251,334.129986,17.053893,47.986753,352.058912,86.113725,11.944413,246.5793,0.002993,4.017952,0.680671,6.444634,3.697842,3.81366,2.697847,0.476684,11.468835,175.372154,1.074074,0.00638,0.005435
CVNA,2025-06-30,0.219835,0.105579,0.03781,0.107231,-0.000413,0.10578,0.019539,0.068711,0.056737,394.382935,14.911586,41.717964,-36086.038528,97.396448,10.443958,-25274.37824,0.002536,3.531214,0.652253,7.418112,3.153846,4.003529,2.575865,0.516763,15.125,194.839329,0.15847,0.006405,0.005579
CVNA,2025-09-30,0.203294,0.097751,0.02674,0.079511,0.054365,0.066257,0.015325,0.073777,0.046237,477.960775,12.780605,31.668309,235.088199,112.580749,8.951436,164.65393,0.002092,2.459412,0.568862,6.817372,3.072,4.047158,2.551034,0.573125,16.042614,187.038412,2.284768,0.006729,0.00425
CVNA,2025-12-31,0.187578,0.075674,0.152954,-0.297162,0.067642,0.249056,0.064919,0.0,-0.148433,84.214792,12.88097,20.974158,190.427644,-30.359614,9.021731,133.374028,0.011874,1.604475,0.418226,-1.674474,-17.693878,4.311389,2.726136,0.424438,22.869388,190.121008,0.50175,0.009102,0.003926
CVNA,2026-03-31,0.197606,0.09033,0.038868,0.094683,0.008706,0.067204,0.018154,0.060127,0.044963,288.688308,11.220783,19.401096,1288.78709,83.002884,7.858948,902.656366,0.003464,1.49086,0.40273,4.505747,5.454545,4.086882,2.574106,0.467068,18.973451,185.011482,0.428,0.007929,0.004042
CVNA,2026-06-30,0.187636,0.092191,0.042028,0.101546,0.025352,0.076961,0.021303,0.065035,0.054343,232.813152,9.784718,17.917596,385.946936,67.488326,6.853139,270.314206,0.004295,1.395482,0.38627,3.479306,6.732673,3.926435,2.32614,0.506872,19.564987,193.602371,0.767742,0.006914,0.003389
CVS,2024-12-31,0.132013,0.025361,0.016825,0.041255,0.011176,0.021758,0.006493,0.013338,0.017105,69.114185,1.162867,1.503755,104.051026,43.703481,1.802975,161.326676,0.014469,1.097406,0.327469,14.310097,3.804749,0.81132,0.597312,0.385878,6.68697,64.116435,1.131387,0.00786,0.001402
CVS,2025-03-31,0.152197,0.03567,0.018808,0.048167,0.040312,0.023125,0.006961,0.016221,0.020417,63.869432,1.201249,1.476995,29.799035,38.667412,1.862485,46.202132,0.015657,1.055688,0.317753,11.991659,4.333758,0.822731,0.627309,0.370084,5.677551,68.161673,2.560989,0.007855,0.001332
CVS,2025-06-30,0.137421,0.024071,0.010322,0.036203,0.013042,0.013195,0.003952,0.010179,0.014679,111.286699,1.148701,1.468405,88.080403,49.195401,1.781011,136.564907,0.008986,1.069076,0.32021,15.275901,3.158585,0.803392,0.618105,0.382882,6.049847,61.140629,1.857982,0.006137,0.001375
CVS,2025-09-30,0.134207,0.024477,-0.038641,-0.015204,0.000953,-0.054506,-0.015568,0.018146,-0.01659,-28.584584,1.104526,1.558026,1159.425714,-112.639853,1.712521,1797.640108,-0.034984,1.120996,0.320185,-36.277494,-3.441327,0.831857,0.627294,0.402899,6.3899,62.030955,-0.200252,0.006785,0.001341
CVS,2025-12-31,0.128362,0.019982,0.027845,0.031109,0.024656,0.039128,0.011608,0.015109,0.012988,38.608128,1.075035,1.510672,43.600813,53.579298,1.666797,67.601201,0.025901,1.062967,0.315337,17.067214,2.720457,0.842398,0.6254,0.416872,6.477874,62.704597,1.151886,0.007418,0.001277
CVS,2026-03-31,0.155577,0.046601,0.029305,0.058023,0.033856,0.037996,0.011634,0.025,0.028289,38.608128,1.131417,1.466945,33.418741,30.233178,1.754214,51.814333,0.025901,1.011477,0.309696,9.193238,6.087855,0.865877,0.66022,0.396982,4.985405,76.863624,1.443765,0.008454,0.002649
CVS,2026-06-30,0.148441,0.044328,0.028078,0.055233,0.053291,0.037377,0.011739,0.025099,0.028394,38.141564,1.070952,1.425607,20.096166,30.062923,1.660465,31.158247,0.026218,0.957391,0.300692,8.546246,6.253633,0.865638,0.663182,0.418083,5.47451,68.510827,2.129909,0.006513,0.001659
CVX,2024-12-31,0.273369,0.049986,0.067013,0.214114,0.090144,0.021265,0.012606,0.007373,0.028656,126.883452,8.502824,2.698141,94.325339,43.018216,9.210815,102.179371,0.007881,0.161117,0.095513,1.657745,31.447236,1.061025,0.825691,0.188115,2.336782,21.041391,2.684471,0.08975,
CVX,2025-03-31,0.289972,0.093208,0.07592,0.217566,0.027375,0.023452,0.013651,0.015107,0.026258,117.421572,8.914677,2.753715,325.654122,44.386393,9.65696,352.769824,0.008516,0.198876,0.115762,2.49681,27.334906,1.080444,0.823679,0.179803,2.356902,24.276992,1.482571,0.085183,
CVX,2025-06-30,0.296856,0.091425,0.056113,0.194997,0.109611,0.017006,0.009927,0.013989,0.020468,165.050403,9.26142,2.806884,84.493319,51.449846,10.032575,91.528684,0.006059,0.201254,0.117483,2.936092,16.135036,0.996095,0.743044,0.17692,2.512314,30.691099,3.444177,0.083651,
CVX,2025-09-30,0.311196,0.089207,0.07347,0.245178,0.102576,0.018642,0.010839,0.012393,0.019874,116.127579,8.53195,2.164818,83.176584,37.696488,9.242366,90.102311,0.008611,0.218833,0.12724,2.86359,15.632432,1.152064,0.85786,0.147531,2.692961,40.523451,2.651879,0.092259,
CVX,2025-12-31,0.317885,0.087863,0.060498,0.238583,0.120667,0.014857,0.008549,0.011023,0.017067,148.366607,8.975812,2.204213,74.384706,40.753892,9.723186,80.578374,0.00674,0.2186,0.125792,3.022702,13.739612,1.154701,0.863839,0.141313,2.533167,32.258053,3.894946,0.114967,
CVX,2026-03-31,0.283518,0.067752,0.046472,0.214127,-0.032572,0.01203,0.006706,0.008171,0.014932,185.961766,8.641927,2.237027,-265.316657,43.719485,9.361501,-287.40834,0.005377,0.247274,0.137848,3.938427,12.437681,1.094461,0.844224,0.144305,1.882959,58.579751,1.137557,0.085436,
CVX,2026-06-30,0.364738,0.212444,0.179646,0.342773,0.269275,0.063576,0.036567,0.046049,0.058564,34.043696,6.115798,2.164362,22.712103,19.327755,6.625032,24.603234,0.029374,0.195252,0.112303,1.239385,48.397727,1.25216,0.984022,0.20355,2.734446,14.659973,1.874834,0.067531,
D,2024-12-31,0.441765,0.227353,-0.022353,0.476765,-0.834706,-0.002829,-0.000742,0.006659,0.010695,-735.792936,16.447136,2.081683,-19.70411,71.088377,33.892429,-40.604038,-0.001359,1.554182,0.407655,25.432449,,0.711917,0.522015,0.033198,1.567543,351.11776,-8.434211,1.023235,
D,2025-03-31,0.505397,0.311335,0.16315,0.473258,-0.498037,0.024301,0.00636,0.017048,0.01325,84.090621,13.719397,2.043496,-27.546928,59.737822,28.271408,-56.765645,0.011892,1.611657,0.421816,22.679108,,0.729779,0.528708,0.038984,1.993154,322.536562,1.778947,0.788273,
D,2025-06-30,0.503937,0.300787,0.199475,0.555906,-0.356693,0.027926,0.007074,0.012426,0.015857,73.579294,14.677234,2.054759,-41.148097,54.40711,30.245212,-84.793421,0.013591,1.703509,0.431502,21.726629,3.045545,0.665837,0.49105,0.035461,1.660854,376.388097,0.856579,0.527559,
D,2025-09-30,0.502099,0.324497,0.222222,0.572565,-0.329578,0.036329,0.009015,0.016132,0.014421,55.586743,12.352609,2.019438,-37.480069,44.457662,25.454884,-77.234758,0.01799,1.753241,0.435039,18.370756,,0.844929,0.650293,0.040566,1.981182,327.869247,2.524851,0.890656,
D,2025-12-31,0.449059,0.255803,0.138529,0.593941,-0.586123,0.019496,0.004894,0.012354,0.016592,98.624803,13.662415,1.922782,-23.309822,47.401999,28.153985,-48.034289,0.010139,1.682804,0.422426,19.849856,,0.772788,0.585408,0.035328,1.617147,325.898988,1.740741,0.827266,
D,2026-03-31,0.441522,0.270373,0.12373,0.411437,-0.426579,0.021306,0.005237,0.016002,0.012682,90.048733,11.141714,1.91856,-26.118759,55.803515,22.959605,-53.822634,0.011105,1.775998,0.436548,24.897821,,0.777346,0.609556,0.042327,2.101759,274.452517,1.42029,0.602311,
D,2026-06-30,0.457143,0.272991,0.075893,0.362054,-0.069196,0.011756,0.002789,0.010975,0.009164,164.471362,12.482202,1.933485,-180.387946,71.044549,25.721933,-371.723416,0.00608,1.847175,0.438293,32.754624,1.814414,0.808929,0.641762,0.036754,1.615579,340.738134,4.408824,0.403795,
DAL,2025-03-31,0.209188,0.040527,0.017094,0.035541,0.082194,0.015537,0.003103,0.013647,0.010474,218.166443,3.729341,3.389651,45.37257,137.266605,4.878635,59.355317,0.004584,1.442351,0.288071,24.274549,2.787709,0.378329,0.328294,0.181531,3.844469,-14.2987,9.908333,0.087179,
DAL,2025-06-30,0.27673,0.126261,0.127943,0.164945,0.038924,0.122133,0.02717,0.053527,0.055095,24.582134,3.145119,3.00229,80.802386,24.943931,4.11437,105.703759,0.04068,1.220183,0.271446,4.269847,15.965116,0.384605,0.331197,0.21236,4.433555,-24.921031,0.871831,0.072621,
DAL,2025-09-30,0.244287,0.101002,0.084988,0.116836,0.041264,0.075284,0.017796,0.040697,0.037918,36.951268,3.140403,2.781848,76.104573,35.162236,4.108201,99.558192,0.027063,1.114547,0.263467,5.330082,11.391813,0.397536,0.342915,0.209399,4.616002,-21.707803,1.303458,0.069514,
DAL,2025-12-31,0.236331,0.09167,0.076173,0.104418,0.084547,0.058457,0.014991,0.033803,0.031121,42.953196,3.271883,2.510907,38.699147,40.991045,4.2802,50.625304,0.023281,0.972234,0.249321,5.865949,10.575949,0.397046,0.339089,0.196798,5.615088,-43.263072,1.853979,0.056677,
DAL,2026-03-31,0.185884,0.031601,-0.018229,-0.003974,0.077709,-0.014183,-0.003423,0.014505,-0.001218,-181.176285,3.302633,2.569687,42.499956,-1087.238664,4.320426,55.597432,-0.005519,0.996221,0.240421,-144.619048,-0.417219,0.417842,0.363803,0.187775,3.876284,-24.666961,-8.415225,0.075691,
DAL,2026-06-30,0.229843,0.094346,0.081186,0.108974,0.006934,0.073527,0.018582,0.041609,0.040841,32.643358,2.650197,2.400181,382.189389,31.814229,3.466925,499.971065,0.030634,0.916067,0.231508,4.313516,14.951389,0.42364,0.347518,0.228878,4.587184,-20.699934,0.994389,0.073797,
DASH,2024-12-31,0.494257,0.040724,0.049078,0.089802,0.146189,0.01807,0.010977,0.011842,0.013917,592.911396,29.09868,10.713893,199.048826,316.159159,28.391599,194.212055,0.001687,0.068692,0.041728,,,1.664263,,0.223667,3.924863,,3.673759,0.034111,0.094326
DASH,2025-03-31,0.505277,0.051451,0.063654,0.101583,0.162929,0.023006,0.01422,0.018032,0.017343,433.163248,27.572727,9.965491,169.231795,264.83462,26.902725,165.119561,0.002309,0.06282,0.03883,,,1.715753,,0.223401,3.877238,,3.290155,0.046504,0.077507
DASH,2025-06-30,0.507917,0.049635,0.086784,0.098051,0.1081,0.03194,0.016814,0.013999,0.013302,293.335112,25.456914,9.369103,235.494386,253.320071,24.838326,229.772008,0.003409,0.364339,0.191799,,,2.073041,,0.193746,3.909524,,1.768421,0.045371,0.085871
DASH,2025-09-30,0.510447,0.07516,0.070807,0.124202,0.209808,0.025698,0.013577,0.020773,0.020173,342.625028,24.260159,8.804687,115.630023,190.581923,23.670651,112.820281,0.002919,0.343023,0.181236,,,2.044622,,0.191753,3.854586,,3.569672,0.042948,0.074869
DASH,2025-12-31,0.510746,0.037168,0.053856,0.104678,0.064223,0.02123,0.010835,0.011056,0.010879,392.490643,21.137928,8.332553,329.135854,197.026722,20.624289,321.138043,0.002548,0.327918,0.167353,,,1.406052,,0.20118,3.569495,,1.976526,0.042225,0.069785
DASH,2026-03-31,0.506442,0.049306,0.04559,0.115956,0.104063,0.018043,0.009335,0.014754,0.014541,454.350581,20.713703,8.197736,199.048826,174.292869,20.210372,194.212055,0.002201,0.322318,0.16676,,,1.425821,,0.204759,3.903288,,3.228261,0.043112,0.057235
DASH,2026-06-30,0.526942,0.035474,0.044903,0.101706,0.166592,0.020159,0.010224,0.012009,0.011783,418.002534,18.769759,8.426621,112.669147,180.064157,18.313665,109.931352,0.002392,0.333132,0.168959,,,1.36801,,0.227698,4.049091,,4.72,0.045352,0.078357
DD,2024-12-31,0.363842,0.154592,-0.038163,0.137775,0.132277,-0.005054,-0.003221,0.0,0.004078,-147.643166,5.634506,0.74612,42.596317,44.537308,6.136123,46.388492,-0.006773,0.307109,0.195736,12.605634,1.511905,3.780022,3.574418,0.084398,3.918885,107.24144,-4.779661,0.050129,
DD,2025-03-31,0.336849,0.114144,-0.365385,0.210918,0.14206,-0.025795,-0.01637,0.005057,0.005742,-29.578767,10.807626,0.76298,76.078138,55.802627,11.769785,82.851062,-0.033808,0.314181,0.199383,15.917647,2.168675,1.395509,0.911485,0.044801,0.703623,718.486547,-0.595925,0.075682,0.004342
DD,2025-06-30,0.346484,0.124071,0.033734,0.187536,-0.142939,0.002558,0.001614,0.002208,0.005109,295.286333,9.96106,0.755372,-69.687575,57.844187,10.847852,-75.891573,0.003387,0.311091,0.196258,16.27439,1.928571,1.411498,0.938595,0.04784,0.689941,719.354584,-3.389831,0.028588,0.008576
DD,2025-09-30,0.388997,0.17806,-0.040039,0.283854,0.239909,-0.005373,-0.003233,0.016205,0.012894,-141.641412,5.671189,0.760981,23.638933,21.757905,6.176072,25.74341,-0.00706,0.388704,0.233913,7.963303,4.30303,2.002198,1.634765,0.080749,1.294019,317.069721,-9.01626,0.121094,0.006836
DD,2025-12-31,0.56387,0.348477,0.067344,0.414217,0.290754,-0.009052,-0.00584,-0.033523,-0.035859,-138.268997,-9.311541,1.251663,-32.02554,-24.481152,-10.140509,-34.876642,-0.007232,0.229471,0.148042,-3.187097,-14.702128,2.418655,1.910195,-0.086721,-2.056044,-256.698182,5.555556,,0.002672
DD,2026-03-31,0.35812,0.138013,0.095776,0.223676,0.030339,0.011467,0.007506,0.01117,0.011424,108.210519,10.364006,1.240876,341.605757,50.459822,11.286671,372.017513,0.009241,0.225926,0.147886,6.547872,5.525,2.68331,2.108417,0.078372,0.989406,479.524699,0.950311,0.060678,0.007733
DD,2026-06-30,0.351292,0.142936,0.078615,0.253436,0.22155,0.010386,0.00679,0.011051,0.016107,121.831424,9.577732,1.265298,43.230505,41.155951,10.430398,47.079139,0.008208,0.226959,0.148379,3.004338,7.487805,2.426787,1.822089,0.086368,1.038835,423.117852,3.34965,0.041781,0.007697
DDOG,2024-12-31,0.804565,0.012731,0.061803,0.101456,0.326641,0.016797,0.007881,0.001838,0.015077,1810.732233,111.909318,30.415433,342.6063,1053.494352,106.883565,327.220141,0.000552,0.678679,0.318422,4.894278,11.127187,2.636539,,0.127517,1.231764,,5.817169,0.032879,0.214796
DDOG,2025-03-31,0.793018,-0.016309,0.032358,0.058033,0.320911,0.008449,0.0041,-0.002124,0.007927,3350.317565,108.408115,28.305709,337.813281,1784.158655,103.539598,322.642371,0.000298,0.643643,0.312342,12.110872,28.793706,2.736831,,0.126706,1.553644,,11.019438,0.035651,0.215697
DDOG,2025-06-30,0.799243,-0.041278,0.003202,0.024546,0.200001,0.000828,0.000455,-0.003552,0.001672,31189.469377,99.85791,25.833793,499.286529,3885.428786,95.373375,476.863993,3.2e-05,0.395658,0.217165,24.259732,5.398844,3.432385,,0.141996,1.368414,,75.578013,0.041973,0.218276
DDOG,2025-09-30,0.80076,-0.006559,0.03826,0.058815,0.241576,0.009853,0.005599,-0.001248,0.007828,2436.4328,93.217899,24.005726,385.874053,1513.743363,89.031562,368.544775,0.00041,0.37199,0.211371,8.481474,26.939636,3.663305,,0.146329,1.611306,,7.421278,0.042362,0.226453
DDOG,2025-12-31,0.803929,0.008375,0.048854,0.081051,0.305311,0.012477,0.007009,0.001474,0.011999,1772.897662,86.612511,22.12057,283.685801,1020.631034,82.722816,270.945711,0.000564,0.342694,0.19251,7.535162,8.472051,3.382102,,0.14347,1.285907,,7.023622,0.037818,0.215471
DDOG,2026-03-31,0.792108,0.00728,0.052238,0.078421,0.287245,0.013182,0.007562,0.001315,0.011518,1570.329924,82.031392,20.700584,285.579715,999.06103,78.347431,272.754571,0.000637,0.322212,0.184846,7.071726,29.44112,3.397063,,0.144768,1.479094,,6.364781,0.04524,0.195584
DDOG,2026-06-30,0.785891,0.006657,0.039732,0.065476,0.248521,0.010203,0.005904,0.001201,0.009509,1852.832835,73.617398,18.904397,296.221903,1073.853186,70.311303,282.918827,0.00054,0.292593,0.169297,7.498339,24.451043,3.204589,,0.148583,1.355485,,7.08903,0.033143,0.196399
DE,2025-01-31,0.390341,0.178891,0.10518,0.275115,-0.232752,0.038658,0.008427,0.016509,0.024686,212.222178,22.321602,8.204149,-95.902794,106.515656,29.304053,-125.902281,0.004712,2.87624,0.626994,25.405191,2.079614,2.249602,2.016917,0.080121,1.675522,605.596155,-1.302647,0.09574,0.003389
DE,2025-04-30,0.392495,0.23018,0.144032,0.293493,0.054451,0.074278,0.01697,0.02449,0.043818,102.228976,14.724237,7.593407,270.41213,65.862374,19.330147,355.000128,0.009782,2.742249,0.62652,15.857182,3.980867,2.213701,1.989338,0.117824,1.856106,440.573261,0.94235,0.081277,0.002076
DE,2025-07-31,0.357549,0.18323,0.109395,0.25104,0.156497,0.051202,0.011955,0.01854,0.032399,143.072981,15.651453,7.325564,100.011428,81.849252,20.547406,131.296143,0.006989,2.65863,0.620783,19.616295,3.015113,2.314066,2.086718,0.109287,1.93069,429.89374,2.246703,0.089281,0.004243
DE,2025-10-31,0.325699,0.156689,0.08806,0.22722,0.217298,0.04104,0.010048,0.015852,0.029739,173.165327,15.248972,7.106785,70.175446,88.104107,20.019025,92.127126,0.005775,2.475915,0.606155,20.240539,2.870079,2.307872,2.076537,0.114099,2.245451,364.990459,3.751174,0.113031,0.003886
DE,2026-01-31,0.327911,0.137842,0.070205,0.229559,-0.168878,0.024943,0.006342,0.011111,0.021794,281.129684,19.736844,7.012208,-116.870135,112.871836,25.910754,-153.428446,0.003557,2.387795,0.607129,25.940793,2.162726,2.290104,2.031853,0.090336,1.559152,542.084843,-1.356707,0.07363,0.004388
DE,2026-04-30,0.368622,0.208372,0.135426,0.274901,0.066758,0.064694,0.01657,0.023158,0.041095,104.016398,14.086547,6.729223,211.008093,67.271489,18.492979,277.01383,0.009614,2.341166,0.599639,15.525424,4.220506,2.263837,2.022139,0.122354,1.72923,426.738359,1.089679,0.080813,0.002139
DE,2026-07-31,0.35727,0.189119,0.111642,0.258663,0.105651,0.049268,0.012815,0.018297,0.035802,133.735368,14.930463,6.58882,141.31883,75.777805,19.600881,185.524971,0.007477,2.292962,0.59643,17.172144,3.650704,2.199898,1.978045,0.114788,1.599378,437.678318,1.60116,0.073106,0.003805
DECK,2024-12-31,0.603461,0.310467,0.249969,0.329315,0.586183,0.173602,0.11521,0.168647,0.199406,23.38504,5.845527,4.0597,9.972189,15.902453,5.236918,8.93393,0.042762,0.097696,0.064835,,958.281967,3.16988,2.611569,0.460899,6.028676,55.656434,2.398365,0.013333,0.004848
DECK,2025-03-31,0.56741,0.170218,0.148184,0.205066,-0.087528,0.060251,0.042409,0.054781,0.06857,70.541393,10.453075,4.250174,-119.425978,45.667071,9.364748,-106.99189,0.014176,0.110216,0.077579,,264.851034,3.715187,3.071987,0.286193,3.069588,182.716484,-0.482079,0.016092,0.008974
DECK,2025-06-30,0.557683,0.171364,0.144321,0.210904,0.012655,0.056415,0.036258,0.050936,0.065896,76.727821,11.073429,4.328605,875.040383,47.038037,9.920514,783.935172,0.013033,0.126474,0.081284,,196.792513,2.93681,2.125583,0.251229,2.562031,242.109649,0.259664,0.02482,0.00906
DECK,2025-09-30,0.561783,0.228202,0.187409,0.253434,-0.009726,0.108738,0.070859,0.103709,0.121783,39.830928,7.464666,4.331149,-767.5153,26.387423,6.687479,-687.60511,0.025106,0.142201,0.092665,,658.113244,3.067177,2.20467,0.378101,2.655782,280.217875,0.030158,0.015378,0.007794
DECK,2025-12-31,0.598381,0.313845,0.24579,0.32998,0.521204,0.184385,0.117291,0.180695,0.21268,22.198595,5.456182,4.093095,10.468422,14.813349,4.888109,9.378498,0.045048,0.1314,0.083586,,587.448082,2.855635,2.304512,0.477201,5.685178,80.445735,2.165418,0.011033,0.006034
DECK,2026-03-31,0.575894,0.140015,0.121114,0.172113,0.070361,0.054236,0.036762,0.048847,0.060348,78.78339,9.541753,4.272916,135.611261,49.666833,8.54831,121.492035,0.012693,0.150099,0.10174,,34805.2,3.544972,2.939284,0.303536,3.509236,182.810582,0.706951,0.01526,0.011732
DECK,2026-06-30,0.564145,0.152326,0.127482,0.18537,0.032056,0.056468,0.033596,0.051876,0.061062,82.177261,10.476134,4.640408,326.808118,50.630788,9.385406,292.782348,0.012169,0.205213,0.122094,,76.909295,2.747221,1.987954,0.263539,2.694691,202.126311,0.368572,0.01493,0.010535
DELL,2025-01-31,0.24345,0.096402,0.069115,0.135306,-0.006268,-1.116059,0.020741,0.077921,0.074174,218.367458,15.092548,-243.711049,-2407.865167,118.867752,16.083481,-2565.958533,0.004579,-16.576923,0.308066,6.465102,7.162791,0.778666,0.63432,0.30009,2.323849,-127.514071,0.353688,0.030713,0.007772
DELL,2025-04-30,0.211181,0.052699,0.041278,0.093336,0.095303,-0.319114,0.011109,0.04262,0.039619,374.27956,15.449558,-119.437756,162.109414,176.39495,16.463931,172.753043,0.002672,-9.517526,0.331315,9.66132,4.0,0.851315,0.704256,0.269118,2.389167,-202.192117,2.897409,0.024296,0.008127
DELL,2025-07-31,0.182933,0.063843,0.039092,0.089434,0.062735,-0.420824,0.013053,0.059277,0.0554,310.291903,12.129896,-130.578371,193.351057,144.533902,12.926309,206.045921,0.003223,-10.372017,0.321712,7.714608,4.764411,0.829572,0.698133,0.333901,1.982028,-119.679251,2.184708,0.022669,0.006012
DELL,2025-10-31,0.20711,0.080281,0.057323,0.114534,0.018626,-0.59084,0.017696,0.060407,0.063225,233.320268,13.374552,-137.854876,718.051242,124.440278,14.252686,765.196382,0.004286,-11.924809,0.357149,7.007436,5.901515,0.853235,0.715674,0.308703,2.303984,-128.727343,0.757106,0.024773,0.00611
DELL,2026-01-31,0.201624,0.094221,0.067677,0.119327,0.118428,-0.914575,0.022303,0.087426,0.084436,159.884805,10.820569,-146.22663,91.368524,96.63414,11.531016,97.367513,0.006255,-12.754251,0.31103,5.015064,7.810219,0.91043,0.745468,0.329552,1.898152,-125.372331,2.069057,0.0216,0.005662
DELL,2026-04-30,0.177501,0.085808,0.078418,0.116532,0.071119,-2.448718,0.029918,0.110093,0.107925,105.055199,8.238214,-257.250552,115.837003,75.336422,8.779111,123.442521,0.009519,-22.194444,0.27117,3.83304,10.796526,0.9465,0.744725,0.381523,1.695753,-90.532466,1.187027,0.021965,0.004311
DELL,2026-07-31,0.209278,0.116497,0.08799,0.13255,0.020992,-2.896286,0.032443,0.133408,0.125246,87.389251,7.689421,-253.104257,366.308088,61.820395,8.194285,390.358803,0.011443,-24.152768,0.270549,3.677642,,0.962295,0.707944,0.368709,2.049524,-101.332777,0.53835,0.026378,0.003917
DG,2025-01-31,0.294005,0.028551,0.018557,0.053163,0.05125,0.025792,0.006142,0.01805,0.012125,141.230655,2.620768,3.642672,51.13651,75.188042,3.997207,77.993623,0.007081,2.355554,0.560933,9.685573,4.463889,1.188569,0.211493,0.330986,,,4.18844,0.026473,0.000975
DG,2025-04-30,0.30963,0.055204,0.037555,0.079428,0.053299,0.050876,0.012648,0.032825,0.023434,68.904753,2.58775,3.505566,48.551584,49.691053,3.946847,74.051084,0.014513,2.209081,0.549187,5.904544,8.917606,1.233091,0.203978,0.336779,,,2.161507,0.027877,0.002901
DG,2025-07-31,0.313362,0.055504,0.038352,0.079443,0.05264,0.05135,0.012998,0.033117,0.023863,65.63927,2.517372,3.370602,47.822249,48.330305,3.839506,72.938698,0.015235,2.130261,0.539218,5.233871,10.31455,1.253223,0.266947,0.338916,,,2.352063,0.037565,0.002116
DG,2025-10-31,0.299014,0.039988,0.026542,0.064999,0.064832,0.034529,0.008911,0.024427,0.017335,95.542308,2.535878,3.298954,39.114323,59.504871,3.867731,59.657333,0.010467,2.016631,0.520465,5.626474,7.613319,1.171403,0.241185,0.335748,,,3.551902,0.029442,0.001913
DG,2026-01-31,0.304495,0.055565,0.03907,0.079563,0.053337,0.050082,0.013768,0.036191,0.024904,63.349055,2.475044,3.172677,46.403862,47.446013,3.774947,70.775369,0.015786,1.846655,0.507647,3.964601,11.429361,1.134557,0.224955,0.352387,,,1.913383,0.021419,0.001659
DG,2026-04-30,0.316166,0.059193,0.041173,0.084301,0.033798,0.050222,0.01401,0.035739,0.026108,60.806261,2.50355,3.053809,74.072851,45.295324,3.818425,112.976228,0.016446,1.786486,0.498378,3.544622,13.516999,1.169053,0.252874,0.340287,,,1.612575,0.032595,0.003433
DG,2026-07-31,0.326023,0.068126,0.048742,0.092702,0.033096,0.059246,0.017108,0.042051,0.030887,49.073171,2.391921,2.907388,72.271142,39.353678,3.648169,110.228254,0.020378,1.698105,0.490345,2.848371,17.936338,1.208786,0.30682,0.350989,,,1.41831,0.036035,0.002142
DGX,2024-12-31,0.327356,0.137734,0.0847,0.193056,0.130103,0.032753,0.013744,0.021198,0.02653,122.52934,10.378296,4.013206,79.769834,65.933822,12.728926,97.837284,0.008161,1.045589,0.438742,11.521739,5.152778,1.102812,1.016136,0.162261,2.009969,161.098498,2.09009,0.046929,0.010301
DGX,2025-03-31,0.325415,0.132353,0.082956,0.184012,0.074284,0.031751,0.013927,0.02158,0.024241,123.643243,10.256981,3.925749,138.078749,68.365807,12.580133,169.352863,0.008088,0.948189,0.415902,11.620902,4.833333,1.439972,1.308813,0.16788,1.888889,,1.427273,0.044118,0.008296
DGX,2025-06-30,0.341543,0.158638,0.102137,0.215864,0.157914,0.039015,0.017659,0.025375,0.032485,96.459268,9.852051,3.763353,62.388792,55.977372,12.083489,76.519527,0.010367,0.883232,0.399775,8.983221,6.565217,1.085968,0.993577,0.172897,1.945736,,1.929078,0.039116,0.007606
DGX,2025-09-30,0.337003,0.137074,0.087003,0.191406,0.148793,0.033756,0.015126,0.02284,0.02823,111.026586,9.659628,3.747797,64.92008,61.897057,11.847484,79.624138,0.009007,0.879306,0.394024,9.727273,5.753623,1.127929,1.040769,0.173859,1.934066,,2.297959,0.051136,0.007102
DGX,2025-12-31,0.324305,0.137562,0.087313,0.193158,0.109408,0.03417,0.0151,0.022329,0.028465,111.026586,9.694053,3.793795,88.604278,61.554454,11.889706,108.672684,0.009007,0.91841,0.405855,10.062731,5.925373,1.043898,0.960931,0.172943,1.992898,160.434147,1.897959,0.056308,0.008909
DGX,2026-03-31,0.325389,0.139551,0.087047,0.188601,0.056649,0.034211,0.015114,0.024147,0.027525,107.942514,9.396032,3.692847,165.862887,61.103505,11.524184,203.429963,0.009264,0.869671,0.384214,9.642857,6.138462,1.178686,1.075333,0.173634,1.824197,,1.103175,0.039378,0.006908
DGX,2026-06-30,0.337496,0.150838,0.105159,0.205718,0.150838,0.042576,0.018891,0.027433,0.031681,85.00473,8.939045,3.619148,59.262557,53.294751,10.963692,72.685216,0.011764,0.849255,0.376823,8.01278,7.058824,1.590604,1.460291,0.179645,1.826531,,1.865625,0.04535,0.007558
DHI,2024-12-31,0.250913,0.135571,0.110981,0.138736,0.0832,0.033872,0.02412,0.02637,0.032607,45.691052,5.070849,1.547648,60.947853,41.943354,5.819069,69.940907,0.021886,0.206463,0.147018,1.938648,,9.979063,2.255627,0.21733,,,0.765416,0.001747,0.005648
DHI,2025-03-31,0.245694,0.129493,0.104784,0.132674,-0.060835,0.033313,0.022707,0.024922,0.030685,47.636192,4.991514,1.586887,-82.04967,43.173736,5.728028,-94.156367,0.020992,0.270057,0.184077,3.94406,,11.272888,2.595255,0.216699,,,-0.538253,0.004435,0.004163
DHI,2025-06-30,0.239462,0.137106,0.111059,0.139838,0.075073,0.042598,0.028152,0.03074,0.038055,37.677503,4.184438,1.604978,55.738334,34.338866,4.801866,63.962707,0.026541,0.303573,0.200621,3.592512,,11.106388,2.641529,0.253482,,,0.720867,0.004986,0.002807
DHI,2025-09-30,0.21665,0.116328,0.093544,0.119159,0.250883,0.037424,0.025522,0.028409,0.033598,42.642627,3.988961,1.595855,15.899658,38.41534,4.577546,18.245705,0.023451,0.249318,0.170028,2.5842,,17.394009,4.511386,0.272835,,,2.730366,0.004526,0.00309
DHI,2025-12-31,0.231556,0.10594,0.086367,0.109962,0.120025,0.024788,0.017171,0.01861,0.022797,64.90311,5.605479,1.608817,46.702601,58.498047,6.432585,53.593722,0.015408,0.234052,0.162132,4.015582,,12.637464,2.922029,0.198816,,,1.435777,0.003979,0.006011
DHI,2026-03-31,0.225361,0.105847,0.085723,0.109565,-0.059499,0.027423,0.018216,0.020102,0.024518,59.58384,5.107682,1.633992,-85.844719,53.496644,5.861337,-98.511387,0.016783,0.280786,0.186516,5.610313,,11.659847,2.705362,0.212504,,,-0.636672,0.004922,0.004578
DHI,2026-06-30,0.232597,0.125175,0.09807,0.128318,0.043058,0.03799,0.024784,0.027976,0.035063,42.661476,4.183803,1.620704,97.166801,37.416022,4.801137,111.504079,0.02344,0.301585,0.19675,4.251351,,9.841903,2.367837,0.252719,,,0.485468,0.004552,0.003414
DHR,2024-12-31,0.594983,0.217957,0.166106,0.301468,0.229887,0.02192,0.014005,0.017954,0.01945,137.108176,22.774469,3.005459,99.068183,87.478681,26.372053,114.717552,0.007294,0.346083,0.221119,7.065956,22.557377,1.397029,1.054281,0.084316,1.848459,276.995372,1.859116,0.078923,0.008718
DHR,2025-03-31,0.611566,0.221913,0.166173,0.312141,0.183592,0.018761,0.012058,0.01599,0.016572,156.079119,25.936157,2.928268,141.270853,96.216786,30.033179,163.586794,0.006407,0.324038,0.208264,8.082589,16.680556,1.433409,1.05237,0.072564,1.637479,355.482151,1.361635,0.042675,0.010625
DHR,2025-06-30,0.593497,0.128032,0.093497,0.225236,0.183625,0.010605,0.0068,0.009241,0.009702,268.287351,25.084144,2.845177,136.605027,128.960719,29.046577,158.183928,0.003727,0.33162,0.212632,10.768886,10.225352,1.619405,1.223498,0.072727,1.665544,364.966057,2.410811,0.041779,0.01533
DHR,2025-09-30,0.582025,0.190649,0.150008,0.291591,0.226334,0.017779,0.011365,0.014336,0.015536,163.986211,24.599286,2.915539,108.685751,97.688658,28.485128,125.854366,0.006098,0.33005,0.210972,8.684419,17.059701,1.518975,1.096142,0.07576,1.611984,367.235368,1.830396,0.048241,0.013712
DHR,2025-12-31,0.579994,0.219655,0.175051,0.299942,0.255338,0.022785,0.014342,0.01824,0.018628,124.393884,21.775297,2.834345,85.280343,84.066544,25.215045,98.751707,0.008039,0.374919,0.235982,6.729888,25.963636,1.873953,1.5083,0.081928,1.747508,290.841314,1.768588,0.054256,0.009213
DHR,2026-03-31,0.603428,0.225844,0.172912,0.323475,0.182322,0.019434,0.012317,0.015676,0.01706,144.70309,25.020917,2.81213,137.234543,89.569081,28.973363,158.912886,0.006911,0.349091,0.221249,6.640519,20.603175,1.867962,1.518365,0.071232,1.558261,360.748134,1.284742,0.039825,0.009746
DHR,2026-06-30,0.576377,0.179888,0.138867,0.294334,0.201915,0.016546,0.009419,0.011493,0.014063,171.148827,23.766876,2.831811,117.707098,93.503515,27.521226,136.300776,0.005843,0.505087,0.287527,12.044469,11.074766,1.650956,1.248735,0.067827,1.580076,428.767233,1.763218,0.042937,0.014844
DIS,2024-12-31,0.376023,0.165168,0.103443,0.219644,0.029931,0.025056,0.012961,0.020008,0.025567,69.412272,7.180192,1.739171,239.890316,41.479798,9.110771,304.390998,0.014407,0.444488,0.229936,7.343168,8.5154,0.679188,0.621276,0.125301,1.793419,,1.254894,0.099878,0.012839
DIS,2025-03-31,0.373016,0.148427,0.138648,0.20668,0.207062,0.031388,0.016723,0.023813,0.02199,54.130975,7.505141,1.699067,36.24595,46.076392,9.523092,45.991606,0.018474,0.411054,0.219008,7.58644,7.55414,0.668107,0.609363,0.120618,1.879007,,2.061985,0.078828,0.013971
DIS,2025-06-30,0.385539,0.154123,0.222495,0.210613,0.079873,0.048211,0.026763,0.024074,0.022299,33.690411,7.495938,1.624252,93.848038,45.1606,9.511414,119.081497,0.029682,0.387219,0.214956,7.407348,8.33105,0.722431,0.659347,0.120288,1.764662,,0.697263,0.075264,0.015095
DIS,2025-09-30,0.375979,0.115874,0.058449,0.171608,0.113871,0.011951,0.006648,0.012092,0.015066,135.018236,7.891691,1.613548,69.303731,58.351478,10.013575,87.937821,0.007406,0.408459,0.227209,9.424384,5.915865,0.710351,0.647884,0.113734,2.152961,-166.902447,3.407464,0.085292,0.015981
DIS,2025-12-31,0.358416,0.149147,0.092452,0.209846,-0.087679,0.022143,0.011886,0.016803,0.025213,73.804722,6.823407,1.634269,-77.822188,41.259161,8.658056,-98.746684,0.013549,0.429957,0.230789,7.513206,9.336343,0.669348,0.612653,0.128562,1.725854,,0.305995,0.115969,0.012779
DIS,2026-03-31,0.368206,0.150548,0.08928,0.2084,0.196321,0.02067,0.010949,0.017774,0.022723,78.895836,7.043823,1.630781,35.879163,42.887502,8.937736,45.526199,0.012675,0.435644,0.23077,7.945853,8.118393,0.679099,0.621677,0.122641,1.748992,,3.076992,0.078393,0.016092
DIS,2026-06-30,0.401695,0.18853,0.104484,0.21871,0.121673,0.023975,0.012885,0.023796,0.024217,67.202025,7.021504,1.611158,57.707989,40.736137,8.909416,73.224267,0.014881,0.418433,0.224875,7.398769,8.87257,0.709073,0.649793,0.123317,1.7349,,1.844579,0.071055,0.016754
DLR,2024-12-31,0.538473,0.124664,0.132025,0.522831,0.535898,0.008883,0.004186,0.004672,0.007265,362.823636,47.901619,3.223001,89.385768,117.757257,61.567131,114.885998,0.002756,0.843874,0.397685,17.108384,2.819862,1.108597,,0.031708,1.584378,,4.059076,,0.010399
DLR,2025-03-31,0.569972,0.16741,0.078127,0.472425,0.283514,0.005164,0.002439,0.005401,0.005351,625.42159,48.86211,3.229781,172.344523,132.934594,62.801634,221.511467,0.001599,0.859232,0.405892,22.096733,2.25457,1.294096,,0.031225,1.462123,,3.628903,,0.014832
DLR,2025-06-30,0.556958,0.156878,0.691261,1.091906,0.429452,0.045044,0.021188,0.005694,0.025878,66.637324,46.063767,3.001594,107.261611,54.221689,59.204972,137.861514,0.015007,0.861909,0.405424,9.137766,10.689156,1.494424,,0.030651,1.262718,,0.62126,,0.016752
DLR,2025-09-30,0.549686,0.142642,0.042994,0.434935,0.413928,0.002945,0.001392,0.004691,0.004247,1014.27644,43.608059,2.987189,105.35185,128.866876,56.048693,135.40693,0.000986,0.847361,0.400391,21.757816,1.663896,1.161447,,0.032368,1.446011,,9.627514,,0.015133
DLR,2025-12-31,0.541415,0.139025,0.060347,0.426026,0.439815,0.004303,0.001996,0.005598,0.004538,697.234725,42.075815,3.000136,95.667052,126.939087,54.079325,122.959225,0.001434,0.857352,0.397797,21.467878,1.741855,1.101817,,0.033083,1.540525,,7.288139,,0.014686
DLR,2026-03-31,0.572973,0.172837,0.109636,0.493347,0.325605,0.007672,0.003669,0.006372,0.006827,383.659169,42.062897,2.943251,129.183698,109.583658,54.062722,166.037597,0.002606,0.822258,0.39327,19.30069,2.639504,1.11293,,0.033467,1.545122,,2.969873,,0.015447
DLTR,2025-01-31,0.124808,-0.100954,0.738988,-0.106812,-0.235519,-0.929225,-0.198235,0.050586,0.053111,-5.68389,-4.200326,5.281614,17.834357,51.703086,-5.522522,23.448331,-0.175936,1.968774,0.420006,4.070947,20.007491,1.060716,0.749508,-0.268253,,,-0.290673,,-0.004519
DLTR,2025-04-30,0.356208,0.082786,0.074013,0.128651,0.050456,0.087943,0.018774,0.038808,0.044339,61.17382,4.527683,5.379812,89.735539,46.272054,5.952926,117.982865,0.016347,2.025046,0.432306,4.056626,19.638767,1.043694,0.715411,0.253657,,,1.406523,0.053646,0.003707
DLTR,2025-07-31,0.344324,0.050543,0.041222,0.086076,0.055684,0.052259,0.014076,0.027185,0.023378,111.502599,4.596335,5.827048,82.542592,70.207902,6.043189,108.525693,0.008968,2.036753,0.548581,5.243772,10.149123,1.036422,0.266856,0.341459,,,2.651274,0.053606,0.003151
DLTR,2025-10-31,0.358914,0.072258,0.051484,0.106862,-0.012019,0.070598,0.017911,0.040115,0.035141,85.883441,4.421614,6.063177,-367.899994,54.40179,5.813468,-483.709086,0.011644,2.210552,0.560833,4.836321,15.671233,0.959047,0.223868,0.347898,,,1.305397,0.079225,0.003031
DLTR,2026-01-31,0.39173,0.127452,0.09285,0.158714,0.177684,0.134784,0.037583,0.084936,0.067848,41.507784,3.854017,5.59458,21.690335,31.926701,5.0672,28.518109,0.024092,1.879038,0.523949,1.981158,38.375691,1.067398,0.294493,0.404769,,,2.434697,0.048379,0.002367
DLTR,2026-04-30,0.368745,0.09512,0.069798,0.131778,0.0786,0.099031,0.025123,0.055203,0.044993,60.486869,4.221852,5.990046,53.712835,42.1226,5.550824,70.620784,0.016533,2.165184,0.549292,2.936251,29.368098,1.161412,0.385504,0.359944,,,1.854305,0.050826,0.004241
DLTR,2026-07-31,0.429138,0.14109,0.105189,0.180733,0.137921,0.150206,0.036672,0.081348,0.06565,40.830106,4.294874,6.13292,31.140068,31.244105,5.646833,40.942468,0.024492,2.239453,0.546758,2.121493,39.561798,1.133662,0.391269,0.348634,,,1.791059,0.050478,0.004007
DOC,2024-12-31,0.603108,0.175596,0.006514,0.489612,0.406212,0.000541,0.000228,0.0,0.003529,3169.759909,20.649206,1.715561,50.833589,71.256021,34.887772,85.885657,0.000315,1.074036,0.452561,25.154081,0.954133,1.056584,,0.035007,9.087202,,62.355619,,0.005169
DOC,2025-03-31,0.6114,0.192181,0.060931,0.56272,0.397544,0.005231,0.002161,0.007613,0.00669,336.529801,20.505227,1.760236,51.579823,61.566117,34.644512,87.146453,0.002972,1.121542,0.463432,22.263899,1.746853,1.095488,,0.035471,10.200398,,6.524447,,0.006583
DOC,2025-06-30,0.602244,0.189368,0.045615,0.562895,0.523491,0.003995,0.001599,0.007283,0.00627,455.053146,20.757456,1.817951,39.651975,62.304101,35.070665,66.993814,0.002198,1.17952,0.472046,22.903752,1.528276,0.656358,,0.03505,10.10093,,11.476178,,0.002503
DOC,2025-09-30,0.586438,0.186616,-0.165925,0.57282,0.446201,-0.015416,-0.005981,0.007874,0.007695,-123.058847,20.418543,1.897114,45.760898,60.224976,34.498056,77.315116,-0.008126,1.241611,0.481701,22.358826,1.849617,0.871261,,0.036046,8.731189,,-2.68917,,0.00573
DOC,2025-12-31,0.599872,0.202718,0.15842,0.650312,0.40879,0.015196,0.005604,0.008002,0.011106,126.464431,20.034554,1.921696,49.009461,52.050818,33.849289,82.80371,0.007907,1.352537,0.498827,20.050695,2.551527,0.720002,,0.035376,9.184598,,2.580409,,0.00556
DOC,2026-03-31,0.569878,0.152421,0.257165,0.760568,0.346478,0.024741,0.008958,0.006281,0.014742,74.434101,19.141855,1.841601,55.247022,42.522227,32.341034,93.342353,0.013435,1.36883,0.495594,16.155489,3.241271,0.839671,,0.034833,8.231953,,1.347296,,0.01245
DOC,2026-06-30,0.568258,0.171789,0.068454,0.572329,0.468001,0.006733,0.002436,0.007415,0.007773,272.878532,18.679744,1.837267,39.91387,55.143595,31.560276,67.436296,0.003665,1.315578,0.476031,19.034004,1.642935,0.960485,,0.035589,10.696468,,6.836684,,0.006229
DOV,2024-12-31,0.386412,0.152894,0.744084,0.216915,-0.032486,0.206498,0.114795,0.023438,0.032189,17.578041,13.079544,3.629822,-402.624981,63.890822,13.858882,-426.615162,0.056889,0.453545,0.252131,2.590733,11.728166,2.041631,1.520427,0.154276,1.42507,347.623205,-0.006118,0.027933,0.004177
DOV,2025-03-31,0.399505,0.158789,0.123694,0.219932,0.058101,0.032338,0.018249,0.023737,0.030733,109.356462,13.526779,3.536368,232.814683,65.168928,14.332765,246.686814,0.009144,0.416489,0.235031,2.844693,11.699109,2.128926,1.563555,0.147531,1.35297,388.742756,0.6785,0.025826,0.012794
DOV,2025-06-30,0.399232,0.173009,0.136156,0.23091,0.074168,0.037502,0.021203,0.026842,0.034458,90.451538,12.315509,3.392116,166.047876,56.51262,13.049321,175.941745,0.011056,0.412447,0.233195,3.812298,14.142361,1.948834,1.34589,0.155729,1.383834,392.973916,0.763076,0.029729,0.003417
DOV,2025-09-30,0.401183,0.181512,0.145341,0.246382,0.177491,0.03941,0.022502,0.02759,0.036868,83.58312,12.148075,3.294007,68.443157,52.243676,12.871911,72.521304,0.011964,0.400761,0.228827,2.965572,15.179779,2.041586,1.442307,0.154824,1.431084,390.045558,1.400512,0.026061,0.003238
DOV,2025-12-31,0.391035,0.164502,0.13438,0.222945,0.230614,0.038091,0.021015,0.025958,0.03381,89.486016,12.025163,3.408652,52.14401,57.151554,12.741676,55.250981,0.011175,0.482742,0.266331,3.528279,13.103896,1.789541,1.284165,0.156386,1.530664,351.849486,1.918167,0.02715,0.003038
DOV,2026-03-31,0.388647,0.148961,0.116104,0.207363,0.063687,0.031834,0.017653,0.022667,0.029858,105.865245,12.291335,3.370114,192.996108,62.806383,13.023707,204.495671,0.009446,0.439274,0.243592,3.870415,11.124721,1.865381,1.318604,0.152045,1.421627,371.677473,0.799373,0.029123,0.010206
DOV,2026-06-30,0.402099,0.178896,0.142577,0.234504,0.085848,0.04053,0.022801,0.028807,0.037238,80.839364,11.525811,3.276448,134.257582,52.07837,12.21257,142.257243,0.01237,0.423155,0.238056,2.928564,14.342212,1.978687,1.410754,0.159923,1.438601,383.494343,0.755151,0.021819,0.003105
DOW,2024-12-31,0.089861,0.029217,-0.005094,0.113984,0.004133,-0.003054,-0.000925,0.0,0.009251,-391.563187,1.994507,1.195785,482.624393,31.585033,3.600178,871.159284,-0.002554,1.01671,0.307876,11.142496,2.013889,1.612558,0.976477,0.18155,2.187763,232.244173,-15.358491,0.074099,
DOW,2025-03-31,0.064327,0.00278,-0.029432,0.053303,-0.056946,-0.018287,-0.005339,0.000695,-0.003368,-67.598856,1.989536,1.236172,-34.937456,67.37383,3.591204,-63.063719,-0.014793,1.067489,0.311675,25.395683,-0.731481,1.542415,0.903363,0.181412,2.121415,240.866408,-0.296417,0.06567,
DOW,2025-06-30,0.0577,-0.001485,-0.082641,0.027118,-0.112035,-0.048459,-0.014155,-0.000455,-0.009277,-24.853711,2.053924,1.20439,-18.332905,136.714778,3.707428,-33.09174,-0.040235,1.050606,0.306877,48.653285,-2.15311,1.689109,1.050067,0.17128,1.862145,263.367386,0.562874,0.065519,
DOW,2025-09-30,0.073298,0.015442,0.006217,0.098165,0.056452,0.003535,0.001017,0.004436,0.005719,334.723369,2.080903,1.183105,36.861188,38.26338,3.756126,66.536144,0.002988,1.11875,0.321758,12.835546,1.316742,1.944378,1.283749,0.163519,1.977201,269.12077,18.177419,0.056553,
DOW,2025-12-31,0.057928,-0.001057,-0.163108,-0.065645,-0.030021,-0.096389,-0.026359,-0.000289,-0.026927,-13.449675,2.193747,1.296405,-73.073412,-60.321818,3.959815,-131.900878,-0.074351,1.224263,0.334791,-21.286634,-6.068493,1.966895,1.24872,0.161604,1.98656,283.831171,-0.184057,0.060042,
DOW,2026-03-31,0.065346,-0.000408,-0.054421,0.055953,0.063406,-0.034953,-0.008916,-0.00012,-0.003473,-38.935927,2.118935,1.360932,33.418436,68.357389,3.824775,60.321818,-0.025683,1.287232,0.328354,26.065693,-0.780822,1.847855,1.204822,0.163834,1.88891,273.2189,-2.108818,0.051358,
DOW,2026-06-30,0.179209,0.114539,0.059626,0.14431,0.057807,0.04546,0.011707,0.038898,0.021771,28.783424,1.716246,1.308502,29.68934,21.466962,3.097904,53.590628,0.034742,1.224968,0.315466,7.558166,5.147619,1.749309,1.143073,0.196347,1.88056,262.052847,1.846047,0.052266,
DPZ,2024-12-31,0.391889,0.189521,0.11735,0.213536,0.094143,-0.042764,0.097549,0.207117,2.26068,57.438723,6.740462,-2.456318,71.598326,47.646219,10.174196,108.072031,0.01741,-1.311676,2.992056,15.532848,4.648134,0.561426,0.517444,0.831263,4.671289,71.91029,1.050601,0.029146,0.008113
DPZ,2025-03-31,0.398493,0.188925,0.134571,0.232388,0.147772,-0.038248,0.079703,0.153654,1.316313,65.035629,8.75194,-2.487458,59.225873,56.846033,13.210363,89.396787,0.015376,-1.330671,2.772927,18.076296,5.222485,0.598749,0.555587,0.592269,3.672127,72.196044,1.196624,0.013259,0.009335
DPZ,2025-06-30,0.402543,0.193129,0.114476,0.203686,0.146093,-0.032982,0.072374,0.172107,1.729312,74.243441,8.499059,-2.448694,58.175513,62.98248,12.82866,87.811351,0.013469,-1.311212,2.877269,20.162817,4.768388,0.596831,0.555541,0.632225,4.023612,57.967304,1.432471,0.017889,0.009584
DPZ,2025-09-30,0.400942,0.194558,0.121458,0.213265,0.14294,-0.035164,0.083913,0.203204,0.199988,69.858719,8.484907,-2.456524,59.359886,60.053565,12.807299,89.599069,0.014315,-1.275055,3.042694,19.115168,4.981138,1.609439,1.477464,0.690881,4.138375,65.934022,1.33073,0.018688,0.009001
DPZ,2025-12-31,0.396904,0.19243,0.118277,0.207608,0.114547,-0.046561,0.105824,0.254434,0.247807,53.581183,6.337431,-2.49482,55.32585,46.076502,9.565853,83.51001,0.018663,-1.294053,2.941104,14.713514,4.794128,1.650972,1.504764,0.894714,4.860583,53.088238,1.320205,0.041603,0.008438
DPZ,2026-03-31,0.403715,0.193445,0.121512,0.214935,0.127684,-0.035787,0.075799,0.176366,0.181135,69.612884,8.458802,-2.491224,66.248141,59.403499,12.767895,99.996348,0.014365,-1.314582,2.784389,18.805316,4.907716,1.603029,1.486215,0.623801,3.758907,67.724232,1.158385,0.013074,0.007639
DPZ,2026-05-31,,,,,,,,,,,,-2.443896,,,,,,-1.286363,2.905228,,,1.538076,1.410573,,,,,,
DPZ,2026-06-30,0.400383,0.190846,0.113653,0.2023,0.139551,-0.034087,0.076985,0.195952,0.188384,71.695373,8.148382,-2.443896,58.390159,60.797422,12.29934,88.135343,0.013948,-1.286363,2.905228,19.528823,4.804612,1.538076,1.410573,0.677373,3.939637,60.861184,1.404405,0.020064,0.010346
DRI,2025-02-28,0.224319,0.134389,0.102407,0.176156,0.132077,0.1468,0.025747,0.084075,0.041293,73.475635,7.524389,10.78621,56.9696,56.985867,10.038391,76.003927,0.01361,2.75951,0.483978,3.517886,,0.385704,0.243529,0.251415,48.140244,-6.215749,1.794372,0.051678,0.00494
DRI,2025-05-31,0.233762,0.139285,0.092857,0.158969,0.084054,0.131441,0.024136,0.09189,0.037246,78.215999,7.262897,10.280803,86.407347,60.952197,9.689531,115.277228,0.012785,2.695323,0.494931,3.70871,,0.417219,0.278576,0.259927,77.528436,-13.928613,1.502304,0.055445,0.004463
DRI,2025-08-31,0.204749,0.09955,0.084672,0.143922,0.053503,0.115834,0.020204,0.05909,0.029108,92.172305,7.804388,10.676681,145.868756,72.344221,10.411941,194.605511,0.010849,2.765726,0.482413,4.71497,,0.397477,0.265553,0.23862,32.356004,-12.702854,1.328549,0.058988,0.008211
DRI,2025-11-30,0.203088,0.104961,0.076464,0.149415,0.036105,0.114017,0.01833,0.060926,0.031643,100.177152,7.659979,11.421852,212.160896,68.395335,10.219283,283.046766,0.009982,3.0796,0.495108,5.076591,,0.393662,0.259913,0.239726,24.600317,-0.857749,1.350759,0.06718,0.007704
DRI,2026-02-28,0.222103,0.131617,0.091711,0.174005,0.132813,0.145817,0.023804,0.084518,0.042829,77.451175,7.103106,11.293736,53.481927,54.460123,9.476351,71.350974,0.012911,2.939781,0.479897,3.763271,,0.386919,0.254534,0.259551,31.061281,-3.130679,2.006845,0.051236,0.005261
DRI,2026-05-31,0.232898,0.144563,0.108879,0.178068,0.099145,0.18342,0.031479,0.102925,0.052338,58.686146,6.389701,10.764222,64.448116,47.872603,8.524588,85.981117,0.01704,2.865187,0.491736,3.243431,,0.313735,0.205164,0.289122,83.381166,-8.596537,1.407014,0.05405,0.003388
DTE,2024-12-31,0.334983,0.194994,0.084983,0.295111,-0.047439,0.024959,0.005978,0.017492,0.013032,91.587254,7.783317,2.285963,-164.070419,53.79337,15.874993,-334.640964,0.010919,1.98658,0.475801,22.693294,2.298387,0.706424,0.462593,0.070344,1.880679,171.396157,3.712329,0.362922,
DTE,2025-03-31,0.273198,0.140315,0.100225,0.254279,0.033108,0.037329,0.00898,0.017734,0.014911,60.097704,6.023306,2.243392,181.928424,48.313974,12.285243,371.06447,0.01664,1.966026,0.472949,20.527901,2.708,0.871146,0.592967,0.089597,2.351695,138.806525,2.292135,0.196622,
DTE,2025-06-30,0.293653,0.131032,0.066979,0.283709,-0.076631,0.019536,0.004557,0.012569,0.010459,116.783748,7.822018,2.281477,-102.074345,56.233482,15.953927,-208.192661,0.008563,2.04675,0.477472,24.468041,1.898438,0.936491,0.573961,0.068043,1.943718,186.273053,3.09607,0.284001,
DTE,2025-09-30,0.359229,0.18968,0.118798,0.325489,-0.167281,0.034463,0.008053,0.017993,0.014027,63.826917,7.5825,2.199661,-45.327929,47.514353,15.465403,-92.451656,0.015667,2.080605,0.4862,21.767422,2.523985,1.151868,0.676363,0.06779,2.229456,202.639606,1.508353,0.34647,
DTE,2025-12-31,0.295619,0.182927,0.083333,0.278455,-0.071138,0.029993,0.006825,0.016253,0.015599,72.475551,6.039629,2.173736,-84.899931,44.23883,12.318536,-173.163419,0.013798,2.136877,0.486258,20.925385,2.72043,0.803845,0.549639,0.0819,2.060493,132.906719,2.840108,0.307814,
DTE,2026-03-31,0.203462,0.080529,0.048045,0.187707,-0.062828,0.020044,0.004482,0.010609,0.009545,108.273191,5.201999,2.170208,-82.797146,56.524847,10.610091,-168.874542,0.009236,2.188753,0.489439,27.421762,1.645051,0.952711,0.685683,0.09329,2.437648,114.348651,3.668016,0.239059,
DUK,2024-12-31,0.529212,0.286685,0.163723,0.521196,0.03913,0.024039,0.006467,0.014526,0.013229,76.048464,12.450869,1.828125,318.188885,48.554847,25.306575,646.723584,0.01315,1.700281,0.457382,21.887122,2.536165,0.669009,0.436741,0.039497,1.596529,129.602165,2.80249,0.419701,
DUK,2025-03-31,0.518487,0.283307,0.167172,0.506364,-0.117711,0.027215,0.007356,0.015091,0.014551,66.452791,11.109031,1.808534,-94.375282,44.590949,22.579269,-191.819147,0.015048,1.726485,0.466625,20.582475,2.7964,0.768421,0.502677,0.044,1.807406,199.741465,1.57868,0.381622,
DUK,2025-06-30,0.508391,0.242275,0.13106,0.5317,-0.055541,0.019335,0.005187,0.011845,0.011815,93.128454,12.205434,1.80068,-219.756352,46.657413,24.807724,-446.658015,0.010738,1.738087,0.466246,21.815882,2.25641,0.65993,0.419057,0.039576,1.83122,205.352965,2.909553,0.436867,
DUK,2025-09-30,0.512878,0.271248,0.166354,0.540506,0.020955,0.027613,0.00739,0.014856,0.014645,64.488669,10.727979,1.7807,511.946363,40.341432,21.804775,1040.538504,0.015507,1.742004,0.4662,19.049166,2.807095,0.629116,0.397526,0.044422,2.125933,198.268247,2.555947,0.404238,
DUK,2025-12-31,0.506803,0.265054,0.149156,0.537163,-0.061099,0.022839,0.006049,0.013258,0.013189,77.397296,11.544268,1.767648,-188.945153,43.681143,23.463894,-384.033798,0.01292,1.752807,0.464243,21.011023,2.435518,0.551765,0.33468,0.040555,1.876596,133.527954,3.089527,0.52192,
DUK,2026-03-31,0.488342,0.255066,0.168882,0.517433,-0.280671,0.028463,0.007826,0.013428,0.016121,59.121548,9.984572,1.682766,-35.573913,39.220129,20.293789,-72.3045,0.016914,1.674881,0.46054,18.552327,2.959711,0.661257,0.436412,0.046342,2.32531,144.532178,0.975484,0.445413,
DUK,2026-06-30,0.548209,0.275026,0.143836,0.537408,-0.183351,0.019945,0.00543,0.012633,0.012483,83.917948,12.07039,1.67373,-65.832183,45.651077,24.533244,-133.804879,0.011916,1.684097,0.458529,22.197304,2.363636,0.661152,0.426589,0.037754,1.693887,186.216921,2.527473,0.546891,
DVA,2024-12-31,0.324557,0.14591,0.078711,0.220524,0.114418,2.141056,0.015003,0.042412,0.038601,45.233152,3.560363,96.846718,31.117246,36.18771,7.980251,69.746659,0.022108,99.625469,0.698099,11.908011,3.982483,1.259857,1.214603,0.190606,1.53457,170.171292,2.111708,0.051798,0.008315
DVA,2025-03-31,0.305215,0.134427,0.05054,0.185461,0.011401,-0.609945,0.009517,0.037105,0.02965,72.001499,3.638952,-43.916976,319.182285,43.979061,8.156402,715.419936,0.013889,-46.12614,0.719687,15.55538,3.120121,1.250932,1.199149,0.188301,1.388364,190.27692,1.104912,0.044441,0.009232
DVA,2025-06-30,0.330811,0.156968,0.058984,0.20408,0.060111,-0.539284,0.011395,0.040007,0.035372,58.846417,3.47098,-31.734905,57.743327,38.121831,7.779907,129.426755,0.016993,-34.670535,0.732602,13.850824,3.525831,1.39348,1.34361,0.193194,1.384337,191.341913,1.626572,0.035831,0.009708
DVA,2025-09-30,0.317952,0.144904,0.043954,0.186201,0.197485,-0.262876,0.008563,0.039854,0.031596,78.029083,3.429675,-20.51198,17.366752,41.285072,7.687325,38.926096,0.012816,-22.34466,0.727866,14.981273,3.05107,1.362828,1.316727,0.194819,1.465821,168.191096,5.597804,0.04856,0.0114
DVA,2025-12-31,0.334348,0.152276,0.064705,0.198275,0.109204,-0.359735,0.013399,0.045802,0.037034,50.082907,3.240596,-18.016576,29.674644,36.633531,7.263521,66.51319,0.019967,-19.773747,0.736513,13.371275,3.581813,1.291685,1.240557,0.20708,1.499069,162.362315,2.308654,0.040176,0.010607
DVA,2026-03-31,0.314237,0.138645,0.057833,0.194462,0.064064,-0.261457,0.011288,0.038668,0.03324,59.384742,3.434374,-15.526579,53.608644,39.585419,7.697856,120.159214,0.016839,-17.499551,0.755504,15.028752,3.351214,1.416823,1.367437,0.195181,1.388798,177.164847,1.624214,0.029869,0.008245
DVA,2026-06-30,0.326971,0.160609,0.074674,0.21189,0.090108,-0.346881,0.014986,0.044966,0.039401,44.198948,3.300504,-15.33176,36.628358,34.913432,7.397799,82.099347,0.022625,-17.522604,0.757022,13.427698,3.895126,1.467252,1.414183,0.200688,1.440617,167.250318,1.846551,0.047781,0.007324
DVN,2024-12-31,0.260958,0.214172,0.145128,0.440382,0.141267,0.044081,0.020958,0.031356,0.035614,83.67919,12.14422,3.688673,85.966242,33.220216,14.629571,103.559484,0.01195,0.634865,0.301847,4.14492,7.5625,1.03566,0.946812,0.144413,2.232759,106.044049,2.604069,0.236657,0.005451
DVN,2025-03-31,0.267745,0.236298,0.110961,0.378482,0.224618,0.033964,0.015973,0.035385,0.028305,108.240896,12.010558,3.676246,53.471003,38.227893,14.468553,64.413999,0.009239,0.615813,0.289608,4.537685,6.086614,1.079326,0.987562,0.143947,2.18664,100.752486,3.931174,0.21159,0.006739
DVN,2025-06-30,0.260037,0.228992,0.209851,0.513772,0.133754,0.059695,0.02864,0.032368,0.046207,59.478312,12.48156,3.550531,93.317631,29.265788,15.035948,112.415356,0.016813,0.597012,0.286429,3.234439,10.214286,1.222222,1.129771,0.136477,2.311927,93.627773,1.718576,0.226891,0.005369
DVN,2025-09-30,0.254906,0.226737,0.158624,0.442392,0.143847,0.044756,0.022004,0.03143,0.038154,77.832609,12.34611,3.483453,85.828255,33.618997,14.872777,103.393257,0.012848,0.556938,0.273822,3.712422,8.296,0.956705,0.867392,0.138721,2.360218,89.835763,2.459971,0.246363,0.005541
DVN,2025-12-31,0.238049,0.204077,0.136375,0.42611,0.145838,0.036193,0.017785,0.026455,0.031476,95.144133,12.975249,3.443522,88.970054,36.682232,15.630672,107.178035,0.01051,0.552937,0.271717,3.960706,7.277311,0.980421,0.898189,0.130416,2.299665,105.944872,2.729537,0.226401,0.005339
DVN,2026-03-31,0.121355,0.081954,0.031521,0.312057,0.164434,0.007778,0.003687,0.009471,0.010213,445.591689,14.045443,3.465841,85.416937,54.220538,16.919884,102.897762,0.002244,0.55691,0.26402,5.531145,2.40678,1.005915,0.93853,0.116984,1.692,144.139575,13.791667,0.270292,0.005779
DVN,2026-06-30,0.368613,0.342861,0.257651,0.531751,-0.05029,0.045776,0.026956,0.038364,0.039591,27.98064,7.209249,1.280835,-143.353894,16.33215,8.684643,-172.691687,0.035739,0.281314,0.165658,2.631592,17.555556,0.717187,0.666619,0.104622,2.345667,56.620347,1.922554,0.545638,0.009573
DXCM,2024-12-31,0.588954,0.169645,0.136237,0.246071,0.158779,0.072149,0.023394,0.029846,0.060859,222.262258,30.280363,16.035948,190.708057,121.053229,29.787683,187.605117,0.004499,1.230572,0.399013,6.698175,44.122449,1.467053,1.281992,0.171717,1.107189,487.003634,1.986816,0.111899,0.038886
DXCM,2025-03-31,0.568533,0.129054,0.101737,0.21139,0.093436,0.046501,0.015611,0.019391,0.042804,319.897386,32.545545,14.875666,348.318022,151.454725,32.016008,342.650668,0.003126,1.139681,0.3826,7.024658,33.829787,1.499391,1.322182,0.153443,0.896814,493.71426,1.743833,0.083977,0.033012
DXCM,2025-06-30,0.595281,0.183735,0.155388,0.266874,0.180538,0.069877,0.024539,0.031595,0.06117,187.526054,29.139387,13.103721,161.403468,107.41122,28.665271,158.777332,0.005333,1.00241,0.352027,4.164508,52.297872,1.520295,1.34781,0.157923,0.857874,502.398824,1.685206,0.081324,0.03915
DXCM,2025-09-30,0.604813,0.200529,0.234681,0.347805,0.47912,0.104105,0.03784,0.037764,0.085735,118.806147,27.881572,12.368286,58.193277,78.860163,27.427921,57.246435,0.008417,0.944793,0.343413,1.452924,75.957447,1.564598,1.383513,0.16124,1.089852,451.457285,2.325229,0.066567,0.037294
DXCM,2025-12-31,0.629327,0.256431,0.21221,0.32558,0.152509,0.097342,0.042162,0.063561,0.08217,126.13986,26.768168,12.278654,175.51892,80.87926,26.332633,172.663117,0.007928,0.506082,0.219199,0.7881,82.119048,1.88252,1.588891,0.198678,1.03577,575.037772,1.099888,0.080899,0.027787
DXCM,2026-03-31,0.629499,0.214196,0.16738,0.285007,0.376709,0.067469,0.030076,0.045011,0.061821,169.008444,28.288602,11.402883,75.093952,97.640815,27.828328,73.872126,0.005917,0.468328,0.208765,0.36385,87.935484,1.947882,1.635983,0.179684,1.094893,580.749433,2.634586,0.064267,0.036329
DXCM,2026-06-30,0.634363,0.243274,0.190385,0.29708,0.141012,0.095026,0.038588,0.064626,0.078217,135.35602,25.769783,12.862281,182.748968,85.332093,25.350493,179.775527,0.007388,0.533455,0.216628,0.354515,106.833333,1.733299,1.425203,0.202686,1.040312,581.728045,1.08069,0.064736,0.029807
EA,2024-12-31,0.757833,0.200743,0.155603,0.262878,0.597982,0.03953,0.021783,0.029421,0.040591,180.633586,28.107085,7.140534,47.003233,105.843718,27.824026,46.529876,0.005536,0.262952,0.144896,,28.0,1.376289,,0.13999,2.537736,,4.013652,0.026553,0.086564
EA,2025-03-31,0.805805,0.210026,0.134037,0.26438,0.261214,0.039775,0.020537,0.030034,0.047368,208.368664,27.929098,8.287761,106.920486,104.576129,27.647831,105.843718,0.004799,0.305512,0.157746,,28.133333,0.947095,,0.153218,2.790869,,2.161417,0.028496,0.085488
EA,2025-06-30,0.833034,0.162178,0.120287,0.210652,-0.032914,0.033048,0.017181,0.025047,0.031528,263.311645,31.673035,8.702013,-962.284376,148.842729,31.354064,-952.593464,0.003798,0.321111,0.166937,1.039773,,0.837171,,0.142833,3.135084,,0.084577,0.043088,0.090963
EA,2025-09-30,0.759108,0.108755,0.074497,0.159326,0.047308,0.022833,0.011557,0.017639,0.024495,386.318545,28.779576,8.82094,608.340698,178.814473,28.489745,602.214259,0.002589,0.325167,0.164586,2.515358,15.071429,0.838272,,0.155138,1.707521,,0.948905,0.023382,0.094617
EA,2025-12-31,0.738033,0.066807,0.046291,0.117833,0.932141,0.014304,0.006627,0.010615,0.016395,601.427735,27.840947,8.602998,29.867743,233.895717,27.560568,29.566953,0.001663,0.31697,0.146837,,10.357143,0.92606,,0.143148,2.293124,,20.75,0.028406,0.093635
EA,2026-03-31,0.828302,0.266038,0.217453,0.317453,0.244811,0.068155,0.035108,0.054438,0.06321,114.806162,24.964925,7.824607,101.976186,77.849392,24.71351,100.949211,0.00871,0.228859,0.117889,,53.636364,1.046352,,0.16145,3.35443,,1.258134,0.028774,0.071698
EA,2026-06-30,0.862034,0.258308,0.199899,0.306143,-0.160121,0.056081,0.031561,0.044865,0.0543,133.313956,26.649366,7.476429,-166.432832,86.172106,26.380987,-164.756731,0.007501,0.218675,0.123062,,531.0,1.208929,,0.157882,3.790076,,-0.609572,0.038268,0.077039
EBAY,2024-12-31,0.721598,0.210547,0.26328,0.295076,0.217138,0.13164,0.035063,0.043153,0.051406,73.297202,19.297712,9.648856,88.872858,70.433379,20.783172,95.713931,0.013643,1.524428,0.406042,6.55979,10.492308,1.240899,,0.133178,2.960964,,0.997054,0.045366,0.05506
EBAY,2025-03-31,0.730368,0.236364,0.193037,0.287041,0.24913,0.100808,0.026327,0.041613,0.052777,99.737075,19.252921,10.054303,77.280746,72.236929,20.734933,83.229505,0.010026,1.450101,0.378706,5.005391,11.311475,1.168707,,0.136383,2.339367,,1.513026,0.04294,0.052611
EBAY,2025-06-30,0.725275,0.175458,0.133333,0.224542,-0.161538,0.076648,0.020266,0.032218,0.044422,136.727473,18.23033,10.479848,-112.854422,87.438501,19.633627,-121.5415,0.007314,1.508107,0.398753,7.631321,8.612903,0.996465,,0.151996,2.392638,,-0.934066,0.036996,0.06044
EBAY,2025-09-30,0.708865,0.204255,0.224113,0.28227,0.271277,0.133927,0.035524,0.050218,0.053094,78.748102,17.648511,10.546472,65.057255,67.336434,19.007022,70.0651,0.012699,1.511549,0.400933,5.437186,10.241935,0.924884,,0.158507,2.637979,,1.52057,0.069504,0.052128
EBAY,2025-12-31,0.713659,0.202698,0.178078,0.269477,0.157167,0.11441,0.029983,0.044579,0.052725,94.259091,16.78543,10.784139,106.800001,67.083606,18.077505,115.021033,0.010609,1.555796,0.407723,6.106383,11.213115,1.09683,,0.16837,2.573785,,1.104167,0.03946,0.053626
EBAY,2026-03-31,0.740369,0.197799,0.165749,0.249919,0.290385,0.116047,0.028615,0.045375,0.053217,97.204688,16.111622,11.280326,55.483612,69.429794,17.35183,59.754517,0.010288,1.632366,0.402504,4.987047,11.131148,1.219127,,0.172637,2.30867,,1.892578,0.023309,0.050502
EBAY,2026-06-30,0.734525,0.215699,0.175495,0.265156,0.095724,0.117899,0.03067,0.049222,0.060626,90.488728,15.880281,10.668553,165.896001,64.500363,17.102681,178.666004,0.011051,1.528403,0.397591,5.32491,11.230769,1.018839,,0.174762,2.261183,,0.950909,0.071155,0.058073
ECHO,2025-03-31,0.257911,-0.022775,-0.052373,0.131047,-0.044377,-0.01013,-0.003346,-0.001447,0.000345,-133.958636,7.015752,1.356944,-158.093641,87.305967,11.441181,-257.816688,-0.007465,1.475851,0.487495,46.937372,0.065676,1.263006,1.194744,0.063887,3.268736,76.441806,-1.020161,0.097806,0.001966
ECHO,2025-06-30,0.244067,-0.057291,-0.082184,0.102056,-0.198496,-0.015511,-0.005112,-0.003615,-0.002083,-88.684825,7.288473,1.375621,-36.718511,116.465218,11.88593,-59.879985,-0.011276,1.501502,0.494864,63.421393,-0.40433,1.218977,1.152863,0.062205,3.215074,65.505724,-0.024538,0.200513,0.002286
ECHO,2025-09-30,0.235836,-0.044382,-3.536326,-4.473517,-0.068306,-1.838644,-0.282324,-0.003639,-0.468995,-2.124157,7.511711,3.905569,-109.970807,-2.738334,12.249984,-179.338707,-0.470775,4.398683,0.675418,-1.476897,-43.916639,0.605505,0.563741,0.079835,3.206685,80.505797,-0.008738,0.099207,0.003284
ECHO,2025-12-31,0.293756,0.097685,-0.318013,-0.133003,-0.153693,-0.20937,-0.028063,0.010946,-0.023415,-22.489766,7.152045,4.708685,-46.53468,-87.693144,11.663445,-75.888043,-0.044465,5.223425,0.700132,-47.727676,-1.238882,0.41519,0.384402,0.088246,2.979956,100.557209,0.352326,0.041648,0.002181
ECHO,2026-03-31,0.308744,0.089077,-0.040051,0.161157,0.028589,-0.026084,-0.00355,0.009572,0.014334,-184.833461,7.402684,4.821127,258.936784,74.909527,12.072184,422.270141,-0.00541,5.014496,0.682482,38.760086,0.716161,0.301676,0.268093,0.088639,2.913693,98.666422,-1.622249,0.036383,0.00279
ECHO,2026-06-30,0.343676,0.142793,2.366327,2.927663,-0.028595,0.597832,0.214643,0.013974,0.28924,3.208233,7.591728,1.917985,-265.495094,4.22879,12.380473,-432.965333,0.311698,1.239979,0.445196,1.622926,20.2285,5.200833,5.116381,0.090707,3.948888,103.395768,-0.001177,0.025809,0.003672
ECL,2024-12-31,0.433462,0.171302,0.118072,0.211974,0.101618,0.054001,0.021123,0.037724,0.034868,159.732168,18.859818,8.625643,185.595436,99.351881,21.060059,207.247536,0.00626,0.945805,0.369965,7.430035,7.746212,1.25724,0.951594,0.178901,1.397976,205.580174,1.621273,0.089808,0.006317
ECL,2025-03-31,0.442436,0.158268,0.108931,0.22157,0.035589,0.045348,0.017996,0.028271,0.032809,187.670416,20.443124,8.510483,574.42846,103.028884,22.828078,641.442944,0.005328,0.94165,0.373681,7.877367,8.024793,1.31934,0.983663,0.165203,1.293269,243.537116,0.917764,0.064384,0.011421
ECL,2025-06-30,0.447779,0.182525,0.13023,0.24292,0.120516,0.056243,0.022085,0.033564,0.039097,144.100234,18.766109,8.104604,155.714992,86.264826,20.955418,173.881153,0.00694,0.962136,0.377797,6.432604,9.660105,1.44154,1.121809,0.169582,1.315898,225.799634,1.338802,0.053836,0.008372
ECL,2025-09-30,0.447923,0.188812,0.140456,0.248451,0.127179,0.060191,0.024479,0.036325,0.040199,129.123662,18.136217,7.772131,142.604007,81.513092,20.25204,159.240603,0.007745,0.90853,0.369493,5.907518,10.620643,1.696839,1.330357,0.174285,1.337465,219.965512,1.35265,0.062809,0.008067
ECL,2025-12-31,0.440324,0.187464,0.13439,0.238155,0.180648,0.057713,0.022833,0.037616,0.038786,133.955209,18.002227,7.730927,99.653486,84.408833,20.102418,111.27935,0.007465,0.920856,0.364326,7.595417,8.965018,1.076047,0.806765,0.169904,1.291315,192.417793,1.933144,0.079147,0.006459
ECL,2026-03-31,0.435503,0.164384,0.106392,0.220973,0.023954,0.043243,0.017276,0.028265,0.033539,174.612442,18.577345,7.550789,775.537397,93.878405,20.744632,866.013832,0.005727,0.926289,0.370059,8.876906,8.219922,0.991305,0.733419,0.16238,1.239589,217.677274,1.030744,0.085709,0.009911
ECL,2026-06-30,0.440708,0.182158,0.121144,0.238008,0.110839,0.053195,0.017873,0.026889,0.032664,141.21769,17.107701,7.512042,154.346838,80.264295,19.103535,172.353386,0.007081,1.384198,0.465092,7.651442,8.846154,1.840744,1.566148,0.147539,1.278825,209.462131,1.363806,0.054378,0.007882
ED,2024-12-31,0.51649,0.13873,0.084492,0.321341,0.019624,0.014115,0.004393,0.009974,0.009746,125.777524,10.627155,1.775386,541.542116,55.844812,17.945226,914.458795,0.007951,1.266961,0.394334,22.050042,2.055921,1.035909,0.960516,0.051997,1.503689,-2.311474,4.225806,0.337422,
ED,2025-03-31,0.549396,0.234473,0.16486,0.398083,-0.066278,0.033259,0.01119,0.017408,0.020421,49.29334,8.126518,1.63945,-122.613309,34.471745,13.7226,-207.047274,0.020287,1.1023,0.370853,13.268586,4.300319,1.283054,1.185356,0.067873,1.745362,43.170543,1.058154,0.240725,
ED,2025-06-30,0.50765,0.098748,0.068428,0.326008,0.198331,0.010355,0.003441,0.005862,0.009032,158.500131,10.845906,1.641313,54.68588,56.178356,18.314613,92.343665,0.006309,1.140386,0.37889,21.391638,1.986667,1.097207,1.008342,0.050279,1.502298,23.961057,8.044715,0.352156,
ED,2025-09-30,0.553422,0.217219,0.151876,0.39404,-0.118102,0.028467,0.009576,0.015114,0.017959,56.673012,8.607292,1.613333,-72.880434,36.885733,14.534444,-123.067352,0.017645,1.103732,0.371291,14.554622,3.880259,1.075015,0.97342,0.063053,1.930124,-3.40653,0.732558,0.22936,
ED,2025-12-31,0.511017,0.125188,0.074362,0.321482,0.044066,0.012278,0.003981,0.007545,0.010134,131.282937,9.762402,1.611866,221.539956,51.278063,16.484986,374.09678,0.007617,1.173047,0.38036,20.441589,2.215434,1.020562,0.940429,0.053537,1.546264,-28.77308,4.983165,0.32649,
ED,2026-03-31,0.546418,0.235329,0.181354,0.413543,-0.196075,0.036099,0.012363,0.017274,0.022101,42.198087,7.652803,1.523325,-39.030062,31.248711,12.922676,-65.90694,0.023698,1.061767,0.363616,12.589464,4.983766,1.189179,1.089292,0.068169,1.81059,22.171592,0.188312,0.230226,
ED,2026-06-30,0.517818,0.141558,0.075694,0.319489,0.121897,0.011976,0.004028,0.008123,0.010154,126.594261,9.582461,1.51604,78.610952,50.646949,16.181134,132.744019,0.007899,1.101131,0.370395,20.264615,2.299363,1.268211,1.168472,0.053218,1.590074,-52.293478,5.834416,0.319735,
EFX,2024-12-31,0.566718,0.202973,0.122587,0.320558,0.145061,0.036273,0.014797,0.022579,0.028277,107.269108,13.149799,3.891018,90.649951,52.970386,16.98008,117.054519,0.009322,1.044529,0.426085,10.638681,5.050269,0.75109,,0.120703,1.482247,,1.866667,0.083768,0.006834
EFX,2025-03-31,0.544591,0.163523,0.092302,0.287587,0.080929,0.02672,0.011228,0.017111,0.023538,140.231592,12.943707,3.747054,159.938516,58.117978,16.713957,206.525497,0.007131,0.996567,0.418742,11.499638,4.504726,0.852562,,0.121638,1.416781,,1.682194,0.074341,0.023232
EFX,2025-06-30,0.567599,0.202212,0.124463,0.32121,0.155433,0.037484,0.016051,0.022905,0.031527,97.568347,12.143673,3.65726,78.128191,48.81816,15.680888,100.885414,0.010249,0.959734,0.410978,9.538181,5.920904,0.771935,,0.128966,1.479449,,1.887611,0.079506,0.008523
EFX,2025-09-30,0.570717,0.171079,0.103696,0.292964,0.283449,0.032439,0.01354,0.020331,0.027162,116.509518,12.081575,3.779452,42.623487,53.251272,15.600703,55.03888,0.008583,0.974608,0.406794,10.216748,5.124521,0.737635,,0.130572,1.522069,,3.495006,0.07897,0.011198
EFX,2025-12-31,0.573584,0.183284,0.113375,0.305108,0.219786,0.038182,0.014818,0.022197,0.030119,106.17079,12.037163,4.053781,54.767678,50.943829,15.543355,70.720439,0.009419,1.106205,0.4293,10.38364,5.304991,0.604693,,0.130696,1.531154,,2.678043,0.083839,0.009351
EFX,2026-03-31,0.534781,0.17448,0.104009,0.288859,0.073685,0.03777,0.014361,0.021469,0.030712,108.832798,11.319561,4.110561,153.619957,50.601565,14.61673,198.366465,0.009188,1.169005,0.44449,10.759395,5.233393,0.606643,,0.138076,1.538296,,1.410496,0.073018,0.02626
EFX,2026-06-30,0.544909,0.184813,0.10817,0.298865,0.120464,0.041984,0.015348,0.02299,0.033849,101.494425,10.978663,4.261181,91.13684,47.43461,14.176534,117.68323,0.009853,1.248139,0.456284,10.425113,5.295987,0.602285,,0.14189,1.539946,,1.847743,0.079407,0.010117
EG,2024-12-31,,,-0.128522,,0.169051,-0.042736,-0.010525,,,-24.237394,3.115036,1.035801,18.426635,,3.108317,18.38689,-0.041259,0.258504,0.063666,,-19.216216,,,0.081894,0.542824,,-1.315346,,0.003034
EG,2025-03-31,,,0.049552,,0.218971,0.014851,0.003612,,,68.441785,3.391405,1.016462,15.487904,,3.38409,15.454498,0.014611,0.253678,0.061704,,7.526316,,,0.072903,0.462109,,4.419048,,0.001416
EG,2025-06-30,,,0.154405,,0.245005,0.045273,0.011236,,,21.136434,3.263573,0.956909,13.320459,,3.256534,13.291728,0.047312,0.238881,0.059287,,22.447368,,,0.072771,0.449113,,1.586765,,0.004541
EG,2025-09-30,,,0.059944,,0.342971,0.016584,0.004097,,,56.363823,3.378649,0.934754,9.851114,,3.371362,9.829866,0.017742,0.233351,0.057648,,8.078947,,,0.068348,0.429437,,5.721569,,0.003996
EG,2025-12-31,,,0.103217,,-0.092108,0.028849,0.007134,,,32.225953,3.326261,0.929675,-36.1125,,3.319087,-36.034609,0.031031,0.232147,0.057411,,16.0,,,0.069121,0.398727,,-0.892377,,0.004166
EG,2026-03-31,,,0.165316,,0.164304,0.042705,0.010474,,,22.010375,3.638677,0.93995,22.146032,,3.630829,22.098266,0.045433,0.234713,0.05757,,21.444444,,,0.06336,0.369228,,0.993874,,0.004557
EG,2026-06-30,,,0.142967,,0.074169,0.036228,0.008992,,,25.711583,3.675902,0.931482,49.561293,,3.667973,49.454394,0.038893,0.232599,0.057732,,19.972222,,,0.062895,0.365865,,0.518784,,0.005627
EIX,2024-12-31,0.436245,0.198293,0.10241,0.410392,-0.081827,0.026213,0.004768,0.015529,0.011395,52.166817,5.342385,1.367431,-65.288531,40.50707,16.62376,-203.156624,0.019169,2.42602,0.441241,22.255657,1.878205,0.847849,0.784098,0.046553,1.836791,-38.875159,2.867647,0.375502,
EIX,2025-03-31,0.467331,0.219627,0.391498,0.782734,-0.048281,0.089761,0.016874,0.012062,0.027786,14.265457,5.584902,1.280475,-115.674246,22.202165,17.378394,-359.940541,0.070099,2.379978,0.44741,12.428093,7.445183,0.955979,0.886601,0.043101,2.044528,-112.216058,0.820375,0.369457,
EIX,2025-06-30,0.397535,0.170592,0.087607,0.377284,-0.182699,0.023852,0.004481,0.01451,0.010984,53.477541,4.685023,1.275564,-25.643447,38.640058,14.578265,-79.794048,0.018699,2.368812,0.445047,22.304551,1.761905,0.872567,0.806905,0.051152,2.388538,-39.088598,2.21608,0.376843,
EIX,2025-09-30,0.499826,0.264348,0.154435,0.419652,0.107478,0.051763,0.009813,0.023616,0.019132,23.968537,3.701576,1.240691,34.440228,27.446771,11.518097,107.166763,0.041721,2.298863,0.435821,15.703688,3.178279,0.820469,0.764837,0.063544,2.517513,-86.250005,2.38964,0.261565,
EIX,2025-12-31,0.541914,0.153846,0.368885,0.701707,-0.061193,0.109392,0.020452,0.010302,0.034148,11.068155,4.082881,1.210766,-66.721195,18.105265,12.704596,-207.614607,0.090349,2.363559,0.441888,10.997813,11.589431,0.729499,0.678721,0.055442,3.563226,-174.065998,0.817473,0.362747,
EIX,2026-03-31,0.51572,0.260297,0.138923,0.494516,-0.027297,0.03291,0.006033,0.015433,0.014096,37.340458,5.187439,1.228872,-190.036261,32.641232,16.141618,-591.330889,0.026781,2.465185,0.45194,20.394776,2.280534,0.739794,0.683918,0.043429,2.601776,-203.402682,2.503509,0.375091,
EIX,2026-06-30,0.493229,0.250631,0.128758,0.46431,-0.132201,0.032004,0.005833,0.015164,0.013975,37.939503,4.885027,1.21422,-36.951495,32.738042,15.20061,-114.981006,0.026358,2.483884,0.452735,20.84083,2.31323,0.662189,0.611071,0.045305,2.395272,-110.786769,2.263815,0.423686,
EL,2024-12-31,0.760989,0.115385,-0.147353,-0.088162,0.231019,-0.141521,-0.029858,0.036628,-0.03802,-57.292949,8.442268,8.108141,36.543611,-112.042042,9.877832,42.757666,-0.017454,2.25066,0.474848,-13.29745,-6.222222,1.370702,0.972769,0.202632,2.485413,478.293675,-1.791525,0.032967,0.026474
EL,2025-03-31,0.749577,0.113521,0.044789,0.149859,0.045634,0.036594,0.007996,0.02283,0.021981,212.596478,9.521927,7.77971,208.659507,74.343686,11.141082,244.140993,0.004704,2.159264,0.471789,8.778195,3.770115,1.413578,1.018936,0.178518,1.981027,490.125278,1.786164,0.034366,0.021127
EL,2025-06-30,0.720023,0.041337,-0.16007,-0.044855,0.115509,-0.141268,-0.027448,0.01261,-0.025109,-61.909963,9.90995,8.745884,85.79401,-258.502228,11.595087,100.382845,-0.016152,2.449418,0.47592,-28.732026,-4.125,1.300644,0.919043,0.171476,2.229412,384.249112,-1.100733,0.060686,0.014365
EL,2025-09-30,0.733697,0.074117,0.013502,0.113473,-0.125251,0.012082,0.002432,0.009921,0.013688,719.209363,9.710669,8.689676,-77.52945,100.128711,11.361919,-90.712938,0.00139,2.422108,0.487454,12.921519,2.267442,1.320873,0.915208,0.180092,1.847665,501.91022,-7.234043,0.027578,0.02528
EL,2025-12-31,0.764956,0.143769,0.038307,0.145424,0.240482,0.040189,0.008251,0.026053,0.029103,208.659507,7.993105,8.385721,33.237798,64.31031,9.352292,38.889716,0.004792,2.329447,0.478252,6.894309,4.917647,1.357997,0.998482,0.215392,2.552203,376.187759,6.944444,0.025538,0.022227
EL,2026-03-31,0.764009,0.150054,0.023976,0.124461,0.083513,0.022289,0.004526,0.024497,0.018978,379.807192,9.106369,8.465525,109.04142,85.607881,10.65486,127.583358,0.002633,2.329076,0.472945,9.060606,3.182927,1.268144,0.943834,0.188771,2.126002,418.767062,4.629213,0.027478,0.019397
EL,2026-06-30,0.754618,0.07003,-0.031982,0.048249,0.117177,-0.030478,-0.00587,0.022858,-0.0017,-291.403794,9.319779,8.881461,79.536094,226.004805,10.90456,93.060802,-0.003432,2.429322,0.467868,21.76,-0.283951,1.221634,0.900818,0.183534,2.389328,325.419917,-4.965517,0.041632,0.01544
ELV,2024-12-31,,,0.009199,,0.00845,0.010117,0.003576,,,213.211577,1.961235,2.157145,232.089685,,1.821914,215.602688,0.00469,0.755948,0.267194,,2.782353,,,0.388762,5.67245,,1.688995,0.007086,-0.000638
ELV,2025-03-31,,,0.04465,,0.016792,0.051361,0.018235,,,40.825671,1.82288,2.096851,108.553519,,1.693388,100.842183,0.024494,0.705903,0.250616,,9.130814,,,0.408388,4.719664,,0.465873,0.004009,0.001657
ELV,2025-06-30,,,0.035017,,0.035901,0.039866,0.014294,,,51.131635,1.79047,2.038389,49.872658,,1.66328,46.329845,0.019557,0.690408,0.247552,,7.721408,,,0.408207,4.756426,,1.178428,0.005364,0.001627
ELV,2025-09-30,,,0.023447,,0.015283,0.027052,0.009686,,,74.955794,1.757458,2.027676,114.996696,,1.632613,106.827654,0.013341,0.730371,0.261526,,5.005698,,,0.413128,5.318406,,0.954584,0.007099,0.001656
ELV,2025-12-31,,,0.010996,,-0.004201,0.012465,0.004502,,,162.929505,1.791514,2.030957,-426.423154,,1.66425,-396.131255,0.006138,0.730277,0.263766,,1.587432,,,0.409461,4.938648,,0.153565,0.00589,0.000603
ELV,2026-03-31,,,0.035153,,0.081644,0.04018,0.014019,,,50.522925,1.77602,2.030031,21.753097,,1.649856,20.207818,0.019793,0.725297,0.253062,,7.453782,,,0.398809,4.3541,,2.455782,0.004683,0.001096
ELV,2026-06-30,,,0.028985,,0.032215,0.032596,0.011571,,,60.917593,1.76571,1.985661,54.810848,,1.640279,50.91724,0.016416,0.691665,0.245527,,6.321429,,,0.3992,4.592303,,1.307587,0.005686,0.001486
EME,2024-12-31,0.200799,0.103067,0.077496,0.122064,0.119837,0.099454,0.037862,0.096985,0.119256,113.247136,8.776188,11.262852,73.234665,71.082544,8.676627,72.403858,0.00883,0.116699,0.044427,,,1.297392,1.274361,0.488568,1.053803,244.433639,1.606963,0.004697,0.00101
EME,2025-03-31,0.186876,0.082422,0.062233,0.093268,0.021291,0.081587,0.029791,0.07395,0.082652,137.472199,8.555266,11.215891,401.826529,90.687437,8.458211,397.268025,0.007274,0.215449,0.07867,,,1.163117,1.140823,0.478702,1.015534,249.485487,0.450691,0.006757,0.002397
EME,2025-06-30,0.193702,0.096462,0.070198,0.107299,0.038482,0.099017,0.035969,0.092227,0.103649,109.499591,7.686645,10.842308,199.744008,70.824906,7.599445,197.47802,0.009132,0.219602,0.079774,,,1.177973,1.153361,0.512399,1.046063,242.751984,0.641008,0.006515,0.000888
EME,2025-09-30,0.19419,0.094314,0.068667,0.105427,0.104345,0.088557,0.034186,0.088146,0.099905,112.015643,7.691776,9.919775,73.71469,72.130526,7.604517,72.878437,0.008927,0.127307,0.049144,,,1.191808,1.16879,0.497847,1.047924,249.911239,1.609832,0.006197,0.000849
EME,2025-12-31,0.197466,0.095029,0.096299,0.142697,0.109123,0.118294,0.046775,0.087804,0.134189,76.12946,7.331157,9.005689,67.182547,50.793003,7.247989,66.420397,0.013136,0.12744,0.050392,,,1.220435,1.194484,0.485731,1.06412,232.035589,1.206617,0.007072,0.000854
EME,2026-03-31,0.18667,0.087257,0.066004,0.098616,-0.006083,0.079007,0.032129,0.077807,0.08617,108.308116,7.148818,8.557109,-1175.193451,71.668903,7.067719,-1161.861519,0.009233,0.132009,0.053682,,,1.259876,1.232871,0.486767,1.017204,260.037899,0.001827,0.006204,0.002288
EME,2026-06-30,0.198332,0.106179,0.078313,0.116705,0.05009,0.098971,0.039745,0.098196,0.110979,81.959099,6.418446,8.111584,128.139037,54.373239,6.345632,126.68537,0.012201,0.132861,0.053355,,,1.27685,1.247438,0.507517,1.011098,264.10303,0.716768,0.006042,0.000857
EMR,2024-12-31,0.535329,0.187305,0.14012,0.28982,0.166228,0.028551,0.013729,0.021284,0.022564,142.949364,20.030031,4.081278,120.497663,78.729236,22.817336,137.265671,0.006995,0.372035,0.178902,3.957851,15.903846,1.543135,1.173884,0.097982,1.54974,412.379023,1.328205,0.01988,0.016287
EMR,2025-03-31,0.534973,0.193818,0.109431,0.247969,0.034747,0.025196,0.011554,0.017549,0.022967,172.423459,18.868542,4.344401,543.021934,86.680961,21.494218,618.586857,0.0058,0.771521,0.353781,11.216561,8.313953,0.795408,0.591093,0.105579,1.527749,394.051865,0.496907,0.01963,0.013312
EMR,2025-06-30,0.525588,0.199429,0.128706,0.270591,0.214584,0.029492,0.013783,0.02104,0.027057,142.705423,18.367094,4.208625,85.594041,77.323357,20.922991,97.504991,0.007007,0.748314,0.349719,9.75,6.825397,0.845322,0.632128,0.107087,1.565681,404.810597,1.825939,0.020426,0.015594
EMR,2025-09-30,0.518847,0.202266,0.130999,0.291864,0.173429,0.031358,0.015156,0.023493,0.032269,131.486443,17.224589,4.123133,99.317551,67.228212,19.621499,113.138214,0.007605,0.678385,0.327876,8.166549,4.289256,0.876085,0.650199,0.115694,1.565624,362.665133,1.58805,0.034604,0.013388
EMR,2025-12-31,0.531753,0.198803,0.139208,0.287621,0.138518,0.029837,0.014426,0.02014,0.028359,138.223765,19.241918,4.124149,138.912588,76.209901,21.919553,158.243149,0.007235,0.686492,0.331911,9.216,7.681034,0.840589,0.61692,0.103627,1.462315,431.47647,1.155372,0.022319,0.012655
EMR,2026-03-31,0.530907,0.197501,0.135467,0.278825,0.152126,0.030439,0.014684,0.020859,0.028727,135.316145,18.330859,4.118868,120.497663,74.891805,20.881713,137.265671,0.00739,0.692361,0.333991,9.09434,8.209091,0.868312,0.638164,0.108392,1.444585,420.499465,1.260518,0.018632,0.012714
EMR,2026-06-30,0.544839,0.227375,0.147342,0.287913,0.271291,0.035232,0.017011,0.025932,0.032638,116.469886,17.160964,4.103507,63.256715,67.899056,19.54902,72.059286,0.008586,0.650424,0.31404,7.792587,9.327273,0.896305,0.663015,0.115452,1.594046,377.083418,1.983287,0.020932,0.013954
EOG,2024-12-31,0.671858,0.346195,0.221416,0.474513,0.247434,0.042622,0.026512,0.044377,0.03973,60.473894,13.389883,2.577522,54.115051,29.465066,13.981565,56.506324,0.016536,0.172635,0.107384,,43.736842,2.097497,1.913523,0.119739,2.132075,-119.978449,2.208633,0.241593,0.009027
EOG,2025-03-31,0.682643,0.35861,0.250428,0.502739,0.137966,0.049566,0.03114,0.047662,0.046628,51.71076,12.949819,2.563113,93.862086,26.896779,13.522054,98.009728,0.019338,0.1715,0.107743,,40.93617,1.867459,1.710614,0.124345,2.22892,-122.888673,1.564593,0.253851,0.008559
EOG,2025-06-30,0.644444,0.313539,0.251167,0.533147,0.044631,0.046002,0.02906,0.038528,0.043835,56.247466,14.127515,2.587483,316.539086,27.669296,14.751791,330.526531,0.017779,0.157193,0.0993,,35.333333,1.786473,1.60599,0.115699,2.138578,-84.672502,1.510781,0.334827,0.009897
EOG,2025-09-30,0.618458,0.315597,0.256629,0.534543,0.252617,0.048572,0.028181,0.038413,0.039992,51.429532,13.198332,2.49803,52.246437,25.781932,13.781549,54.555139,0.019444,0.268351,0.155693,1.359008,26.690141,1.624091,1.42783,0.109811,2.138806,-162.967719,2.114888,0.290126,0.009246
EOG,2025-12-31,0.588714,0.294888,0.124005,0.389528,0.169291,0.023497,0.013533,0.034105,0.020718,107.921315,13.382778,2.535878,79.052081,35.874587,13.974145,82.545288,0.009266,0.281836,0.16232,2.008629,14.787879,1.632061,1.415903,0.109133,2.108542,-123.604247,3.726106,0.292765,0.010614
EOG,2026-03-31,0.658331,0.368896,0.292986,0.564368,0.19562,0.064061,0.037094,0.049743,0.05443,38.208506,11.194561,2.447678,57.226053,20.712072,11.689234,59.754797,0.026172,0.268733,0.155607,1.070267,39.712121,1.715735,1.532925,0.126606,1.878788,-158.395793,1.49798,0.243267,0.008582
EOG,2026-06-30,0.717212,0.406051,0.320697,0.568048,0.339887,0.085488,0.049723,0.067481,0.072116,27.772702,8.906621,2.374242,26.204656,16.372195,9.300193,27.362605,0.036007,0.258913,0.150594,0.625699,53.223881,1.851359,1.677038,0.155048,2.406914,-219.735725,1.714023,0.209795,0.007064
EPAM,2024-12-31,0.304431,0.109354,0.082748,0.138232,0.091747,0.028463,0.021745,0.028098,0.034741,56.931006,4.710947,1.620439,51.347361,30.39107,4.201017,45.789332,0.017565,0.044983,0.034366,,,2.955095,,0.262785,1.245642,,1.26099,0.012598,0.035806
EPAM,2025-03-31,0.268638,0.076308,0.056451,0.108087,0.011395,0.020173,0.015556,0.021077,0.025246,80.032062,4.517901,1.614468,396.475155,37.274292,4.028867,353.559213,0.012495,0.043414,0.033479,,,3.061231,,0.275571,1.194125,,0.328815,0.007167,0.037225
EPAM,2025-06-30,0.287734,0.093448,0.065039,0.124425,0.032042,0.024,0.018686,0.024359,0.031912,66.808852,4.345152,1.603399,135.608088,31.141814,3.874817,120.929366,0.014968,0.044357,0.034537,,,3.171514,,0.287313,1.167812,,0.604344,0.007264,0.028489
EPAM,2025-09-30,0.294902,0.103949,0.076605,0.133834,0.205384,0.028666,0.022054,0.028737,0.036163,55.056508,4.217606,1.578235,20.535215,28.102628,3.761077,18.312407,0.018163,0.041655,0.032048,,,3.021854,,0.287897,1.233417,,2.7588,0.005954,0.031989
EPAM,2025-12-31,0.300666,0.106038,0.077691,0.135251,0.190479,0.029738,0.022307,0.030653,0.038025,53.7787,4.178128,1.599281,21.934795,27.547874,3.725872,19.560491,0.018595,0.039079,0.029315,,,2.593693,,0.28713,1.27012,,2.58692,0.010501,0.032074
EPAM,2026-03-31,0.277137,0.083402,0.058941,0.113382,-0.038725,0.024051,0.017545,0.022209,0.030575,71.26569,4.200471,1.713988,-108.469963,33.036901,3.745797,-96.728772,0.014032,0.083921,0.06122,,,2.665778,,0.297667,1.191886,,-0.440615,0.012754,0.035655
EPAM,2026-06-30,0.303632,0.107595,0.072789,0.13059,-0.012467,0.029266,0.022514,0.031473,0.037768,57.107915,4.156809,1.671323,-333.423062,28.385396,3.70686,-297.332113,0.017511,0.043267,0.033284,,78.183416,2.754708,,0.3093,1.115715,,-0.023539,0.010754,0.032798
EQIX,2024-12-31,0.471031,0.179124,-0.006192,0.275984,-0.002654,-0.001035,-0.000399,0.011133,0.00397,-7198.381787,44.572023,7.449538,-16796.224171,197.388367,54.476046,-20528.390144,-0.000139,1.401611,0.54043,19.439103,1.0,1.626456,,0.064443,2.382508,,-70.071429,0.436533,0.05042
EQIX,2025-03-31,0.512809,0.213034,0.154157,0.446742,0.026517,0.024696,0.009507,0.013987,0.015694,293.811502,45.293189,7.255911,1708.090594,123.913824,55.357457,2087.632896,0.003404,1.414789,0.544638,12.891348,4.213115,1.654644,,0.06167,2.043159,,2.358601,0.337079,0.050787
EQIX,2025-06-30,0.519504,0.221631,0.163121,0.461879,-0.019947,0.026129,0.009473,0.014151,0.015603,273.851481,44.670809,7.155449,-2239.496556,118.205701,54.596782,-2737.118686,0.003652,1.551477,0.56246,13.699616,4.0,1.544447,,0.058071,1.984169,,2.565217,0.438387,0.056294
EQIX,2025-09-30,0.506908,0.209413,0.161485,0.457686,-0.052677,0.026418,0.009827,0.014502,0.015061,269.458142,43.513534,7.118552,-826.043812,116.198435,53.182358,-1009.592958,0.003711,1.482094,0.551287,14.259434,4.117188,1.618117,,0.060851,2.024476,,2.71123,0.490501,0.056131
EQIX,2025-12-31,0.504959,0.209504,0.109504,0.415289,-0.120661,0.01872,0.006602,0.012973,0.012525,380.291868,41.643531,7.119055,-345.127894,122.557553,50.896835,-421.816236,0.00263,1.605397,0.566154,17.099502,3.197183,1.316465,,0.060287,2.417582,,4.316981,0.593388,0.052893
EQIX,2026-03-31,0.51473,0.234452,0.169804,0.475859,-0.22054,0.029025,0.010147,0.014885,0.017024,242.836976,41.234593,7.048353,-186.970956,105.90743,50.39703,-228.516402,0.004118,1.632116,0.57059,15.699054,4.182432,1.178052,,0.059758,2.205776,,1.727711,0.513912,0.052373
EQIX,2026-06-30,0.531429,0.264381,0.182476,0.468952,-0.194667,0.033306,0.011661,0.018567,0.018091,210.391117,38.39137,7.007186,-197.215939,100.057141,46.922035,-241.037849,0.004753,1.623974,0.568605,15.215272,4.463576,1.131414,,0.063906,2.089968,,2.227557,0.601143,0.055238
EQR,2024-12-31,0.638249,0.277127,0.546592,1.024626,0.362441,0.037948,0.020117,0.011088,0.026105,58.722502,32.09723,2.22838,88.558542,41.731445,42.75914,117.975513,0.017029,0.762968,0.404462,10.258156,6.480737,0.163319,,0.036804,,,0.845174,0.099524,0.005877
EQR,2025-03-31,0.616802,0.255344,0.337262,0.793558,0.471495,0.023227,0.012479,0.010275,0.017375,95.916792,32.349051,2.227822,68.609553,54.305547,43.094611,91.39996,0.010426,0.737828,0.396409,12.930971,4.767618,0.182793,,0.037,,,1.658372,0.08781,0.01363
EQR,2025-06-30,0.631397,0.293974,0.250194,0.681052,0.35678,0.017474,0.009148,0.011649,0.014124,127.947564,32.011729,2.235737,89.724033,62.616734,42.645239,119.528151,0.007816,0.788018,0.412539,15.928905,3.711194,0.106644,,0.036563,,,1.869164,0.110874,0.01456
EQR,2025-09-30,0.633769,0.28955,0.369436,0.81698,0.478369,0.026076,0.013722,0.0116,0.01932,85.14581,31.45595,2.220261,65.756695,51.292385,41.904844,87.599453,0.011745,0.788511,0.414934,13.05149,4.75895,0.150603,,0.037143,,,1.649055,0.130852,0.006906
EQR,2025-12-31,0.632885,0.285099,0.488662,0.941271,0.36117,0.034605,0.018418,0.0116,0.024081,64.412787,31.476065,2.228998,87.150213,44.547903,41.93164,116.099372,0.015525,0.767974,0.408733,11.031544,5.990609,0.153159,,0.03769,,,1.012934,0.133812,0.006705
EQR,2026-03-31,0.612971,0.27398,0.115509,0.543212,0.42909,0.008442,0.00439,0.0112,0.008958,273.221079,31.559412,2.306406,73.549661,77.396384,42.042674,97.98105,0.00366,0.809988,0.421273,19.604338,2.235169,0.114789,,0.038009,,,4.446264,0.084492,0.01231
EQR,2026-06-30,0.613833,0.278798,0.145386,0.576416,0.255792,0.010855,0.005629,0.011627,0.0106,215.634832,31.350249,2.340611,122.561646,72.454639,41.764031,163.273613,0.004637,0.8146,0.422454,18.176776,2.460903,0.126775,,0.038719,,,2.644964,0.128749,0.012195
EQT,2024-09-30,,,,,,,,,,,,,,117.068168,,,,,,,,,,,,,,,
EQT,2024-12-31,0.385707,0.474837,0.231379,0.76364,0.09107,0.020313,0.010504,0.021355,0.020353,74.751856,17.29598,1.518418,189.919799,29.273739,22.35461,245.466453,0.013378,0.454715,0.235149,6.606051,4.079433,0.696585,,0.045399,1.596554,,1.807565,0.327162,0.009272
EQT,2025-03-31,0.550423,0.48705,0.100108,0.468184,0.513285,0.011687,0.006099,0.03271,0.013964,129.164664,12.930463,1.509604,25.191582,35.695955,16.71229,32.559472,0.007742,0.405099,0.211387,6.910819,4.351955,0.567911,,0.060921,2.005342,,7.190775,0.206572,0.006106
EQT,2025-06-30,0.39921,0.228713,0.426687,0.991106,0.376578,0.036603,0.019768,0.011085,0.032064,39.885127,17.018483,1.459899,45.192393,22.193339,21.995952,58.410006,0.025072,0.388131,0.209622,4.260186,11.336819,0.707306,,0.04633,2.248288,,1.583503,0.299082,0.007491
EQT,2025-09-30,0.361518,0.255257,0.184257,0.732281,0.21467,0.014507,0.008153,0.011258,0.016573,93.120992,17.158232,1.350912,79.928552,30.284224,22.176574,103.305597,0.010739,0.354957,0.199485,5.980018,5.880259,0.578153,,0.044247,2.267405,,3.030111,0.343651,0.008388
EQT,2025-12-31,0.4873,0.418112,0.297769,0.759923,0.22545,0.028506,0.016201,0.023556,0.026972,46.190886,13.75422,1.316727,61.007743,23.393119,17.776975,78.850938,0.021649,0.330845,0.188033,4.449977,10.046831,0.762685,,0.054409,1.55965,,1.662072,0.269463,0.007457
EQT,2026-03-31,0.676443,0.62981,0.411177,0.757215,0.679165,0.059208,0.035672,0.057255,0.052994,21.029581,8.646878,1.245117,12.731638,14.759171,11.175868,16.455314,0.047552,0.238563,0.14373,2.068693,21.534652,0.658018,,0.086755,3.794138,,2.054187,0.16547,0.005143
EQT,2026-06-30,0.334433,0.203482,0.119767,0.640925,0.225367,0.00837,0.005117,0.008926,0.011166,147.928592,17.71699,1.23821,78.613825,35.727662,22.898754,101.606345,0.00676,0.22391,0.136873,4.899,5.855816,0.672937,,0.042722,2.113777,,4.956897,0.368306,0.01347
ERIE,2024-12-31,,,0.449568,,0.434149,0.076502,0.05263,,,82.220453,36.96367,6.29002,85.140437,,36.248483,83.493109,0.012162,,,,,,,0.117069,,,,0.137929,
ERIE,2025-03-31,,,0.113579,,0.072573,0.066954,0.046633,,,90.306055,10.25687,6.046333,141.331162,,10.058416,138.596636,0.011073,,,,,,,0.410577,,,,0.024349,
ERIE,2025-06-30,,,0.135158,,0.121722,0.079964,0.055842,,,71.556764,9.671501,5.721966,79.455713,,9.484374,77.918375,0.013975,,,,,,,0.413158,,,,0.015673,
ERIE,2025-09-30,,,0.140216,,0.141412,0.079196,0.055005,,,68.36034,9.585242,5.413839,67.782429,,9.399783,66.47095,0.014628,,,,,,,0.392283,,,,0.026834,
ERIE,2025-12-31,,,0.19003,,0.422126,0.027757,0.018888,,,197.221414,37.478017,5.474308,88.783957,,36.752879,87.066133,0.00507,,,,,,,0.099397,,,,0.092248,
ERIE,2026-03-31,,,0.121959,,0.044154,0.063936,0.044563,,,83.07012,10.131174,5.311146,229.448461,,9.935153,225.00901,0.012038,,,,,,,0.36539,,,,0.030324,
ERIE,2026-06-30,,,0.137193,,0.131949,0.073079,0.050687,,,69.330611,9.511684,5.066622,72.085796,,9.327648,70.691054,0.014424,,,,,,,0.369456,,,,0.031594,
ES,2024-12-31,0.806462,0.217014,0.024405,0.345842,-0.183929,0.004822,0.001217,0.007208,0.008311,351.743181,8.584331,1.696107,-46.671867,52.207707,18.055625,-98.166037,0.002843,1.935907,0.488549,28.304914,1.522193,0.75526,0.666791,0.049862,1.79947,-522.135839,8.854537,0.400025,
ES,2025-03-31,0.881641,0.224951,0.133738,0.450118,0.008064,0.035902,0.00915,0.015929,0.018979,46.312584,6.193768,1.662733,768.071286,28.942408,13.027499,1615.502434,0.021592,1.918667,0.488993,15.818288,3.38621,0.753732,0.660964,0.068418,2.204347,-496.459893,1.889284,0.244606,
ES,2025-06-30,0.835257,0.233636,0.124283,0.441532,0.005388,0.022516,0.005787,0.011122,0.014025,72.317524,8.987849,1.628288,1668.088902,42.815402,18.904355,3508.530691,0.013828,1.900926,0.48854,23.490197,2.586733,0.712804,0.632995,0.04656,1.657827,-532.186259,2.997519,0.367153,
ES,2025-09-30,0.839055,0.213829,0.114124,0.308683,-0.00818,0.022931,0.005957,0.015015,0.008934,69.401401,7.920392,1.591466,-968.208285,53.968382,16.659148,-2036.4553,0.014409,1.861464,0.483546,29.750825,1.542175,0.714703,0.63702,0.052196,1.944701,-485.160781,2.99174,0.349611,
ES,2025-12-31,0.821844,0.210819,0.125008,0.411516,-0.019955,0.026011,0.006605,0.013397,0.014573,60.546053,7.568715,1.574859,-379.284734,38.684939,15.919456,-797.758517,0.016516,1.859258,0.472119,21.616104,2.463415,0.650212,0.587255,0.052836,1.82462,-631.619637,2.174327,0.291763,
ES,2026-03-31,0.887448,0.238919,0.134722,0.444133,0.069935,0.036709,0.009378,0.017212,0.020838,42.034759,5.663,1.54307,80.975241,26.818824,11.911121,170.317132,0.02379,1.835327,0.468874,15.030607,3.223211,0.651025,0.591411,0.069612,2.164739,-675.623567,2.182328,0.224072,
ESS,2024-12-31,0.144448,-0.251538,0.566492,0.590599,0.394887,0.046496,0.019915,-0.009418,0.009678,72.305721,40.960604,3.36196,103.727347,90.258651,53.306682,134.992168,0.01383,1.20174,0.514729,24.346509,1.958951,0.6642,,0.035156,49.211586,,0.848015,0.085506,0.003978
ESS,2025-03-31,0.675079,0.314721,0.437188,0.918667,0.545842,0.036465,0.015403,0.011829,0.021594,91.651443,40.068889,3.342068,73.407461,56.762898,52.146192,95.533459,0.010911,1.228797,0.519056,15.678454,4.391857,1.005098,0.742762,0.035232,53.467948,-284.347985,1.385963,0.060084,0.004215
ESS,2025-06-30,0.686235,0.327261,0.47115,0.954145,0.382249,0.039282,0.016793,0.012405,0.023883,84.094491,39.621152,3.303372,103.652841,54.041554,51.563501,134.895204,0.011891,1.208947,0.51684,14.947445,4.547639,0.444904,0.381767,0.035643,52.873396,-342.344599,0.97636,0.077764,0.004776
ESS,2025-09-30,0.671137,0.317053,0.347813,0.821615,0.647004,0.029233,0.012518,0.012207,0.019071,113.079891,39.330671,3.305679,60.788902,62.298577,51.185465,79.111496,0.008843,1.192317,0.510585,16.961707,3.671265,0.541945,,0.035992,52.33337,,2.081077,0.076822,0.005202
ESS,2025-12-31,0.679367,0.316661,0.167991,0.635412,0.405866,0.01454,0.006123,0.012306,0.011892,231.036758,38.812168,3.359335,95.627978,79.492828,50.510678,124.451539,0.004328,1.236473,0.520689,22.063355,2.304106,0.774781,,0.036448,46.75173,,2.906706,0.082435,0.006205
ESS,2026-03-31,0.680965,0.312691,0.21905,0.686257,0.551579,0.019535,0.008109,0.012382,0.014075,175.308653,38.401432,3.424713,69.62097,72.824279,49.976141,90.605669,0.005704,1.261506,0.523618,20.346145,2.711427,0.743405,,0.037017,48.071797,,2.704396,0.040821,0.005458
ESS,2026-06-30,0.684175,0.220297,0.127721,0.588565,0.455016,0.011734,0.004843,0.008962,0.011078,298.026395,38.064334,3.497101,83.654981,84.166505,49.537438,108.86972,0.003355,1.267736,0.523189,23.069213,2.001406,0.309578,,0.037916,49.569126,,4.067481,0.064488,0.005914
ETN,2024-12-31,0.389263,0.196314,0.155609,0.23125,0.215064,0.052521,0.025299,0.036914,0.039608,169.908003,26.43921,8.923662,122.936416,128.660203,29.752672,138.343273,0.005886,0.531209,0.255882,5.957727,28.785714,1.501973,0.963981,0.16258,1.350942,322.762579,1.644696,0.040865,
ETN,2025-03-31,0.383723,0.188333,0.151168,0.226125,0.01427,0.052091,0.024588,0.034446,0.040763,171.141774,25.871204,8.914983,1812.974401,128.749426,29.113482,2040.183212,0.005843,0.580839,0.274167,5.757975,36.666667,1.305818,0.84457,0.162654,1.251865,360.106984,0.246888,0.023052,
ETN,2025-06-30,0.369522,0.178714,0.139727,0.215993,0.101878,0.052779,0.024243,0.035167,0.040663,168.004756,23.474768,8.867068,230.419931,122.303473,26.416715,259.297028,0.005952,0.622541,0.285951,6.981555,17.704225,1.240046,0.76256,0.173501,1.281079,352.380505,0.934827,0.028742,
ETN,2025-09-30,0.382799,0.195621,0.144533,0.228964,0.167859,0.053601,0.024846,0.036749,0.043046,163.347198,23.60914,8.755542,140.648483,116.03542,26.567927,158.275083,0.006122,0.5955,0.276039,6.453125,20.029851,1.280452,0.79354,0.171907,1.257739,356.805339,1.337624,0.025472,
ETN,2025-12-31,0.368249,0.196456,0.160454,0.229624,0.222962,0.058275,0.027442,0.041394,0.042815,145.742642,23.384928,8.493213,104.882817,114.602884,26.315616,118.027128,0.006861,0.542188,0.255315,5.724074,19.5,1.31857,0.814728,0.171026,1.309634,323.990945,1.735866,0.055563,
ETN,2026-03-31,0.355925,0.157294,0.116226,0.199302,0.042142,0.043913,0.015721,0.02247,0.027985,190.508857,22.142084,8.365736,525.416148,125.021328,24.917014,591.263287,0.005249,1.107094,0.396351,13.847811,11.443396,1.192829,0.754535,0.135264,1.170437,329.798989,0.58545,0.025903,
ETN,2026-06-30,0.334662,0.16317,0.096237,0.204431,0.10245,0.040535,0.014613,0.024505,0.03038,200.950878,19.33896,8.145585,188.765069,106.454514,21.762592,212.421822,0.004976,1.052928,0.379595,11.541284,6.691542,1.240406,0.78554,0.151848,1.278435,285.247993,1.372716,0.029657,
ETR,2024-12-31,0.457468,0.235194,0.104716,0.481088,-0.209279,0.018994,0.004432,0.010573,0.011878,169.723302,17.77267,3.223651,-84.923163,59.641422,28.692772,-137.102692,0.005892,1.912763,0.446348,21.268397,2.331837,0.719393,0.425259,0.042326,4.13256,56.013393,4.804542,0.71239,
ETR,2025-03-31,0.509646,0.24592,0.127305,0.496973,-0.426369,0.023867,0.00544,0.011899,0.013112,134.47882,17.119859,3.209554,-40.152644,55.614376,27.638853,-64.823723,0.007436,2.036506,0.464197,20.788203,2.402291,0.824545,0.549768,0.042733,3.934233,65.00615,1.479458,0.614712,
ETR,2025-06-30,0.46935,0.251566,0.141777,0.470152,-0.236553,0.02911,0.006902,0.01389,0.015071,103.268714,14.641122,3.006111,-61.893716,50.27544,23.637099,-99.92321,0.009683,1.875374,0.444634,18.67642,2.895071,0.796799,0.520632,0.048679,4.077628,20.260449,2.673146,0.615543,
ETR,2025-09-30,0.504481,0.296912,0.183216,0.491816,0.054321,0.041918,0.009999,0.018567,0.019798,69.782944,12.785372,2.925156,235.366672,41.969163,20.641117,379.983542,0.01433,1.827434,0.435918,15.431504,3.781755,0.713464,0.48142,0.054576,3.86833,21.547216,3.056589,0.505696,
ETR,2025-12-31,0.419534,0.184427,0.081288,0.436092,-0.336777,0.014184,0.003346,0.009306,0.010218,202.62956,16.471445,2.874034,-48.90902,60.978069,26.592031,-78.960298,0.004935,1.824201,0.430305,22.478821,1.818912,0.742282,0.506775,0.041159,4.206571,-66.913263,5.064134,0.748433,
ETR,2026-03-31,0.475291,0.185179,0.122601,0.474649,-0.493805,0.022529,0.005155,0.009377,0.012689,124.712025,15.289775,2.809639,-30.963156,52.005369,24.684305,-49.987918,0.008018,1.963391,0.449295,20.150238,2.260323,0.957118,0.726303,0.042051,4.312539,-104.210304,2.12117,0.753862,
EVRG,2024-12-31,0.482742,0.189995,0.062192,0.404724,-0.094322,0.007855,0.002422,0.009944,0.007582,235.225685,14.629115,1.84778,-155.098217,68.625562,27.774414,-294.464997,0.004251,1.41331,0.43583,27.603655,1.523876,0.502212,0.265372,0.03895,465.703704,143.102333,5.058824,0.408939,0.002943
EVRG,2025-03-31,0.502583,0.20793,0.090942,0.431357,-0.104183,0.012587,0.003852,0.010917,0.009904,147.157189,13.382793,1.85232,-128.45425,58.902932,25.408184,-243.87953,0.006795,1.450265,0.443764,24.231236,1.892459,0.553464,0.291667,0.042352,157.988506,268.973305,3.5968,0.431284,0.003274
EVRG,2025-06-30,0.512596,0.235978,0.119207,0.446068,-0.211134,0.017201,0.005205,0.01294,0.01152,107.382654,12.80073,1.847075,-60.628374,54.482915,24.303096,-115.10728,0.009312,1.487298,0.450049,23.063807,2.187256,0.502884,0.274908,0.043663,684.285714,239.159188,1.890835,0.436534,0.004732
EVRG,2025-09-30,0.581966,0.360296,0.262445,0.529753,0.124537,0.046165,0.014204,0.024726,0.022018,38.725576,10.163351,1.78778,81.608911,36.424227,19.295844,154.940322,0.025823,1.430504,0.440144,15.322382,4.303289,0.515591,0.296732,0.054123,83.791667,232.107165,1.974105,0.393558,0.002928
EVRG,2025-12-31,0.473959,0.190942,0.062901,0.397478,-0.395836,0.008247,0.002483,0.010065,0.007543,218.204609,13.725301,1.799639,-34.674173,65.559506,26.05846,-65.831383,0.004583,1.487306,0.447802,28.500845,1.444304,0.491301,0.267026,0.039477,134.02,93.119219,3.96204,0.645053,0.003059
EVRG,2026-03-31,0.506269,0.216181,0.104939,0.451687,-0.33899,0.014916,0.004394,0.011727,0.010908,121.416822,12.741323,1.811103,-37.586123,53.555511,24.190309,-71.359928,0.008236,1.563151,0.46043,24.318203,1.891691,0.445519,0.243148,0.041869,215.477612,217.682969,2.392739,0.590081,0.003879
EVRG,2026-06-30,0.527898,0.25085,0.143324,0.480101,-0.407506,0.021031,0.006081,0.013091,0.013475,85.556505,12.262282,1.79934,-30.091033,48.491459,23.280814,-57.129967,0.011688,1.613812,0.466662,22.877256,2.404461,0.359126,0.20828,0.042432,118.11811,176.931556,1.621395,0.639891,0.005066
EW,2024-12-31,0.789147,0.254943,0.278251,0.34904,-0.13126,0.038566,0.029536,0.029488,0.03819,131.932224,36.710251,5.088121,-279.676006,98.060086,34.226918,-260.756809,0.00758,0.070011,0.053618,,,4.175791,3.453827,0.106148,2.27516,1271.292407,-0.330654,0.039255,0.022875
EW,2025-03-31,0.786508,0.290154,0.253415,0.316061,0.158845,0.035345,0.027491,0.032022,0.035253,142.103535,36.011231,5.022665,226.707065,106.22993,33.575185,211.37105,0.007037,0.069051,0.053708,,,4.454187,3.655578,0.108483,2.111028,1312.316324,0.78324,0.03964,0.028456
EW,2025-06-30,0.775225,0.28123,0.217465,0.306096,0.157225,0.031597,0.024702,0.032456,0.035659,152.680269,33.202627,4.824241,211.179184,101.133611,30.956575,196.893581,0.00655,0.066627,0.052088,,,4.682281,3.86951,0.113591,2.198278,1204.232989,0.870948,0.032176,0.024475
EW,2025-09-30,0.777735,0.273711,0.187432,0.29895,0.332368,0.028525,0.021933,0.033013,0.036382,174.761475,32.755821,4.985112,98.553013,102.157363,30.539993,91.886214,0.005722,0.068623,0.052764,,,4.004345,3.285894,0.117019,2.240156,1194.810822,1.9708,0.037023,0.026528
EW,2025-12-31,0.781473,0.23592,0.058104,0.044661,0.225217,0.008822,0.006658,0.024047,0.002306,557.8187,32.411484,4.921168,143.912491,676.628582,30.21895,134.177266,0.001793,0.068236,0.0515,,,3.715554,3.094613,0.114593,2.379624,1109.728142,4.944079,0.062054,0.024975
EW,2026-03-31,0.780056,0.312204,0.230923,0.337013,-0.012799,0.036863,0.028579,0.039072,0.043208,133.630327,30.858344,4.925981,-2411.045757,85.370165,28.770874,-2247.946143,0.007483,0.068061,0.052766,,,4.420653,3.626473,0.123758,2.125306,1115.847794,0.115051,0.039367,0.027539
EW,2026-06-30,0.774612,0.298392,0.138943,0.322918,0.336014,0.022782,0.017444,0.021509,0.042033,210.306182,29.220601,4.79121,86.962505,84.367954,27.243919,81.079767,0.004755,0.06634,0.050796,,,4.522117,3.771934,0.125549,2.259865,1017.924623,2.694915,0.038426,0.024239
EXC,2024-12-31,0.436483,0.200695,0.11826,0.379638,-0.093219,0.024033,0.006003,0.013874,0.011857,66.99039,7.922278,1.609999,-84.985848,45.395725,17.233947,-184.876317,0.014928,1.732811,0.432801,22.287915,2.487179,0.872334,0.783581,0.050759,1.998174,-70.808722,2.204019,0.353866,
EXC,2025-03-31,0.423741,0.228925,0.13524,0.371016,-0.111111,0.03289,0.008293,0.017062,0.015664,47.734342,6.455583,1.569992,-58.100245,37.851032,14.043331,-126.389976,0.020949,1.74847,0.440886,18.974709,3.113725,1.085894,0.983093,0.061324,2.236509,-12.270924,1.321586,0.289842,
EXC,2025-06-30,0.407223,0.170444,0.072047,0.348996,-0.0925,0.014156,0.003518,0.01026,0.009726,110.851106,7.986509,1.569254,-86.340204,49.781902,17.373673,-187.822553,0.009021,1.768429,0.439454,25.406547,1.868173,0.947575,0.852774,0.048827,1.771214,-40.701609,3.86445,0.370923,
EXC,2025-09-30,0.423714,0.223714,0.1305,0.369873,0.02431,0.031124,0.007707,0.01633,0.015118,49.534609,6.464248,1.541735,265.906641,38.01892,14.062181,578.447373,0.020188,1.775727,0.439682,19.51129,2.914498,0.939338,0.848957,0.059055,2.30809,-64.034465,2.627429,0.318568,
EXC,2025-12-31,0.465447,0.218588,0.109756,0.405211,-0.219882,0.020626,0.005096,0.012356,0.011954,72.967647,8.008644,1.505062,-36.422506,42.994492,17.421826,-79.232707,0.013705,1.73901,0.429613,22.550844,2.313297,0.924015,0.839996,0.046427,1.641492,-137.594688,2.094276,0.449741,
EXC,2026-03-31,0.41425,0.221624,0.126899,0.362607,-0.087545,0.031349,0.007818,0.016363,0.015506,47.162984,5.984919,1.478519,-68.36401,35.905149,13.019459,-148.717542,0.021203,1.747911,0.435918,19.241051,3.016216,0.938882,0.850647,0.06161,2.325626,-38.63176,1.875952,0.325601,
EXC,2026-06-30,0.397185,0.164069,0.066365,0.341378,-0.042735,0.013334,0.003286,0.009508,0.009588,109.451471,7.263748,1.459451,-169.971696,46.287149,15.801395,-369.752634,0.009136,1.773621,0.437102,24.96809,1.862369,1.087589,0.988344,0.049517,1.950637,-74.784657,4.911616,0.368694,
EXE,2024-12-31,0.31916,-0.174587,-0.1996,0.144572,-0.077039,-0.022716,-0.014304,-0.014229,-0.014452,-50.76257,10.132199,1.153104,-131.521204,80.689506,11.665466,-151.423814,-0.0197,0.327412,0.206173,18.557093,-5.68254,0.639449,,0.071664,1.944553,,-0.957393,0.268134,0.004502
EXE,2025-03-31,0.352914,-0.100182,-0.113388,0.205373,0.242714,-0.014484,-0.008914,-0.007655,-0.01068,-81.342431,9.223254,1.17819,38.000498,51.705693,10.618974,43.750971,-0.012294,0.309115,0.190234,10.851441,-4.40678,0.588743,,0.078614,1.931398,,-4.401606,0.256375,0.004098
EXE,2025-06-30,0.383071,0.356484,0.262615,0.558058,0.180412,0.053967,0.03486,0.044919,0.051844,20.923828,5.494917,1.129189,30.457542,11.336542,6.326443,35.066567,0.047792,0.28929,0.18687,2.134662,21.466667,0.777018,,0.132743,4.403823,,1.365702,0.178242,0.003527
EXE,2025-09-30,0.488372,0.262555,0.184361,0.500169,0.120324,0.030138,0.019815,0.02682,0.029911,37.027907,6.826513,1.115937,56.734637,15.713792,7.859544,65.320077,0.027007,0.279504,0.183764,2.962938,13.035088,0.810195,,0.107477,3.993271,,2.195612,0.284462,0.004044
EXE,2025-12-31,0.53024,0.268862,0.165569,0.450599,0.026647,0.029766,0.01955,0.030646,0.029386,36.626158,6.064151,1.090229,227.576015,15.49453,6.981817,262.01424,0.027303,0.272365,0.178881,2.918937,12.644068,1.005171,,0.118075,2.450477,,1.728752,0.259581,0.003593
EXE,2026-03-31,0.639382,0.364029,0.263529,0.513643,0.384493,0.059296,0.03926,0.050753,0.060537,17.475639,4.605335,1.036236,11.977685,10.322828,5.302244,13.790223,0.057223,0.258825,0.17137,1.234174,26.237288,1.110633,,0.148979,4.595611,,2.072476,0.161664,0.002274
EXE,2026-06-30,0.265878,0.243581,0.176351,0.485473,0.114865,0.026893,0.018623,0.02425,0.028526,38.801275,6.842657,1.043496,59.571369,16.227743,7.878131,68.58608,0.025772,0.192066,0.133,2.102992,16.627907,0.958516,,0.105601,3.453909,,2.099617,0.255405,0.004054
EXPD,2024-12-31,0.13117,0.101907,0.079831,0.107043,0.081113,0.106107,0.049612,0.102103,0.112018,105.225627,8.400301,11.165217,103.562933,77.015989,8.24401,101.636105,0.009503,0.255931,0.119664,,,1.771025,,0.62146,1.47895,,1.058666,0.003402,0.005594
EXPD,2025-03-31,0.132335,0.099706,0.07643,0.105183,0.123563,0.089157,0.042844,0.086046,0.096102,121.791066,9.308518,10.858565,75.334356,86.851756,9.13533,73.932732,0.008211,0.257398,0.123692,,,1.829225,,0.560567,1.400304,,1.681209,0.004932,0.004331
EXPD,2025-06-30,0.131078,0.093419,0.069224,0.09864,0.061593,0.083619,0.038353,0.080453,0.092778,135.206567,9.359535,11.305881,151.958285,93.120031,9.185397,149.131042,0.007396,0.267178,0.122543,,,1.725474,,0.554036,1.322574,,0.976238,0.005986,0.010282
EXPD,2025-09-30,0.131998,0.099505,0.076779,0.104427,0.065729,0.097464,0.046501,0.0945,0.105439,111.674872,8.574282,10.884226,130.448365,80.580294,8.414754,128.021323,0.008955,0.245729,0.11724,,,1.794424,,0.605649,1.41533,,0.906018,0.003834,0.006234
EXPD,2025-12-31,0.121771,0.087855,0.070277,0.092782,0.094652,0.085203,0.041014,0.081684,0.088949,123.664896,8.69076,10.53662,91.817605,91.926248,8.529065,90.109303,0.008086,0.242223,0.116598,,,1.811853,,0.583605,1.412518,,1.411505,0.004543,0.004331
EXPD,2026-03-31,0.140106,0.10594,0.082506,0.110926,0.106585,0.100513,0.048019,0.096873,0.10759,108.098125,8.918703,10.86532,83.676903,78.906318,8.752767,82.120062,0.009251,0.247325,0.118155,,,1.789006,,0.582005,1.353049,,1.346779,0.004532,0.004608
EXPD,2026-06-30,0.122968,0.099824,0.076014,0.103449,0.047582,0.125655,0.051846,0.12303,0.135749,93.230602,7.086818,11.714913,148.93825,67.230867,6.954965,146.167196,0.010726,0.267751,0.110476,,,1.565586,,0.682064,1.33112,,0.671009,0.003424,0.009194
EXPE,2024-12-31,0.894786,0.111809,0.093907,0.191269,0.002198,0.192036,0.013355,0.040888,0.045232,112.134343,10.530204,21.533827,4789.73835,54.76585,10.475001,4764.628992,0.008918,4.194605,0.291719,3.420361,6.403226,0.721108,,0.142219,0.990974,,0.662207,0.059987,0.029209
EXPE,2025-03-31,0.880522,-0.014726,-0.066934,0.02008,0.922356,-0.186567,-0.007659,-0.005485,-0.021085,-167.640842,11.22094,31.276277,12.165518,555.873382,11.162116,12.101743,-0.005965,6.032649,0.247645,8.266667,-2.741379,0.731546,,0.114421,0.671612,,-14.76,0.065596,0.032798
EXPE,2025-06-30,0.900423,0.140254,0.087163,0.185948,0.243265,0.394737,0.012233,0.057343,0.065336,101.60051,8.855829,40.105465,36.404092,47.375572,8.809404,36.21325,0.009842,7.753589,0.240288,,8.293103,0.751147,,0.140347,0.765003,,3.39697,0.052826,0.027734
EXPE,2025-09-30,0.914778,0.255666,0.217362,0.321396,-0.155485,0.717277,0.038195,0.127293,0.152052,34.961594,7.599313,25.077164,-48.874881,23.520736,7.559475,-48.618663,0.028603,4.845176,0.258005,0.275035,19.241935,0.74441,,0.175721,0.984382,,-0.518248,0.042838,0.020399
EXPE,2025-12-31,0.902453,0.154497,0.057795,0.167747,0.033549,0.159657,0.008384,0.061435,0.048108,163.552041,9.452543,26.112281,281.749315,56.054459,9.402989,280.272294,0.006114,4.996106,0.262351,1.257143,3.099174,0.732365,,0.14506,0.851416,,1.482927,0.052157,0.029602
EXPE,2026-03-31,0.889959,0.070928,-0.001751,0.106246,1.093695,-0.010417,-0.000227,0.0,0.019163,-5588.028075,9.786389,58.208626,8.948003,91.627481,9.735086,8.901095,-0.000179,8.170139,0.17786,,1.225225,0.730968,,0.129483,0.665372,,-655.166667,0.053707,0.030064
EXPE,2026-06-30,0.906605,0.189803,0.203476,0.304983,0.296408,0.72622,0.030212,0.104647,0.124957,38.18698,7.770143,27.732149,26.214362,25.343771,7.72941,26.076937,0.026187,4.702233,0.195623,,17.836066,0.800924,,0.148481,0.74654,,1.683371,0.046118,0.026419
EXR,2024-12-31,0.708782,0.416498,0.319368,0.766124,0.490911,0.01882,0.009099,0.012754,0.016017,114.947582,36.71054,2.163267,74.780399,69.115422,52.950963,107.862596,0.0087,0.934062,0.451605,19.349368,2.896843,0.931416,,0.028491,6.334556,,1.555426,0.005841,0.010329
EXR,2025-03-31,0.706465,0.430452,0.330337,0.765837,0.581874,0.019506,0.009342,0.012947,0.01623,111.388079,36.795557,2.172731,63.236287,69.301422,53.07359,91.211469,0.008978,0.95389,0.456871,19.781047,2.912121,1.230472,,0.028282,7.065346,,1.777218,0.005206,0.00874
EXR,2025-06-30,0.70941,0.445373,0.296727,0.724222,0.641298,0.018108,0.008504,0.013445,0.015357,120.818985,35.850286,2.187847,55.902688,71.400983,51.71014,80.633549,0.008277,0.98963,0.464717,20.967282,2.737539,1.558576,,0.028658,6.241512,,2.177787,0.004911,0.010114
EXR,2025-09-30,0.704975,0.447602,0.193367,0.61179,0.523995,0.01219,0.005678,0.013557,0.012535,181.762708,35.146945,2.215677,67.074924,82.864495,50.695646,96.748285,0.005502,1.00315,0.467298,24.35424,2.149991,1.306382,,0.029366,6.450416,,2.753834,0.008506,0.008225
EXR,2025-12-31,0.710205,0.439609,0.335167,0.760037,0.422596,0.021394,0.009821,0.013728,0.017082,104.985285,35.187647,2.246101,83.26548,66.778758,50.754355,120.101402,0.009525,1.041583,0.478121,20.088369,2.915073,1.144506,,0.029301,6.033401,,1.279761,0.006338,0.014924
EXR,2026-03-31,0.700745,0.429371,0.281506,0.71126,0.568907,0.018074,0.008281,0.0133,0.015385,125.207991,35.246839,2.263063,61.955331,71.478381,50.839733,89.363828,0.007987,1.045583,0.479055,21.403248,2.646559,1.129369,,0.029417,7.419197,,2.032787,0.003335,0.008885
F,2024-12-31,0.083135,0.025534,0.037834,0.08413,0.010993,0.040683,0.006396,0.00479,0.014613,28.879463,1.092617,1.174889,99.388945,47.802796,4.021658,365.826682,0.034627,3.587867,0.56404,33.428748,8.924658,1.164843,1.02493,0.169045,0.724182,428.238839,1.660088,0.051814,0.002219
F,2025-03-31,0.067636,0.007846,0.011584,0.056814,0.045771,0.010552,0.001655,0.001215,0.005267,111.838941,1.295559,1.180153,28.305288,83.93426,4.76864,104.184923,0.008941,3.534961,0.554522,58.184416,3.036066,1.131718,0.967139,0.142894,0.623394,504.97329,7.81104,0.044713,0.002976
F,2025-06-30,0.064104,0.010183,-0.000717,0.045273,0.08427,-0.000799,-0.000123,0.0,0.004715,-1463.22614,1.04966,1.1691,12.455933,85.33809,3.863545,45.847279,-0.000683,3.556362,0.547405,59.290053,2.821549,1.101089,0.950899,0.171437,0.745654,408.012181,-175.472222,0.041607,0.003069
F,2025-09-30,0.085052,0.030831,0.048423,0.072585,0.104425,0.051633,0.00813,0.007443,0.011641,21.526825,1.04239,1.111499,9.982214,52.859362,3.836786,36.742115,0.046454,3.46856,0.546138,36.846238,6.542683,1.120636,0.979108,0.167893,0.749618,397.243508,3.024928,0.042051,0.002652
F,2025-12-31,-0.187078,-0.251841,-0.241098,-0.100479,0.02397,-0.307744,-0.038263,-0.043284,-0.082665,-4.76104,1.147878,1.46518,47.887401,-42.049044,4.225063,176.261947,-0.210038,4.60998,0.573171,-30.35784,-35.658416,1.074828,0.941788,0.158701,0.711164,442.728792,-0.351048,0.060667,0.002201
F,2026-03-31,0.118743,0.053846,0.058909,0.108455,-0.024507,0.068032,0.009022,0.010486,0.018583,20.673525,1.217861,1.40646,-49.694473,41.331942,4.482652,-182.913341,0.048371,4.258965,0.564773,29.732893,9.225989,1.090458,0.935442,0.153144,0.682095,444.127117,0.516484,0.054933,0.002543
F,2026-06-30,0.068784,0.01321,-0.027476,-0.004887,0.040645,-0.037151,-0.004647,0.002109,-0.009392,-39.69566,1.090694,1.474737,26.834509,-821.559921,4.01458,98.77134,-0.025192,4.571685,0.571903,-603.237288,-4.569863,1.088555,0.93155,0.169145,0.762597,396.934295,-3.274303,0.049321,0.002091
FANG,2024-12-31,0.411255,0.390152,0.290584,0.747294,0.130411,0.028461,0.01596,0.026108,0.02548,50.168906,14.578302,1.427852,111.787148,26.111256,19.512794,149.625078,0.019933,0.353217,0.198077,4.639392,8.513369,0.438578,0.414467,0.054925,2.331861,17.807198,2.179702,0.502976,0.004329
FANG,2025-03-31,0.450012,0.415033,0.348549,0.74969,0.164475,0.036519,0.020053,0.025142,0.029611,38.349755,13.366759,1.400499,81.269088,23.864754,17.891165,108.777206,0.026076,0.361552,0.198527,4.001985,48.35,0.859036,0.83442,0.057531,2.533627,142.909809,1.676157,0.419747,0.004465
FANG,2025-06-30,0.343741,0.311969,0.191454,0.617913,-0.633251,0.017978,0.009716,0.016525,0.014652,77.083556,14.757986,1.385803,-23.305106,31.967769,19.753297,-31.193464,0.012973,0.389213,0.210353,6.610816,17.839286,0.549614,0.519021,0.05075,2.380052,138.885947,2.399142,1.092577,0.005752
FANG,2025-09-30,0.343318,0.320789,0.260625,0.695597,0.018689,0.026044,0.013357,0.017902,0.01998,52.928689,13.794523,1.378464,738.101444,26.54372,18.463719,987.935449,0.018893,0.415524,0.213113,5.919396,20.571429,0.623129,0.602366,0.051251,2.403692,103.467652,2.340864,0.591398,0.005632
FANG,2025-12-31,0.237354,0.232266,-0.436396,-0.244837,0.261299,-0.039435,-0.020518,0.011415,-0.033615,-36.955696,16.127329,1.457357,61.719823,-88.165389,21.586138,82.610868,-0.027059,0.40244,0.209389,-17.585575,-22.565657,0.416304,0.397609,0.047017,2.410534,-3.577338,-1.606996,0.439988,
FANG,2026-03-31,0.379335,0.360095,0.005938,0.361995,0.138005,0.000685,0.000357,0.024625,0.003662,2155.256218,12.798434,1.477296,92.73908,47.322367,17.130472,124.129583,0.000464,0.381049,0.198316,9.005249,3.793651,0.561462,0.545058,0.060074,1.948172,33.420932,73.12,0.2962,
FANG,2026-06-30,0.464072,0.454661,0.340633,0.715837,0.390045,0.049657,0.026802,0.038783,0.041695,28.629865,9.752291,1.421673,25.002972,18.234965,13.053265,33.466027,0.034929,0.332823,0.179641,3.072566,48.053571,0.466714,0.454914,0.078684,2.862694,-20.050929,1.907014,0.259548,
FAST,2025-03-31,0.451107,0.201031,0.152445,0.224303,0.105389,0.080942,0.061323,0.076937,0.09663,188.278722,28.702079,15.239643,272.343119,128.499787,28.822934,273.48986,0.005311,0.134352,0.101788,,232.235294,4.276617,2.144804,0.402267,1.532338,690.519884,0.877804,0.028427,0.001021
FAST,2025-06-30,0.453204,0.209633,0.158775,0.232611,0.10061,0.086752,0.065847,0.081716,0.104578,170.265983,27.034012,14.770934,268.699733,116.709354,27.147842,269.831133,0.005873,0.143195,0.108688,,199.454545,4.220041,2.115567,0.414716,1.570986,683.815047,0.843476,0.033313,0.000961
FAST,2025-09-30,0.452726,0.206956,0.157268,0.228379,0.153096,0.086147,0.065575,0.082207,0.103231,167.626987,26.362375,14.440584,172.194899,115.918835,26.473377,172.919952,0.005966,0.132828,0.101108,,276.375,4.258557,2.189624,0.416961,1.583389,661.327633,1.153204,0.028266,0.000984
FAST,2025-12-31,0.443277,0.189553,0.145013,0.212094,0.151968,0.074551,0.058184,0.072204,0.08888,191.28862,27.739397,14.260791,182.534418,131.338735,27.856198,183.303006,0.005228,0.112055,0.087455,,428.333333,4.852012,2.409307,0.401235,1.628041,687.018484,1.252041,0.029595,0.001085
FAST,2026-03-31,0.446428,0.203297,0.154335,0.224236,0.145115,0.085174,0.065223,0.082433,0.102401,165.505751,25.543377,14.096717,176.021453,114.39266,25.650932,176.762617,0.006042,0.111668,0.085512,,561.375,4.392428,2.338672,0.422607,1.523457,637.678659,1.113596,0.026752,0.001181
FAST,2026-06-30,0.445599,0.210231,0.160375,0.229922,0.084461,0.094079,0.072315,0.09133,0.114083,146.914457,23.561462,13.821636,278.96257,102.907537,23.660671,280.137183,0.006807,0.108506,0.083404,,419.416667,4.179519,2.211726,0.450911,1.532618,606.492,0.694096,0.026855,0.001089
FCX,2024-12-31,0.249126,0.217308,0.047902,0.322902,0.034441,0.015585,0.004996,0.027206,0.026544,374.936838,17.960261,5.843393,521.485754,65.579151,21.175645,614.846152,0.002667,0.553893,0.177545,2.720628,18.714286,2.419214,1.180495,0.104288,9.896194,378.427687,5.240876,0.216608,0.002622
FCX,2025-03-31,0.262919,0.227479,0.061453,0.318959,-0.019902,0.0199,0.006283,0.029468,0.027177,291.854243,17.935177,5.808045,-901.163978,66.29704,21.146071,-1062.497298,0.003426,0.53166,0.167863,2.747126,19.442857,2.322396,1.132088,0.102246,7.709287,306.355444,3.005682,0.204609,0.009427
FCX,2025-06-30,0.347138,0.32076,0.10182,0.414271,0.123186,0.042399,0.013666,0.057082,0.048527,133.073437,13.549551,5.642173,109.992177,38.562462,15.975296,129.683824,0.007515,0.508073,0.163758,1.515759,30.158537,2.465377,1.2081,0.134214,8.057386,241.883891,2.843264,0.166315,0.002638
FCX,2025-09-30,0.307229,0.280551,0.096672,0.380952,0.087206,0.036072,0.01186,0.045595,0.039589,152.422394,14.735039,5.498137,168.968246,45.604176,17.37302,199.218243,0.006561,0.497618,0.163617,1.875,18.981308,2.454578,1.188201,0.122686,7.611354,267.105815,2.468843,0.151463,0.003442
FCX,2025-12-31,0.180543,0.143973,0.072075,0.241612,-0.055388,0.021483,0.00698,0.021117,0.016798,253.036191,18.237652,5.43588,-329.271454,88.996835,21.502697,-388.220167,0.003952,0.555162,0.180377,4.081558,7.963636,2.291078,1.046187,0.096842,5.765609,422.692241,1.706897,0.178413,0.004083
FCX,2026-03-31,0.26548,0.230671,0.141322,0.427013,0.083734,0.045168,0.014973,0.033761,0.04058,116.609187,16.479418,5.266993,196.805926,45.501387,19.429691,232.03964,0.008576,0.533248,0.176768,2.132607,18.842105,2.385644,1.129507,0.105948,9.154185,301.167516,1.696935,0.15608,0.010908
FCX,2026-06-30,0.310997,0.282401,0.139991,0.362498,0.134301,0.048933,0.016475,0.04833,0.038301,104.403144,14.615549,5.108792,108.827006,47.537163,17.232137,128.310055,0.009578,0.515142,0.173439,2.082418,21.315789,2.066074,0.919049,0.117685,9.817039,284.533134,2.081301,0.157064,0.004979
FDS,2025-02-28,0.527558,0.325048,0.253846,0.406987,0.263237,0.070426,0.034153,0.044185,0.049536,69.684988,17.689285,4.90762,67.199006,48.916792,19.908481,75.629407,0.01435,0.80856,0.392117,5.139328,13.382869,1.468659,,0.134544,2.055425,,1.200849,0.041594,0.028996
FDS,2025-05-31,0.520548,0.331594,0.253692,0.416536,0.390427,0.068923,0.034236,0.044701,0.051068,67.957665,17.240346,4.683858,44.157633,46.582368,19.403221,49.697396,0.014715,0.751911,0.373495,4.402952,12.899749,1.465493,,0.134951,2.153827,,1.70883,0.04309,0.02906
FDS,2025-08-31,0.516385,0.297069,0.257356,0.422827,0.298431,0.070259,0.035689,0.040555,0.053354,65.712995,16.911628,4.616954,56.668392,45.014279,19.033263,63.777683,0.015218,0.712815,0.362084,4.083463,15.663278,1.399867,,0.138676,2.205158,,1.380716,0.056904,0.02358
FDS,2025-11-30,0.526159,0.316103,0.25111,0.420728,0.148838,0.070382,0.03615,0.043587,0.054093,66.159178,16.613263,4.656415,111.619884,44.440778,18.697467,125.623073,0.015115,0.719611,0.369608,4.276628,15.203437,1.544497,,0.143959,2.102495,,0.794888,0.050767,0.030376
FDS,2026-02-28,0.514349,0.302709,0.217761,0.369957,0.303904,0.062494,0.031531,0.043665,0.046898,75.867059,16.520873,4.74121,54.362179,50.258454,18.593487,61.182146,0.013181,0.729721,0.36818,4.870043,13.334329,1.431377,,0.144797,1.908045,,1.590969,0.042547,0.034151
FDS,2026-05-31,0.498826,0.266971,0.203426,0.356249,0.407831,0.062352,0.030229,0.039957,0.053708,79.661669,16.205291,4.96709,39.735352,51.19539,18.238314,44.720321,0.012553,0.772843,0.374676,4.964027,12.136715,0.683302,,0.148597,2.148067,,2.245301,0.048923,0.035666
FDX,2024-11-30,0.208449,0.06273,0.033732,0.111121,0.022761,0.028005,0.008669,0.022392,0.019384,96.983772,3.271497,2.715985,143.729951,41.471069,4.608316,202.461757,0.010311,1.408692,0.43605,6.143384,,1.231309,1.18823,0.256981,2.045916,109.636081,1.778677,0.037238,0.001639
FDX,2025-02-28,0.213493,0.066606,0.04102,0.114711,0.045803,0.034035,0.010689,0.024249,0.020746,79.059379,3.243004,2.690766,70.802931,39.82332,4.56818,99.734856,0.012649,1.386513,0.435439,5.903226,,1.238774,1.194372,0.260574,2.166178,105.945472,2.213421,0.044991,0.001444
FDX,2025-05-31,0.238929,0.087174,0.074167,0.145365,0.047075,0.058702,0.018807,0.029515,0.03009,43.607388,3.234247,2.559841,68.704565,31.340829,4.555845,96.779043,0.022932,1.332763,0.426992,4.667802,,1.193044,1.153981,0.253575,1.954609,120.044797,1.528519,0.066292,0.00171
FDX,2025-08-31,0.211023,0.058353,0.037044,0.107445,0.049137,0.029671,0.00932,0.01927,0.017807,87.214776,3.230758,2.587771,65.750206,42.356016,4.55093,92.617455,0.011466,1.364949,0.428723,6.279498,,1.246071,1.207163,0.251583,1.931573,113.698163,2.082524,0.028008,0.002518
FDX,2025-11-30,0.218671,0.06907,0.040735,0.114577,0.050876,0.033973,0.01072,0.024369,0.022216,75.172568,3.062123,2.553837,60.188422,37.646292,4.313387,84.782981,0.013303,1.342075,0.423476,5.438825,,1.273776,1.234859,0.263161,1.930175,108.824699,2.040795,0.032255,0.001832
FDX,2026-02-28,0.213458,0.067292,0.044,0.113625,0.04325,0.035431,0.011147,0.024526,0.020853,68.053954,2.994374,2.411253,69.23408,37.121701,4.217953,97.524931,0.014694,1.409945,0.443584,6.323799,,1.473766,1.437265,0.253344,2.032692,111.445122,1.887311,0.039792,0.001542
FDX,2026-05-31,0.226856,0.083537,0.063862,0.133003,0.07162,0.050463,0.016142,0.027603,0.027854,44.999985,2.873794,2.270831,40.125614,30.436223,4.048102,56.521987,0.022222,1.356937,0.434044,3.729104,,1.475412,1.440038,0.252757,1.973406,115.901275,2.044458,0.058943,0.00164
FDXF,2024-11-30,0.291686,0.132751,0.135048,0.132751,,,,,,61.093923,8.250626,,,83.306624,11.059079,,0.016368,,,,,,,,,,,,
FDXF,2025-11-30,0.267415,0.101917,0.056101,0.101917,,0.03337,0.019283,0.044358,0.040656,149.680111,8.397201,4.994887,,110.438597,11.255547,,0.006681,0.439933,0.254218,,,1.541231,1.514518,0.343725,1.876316,160.289567,,,
FE,2024-12-31,0.683564,0.19301,0.082179,0.321474,-0.078715,0.020955,0.005015,0.013124,0.013136,100.341925,8.245983,2.102709,-104.756969,55.436086,17.821236,-226.400977,0.009966,1.928784,0.46159,23.420176,2.585774,0.555533,0.445667,0.061025,3.663206,-272.987382,4.0,0.407431,
FE,2025-03-31,0.671448,0.200266,0.095618,0.318991,-0.097742,0.028646,0.006822,0.015476,0.017303,72.747895,6.955974,2.083969,-71.166419,47.127597,15.033265,-153.805011,0.013746,1.972308,0.46969,20.527893,3.16,0.41594,0.336238,0.071346,3.676758,-180.747966,1.769444,0.266932,
FE,2025-06-30,0.668343,0.161834,0.07929,0.318935,-0.040237,0.020854,0.004942,0.01108,0.013647,97.721054,7.748297,2.037915,-192.567959,52.504865,16.745634,-416.178266,0.010233,2.009027,0.476083,23.422078,2.579767,0.614308,0.508943,0.062327,3.985849,-309.242271,4.037313,0.360355,
FE,2025-09-30,0.637416,0.200096,0.106316,0.33028,-0.113549,0.034459,0.007891,0.017976,0.017333,59.386037,6.313704,2.046354,-55.603487,41.314047,13.645189,-120.17037,0.016839,2.146429,0.491554,19.026277,3.337165,0.747426,0.644835,0.074225,4.366316,-174.138209,1.9161,0.317261,
FE,2025-12-31,0.638399,0.15881,-0.012905,0.181196,-0.007901,-0.003917,-0.000877,0.015435,0.005273,-534.474334,6.897351,2.093465,-872.974746,82.267797,14.906569,-1886.674807,-0.001871,2.122782,0.475029,38.515988,1.011364,0.565168,0.455701,0.06792,4.043663,-288.559061,-23.183673,0.307085,
FE,2026-03-31,0.621609,0.197049,0.096383,0.308663,-0.263446,0.032006,0.007116,0.01569,0.017151,64.664796,6.232566,2.069641,-23.657852,43.639356,13.469834,-51.129399,0.015464,2.217481,0.492999,21.594449,3.220588,0.521828,0.422188,0.073827,4.00572,-240.594132,0.365432,0.298667,
FE,2026-06-30,0.643013,0.122893,0.078303,0.327352,-0.096792,0.022265,0.004947,0.008549,0.013941,90.934869,7.120512,2.024681,-73.565288,47.01017,15.388865,-158.98945,0.010997,2.240665,0.49781,24.019934,2.557895,0.540655,0.446356,0.063173,3.954839,-342.205328,3.434028,0.365688,
FERG,2025-01-31,0.297148,0.059662,0.040163,0.074214,0.037689,0.050282,0.016697,0.031087,0.036433,150.297333,6.036389,7.557308,160.162409,93.984447,6.974981,185.065899,0.006653,1.096921,0.364247,7.029412,8.708333,1.824204,0.979237,0.415729,2.1475,264.124496,1.231884,0.011787,0.000291
FERG,2025-04-30,0.309539,0.088702,0.053799,0.091458,0.079386,0.074128,0.023747,0.051644,0.053391,101.175766,5.443126,7.499921,68.565395,68.769107,6.289472,79.226558,0.009884,1.054421,0.337793,5.143472,13.108696,1.637247,0.875565,0.441413,2.033351,233.125973,1.663415,0.010104,0.001181
FERG,2025-07-31,0.317053,0.109686,0.082382,0.119925,0.055431,0.120027,0.039483,0.074936,0.078797,59.260091,4.881966,7.112837,88.072322,47.038339,5.641058,101.766598,0.016875,1.022977,0.336511,3.41315,18.44,1.683145,0.937956,0.479271,2.143542,227.83105,0.772857,0.008238,0.000706
FERG,2025-10-31,0.306769,0.094381,0.069776,0.104297,0.038193,0.094122,0.032214,0.06065,0.061352,72.775551,5.077986,6.849746,132.955333,56.258296,5.867556,153.628423,0.013741,0.993395,0.340002,4.219484,16.478261,1.878067,1.014048,0.461682,2.145784,243.900215,0.754386,0.014445,0.007834
FERG,2026-03-31,0.310225,0.082173,0.055407,0.093951,0.091006,0.07048,0.023273,0.045379,0.050037,100.198222,5.551668,7.061979,61.003035,68.279299,6.414891,70.488335,0.00998,1.035581,0.341953,4.713675,13.444444,1.783959,0.96332,0.420035,2.036522,249.975077,1.864734,0.012313,0.002141
FERG,2026-06-30,0.309907,0.102274,0.076106,0.11393,-0.022626,0.107402,0.034502,0.063447,0.069472,62.285381,4.740266,6.689576,-209.505373,48.076297,5.477325,-242.081151,0.016055,1.110627,0.356784,4.480441,17.269231,1.729183,0.929277,0.453349,2.056639,240.392533,-0.084084,0.016227,0.002171
FFIV,2024-12-31,0.816684,0.28233,0.217152,0.311901,0.254027,0.051439,0.028208,0.05325,0.050175,146.98334,31.917799,7.560731,125.647207,96.671838,30.152083,118.696309,0.006803,0.084779,0.046491,,,1.475159,1.429029,0.129899,1.580426,281.937718,1.218312,0.010532,0.07555
FFIV,2025-03-31,0.807202,0.217333,0.19905,0.248068,0.336597,0.043913,0.024639,0.040757,0.036257,168.107208,33.461732,7.382109,99.411778,127.427328,31.610604,93.912244,0.005949,0.080511,0.045173,,,1.532822,1.488284,0.123781,1.925944,252.362324,1.76319,0.014366,0.080539
FFIV,2025-06-30,0.809542,0.251569,0.243361,0.280364,0.3507,0.054703,0.031064,0.050413,0.04303,128.820938,31.350055,7.046909,89.39272,105.633031,29.615746,84.447448,0.007763,0.074839,0.042499,,,1.602035,1.558893,0.127647,2.168544,163.922297,1.486051,0.010947,0.07362
FFIV,2025-09-30,0.822389,0.271348,0.23515,0.30195,0.236921,0.053033,0.030144,0.054203,0.046701,128.428037,30.199906,6.810871,127.468475,94.483149,28.529225,120.416823,0.007786,0.072882,0.041426,,,1.561907,1.514015,0.128189,1.954695,169.624157,1.092261,0.019925,0.070669
FFIV,2025-12-31,0.815451,0.260369,0.21892,0.290292,0.18176,0.050888,0.028618,0.048884,0.045828,135.873916,29.745511,6.914307,163.652943,96.798977,28.099967,154.599539,0.00736,0.075664,0.042551,,,1.553766,1.504415,0.130723,1.666167,265.322821,0.88424,0.011818,0.072958
FFIV,2026-03-31,0.814094,0.220159,0.182032,0.250434,0.428201,0.040486,0.02274,0.038236,0.037073,165.57573,30.140005,6.703422,70.387466,113.693333,28.472637,66.493579,0.00604,0.071203,0.039994,,,1.611357,1.557518,0.124926,1.907011,217.464248,2.476512,0.022602,0.08377
FFIV,2026-06-30,0.822485,0.246495,0.240681,0.273577,0.324371,0.054,0.030488,0.050905,0.042151,117.50097,28.280306,6.345011,87.185028,97.653813,26.715818,82.361887,0.008511,0.065456,0.036957,,,1.6648,1.593118,0.126676,2.018011,158.844794,1.51889,0.041197,0.075755
FICO,2024-12-31,0.801474,0.408048,0.34668,0.416285,0.424635,-0.134012,0.089375,0.139935,0.130603,134.47264,46.618942,-18.020991,109.785805,141.196423,58.777928,138.419745,0.007436,-2.145544,1.430897,12.213058,6.09119,1.79837,,0.257803,1.253742,,1.271878,0.016299,0.092402
FICO,2025-03-31,0.824295,0.492542,0.326055,0.496875,0.131314,-0.144669,0.088582,0.133553,0.163747,126.131309,41.125734,-18.247237,313.185673,104.356207,51.852,394.869635,0.007928,-2.267684,1.388528,9.610377,7.788705,2.11195,,0.271679,1.012574,,0.460708,0.018902,0.08362
FICO,2025-06-30,0.836748,0.489393,0.338896,0.510558,0.514973,-0.130087,0.09763,0.145698,0.247284,112.827745,38.236893,-14.677378,74.250352,94.425504,48.209702,93.616062,0.008863,-2.00414,1.504105,9.458851,8.203593,0.921148,,0.288082,1.181255,,1.574479,0.018612,0.078167
FICO,2025-09-30,0.823217,0.481003,0.30056,0.477676,0.40881,-0.088793,0.082978,0.145005,0.237842,132.316067,39.768886,-11.748786,97.279709,104.96914,50.141264,122.651853,0.007558,-1.761316,1.645963,11.858789,6.076451,0.830373,,0.276078,0.974682,,1.442895,0.024867,0.06278
FICO,2025-12-31,0.829555,0.457164,0.309347,0.464791,0.323026,-0.087589,0.085415,0.139071,0.212265,129.50972,40.063448,-11.343652,124.025511,108.678179,50.512653,156.373399,0.007721,-1.777924,1.73379,12.753704,5.569133,0.929192,,0.276114,1.034016,,1.09919,0.017005,0.08647
FICO,2026-03-31,0.868148,0.581868,0.382343,0.584805,0.30985,-0.125834,0.129114,0.19445,0.243833,77.558035,29.653788,-9.7594,95.703741,63.932418,37.387982,120.664847,0.012894,-1.73988,1.785241,8.454086,8.986473,2.222539,,0.337692,1.115685,,0.844588,0.013073,0.065507
FICO,2026-06-30,0.870931,0.537874,0.351789,0.561793,0.549316,-0.057887,0.116411,0.184028,0.289848,86.480878,30.423032,-5.006143,55.383518,68.277582,38.357858,69.828449,0.011563,-1.366323,2.747661,14.082874,6.25509,1.183003,,0.33091,1.137812,,1.604068,0.014978,0.077621
FIS,2024-12-31,0.375529,0.202386,0.108119,0.423624,0.228549,0.0179,0.008318,0.013619,0.023655,65.371686,7.067889,1.170177,30.92499,35.31739,14.961311,65.462031,0.015297,0.735189,0.341611,9.496821,3.922156,0.851001,,0.07693,1.385394,,2.782918,0.072336,0.01693
FIS,2025-03-31,0.347156,0.137836,0.030411,0.302528,0.088468,0.005112,0.002345,0.008348,0.011975,238.564206,7.254915,1.219427,82.006446,50.762985,15.357206,173.591278,0.004192,0.802377,0.368046,14.640992,3.875,0.634167,,0.077099,1.31875,,5.935065,0.092022,0.018562
FIS,2025-06-30,0.363914,0.155963,-0.179664,0.27867,0.142202,-0.033173,-0.014083,0.013986,0.009605,-39.083923,7.021959,1.296545,49.380225,53.339432,14.864085,104.528081,-0.025586,0.915584,0.388697,16.90535,2.263636,0.586735,,0.078387,1.260723,,-1.255319,0.083333,0.018731
FIS,2025-09-30,0.378358,0.168936,0.097166,0.347442,0.216783,0.019049,0.00799,0.013124,0.018185,69.581227,6.760929,1.325452,31.187511,41.191151,14.311537,66.017735,0.014372,0.942925,0.395497,13.167373,5.166667,0.531585,,0.082229,1.439089,,3.041667,0.078763,0.014722
FIS,2025-12-31,0.383001,0.193101,0.181366,0.359531,0.228307,0.036693,0.015229,0.01611,0.020988,36.018517,6.532519,1.321638,28.612841,38.461371,13.828039,60.567673,0.027763,0.959134,0.398083,12.347181,4.848214,0.589286,,0.08397,1.446502,,1.894118,0.11522,0.016003
FIS,2026-03-31,0.336267,0.159939,0.718058,0.328983,0.137178,0.148088,0.054411,0.008406,0.013024,7.763924,5.574945,1.149743,40.640362,35.87126,11.801046,86.027536,0.128801,1.323528,0.486294,18.72786,2.314721,0.588006,,0.075775,1.452182,,0.301352,0.079211,0.013354
FIS,2026-06-30,0.347646,0.150133,0.068404,0.343796,0.070477,0.014403,0.005237,0.010715,0.014456,79.521402,5.439575,1.14537,77.182537,33.492202,11.514494,163.380026,0.012575,1.325352,0.48193,17.596899,2.475,0.534617,,0.076566,1.399503,,2.138528,0.075807,0.016879
FISV,2024-12-31,0.615502,0.317654,0.178633,0.433441,0.346982,0.034653,0.012154,0.027414,0.02759,26.75274,4.778913,0.927075,13.772816,,,,0.037379,0.921974,0.323365,9.939367,4.54491,1.059575,,0.068039,1.409664,,2.367804,0.075986,0.017901
FISV,2025-03-31,0.595906,0.268031,0.165887,0.419688,0.061014,0.032877,0.010584,0.021417,0.024252,29.487744,4.891632,0.969482,80.172748,,,,0.033912,1.097782,0.353412,12.08314,4.085546,1.098656,,0.063804,1.303685,,0.761457,0.065302,0.024172
FISV,2025-06-30,0.618202,0.308013,0.186004,0.447788,0.215011,0.04069,0.012584,0.025922,0.029154,24.458158,4.549324,0.995204,21.158575,,,,0.040886,1.178108,0.364352,11.059514,4.43617,1.088659,,0.067655,1.340136,,1.622807,0.086838,0.016497
FISV,2025-09-30,0.588638,0.253848,0.150485,0.414972,0.246627,0.031527,0.009979,0.020578,0.024493,31.684432,4.768016,0.998928,19.332874,,,,0.031561,1.206919,0.381996,12.485348,3.231481,1.079642,,0.06631,1.330048,,2.27904,0.096333,0.01653
FISV,2025-12-31,0.57078,0.243755,0.153482,0.406699,0.284254,0.031444,0.010121,0.019317,0.023932,30.942134,4.749067,0.97294,16.707104,,,,0.032318,1.129149,0.363433,12.139134,3.505208,1.03198,,0.06594,1.327305,,2.397041,0.083649,0.010409
FISV,2026-03-31,0.541078,0.166103,0.113587,0.352695,0.028049,0.021793,0.007089,0.015093,0.016699,43.947584,4.991858,0.957752,177.97213,,,,0.022754,1.118545,0.363845,14.972927,2.642659,1.058246,,0.06241,1.294951,,1.049037,0.091108,0.023473
FISV,2026-06-30,0.54743,0.190665,0.118481,0.379441,0.18613,0.023305,0.007752,0.01536,0.020343,40.022441,4.741888,0.932726,25.476213,,,,0.024986,1.042001,0.346587,12.608068,3.06117,1.043485,,0.065425,1.353799,,2.365231,0.094104,0.022109
FITB,2024-12-31,,,0.289314,,-0.106393,0.03156,0.002912,,,77.393041,22.390894,2.442539,-210.454762,,30.982587,-291.209144,0.012921,0.941461,0.086861,,,,,0.010064,0.674536,,-0.162903,0.059263,0.014466
FITB,2025-03-31,,,0.244076,,0.52891,0.025241,0.002422,,,93.172205,22.741083,2.351796,42.996134,,31.467149,59.494341,0.010733,0.965691,0.092646,,,,,0.009922,,,2.394175,0.05545,0.034597
FITB,2025-06-30,,,0.282501,,0.523167,0.029729,0.002991,,,76.407143,21.585104,2.271525,41.258543,,29.867605,57.090013,0.013088,0.831282,0.083623,,,,,0.010586,,,2.079618,0.064327,0.015744
FITB,2025-09-30,,,0.284774,,0.338745,0.030748,0.003048,,,73.934801,21.054711,2.273354,62.155033,,29.133692,86.004773,0.013525,0.873881,0.086636,,,,,0.010704,,,1.61171,0.120228,0.011847
FITB,2025-12-31,,,0.330919,,0.341331,0.033649,0.00341,,,65.641157,21.721904,2.208787,63.63884,,30.056897,88.057937,0.015234,0.642561,0.065115,,,,,0.010304,0.682211,,1.270862,0.079221,0.012675
FITB,2026-03-31,,,0.059034,,-0.447943,0.004838,0.000555,,,290.810216,17.167687,1.406899,-38.325628,,23.755165,-53.031697,0.003439,0.573096,0.065803,,,,,0.00941,,,-6.70303,0.052236,0.051878
FITB,2026-06-30,,,0.24961,,0.817077,0.02323,0.002668,,,59.904726,14.952847,1.391557,18.300414,,20.69046,25.322534,0.016693,0.629343,0.072293,,,,,0.01069,,,3.490637,0.054222,0.0134
FIX,2024-12-31,0.232218,0.121053,0.078097,0.118267,0.090902,0.085571,0.030963,0.099991,0.0874,398.429127,31.116143,34.093785,342.304515,255.711148,30.242248,332.690916,0.00251,0.181031,0.065505,,8455.272727,1.080329,1.057398,0.39647,1.003542,212.088781,1.442812,0.021777,0.002418
FIX,2025-03-31,0.220291,0.113877,0.092443,0.133106,-0.060153,0.095266,0.03705,0.091997,0.097143,343.311477,31.736636,32.705927,-527.595424,231.734162,30.845314,-512.777942,0.002913,0.156558,0.060887,,129.481779,1.077244,1.051098,0.400788,1.054296,218.998889,-0.519526,0.012127,0.004389
FIX,2025-06-30,0.234617,0.137776,0.106219,0.1531,0.10179,0.11711,0.045589,0.114049,0.126088,251.762444,26.741982,29.483863,262.717346,169.763995,25.990935,255.338947,0.003972,0.143896,0.056016,,185.725234,1.127308,1.101107,0.429193,1.005075,252.887123,1.093772,0.01439,0.001912
FIX,2025-09-30,0.248013,0.154344,0.118979,0.166875,0.21132,0.130571,0.050471,0.125679,0.13601,199.299956,23.712604,26.022755,112.211779,138.107002,23.046637,109.060319,0.005018,0.176438,0.068201,,125.565568,1.22139,1.195393,0.424201,1.06273,227.346067,1.897265,0.014416,0.00145
FIX,2025-12-31,0.254988,0.161126,0.125018,0.172669,0.152094,0.13509,0.051358,0.12992,0.13759,175.688641,21.964242,23.733859,144.412614,123.631453,21.347378,140.356796,0.005692,0.197388,0.075042,,535.481481,1.211177,1.186407,0.410805,1.02646,242.225902,1.416359,0.024977,0.002291
FIX,2026-03-31,0.26329,0.16941,0.129262,0.182626,0.084233,0.131571,0.053381,0.130649,0.14643,156.917681,20.283463,20.645778,240.802373,107.94634,19.713804,234.039454,0.006373,0.120454,0.048871,,222.370983,1.239655,1.21378,0.41297,1.02141,249.168834,1.049814,0.051468,0.006773
FIX,2026-06-30,0.258517,0.170618,0.135226,0.187096,0.305624,0.13726,0.052028,0.132831,0.152641,131.609134,17.796993,18.064656,58.23171,92.450928,17.297166,56.596276,0.007598,0.10196,0.038648,,395.045233,1.213816,1.191839,0.384747,0.995988,265.913038,2.58021,0.043288,0.002819
FLEX,2025-03-31,0.087996,0.04814,0.034698,0.073304,0.050172,0.044382,0.012078,0.028189,0.0388,180.558193,6.26507,8.013578,124.872021,92.055259,6.748033,134.498183,0.005538,0.829268,0.225668,2.991471,6.365385,1.303655,0.788832,0.348077,1.742849,204.673094,1.95045,0.017505,
FLEX,2025-06-30,0.086996,0.048365,0.029202,0.066768,0.040456,0.037728,0.010036,0.0283,0.032244,208.770411,6.096414,7.876581,150.691424,98.346052,6.566375,162.307957,0.00479,0.837886,0.222873,3.284738,5.823529,1.357424,0.832477,0.343665,1.675586,181.899688,2.078125,0.020228,
FLEX,2025-09-30,0.090241,0.049677,0.029248,0.069077,0.044533,0.039523,0.010181,0.029427,0.034235,201.426728,5.891229,7.961056,132.290161,91.859397,6.345373,142.488174,0.004965,0.852632,0.219636,3.06383,6.038462,1.334297,0.826297,0.348102,1.764065,156.492443,2.276382,0.022046,
FLEX,2025-12-31,0.096203,0.055823,0.033862,0.072683,0.038538,0.046671,0.011479,0.030794,0.037937,167.715142,5.679218,7.827362,147.367349,84.159682,6.117019,158.727635,0.005962,0.979887,0.241018,2.68616,6.517241,1.395726,0.88458,0.339001,1.839458,145.042698,1.757322,0.020969,
FLEX,2026-03-31,0.093888,0.053096,0.033436,0.066738,0.02822,0.0486,0.011333,0.035422,0.036738,160.335675,5.360963,7.792364,189.971179,86.520875,5.77423,204.615719,0.006237,0.839036,0.195648,2.729459,6.833333,1.359188,0.872753,0.338939,1.597991,109.349066,1.652,0.027016,
FOX,2024-12-31,,0.133911,0.073454,0.14356,-0.085861,0.032449,0.016202,0.027404,0.032041,65.27463,4.79469,2.118089,-55.842746,38.106448,5.470579,-63.71468,0.01532,0.706568,0.352793,5.319616,5.401709,2.498332,2.14316,0.220572,1.454181,,-0.970509,0.014573,0.006696
FOX,2025-03-31,,0.173873,0.079158,0.151682,0.444063,0.030019,0.014807,0.030309,0.028687,70.368315,5.570221,2.112393,12.543759,41.89985,6.355434,14.312004,0.014211,0.703366,0.346942,3.598793,6.042553,2.452761,2.325203,0.187059,1.344096,,5.823699,0.01693,0.006635
FOX,2025-06-30,,0.254335,0.218132,0.350167,0.424095,0.05994,0.030912,0.033763,0.05168,33.957374,7.407191,2.035399,17.46588,24.135187,8.451354,19.927977,0.029449,0.62406,0.321837,1.086881,11.655556,2.909562,2.760442,0.141712,1.329693,,2.110181,0.036203,0.011561
FOX,2025-09-30,,0.258694,0.160246,0.26672,-0.0626,0.049066,0.026311,0.039182,0.044275,40.646806,6.513493,1.994384,-104.048876,27.86319,7.431675,-118.716241,0.024602,0.610419,0.32733,2.241725,8.99,3.238115,3.031288,0.164192,1.330249,,-0.217028,0.027822,0.007491
FOX,2025-12-31,,0.114242,0.044191,0.104593,-0.152644,0.020955,0.010666,0.025902,0.023196,106.320686,4.698463,2.227987,-30.780578,51.253875,5.360787,-35.119596,0.009406,0.685853,0.349075,8.4631,3.683333,2.78394,2.441225,0.241349,1.456846,,-2.921397,0.023543,0.006175
FOX,2026-03-31,,0.21357,0.041562,0.10666,0.442414,0.015134,0.007621,0.035992,0.016945,146.671308,6.096003,2.219659,13.778968,65.21033,6.955333,15.721336,0.006818,0.690491,0.347702,7.051643,3.651685,2.895889,2.645409,0.183354,1.354817,,11.457831,0.033801,0.007511
FOX,2026-06-30,,0.25736,0.164055,0.266857,0.172365,0.059426,0.030736,0.044926,0.051123,35.235075,5.780493,2.093863,33.536415,24.714947,6.595347,38.263912,0.028381,0.650843,0.336625,2.136121,11.01087,3.169479,2.986877,0.18735,1.219103,,1.254703,0.033476,0.009972
FOXA,2024-12-31,,0.133911,0.073454,0.14356,-0.085861,0.032449,0.016202,0.027404,0.032041,72.860225,5.351883,2.364233,-62.332256,41.969071,6.025099,-70.173057,0.013725,0.706568,0.352793,5.319616,5.401709,2.498332,2.14316,0.220572,1.454181,,-0.970509,0.014573,0.006696
FOXA,2025-03-31,,0.173873,0.079158,0.151682,0.444063,0.030019,0.014807,0.030309,0.028687,78.545849,6.217539,2.357875,14.001475,46.146988,6.999646,15.762727,0.012731,0.703366,0.346942,3.598793,6.042553,2.452761,2.325203,0.187059,1.344096,,5.823699,0.01693,0.006635
FOXA,2025-06-30,,0.254335,0.218132,0.350167,0.424095,0.05994,0.030912,0.033763,0.05168,37.903576,8.267984,2.271933,19.495598,26.581627,9.308017,21.947958,0.026383,0.62406,0.321837,1.086881,11.655556,2.909562,2.760442,0.141712,1.329693,,2.110181,0.036203,0.011561
FOXA,2025-09-30,,0.258694,0.160246,0.26672,-0.0626,0.049066,0.026311,0.039182,0.044275,45.37039,7.270429,2.226152,-116.140443,30.687515,8.184979,-130.749799,0.022041,0.610419,0.32733,2.241725,8.99,3.238115,3.031288,0.164192,1.330249,,-0.217028,0.027822,0.007491
FOXA,2025-12-31,,0.114242,0.044191,0.104593,-0.152644,0.020955,0.010666,0.025902,0.023196,118.676261,5.244474,2.486902,-34.357603,56.449175,5.904178,-38.67946,0.008426,0.685853,0.349075,8.4631,3.683333,2.78394,2.441225,0.241349,1.456846,,-2.921397,0.023543,0.006175
FOXA,2026-03-31,,0.21357,0.041562,0.10666,0.442414,0.015134,0.007621,0.035992,0.016945,163.716047,6.804423,2.477606,15.380228,71.820312,7.660354,17.314914,0.006108,0.690491,0.347702,7.051643,3.651685,2.895889,2.645409,0.183354,1.354817,,11.457831,0.033801,0.007511
FOXA,2026-06-30,,0.25736,0.164055,0.266857,0.172365,0.059426,0.030736,0.044926,0.051123,39.329759,6.452247,2.337192,37.433697,27.220154,7.263878,42.142497,0.025426,0.650843,0.336625,2.136121,11.01087,3.169479,2.986877,0.18735,1.219103,,1.254703,0.033476,0.009972
FRT,2024-12-31,0.672657,0.345356,0.210429,0.637524,0.177367,0.020664,0.007688,0.014369,0.013567,147.940368,31.131015,3.057002,175.517159,74.470803,47.476918,267.675621,0.006759,1.438158,0.535059,21.909631,2.577508,1.161881,,0.036534,1.359543,,1.824847,0.206634,0.016709
FRT,2025-03-31,0.662398,0.345983,0.206266,0.633985,0.388205,0.019978,0.007396,0.014176,0.01315,152.044409,31.361612,3.037572,80.786301,75.441208,47.828594,123.20461,0.006577,1.441261,0.533567,22.469854,2.567463,1.029603,,0.035857,1.403574,,2.807741,0.190937,0.012554
FRT,2025-06-30,0.684486,0.405245,0.500496,0.943092,0.273222,0.047988,0.01808,0.016662,0.024644,62.18456,31.123121,2.984143,113.911389,50.328975,47.464878,173.722626,0.016081,1.407795,0.530389,14.671809,4.586618,1.274377,,0.036124,1.378811,,0.966501,0.210508,0.011502
FRT,2025-09-30,0.672124,0.34342,0.191306,0.640475,0.233345,0.019178,0.006956,0.014228,0.01318,157.270481,30.08682,3.016143,128.937282,71.641277,45.884449,196.638136,0.006358,1.496061,0.54266,22.345662,2.35448,1.013206,,0.036363,1.343353,,2.397346,0.225283,0.010703
FRT,2025-12-31,0.670988,0.344121,0.386091,0.829993,0.150914,0.039937,0.01421,0.014397,0.020678,74.728449,28.851993,2.984417,191.181289,53.014005,44.001254,291.564485,0.013382,1.547776,0.550718,17.337486,3.710744,1.043425,,0.036805,1.345499,,1.116406,0.28012,0.010996
FRT,2026-03-31,0.666745,0.340895,0.466451,0.907117,0.350776,0.04805,0.01749,0.014532,0.024043,60.94047,28.425748,2.928169,81.036808,47.790103,43.351202,123.586651,0.016409,1.490179,0.542411,15.30087,4.279379,1.029495,,0.037495,1.367465,,1.160246,0.190422,0.012616
FRT,2026-06-30,0.691492,0.351632,0.255289,0.712481,0.249227,0.025472,0.00946,0.014806,0.015911,113.131174,28.881128,2.881701,115.88282,61.820194,44.045687,176.729192,0.008839,1.44205,0.535573,19.485693,2.770777,1.052749,,0.037057,1.280793,,1.793855,0.208724,0.010628
FSLR,2024-12-31,0.374934,0.301691,0.259649,0.384174,0.328565,0.049278,0.032424,0.046847,0.04551,53.571416,13.909742,2.639872,42.334876,33.571321,12.897243,39.253294,0.018667,0.090103,0.059286,,41.998071,2.449663,1.800558,0.124875,1.200612,638.125553,2.062994,0.207089,0.00404
FSLR,2025-03-31,0.407786,0.261961,0.248097,0.416103,-0.963745,0.025593,0.017293,0.024514,0.023251,100.507221,24.935565,2.572239,-25.873619,55.564387,23.12049,-23.990262,0.00995,0.076996,0.052027,,23.788346,1.928608,1.266141,0.069703,0.526013,1528.293482,-2.901577,0.243871,0.00306
FSLR,2025-06-30,0.455581,0.329582,0.311591,0.441831,-0.126286,0.040003,0.026588,0.036878,0.036116,61.602082,19.194638,2.464248,-151.993624,40.281098,17.797448,-140.929913,0.016233,0.12486,0.082989,,39.34571,1.901269,1.296589,0.085329,0.633846,1405.224787,0.437529,0.262616,0.006207
FSLR,2025-09-30,0.382947,0.292249,0.285883,0.385486,0.670637,0.050574,0.033876,0.047279,0.045756,46.189503,13.204816,2.336001,19.689969,31.761524,12.24363,18.256724,0.02165,0.098933,0.066268,,33.600028,1.910048,1.448154,0.118495,1.105969,753.825754,2.793369,0.127941,0.004589
FSLR,2025-12-31,0.395382,0.325602,0.309537,0.417923,0.63595,0.054611,0.039101,0.051576,0.050839,40.430923,12.51486,2.207989,19.678985,27.765602,11.603895,18.246539,0.024734,0.068708,0.049194,,49.78701,2.674605,2.198616,0.126323,1.30041,520.017377,2.384207,0.102049,0.001492
FSLR,2026-03-31,0.465536,0.330674,0.331934,0.487763,-0.31927,0.035088,0.025962,0.032781,0.032483,60.757721,20.167567,2.131866,-63.167656,38.337357,18.699558,-58.569643,0.016459,0.059434,0.043976,,47.531057,2.556579,2.000254,0.078214,0.760025,1083.038684,-0.619891,0.113507,0.006494
FSLR,2026-06-30,0.572816,0.426424,0.400087,0.580183,-0.289929,0.040945,0.031562,0.039998,0.04123,49.837495,19.93933,2.04061,-68.773143,31.865705,18.487934,-63.767103,0.020065,0.018799,0.014491,,83.577207,2.51784,1.842652,0.078887,0.715471,1383.472989,-0.342905,0.152737,0.00667
FTNT,2024-12-31,0.810554,0.345823,0.316969,0.396663,0.228902,0.352256,0.053897,0.198389,0.109305,236.818561,75.064109,83.420757,327.931387,183.911507,72.950863,318.699283,0.004223,0.665618,0.101843,,127.204082,1.470559,1.392863,0.170038,1.134413,466.359617,0.90764,0.058792,0.039636
FTNT,2025-03-31,0.809638,0.294733,0.281483,0.363707,0.517503,0.220796,0.041645,0.124914,0.092302,287.526366,80.933901,63.484603,156.392981,216.260228,78.655405,151.99012,0.003478,0.506852,0.095599,,106.979592,1.362706,1.285989,0.147948,1.311499,450.409134,1.991924,0.04319,0.04293
FTNT,2025-06-30,0.80681,0.280982,0.27,0.343681,0.174294,0.213599,0.041357,0.127545,0.088996,283.149118,76.450262,60.480454,438.626987,216.183019,74.297992,426.27852,0.003532,0.483062,0.093531,,113.456522,1.328484,1.243662,0.153175,1.340791,457.683001,1.026812,0.102945,0.042393
FTNT,2025-09-30,0.807699,0.317294,0.274741,0.370688,0.329005,0.644674,0.050623,0.252016,0.13136,262.954056,72.244146,169.519694,219.584012,189.405267,70.210289,213.402163,0.003803,1.354782,0.106385,,96.935484,1.026619,0.937486,0.184259,1.476419,473.1303,1.38257,0.050844,0.041626
FTNT,2025-12-31,0.795696,0.328399,0.265617,0.364672,0.303097,0.408889,0.048704,0.217749,0.122348,246.272583,65.414135,100.698123,215.819063,174.328095,63.57256,209.743207,0.004061,0.805091,0.095898,,148.909091,1.17207,1.09271,0.183363,1.126419,482.246127,1.225692,0.022467,0.038058
FTNT,2026-03-31,0.80293,0.313581,0.288981,0.378785,0.544172,0.540063,0.05408,0.317681,0.125627,233.141117,67.373447,125.910808,123.809167,172.860016,65.476713,120.323624,0.004289,0.50197,0.050266,,157.333333,1.153369,1.073429,0.18714,1.244516,424.366218,2.015154,0.03817,0.039198
FTNT,2026-06-30,0.802383,0.336589,0.296059,0.373456,0.471507,0.390884,0.055833,0.282829,0.120198,205.531794,60.849615,80.339067,129.053363,158.349539,59.136544,125.420182,0.004865,0.320353,0.045758,,226.0625,1.282495,1.194431,0.188587,1.406911,389.127166,1.72126,0.038088,0.038723
FTV,2024-12-31,0.603098,0.189533,0.128865,0.273159,0.287107,0.020493,0.012271,0.016798,0.020829,79.5543,10.251767,1.630345,35.707089,44.834246,12.246891,42.656142,0.01257,0.363867,0.21787,6.538635,9.299094,1.158104,1.037571,0.095222,2.450174,60.656158,2.405172,0.022835,0.017404
FTV,2025-03-31,0.641929,0.166448,0.173094,0.275602,0.243379,0.016793,0.010031,0.009874,0.011498,96.631401,16.72635,1.622732,68.725436,72.501415,19.98151,82.100278,0.010349,0.377369,0.225413,10.85422,5.178125,0.992075,0.783689,0.057951,1.068654,237.573419,1.40605,0.026886,0.023563
FTV,2025-06-30,0.635085,0.16706,0.163912,0.274498,0.306179,0.016047,0.009132,0.008934,0.011711,99.705509,16.342914,1.599959,53.37705,71.124148,19.523453,63.764901,0.01003,0.463509,0.263766,10.679211,5.28972,0.983394,0.820429,0.055711,1.114229,238.91392,1.867947,0.036108,0.022235
FTV,2025-09-30,0.632071,0.155389,0.053549,0.26161,0.087333,0.008456,0.004627,0.0141,0.016948,302.017052,16.172659,2.553997,185.183254,73.850529,19.320064,221.222266,0.003311,0.508357,0.278151,10.701526,,0.701195,0.57542,0.086407,1.621054,112.156021,2.989091,0.011002,0.049557
FTV,2025-12-31,0.631537,0.200891,0.165434,0.302272,0.392517,0.028776,0.015821,0.023056,0.024023,89.450392,14.798163,2.573982,37.700721,58.484047,17.678073,45.03776,0.011179,0.512381,0.281708,8.342175,,0.714724,0.584839,0.095632,1.642042,94.675386,1.970382,,0.017728
FTV,2026-03-31,0.631663,0.179259,0.127548,0.28876,0.219562,0.022423,0.011775,0.016697,0.020769,121.781069,15.532951,2.73067,70.74505,64.260483,18.555861,84.512935,0.008211,0.573573,0.301197,10.145725,6.177215,0.708003,0.568206,0.092316,1.652859,118.529361,1.721408,,0.019918
FTV,2026-06-30,0.633935,0.191375,0.143417,0.294858,0.260941,0.025955,0.013543,0.019221,0.020323,105.600368,15.144911,2.740807,58.039615,61.359423,18.092302,69.334861,0.00947,0.579035,0.302135,9.694187,,1.241334,0.999767,0.09443,1.667376,112.452274,1.819453,,0.021791
GD,2024-12-31,0.15632,0.106688,0.08607,0.134953,0.135328,0.052033,0.020544,0.03874,0.040992,83.205759,7.161509,4.32943,52.919784,55.845847,7.536552,55.691149,0.012018,0.483887,0.191052,3.925,,1.368155,0.822599,0.23869,4.480349,288.407233,1.881533,0.026616,0.003449
GD,2025-03-31,0.154872,0.103739,0.081322,0.123701,-0.023726,0.044724,0.017568,0.032994,0.034082,96.096792,7.814793,4.297872,-329.380038,66.483151,8.224047,-346.629395,0.010406,0.51775,0.203376,5.53373,14.483146,1.338859,0.815618,0.21603,3.710686,326.586727,-0.148893,0.011617,0.002782
GD,2025-06-30,0.149452,0.100069,0.077755,0.118319,0.107354,0.043003,0.017824,0.033262,0.034278,94.201391,7.324608,4.0509,68.228722,65.147456,7.708191,71.801803,0.010616,0.450339,0.186665,4.659106,15.0,1.363839,0.825779,0.22924,3.609466,325.249845,1.575937,0.015183,0.004217
GD,2025-09-30,0.152475,0.103122,0.082049,0.121794,0.146975,0.043341,0.018386,0.034151,0.034394,90.198499,7.400652,3.909315,50.3533,63.945626,7.788218,52.990261,0.011087,0.404191,0.171461,3.494911,18.189189,1.40013,0.868663,0.224084,3.90766,305.419272,1.991501,0.016425,0.004416
GD,2025-12-31,0.148898,0.100981,0.079491,0.125322,0.066208,0.04461,0.019965,0.03527,0.038316,83.569738,6.643036,3.728054,100.336356,55.783865,6.990926,105.590887,0.011966,0.382054,0.17099,3.152053,10.264901,1.443677,0.894022,0.251166,5.976309,256.548417,1.365704,0.042353,0.003477
GD,2026-03-31,0.158964,0.105333,0.083451,0.123878,0.144796,0.043138,0.019058,0.034227,0.035768,84.906854,7.085543,3.662725,48.934534,60.193129,7.456607,51.497195,0.011778,0.377008,0.166562,2.610778,20.84058,1.384064,0.896574,0.228379,5.980923,264.935469,1.915556,0.015058,0.002967
GD,2026-06-30,0.154889,0.10359,0.082305,0.119696,0.116787,0.043242,0.019281,0.03505,0.035171,82.345009,6.777367,3.560733,58.03172,59.586559,7.132292,61.070793,0.012144,0.353351,0.157555,1.886781,29.714286,1.440874,0.956088,0.234264,5.877398,252.799568,1.62069,0.016603,0.004754
GDDY,2024-12-31,0.646319,0.222455,0.166527,0.2487,0.273436,0.286953,0.024115,0.051888,0.047751,62.150479,10.349728,17.834251,37.850613,50.512425,12.562456,45.942917,0.01609,5.627366,0.472922,9.123399,6.939633,0.723318,,0.144814,13.091109,,1.714502,0.012074,0.064984
GDDY,2025-03-31,0.631165,0.208825,0.18379,0.241145,0.335845,1.099149,0.028002,0.062345,0.050971,56.232734,10.334995,61.808137,30.773087,52.020782,12.544574,37.352245,0.017783,19.457687,0.495701,10.667014,6.913978,0.556288,,0.152358,11.494706,,1.843736,0.003014,0.06732
GDDY,2025-06-30,0.636744,0.218955,0.164175,0.252957,0.30864,0.494313,0.02416,0.053164,0.052773,61.746298,10.137225,30.521971,32.844825,48.642809,12.304521,39.866911,0.016195,9.598665,0.46915,8.770779,7.24282,0.637436,,0.147162,10.699473,,1.90045,0.003367,0.066524
GDDY,2025-09-30,0.62989,0.238837,0.166364,0.263732,0.343713,2.293028,0.026363,0.061465,0.061784,58.636984,9.755066,134.456264,28.381433,44.89657,11.840659,34.449265,0.017054,42.172113,0.484852,8.57267,7.971279,0.569283,,0.158466,11.629596,,2.110214,0.00735,0.06291
GDDY,2025-12-31,0.64644,0.251354,0.192401,0.280948,0.285501,1.13947,0.030504,0.066835,0.065702,50.359384,9.68921,57.383008,33.937545,41.860814,11.760723,41.193251,0.019857,17.957229,0.480728,7.54233,8.900538,0.614555,,0.158546,15.329723,,1.512036,0.005416,0.060287
GDDY,2026-03-31,0.637619,0.246823,0.16939,0.27145,0.368537,0.90434,0.026317,0.059291,0.062732,57.516706,9.742746,52.014686,26.43625,43.564947,11.825705,32.08821,0.017386,16.216182,0.471905,7.315789,8.457672,0.67143,,0.155364,14.852286,,2.197111,0.003631,0.059436
GDDY,2026-06-30,0.638059,0.27057,0.184977,0.283282,0.33698,35.835821,0.030025,0.070351,0.072687,51.408101,9.509311,1842.251501,28.219216,40.745133,11.542362,34.252367,0.019452,573.343284,0.480379,7.122382,9.475936,0.632125,,0.162319,13.972013,,1.842982,0.003929,0.054083
GE,2024-12-31,0.374526,0.240958,0.175654,0.260383,0.095273,0.09818,0.015421,0.05584,0.028361,171.708668,30.161388,16.858379,316.577438,119.569012,31.133731,326.78327,0.005824,0.996433,0.156513,2.008526,11.236607,1.094295,0.810421,0.087794,1.463913,529.90993,0.682991,0.024697,
GE,2025-03-31,0.325951,0.201631,0.199114,0.27723,0.130964,0.102748,0.015936,0.045091,0.027528,164.850739,32.824115,16.938069,250.633944,122.217418,33.8823,258.713888,0.006066,1.016623,0.157674,2.602033,11.690476,1.075441,0.77482,0.080034,1.325771,477.489722,0.762892,0.020938,
GE,2025-06-30,0.315551,0.190437,0.183996,0.2593,0.174106,0.105984,0.016191,0.046239,0.028686,160.786371,29.583992,17.040751,169.919104,117.770038,30.537722,175.396961,0.006219,0.987039,0.150787,2.808258,16.120253,1.036609,0.726814,0.087996,1.327152,467.685342,1.107495,0.029668,
GE,2025-09-30,0.321731,0.189558,0.177079,0.249815,0.180117,0.114661,0.01682,0.050269,0.030096,151.170497,26.769129,17.333338,148.621131,110.610177,27.632113,153.412383,0.006615,1.107697,0.162488,2.739731,12.177778,1.077256,0.763635,0.094984,1.43188,443.462104,1.159481,0.025203,
GE,2025-12-31,0.299127,0.178423,0.199811,0.267988,0.145475,0.13605,0.019521,0.05,0.034007,128.325368,25.640856,17.458626,176.256628,98.763723,26.467466,181.938794,0.007793,1.097339,0.157449,2.377641,12.404,1.041405,0.736949,0.097696,1.371993,517.232414,0.897678,0.033892,
GE,2026-03-31,0.310362,0.187379,0.153648,0.234425,0.1204,0.105444,0.014823,0.053628,0.029327,171.257753,26.313328,18.058081,218.548768,115.864636,27.161618,225.594349,0.005839,1.122944,0.157865,3.2,6.564557,1.008294,0.699335,0.096477,1.252476,559.983422,0.957458,0.026711,
GE,2026-06-30,0.310983,0.191789,0.177555,0.249401,0.214264,0.134354,0.018563,0.059462,0.03457,137.584287,24.428735,18.484964,114.012154,101.10747,25.21627,117.687681,0.007268,1.085998,0.150049,2.947432,14.027907,0.981894,0.674186,0.104549,1.363571,515.365086,1.348101,0.025097,
GEHC,2024-12-31,0.427712,0.150592,0.135552,0.203986,0.152472,0.085366,0.02179,0.040743,0.040151,40.175642,5.44588,3.429628,35.717186,34.720407,7.082467,46.450852,0.024891,1.110111,0.283357,5.600922,8.513514,1.036428,0.833455,0.160748,1.572738,100.660153,1.266297,0.019177,0.006204
GEHC,2025-03-31,0.421185,0.131463,0.118066,0.196567,0.020515,0.061391,0.016793,0.029735,0.034001,51.359286,6.063772,3.153003,295.577934,40.118894,7.886046,384.404501,0.019471,0.999673,0.273447,6.71459,7.234234,0.976527,0.760056,0.142232,1.413732,126.966723,0.443262,0.031819,0.004605
GEHC,2025-06-30,0.396125,0.130244,0.097083,0.17459,0.001598,0.050041,0.01369,0.026608,0.028192,59.602135,5.786384,2.982562,3620.829696,43.102564,7.525298,4708.955136,0.016778,1.103377,0.301859,7.480549,6.424779,1.160033,0.925831,0.141014,1.50015,159.756267,0.193416,0.017179,0.006792
GEHC,2025-09-30,0.386858,0.126944,0.086703,0.17535,0.093896,0.044631,0.012345,0.023241,0.02894,64.947618,5.63115,2.898693,59.972335,41.764569,7.323414,77.995116,0.015397,1.075153,0.297395,6.95898,6.792793,1.180681,0.951951,0.142387,1.480714,167.461821,1.329596,0.021384,0.007387
GEHC,2025-12-31,0.396806,0.145139,0.10337,0.188136,0.160758,0.056749,0.015959,0.029752,0.033308,49.179351,5.08365,2.790889,31.622967,35.141456,6.61138,41.126246,0.020334,1.008093,0.283504,5.140858,8.819048,1.372982,1.127622,0.154392,1.532132,130.333659,1.782683,0.023517,0.006318
GEHC,2026-03-31,0.385305,0.10037,0.075814,0.147145,0.021828,0.036464,0.010478,0.020149,0.021052,74.464364,5.645418,2.715283,258.630693,49.896213,7.341969,336.353938,0.013429,0.99147,0.284902,10.427815,6.206186,1.222418,0.946535,0.138209,1.480808,124.164592,0.745501,0.034691,0.006821
GEHC,2026-06-30,0.411598,0.139403,0.10578,0.18266,0.012845,0.051025,0.015035,0.029014,0.027881,51.726139,5.471598,2.639329,425.979964,38.95723,7.115913,553.994722,0.019333,0.960456,0.28301,8.287487,7.078947,1.264394,0.96531,0.142136,1.497595,156.077157,0.3,0.018889,0.0085
GEN,2024-12-31,0.80426,0.381339,0.161258,0.459432,0.322515,0.073919,0.01035,0.027046,0.030089,109.213889,17.61157,8.072993,54.606945,55.205318,25.363093,78.641538,0.009156,3.966062,0.555295,16.761589,2.475177,0.350691,,0.06418,6.486842,,2.050314,0.008114,0.033469
GEN,2025-03-31,0.80297,0.418812,0.140594,0.520792,0.465347,0.062583,0.009164,0.019879,0.033376,122.288791,17.193078,7.653155,36.946826,47.543744,24.760405,53.20853,0.008177,3.66461,0.536625,13.788973,3.125926,0.506489,,0.065182,5.906433,,3.330986,0.00297,0.035644
GEN,2025-06-30,0.787589,0.362768,0.107399,0.460621,0.322196,0.057082,0.008252,0.018276,0.033773,128.629692,13.814645,7.342498,42.876564,43.191726,19.894995,61.748171,0.007774,3.747569,0.541748,13.891192,2.923077,0.49965,,0.076834,5.985714,,3.02963,0.003182,0.052506
GEN,2025-09-30,0.781967,0.362295,0.109836,0.413115,0.087705,0.054538,0.008348,0.022782,0.028076,129.589615,14.233613,7.067565,162.289798,49.619066,20.498368,233.719712,0.007717,3.541311,0.542085,15.892857,2.59589,0.505094,,0.076008,6.321244,,0.865672,0.007377,0.045902
GEN,2025-12-31,0.783871,0.358065,0.154839,0.46129,0.431452,0.082333,0.012128,0.02569,0.033934,90.442752,14.004039,7.446402,32.45796,43.720296,20.167749,46.743942,0.011057,3.60506,0.531047,13.620629,3.255474,0.466146,,0.078327,5.438596,,2.817708,0.004839,0.042742
GEN,2026-03-31,0.784879,0.633671,0.399065,0.715511,0.371005,0.196093,0.032844,0.057574,0.062039,33.916032,13.534691,6.650712,36.48111,27.24184,19.491823,52.537834,0.029485,3.163539,0.529861,8.490196,6.146154,0.398893,,0.082302,5.939815,,0.935547,0.002338,0.048324
GEN,2026-06-30,0.77021,0.355539,0.160928,0.426647,0.321856,0.080949,0.013743,0.029243,0.034592,80.767481,12.997761,6.53803,40.38374,43.8737,18.71857,58.158161,0.012381,3.078313,0.522628,13.373684,3.604839,0.465834,,0.0854,5.685106,,2.018605,0.002994,0.040419
GEV,2024-12-31,0.20108,0.056071,0.045842,0.08155,0.054082,0.050702,0.009401,0.026099,0.029899,517.441045,23.72054,26.235226,438.601516,281.764763,22.977786,424.867707,0.001933,0.10926,0.020258,,,1.077892,0.83115,0.205069,1.672687,341.623756,1.902893,0.03315,
GEV,2025-03-31,0.183018,0.005354,0.031624,0.030876,0.121389,0.029511,0.004926,0.003973,0.002277,985.990023,31.180461,29.097417,256.863042,978.223633,30.204116,248.81996,0.001014,,,,,1.038529,0.778254,0.155783,1.489338,428.632166,4.570866,0.023157,
GEV,2025-06-30,0.202612,0.041598,0.056415,0.064098,0.021293,0.057902,0.009684,0.032567,0.01962,487.240206,27.487813,28.212399,1290.935391,415.410036,26.627095,1250.512685,0.002052,,,,,1.02808,0.760374,0.171653,1.69318,380.712514,0.714008,0.018988,
GEV,2025-09-30,0.19039,0.036814,0.045341,0.05818,0.073528,0.052279,0.008309,0.025776,0.019189,554.07404,25.122025,28.966165,341.666393,418.274933,24.335386,330.967887,0.001805,,,,,1.028521,0.767096,0.18326,1.760996,358.04465,2.168142,0.024777,
GEV,2025-12-31,0.211939,0.054947,0.334429,0.07594,0.165024,0.327787,0.058144,0.052321,0.027309,68.351928,22.858841,22.404855,138.51851,291.58589,22.143069,134.181118,0.01463,0.104849,0.018598,,,0.981548,0.746168,0.173861,1.39283,427.900165,0.676583,0.061245,
GEV,2026-03-31,0.190726,0.019169,0.508139,0.055794,0.513065,0.340827,0.062755,0.009958,0.006505,52.780077,26.819604,17.9889,52.273318,465.641959,25.979809,50.636498,0.018947,0.201552,0.037111,,,0.893438,0.662827,0.123499,1.269267,517.376914,1.093361,0.042514,
GEV,2026-06-30,0.212626,0.058988,0.060159,0.096542,0.459834,0.055867,0.008267,0.031155,0.026231,374.912374,22.554167,20.945176,49.048466,226.305467,21.847934,47.512625,0.002667,0.233671,0.034579,,,0.849597,0.635339,0.137426,1.262392,511.648801,8.221557,0.034762,
GILD,2024-12-31,0.791122,0.322368,0.235566,0.410754,0.373629,0.09224,0.030223,0.043581,0.051414,104.391295,24.591053,9.629057,65.816718,66.712665,27.40252,73.34147,0.009579,1.381842,0.452767,5.377935,9.702811,1.597218,1.454765,0.128299,1.712443,415.615682,1.668536,0.019421,0.02933
GILD,2025-03-31,0.769012,0.373481,0.19724,0.39073,0.247938,0.068625,0.023302,0.045012,0.043297,141.543482,27.918056,9.713479,112.601136,79.619837,31.109896,125.474698,0.007065,1.302161,0.442145,6.535893,7.342308,1.369278,1.226768,0.118138,1.519371,482.458261,1.336122,0.015599,0.031348
GILD,2025-06-30,0.788024,0.384691,0.276797,0.476486,0.101681,0.099619,0.035175,0.049285,0.060249,94.964122,26.28579,9.460212,258.513442,61.472933,29.291015,288.068995,0.01053,1.267903,0.447695,5.868998,10.562992,1.315399,1.152292,0.12708,1.481071,548.705124,0.421939,0.015111,0.031775
GILD,2025-09-30,0.798044,0.450122,0.392843,0.589909,0.509847,0.14169,0.052142,0.063064,0.084285,60.986133,23.957997,8.641118,46.990578,45.256312,26.697088,52.362958,0.016397,1.157892,0.426102,3.842679,15.222656,1.453525,1.308368,0.132729,1.524828,466.652927,1.346003,0.018921,0.029605
GILD,2025-12-31,0.795053,0.377082,0.275492,0.381121,0.393993,0.096159,0.036986,0.062723,0.049417,85.263252,23.489359,8.198823,59.618731,68.678701,26.174871,66.434874,0.011728,1.098405,0.422479,5.752318,9.14902,1.552696,1.402523,0.134253,1.612864,464.31969,1.524049,0.025871,0.029026
GILD,2026-03-31,0.792385,0.386782,0.290374,0.504167,0.348707,0.085945,0.035911,0.046154,0.060253,92.097812,26.74277,7.915359,76.691256,59.107916,29.800241,85.459282,0.010858,0.942973,0.394008,4.145341,11.75,1.967388,1.765383,0.123672,1.468045,569.173281,1.258783,0.01681,0.031322
GILD,2026-06-30,0.797642,0.325388,-1.345124,-1.193003,0.439959,-0.887386,-0.212633,0.066686,-0.260993,-17.733392,23.853605,15.736361,54.217792,-22.280554,26.580761,60.416451,-0.056391,2.218972,0.531705,-2.477925,-40.51417,1.265426,1.088203,0.158077,1.54362,532.109443,-0.340415,0.017942,0.029604
GIS,2025-02-28,0.338503,0.16412,0.129197,0.214696,0.08839,0.067536,0.019128,0.027172,0.03646,31.038589,4.010107,2.096224,45.368554,31.630521,6.79094,76.829648,0.032218,1.531577,0.43378,13.145441,6.641966,0.667327,0.437317,0.148051,2.703629,-79.306014,0.850224,0.021457,0.004234
GIS,2025-05-31,0.323515,0.127233,0.064527,0.178197,0.085905,0.031959,0.00889,0.019664,0.026823,66.046739,4.261828,2.110808,49.61099,40.501403,7.217218,84.014025,0.015141,1.662829,0.46254,17.877448,,0.671439,0.428251,0.13777,2.537001,-104.661395,2.080272,0.04833,0.005399
GIS,2025-08-31,0.339303,0.15223,0.266563,0.182933,0.063641,0.12667,0.036474,0.02141,0.027447,16.125014,4.298338,2.042554,67.53997,39.790766,7.279046,114.375963,0.062015,1.515473,0.436369,16.280373,,0.658299,0.40056,0.136829,2.503741,-60.705403,0.329679,0.024239,0.003343
GIS,2025-11-30,0.348194,0.174889,0.084965,0.18139,0.13901,0.04433,0.012689,0.028289,0.029944,47.016323,3.994762,2.084254,28.737223,37.2951,6.764954,48.66522,0.021269,1.47426,0.421973,14.802541,5.907069,0.657483,0.3915,0.149338,2.568319,-74.766237,1.983777,0.029542,0.004979
GIS,2026-02-28,0.308089,0.124868,0.068317,0.153109,0.066604,0.03244,0.009354,0.017996,0.022763,64.063812,4.376618,2.078253,65.711477,48.407315,7.41161,111.27949,0.015609,1.494943,0.431061,19.405565,4.204829,0.562859,0.360713,0.136922,2.389047,-70.59735,1.312768,0.02308,0.005928
GIS,2026-05-31,0.347861,0.155198,-0.435591,-0.414418,0.079747,-0.272501,-0.066893,0.030533,-0.088174,-9.670672,4.212457,2.635272,52.823018,-17.213573,7.13361,89.453453,-0.103405,1.891917,0.464421,-6.849291,-11.229589,0.681758,0.398636,0.153568,2.799126,-89.566208,-0.274914,0.040003,0.002994
GL,2024-12-31,,,0.174044,,0.219555,0.0481,0.008777,,,52.22351,9.089163,2.511956,41.398044,,11.115975,50.629484,0.019148,0.516378,0.094223,,9.752115,,,0.050429,,,1.320268,0.010229,
GL,2025-03-31,,,0.171953,,0.283798,0.04692,0.00857,,,52.35337,9.002319,2.456444,31.720853,,11.009766,38.794355,0.019101,0.516428,0.094321,,10.03295,,,0.049837,,,1.696582,0.007934,
GL,2025-06-30,,,0.170628,,0.199141,0.046641,0.008479,,,52.729115,8.997062,2.459339,45.179351,,11.003336,55.253993,0.018965,0.514886,0.093601,,9.980909,,,0.049692,,,1.218307,0.008736,
GL,2025-09-30,,,0.256342,,0.137929,0.068173,0.012705,,,34.362438,8.80855,2.342595,63.862908,,10.772788,78.103837,0.029102,0.477117,0.088915,,14.203686,,,0.049561,,,0.78892,0.064305,
GL,2025-12-31,,,0.175098,,0.217223,0.044536,0.008635,,,50.086744,8.770102,2.230656,40.373803,,10.725766,49.376845,0.019965,0.439437,0.085204,,9.772211,,,0.049316,,,1.317638,0.013493,
GL,2026-03-31,,,0.173456,,0.253925,0.044461,0.008736,,,49.264141,8.545184,2.190323,33.652329,,10.450693,41.156535,0.020299,0.456659,0.089731,,11.537118,,,0.050366,,,1.555998,0.015972,
GL,2026-06-30,,,0.179872,,0.186011,0.046744,0.009117,,,46.315795,8.330925,2.164982,44.787328,,10.188656,54.774552,0.021591,0.478125,0.093251,,10.8443,,,0.050684,,,1.091452,0.010311,
GLW,2024-12-31,0.341902,0.112254,0.088546,0.243073,0.105398,0.02901,0.011177,0.017085,0.022616,417.162062,36.938086,12.101838,350.461353,160.707672,39.063761,370.629346,0.002397,0.757159,0.291725,6.396005,6.531646,1.62472,1.070949,0.12623,1.705309,412.379432,2.009677,0.072551,0.02028
GLW,2025-03-31,0.35168,0.128911,0.045481,0.185689,-0.016512,0.014651,0.005731,0.019107,0.014079,823.69579,37.46241,12.067958,-2268.776125,213.357611,39.618259,-2399.337346,0.001214,0.760825,0.29762,9.170047,3.926829,1.690029,1.049746,0.126013,1.68802,405.253404,0.961783,0.060255,0.015643
GLW,2025-06-30,0.360435,0.148369,0.12144,0.260746,0.103573,0.042191,0.016316,0.026353,0.028664,275.736117,33.485303,11.633703,323.300598,135.811548,35.412281,341.905572,0.003627,0.764574,0.295669,5.967229,8.036145,1.496986,0.933699,0.134354,1.680592,387.567987,1.509595,0.079751,0.016313
GLW,2025-09-30,0.370732,0.143659,0.104878,0.235366,0.109756,0.037275,0.014374,0.025478,0.025802,300.744742,31.541522,11.210146,287.378309,141.722517,33.356641,303.916064,0.003325,0.796203,0.307026,6.809326,8.051282,1.555854,0.999283,0.13705,1.634117,375.445528,1.823256,0.081463,0.024146
GLW,2025-12-31,0.354686,0.159431,0.128114,0.266192,0.147094,0.045736,0.017433,0.028744,0.030417,239.481924,30.680958,10.952845,208.581031,121.891469,32.446555,220.58424,0.004176,0.79419,0.302718,6.156863,8.290323,1.587775,1.041045,0.136073,1.516733,387.990785,1.948148,0.102491,0.016607
GLW,2026-03-31,0.368726,0.154199,0.089527,0.236004,0.007239,0.031409,0.011871,0.023711,0.02451,348.572073,31.206621,10.948209,4310.674637,139.83868,33.002468,4558.740958,0.002869,0.840163,0.317538,7.380368,6.75,1.61021,1.05595,0.132595,1.54858,379.132529,0.975741,0.080116,0.027751
GLW,2026-06-30,0.361376,0.154939,0.124084,0.25172,0.287458,0.044506,0.016962,0.031213,0.027585,231.342109,28.705935,10.296197,99.861188,120.601613,30.357875,105.607899,0.004323,0.746736,0.284592,5.220459,7.904255,1.813154,1.244145,0.136697,1.536494,372.668532,3.071556,0.093674,0.029967
GM,2024-12-31,0.101694,0.031906,-0.062073,0.018678,-0.065595,-0.046946,-0.010584,0.007894,-0.012763,-25.10838,1.558549,1.178747,-23.760279,199.574092,3.727737,-56.829823,-0.039827,2.072124,0.467159,123.299663,-10.893023,1.127565,0.976274,0.17051,0.805927,358.209904,-1.398176,0.152384,
GM,2025-03-31,0.121263,0.07617,0.063244,0.151249,0.00075,0.043249,0.009869,0.013591,0.019461,26.704711,1.688912,1.154942,2252.906496,26.707798,4.039539,5388.500496,0.037447,2.061114,0.470316,16.83809,24.5,1.212227,1.044145,0.156042,0.740417,382.612577,2.177083,0.136938,
GM,2025-06-30,0.090531,0.045138,0.040215,0.181401,0.009019,0.028555,0.006548,0.008393,0.013156,39.232672,1.577733,1.120292,174.931563,20.802587,3.77362,418.401215,0.025489,2.045281,0.469034,13.260412,12.994949,1.218234,1.053501,0.162836,0.77003,375.015507,6.843799,0.266203,
GM,2025-09-30,0.064065,0.022144,0.02731,0.118129,0.019654,0.019993,0.004605,0.004926,0.008354,56.025557,1.530035,1.120106,77.849125,30.979184,3.659536,186.199494,0.017849,1.996309,0.459812,19.092857,7.789474,1.228748,1.064559,0.16862,0.788226,366.762693,5.352675,0.126525,
GM,2025-12-31,-0.024754,-0.080533,-0.073091,0.009252,0.008634,-0.054157,-0.011767,-0.014624,-0.021719,-22.461001,1.641698,1.216412,190.143003,424.39264,3.926611,454.783929,-0.044522,2.148464,0.466831,260.935561,-24.443114,1.165253,1.010263,0.160997,0.776509,395.710753,-2.05287,0.141412,
GM,2026-03-31,0.114501,0.067073,0.060219,0.149803,-0.042087,0.041925,0.00935,0.012419,0.018818,28.300691,1.704243,1.186516,-40.493417,27.210485,4.076208,-96.852133,0.035335,2.038909,0.45469,16.519663,22.183544,1.152038,0.987447,0.15526,0.725471,386.692827,1.122954,0.10971,
GM,2026-06-30,0.076125,0.030379,0.027173,0.100404,0.0228,0.021048,0.004616,0.006642,0.009247,56.970049,1.548035,1.199128,67.895812,36.876922,3.702589,162.393166,0.017553,2.059629,0.451638,22.306719,11.384106,1.136047,0.971332,0.169858,0.779137,362.430344,4.868966,0.109503,
GNRC,2024-12-31,0.406071,0.160361,0.104351,0.16903,0.231713,0.051659,0.025219,0.042711,0.040451,95.086831,9.922428,4.912132,42.821975,64.103919,10.835516,46.762568,0.010517,0.591649,0.288832,4.726882,8.294014,1.966961,0.968418,0.241676,2.017296,466.090402,2.634428,0.043192,0.008891
GNRC,2025-03-31,0.394839,0.088776,0.046533,0.129246,0.028887,0.017755,0.008663,0.016982,0.018659,279.475901,13.004936,4.961973,450.20112,109.881377,14.201685,491.629831,0.003578,0.597322,0.29146,8.78902,4.419871,1.973564,0.886729,0.186173,1.596491,648.202177,1.32646,0.032838,0.012321
GNRC,2025-06-30,0.392726,0.105345,0.069749,0.147399,0.013639,0.028794,0.013735,0.023719,0.025329,165.534796,11.545968,4.766432,846.557278,85.539787,12.608459,924.459743,0.006041,0.617386,0.2945,7.096954,5.925556,2.002791,0.884307,0.196921,1.635749,595.754683,0.975316,0.054389,0.013902
GNRC,2025-09-30,0.383112,0.092501,0.059372,0.131027,0.086595,0.025025,0.011818,0.022056,0.021744,185.188003,10.994921,4.634414,126.969994,91.635545,12.006703,138.654112,0.0054,0.602974,0.284759,7.042209,5.243432,2.182737,1.022775,0.199059,1.638557,599.193398,1.789241,0.019636,0.011443
GNRC,2025-12-31,0.362875,-0.008534,-0.022412,0.037015,0.119049,-0.009293,-0.004389,-0.002081,-0.002469,-500.847136,11.225083,4.654354,94.289215,331.164444,12.258046,102.965961,-0.001997,0.569158,0.26881,22.294391,-0.63729,2.026154,0.998572,0.195832,1.810907,627.891607,-7.736541,0.054343,0.009928
GNRC,2026-03-31,0.387247,0.110718,0.069148,0.158688,0.084851,0.027387,0.013097,0.022676,0.02557,167.258999,11.56563,4.580798,136.305441,79.589468,12.62993,148.848632,0.005979,0.556038,0.265897,5.759025,7.292859,2.027657,0.991218,0.1894,1.690699,659.519055,1.628397,0.02775,0.012689
GNRC,2026-06-30,0.444658,0.179319,0.122065,0.225736,0.053618,0.049779,0.024816,0.038536,0.045065,85.533939,10.440664,4.257758,194.723916,50.507944,11.401442,212.642931,0.011691,0.526025,0.262242,3.676976,12.300768,2.04475,1.003735,0.203305,1.753591,590.553692,0.846186,0.049671,0.011934
GOOG,2024-12-31,0.579005,0.321057,0.275073,0.37837,0.257461,0.081628,0.058935,0.07587,0.089429,158.731985,43.662855,12.956996,169.590207,112.557858,42.588545,165.417497,0.0063,0.069441,0.050136,,609.358491,1.836931,,0.214254,1.843122,,1.47396,0.147985,0.060227
GOOG,2025-03-31,0.597037,0.339185,0.382783,0.513221,0.210043,0.100039,0.072659,0.070829,0.108994,121.948812,46.679876,12.199579,222.239855,88.716787,45.531334,216.771719,0.0082,0.068249,0.049569,,1230.088235,1.768084,,0.189817,1.769294,,1.046613,0.190582,0.06113
GOOG,2025-06-30,0.595149,0.324294,0.292405,0.406438,0.054974,0.077693,0.056161,0.067225,0.082446,149.386862,43.68142,11.6063,794.588185,104.829414,42.606654,775.037613,0.006694,0.097981,0.070827,0.0656,131.011494,1.903745,,0.192067,1.751708,,0.984076,0.232775,0.062202
GOOG,2025-09-30,0.595793,0.305122,0.341772,0.486008,0.239003,0.090416,0.065202,0.060794,0.101003,120.418307,41.155609,10.887752,172.197047,82.597342,40.142989,167.960197,0.008304,0.087144,0.062842,,308.601399,1.747333,,0.190777,1.790894,,1.384088,0.234039,0.06222
GOOG,2025-12-31,0.597932,0.315684,0.302691,0.399327,0.215683,0.082971,0.05788,0.068537,0.080025,122.249658,37.003856,10.14319,171.5658,90.385533,36.093389,167.344482,0.00818,0.142779,0.099602,0.348455,132.265101,2.005334,,0.191219,1.810085,,1.520882,0.244674,0.062119
GOOG,2026-03-31,0.624454,0.361214,0.569429,0.768245,0.092051,0.130712,0.088899,0.057689,0.131501,67.309789,38.328165,8.798219,416.381175,48.663039,37.385113,406.136258,0.014857,0.189002,0.128543,0.467125,146.238274,1.922447,,0.15612,1.744409,,0.731727,0.324616,0.061431
GOOG,2026-06-30,0.61649,0.340329,0.936534,1.228213,-0.048875,0.17517,0.121687,0.045746,0.175947,37.543447,35.160706,6.576493,-719.404264,27.923162,34.295589,-701.703567,0.026636,0.176049,0.122297,0.287178,109.570423,2.723981,2.644757,0.129933,1.731782,129.198107,0.34823,0.375004,0.066421
GOOGL,2024-12-31,0.579005,0.321057,0.275073,0.37837,0.257461,0.081628,0.058935,0.07587,0.089429,161.09631,44.313216,13.149991,172.116265,114.276707,43.238907,167.943556,0.006207,0.069441,0.050136,,609.358491,1.836931,,0.214254,1.843122,,1.47396,0.147985,0.060227
GOOGL,2025-03-31,0.597037,0.339185,0.382783,0.513221,0.210043,0.100039,0.072659,0.070829,0.108994,123.765248,47.375176,12.381292,225.550133,90.071563,46.226634,220.081997,0.00808,0.068249,0.049569,,1230.088235,1.768084,,0.189817,1.769294,,1.046613,0.190582,0.06113
GOOGL,2025-06-30,0.595149,0.324294,0.292405,0.406438,0.054974,0.077693,0.056161,0.067225,0.082446,151.61199,44.332058,11.779177,806.423633,106.430243,43.257291,786.873061,0.006596,0.097981,0.070827,0.0656,131.011494,1.903745,,0.192067,1.751708,,0.984076,0.232775,0.062202
GOOGL,2025-09-30,0.595793,0.305122,0.341772,0.486008,0.239003,0.090416,0.065202,0.060794,0.101003,122.211946,41.768625,11.049926,174.761934,83.85867,40.756005,170.525085,0.008183,0.087144,0.062842,,308.601399,1.747333,,0.190777,1.790894,,1.384088,0.234039,0.06222
GOOGL,2025-12-31,0.597932,0.315684,0.302691,0.399327,0.215683,0.082971,0.05788,0.068537,0.080025,124.070575,37.555031,10.294274,174.121285,91.765792,36.644564,169.899967,0.00806,0.142779,0.099602,0.348455,132.265101,2.005334,,0.191219,1.810085,,1.520882,0.244674,0.062119
GOOGL,2026-03-31,0.624454,0.361214,0.569429,0.768245,0.092051,0.130712,0.088899,0.057689,0.131501,68.312373,38.899065,8.929269,422.583202,49.406163,37.956014,412.338285,0.014639,0.189002,0.128543,0.467125,146.238274,1.922447,,0.15612,1.744409,,0.731727,0.324616,0.061431
GOOGL,2026-06-30,0.61649,0.340329,0.936534,1.228213,-0.048875,0.17517,0.121687,0.045746,0.175947,38.102659,35.684427,6.67445,-730.119842,28.349571,34.81931,-712.419145,0.026245,0.176049,0.122297,0.287178,109.570423,2.723981,2.644757,0.129933,1.731782,129.198107,0.34823,0.375004,0.066421
GPC,2024-09-30,,,,,,,,,,,,3.759647,,,,,,,,,,,,,,,,,
GPC,2024-12-31,0.358779,0.043149,0.023059,0.053468,-0.004631,0.030676,0.0069,0.023009,0.018256,132.704108,3.06006,4.070883,-660.744593,77.04021,4.119205,-889.44066,0.007536,1.324002,0.297818,12.33094,6.68042,1.155677,0.508852,0.299241,2.643405,97.706353,1.165118,0.031498,0.000591
GPC,2025-03-31,0.370552,0.058423,0.033138,0.06892,-0.027389,0.043684,0.009809,0.029287,0.026423,90.832327,3.010036,3.967942,-109.898596,58.791067,4.051866,-147.936557,0.011009,1.37132,0.307928,10.312814,7.761527,1.149596,0.515626,0.296009,2.339674,118.60432,-0.210024,0.020429,0.001462
GPC,2025-06-30,0.377065,0.068547,0.041347,0.0814,0.013133,0.054196,0.012475,0.033451,0.033765,69.276043,2.864351,3.754498,218.096316,47.367848,3.855757,293.583532,0.014435,1.365486,0.314313,8.666655,9.419512,1.136826,0.510108,0.301718,2.370261,132.804872,0.82369,0.020924,0.002532
GPC,2025-09-30,0.374012,0.064076,0.036128,0.073401,0.03833,0.047251,0.010929,0.032585,0.029353,78.069592,2.820515,3.688832,73.585568,51.725801,3.796748,99.05491,0.012809,1.336732,0.30918,9.416794,8.230504,1.136826,0.510829,0.302502,2.371502,132.821469,1.510247,0.016233,0.002077
GPC,2025-12-31,0.349655,0.008024,-0.101424,-0.101821,0.043378,-0.137802,-0.029309,0.003842,-0.07122,-28.96987,2.938236,3.992113,67.735205,-38.844628,3.955214,91.179627,-0.034519,1.477559,0.314261,-7.057793,-17.141089,1.079388,0.459019,0.288976,2.534614,145.884672,-0.623584,0.019868,0.001941
GPC,2026-03-31,0.373342,0.054909,0.030094,0.067099,-0.005369,0.042127,0.008988,0.027905,0.026256,93.654111,2.818395,3.945348,-524.945825,56.541372,3.793895,-706.639397,0.010678,1.500154,0.320063,10.694953,6.583077,1.093202,0.477804,0.298664,2.472498,142.916491,0.339014,0.015571,0.001942
GPC,2026-06-30,0.37796,0.062336,0.034811,0.072564,0.044724,0.050278,0.010806,0.033201,0.029507,77.593746,2.701118,3.901244,60.395191,50.107986,3.636026,81.299097,0.012888,1.4699,0.315922,9.318101,7.415502,1.158945,0.500389,0.310422,2.464218,148.844063,1.758664,0.016497,0.002682
GPN,2024-12-31,0.621411,0.222635,0.225481,0.529701,0.186621,0.025456,0.012096,0.011588,0.02155,39.685316,8.948304,1.010222,47.949162,31.157436,16.504119,88.436719,0.025198,0.747778,0.355319,10.691005,5.585957,0.964578,,0.053644,3.193383,,1.152077,0.073151,0.01188
GPN,2025-03-31,0.727973,0.202144,0.167956,0.473602,0.234875,0.013742,0.006421,0.007821,0.01013,73.620989,12.365114,1.011691,52.645533,48.154382,22.806032,97.098634,0.013583,0.760632,0.355401,16.270347,2.760193,0.943663,,0.038229,1.636523,,1.815709,0.070085,0.021831
GPN,2025-06-30,0.745201,0.216453,0.122704,0.382327,0.337866,0.010695,0.00498,0.009256,0.010632,93.148649,11.429741,0.996254,33.829218,55.138223,21.080843,62.394105,0.010736,0.736827,0.34311,18.641642,2.811372,0.947407,,0.040588,2.278136,,3.383235,0.077272,0.020215
GPN,2025-09-30,0.722718,0.216236,0.316396,0.549235,0.298322,0.028022,0.013244,0.007774,0.020225,35.434699,11.211409,0.992957,37.581588,37.64903,20.678155,69.314919,0.028221,0.714638,0.337754,12.330533,5.560731,0.85461,,0.041859,2.286087,,1.210202,0.084582,0.017568
GPN,2025-12-31,0.705586,0.12143,0.112543,0.292547,0.179531,0.009504,0.004078,0.005251,0.005,103.47566,11.645467,0.983384,64.866007,73.419726,21.478725,119.637895,0.009664,0.955289,0.409936,23.82389,1.116562,1.690081,,0.036237,2.464768,,2.368529,0.08703,0.020088
GPN,2026-03-31,0.571128,-0.005269,-0.606084,0.297214,-0.185258,-0.075649,-0.028012,-0.000313,0.000361,-12.505536,7.579411,0.946036,-40.912757,47.034638,13.979352,-75.458878,-0.079965,0.990953,0.366931,20.071572,0.073747,0.791635,,0.046217,2.09772,,0.160467,0.088001,0.007235
GPN,2026-06-30,0.61037,0.101518,0.003906,0.381197,0.12857,0.000561,0.000204,0.007224,0.007726,1735.289457,6.778036,0.97394,52.718529,32.794915,12.501308,97.233268,0.000576,1.019228,0.370516,14.334861,1.375743,0.824502,,0.052235,2.105783,,51.08465,0.070966,0.010753
GRMN,2024-12-31,0.592532,0.283163,0.239077,0.3087,0.219026,0.055519,0.045245,0.055513,0.063536,121.297139,28.999395,6.734262,132.401691,89.604841,27.660986,126.290956,0.008244,0.017186,0.014006,,,3.538896,2.561365,0.189248,1.853319,744.767897,1.11052,0.046474,0.01982
GRMN,2025-03-31,0.576214,0.216809,0.216774,0.246969,0.248014,0.040683,0.033999,0.034801,0.039351,158.828395,34.429809,6.46168,138.822056,132.975228,32.840771,132.415002,0.006296,0.017145,0.014328,,,4.095029,2.905328,0.156841,1.950241,881.270948,1.264505,0.026097,0.024606
GRMN,2025-06-30,0.588027,0.26028,0.220892,0.28624,0.070262,0.049331,0.038824,0.048514,0.056279,131.861939,29.127199,6.504916,414.550893,97.061675,27.782891,395.418128,0.007584,0.01829,0.014394,,,3.012031,2.086585,0.17576,1.79557,882.309983,0.43204,0.025172,0.024528
GRMN,2025-09-30,0.590935,0.257949,0.226786,0.285678,0.240036,0.04737,0.038166,0.042444,0.052084,131.601574,29.845353,6.233978,124.336986,99.650399,28.467901,118.598462,0.007599,0.018373,0.014803,,,3.316188,2.238784,0.168291,1.853155,957.737383,1.209156,0.034183,0.024126
GRMN,2025-12-31,0.592135,0.28902,0.248796,0.310786,0.202175,0.058922,0.04809,0.056953,0.066226,99.971752,24.872605,5.890531,123.025349,76.337638,23.72466,117.347361,0.010003,0.018371,0.014994,,,3.632534,2.602194,0.193289,1.695874,815.253533,1.047484,0.058436,0.019295
GRMN,2026-03-31,0.594409,0.246175,0.231013,0.27419,0.267678,0.043693,0.036985,0.039914,0.045072,130.476516,30.141715,5.700898,112.604243,104.856245,28.750585,107.40722,0.007664,0.018079,0.015304,,,4.3608,3.015381,0.1601,1.863513,968.544768,1.323172,0.037991,0.024707
GRMN,2026-06-30,0.624117,0.304392,0.268,0.328553,0.136383,0.06002,0.047437,0.056742,0.065895,97.529462,26.137864,5.853704,191.651133,75.882851,24.931524,182.805859,0.010253,0.019709,0.015578,,,3.028367,2.084585,0.177006,1.753439,959.581581,0.744678,0.063191,0.022487
GS,2024-12-31,,,0.296416,,3.329728,0.033698,0.002453,,,66.719398,19.776728,2.248299,5.939442,,2.873165,0.862883,0.014988,2.80792,0.204392,,,,,0.008275,0.103719,,11.375821,0.042253,0.007499
GS,2025-03-31,,,0.314566,,-2.504913,0.038117,0.002683,,,57.890132,18.210294,2.206625,-7.269831,,2.645593,-1.056162,0.017274,2.902172,0.204249,,,,,0.008528,0.091237,,-7.857746,0.03313,0.16047
GS,2025-06-30,,,0.255297,,0.356305,0.030001,0.002086,,,73.672696,18.808438,2.210252,52.787422,,2.732492,7.668961,0.013574,3.005552,0.20895,,,,,0.00817,0.080366,,1.523503,0.032641,0.036549
GS,2025-09-30,,,0.269889,,0.139752,0.032942,0.002267,,,66.931051,18.063978,2.204815,129.257043,,2.624336,18.778475,0.014941,3.024606,0.208114,,,,,0.008398,0.085981,,0.653978,0.036749,0.015609
GS,2025-12-31,,,0.343169,,-1.24922,0.036944,0.002552,,,59.407287,20.386758,2.194759,-16.319596,,2.96179,-2.370912,0.016833,3.089892,0.213423,,,,,0.007436,0.072395,,-3.525233,0.039468,0.019176
GS,2026-03-31,,,0.326813,,-1.882684,0.045854,0.002733,,,48.718196,15.921719,2.233906,-8.456925,,2.313109,-1.228623,0.020526,3.540723,0.211019,,,,,0.008362,0.082235,,-5.660391,0.032797,0.146862
GS,2026-06-30,,,0.325892,,0.275494,0.053999,0.003115,,,41.382536,13.486255,2.234634,48.952962,,1.959284,7.111891,0.024165,3.870061,0.223254,,,,,0.009559,0.088316,,0.921092,0.024683,0.021585
GWW,2024-12-31,0.395937,0.149539,0.112214,0.165604,0.040161,0.141453,0.0538,0.08243,0.097946,125.596898,14.093675,17.766089,350.93251,88.799609,14.705534,366.167799,0.007962,0.947886,0.360516,2.485021,37.588235,2.488937,1.488503,0.479443,1.896505,385.736527,0.901053,0.06095,0.003307
GWW,2025-03-31,0.39712,0.156061,0.11124,0.171621,0.120994,0.137644,0.055325,0.088772,0.102093,124.548072,13.854744,17.143255,114.507729,84.233458,14.45623,119.478936,0.008029,0.769828,0.309425,2.185386,32.285714,2.741696,1.596926,0.497343,1.817645,368.827441,1.348643,0.029029,0.002787
GWW,2025-06-30,0.385375,0.14888,0.105841,0.163592,0.044357,0.131192,0.053933,0.086599,0.098198,123.772877,13.100247,16.238031,295.339241,83.555068,13.668978,308.161019,0.008079,0.742787,0.30536,2.343624,34.05,2.822178,1.644855,0.509567,1.842233,348.484601,0.782158,0.038428,0.005051
GWW,2025-09-30,0.386085,0.109727,0.063131,0.1239,0.072794,0.082561,0.033228,0.056222,0.07493,202.920159,12.810506,16.753307,175.983855,107.88306,13.366658,183.62397,0.004928,0.76383,0.307414,3.17851,25.6,2.716625,1.587593,0.526334,1.93397,335.803346,2.030612,0.0554,0.003006
GWW,2025-12-31,0.394576,0.143277,0.101921,0.159096,0.060791,0.120717,0.050324,0.078698,0.091142,132.280547,13.482153,15.968556,221.77891,88.421201,14.067463,231.407159,0.00756,0.76606,0.319348,2.703125,32.0,2.826804,1.592784,0.493751,1.899957,387.07601,0.875831,0.028475,0.00339
GWW,2026-03-31,0.399831,0.167229,0.117039,0.180936,0.119992,0.141221,0.058588,0.093754,0.109431,107.492841,12.580879,15.180287,104.848026,72.550729,13.127062,109.39987,0.009303,0.707634,0.293571,2.0,37.904762,2.686221,1.601637,0.500581,1.805101,351.616221,1.331532,0.03585,0.002952
GWW,2026-06-30,0.39514,0.160725,0.113523,0.176061,0.066321,0.137981,0.059264,0.092792,0.109358,104.664082,11.881802,14.441667,179.154735,70.416884,12.397635,186.93251,0.009554,0.677076,0.290809,2.057692,40.9,2.805426,1.696445,0.522042,1.777345,336.48365,0.778947,0.022107,0.004979
HAL,2024-12-31,0.182888,0.166132,0.109626,0.209804,0.183601,0.058538,0.024036,0.039986,0.046169,45.571553,4.995812,2.667667,27.210199,29.073497,6.099734,33.222821,0.021944,0.81877,0.336186,4.182668,8.275229,2.046612,1.544132,0.219252,1.096346,321.06015,2.36748,0.075936,
HAL,2025-03-31,0.162267,0.145283,0.037659,0.128115,0.013845,0.019678,0.008102,0.029154,0.021544,137.384829,5.173806,2.703434,373.686736,49.307645,6.317058,456.260076,0.007279,0.827047,0.340522,8.266571,3.756757,1.979907,1.457153,0.21514,1.04093,340.674403,1.848039,0.05575,
HAL,2025-06-30,0.148639,0.131942,0.085662,0.182396,0.098367,0.044931,0.0186,0.031643,0.036912,59.378189,5.08648,2.667921,51.709419,34.049259,6.210437,63.135619,0.016841,0.814945,0.337353,5.478607,6.554545,1.997091,1.471595,0.217126,1.108652,316.779304,1.898305,0.064247,
HAL,2025-09-30,0.152857,0.133571,0.003214,0.109821,0.040536,0.001764,0.000715,0.00385,0.017179,1557.028068,5.004733,2.746889,123.464781,55.641473,6.110626,150.746721,0.000642,0.839655,0.340447,8.964228,2.972973,1.954652,1.434834,0.22254,1.085061,329.692889,27.111111,0.046607,
HAL,2025-12-31,0.164398,0.146544,0.104119,0.16705,0.146367,0.056304,0.023551,0.043643,0.033725,47.583201,4.954305,2.679142,33.848436,36.211117,6.049055,41.327905,0.021016,0.777459,0.32519,5.240212,32.75,2.039728,1.507158,0.22619,1.144678,306.74398,1.977929,0.059572,
HAL,2026-03-31,0.144946,0.125694,0.085339,0.179193,0.014994,0.042764,0.018336,0.030864,0.034328,60.795022,5.188172,2.599861,346.006237,35.350729,6.334599,422.463033,0.016449,0.749629,0.321414,5.327479,6.471154,2.083258,1.538017,0.21486,1.039446,335.976533,0.592191,0.035542,
HAL,2026-06-30,0.140707,0.119531,0.093455,0.186209,0.10308,0.048501,0.020675,0.030455,0.038514,52.484092,4.904884,2.54555,47.583201,32.16119,5.988713,58.097633,0.019053,0.744687,0.317446,4.805451,7.384615,2.018346,1.499236,0.221233,1.073052,310.416148,1.543071,0.041127,
HAS,2024-12-31,0.601761,0.066086,-0.031137,0.04439,0.18927,-0.02963,-0.00541,0.007432,-0.002774,-360.095153,11.212113,10.669716,59.238675,304.220118,13.504324,71.349467,-0.002777,2.946268,0.537924,54.93047,-0.314943,1.6003,1.404624,0.173746,1.197652,248.769226,-7.574344,0.046569,0.019971
HAS,2025-03-31,0.705219,0.220606,0.111149,0.247774,0.106978,0.084281,0.016325,0.031668,0.036486,125.266367,13.923192,10.557538,130.150303,67.681364,16.769658,156.758312,0.007983,2.872297,0.556341,12.332575,4.283654,1.654671,1.398789,0.146871,1.351051,285.513801,1.400609,0.048698,0.020742
HAS,2025-06-30,0.684135,0.228079,-0.872553,-0.750204,0.023246,-3.549564,-0.165391,0.062802,-0.196144,-14.432418,12.59305,51.2288,541.722094,-20.217945,15.167581,652.472095,-0.069288,13.889672,0.647186,-3.770454,-19.066502,1.662486,1.322772,0.189549,1.366397,358.434725,-0.083314,0.049449,0.013153
HAS,2025-09-30,0.619027,0.245838,0.168072,0.284108,0.161514,0.573819,0.042233,0.070174,0.084222,52.964253,8.901812,30.391889,55.114965,37.738112,10.721704,66.382703,0.018881,8.234006,0.606016,6.844749,8.480392,1.704867,1.424236,0.251277,1.394192,272.36506,1.203259,0.040721,0.017441
HAS,2025-12-31,0.609102,0.205754,0.139429,0.245176,0.244208,0.374373,0.036311,0.058643,0.084572,61.266189,8.542267,22.936423,34.979506,41.964355,10.288653,42.130739,0.016322,6.119777,0.59357,7.02031,7.705446,1.380845,1.241997,0.260429,1.364314,218.71206,2.0,0.03465,0.017221
HAS,2026-03-31,0.686263,0.270246,0.19836,0.315737,0.287742,0.306031,0.033455,0.0521,0.06713,62.254354,12.348794,19.051772,42.916135,47.106915,14.873389,51.689937,0.016063,5.588925,0.610981,8.659911,6.839713,1.654302,1.486478,0.168659,1.403592,259.814358,1.702117,0.04989,0.021096
HAS,2026-06-30,0.682081,0.221569,0.14119,0.254739,0.194279,0.228162,0.026651,0.04599,0.059048,76.763603,10.838245,17.514554,55.787099,51.244794,13.054022,67.192248,0.013027,5.060976,0.591168,9.155012,5.488172,1.661284,1.455372,0.188763,1.51603,218.898638,1.657551,0.039751,0.022201
HBAN,2024-12-31,,,0.271238,,0.74565,0.026849,0.002595,,,60.536202,16.419748,1.625339,22.020719,,20.987302,28.14632,0.016519,0.832371,0.080453,,,,,0.009568,,,2.8,0.013818,0.012794
HBAN,2025-03-31,,,0.274479,,0.239063,0.02579,0.002514,,,60.880811,16.710514,1.570137,69.90019,,21.358953,89.344638,0.016426,0.911618,0.088876,,,,,0.00916,,,0.973435,0.028125,0.010937
HBAN,2025-06-30,,,0.276574,,0.257998,0.025612,0.00258,,,59.858558,16.555308,1.533075,64.168374,,21.160572,82.018378,0.016706,0.855887,0.086222,,,,,0.009329,,,1.033582,0.027864,0.016512
HBAN,2025-09-30,,,0.294752,,0.208997,0.028272,0.002992,,,51.008247,15.034764,1.442116,71.937639,,19.217052,91.948854,0.019605,0.783127,0.082877,,,,,0.010151,,,0.774245,0.019213,0.014527
HBAN,2025-12-31,,,0.242637,,0.378682,0.021321,0.002306,,,61.819243,14.99962,1.318059,39.610108,,19.172131,50.628628,0.016176,0.75836,0.082006,,,,,0.009502,,,1.788054,0.055166,0.013558
HBAN,2026-03-31,,,0.203265,,0.155461,0.016075,0.001833,,,61.346438,12.469564,0.986144,80.210468,,15.938278,102.522972,0.016301,0.720977,0.082198,,,,,0.009016,,,1.001912,0.048193,0.017489
HBAN,2026-06-30,,,0.256257,,0.362002,0.022284,0.00256,,,44.132307,11.309195,0.983454,31.240689,,14.455125,39.931051,0.022659,0.669722,0.076937,,,,,0.00999,,,1.544704,0.033839,0.017624
HCA,2024-12-31,0.414274,0.155647,0.078644,0.192343,0.069675,-0.57543,0.024163,0.055501,0.060019,64.394891,5.064252,-37.054763,72.684343,41.641983,8.009563,114.956716,0.015529,-18.102041,0.76012,11.685527,5.039773,1.081505,0.96699,0.307244,1.700772,128.112624,1.779555,0.070276,0.004649
HCA,2025-03-31,0.412641,0.155832,0.087877,0.20381,0.036024,-0.457516,0.026924,0.054536,0.062252,57.515437,5.054301,-26.314252,140.302808,39.221975,7.993824,221.901296,0.017387,-13.195794,0.776548,11.65399,5.254113,1.192722,1.061111,0.306381,1.652327,129.52341,1.025466,0.054091,0.005349
HCA,2025-06-30,0.409729,0.159473,0.088847,0.206719,0.163074,-0.376195,0.027765,0.057952,0.068422,56.01927,4.977149,-21.074159,30.520716,38.079786,7.871801,48.271211,0.017851,-10.551661,0.778756,11.321893,5.251761,0.97641,0.863981,0.3125,1.778851,123.494068,2.546884,0.063209,0.005321
HCA,2025-09-30,0.418298,0.154741,0.085747,0.201868,0.163248,-0.307966,0.027499,0.059564,0.071181,56.360227,4.832725,-17.357048,29.603534,37.8632,7.643383,46.820606,0.017743,-8.687723,0.775754,11.249741,5.31016,0.854101,0.757208,0.320702,1.837457,106.362585,2.687766,0.06722,0.005428
HCA,2025-12-31,0.419003,0.162866,0.096244,0.212935,0.044586,-0.311598,0.030929,0.063576,0.073112,49.307696,4.745547,-15.36417,106.436613,35.247859,7.505502,168.338915,0.020281,-8.079808,0.801993,10.93911,5.671329,0.965321,0.864281,0.32136,1.79562,106.460667,1.256124,0.076308,0.005125
HCA,2026-03-31,0.417238,0.149825,0.084777,0.198912,0.046837,-0.25702,0.026363,0.055721,0.068046,57.160403,4.845876,-14.691393,103.463523,38.530612,7.664182,163.63671,0.017495,-7.908139,0.811147,12.387003,4.916096,0.833524,0.746235,0.310968,1.687478,113.872312,1.24321,0.058559,0.0045
HCA,2026-06-30,0.447553,0.151607,0.083984,0.199555,0.054572,-0.255796,0.026862,0.055098,0.06733,54.502562,4.577353,-13.941562,83.876678,36.278141,7.239489,132.658384,0.018348,-7.761518,0.815051,12.064652,5.163606,0.992953,0.89695,0.319842,1.64726,120.662935,1.374338,0.06085,0.004202
HD,2025-01-31,0.328279,0.113213,0.075484,0.139381,0.089915,0.451355,0.03118,0.057741,0.067079,99.862169,7.537954,45.073332,83.833871,65.122865,9.076918,100.949562,0.010014,9.381024,0.648051,9.346585,7.092476,1.105439,0.28722,0.413071,9.192869,197.269182,1.558559,0.02773,0.002871
HD,2025-04-30,0.337691,0.128789,0.086135,0.154331,0.088293,0.431552,0.034622,0.064424,0.076323,87.179412,7.509206,37.622492,85.048855,58.590463,9.042301,102.412599,0.011471,7.704714,0.618121,8.274589,8.385366,1.09307,0.277502,0.401948,7.504425,201.66502,1.259831,0.020223,0.004265
HD,2025-07-31,0.334055,0.144775,0.100515,0.167502,0.082293,0.426723,0.045488,0.078877,0.095083,65.762892,6.610131,28.062534,80.323919,47.51977,7.959669,96.72301,0.015206,5.749742,0.61291,6.528613,11.443478,1.147345,0.341957,0.452548,8.554128,184.991857,1.020215,0.020253,0.002606
HD,2025-10-31,0.334083,0.12945,0.087082,0.15547,0.075256,0.29721,0.033884,0.059477,0.074888,83.112169,7.237544,24.701793,96.17189,56.056919,8.715175,115.806534,0.012032,5.399224,0.61555,8.45077,8.574841,1.050863,0.288416,0.389107,6.673983,226.552927,1.11358,0.021716,0.002902
HD,2026-01-31,0.326352,0.100764,0.067307,0.130138,0.059925,0.200656,0.024464,0.043749,0.053556,116.40876,7.835146,23.358068,130.750075,72.498478,9.434785,157.44427,0.00859,5.100289,0.621818,10.940052,6.552189,1.060665,0.264434,0.363462,7.594036,251.273657,1.301828,0.027698,0.002984
HD,2026-04-30,0.329965,0.119263,0.07875,0.145313,0.124219,0.237062,0.030481,0.055546,0.068967,90.996328,7.165974,21.571783,57.688304,59.382095,8.628994,69.466063,0.010989,4.552184,0.585307,8.552974,8.163666,1.044744,0.278021,0.387057,6.893052,221.300037,1.833992,0.020208,0.004262
HD,2026-07-31,0.336704,0.142893,0.09958,0.167255,0.094231,0.286815,0.043571,0.074252,0.09272,62.796249,6.253253,18.010888,66.360736,45.020604,7.529929,79.909077,0.015925,3.76524,0.571994,6.347408,11.831904,1.078084,0.310764,0.43755,7.484128,201.249873,1.130927,0.018387,0.003092
HIG,2024-12-31,,,0.125441,,0.279412,0.051864,0.010542,,,41.881955,5.253722,2.172147,18.802794,,5.360633,19.185425,0.023877,0.265459,0.053957,,22.48,,,0.084037,0.517583,,2.196952,,
HIG,2025-03-31,,,0.093044,,0.139861,0.037402,0.007654,,,56.706838,5.276223,2.120952,37.724718,,5.383593,38.492404,0.017635,0.259321,0.05307,,16.66,,,0.082265,0.498932,,1.563492,0.005612,
HIG,2025-06-30,,,0.148419,,0.186605,0.056799,0.011896,,,35.904832,5.328954,2.039349,28.5574,,5.437397,29.138535,0.027851,0.249401,0.052236,,24.48,,,0.080154,0.485868,,1.297487,0.005967,
HIG,2025-09-30,,,0.151112,,0.250874,0.058537,0.012707,,,33.078989,4.998644,1.936331,19.924879,,5.100365,20.330344,0.030231,0.236856,0.051415,,27.36,,,0.084087,0.523743,,1.701852,0.006296,
HIG,2025-12-31,,,0.157543,,0.245438,0.059592,0.013152,,,31.587363,4.976363,1.88236,20.27543,,5.07763,20.688029,0.031658,0.230307,0.050827,,29.836735,,,0.08348,0.531502,,1.598585,0.006408,
HIG,2026-03-31,,,0.119704,,0.141798,0.045317,0.009916,,,41.735173,4.995848,1.891329,35.232059,,5.097512,35.949021,0.023961,0.231457,0.050648,,22.14,,,0.082841,0.518001,,1.220794,0.004335,
HIG,2026-06-30,,,0.181564,,0.170653,0.066113,0.014753,,,27.52335,4.997245,1.819656,29.283039,,5.098938,29.87894,0.036333,0.222788,0.049714,,25.62,,,0.081254,0.508971,,0.916025,,
HII,2024-12-31,0.106858,0.031957,0.040945,0.080559,0.09221,0.026361,0.010131,0.011455,0.017268,87.414135,3.579207,2.304316,38.815663,56.50801,4.552243,49.368009,0.01144,0.73039,0.280702,9.801653,5.851852,1.079238,1.009696,0.247426,14.169811,-27.297292,3.178862,0.037949,0.002663
HII,2025-03-31,0.144111,0.054133,0.054499,0.107535,-0.168983,0.031217,0.012311,0.014787,0.023251,72.160661,3.932677,2.252658,-23.272594,46.513396,5.001806,-29.599434,0.013858,0.713597,0.281418,10.323129,7.678571,1.065126,0.989846,0.225894,7.064599,-8.699328,-2.651007,0.024506,0.008778
HII,2025-06-30,0.128164,0.050292,0.049319,0.097015,0.235886,0.031135,0.012564,0.016522,0.023107,70.736438,3.488624,2.202363,14.789462,45.73558,4.437034,18.810094,0.014137,0.595862,0.240453,7.892977,7.714286,1.081091,1.002909,0.254753,8.175066,-14.442107,5.414474,0.031149,0.00292
HII,2025-09-30,0.123434,0.046679,0.045426,0.096178,0.004073,0.029093,0.01178,0.013786,0.023629,74.1513,3.368402,2.157291,827.072197,44.543773,4.284129,1051.918336,0.013486,0.587079,0.237712,7.771987,9.869565,1.139156,1.057365,0.259322,8.534759,-17.110407,0.813793,0.032895,0.003133
HII,2025-12-31,0.11565,0.045742,0.045742,0.089471,0.148446,0.031342,0.012472,0.016426,0.023083,67.622255,3.093193,2.119444,20.83709,43.970863,3.934102,26.501819,0.014788,0.576188,0.229273,6.192926,8.615385,1.133333,1.061412,0.272649,10.253687,-4.417688,4.08805,0.03855,0.003165
HII,2026-03-31,0.131655,0.048403,0.04808,0.092288,-0.149726,0.028949,0.011889,0.015148,0.021361,72.160661,3.469486,2.088972,-23.172281,47.81447,4.412694,-29.47185,0.013858,0.569458,0.233863,8.688811,9.545455,1.1906,1.105477,0.247267,7.633005,-14.845786,-2.61745,0.023879,0.006776
HII,2026-06-30,0.126097,0.055295,0.060854,0.105325,-0.043885,0.039157,0.016401,0.019313,0.027963,51.692012,3.145681,2.024085,-71.67959,37.98594,4.00086,-91.166256,0.019345,0.552523,0.23143,7.472222,10.407407,1.230156,1.140524,0.269516,7.561947,-12.952295,-0.149038,0.034816,0.002926
HLT,2024-12-31,0.240388,0.17571,0.181459,0.191161,0.18074,-0.135498,0.030565,0.065867,0.041702,136.255638,24.724792,-18.462328,136.79741,153.864839,29.412898,162.735774,0.007339,-3.18916,0.719404,18.515038,3.140127,0.69617,,0.168442,1.758054,,1.152475,0.028387,0.012936
HLT,2025-03-31,0.258627,0.198887,0.111317,0.22115,0.152876,-0.068524,0.0187,0.057897,0.049518,229.363657,25.532133,-15.717016,167.012372,137.34244,30.373319,198.67984,0.00436,-2.713568,0.74051,17.484899,3.827586,0.571665,,0.167986,1.711111,,1.506667,0.014842,0.013358
HLT,2025-06-30,0.30475,0.248008,0.140261,0.262353,0.196047,-0.095861,0.027666,0.086041,0.068911,156.384312,21.934682,-14.991089,111.884711,99.460625,26.09375,133.09934,0.006395,-2.547495,0.735224,12.846902,5.165563,0.538495,,0.197246,1.871718,,1.495455,0.013707,0.017533
HLT,2025-09-30,0.301603,0.249038,0.134615,0.259295,0.245513,-0.085158,0.025239,0.080761,0.063887,163.831184,22.054198,-13.951561,89.829109,101.181822,26.235928,106.861742,0.006104,-2.504258,0.742203,13.07911,4.798742,0.6639,,0.187489,1.88862,,1.942857,0.016026,0.014103
HLT,2025-12-31,0.259475,0.195011,0.09621,0.207645,0.048915,-0.055122,0.017706,0.059953,0.048427,231.680462,22.289957,-12.770805,455.689386,127.700615,26.516389,542.093339,0.004316,-2.43003,0.780553,17.854914,3.6,0.664596,,0.184035,1.826627,,0.683502,0.016845,0.011338
HLT,2026-03-31,0.290432,0.230848,0.131086,0.248553,0.199864,-0.065199,0.023497,0.077673,0.057486,178.724928,23.428361,-11.652684,117.221631,112.131636,27.870648,139.448201,0.005595,-2.211346,0.796948,16.157534,4.197531,0.608428,,0.179249,1.744062,,1.605195,0.010555,0.015322
HLT,2026-06-30,0.319365,0.256809,0.144268,0.272972,0.130201,-0.076472,0.028474,0.086388,0.072815,142.757463,20.59536,-10.91688,158.181833,89.754489,24.500477,188.174929,0.007005,-2.224814,0.828391,13.524123,4.715847,0.649133,,0.197365,1.86648,,0.979253,0.011075,0.018258
HOLX,2024-12-31,0.568115,0.228714,0.196712,0.34449,0.139264,0.042109,0.023027,0.026001,0.035981,,,,,,,,,0.53221,0.29104,2.113352,9.114754,3.485235,2.779828,0.117062,1.618309,614.612799,0.941791,0.045997,0.029458
HOLX,2025-03-31,0.375311,0.0377,-0.017308,0.076395,0.128519,-0.003767,-0.002036,0.003242,7.9e-05,,,,,,,,,0.54799,0.296193,14.166667,0.020619,3.242094,2.517935,0.117646,1.560056,529.278878,-9.735632,0.039988,0.02825
HOLX,2025-06-30,0.563196,0.254835,0.190369,0.326236,0.301328,0.040248,0.022132,0.029434,0.033645,,,,,,,,,0.520909,0.286449,2.316766,9.131488,3.554701,2.813195,0.11626,1.680289,642.45935,1.761416,0.033991,0.013186
HOLX,2025-09-30,0.555926,0.240949,0.178354,0.319455,0.309356,0.037085,0.020766,0.027578,0.031825,,,,,,,,,0.520375,0.291384,1.63555,8.944056,3.753684,3.058432,0.116429,1.747004,589.512682,1.896902,0.028963,0.011719
HOLX,2025-12-31,0.559649,0.22991,0.17093,0.311987,0.185913,0.034146,0.019508,0.024225,0.031266,,,,,,,,,0.480506,0.274522,1.042215,9.322464,4.040156,3.316409,0.114131,1.793564,589.073277,1.28364,0.033499,0.025673
HON,2024-12-31,0.363799,0.182296,0.127379,0.21927,0.187153,0.069016,0.017089,0.030942,0.034019,50.922518,6.486463,3.514444,34.658599,41.371807,9.071614,48.47163,0.019638,1.72281,0.426579,9.553345,6.305842,1.312947,1.036131,0.134156,1.392024,249.412027,1.775097,0.038957,0.004064
HON,2025-03-31,0.387899,0.19451,0.162353,0.254902,0.045602,0.082975,0.019264,0.026867,0.036691,45.15903,7.331701,3.74709,160.775025,40.226126,10.253719,224.851198,0.022144,1.880089,0.436491,10.186813,6.842105,1.252549,0.953015,0.118655,1.081687,329.217842,0.412008,0.021289,0.006611
HON,2025-06-30,0.393049,0.197704,0.168419,0.247157,0.11725,0.097546,0.020021,0.029779,0.034437,41.678621,7.019463,4.065575,59.867736,39.719808,9.817039,83.727756,0.023993,2.268531,0.465601,11.355469,5.945289,1.293631,0.96924,0.118874,1.056557,339.139789,0.840127,0.024244,0.0059
HON,2025-09-30,0.340796,0.168524,0.175346,0.295734,0.266718,0.108747,0.022554,0.027266,0.044202,35.855033,6.287033,3.899144,23.571843,29.731786,8.792702,32.966296,0.02789,2.206948,0.457716,7.832034,7.276836,1.358143,1.04373,0.128626,1.166424,302.49522,1.801644,0.049193,0.003843
HON,2025-12-31,0.360641,0.104082,-0.016764,0.012536,0.167055,-0.008271,-0.001561,0.012551,-0.002527,-569.003783,9.538693,4.706231,57.098983,1064.121368,13.340297,79.85553,-0.001757,2.557753,0.482662,256.895349,-0.339572,1.297813,1.034637,0.093104,0.900144,392.757967,-10.469565,0.008455,0.006122
HON,2026-03-31,0.387072,0.189981,0.089795,0.174888,-0.095483,0.060412,0.011096,0.030968,0.023929,79.702113,7.156889,4.814969,-74.954679,57.232294,10.009235,-104.827535,0.012547,2.703385,0.496553,15.485929,3.488764,1.385103,1.096717,0.123574,1.134086,344.18542,-0.791717,0.02439,0.006234
HON,2026-06-30,0.375862,0.183661,0.584628,0.84412,0.098878,0.306522,0.073464,0.026861,0.145743,11.516268,6.732733,3.529991,68.090983,11.154856,9.416034,95.228343,0.086834,1.833522,0.439439,3.076182,21.741047,1.210615,0.934638,0.125659,1.165767,313.760456,0.224569,0.032411,0.005247
HONA,2025-03-31,0.373834,0.24325,0.190722,0.25405,0.043201,,,,,66.73548,12.727901,,294.621975,64.753106,16.450531,380.792413,0.014985,,,,,,,,,,0.356499,0.024791,0.005891
HONA,2025-06-30,0.364654,0.236419,0.196782,0.258802,0.14339,,,,,61.437758,12.089874,,84.314582,60.377896,15.625895,108.974739,0.016277,,,,,,,,,,0.886256,0.03101,0.005129
HONA,2026-03-31,0.37454,0.18727,0.115809,0.220588,-0.08318,-0.141653,0.023592,0.052567,0.054598,102.883864,11.914859,-14.573768,-143.241623,69.811942,15.399693,-185.136643,0.00972,-4.453626,0.74175,15.464583,4.182266,1.617237,0.852916,0.203717,2.008306,424.31865,-0.446429,0.03148,0.005744
HONA,2026-06-30,0.349624,0.149491,0.054401,0.154799,0.099071,-0.043181,0.012699,0.045097,0.044737,210.786454,11.466932,-9.10189,115.744347,95.742092,14.820757,149.597019,0.004744,-2.788485,0.820092,21.131429,2.89,1.52581,0.833514,0.233442,1.836718,374.087838,2.321138,0.0272,0.007961
HOOD,2024-12-31,0.857988,0.550296,0.903353,0.571992,-1.395464,0.114902,0.034979,0.036152,0.069034,117.607035,106.240675,13.513302,-76.132893,184.153519,105.33436,-75.483421,0.008503,0.936152,0.284989,5.398276,,1.3866,,0.038722,0.116418,,-1.528384,0.014793,0.075937
HOOD,2025-03-31,0.824164,0.399137,0.36246,0.420712,0.68069,0.042248,0.012211,0.019652,0.045758,320.619179,116.211482,13.545586,170.725902,273.869336,115.220109,169.269478,0.003119,1.143971,0.330632,12.005128,,1.349133,,0.033688,0.098262,,1.910714,0.011866,0.078749
HOOD,2025-06-30,0.817998,0.443883,0.390293,0.465116,3.529828,0.04782,0.010927,0.01851,0.053524,279.088197,108.926233,13.345892,30.858792,232.193567,107.997008,30.595543,0.003583,1.565907,0.35783,18.430435,,1.247438,,0.027998,0.09832,,9.090674,0.0182,0.078868
HOOD,2025-09-30,0.867347,0.49843,0.436421,0.515699,-1.246468,0.0649,0.013413,0.02298,0.073072,193.755475,84.558904,12.574769,-67.838819,162.570839,83.837552,-67.260101,0.005161,1.828645,0.377931,17.252664,,1.220286,,0.030734,0.085664,,-2.834532,0.009419,0.061224
HOOD,2025-12-31,0.765394,0.506625,0.471551,0.524552,-0.740452,0.066193,0.015864,0.028649,0.0694,178.062883,83.96574,11.786438,-113.397941,158.705856,83.249447,-112.430569,0.005616,1.271991,0.304848,10.943536,,1.261861,,0.033642,0.069653,,-1.54876,0.010133,0.059236
HOOD,2026-03-31,0.805998,0.385192,0.328022,0.406748,1.893158,0.037558,0.007697,0.015238,0.041431,307.794412,100.96349,11.560043,53.330715,246.103781,100.102194,52.875763,0.003249,1.436528,0.294388,19.297235,,1.221044,,0.023464,0.057369,,5.822857,0.01687,0.086223
HOOD,2026-06-30,0.819572,0.438838,0.428899,0.456422,0.53211,0.059177,0.00992,0.014413,0.047937,192.028599,82.36089,11.363718,154.781672,178.909616,81.658288,153.461266,0.005208,2.395148,0.401521,29.051926,,1.223349,,0.02313,0.055728,,1.283422,0.018349,0.080275
HPE,2025-01-31,0.292208,0.065444,0.079832,0.141711,-0.116883,0.024857,0.008915,0.010201,0.011316,128.639172,10.269514,3.19762,-87.861395,85.19655,12.073308,-103.293856,0.007774,0.70873,0.254198,3.994609,,1.32557,0.981168,0.111678,2.490171,4.095605,-0.62201,0.067227,0.019608
HPE,2025-04-30,0.284384,0.038547,-0.137669,0.113806,-0.132162,-0.043994,-0.015474,0.007102,0.006787,-76.815963,10.575162,3.379426,-80.016628,109.243963,12.432642,-94.07119,-0.013018,0.734487,0.258349,6.754608,,1.286617,0.956679,0.112403,2.140011,88.973191,0.439048,0.071719,0.015209
HPE,2025-07-31,0.292469,0.046848,0.033384,0.122045,0.079794,0.012499,0.003944,0.008906,0.008561,264.448396,8.828455,3.305334,110.640275,85.043731,10.379133,130.073745,0.003781,0.969306,0.305831,17.113901,,0.950817,0.688887,0.118128,1.736882,125.503263,4.278689,0.063047,0.019374
HPE,2025-10-31,0.334849,0.042153,0.01808,0.132762,0.188449,0.007088,0.002305,0.0,0.007959,460.895776,8.333171,3.267043,44.219715,73.792809,9.796855,51.98671,0.00217,0.975251,0.317195,12.912062,,1.014243,0.756483,0.127513,1.968877,107.202965,14.085714,0.066226,0.02025
HPE,2026-01-31,0.359101,0.063111,0.048597,0.156865,0.065477,0.018245,0.005966,0.012655,0.011418,178.444161,8.671838,3.255702,132.441315,64.992296,10.195007,155.704039,0.005604,0.872326,0.285226,11.494174,,1.034733,0.750913,0.122756,2.032561,89.81125,2.606195,0.061176,0.023223
HPE,2026-04-30,0.365237,0.077262,0.058438,0.159393,0.077449,0.024672,0.007848,0.015825,0.015703,129.25763,7.553546,3.189023,97.529336,55.713137,8.880292,114.659927,0.007736,0.840028,0.267205,9.373678,,1.088378,0.753475,0.134294,1.804021,79.707781,2.259615,0.054598,0.020416
HPE,2026-07-31,0.40113,0.119872,0.126095,0.190617,0.073364,0.058083,0.018422,0.027365,0.02754,52.37452,6.604173,3.042044,90.018706,40.731856,7.764166,105.830089,0.019093,0.763521,0.242165,6.025773,,1.112663,0.724208,0.146096,2.098093,78.600389,1.065584,0.061001,0.01351
HPQ,2025-01-31,0.210308,0.068202,0.041839,0.077162,0.005332,-0.527052,0.014513,0.085759,0.073504,54.905506,2.297216,-28.93807,430.855708,35.692524,2.754118,516.550144,0.018213,-10.170709,0.280067,6.536468,5.992908,0.722971,0.415215,0.346879,3.224451,-161.989976,0.661947,0.022364,0.014218
HPQ,2025-04-30,0.207186,0.059985,0.030711,0.064826,-0.010968,-0.318182,0.010464,0.067253,0.053255,76.407909,2.346567,-24.311607,-213.942145,43.397445,2.813284,-256.493865,0.013088,-9.338558,0.307121,9.381564,4.465753,0.732716,0.424876,0.34073,3.048893,-124.755365,0.093596,0.013843,0.01059
HPQ,2025-07-31,0.204637,0.059862,0.054766,0.077017,0.10379,-0.846837,0.019145,0.095851,0.06397,40.657419,2.226644,-34.430201,21.453396,34.661333,2.66951,25.720339,0.024596,-11.958935,0.270362,6.273066,5.363636,0.738372,0.438487,0.349576,2.7195,-150.017087,2.176933,0.015432,0.007178
HPQ,2025-10-31,0.202336,0.073502,0.054307,0.079719,0.097479,-2.297688,0.019033,0.110052,0.076653,39.020894,2.119107,-89.657835,21.739041,31.869418,2.540584,26.062796,0.025627,-31.450867,0.260528,5.120823,7.672,0.767414,0.476485,0.350475,2.571855,-156.249439,2.042767,0.013457,0.006148
HPQ,2026-01-31,0.196357,0.061158,0.037748,0.069677,0.010389,-0.711488,0.013121,0.080286,0.064679,56.920387,2.148609,-40.498187,206.81074,36.969792,2.575953,247.944069,0.017568,-14.279373,0.263344,6.505964,6.545455,0.758826,0.460533,0.34761,2.707802,-163.514673,0.702752,0.016138,0.012606
HPQ,2026-04-30,0.209328,0.068087,0.031233,0.060938,0.052471,-3.125,0.010481,0.094039,0.048233,68.936913,2.153082,-215.427854,41.033877,42.359465,2.581317,49.195252,0.014506,-75.444444,0.253028,6.791572,5.07438,0.794014,0.48934,0.335569,2.352327,-164.273547,2.057778,0.011799,0.007773
HPQ,2026-07-31,0.187855,0.060216,0.042164,0.073611,0.098743,-7.184783,0.014464,0.08623,0.077526,46.931333,1.978798,-337.191424,20.0398,32.228432,2.372368,24.025588,0.021308,-112.380435,0.226231,4.324957,8.125,0.787504,0.483585,0.343034,2.187081,-150.206827,2.624811,0.011928,0.00606
HRL,2025-01-31,0.159004,0.071004,0.057071,0.101514,0.079309,0.021247,0.012726,0.015245,0.019677,67.206841,3.835572,1.427917,48.362535,44.384917,4.5057,56.812148,0.014879,0.355913,0.213183,6.64782,12.205066,2.452353,1.313515,0.222988,3.892677,211.027589,1.812728,0.024146,0.001825
HRL,2025-04-30,0.167114,0.080378,0.0621,0.108309,-0.006431,0.022412,0.013412,0.016685,0.020672,63.681802,3.95466,1.427207,-614.912137,42.891934,4.645594,-722.345902,0.015703,0.355805,0.212933,6.969685,12.810258,2.472063,1.169597,0.215978,3.89635,246.721433,0.313526,0.025901,0.003823
HRL,2025-07-31,0.160676,0.075373,0.060583,0.10573,0.027863,0.022731,0.013614,0.016229,0.021066,62.390782,3.779847,1.418214,135.658328,41.995886,4.440239,159.359738,0.016028,0.353434,0.211674,7.040687,13.15323,2.469278,1.11527,0.224712,3.967978,251.734337,0.852821,0.023804,0.0016
HRL,2025-10-31,0.139639,0.069491,-0.017622,0.021141,0.072653,-0.007105,-0.004191,0.020577,-0.000169,-204.211251,3.598565,1.4509,49.53081,199.95983,4.227284,58.184537,-0.004897,0.361646,0.21335,32.46982,-0.103418,2.466444,1.20103,0.237858,4.059139,225.183302,-5.752106,0.028709,0.001323
HRL,2026-01-31,0.155113,0.075274,0.060054,0.106079,0.092564,0.022901,0.013652,0.016374,0.021094,63.056897,3.786788,1.444077,40.909878,41.934684,4.448393,48.057407,0.015859,0.359954,0.214584,6.195482,12.877129,2.661792,1.3677,0.227337,4.348019,223.272892,1.920859,0.02279,0.002286
HRL,2026-04-30,0.174429,0.067242,0.052975,0.099143,0.032552,0.01981,0.011801,0.014128,0.019572,72.798094,3.856492,1.442112,118.470593,45.694578,4.530275,139.169066,0.013737,0.359319,0.21405,6.886709,11.395671,1.93789,0.966666,0.222762,4.080596,250.305479,1.136308,0.027644,0.003205
HRL,2026-07-31,0.159224,0.049982,0.020117,0.063897,0.058229,0.007595,0.004482,0.007982,0.010754,192.432931,3.871164,1.461578,66.481903,71.169886,4.547511,78.097223,0.005197,0.364014,0.2148,10.651594,6.253731,1.881673,0.92032,0.22279,4.172408,252.191232,4.038726,0.023018,0.001637
HSIC,2024-12-31,0.311188,0.060169,0.029458,0.070197,0.049828,0.027704,0.009199,0.024416,0.021713,100.586431,2.96306,2.786656,59.466192,65.52288,4.599538,92.308963,0.009942,0.845859,0.280877,10.776786,4.6,1.420978,0.775241,0.312292,2.153171,310.336319,2.170213,0.014102,0.00282
HSIC,2025-03-31,0.315657,0.063131,0.034722,0.079861,-0.001894,0.033233,0.010496,0.024468,0.0238,85.955677,2.984572,2.856533,-1575.85408,58.012352,4.632931,-2446.18752,0.011634,0.974018,0.307634,10.924901,5.142857,1.383956,0.752485,0.30229,2.007605,339.055022,0.336364,0.013573,0.001578
HSIC,2025-06-30,0.31358,0.053704,0.026543,0.072531,0.02284,0.024964,0.007886,0.020025,0.020129,109.943308,2.918248,2.744593,127.771952,62.455852,4.529977,198.339529,0.009096,0.974746,0.307904,12.225532,4.184211,1.411041,0.776521,0.297084,1.969605,347.793876,1.395349,0.014198,0.003395
HSIC,2025-09-30,0.307278,0.059299,0.030249,0.075472,0.038634,0.030051,0.009102,0.024257,0.021641,93.615094,2.831723,2.813188,73.295539,58.24256,4.395665,113.776164,0.010682,1.023802,0.310084,11.746032,4.526316,1.395681,0.788504,0.300892,1.915663,328.928452,1.722772,0.013477,0.003893
HSIC,2025-12-31,0.309281,0.054117,0.029386,0.070119,0.094268,0.031125,0.009006,0.022237,0.021535,93.615094,2.750982,2.913752,29.182483,60.900934,4.27033,45.299769,0.010682,1.05886,0.306375,12.244813,4.410256,1.3829,0.762701,0.306465,2.081769,305.710792,3.772277,0.016584,0.00291
HSIC,2026-03-31,0.317696,0.057601,0.03177,0.080166,-0.04038,0.032762,0.009466,0.021704,0.023604,88.365649,2.807341,2.895017,-69.522974,54.359723,4.357816,-107.920038,0.011317,1.147887,0.331653,12.111111,4.846154,1.363664,0.752806,0.297948,1.959279,340.520641,-0.906542,0.01158,0.000891
HSIC,2026-06-30,0.318392,0.057837,0.027183,0.076345,0.05668,0.029775,0.008259,0.022717,0.022805,100.586431,2.734275,2.994971,48.240431,55.595171,4.244397,74.883291,0.009942,1.207792,0.335032,12.518939,4.186047,1.318807,0.728498,0.30384,1.961429,329.177452,2.574468,0.013302,0.003759
HST,2024-12-31,0.534314,0.118347,0.07563,0.251401,0.110644,0.016341,0.008277,0.014454,0.013904,140.489131,10.625228,2.295782,96.030545,52.60478,13.224871,119.52605,0.007118,0.853836,0.43248,12.615599,2.745763,0.652112,,0.109442,,,3.064815,0.121148,0.004902
HST,2025-03-31,0.543287,0.172522,0.155583,0.315558,0.099749,0.037293,0.019155,0.023434,0.026332,61.18075,9.518711,2.281628,95.426579,37.544962,11.847626,118.774314,0.016345,0.848722,0.435931,9.258449,5.385965,0.627329,,0.123117,,,1.229839,0.091593,0.003764
HST,2025-06-30,0.544136,0.168979,0.139344,0.318411,0.184111,0.033293,0.017052,0.020426,0.026584,68.655322,9.566725,2.285753,51.961733,37.396269,11.907387,64.675054,0.014566,0.850105,0.435417,9.083168,5.344828,0.655889,,0.122377,,,2.00905,0.095839,0.003153
HST,2025-09-30,0.507889,0.072126,0.120962,0.321563,0.046582,0.024171,0.012347,0.007749,0.019787,94.241156,11.399569,2.27786,244.723002,44.124103,14.188667,304.598644,0.010611,0.84717,0.432745,10.607477,3.866667,0.753612,,0.102071,,,1.354037,0.117205,0.003757
HST,2025-12-31,0.505926,0.119775,0.084217,0.257018,0.220212,0.020586,0.010346,0.0157,0.017553,112.391305,9.465269,2.313636,42.98251,45.83766,11.781108,53.498912,0.008897,0.860018,0.432217,10.458738,3.4,0.786265,,0.122845,,,4.022222,0.118528,0.006238
HST,2026-03-31,0.548936,0.189666,0.300304,0.466261,0.133739,0.07236,0.037555,0.025345,0.048459,30.714223,9.223602,2.222473,68.967391,24.622055,11.480314,85.841436,0.032558,0.826864,0.429147,4.401565,9.779661,1.688853,,0.125057,,,0.692308,0.074164,0.003647
HST,2026-06-30,0.540244,0.178659,0.144512,0.310976,0.232927,0.037101,0.017883,0.02377,0.027541,64.020363,9.251723,2.375208,39.71944,37.029639,11.515315,49.437476,0.01562,0.883688,0.425941,6.135294,5.465517,1.338497,,0.123746,,,2.122363,0.07378,0.003659
HSY,2024-12-31,0.539678,0.324016,0.275872,0.307774,0.279503,0.168961,0.061528,0.096029,0.084825,42.826452,11.814613,7.235985,42.270131,44.162062,13.591938,48.629019,0.02335,1.155451,0.420763,4.835777,18.282303,0.956728,0.637579,0.22303,3.607612,223.695725,1.182039,0.046589,0.004101
HSY,2025-03-31,0.336587,0.137446,0.079918,0.176025,0.089525,0.047857,0.016051,0.025174,0.034174,152.161952,12.160453,7.281947,135.833116,79.476061,13.989805,156.267109,0.006572,1.342787,0.450381,8.930779,7.395439,1.592807,1.106314,0.20085,3.189306,250.218178,1.769298,0.051874,0.004833
HSY,2025-06-30,0.304535,0.073838,0.023987,0.126294,-0.017772,0.013892,0.004596,0.007994,0.019195,543.936705,13.04736,7.556601,-734.148921,118.850434,15.010133,-844.590282,0.001838,1.329205,0.43976,14.329909,3.603258,1.529583,0.892839,0.191614,3.187825,336.402353,1.789187,0.060689,0.006671
HSY,2025-09-30,0.32606,0.137295,0.086854,0.175674,0.237628,0.060537,0.020348,0.032587,0.041646,123.46253,10.723258,7.474109,45.126239,70.223345,12.336407,51.914785,0.0081,1.257638,0.422729,7.570983,7.28237,1.362586,0.833575,0.234282,3.291993,264.714352,3.046888,0.027007,0.004856
HSY,2025-12-31,0.370369,0.144505,0.103531,0.181097,0.255083,0.069018,0.023289,0.038812,0.039821,106.604231,11.03686,7.35756,43.267661,70.112699,12.697185,49.776612,0.00938,1.237629,0.417615,7.866921,7.402037,1.191575,0.717038,0.224944,4.236905,198.308831,2.895324,0.044673,0.006149
HSY,2026-03-31,0.3939,0.20833,0.140168,0.251419,0.114107,0.091914,0.031435,0.0474,0.05994,78.406744,10.990119,7.206646,96.313935,50.288188,12.643413,110.802878,0.012754,1.200112,0.410449,5.643922,11.825479,1.239735,0.769593,0.224269,3.185215,200.406251,1.077455,0.036917,0.005519
HSY,2026-06-30,0.453236,0.230601,0.164196,0.279886,0.11821,0.100306,0.032753,0.04952,0.06064,74.541785,12.239476,7.476985,103.54025,50.308687,14.080717,119.11628,0.013415,1.298206,0.42391,6.080951,11.551351,1.180097,0.660087,0.199477,3.071858,309.607098,0.916207,0.032228,0.006356
HUBB,2024-12-31,0.337705,0.193435,0.147643,0.233606,0.273102,0.058006,0.028769,0.042198,0.046362,119.857537,17.696121,6.952457,64.796747,92.348197,21.573059,78.992681,0.008343,0.506331,0.251121,3.974976,18.197183,1.772014,0.979046,0.194854,1.710422,406.987681,2.194924,0.050963,0.004797
HUBB,2025-03-31,0.324202,0.168766,0.119543,0.199238,0.00835,0.05004,0.023577,0.035023,0.045166,144.680973,17.295587,7.239816,2071.222344,105.826959,21.084774,2524.994111,0.006912,0.616453,0.290447,5.563235,16.311594,1.166899,0.729041,0.197223,1.513525,360.992427,0.229167,0.019045,0.010548
HUBB,2025-06-30,0.37196,0.226571,0.164522,0.254665,0.14869,0.070017,0.034159,0.049099,0.062913,96.690969,15.907791,6.770059,106.986564,76.150616,19.392935,130.425613,0.010342,0.573645,0.279857,3.874339,22.737931,1.297632,0.758122,0.207623,1.649772,417.055267,1.067158,0.026881,0.004244
HUBB,2025-09-30,0.362287,0.220048,0.170061,0.249002,0.16893,0.069405,0.033945,0.048047,0.059332,92.414617,15.716144,6.414021,93.033628,76.944488,19.1593,113.415811,0.010821,0.583951,0.285602,3.553863,23.875,1.358127,0.845203,0.199604,1.65117,418.050928,1.11272,0.020301,0.004193
HUBB,2025-12-31,0.351779,0.208682,0.150198,0.244657,0.260468,0.058266,0.027246,0.040367,0.045193,105.31639,15.818272,6.136317,60.730285,78.819641,19.283803,74.035321,0.009495,0.646405,0.302268,5.046276,13.68018,1.719361,1.000994,0.181399,1.697407,408.66188,1.995986,0.039325,0.00402
HUBB,2026-03-31,0.333158,0.17393,0.119865,0.210061,0.030329,0.048241,0.021597,0.032202,0.0389,129.878629,15.567966,6.265439,513.302929,90.348189,18.97866,625.75941,0.007699,0.726715,0.32535,6.501569,11.745455,1.578817,0.936845,0.18018,1.556548,427.206379,0.476348,0.026769,0.009494
HUBB,2026-06-30,0.358103,0.203645,0.140437,0.239748,0.124314,0.061454,0.020293,0.029943,0.034364,98.219362,13.793629,6.035925,110.95834,70.138725,16.815593,135.267542,0.010181,1.420435,0.469062,12.168616,8.767263,1.609356,0.931729,0.144502,1.487358,450.35703,1.039101,0.021615,0.004381
HUM,2024-12-31,,,-0.023722,,-0.023346,-0.042321,-0.01491,,,-66.922676,1.587561,2.832209,-68.002074,,1.277322,-54.713221,-0.014943,0.715786,0.252178,,-4.256098,,,0.62852,10.803624,,0.761905,0.005272,0.001848
HUM,2025-03-31,,,0.038739,,0.007349,0.070081,0.024426,,,37.28088,1.444239,2.612665,196.514469,,1.162008,158.111935,0.026823,0.749592,0.261261,,11.56875,,,0.630512,7.201615,,0.266077,0.002958,0.001526
HUM,2025-06-30,,,0.016827,,0.035723,0.029889,0.010823,,,85.096174,1.431932,2.543458,40.084196,,1.152106,32.251008,0.011751,0.690249,0.249935,,5.719745,,,0.643168,7.190941,,2.33211,0.00352,0.001883
HUM,2025-09-30,,,0.005973,,0.025606,0.010528,0.003922,,,237.832896,1.420485,2.50391,55.475376,,1.142896,44.63447,0.004205,0.68065,0.253565,,1.797619,,,0.65667,12.164307,,4.979487,0.004135,0.002542
HUM,2025-12-31,,,-0.024481,,-0.05702,-0.045081,-0.016275,,,-58.263084,1.426339,2.626574,-25.014787,,1.147606,-20.126438,-0.017164,0.700515,0.252898,,-5.924658,,,0.664806,9.943425,,2.075377,0.006213,0.001476
HUM,2026-03-31,,,0.029913,,0.028576,0.063832,0.021454,,,39.10406,1.169729,2.496093,40.933287,,0.941142,32.934172,0.025573,0.753122,0.25313,,9.264249,,,0.717221,7.598314,,1.057336,0.003052,0.001286
HUM,2026-06-30,,,0.016982,,0.044877,0.036121,0.012134,,,66.826246,1.134838,2.413856,25.287576,,0.91307,20.34592,0.014964,0.741529,0.249091,,5.832487,,,0.714508,7.175944,,2.832853,0.00323,0.001591
HWM,2024-12-31,0.31835,0.227393,0.16605,0.267054,0.199894,0.06895,0.029851,0.04408,0.048161,291.696562,48.436129,20.112587,242.308784,189.49251,50.604822,253.157983,0.003428,0.762187,0.329974,5.447525,10.8,2.170433,0.982569,0.17977,2.744557,385.573879,1.528662,0.05394,0.004759
HWM,2025-03-31,0.335736,0.252317,0.177137,0.285273,0.069001,0.071786,0.031935,0.046885,0.05258,266.257908,47.16412,19.113673,683.527764,172.732342,49.275859,714.13222,0.003756,0.726836,0.323338,5.032491,12.435897,2.295866,1.067183,0.180282,2.186937,424.663669,0.735465,0.061277,0.007209
HWM,2025-06-30,0.335119,0.253775,0.198246,0.280565,0.16756,0.080722,0.036846,0.054836,0.053674,225.043539,44.614087,18.16595,266.257908,166.134926,46.61165,278.179411,0.004444,0.646172,0.294948,4.710069,13.342105,2.30875,1.08125,0.185859,2.311937,408.161993,1.095823,0.049683,0.012177
HWM,2025-09-30,0.346577,0.259454,0.184299,0.289134,0.202489,0.074859,0.034446,0.050931,0.055695,237.90317,43.845247,17.809201,216.531254,158.433307,45.808386,226.226283,0.004203,0.65176,0.299902,4.188742,14.378378,2.353231,1.137846,0.186902,2.363122,426.669132,1.379221,0.051699,0.009574
HWM,2025-12-31,0.348708,0.266144,0.171587,0.249077,0.244465,0.069494,0.033277,0.059404,0.049639,246.21699,42.247565,17.11054,172.816454,177.210588,44.139169,180.554184,0.004061,0.600224,0.287414,4.274074,12.621622,2.133823,1.08978,0.193935,2.783055,390.683408,1.758065,0.057196,0.006458
HWM,2026-03-31,0.369217,0.285344,0.250757,0.35668,0.15521,0.105034,0.044387,0.052966,0.069847,157.918483,39.599101,16.586874,255.132926,115.992385,41.372122,266.556316,0.006332,0.848606,0.358613,2.728485,17.465116,2.443629,1.590497,0.177011,2.460638,377.742623,0.781034,0.04064,0.009079
HWM,2026-06-30,0.37338,0.279152,0.209658,0.307813,0.188064,0.093161,0.040299,0.057169,0.063956,171.521948,35.961021,15.979191,191.216535,122.058313,37.571149,199.778116,0.00583,0.813678,0.351973,5.022959,13.72549,1.8183,0.871639,0.192212,2.449038,385.510515,1.09176,0.040832,0.014134
IBKR,2024-12-31,0.895498,0.857084,0.089632,0.875671,0.752995,0.050701,0.001445,0.450243,0.063251,712.069328,63.824471,36.10258,84.760858,-13.039783,-11.418563,-15.164202,0.001404,0.003271,9.3e-05,,1.984848,1.155772,,0.016125,0.037574,,8.470046,0.006196,0.013218
IBKR,2025-03-31,0.880952,0.839394,0.092208,0.877489,1.111688,0.047312,0.001351,0.392501,0.057842,725.441522,66.891361,34.322311,60.170967,-13.638056,-11.967247,-10.76493,0.001378,0.002665,7.6e-05,,2.112869,1.129152,,0.014651,0.036175,,12.131455,0.006926,0.01342
IBKR,2025-06-30,0.886999,0.848117,0.090725,0.874443,2.885784,0.046425,0.001234,0.394811,0.053055,689.817161,62.583655,32.024672,21.686883,-12.804234,-11.196574,-3.879907,0.00145,0.001658,4.4e-05,,2.070805,1.109294,,0.013605,0.035566,,31.870536,0.00567,0.011341
IBKR,2025-09-30,0.908284,0.872411,0.097263,0.913462,1.650888,0.051508,0.001314,0.354817,0.05106,587.524882,57.144617,30.262249,34.614481,-11.192041,-10.223499,-6.192729,0.001702,0.177047,0.004515,,2.156966,1.15253,,0.013505,0.032831,,17.030418,0.005547,0.011464
IBKR,2025-12-31,0.910916,0.875137,0.103687,0.88755,0.579409,0.052955,0.001397,0.411457,0.052346,544.081141,56.414401,28.812054,97.365497,-11.371592,-10.092859,-17.419244,0.001838,0.003543,9.3e-05,,2.175407,1.13234,,0.013477,0.030274,,5.665493,0.008032,0.010223
IBKR,2026-03-31,0.896825,0.856387,0.100907,0.891156,1.354875,0.047807,0.001221,0.368083,0.043335,578.723012,58.39722,27.666794,43.101546,-11.723639,-10.447596,-7.711113,0.001728,0.002149,5.5e-05,,2.234899,1.170176,,0.012096,0.030574,,13.524345,0.009826,0.012472
IBKR,2026-06-30,0.891856,0.856475,0.104139,0.888518,2.068758,0.052846,0.001262,0.39852,0.038654,495.253346,51.575115,26.171925,24.930469,-10.384801,-9.227083,-4.460203,0.002019,0.002202,5.3e-05,,2.234945,1.220922,,0.012114,0.027502,,19.923077,0.006008,0.010681
IBM,2024-12-31,0.594713,0.222241,0.166012,0.275907,0.221387,0.106713,0.021243,0.041976,0.035854,74.216523,12.320797,7.919836,55.652843,56.472424,15.581151,70.379812,0.013474,2.138499,0.425704,8.471196,8.79717,1.040432,1.001539,0.127961,2.579806,0.747634,1.48593,0.025295,0.019655
IBM,2025-03-31,0.5523,0.121381,0.072553,0.191871,0.273365,0.039249,0.007243,0.017834,0.014589,204.992368,14.872908,8.045645,54.40678,98.027222,18.808607,68.804012,0.004878,2.486421,0.45882,18.72724,3.545055,1.006552,0.965789,0.099824,2.48267,26.249533,4.14218,0.027165,0.027577
IBM,2025-06-30,0.587677,0.181775,0.129234,0.257525,0.078223,0.079756,0.014766,0.028426,0.028027,98.571991,12.73882,7.86168,162.851618,62.556256,16.109793,205.945745,0.010145,2.461703,0.455759,11.944419,6.092157,0.907941,0.874781,0.114258,2.841815,-13.525655,0.775296,0.021971,0.025976
IBM,2025-09-30,0.573143,0.170963,0.106791,0.257486,0.163187,0.062498,0.01192,0.022015,0.026284,124.006278,13.242725,7.750115,81.150825,65.040654,16.747042,102.625122,0.008064,2.385558,0.45498,12.258502,5.939024,0.931649,0.891896,0.111618,2.952097,-5.706274,1.767202,0.025534,0.027126
IBM,2025-12-31,0.605882,0.246305,0.284452,0.300554,0.177122,0.171527,0.036871,0.051636,0.040814,38.619098,10.985267,6.624202,62.02092,46.222063,13.892211,78.433022,0.025894,1.978896,0.425382,8.056955,9.667364,0.955662,0.924104,0.129622,2.426898,-15.96474,0.721429,0.02809,0.021842
IBM,2026-03-31,0.562292,0.139411,0.076396,0.196896,0.300182,0.036878,0.007783,0.019568,0.016017,177.851109,13.587168,6.558711,45.26307,87.267374,17.182632,57.240676,0.005623,2.11688,0.446793,17.722399,3.932347,0.795841,0.759033,0.101882,2.451409,14.638066,4.250822,0.024565,0.03179
IBM,2026-06-30,0.577264,0.165773,0.126151,0.251369,0.129006,0.062841,0.014234,0.025776,0.025519,99.892355,12.6015,6.277341,97.681549,63.397299,15.936135,123.530239,0.010011,1.894578,0.429142,12.706305,6.100823,0.790766,0.742147,0.112834,2.83951,-4.728244,1.199538,0.022317,0.029018
ICE,2024-12-31,0.534323,0.360726,0.230363,0.49736,0.405941,0.025247,0.005006,0.017834,0.022416,125.042981,28.805281,3.156943,70.95935,70.896482,35.261055,86.8626,0.007997,0.748834,0.148485,12.955541,5.248826,0.994886,,0.021732,2.033557,,2.157593,0.091089,0.019802
ICE,2025-03-31,0.550945,0.388046,0.246826,0.51471,0.240632,0.028491,0.005578,0.019761,0.025384,109.510666,27.030041,3.12004,112.329474,64.284596,33.087952,137.504502,0.009132,0.737149,0.144334,11.731649,6.179612,0.99918,,0.022601,1.719382,,1.212045,0.058532,0.017653
ICE,2025-06-30,0.560699,0.400674,0.260883,0.529736,0.410484,0.029918,0.005903,0.020959,0.026275,102.561693,26.756591,3.068485,65.182973,61.829281,32.753218,79.791634,0.00975,0.691394,0.136404,10.535301,6.631841,1.005629,,0.022625,1.975772,,1.769683,0.051196,0.017781
ICE,2025-09-30,0.568341,0.393415,0.271367,0.552045,0.248088,0.028488,0.005791,0.019074,0.024902,106.960786,29.025607,3.047061,116.99732,64.362047,35.530761,143.218496,0.009349,0.681085,0.138459,10.953614,6.630208,1.011873,,0.021341,1.948801,,1.121324,0.056202,0.017958
ICE,2025-12-31,0.566836,0.399745,0.270847,0.528008,0.321133,0.029431,0.006217,0.020916,0.024066,102.561693,27.778485,3.018503,86.501488,64.400843,34.004137,105.888006,0.00975,0.701331,0.148144,11.336347,6.22549,1.019758,,0.022953,2.024485,,1.498237,0.084659,0.021961
ICE,2026-03-31,0.609384,0.465357,0.385434,0.677578,0.313693,0.047934,0.007886,0.025835,0.039261,61.769286,23.807965,2.960852,75.895653,43.011674,29.143753,92.905216,0.016189,0.711887,0.117119,7.85306,10.344828,1.010948,,0.02046,1.539043,,0.938429,0.048009,0.021277
ICE,2026-06-30,0.530324,0.388535,0.2653,0.520908,0.480753,0.032419,0.005498,0.021517,0.027799,91.106473,24.17059,2.953538,50.276498,56.800105,29.587648,61.544354,0.010976,0.69463,0.117804,9.983519,7.278049,1.012341,,0.020723,1.932049,,2.085595,0.072556,0.018554
IDXX,2024-12-31,0.597996,0.274221,0.226503,0.311846,0.233441,0.13549,0.06563,0.089576,0.118572,186.484134,42.239197,25.26674,180.941595,138.470266,43.181414,184.977802,0.005362,0.618655,0.299671,1.946655,35.194052,1.310868,0.953277,0.289754,2.015073,435.803734,1.212242,0.041135,0.014941
IDXX,2025-03-31,0.624361,0.317033,0.243059,0.352367,0.208264,0.167593,0.075514,0.103727,0.15295,166.098803,40.371864,27.837015,193.849834,117.129,41.272426,198.173981,0.006021,0.731595,0.32964,2.206451,41.449256,1.159653,0.811138,0.310679,1.892882,461.327217,0.980571,0.030073,0.014638
IDXX,2025-06-30,0.626191,0.336242,0.264985,0.36905,0.13668,0.201524,0.088264,0.118107,0.177356,137.108392,36.33161,27.630664,265.814385,100.642345,37.142048,271.743822,0.007293,0.848127,0.371464,2.293866,33.007067,1.113146,0.792376,0.333091,1.979183,427.326562,0.631803,0.030738,0.013389
IDXX,2025-09-30,0.618286,0.321058,0.248462,0.354722,0.3238,0.175898,0.081085,0.111229,0.166484,146.784018,36.470265,25.819063,112.632194,105.106975,37.283796,115.144645,0.006813,0.712896,0.328626,1.968244,33.357672,1.179935,0.867136,0.326346,1.949684,420.197776,1.465132,0.04023,0.013059
IDXX,2025-12-31,0.603454,0.289392,0.227575,0.325435,0.299039,0.154597,0.074069,0.10401,0.143597,162.410589,36.960513,25.108251,123.597503,116.105933,37.784979,126.354553,0.006157,0.607993,0.291296,1.881495,34.331379,1.230684,0.901861,0.325472,1.974335,410.513839,1.433429,0.027173,0.014773
IDXX,2026-03-31,0.633526,0.317829,0.244075,0.351384,0.203769,0.178938,0.082247,0.112006,0.174135,144.761854,35.332795,25.9034,173.396135,102.796208,36.120952,177.264028,0.006908,0.710397,0.326525,1.944099,46.916807,1.118647,0.82446,0.336973,1.890202,413.478196,0.956193,0.029614,0.014323
IDXX,2026-06-30,0.640388,0.349804,0.278166,0.385059,0.263544,0.209858,0.098309,0.133715,0.198363,119.110313,33.132382,24.996269,125.718471,87.964327,33.871456,128.522833,0.008396,0.679709,0.318412,1.647816,41.976625,1.172268,0.868168,0.353419,1.94007,407.123512,1.025856,0.021814,0.013224
IEX,2024-12-31,0.425426,0.196083,0.142774,0.253332,0.18206,0.032466,0.018265,0.023956,0.027454,133.868634,19.113009,4.346224,104.98164,81.223305,20.576445,113.019825,0.00747,0.523441,0.294472,6.127173,10.053892,2.5293,1.846911,0.127926,1.946977,358.191216,1.400974,0.017963,0.005679
IEX,2025-03-31,0.453027,0.195874,0.117279,0.233943,0.112244,0.024446,0.014054,0.020905,0.022635,172.697546,20.253734,4.221731,180.444373,93.204276,21.804512,194.260553,0.00579,0.503353,0.289385,7.064042,8.732919,2.787354,1.988348,0.119836,1.713234,424.475333,1.106806,0.017561,0.016701
IEX,2025-06-30,0.453201,0.217934,0.152068,0.273284,0.169748,0.032805,0.019139,0.024837,0.02923,125.323827,19.057795,4.111231,112.271039,75.075749,20.517003,120.867356,0.007979,0.467544,0.272771,5.410994,11.891026,3.051151,2.130427,0.125856,1.847172,416.352546,1.228723,0.017102,0.006009
IEX,2025-09-30,0.44452,0.211563,0.145442,0.272107,0.214749,0.031859,0.018337,0.023544,0.029193,129.050201,18.769336,4.111436,87.401249,74.259366,20.206458,94.093347,0.007749,0.481054,0.27687,5.472606,11.333333,2.93422,2.056383,0.126074,1.798036,417.617223,1.592332,0.016843,0.005576
IEX,2025-12-31,0.430542,0.206874,0.142698,0.264042,0.2111,0.031856,0.018522,0.024332,0.028953,128.547277,18.343472,4.095001,86.894709,74.791131,19.747986,93.548022,0.007779,0.458994,0.266869,5.226622,11.351852,2.855753,2.022593,0.129796,1.884511,375.257482,1.632892,0.021911,0.004004
IEX,2026-03-31,0.448867,0.202729,0.135303,0.255609,0.096967,0.029631,0.017345,0.023186,0.026978,137.438464,18.595801,4.072452,191.774601,78.321193,20.019635,206.458308,0.007276,0.468986,0.274521,5.673136,10.8125,3.392688,2.402569,0.128191,1.722136,418.192013,0.864167,0.019957,0.017815
IEX,2026-06-30,0.463611,0.220182,0.155768,0.276559,0.192266,0.035778,0.020693,0.026622,0.031693,115.011267,17.915072,4.114924,93.17862,69.73847,19.286785,100.313076,0.008695,0.470434,0.272078,4.860958,13.324503,3.049003,2.154402,0.132843,1.81829,412.582982,1.3947,0.024984,0.006626
IFF,2024-12-31,0.353663,0.054132,-0.016601,0.071093,0.075063,-0.003325,-0.001602,0.00263,-0.001887,-460.157418,7.638846,1.530088,101.765583,136.600207,9.711382,129.376158,-0.002173,0.694593,0.33454,43.187817,-0.666667,1.830882,1.3125,0.096473,1.706281,412.209803,-8.0,0.057741,0.006496
IFF,2025-03-31,0.364052,0.093915,-0.358072,-0.241646,-0.018291,-0.077256,-0.036016,0.011884,-0.039014,-20.792968,7.445389,1.606378,-407.062331,-39.170656,9.465438,-517.50463,-0.048093,0.752144,0.350646,-12.630277,-13.0,1.873888,1.358368,0.100584,1.632032,435.622113,-0.124754,0.062962,0.006683
IFF,2025-06-30,0.42939,0.08494,0.312142,0.386139,0.076081,0.041586,0.022932,0.007917,0.021754,35.337631,11.03035,1.469539,144.981104,36.316114,14.023054,184.316718,0.028298,0.475562,0.262241,7.244265,8.180328,1.862394,1.075715,0.073466,1.065519,727.889352,0.402337,0.049505,0.016675
IFF,2025-09-30,0.364885,0.089829,0.014848,0.13029,0.011136,0.002809,0.001552,0.008732,0.004793,529.18103,7.857179,1.486359,705.574707,76.667353,9.988954,897.008026,0.00189,0.46977,0.259624,15.464387,2.166667,1.444089,0.842222,0.104548,1.441413,501.748086,4.1,0.04974,0.007795
IFF,2025-12-31,0.343762,0.043646,0.011974,0.118965,0.050212,0.00219,0.001214,0.005608,0.003286,682.814233,8.175837,1.495495,162.824932,87.370912,10.394068,207.001852,0.001465,0.467642,0.259172,17.545455,1.44898,1.422324,0.821256,0.101374,1.495667,475.412577,10.258065,0.072615,0.00618
IFF,2026-03-31,0.371397,0.101788,0.061656,0.18205,0.033564,0.011969,0.006721,0.011383,0.011768,125.249948,7.722452,1.499096,230.078709,53.928338,9.817673,292.502617,0.007984,0.455737,0.255926,10.531062,5.75,1.491632,0.841427,0.109012,1.497814,455.316409,1.52071,0.060197,0.005837
IFF,2026-06-30,0.43654,0.08393,0.025589,0.167861,0.145343,0.003578,0.001988,0.004298,0.005303,423.344824,10.832774,1.514542,74.532539,82.043417,13.771873,94.754369,0.002362,0.446694,0.248191,15.640244,2.391304,2.060771,1.719501,0.077681,1.372191,412.196863,8.44,0.070624,0.017912
INCY,2024-12-31,0.924917,0.252282,0.170707,0.285803,0.308674,0.058362,0.036958,0.055319,0.082615,126.235283,21.549247,7.3674,69.812205,62.048298,17.73362,57.450877,0.007922,0.01263,0.007998,,749.74463,1.972796,1.936939,0.2165,1.381577,-307.407413,1.894609,0.014748,0.060845
INCY,2025-03-31,0.930478,0.205831,0.150255,0.24429,0.24969,0.043136,0.027517,0.039918,0.058289,160.553553,24.123945,6.925594,96.615622,81.265968,19.852429,79.508335,0.006228,0.011757,0.0075,,355.833333,2.038854,2.001666,0.183133,1.279133,-370.663212,1.681808,0.00301,0.057918
INCY,2025-06-30,0.935172,0.255701,0.333187,0.478413,0.021116,0.097101,0.069571,0.054085,0.122967,62.716337,20.896296,6.089821,989.599632,35.944426,17.196284,814.375746,0.015945,0.010168,0.007285,,940.414141,2.849716,2.784471,0.208805,1.442093,-477.224601,0.110472,0.015692,0.053153
INCY,2025-09-30,0.927525,0.315741,0.310524,0.371106,0.380417,0.091196,0.067006,0.08155,0.096742,59.881919,18.594748,5.460975,48.879909,41.234235,15.302261,40.224967,0.0167,0.008872,0.006519,,815.709459,3.195485,3.133152,0.215782,1.524718,-86.818307,1.318788,0.029098,0.045094
INCY,2025-12-31,0.919633,0.254814,0.198614,0.275083,0.346039,0.057916,0.043012,0.057028,0.07175,84.870819,16.856559,4.915368,48.712859,50.427817,13.871845,40.087496,0.011783,0.00782,0.005808,,671.001718,3.315735,3.249036,0.216562,1.470934,-80.020757,1.815366,0.014519,0.04125
INCY,2026-03-31,0.91789,0.254718,0.23834,0.289132,0.278273,0.053946,0.041331,0.050896,0.058838,83.737361,19.957989,4.517294,71.720971,56.804972,16.424119,59.021667,0.011942,0.007012,0.005373,,604.866432,3.681579,3.60396,0.17341,1.210344,-93.121955,1.217654,0.011943,0.050387
INCY,2026-06-30,0.937277,0.418383,0.349816,0.465086,0.295841,0.092302,0.074385,0.086023,0.114639,43.374038,15.172916,4.003522,51.287441,26.847334,12.486317,42.206208,0.023055,0.006032,0.004861,,1292.261168,4.593088,4.507315,0.21264,1.487766,-233.889897,0.866902,0.007415,0.04018
INTC,2024-12-31,0.391585,0.032889,-0.008836,0.244039,-0.187167,-0.001269,-0.000641,0.0,0.00518,-4556.118894,40.257432,5.782925,-215.088415,167.87052,40.966999,-218.87951,-0.000219,0.503788,0.254528,12.000575,3.559829,1.326866,0.98486,0.072576,4.100058,73.962054,-25.119048,0.409116,0.045652
INTC,2025-03-31,0.368832,-0.011447,-0.064814,0.188442,-0.344991,-0.00823,-0.004271,-0.000967,-0.001793,-699.233838,45.320201,5.754751,-131.366357,244.737918,46.119003,-133.681787,-0.00143,0.502737,0.260874,17.261835,-0.959866,1.309567,0.927861,0.065891,4.134138,151.519399,-0.990256,0.409173,0.053999
INTC,2025-06-30,0.275449,-0.100008,-0.226923,0.036628,-0.11665,-0.029811,-0.015157,-0.008652,-0.016134,-196.7344,44.643517,5.864869,-382.713987,1240.317222,45.430392,-389.459608,-0.005083,0.518548,0.263645,87.29087,-11.198238,1.240491,0.915118,0.066793,5.448729,94.842025,-0.702536,0.276071,0.051637
INTC,2025-09-30,0.382187,0.062843,0.29759,0.574819,0.008863,0.038195,0.019867,0.005238,0.028197,141.29239,42.047241,5.396621,4744.388269,74.437998,42.788355,4828.011664,0.007078,0.437627,0.227627,4.512232,17.219858,1.601728,1.245998,0.066758,4.263898,138.437642,0.626631,0.177617,0.040138
INTC,2025-12-31,0.361489,0.040222,-0.043221,0.266784,0.058505,-0.005171,-0.002795,0.0,0.003453,-971.355297,41.982666,5.023328,717.588726,160.139641,42.722642,730.236764,-0.001029,0.407636,0.220334,8.859649,2.194346,2.017039,1.649089,0.064674,3.561865,175.047992,-7.255499,0.255083,0.039345
INTC,2026-03-31,0.393828,0.068793,-0.274582,-0.040215,-0.187081,-0.033467,-0.018156,0.005971,-0.020634,-153.988997,42.282609,5.153518,-226.012197,-1069.943977,43.027871,-229.995831,-0.006494,0.40425,0.219308,-50.886447,-13.94697,2.311958,1.849768,0.066122,3.339154,342.900256,-0.293991,0.267806,0.045739
INTC,2026-06-30,0.403584,0.1219,-0.68409,-0.451017,0.275918,-0.126031,-0.0545,0.014238,-0.062949,-52.032174,35.594679,6.557664,129.004715,-80.311989,36.222062,131.278519,-0.019219,0.577289,0.249641,-5.177756,-32.70405,1.603953,1.253743,0.079668,3.999008,233.037888,-0.635004,0.158482,0.042535
INTU,2025-01-31,0.763563,0.150643,0.118849,0.209437,0.261923,0.026241,0.014866,0.020341,0.025752,172.023965,20.444937,4.514084,78.057117,99.089494,20.753036,79.233411,0.005813,0.383977,0.217537,4.608434,10.516667,1.272461,,0.125087,3.896755,,2.269639,0.007822,0.125662
INTU,2025-04-30,0.846015,0.479881,0.363683,0.509801,0.56229,0.140124,0.077064,0.107358,0.139278,28.731662,10.449225,4.026002,18.583323,20.805535,10.606691,18.863367,0.034805,0.352149,0.193671,0.243612,55.176471,1.446551,,0.211898,10.709945,,1.558511,0.004514,0.060485
INTU,2025-07-31,0.766641,0.08875,0.099452,0.165231,0.092926,0.01933,0.010309,0.013238,0.015985,212.659547,21.149383,4.110771,227.593504,129.927773,21.468097,231.023259,0.004702,0.336834,0.179636,4.879937,7.20339,1.360366,,0.103658,7.228302,,1.0,0.006526,0.127904
INTU,2025-10-31,0.772716,0.137452,0.114801,0.213127,0.154183,0.023082,0.013437,0.016673,0.024112,181.666563,20.855415,4.193318,135.264253,99.328841,21.169699,137.302638,0.005505,0.355087,0.206713,3.181159,10.672414,1.385956,,0.11705,6.709845,,1.428251,0.009781,0.139768
INTU,2026-01-31,0.775747,0.183831,0.149,0.244249,0.327671,0.036368,0.020215,0.027041,0.036442,116.91672,17.420616,4.252075,53.164887,72.398134,17.683139,53.966063,0.008553,0.36148,0.200922,2.832746,15.982759,1.32327,,0.135669,3.958298,,2.265512,0.00989,0.112019
INTU,2026-04-30,0.839448,0.469736,0.358028,0.505609,0.611825,0.148529,0.077905,0.113604,0.152177,26.443632,9.467549,3.92764,15.474272,19.007229,9.610222,15.707464,0.037816,0.334481,0.175439,0.342269,58.814286,1.452998,,0.217595,10.261391,,1.729765,0.007478,0.056672
INTU,2026-07-31,0.781121,0.17639,0.083372,0.19017,0.28893,0.019113,0.009868,0.019364,0.022913,223.204648,18.608931,4.26618,64.406429,99.328841,18.889362,65.377011,0.00448,0.443397,0.228919,3.57971,8.714286,1.506543,,0.11836,6.9664,,3.666667,0.016766,0.116445
INVH,2024-12-31,0.593856,0.281548,0.21712,0.638175,0.123027,0.014668,0.007653,0.010333,0.013349,111.059122,24.113105,1.62899,195.997964,58.017551,37.025325,300.952048,0.009004,0.840679,0.438603,19.084754,2.508754,0.824504,,0.035246,10.763942,,0.928013,0.078463,0.010785
INVH,2025-03-31,0.593482,0.278181,0.245738,0.642988,0.370069,0.017055,0.008922,0.010528,0.01403,95.89231,23.564367,1.635415,63.675546,56.272805,36.182746,97.772882,0.010428,0.833826,0.436185,18.490721,2.97358,0.808228,,0.036305,10.362889,,1.813123,0.075483,0.015059
INVH,2025-06-30,0.588919,0.28213,0.206761,0.607918,0.473306,0.014572,0.007549,0.010774,0.012843,112.811479,23.324989,1.643897,49.28102,58.91449,35.815184,75.670295,0.008864,0.845497,0.438029,19.576746,2.617212,0.614001,,0.036513,10.738503,,2.714672,0.087982,0.012421
INVH,2025-09-30,0.569711,0.269056,0.198699,0.605156,0.467185,0.014205,0.00728,0.010369,0.012407,116.234484,23.095693,1.651129,49.435837,58.60156,35.463104,75.908014,0.008603,0.855011,0.438183,19.389969,2.51144,1.513312,,0.036638,10.359421,,2.885825,0.106226,0.002784
INVH,2025-12-31,0.585103,0.273433,0.210951,0.621383,0.101951,0.015168,0.007738,0.010462,0.012889,109.949714,23.193974,1.667728,227.500943,57.314069,35.614013,349.324419,0.009095,0.879318,0.448602,19.375272,2.596096,1.51611,,0.036683,11.430931,,0.889979,0.085791,0.010643
INVH,2026-03-31,0.551032,0.243911,0.218642,0.612332,0.32148,0.017656,0.008583,0.010007,0.014336,99.021051,21.650199,1.74828,67.345492,54.290137,33.243568,103.408033,0.010099,0.968247,0.470686,19.327819,2.689853,0.788234,,0.039255,10.154957,,1.825747,0.077706,0.014575
INVH,2026-06-30,0.550996,0.251844,0.292752,0.679469,0.440582,0.02417,0.011863,0.010708,0.017577,72.624577,21.261014,1.75535,48.256667,48.046318,32.64598,74.097416,0.013769,0.941716,0.462194,16.637703,3.337036,1.002704,,0.040521,7.529335,,1.752896,0.072582,0.012502
IP,2024-12-31,0.290393,-0.015721,-0.032096,0.083624,0.029913,-0.017986,-0.006447,-0.003419,-0.006256,-124.394879,3.992587,2.237373,133.474797,71.705089,5.996299,200.460213,-0.008039,0.712346,0.255351,11.725849,-1.074074,1.50869,1.159699,0.200877,1.906744,121.345764,-2.70068,0.056769,
IP,2025-03-31,0.277166,-0.009878,-0.019947,0.104673,-0.117401,-0.005804,-0.002551,-0.001489,-0.000585,-174.152831,3.473793,1.010726,-29.589073,49.842195,5.217145,-44.438591,-0.005742,0.558037,0.245239,15.359347,-0.148148,1.329136,0.9585,0.127866,1.329629,117.76897,2.742857,0.06269,
IP,2025-06-30,0.280039,0.033702,0.012211,0.120319,0.008792,0.004029,0.00177,0.004753,0.007346,243.813963,2.977214,0.982223,338.630504,37.162448,4.471353,508.574985,0.004101,0.558307,0.24528,11.886333,1.811189,1.333942,0.96068,0.144941,1.479643,108.175847,6.346667,0.068707,
IP,2025-09-30,0.310993,-0.035519,-0.177113,0.087271,0.024108,-0.063637,-0.027164,-0.005101,-0.018099,-16.593509,2.938934,1.055959,121.906982,50.576518,4.413862,183.086995,-0.060265,0.601259,0.256655,16.513812,-6.941176,1.313088,1.039654,0.153372,1.742857,69.879927,-0.549002,0.073128,
IP,2025-12-31,0.31352,0.009324,-0.396936,-0.280053,0.042458,-0.160788,-0.062796,0.002022,-0.079162,-7.670322,3.04463,1.233294,71.709989,-16.327615,4.572602,107.698232,-0.130373,0.695825,0.271757,-5.16409,-8.686131,1.279402,1.024687,0.158203,1.584279,63.071291,-0.379614,0.108225,
IP,2026-03-31,0.289231,0.029141,0.010049,0.119578,0.015743,0.004052,0.001647,0.005949,0.007663,304.767454,3.062477,1.234876,194.532417,38.463654,4.599405,292.160098,0.003281,0.644449,0.261926,11.004202,1.704545,1.213064,0.944154,0.163885,1.696789,49.038929,10.183333,0.086585,
IP,2026-06-30,0.276482,0.007162,-0.001999,0.098767,-0.001166,-0.00083,-0.000329,0.000769,0.003619,-1523.837269,3.045644,1.265033,-2612.292462,46.312056,4.574125,-3923.292745,-0.000656,0.670218,0.265272,14.318718,0.801527,1.098321,0.837064,0.164399,1.591307,47.291372,-43.833333,0.088774,
IQV,2024-12-31,0.348156,0.15715,0.110409,0.257201,0.182163,0.072029,0.016246,0.024635,0.035854,100.349507,11.079519,7.228076,60.822101,57.129403,14.693717,80.662596,0.009965,2.333278,0.526265,12.063851,4.181287,0.837861,,0.147143,2.847482,,2.025172,0.041435,0.012127
IQV,2025-03-31,0.338992,0.137112,0.06503,0.196657,0.111256,0.04166,0.009114,0.020971,0.024227,176.115399,11.45279,7.336914,102.940691,77.234704,15.188752,136.520497,0.005678,2.427137,0.530964,16.719788,2.957576,0.823374,,0.140143,2.71753,,2.281124,0.037085,0.018804
IQV,2025-06-30,0.32935,0.133931,0.066219,0.194424,0.072691,0.046037,0.00929,0.02091,0.023979,164.859904,10.916787,7.589604,150.180597,74.465726,14.477902,199.170315,0.006066,2.717203,0.548338,17.222791,2.774725,0.837956,,0.140298,2.705051,,1.665414,0.03759,0.014937
IQV,2025-09-30,0.334878,0.139756,0.080732,0.215366,0.188293,0.053734,0.011522,0.02208,0.029527,132.485603,10.695789,7.11895,56.80406,65.863796,14.184813,75.33385,0.007548,2.465909,0.528771,14.884485,3.15873,0.70275,,0.142723,2.881237,,2.743202,0.033171,0.013415
IQV,2025-12-31,0.329056,0.149175,0.117782,0.239918,0.128552,0.07904,0.017165,0.026071,0.033787,85.316604,10.048748,6.743462,78.168867,55.547022,13.326703,103.667971,0.011721,2.45256,0.532628,13.12703,3.782383,0.74946,,0.145739,2.616307,,1.429961,0.039872,0.013749
IQV,2026-03-31,0.326427,0.136112,0.066008,0.194652,0.118285,0.044044,0.009233,0.021011,0.024361,160.046476,10.564378,7.049146,89.313105,71.977391,14.010535,118.447519,0.006248,2.582382,0.541365,17.185644,2.708333,0.746788,,0.139882,2.543505,,2.255474,0.030595,0.015659
IQV,2026-06-30,0.328526,0.130266,0.058608,0.180861,0.082418,0.041484,0.008567,0.020549,0.02364,171.299744,10.039545,7.106261,121.813151,73.617382,13.314499,161.549255,0.005838,2.631826,0.543523,17.835443,2.527919,0.706296,,0.14618,2.686347,,2.179688,0.04533,0.021749
IR,2024-12-31,0.429474,0.206099,0.121037,0.268882,0.258559,0.022576,0.01276,0.01909,0.023896,121.279369,14.679237,2.73799,56.773272,62.019,16.675814,64.495212,0.008245,0.472915,0.267288,6.300294,6.260518,2.289021,1.709,0.10542,1.421746,327.960841,2.289817,0.018593,0.008006
IR,2025-03-31,0.445888,0.188956,0.108632,0.252971,0.129718,0.017788,0.010147,0.016348,0.018988,149.436993,16.23369,2.658134,125.145932,72.900529,18.441694,142.167488,0.006692,0.461087,0.263034,7.274465,5.135621,2.382144,1.761933,0.093409,1.273307,421.942615,1.374799,0.01963,0.008271
IR,2025-06-30,0.436941,0.192383,-0.061073,0.111923,0.111447,-0.01143,-0.006385,0.006171,0.005596,-241.717252,14.762434,2.76288,132.461973,149.83767,16.770327,150.47861,-0.004137,0.480485,0.268385,16.4354,1.448166,2.285745,1.627811,0.10454,1.360257,396.33927,-2.130963,0.018698,0.008846
IR,2025-09-30,0.437442,0.203836,0.124859,0.260358,0.166496,0.024115,0.013419,0.020567,0.02364,114.174515,14.255754,2.753272,85.622117,62.201767,16.194731,97.267894,0.008759,0.479358,0.266754,7.095285,5.906298,2.162079,1.509244,0.107475,1.367802,408.065718,1.452683,0.014885,0.007621
IR,2025-12-31,0.425928,0.202707,0.127248,0.258416,0.220687,0.026373,0.014543,0.022853,0.02462,104.735059,13.327276,2.762195,60.390031,58.587527,15.139967,68.6039,0.009548,0.480634,0.265041,6.543116,6.157165,2.055849,1.488216,0.114291,1.377602,318.707406,1.875235,0.017932,0.003443
IR,2026-03-31,0.428974,0.170095,0.103995,0.23311,0.088458,0.018879,0.010544,0.017712,0.018027,145.080682,15.0877,2.739039,170.56303,73.526938,17.139833,193.761932,0.006893,0.476025,0.265866,8.138412,4.603448,2.227079,1.585297,0.101393,1.269379,422.081475,1.039563,0.019651,0.008608
IR,2026-06-30,0.421027,0.17498,0.125342,0.255369,0.131248,0.025233,0.014114,0.018935,0.025123,108.528034,13.603084,2.738447,103.644474,60.51357,15.45329,117.741538,0.009214,0.474851,0.265619,6.84805,6.167457,1.615845,1.151334,0.112608,1.352522,368.82428,1.152259,0.013178,0.008688
IRM,2024-12-31,0.564319,0.205169,0.065727,0.37259,-0.153409,-0.206574,0.005553,0.020884,0.021048,327.515481,21.52646,-67.656233,-140.32096,91.944601,34.257596,-223.3093,0.003053,-32.535473,0.874564,23.021227,1.606735,0.547804,,0.084483,1.224489,,4.152523,0.42634,0.028235
IRM,2025-03-31,0.55404,0.201211,0.010017,0.294675,-0.305422,-0.022837,0.000824,0.011777,0.013877,2133.860269,21.374392,-48.730658,-69.983201,115.434137,34.015592,-111.372525,0.000469,-24.535412,0.885156,31.450497,1.15675,0.616127,,0.08225,1.213745,,12.368292,0.429312,0.016385
IRM,2025-06-30,0.559077,0.183469,-0.02624,0.25867,-0.106668,0.058534,-0.002226,0.021181,0.010622,-757.760046,19.883395,-44.354629,-186.404573,122.328696,31.642793,-296.647591,-0.00132,-23.260437,0.884724,34.726789,0.870915,0.632675,,0.084847,1.234183,,-8.350794,0.32579,0.035255
IRM,2025-09-30,0.548519,0.207915,0.048053,0.337268,-0.152548,-0.095571,0.004085,0.019975,0.018036,403.83603,19.405664,-38.595018,-127.210395,91.566782,30.882522,-202.444911,0.002476,-20.94995,0.895516,27.042551,1.472151,0.658664,,0.085015,1.279084,,3.174469,0.305092,0.018327
IRM,2025-12-31,0.553757,0.219564,0.048433,0.331574,-0.038266,-0.090998,0.004226,0.023378,0.017578,381.307707,18.467854,-34.698365,-482.622133,88.638094,29.390075,-768.053545,0.002623,-19.420387,0.901847,26.627719,1.472173,0.738685,,0.08725,1.276724,,5.600963,0.309537,0.011765
IRM,2026-03-31,0.540426,0.209562,0.074201,0.349833,-0.094347,-0.118242,0.006686,0.021606,0.02132,236.935503,17.58095,-28.015663,-186.343346,79.977229,27.97864,-296.550153,0.004221,-15.954361,0.902168,24.880517,1.781617,0.768789,,0.090109,1.359049,,2.356524,0.269204,0.014594
IRM,2026-06-30,0.527561,0.19059,0.049989,0.313067,-0.037406,-0.079185,0.00462,0.02112,0.018143,335.59439,16.775899,-26.574133,-448.482049,85.277216,26.697467,-713.722401,0.00298,-15.313168,0.893398,26.989912,1.537659,0.726047,,0.092417,1.364417,,5.415193,0.308104,0.027987
ISRG,2024-12-31,0.680423,0.304496,0.28411,0.356163,0.21156,0.041725,0.036584,0.037993,0.043235,205.514808,58.388856,8.575154,275.991978,155.732846,55.466316,262.17774,0.004866,,,,,4.074371,3.222254,0.128767,1.969561,797.581607,1.19965,0.129273,0.073337
ISRG,2025-03-31,0.646889,0.256546,0.309932,0.322934,0.206355,0.040827,0.036336,0.033794,0.032694,201.77764,62.537279,8.23794,303.056997,183.96036,59.407098,287.888073,0.004956,,,,,4.97874,3.968663,0.11724,2.066392,762.599719,0.832761,0.051744,0.082187
ISRG,2025-06-30,0.663074,0.304672,0.269836,0.372049,0.229549,0.036894,0.032654,0.033252,0.040248,214.036306,57.754715,7.896664,251.600614,147.464149,54.863916,239.007238,0.004672,,,,,5.167139,4.182264,0.121013,2.155477,791.003746,1.086574,0.063648,0.08041
ISRG,2025-09-30,0.663606,0.303261,0.281186,0.360026,0.293641,0.041607,0.0364,0.037213,0.043291,200.058921,56.253844,8.323922,191.57355,148.428822,53.438168,181.984712,0.004999,,,,,4.727873,3.739685,0.12945,2.236696,808.856376,1.193924,0.042074,0.081234
ISRG,2025-12-31,0.664399,0.301549,0.277301,0.37862,0.254693,0.044592,0.038849,0.04057,0.046839,177.304358,49.166668,7.906278,193.043156,123.357864,46.705727,183.380759,0.00564,,,,,4.874639,3.957482,0.140097,1.876645,795.897935,1.122924,0.056695,0.07093
ISRG,2026-03-31,0.66064,0.308683,0.296485,0.380865,0.291829,0.047011,0.040848,0.042991,0.046995,171.541697,50.8595,8.064408,174.278387,126.852984,48.313828,165.555224,0.005829,,,,,4.60989,3.592046,0.137775,1.991805,809.064968,1.110043,0.037282,0.07561
ISRG,2026-06-30,0.6778,0.33603,0.282854,0.415932,0.327905,0.045029,0.039187,0.041756,0.051278,172.254619,48.72299,7.756407,148.58868,111.278432,46.284256,141.151365,0.005805,,,,,4.962661,3.90764,0.138543,2.01779,866.906117,1.296907,0.038931,0.072572
IT,2024-12-31,0.66479,0.185288,0.232388,0.248814,0.18157,0.293248,0.0467,0.083211,0.08225,29.434549,6.840235,8.63161,37.672733,31.804884,7.913507,43.583805,0.033974,2.133661,0.339791,1.234383,5.083166,1.057323,,0.200959,1.011139,,0.841389,0.013959,0.017605
IT,2025-03-31,0.690359,0.181231,0.137497,0.215875,0.187691,0.140827,0.024876,0.055483,0.059816,55.617105,7.647211,7.832417,40.743538,40.982445,8.847104,47.136437,0.01798,1.859659,0.328488,1.116915,20.906658,1.089738,,0.180917,1.020317,,1.486269,0.016667,0.032701
IT,2025-06-30,0.684705,0.193955,0.142775,0.225522,0.205945,0.157105,0.028913,0.062041,0.069622,48.723608,6.9565,7.654716,33.778411,35.686114,8.048015,39.078441,0.020524,1.809404,0.332998,0.695322,27.929328,1.105793,,0.202509,1.335104,,1.59299,0.021494,0.025513
IT,2025-09-30,0.688848,0.155074,0.023199,0.089703,0.176666,0.063529,0.004877,0.039829,0.022816,331.810291,7.697679,21.079461,43.572044,99.277374,8.905489,50.408752,0.003014,4.952953,0.380266,7.550873,5.268198,0.87753,,0.210244,1.360187,,8.449359,0.019351,0.020027
IT,2025-12-31,0.673282,0.190714,0.13817,0.254184,0.154466,0.756943,0.029949,0.078113,0.099075,48.44815,6.694064,36.67247,43.336891,30.46765,7.744402,50.136702,0.020641,10.465353,0.414074,2.826534,4.745763,0.998587,,0.216757,1.040396,,1.21636,0.013598,0.01835
IT,2026-03-31,0.715887,0.205126,0.147146,0.237512,0.245272,3.507888,0.029045,0.077365,0.083169,52.764259,7.764062,185.091134,31.654911,37.818187,8.982289,36.621751,0.018952,51.410545,0.425668,3.666921,14.892626,0.938673,,0.197386,1.070524,,1.758712,0.013516,0.030357
IT,2026-06-30,0.709472,0.226296,0.164384,0.251842,0.225762,-1.646288,0.038297,0.104781,0.106756,42.584035,7.000129,-70.105569,31.006611,32.157089,8.09849,35.87173,0.023483,-19.317619,0.449382,3.531566,16.926659,0.880169,,0.232975,1.394049,,1.445702,0.011888,0.024458
ITW,2024-12-31,0.435148,0.262208,0.190743,0.293235,0.253306,0.226176,0.049778,0.070366,0.097686,102.307758,19.51445,23.139571,77.038974,74.229673,21.766738,85.930535,0.009774,2.436068,0.536139,5.997398,15.455882,1.359331,0.986769,0.260968,1.31461,456.12244,1.485333,0.03001,0.003306
ITW,2025-03-31,0.437093,0.247721,0.182339,0.275593,0.1292,0.215983,0.045255,0.064656,0.082392,109.615455,19.987189,23.675044,154.699231,80.894908,22.294038,172.554058,0.009123,2.549522,0.5342,6.984877,14.161765,1.59709,1.157143,0.24819,1.217571,480.334898,0.845714,0.025007,0.004168
ITW,2025-06-30,0.439674,0.263509,0.186282,0.288922,0.110782,0.235202,0.047046,0.066515,0.088478,101.630223,18.931858,23.903682,170.892692,73.088653,21.116904,190.61651,0.00984,2.784112,0.556892,6.959009,14.486486,1.585453,1.15056,0.252555,1.220783,475.300601,0.728477,0.02492,0.004688
ITW,2025-09-30,0.444937,0.273959,0.202267,0.301552,0.222715,0.255923,0.050883,0.07163,0.093643,93.460193,18.903873,23.918584,84.879224,69.923867,21.085689,94.675678,0.0107,2.787406,0.554199,6.550654,14.986667,1.529526,1.112052,0.251565,1.247005,473.662345,1.243605,0.028825,0.004188
ITW,2025-12-31,0.441974,0.265087,0.193012,0.293672,0.209626,0.244961,0.048922,0.068645,0.09971,97.127618,18.746841,23.792502,89.429858,71.203671,20.910533,99.75153,0.010296,2.856124,0.570411,6.753744,14.653333,1.20952,0.885876,0.253468,1.268361,469.47399,1.218987,0.025654,0.004153
ITW,2026-03-31,0.438247,0.253984,0.191235,0.283616,0.131474,0.237845,0.047221,0.065451,0.095125,99.90992,19.10628,23.763028,145.32352,75.142066,21.311457,162.096237,0.010009,2.833075,0.562469,7.305531,14.246575,1.188332,0.864566,0.246926,1.188166,487.916517,0.811198,0.023655,0.004482
ITW,2026-06-30,0.441293,0.266682,0.189491,0.292258,0.14671,0.281617,0.049412,0.068761,0.109952,94.148244,17.840228,26.513759,121.601931,68.088157,19.899282,135.636788,0.010622,3.349689,0.587729,7.044551,14.670886,1.108685,0.813707,0.260761,1.20679,472.575925,0.887117,0.02139,0.005115
IVZ,2024-12-31,0.37828,0.195669,0.16855,0.234714,0.203327,0.018441,0.009941,0.013288,0.012598,50.201076,8.461387,0.925761,41.614661,47.329203,11.108844,54.635348,0.01992,0.5183,0.279404,14.965231,26.596774,3.14198,,0.058981,1.431138,,1.180261,,0.008851
IVZ,2025-03-31,0.363327,0.181337,0.150602,0.261248,-0.070625,0.015668,0.008183,0.018442,0.013394,58.527958,8.814405,0.917019,-124.805452,44.296343,11.572318,-163.855455,0.017086,0.065638,0.034281,,27.328244,6.694709,,0.054336,1.351958,,-0.367347,0.015302,0.00994
IVZ,2025-06-30,0.332827,0.141339,0.134213,0.221181,0.349984,0.014661,0.007138,0.012089,0.010903,66.268382,8.894087,0.971592,25.412875,52.793524,11.676931,33.364233,0.01509,0.135795,0.066109,1.169451,14.256039,6.661754,,0.053181,1.374229,,2.693707,0.011547,0.015638
IVZ,2025-09-30,0.341685,0.165143,0.210741,0.250366,0.357474,0.024683,0.012156,0.021466,0.013822,38.990422,8.216891,0.9624,22.985997,43.088359,10.78785,30.178017,0.025647,0.115996,0.057126,0.245435,14.490272,6.698302,,0.057682,1.423094,,1.753544,0.01207,0.012741
IVZ,2025-12-31,0.37039,-0.861761,-0.627128,0.284397,0.255437,-0.086755,-0.039164,-0.056514,-0.050479,-12.702845,7.966305,1.102035,31.186925,36.775538,10.458859,40.944908,-0.078723,0.799975,0.361132,15.374065,-57.495652,12.002007,,0.062449,1.470282,,-0.429554,0.013948,0.011939
IVZ,2026-03-31,0.361364,0.191,0.15397,0.205044,0.113729,0.021918,0.010009,0.012676,0.012814,50.182386,7.726563,1.099877,67.938452,49.472712,10.144104,89.19551,0.019927,0.770273,0.351773,21.620352,13.353909,7.059505,,0.065009,1.423268,,0.791512,0.00814,0.01949
IVZ,2026-06-30,0.357033,0.199496,0.209411,0.280018,0.385462,0.030653,0.013915,0.014096,0.018527,35.257622,7.38332,1.080749,19.154453,34.61735,9.693465,25.147633,0.028363,0.74291,0.337257,14.974961,20.29661,6.815682,,0.06645,1.43782,,1.920481,0.016707,0.017145
J,2024-12-31,0.245918,0.071061,-0.006181,0.050308,0.033114,-0.004311,-0.001561,0.0,0.011472,-925.721755,5.722328,3.99094,172.804953,133.141625,6.698037,202.269769,-0.00108,0.721478,0.261314,8.377892,2.526335,1.254589,,0.252605,2.089183,,-5.926972,0.003523,0.004453
J,2025-03-31,0.253691,0.07169,0.001928,0.052392,-0.039067,0.001452,0.000501,0.003018,0.011441,2990.615721,5.766647,4.343014,-147.609392,128.835186,6.749913,-172.778135,0.000334,0.80612,0.277878,9.371408,2.446941,1.501688,,0.259611,2.241436,,-17.183001,0.005934,0.007313
J,2025-06-30,0.250154,0.077517,0.059241,0.112963,0.089236,0.046992,0.015737,0.028982,0.034378,93.445814,5.535824,4.39122,62.03597,57.361653,6.479733,72.613667,0.010701,0.786044,0.263237,3.548808,7.615314,1.394782,,0.265645,2.054462,,1.629097,0.007274,0.004314
J,2025-09-30,0.243106,0.067061,0.038752,0.090132,0.11206,0.033578,0.010864,0.025718,0.028442,137.286997,5.320199,4.609784,47.476536,69.091688,6.227342,55.571718,0.007284,0.744301,0.240822,3.520548,6.359934,1.30094,,0.28035,2.275663,,3.13362,0.009376,0.004292
J,2025-12-31,0.232367,0.070617,0.03811,0.091121,0.110813,0.036444,0.010806,0.025315,0.029922,133.723232,5.096235,4.873352,45.989427,65.464723,5.96519,53.831042,0.007478,0.859386,0.254823,3.109472,7.020406,1.329535,,0.283549,2.100966,,3.033751,0.004804,0.005249
J,2026-03-31,0.215134,-0.02197,-0.012418,-0.009002,-0.136648,-0.013934,-0.003842,-0.007205,-0.010781,-365.785485,4.542321,5.096889,-33.241107,-590.633077,5.316828,-38.909019,-0.002734,1.384234,0.381694,-81.546195,-2.179696,1.433775,,0.30941,2.319585,,10.551206,0.005623,0.005708
J,2026-06-30,0.198877,0.070332,0.033498,0.086617,0.105729,0.04183,0.011628,0.023722,0.037982,122.907116,4.117185,5.141183,38.940996,55.637821,4.819203,45.580789,0.008136,1.242051,0.345263,6.815474,5.414239,1.287413,,0.347115,2.454099,,3.340234,0.006164,0.004539
JBHT,2024-12-31,0.129128,0.065803,0.049408,0.133442,0.029668,0.038723,0.018702,0.030533,0.03231,141.518218,6.992098,5.480021,235.677726,55.730683,7.436797,250.666876,0.007066,0.368091,0.177774,3.407658,9.559807,1.055388,1.03056,0.378519,2.570197,61.519471,2.04328,0.071286,0.002641
JBHT,2025-03-31,0.12513,0.061163,0.040303,0.122598,0.054214,0.03045,0.014262,0.02413,0.028001,186.84876,7.53051,5.689535,138.903731,65.331169,8.009452,147.738036,0.005352,0.408482,0.191319,4.288799,9.608001,0.891262,,0.353865,2.428768,,3.43292,0.084142,0.006313
JBHT,2025-06-30,0.131617,0.067371,0.043926,0.127811,0.063375,0.035188,0.015608,0.026826,0.031274,171.037854,7.513051,6.018492,118.548789,62.521042,7.990882,126.088516,0.005847,0.470371,0.208631,4.458093,9.268217,0.872557,,0.355313,2.476944,,3.125801,0.07393,0.006715
JBHT,2025-09-30,0.138388,0.079484,0.055963,0.138158,0.115417,0.047832,0.021073,0.035648,0.039298,128.766179,7.20613,6.159126,62.435465,55.475934,7.664441,66.406373,0.007766,0.448464,0.197573,3.67385,13.578255,0.867251,,0.376545,2.479297,,2.847128,0.043916,0.006744
JBHT,2025-12-31,0.136661,0.079589,0.058473,0.138832,0.081144,0.05079,0.022842,0.038021,0.041841,121.498285,7.104369,6.170841,87.552126,54.42709,7.556208,93.120459,0.008231,0.411434,0.185034,3.371666,14.36546,0.828892,0.807082,0.390635,2.668652,53.027369,2.129564,0.043378,0.004217
JBHT,2026-03-31,0.126375,0.06774,0.046312,0.126438,0.079427,0.039382,0.017849,0.03164,0.031536,155.415802,7.197657,6.120585,90.620113,60.546683,7.655429,96.38357,0.006434,0.362468,0.164281,3.359421,11.566927,1.258168,,0.385408,2.302519,,2.494034,0.036078,0.005905
JBHT,2026-06-30,0.126735,0.074229,0.051794,0.125901,0.072476,0.049502,0.022787,0.040301,0.039915,121.521775,6.294051,6.015554,86.843619,53.171485,6.694354,92.366891,0.008229,0.31318,0.144162,2.593214,15.473044,1.255203,,0.439949,2.391956,,2.045074,0.033446,0.005732
JBL,2025-02-28,0.085612,0.044293,0.01739,0.061237,0.032402,0.086156,0.006726,0.04468,0.043495,268.299728,4.665735,23.115661,143.995726,82.471041,5.050248,155.862702,0.003727,2.42489,0.189296,3.133495,5.972973,1.024279,0.664149,0.386756,1.814455,70.338997,2.854701,0.017241,
JBL,2025-05-31,0.086995,0.048927,0.02836,0.073582,0.040879,0.172763,0.011944,0.070327,0.071522,141.401208,4.010101,24.428847,98.097088,58.989703,4.340581,106.181466,0.007072,2.59144,0.179157,2.362847,8.837838,0.983375,0.642883,0.421155,1.955045,41.554457,1.828829,0.010986,
JBL,2025-08-31,0.094886,0.057562,0.026418,0.044353,0.050776,0.144085,0.011756,0.08439,0.065024,143.995726,3.804056,20.747567,74.919017,92.836254,4.117556,81.093243,0.006945,2.224719,0.181524,2.601093,8.971429,1.000438,0.659107,0.44502,2.04308,19.535494,2.697248,0.02048,
JBL,2025-11-30,0.089344,0.044792,0.01758,0.062733,0.027453,0.108631,0.007574,0.058349,0.053723,215.007316,3.779779,23.35645,137.680124,65.217023,4.091279,149.026618,0.004651,2.505952,0.174725,2.523992,7.470588,0.988727,0.666965,0.430847,1.878534,13.948048,2.212329,0.011439,
JBL,2026-02-28,0.090075,0.046728,0.026926,0.06339,0.037189,0.165923,0.010811,0.054862,0.058965,140.767122,3.790276,23.35645,101.919052,64.720131,4.102641,110.318406,0.007104,3.265625,0.212769,3.897143,7.976744,1.013368,0.677672,0.401493,1.88656,21.774621,1.843049,0.012437,
JBL,2026-05-31,0.094618,0.052108,0.031425,0.070049,0.04011,0.207861,0.011545,0.072883,0.078561,114.149339,3.587141,23.727187,89.433243,55.42915,3.882764,96.803615,0.00876,2.941799,0.163399,3.292007,8.176471,0.98093,0.660418,0.367396,1.59894,-46.982543,1.945455,0.021026,
JCI,2024-12-31,0.354958,0.097125,0.077221,0.123111,0.024143,0.026352,0.009953,0.018008,0.015315,207.137555,15.995325,5.458531,662.523935,143.20006,17.629495,730.210992,0.004828,0.628491,0.237375,13.107784,7.089552,1.018587,0.86168,0.12889,0.966512,223.825088,0.589499,0.021379,0.00516
JCI,2025-03-31,0.364517,0.113108,0.084214,0.133721,0.088971,0.030244,0.011282,0.023601,0.018232,181.570367,15.29081,5.49134,171.862645,126.031146,16.853002,189.421069,0.005508,0.631825,0.235702,12.109354,9.946429,0.960481,0.811881,0.133972,0.968931,225.117859,1.253138,0.016561,0.005462
JCI,2025-06-30,0.371117,0.13698,0.115829,0.156973,0.148876,0.044283,0.016155,0.027818,0.024482,123.809751,14.340819,5.482668,96.327009,100.692253,15.805955,106.168302,0.008077,0.650221,0.237204,10.065263,13.818182,0.959433,0.811336,0.139469,0.983905,218.296029,1.419401,0.015532,0.007931
JCI,2025-09-30,0.364949,0.128842,0.262807,0.106178,-0.088792,0.130966,0.044624,0.027679,0.014964,51.264404,13.472623,6.713904,-151.73188,139.850351,14.849059,-167.233636,0.019507,0.764292,0.260418,13.890351,8.244898,0.9288,0.762453,0.169799,1.027596,195.13681,-0.261075,0.02018,0.005123
JCI,2025-12-31,0.357771,0.147145,0.090392,0.157668,0.080041,0.039685,0.013796,0.02924,0.027291,165.630984,14.971647,6.573056,187.048783,104.658249,16.501232,206.158707,0.006038,0.735005,0.255509,10.014223,17.857143,0.994286,0.810304,0.152621,0.936511,224.842735,1.038168,0.0138,0.005865
JCI,2026-03-31,0.368284,0.140182,0.099805,0.157441,0.093292,0.045347,0.015983,0.030988,0.028758,141.583418,14.13068,6.420375,151.467078,98.922068,15.574347,166.94178,0.007063,0.704468,0.248292,9.126163,13.3,1.036398,0.854125,0.16014,0.928636,235.290475,1.045677,0.011071,0.00521
JCI,2026-06-30,0.374055,0.161324,0.113245,0.171908,0.180526,0.055556,0.019325,0.038115,0.035486,115.875348,13.122261,6.437519,72.688974,84.131609,14.462903,80.115276,0.00863,0.702789,0.244459,7.769569,16.810345,0.999823,0.826553,0.170644,0.948924,211.667944,1.720961,0.014363,0.004385
JKHY,2024-12-31,0.419968,0.214346,0.170507,0.317009,0.049809,0.049528,0.033603,0.04445,0.05391,110.960575,18.919535,5.495611,379.838977,60.042893,19.034139,382.139833,0.009012,0.075928,0.051515,0.683545,46.820504,1.165727,,0.197079,1.978138,,0.916214,0.106411,0.015394
JKHY,2025-03-31,0.417888,0.237127,0.1899,0.334398,0.087734,0.05456,0.037895,0.049232,0.057939,97.715173,18.556108,5.331355,211.504276,55.827198,18.668511,212.785453,0.010234,0.083479,0.057981,0.665109,52.961919,1.361807,,0.199551,2.026472,,0.970668,0.096596,0.011747
JKHY,2025-06-30,0.441185,0.253014,0.207361,0.347011,0.440811,0.059885,0.04192,0.058293,0.064609,85.08305,17.642885,5.095164,40.023658,51.150378,17.749756,40.266099,0.011753,,,,77.09372,1.271901,,0.202161,1.895575,,2.563493,0.090756,0.009718
JKHY,2025-09-30,0.459368,0.285488,0.223325,0.377046,0.09616,0.066251,0.047246,0.06349,0.073218,75.40273,16.839301,4.995522,175.117544,44.931644,16.941305,176.17831,0.013262,0.009202,0.006563,,215.805869,1.494166,,0.211558,2.050361,,0.837512,0.090877,0.009798
JKHY,2025-12-31,0.43328,0.256966,0.201294,0.352782,0.138484,0.056589,0.040741,0.054356,0.061805,87.086802,17.53002,4.928121,126.584944,49.991775,17.636207,127.351726,0.011483,0.009078,0.006536,,144.776708,1.599844,,0.202394,2.030956,,1.224564,0.108013,0.013626
JKHY,2026-03-31,0.428016,0.243691,0.193155,0.335671,0.191598,0.057567,0.040286,0.054021,0.059022,88.343918,17.064083,5.085667,89.062102,51.143672,17.167448,89.601592,0.011319,0.042158,0.029503,0.32508,116.302545,1.743721,,0.208567,2.202637,,1.51376,0.100793,0.01288
JKHY,2026-06-30,0.425215,0.212373,0.172707,0.304747,0.367746,0.054206,0.035358,0.052041,0.05473,97.610629,16.857996,5.291037,45.841391,55.653114,16.960113,46.119073,0.010245,0.019494,0.012716,0.14238,71.396977,1.166935,,0.204731,1.81225,,2.721228,0.102228,0.014765
JNJ,2024-12-31,0.683481,0.161679,0.152353,0.262877,0.214831,0.047993,0.01905,0.029724,0.031006,189.638148,28.892029,9.101252,134.487079,114.683539,30.147715,140.332069,0.005273,0.512435,0.203405,2.116385,29.372263,1.110729,0.863437,0.125039,1.517316,349.779879,2.035267,0.095249,0.010568
JNJ,2025-03-31,0.663957,0.28315,0.502398,0.712876,0.153702,0.140816,0.056792,0.038371,0.101157,59.15524,29.719476,8.330007,193.357648,43.501413,31.011125,201.761233,0.016905,0.668963,0.269798,0.882809,67.818627,1.257421,1.034954,0.113042,1.366604,421.579049,0.379489,0.036952,0.013155
JNJ,2025-06-30,0.678726,0.28261,0.233206,0.368193,0.104452,0.070559,0.028631,0.04429,0.04884,117.509208,27.403803,8.291368,262.35826,77.662611,28.594809,273.760705,0.00851,0.646859,0.262481,3.681537,22.074675,1.005869,0.758324,0.122773,1.330438,463.257605,0.700379,0.058881,0.017268
JNJ,2025-09-30,0.69562,0.295753,0.214729,0.396574,0.333264,0.064987,0.02672,0.03901,0.054513,126.290467,27.118263,8.207279,81.371747,71.353289,28.296859,84.908273,0.007918,0.577658,0.237506,2.8969,31.583673,1.073562,0.795475,0.124435,1.362387,493.86924,1.779697,0.048889,0.014463
JNJ,2025-12-31,0.675623,0.22761,0.208272,0.292745,0.222765,0.062739,0.025681,0.043181,0.035703,127.179141,26.487888,7.979109,118.90506,94.413371,27.639088,124.072834,0.007863,0.587818,0.240615,3.924906,24.205607,1.027676,0.765492,0.123307,1.429969,356.028479,1.428655,0.074784,0.012579
JNJ,2026-03-31,0.66312,0.265772,0.217563,0.343529,0.060884,0.064482,0.026059,0.041043,0.043736,124.288154,27.040499,8.014294,444.128659,82.134835,28.215716,463.431091,0.008046,0.677297,0.273712,4.02843,23.022059,1.025244,0.772576,0.119775,1.357824,454.464429,0.480229,0.043596,0.012468
JNJ,2026-06-30,0.681904,0.283445,0.218649,0.355077,0.288226,0.065128,0.027524,0.04391,0.048082,117.57291,25.707171,7.657301,89.191019,75.545404,26.824439,93.067382,0.008505,0.577091,0.243886,3.183932,25.010676,1.088879,0.813007,0.125882,1.328888,543.100101,1.556921,0.052193,0.018096
JPM,2024-12-31,,,0.327288,,3.453016,0.040623,0.003499,,,66.3683,21.721578,2.696059,6.290611,,17.93405,5.193735,0.015067,1.317768,0.113498,,,,,0.01069,0.42274,,10.550375,,
JPM,2025-03-31,,,0.323052,,-5.556048,0.041668,0.00336,,,63.476613,20.506278,2.644949,-3.690803,,16.930658,-3.047248,0.015754,1.343703,0.108357,,,,,0.010401,0.384632,,-17.198593,,
JPM,2025-06-30,,,0.33392,,0.658326,0.041989,0.003292,,,62.01962,20.709595,2.604162,31.45795,,17.098524,25.97272,0.016124,1.359099,0.106556,,,,,0.009859,0.360605,,1.971509,,
JPM,2025-09-30,,,0.309994,,-0.97381,0.039957,0.003156,,,64.579173,20.019127,2.580392,-20.557527,,16.52845,-16.972972,0.015485,1.378516,0.108889,,,,,0.010182,0.327258,,-3.141388,,
JPM,2025-12-31,,,0.284413,,2.614289,0.035937,0.002944,,,71.361846,20.296271,2.564544,7.76359,,16.75727,6.409876,0.014013,1.379497,0.112993,,,,,0.01035,0.410362,,9.191862,,
JPM,2026-03-31,,,0.330985,,-4.249413,0.045308,0.003366,,,56.353101,18.652059,2.553272,-4.389326,,15.399754,-3.623972,0.017745,1.419665,0.105462,,,,,0.010169,0.350113,,-12.838669,,
JPM,2026-06-30,,,0.400269,,-0.478374,0.056474,0.004218,,,43.937038,17.58662,2.481295,-36.763361,,14.520093,-30.353041,0.02276,1.422733,0.10627,,,,,0.010539,0.293722,,-1.195131,,
KDP,2024-12-31,0.559459,0.191892,-0.035381,0.067813,0.165602,-0.00594,-0.002695,0.01835,0.002051,-292.577564,10.351639,1.737869,62.509153,299.80859,20.331,122.770283,-0.003418,0.641587,0.29111,54.507246,0.376518,0.49425,0.333622,0.076174,2.70972,-208.517825,-5.895833,0.042998,0.005405
KDP,2025-03-31,0.54608,0.220358,0.142228,0.267125,0.020633,0.021148,0.009628,0.015541,0.018146,81.491623,11.590418,1.723368,561.748924,85.218508,22.764008,1103.295611,0.012271,0.721479,0.32846,15.729145,5.459459,0.473885,0.306073,0.067692,2.735139,-223.809158,0.404255,0.036864,0.006052
KDP,2025-06-30,0.541677,0.21571,0.131396,0.263752,0.077588,0.021893,0.010061,0.016735,0.019047,77.022247,10.120387,1.686259,130.437057,75.361722,19.876813,256.183191,0.012983,0.704783,0.323885,14.013661,4.988889,0.637862,0.396759,0.076571,2.779039,-131.122933,0.787934,0.025943,0.005525
KDP,2025-09-30,0.543428,0.231073,0.153739,0.28588,0.122387,0.026141,0.012123,0.018792,0.022091,63.64225,9.784294,1.663685,79.945293,67.219473,19.216714,157.015504,0.015713,0.693018,0.321399,12.42892,5.531915,0.624552,0.380098,0.078857,2.87642,-87.167677,0.965257,0.02601,0.005806
KDP,2025-12-31,0.537675,0.213158,0.078462,0.198711,0.125139,0.013834,0.006365,0.017782,0.014734,119.351754,9.364563,1.651167,74.833338,92.558357,18.392347,146.975437,0.008379,0.632583,0.291044,16.907159,2.920168,0.635223,0.426176,0.081123,2.6924,-86.065419,2.016997,0.033118,0.006001
KDP,2026-03-31,0.527666,0.190141,0.067907,0.206992,0.040996,0.010688,0.003692,0.011218,0.010109,156.041368,10.596371,1.667835,258.473431,100.543342,20.811663,507.651355,0.006409,1.017656,0.351477,30.144593,2.270463,2.307431,2.124988,0.054361,2.583496,-55.795239,1.040741,0.029678,0.007545
KDP,2026-06-30,0.419483,0.085921,0.019428,0.182652,0.097414,0.005673,0.001621,0.00786,0.009443,296.698375,5.764286,1.683092,59.172991,61.982899,11.321271,116.217937,0.00337,1.197667,0.342163,21.320599,1.907738,0.479305,0.283905,0.083418,3.016508,-88.55374,6.302817,0.025038,0.004378
KEY,2024-12-31,,,-0.307692,,2.148802,-0.013424,-0.001304,,,-91.012071,28.003714,1.221773,13.032245,,46.923006,21.836822,-0.010988,0.783176,0.076055,,,,,0.004237,,,-7.077869,0.029004,0.035309
KEY,2025-03-31,,,0.234919,,-0.087007,0.021312,0.002146,,,54.831964,12.881059,1.168602,-148.046302,,21.583494,-248.066294,0.018238,0.774615,0.078011,,,,,0.009137,,,-0.345679,0.0058,0.017401
KEY,2025-06-30,,,0.238362,,0.679192,0.021813,0.002291,,,52.251636,12.454821,1.139753,18.337692,,20.86929,30.726626,0.019138,0.76047,0.079876,,,,,0.009612,,,2.903529,0.0129,0.018508
KEY,2025-09-30,,,0.265472,,0.19924,0.024326,0.002609,,,45.412976,12.055888,1.104713,60.509388,,20.200838,101.389493,0.02202,0.609691,0.065397,,,,,0.009829,,,0.809816,0.015744,0.019544
KEY,2025-12-31,,,0.26343,,0.347624,0.025023,0.002766,,,43.54303,11.47053,1.089591,32.996947,,19.220012,55.289664,0.022966,0.53913,0.059594,,,,,0.0105,,,1.407843,0.023244,0.017045
KEY,2026-03-31,,,0.273442,,-0.038764,0.026117,0.002767,,,42.542041,11.632763,1.111069,-300.093855,,19.491851,-502.837082,0.023506,0.851854,0.090246,,,,,0.010119,,,-0.118774,0.006286,0.016239
KEY,2026-06-30,,,0.266492,,0.12199,0.02571,0.002661,,,43.628576,11.626673,1.121676,95.308778,,19.481646,159.699331,0.022921,0.739822,0.076559,,,,,0.009983,,,0.508841,0.013613,0.017277
KEYS,2025-01-31,0.631741,0.167951,0.1302,0.219569,0.266564,0.032581,0.018004,0.026535,0.027799,337.467404,43.93836,10.995179,164.832345,200.677153,44.062395,165.297655,0.002963,0.389435,0.215191,,10.95,2.952949,2.264414,0.138276,1.628607,796.816618,2.236686,0.024653,0.047766
KEYS,2025-04-30,0.623277,0.158499,0.196784,0.312404,0.349923,0.046923,0.024395,0.020758,0.038112,221.914363,43.669212,10.412998,124.79648,140.178894,43.792487,125.148772,0.004506,0.504838,0.262458,,17.0,3.386617,2.750929,0.123968,1.755376,733.918391,1.883268,0.020674,0.027565
KEYS,2025-07-31,0.616864,0.173077,0.141272,0.248521,0.215237,0.033686,0.017933,0.022608,0.02959,298.596813,42.183426,10.058552,195.986224,170.217228,42.302506,196.53948,0.003349,0.487478,0.259506,,9.607143,3.592308,2.937821,0.126936,1.953757,665.265473,1.685864,0.022929,0.022929
KEYS,2025-10-31,0.612403,0.152925,0.1642,0.299507,0.131783,0.039619,0.020618,0.020181,0.037033,244.772495,40.191678,9.697669,304.983911,134.571738,40.305136,305.844859,0.004085,0.472369,0.245819,1.555294,12.5,2.35027,1.782703,0.125564,1.511182,702.760042,0.965665,0.026779,0.023256
KEYS,2026-01-31,0.621875,0.155,0.175625,0.2075,0.254375,0.045286,0.024475,0.028379,0.02346,202.960823,35.644995,9.191296,140.127743,172.268038,35.745618,140.523314,0.004927,0.446737,0.241442,1.072289,7.827586,2.604432,2.023823,0.139361,1.750547,639.266581,1.569395,0.02125,0.0475
KEYS,2026-04-30,0.68608,0.237041,0.203262,0.320326,0.274898,0.055126,0.029732,0.038345,0.04874,163.415448,33.216069,9.00837,120.83049,103.987252,33.309836,121.171586,0.006119,0.435792,0.235049,0.216364,17.72,1.90336,1.511514,0.146277,1.680039,654.715099,1.43553,0.01689,0.03378
KEYS,2026-07-31,0.658722,0.249729,0.21506,0.329902,0.21831,0.060417,0.033303,0.042219,0.054034,143.657409,30.894903,8.679347,141.518589,93.912953,30.982117,141.918086,0.006961,0.417897,0.23035,,19.346154,2.023737,1.622894,0.154853,1.730084,571.916817,1.100756,0.018418,0.02546
KHC,2024-12-31,0.341393,0.204836,0.324057,0.033911,0.17351,0.043326,0.024137,0.0,-0.000136,13.594404,4.405364,0.588994,25.389724,203.648767,6.905972,39.801643,0.07356,0.403965,0.22505,83.116592,-0.048458,1.055425,0.589963,0.074484,3.062878,50.736715,0.651337,0.037561,0.003954
KHC,2025-03-31,0.344057,0.199367,0.118686,0.246374,0.080347,0.014395,0.007887,0.011804,0.015017,40.687745,4.829084,0.585719,60.10306,30.726438,7.570208,94.219243,0.024577,0.436777,0.239305,13.186739,5.445415,1.307256,0.810919,0.066453,2.657953,88.069591,1.011236,0.039673,0.004501
KHC,2025-06-30,0.343671,0.203401,-1.231738,-1.210013,0.160894,-0.189177,-0.095905,0.019779,-0.108653,-3.702668,4.560717,0.700461,28.346061,-5.908623,7.149508,44.436081,-0.270076,0.512863,0.259999,-2.555816,-33.029167,1.071545,0.657931,0.077861,2.709898,67.014535,-0.154525,0.02944,0.004093
KHC,2025-09-30,0.319064,0.169954,0.098605,0.207151,0.158089,0.014837,0.007528,0.012854,0.014376,47.105162,4.644809,0.698907,29.381009,35.149903,7.281333,46.058494,0.021229,0.511267,0.259404,14.766254,4.3625,1.126932,0.728647,0.076345,2.765854,41.554435,1.881301,0.027417,0.002726
KHC,2025-12-31,0.326094,0.171388,0.102455,0.21813,0.184293,0.015625,0.00796,0.012511,0.015546,44.500268,4.559282,0.695317,24.739261,32.765999,7.147258,38.78196,0.022472,0.509289,0.259445,13.422799,4.768908,1.15368,0.792891,0.077691,2.818988,32.21961,2.113671,0.032263,0.003935
KHC,2026-03-31,0.366959,0.1915,0.131966,0.246569,0.126674,0.019035,0.009726,0.014528,0.017043,36.302851,4.790752,0.691021,37.819419,30.458535,7.510117,59.286782,0.027546,0.504091,0.257575,11.955064,5.279661,1.19501,0.824681,0.073703,2.62229,36.213278,1.260652,0.039689,0.003638
KHC,2026-06-30,0.323858,0.147078,-0.871926,0.188758,0.142606,-0.151641,-0.074728,0.014338,0.014313,-5.305801,4.626266,0.804579,32.440845,38.421045,7.252264,50.855179,-0.188473,0.527718,0.260056,14.028765,,1.061381,0.681849,0.085705,2.739283,32.384498,-0.198168,0.030182,0.00495
KIM,2024-12-31,0.680044,0.316448,0.316024,0.647335,0.455924,0.015587,0.008175,0.008699,0.009186,91.020641,28.764697,1.418711,63.091017,68.880442,44.588738,97.798662,0.010987,0.805285,0.422372,22.853082,2.198485,5.233553,,0.025869,2.039632,,1.442688,,0.016209
KIM,2025-03-31,0.695042,0.335675,0.247505,0.652995,0.417076,0.012544,0.006731,0.009638,0.009861,113.787281,28.162895,1.427323,67.524609,66.854795,43.655873,104.671263,0.008788,0.768798,0.412556,22.52445,2.388245,3.386177,,0.027197,2.086764,,1.685123,,0.012532
KIM,2025-06-30,0.691779,0.332337,0.310346,0.718043,0.581526,0.015492,0.008233,0.009319,0.011303,92.725052,28.776856,1.436494,49.485058,62.123876,44.607587,76.707791,0.010785,0.787127,0.41831,21.034758,2.71877,3.82338,,0.026529,2.0186,,1.873799,,0.022134
KIM,2025-09-30,0.693984,0.343305,0.25711,0.687115,0.620362,0.013139,0.00693,0.009832,0.010107,109.692508,28.202995,1.441215,45.462131,63.62552,43.718034,70.471769,0.009116,0.795913,0.419823,21.905336,2.341356,3.158466,,0.026955,2.011332,,2.412833,,0.012931
KIM,2025-12-31,0.681386,0.330067,0.278664,0.678131,0.476299,0.014546,0.007678,0.009557,0.011023,99.97741,27.860113,1.454304,58.492963,63.684674,43.186525,90.671126,0.010002,0.799279,0.421875,21.677654,2.534687,3.31242,,0.027552,1.92804,,1.709221,,0.01465
KIM,2026-03-31,0.691374,0.344282,0.295508,0.672246,0.435446,0.015873,0.008419,0.010343,0.01131,91.6499,27.083247,1.454714,62.196527,62.450788,41.98229,96.412095,0.010911,0.79944,0.424055,21.37035,2.630111,3.77536,,0.028491,1.924352,,1.473553,,0.022809
KIM,2026-06-30,0.690551,0.365646,0.278311,0.644456,0.626943,0.014933,0.007653,0.010597,0.01043,98.587585,27.438013,1.472187,43.764744,65.997091,42.53222,67.840616,0.010143,0.862962,0.442257,22.651139,2.454657,5.232881,,0.027497,1.903252,,2.252671,,0.011126
KKR,2024-12-31,0.296453,0.091471,0.351694,0.778172,-0.051501,0.047589,0.003126,0.003354,0.008112,81.079981,28.515357,3.858517,-553.688086,59.92866,46.634785,-905.516449,0.012334,2.148544,0.141118,14.065823,2.937427,4.121546,,0.008887,6.218725,,-0.0992,0.016613,0.060448
KKR,2025-03-31,-0.027719,-0.231345,-0.060865,0.489455,0.827867,-0.006768,-0.000499,-0.008386,0.004708,-490.845602,29.875316,3.32217,36.087113,99.822981,48.858898,59.017839,-0.002037,1.848973,0.136399,21.335472,2.064907,4.107006,,0.008203,6.423823,,-13.713808,0.006824,0.060094
KKR,2025-06-30,0.210434,0.065415,0.101966,0.461132,0.074236,0.018077,0.001339,0.003753,0.007077,178.897987,18.241492,3.233964,245.72215,64.694297,29.832629,401.860639,0.00559,1.859871,0.137802,14.629885,2.964439,2.701241,,0.013135,9.939995,,0.860098,0.013464,0.034706
KKR,2025-09-30,0.246594,0.09382,0.164752,0.547956,0.430177,0.030265,0.002259,0.005314,0.008779,101.359769,16.699216,3.067645,38.819381,49.840404,27.310348,63.486264,0.009866,1.830267,0.136641,10.292778,3.76682,4.204043,,0.013714,9.236895,,2.654068,0.007086,0.033345
KKR,2025-12-31,0.200694,0.062779,0.201565,0.593559,-0.867921,0.037081,0.002794,0.003797,0.009589,79.639951,16.052642,2.953153,-18.495519,44.229667,26.252925,-30.248071,0.012557,1.764834,0.132972,10.879014,4.356067,4.178288,,0.013861,11.661007,,-4.276378,0.005952,0.032133
KKR,2026-03-31,0.277021,0.107336,0.095287,0.285689,0.404269,0.013288,0.000983,0.003351,0.003474,225.20594,21.459172,2.992508,53.081396,122.842956,35.094909,86.810749,0.00444,1.791535,0.132582,28.399173,1.61549,3.91751,,0.01032,9.057526,,4.310328,0.006449,0.042352
KKR,2026-06-30,0.188947,0.057574,0.123818,0.380279,0.566336,0.022562,0.00169,0.003242,0.006136,130.281689,16.131252,2.939376,28.483512,69.374013,26.381485,46.582706,0.007676,1.770224,0.132607,15.292061,2.767446,3.804791,,0.01365,11.865301,,4.643277,0.008586,0.039923
KLAC,2024-12-31,0.603016,0.403709,0.267978,0.374224,0.246093,0.230023,0.054962,0.111242,0.096425,280.458646,75.156621,64.511805,305.399061,201.918152,75.562652,307.048968,0.003566,1.694108,0.404795,3.512243,13.970339,2.361526,1.625385,0.2051,1.317722,1057.950436,1.030306,0.030006,0.020099
KLAC,2025-03-31,0.616168,0.424544,0.35534,0.468299,0.323217,0.271782,0.071661,0.113204,0.118485,212.460792,75.495768,57.74302,233.575879,162.083739,75.903631,234.837764,0.004707,1.520492,0.400912,2.806235,18.588685,2.543529,1.736411,0.20167,1.418137,1103.826242,0.985064,0.026815,0.022919
KLAC,2025-06-30,0.619721,0.425786,0.378881,0.471905,0.334668,0.256337,0.07486,0.115691,0.117001,192.248342,72.839241,49.28035,217.646518,155.185387,73.232753,218.822345,0.005202,1.297463,0.378909,2.539988,19.17161,2.618533,1.832358,0.197583,1.402323,1092.793099,0.968526,0.032289,0.022449
KLAC,2025-09-30,0.612714,0.416605,0.349267,0.460345,0.332024,0.224879,0.0687,0.105311,0.112533,206.277854,72.04599,46.387649,216.990125,157.349902,72.435216,218.162406,0.004848,1.22127,0.373093,2.665857,19.423862,2.691664,1.877493,0.196697,1.409149,1101.008916,1.036173,0.029876,0.021866
KLAC,2025-12-31,0.614451,0.413129,0.347477,0.454708,0.382765,0.209612,0.068521,0.10334,0.109907,201.841109,70.135119,42.308289,183.233,155.075356,70.514021,184.222909,0.004954,1.117779,0.365394,2.290498,20.094893,2.828345,2.004082,0.197195,1.590073,1049.993326,1.193706,0.03202,0.022428
KLAC,2026-03-31,0.611232,0.412145,0.351673,0.464491,0.182211,0.205984,0.071176,0.101826,0.113336,192.545921,67.713161,39.661423,371.619965,146.566933,68.078979,373.627628,0.005194,1.054003,0.364202,2.58471,21.117873,3.025673,2.109507,0.202393,1.481947,1049.616176,0.589057,0.024944,0.024579
KLAC,2026-06-30,0.613647,0.42486,0.372669,0.470605,0.223412,0.214661,0.07593,0.111714,0.118906,169.65203,63.224111,36.417682,282.993318,135.072184,63.565677,284.522179,0.005894,0.968801,0.342685,2.461895,22.145086,2.87619,2.028664,0.203746,1.265937,1069.635443,0.664997,0.024412,0.022448
KMB,2024-12-31,0.339894,0.111201,0.090706,0.154221,0.123377,0.532143,0.027016,0.056524,0.056906,72.810258,6.60434,38.745459,53.52991,50.333135,7.762415,62.916419,0.013734,8.969048,0.455337,8.431579,8.484375,0.796688,0.589377,0.297836,2.986667,-81.104043,1.82774,0.042411,0.004261
KMB,2025-03-31,0.372225,0.155649,0.139862,0.206956,0.03034,0.514986,0.034775,0.05781,0.066176,57.400679,8.028166,29.560568,264.603132,45.593782,9.435911,311.001488,0.017421,6.582198,0.444465,7.966627,9.703125,0.76304,0.487213,0.248635,1.863051,-46.748902,0.57672,0.050321,0.007893
KMB,2025-06-30,0.349748,0.142205,0.122268,0.19265,0.137641,0.400472,0.03035,0.053822,0.060417,63.941425,7.817964,25.606755,56.799625,47.697236,9.18885,66.759482,0.015639,5.697089,0.431757,8.238155,8.656716,0.774927,0.557663,0.248226,2.07424,-52.578309,1.51277,0.047322,0.009849
KMB,2025-09-30,0.359759,0.149639,0.10747,0.189639,0.088675,0.334835,0.026409,0.039247,0.062277,72.973509,7.842454,24.434073,88.440721,48.606332,9.217634,103.948867,0.013704,5.483483,0.432496,8.496823,9.4,0.773492,0.555744,0.245737,2.104462,-58.169875,1.587444,0.081928,0.01012
KMB,2025-12-31,0.359069,0.124265,0.122304,0.167892,0.140931,0.332224,0.029185,0.044529,0.049734,65.222816,7.977006,21.668565,56.602061,55.844063,9.37578,66.527275,0.015332,4.857523,0.426717,9.459854,8.266667,0.745263,0.538246,0.238624,2.288278,-107.506718,1.947896,0.097304,0.006127
KMB,2026-03-31,0.368484,0.180879,0.159741,0.224838,0.077108,0.370267,0.038699,0.064495,0.072269,48.941632,7.817964,18.121484,101.389985,40.868785,9.18885,119.168794,0.020433,3.944321,0.412244,6.989316,12.810345,0.766478,0.552224,0.24226,2.08046,-69.742492,1.120301,0.10185,0.005525
KMB,2026-06-30,0.382669,0.15111,0.082359,0.189067,0.132729,0.197143,0.018594,0.047521,0.054038,94.336769,7.76944,18.59782,58.536304,48.299473,9.131817,68.800689,0.0106,3.724,0.351245,7.021465,11.792453,0.909273,0.689038,0.225773,2.254575,-96.825044,2.631884,0.08403,0.009788
KMI,2024-12-31,0.539754,0.296965,0.167294,0.446451,0.185102,0.021847,0.009341,0.014827,0.017857,106.298925,17.783141,2.322275,96.072335,58.698529,26.206015,141.576397,0.009407,1.037274,0.4435,17.742135,,0.494217,0.385415,0.055835,2.64741,-29.213889,2.263868,0.193629,
KMI,2025-03-31,0.508135,0.269983,0.169064,0.413817,0.093374,0.023428,0.009915,0.01442,0.017208,98.886169,16.718081,2.31666,179.043897,59.53469,24.636496,263.846922,0.010113,1.074955,0.454921,18.700285,,0.446348,0.346487,0.058644,2.873306,9.972396,1.620642,0.180618,
KMI,2025-06-30,0.547996,0.285007,0.176893,0.437407,0.247897,0.023237,0.00988,0.014689,0.016759,99.162774,17.541164,2.304237,70.759863,59.096935,25.849426,104.274832,0.010084,1.057816,0.449752,18.363688,,0.684283,0.53014,0.055851,2.781831,-16.829207,2.306294,0.160069,
KMI,2025-09-30,0.516643,0.256392,0.151471,0.40328,0.149783,0.020429,0.008684,0.013109,0.015525,112.900292,17.101154,2.306486,114.17292,62.490061,25.201009,168.250211,0.008857,1.056278,0.449002,19.377392,,0.630785,0.485179,0.057332,2.871191,-6.744821,2.251592,0.191269,
KMI,2025-12-31,0.541925,0.302573,0.220941,0.439663,0.193434,0.031962,0.013691,0.016954,0.019934,71.186128,15.727902,2.275251,81.308926,52.716136,23.177325,119.820391,0.014048,1.019896,0.436878,16.003532,,0.637205,0.504396,0.061967,2.630105,-8.636315,1.698795,0.181899,
KMI,2026-03-31,0.506628,0.299089,0.202154,0.430199,0.142295,0.03116,0.013357,0.017738,0.02127,72.64486,14.685456,2.263629,103.204342,50.30495,21.641131,152.086436,0.013766,1.019922,0.437185,15.346172,,0.522385,0.407951,0.066072,3.051833,1.151466,1.527664,0.166529,
KMI,2026-06-30,0.547688,0.300648,0.193656,0.439133,0.21845,0.02741,0.011706,0.016183,0.019674,81.777835,15.836807,2.241516,72.496302,53.145158,23.337811,106.833723,0.012228,1.01606,0.433947,16.302136,,0.458296,0.358243,0.060449,2.864363,-53.179442,2.260669,0.219343,
KO,2024-12-31,0.600398,0.248181,0.190142,0.304314,0.272696,0.088309,0.02183,0.032568,0.042988,172.984034,32.891541,15.275988,120.61625,116.639613,35.495059,130.163583,0.005781,1.791197,0.442789,9.591233,7.510441,1.029625,0.84237,0.11481,3.234519,54.293282,1.8,0.06956,0.006843
KO,2025-03-31,0.625932,0.334082,0.299218,0.423308,-0.495193,0.12709,0.032738,0.040582,0.057042,114.02401,34.118066,14.491258,-68.898558,86.97834,36.818668,-74.352197,0.00877,1.874323,0.482825,8.638081,11.483204,1.099546,0.885249,0.109412,2.720362,-865.083215,-1.562162,0.027765,0.005661
KO,2025-06-30,0.623933,0.347108,0.303949,0.440367,0.268767,0.133287,0.036518,0.044215,0.063613,99.65878,30.291181,13.283189,112.704053,74.230971,32.688868,121.625099,0.010034,1.729788,0.473925,7.22029,11.777528,1.212587,0.980997,0.120144,3.007438,-803.755141,1.000262,0.035261,0.005345
KO,2025-09-30,0.614853,0.32212,0.296748,0.38876,0.366439,0.118283,0.034853,0.044906,0.054748,102.732671,30.485745,12.151565,83.194556,84.625147,32.898833,89.77979,0.009734,1.517458,0.447131,7.163156,11.69821,1.211032,0.9976,0.11745,3.156361,-865.150575,1.364448,0.038458,0.005941
KO,2025-12-31,0.600491,0.242091,0.192099,0.30697,0.243106,0.070596,0.021667,0.028815,0.040618,167.195048,32.118081,11.803287,132.115502,112.911259,34.660376,142.573055,0.005981,1.414156,0.434018,9.705704,7.87239,1.458766,1.250834,0.112788,3.891376,-0.795262,1.653897,0.074607,0.006344
KO,2026-03-31,0.62957,0.350545,0.314625,0.420943,0.140715,0.116671,0.037652,0.048507,0.060924,96.763495,30.444191,11.289506,216.35325,78.048564,32.85399,233.47861,0.010334,1.304968,0.421141,6.345905,13.296,1.35803,1.146662,0.119673,3.393741,-657.131986,0.515036,0.021328,0.00449
KO,2026-06-30,0.628924,0.350897,0.330717,0.456652,0.381465,0.122407,0.041002,0.047755,0.070646,85.807899,28.378173,10.503457,74.392624,67.063005,30.624436,80.281144,0.011654,1.204509,0.403467,5.014075,15.837398,1.304603,1.120198,0.123978,3.585209,-691.194839,1.24791,0.031241,0.004559
KR,2025-01-31,0.23085,0.026583,0.01848,0.052174,0.015157,,,,,56.403787,1.042323,,68.769233,32.53743,1.697622,112.003844,0.017729,,,,5.717949,,,,,,2.214511,0.025767,0.001224
KR,2025-04-30,0.234208,0.029301,0.019194,0.05623,0.024491,0.097161,0.016264,0.041863,0.035551,41.293304,0.792588,4.012117,32.361992,22.957035,1.290882,52.707691,0.024217,2.828228,0.473407,4.414663,6.542714,0.948271,0.526015,0.847318,21.17222,-20.178448,2.481524,0.023139,0.000842
KR,2025-05-31,,,,,,,,,,,,4.012117,,,,,,2.828228,0.473407,,,0.948271,0.526015,,,,,,
KR,2025-07-31,0.230112,0.025427,0.017943,0.05386,0.01812,0.065611,0.011364,0.02703,0.02483,58.719214,1.053624,3.852618,58.146343,31.86105,1.716028,94.702437,0.01703,2.712562,0.469826,6.051969,6.361111,0.946464,0.536679,0.633327,15.35052,-22.87749,2.527094,0.027225,0.001326
KR,2025-10-31,0.23338,-0.045512,-0.038985,-0.021501,0.000856,-0.187447,-0.025661,-0.049236,-0.049491,-27.09091,1.056145,5.078103,1233.103484,-80.002746,1.720133,2008.344788,-0.036913,3.578387,0.489872,-16.476648,-11.260274,0.87773,0.454396,0.658223,14.268437,-14.255907,-0.734848,0.027792,0.001093
KR,2026-01-31,0.233924,0.035882,0.024795,0.061109,0.049158,0.145267,0.017236,0.044092,0.039724,41.533102,1.029806,6.033407,20.949034,27.446748,1.677235,34.119507,0.024077,4.16602,0.494305,5.909991,8.489933,0.801027,0.420422,0.695153,15.841697,-26.299438,3.081301,0.027243,0.001066
KR,2026-04-30,0.230437,0.030507,0.019579,0.055376,0.010429,0.139524,0.017955,0.049458,0.042881,39.60133,0.775352,5.52534,74.345116,22.804228,1.262809,121.085237,0.025252,3.737948,0.481031,4.896241,6.631579,0.79054,0.385531,0.917064,21.951928,-24.50763,1.964563,0.028035,0.001236
KVUE,2024-12-31,0.565265,0.152103,0.080011,0.17586,0.180502,0.030306,0.011445,0.025978,0.024872,116.75418,9.34161,3.538371,51.753366,64.77015,11.390491,63.104352,0.008565,0.901945,0.340612,11.520186,3.337838,0.962711,0.685485,0.143041,1.691455,63.783642,2.706485,0.036046,0.014746
KVUE,2025-03-31,0.579524,0.165196,0.086073,0.187383,0.06656,0.03203,0.012263,0.023259,0.02884,106.239052,9.14434,3.402862,137.385441,59.503533,11.149954,167.517978,0.009413,0.880633,0.337167,10.799929,5.280374,0.856586,0.60456,0.142476,1.61808,74.285522,1.329193,0.047848,0.011762
KVUE,2025-06-30,0.588955,0.195884,0.109403,0.218026,0.138838,0.039143,0.01548,0.027774,0.03287,81.44994,8.910908,3.188162,64.181942,49.835097,10.865323,78.258868,0.012277,0.814911,0.322276,9.008363,6.495327,0.977622,0.681029,0.141493,1.646933,38.430205,1.478571,0.022923,0.009638
KVUE,2025-09-30,0.591392,0.189426,0.105739,0.205632,0.052072,0.037427,0.014607,0.027515,0.030011,85.952198,9.088463,3.216943,174.535586,53.891442,11.081822,212.816206,0.011634,0.856592,0.3343,10.121447,5.915888,0.979857,0.688434,0.138139,1.557947,79.786579,0.738693,0.026036,0.006642
KVUE,2025-12-31,0.565344,0.167196,0.087302,0.178307,0.196825,0.030655,0.012188,0.025498,0.025366,103.66356,9.049993,3.177796,45.979805,61.887205,11.034914,56.064484,0.009647,0.805759,0.320358,10.873887,4.917431,0.958284,0.678049,0.139607,1.586902,50.729178,2.587879,0.029101,0.007937
KVUE,2026-03-31,0.588897,0.214377,0.121259,0.23561,0.089537,0.044683,0.017651,0.030676,0.037122,72.170833,8.751337,3.224828,97.739928,45.289877,10.670754,119.177076,0.013856,0.829751,0.327772,8.236699,7.339623,0.98287,0.698948,0.145565,1.562975,38.423248,1.031646,0.035559,0.007419
KVUE,2026-06-30,0.581795,0.191656,0.115297,0.213906,0.157775,0.04321,0.017056,0.030369,0.033592,75.019682,8.649551,3.241635,54.822075,49.304937,10.546644,66.846116,0.01333,0.816166,0.322162,8.711584,6.805825,1.005454,0.711948,0.147933,1.597334,39.826729,1.508772,0.016182,0.008091
L,2024-12-31,,,0.041834,,0.171588,0.010957,0.002282,,,117.813763,4.928674,1.29094,28.723825,,5.701829,33.229694,0.008488,0.524083,0.109149,,2.709091,,,0.05455,0.458556,,5.032086,0.038926,
L,2025-03-31,,,0.083371,,0.143758,0.021523,0.00445,,,59.543713,4.964212,1.281553,34.53162,,5.742942,39.948551,0.016794,0.520389,0.107599,,5.895238,,,0.053379,0.411307,,1.989189,0.022082,
L,2025-06-30,,,0.087394,,0.194904,0.022325,0.004618,,,56.345713,4.924268,1.257918,25.265107,,5.696731,29.228412,0.017748,0.510848,0.105672,,6.037383,,,0.052842,0.393942,,2.57289,0.029951,
L,2025-09-30,,,0.109494,,0.165979,0.027553,0.005864,,,43.712646,4.786264,1.204416,28.836615,,5.537079,33.360178,0.022877,0.516237,0.109878,,7.151786,,,0.05356,0.420903,,1.825397,0.033891,
L,2025-12-31,,,0.086248,,0.091397,0.021513,0.004656,,,54.803915,4.726705,1.17902,51.71637,,5.468178,59.829051,0.018247,0.507813,0.109893,,5.787611,,,0.053979,0.459438,,1.534826,0.040978,
L,2026-03-31,,,0.074889,,-0.029333,0.018018,0.003935,,,65.374402,4.895816,1.177886,-166.902831,,5.663817,-193.084664,0.015297,0.477652,0.104306,,5.097345,,,0.052538,0.409463,,0.21365,0.045333,
L,2026-06-30,,,0.095793,,0.152751,0.023228,0.00509,,,49.61976,4.75322,1.152559,31.117477,,5.498851,35.998836,0.020153,0.467486,0.102444,,6.941748,,,0.053137,0.395377,,2.175676,0.055663,
LDOS,2024-12-31,0.158763,0.094845,0.065063,0.114777,0.048797,0.06437,0.021829,0.03428,0.044656,56.422887,3.671042,3.631936,75.230516,43.724751,5.01858,102.845541,0.017723,1.199229,0.406687,7.626747,8.978723,1.217416,1.128933,0.335511,2.398352,122.7652,1.052817,0.019702,0.005956
LDOS,2025-03-31,0.178327,0.124146,0.085512,0.1404,0.008481,0.085271,0.027506,0.042856,0.051485,44.143526,3.774817,3.764177,445.113884,36.755202,5.160448,608.502784,0.022653,1.347428,0.434644,7.199664,10.755102,1.536305,1.419115,0.321664,1.460771,58.264009,0.15978,0.005183,0.004947
LDOS,2025-06-30,0.18387,0.132847,0.091935,0.151658,0.107454,0.08387,0.028858,0.043893,0.054052,40.982353,3.767717,3.437173,35.063676,33.962946,5.150741,47.934574,0.024401,1.22308,0.420843,6.471318,10.418182,1.621777,1.498304,0.313898,1.459005,77.81812,1.242967,0.006819,0.005878
LDOS,2025-09-30,0.18371,0.119714,0.082121,0.136272,0.152159,0.074761,0.027101,0.042666,0.050682,43.662397,3.585612,3.264229,23.564853,35.970608,4.90179,32.214853,0.022903,1.065186,0.386132,6.037767,10.490196,1.623912,1.503349,0.33001,1.504714,62.67247,1.93733,0.006937,0.005818
LDOS,2025-12-31,0.17566,0.112432,0.077728,0.13121,0.10744,0.066517,0.024235,0.03862,0.044722,49.003363,3.808914,3.259581,35.451548,39.684964,5.20706,48.464824,0.020407,1.06489,0.387979,6.413043,9.9375,1.702865,1.581889,0.311791,2.301422,128.601901,1.513761,0.010221,0.005467
LDOS,2026-03-31,0.172955,0.122273,0.074545,0.126364,0.061364,0.06543,0.021317,0.037024,0.039559,48.853963,3.641841,3.196509,59.348518,39.399461,4.978659,81.133705,0.020469,1.385198,0.45129,10.570144,8.8,1.396891,1.290292,0.285956,1.453104,69.739538,0.917683,0.007045,0.005682
LDOS,2026-06-30,0.179245,0.117157,0.077666,0.131856,0.166959,0.066995,0.022646,0.037253,0.041895,45.265819,3.515599,3.03257,21.056636,36.449418,4.806077,28.78594,0.022092,1.24489,0.420803,8.790349,7.536232,1.629193,1.6,0.291581,1.535714,34.148623,2.240113,0.007021,0.005704
LEN,2025-02-28,0.112828,0.093516,0.068076,0.097622,-0.045218,0.022858,0.014849,0.020519,0.021587,35.439259,2.412567,0.810084,-53.353858,31.109664,3.036981,-67.162744,0.028217,0.158764,0.103138,1.465259,,10.539331,3.14095,0.218131,4.976203,737.82554,-0.556357,0.007344,0.011018
LEN,2025-05-31,0.096023,0.077419,0.056992,0.081457,-0.132526,0.021146,0.01389,0.018175,0.020112,38.562477,2.197745,0.815428,-16.583486,33.96364,2.766559,-20.875574,0.025932,0.186373,0.12242,4.103785,,9.14633,2.318114,0.243712,5.696102,661.279263,-2.293485,0.001816,0.003435
LEN,2025-08-31,0.101313,0.081859,0.067077,0.085737,-0.021654,0.026183,0.016944,0.019568,0.02162,31.155067,2.089788,0.815745,-96.50908,30.682907,2.630661,-121.487271,0.032098,0.238703,0.154468,4.931905,,12.574007,3.568117,0.2526,5.683013,625.666363,-0.268392,0.003651,0.002895
LEN,2025-11-30,0.088502,0.071198,0.052333,0.074933,0.178731,0.022325,0.014238,0.017469,0.020448,37.556562,1.965455,0.838438,10.996724,33.018145,2.474148,13.842863,0.026627,0.267539,0.170634,3.018322,,10.700528,4.167364,0.272073,7.150743,479.746077,3.589054,0.009096,0.002683
LEN,2026-02-28,0.059023,0.035209,0.034653,0.040253,-0.07002,0.010484,0.006907,0.006627,0.007405,80.265827,2.781431,0.841506,-39.723527,86.98323,3.501313,-50.004651,0.012459,0.240247,0.158278,10.898109,,10.31423,3.215287,0.19932,5.067503,693.022997,-1.889861,0.004531,0.009423
LEN,2026-05-31,0.069896,0.052748,0.038385,0.057197,-0.038192,0.014096,0.009043,0.011303,0.013122,60.411115,2.318881,0.851576,-60.716518,51.035167,2.919046,-76.430985,0.016553,0.278032,0.178367,8.630777,,10.202434,3.152096,0.235594,5.387332,601.510552,-0.933101,0.002375,0.003309
LH,2024-12-31,0.269208,0.069292,0.043071,0.125488,0.199766,0.017809,0.007802,0.012531,0.016427,181.377821,7.812092,3.230121,39.106269,78.2843,9.823746,49.176335,0.005513,0.903207,0.395712,11.519387,3.899054,1.443307,1.295207,0.181152,1.712566,155.73494,5.419805,0.03367,0.0082
LH,2025-03-31,0.2834,0.099369,0.063615,0.148874,-0.032137,0.025616,0.012088,0.01854,0.021314,122.225468,7.775427,3.130893,-241.949577,65.677069,9.777639,-304.252842,0.008182,0.784794,0.370352,10.441165,5.914286,1.835561,1.599051,0.190021,1.575499,196.712018,0.086936,0.037667,0.009805
LH,2025-06-30,0.296601,0.113004,0.067445,0.150852,0.153857,0.028078,0.013173,0.022188,0.023581,109.329884,7.373793,3.06981,47.926257,61.468109,9.272583,60.267515,0.009147,0.772599,0.36246,9.264424,6.336252,1.504417,1.317395,0.195311,1.66335,177.524423,2.608659,0.022085,0.009667
LH,2025-09-30,0.287667,0.113147,0.073271,0.158271,0.078715,0.030022,0.014298,0.021911,0.02514,99.615395,7.298886,2.990672,92.725774,57.991455,9.178387,116.603139,0.010039,0.750831,0.357575,8.837411,7.017857,1.551346,1.352997,0.195136,1.689583,194.892275,1.482957,0.029942,0.008194
LH,2025-12-31,0.282496,0.108652,0.046846,0.119063,0.139456,0.019107,0.008955,0.023267,0.015775,157.920944,7.397912,3.017423,53.048296,78.134688,9.302913,66.708506,0.006332,0.757094,0.354815,12.069756,4.465455,1.423942,1.234567,0.191152,1.671166,174.120103,3.729205,0.035241,0.008448
LH,2026-03-31,0.286578,0.109453,0.078528,0.154936,0.019929,0.031826,0.014554,0.022353,0.02279,93.626996,7.352323,2.979811,368.930206,59.673747,9.245585,463.931639,0.010681,0.829526,0.379345,9.766466,6.802178,1.726164,1.537713,0.18534,1.545748,207.496167,0.689345,0.034204,0.008961
LH,2026-06-30,0.298035,0.122404,0.080057,0.167913,0.084131,0.034705,0.016118,0.024439,0.027274,87.075927,6.971022,3.02198,82.859444,52.206194,8.766096,104.196179,0.011484,0.786134,0.365098,9.12482,7.324059,1.795585,1.530971,0.20133,1.592853,211.547233,1.491463,0.035271,0.009354
LHX,2024-12-31,0.252942,0.131812,0.082021,0.176353,0.183053,0.023214,0.010785,0.02147,0.018855,101.653452,8.337681,2.359794,45.547986,58.996934,10.404312,56.837798,0.009837,0.627037,0.291326,11.931211,4.024845,1.076641,0.902397,0.131497,5.152052,11.132758,2.492274,0.021365,0.015571
LHX,2025-03-31,0.263055,0.10795,0.075214,0.177319,-0.01968,0.020177,0.009358,0.014845,0.018018,119.297963,8.972918,2.407036,-455.930829,63.146169,11.197002,-568.940726,0.008382,0.640427,0.297033,12.895604,4.06,1.019734,0.851658,0.124418,3.419054,30.029399,-0.108808,0.011496,0.016952
LHX,2025-06-30,0.246038,0.10763,0.084408,0.180428,0.101732,0.023758,0.011106,0.016266,0.01993,100.543698,8.486733,2.388682,83.422126,58.695621,10.590308,104.099662,0.009946,0.627762,0.293453,11.869254,4.447368,1.03906,0.867249,0.131571,3.775922,27.519445,1.39738,0.016218,0.017877
LHX,2025-09-30,0.264004,0.111504,0.08164,0.181658,0.075455,0.023653,0.011264,0.016451,0.020916,99.67319,8.137306,2.357619,107.843124,55.897873,10.15427,134.573802,0.010033,0.600143,0.285805,11.072957,4.730263,1.143869,0.949382,0.137977,3.703534,45.009497,1.181818,0.021028,0.017494
LHX,2025-12-31,0.25602,0.066572,0.053116,0.148017,0.319405,0.015279,0.007282,0.009603,0.015455,153.496713,8.153154,2.345252,25.526061,68.735662,10.174046,31.853112,0.006515,0.566132,0.269839,12.017943,3.671329,1.189178,1.020482,0.137104,4.119621,-19.283951,6.54,0.027975,0.014695
LHX,2026-03-31,0.244081,0.111769,0.089136,0.175313,-0.033774,0.026016,0.012373,0.017981,0.022118,89.93948,8.01689,2.339889,-237.36605,57.063568,10.004007,-296.2011,0.011119,0.577083,0.274456,10.692155,5.330882,1.034066,0.890594,0.138811,3.004184,62.989614,-0.185547,0.017235,0.01445
LHX,2026-06-30,0.255399,0.112906,0.099643,0.191634,0.1311,0.028106,0.013648,0.018171,0.024375,78.581935,7.830133,2.208586,59.726347,50.98759,9.77096,74.530497,0.012726,0.52753,0.25616,8.409938,6.503876,1.183868,1.034519,0.136965,3.015897,53.259864,1.5,0.018364,0.012413
LII,2024-12-31,0.338513,0.184535,0.146989,0.204535,0.202379,0.205488,0.054613,0.100019,0.108207,62.798341,9.230656,12.904305,45.610698,52.300366,10.697272,52.857571,0.015924,1.54724,0.411215,2.464922,22.899083,1.547552,0.898043,0.371547,2.034488,328.327304,1.681335,0.044758,0.006245
LII,2025-03-31,0.317826,0.15812,0.120828,0.179564,-0.057151,0.152023,0.037507,0.070225,0.077286,95.796543,11.574895,14.563322,-202.532333,74.703171,13.413976,-234.711758,0.010439,1.747566,0.431151,4.55244,26.935484,1.432875,0.735903,0.310413,1.645849,384.24164,-0.276235,0.023774,0.005874
LII,2025-06-30,0.344793,0.229329,0.182491,0.249917,0.038843,0.304164,0.074986,0.137106,0.155853,45.327609,8.271858,13.787043,212.954237,38.35732,9.586136,246.78955,0.022062,1.716602,0.423194,2.859771,41.963855,1.413005,0.706397,0.410902,1.728749,366.726126,0.316904,0.018989,0.005463
LII,2025-09-30,0.328427,0.215167,0.172274,0.235702,0.1858,0.229698,0.069738,0.124985,0.129155,50.509487,8.701452,11.601936,46.83226,42.782726,10.083986,54.273221,0.019798,1.280348,0.388725,2.669045,29.457143,1.679943,0.802354,0.404812,1.880833,389.59049,1.223352,0.024951,0.004415
LII,2025-12-31,0.347448,0.200502,0.135649,0.21682,0.31523,0.139369,0.039713,0.076464,0.078201,76.589957,10.389315,10.67426,32.957876,55.53003,12.040026,38.194401,0.013057,1.522397,0.433804,4.960633,10.560748,1.597416,0.630307,0.292763,2.064616,511.270203,2.50401,0.024435,0.006946
LII,2026-03-31,0.309488,0.146331,0.103251,0.168531,-0.034711,0.096548,0.027302,0.049653,0.05403,105.932014,10.937567,10.227557,-315.107411,75.210825,12.675386,-365.17337,0.00944,1.610429,0.455401,7.353894,10.664474,1.572224,0.636286,0.264426,1.751968,555.315334,0.137372,0.048894,0.00555
LII,2026-06-30,0.349123,0.230635,0.174076,0.250372,0.088203,0.20737,0.059186,0.100687,0.114062,46.153279,8.034189,9.570792,91.087542,37.187466,9.310704,105.56002,0.021667,1.560823,0.445479,3.76092,24.102041,1.569224,0.768279,0.34,1.68315,445.080099,0.639405,0.023102,0.003753
LIN,2024-12-31,0.478387,0.265153,0.208283,0.417773,0.18824,0.045285,0.021523,0.028113,0.038824,123.034931,25.626087,5.571649,136.135507,68.467997,28.604114,151.955914,0.008128,0.593537,0.282094,4.847688,8.96831,0.890058,0.756257,0.103335,1.791865,156.299076,1.628406,0.15093,0.00483
LIN,2025-03-31,0.487549,0.273792,0.206238,0.388314,0.109837,0.043989,0.020229,0.027457,0.032835,126.859089,26.163123,5.580439,238.19894,75.206118,29.203559,265.880214,0.007883,0.628339,0.288946,5.905714,37.333333,0.938695,0.801726,0.098085,1.638788,182.16028,1.291692,0.156558,0.005178
LIN,2025-06-30,0.493114,0.275338,0.207887,0.394938,0.112301,0.045852,0.020516,0.027434,0.033813,120.178514,24.98355,5.510457,222.468822,70.610811,27.886906,248.322087,0.008321,0.672985,0.301122,6.299255,36.014925,0.926125,0.781908,0.09869,1.624283,184.790014,1.251982,0.147969,0.005415
LIN,2025-09-30,0.491701,0.271851,0.223912,0.392919,0.19408,0.049953,0.022432,0.029768,0.034727,110.023461,24.635549,5.496045,126.934962,69.985013,27.498464,141.686167,0.009089,0.671354,0.301478,6.326736,37.875,0.823308,0.691885,0.100183,1.61602,182.687086,1.528253,0.148114,0.005223
LIN,2025-12-31,0.481173,0.268371,0.174578,0.36901,0.17937,0.040005,0.017623,0.027431,0.031891,138.715853,24.216711,5.54936,135.009705,73.252712,27.030953,150.699282,0.007209,0.733926,0.323312,6.782004,8.3663,0.87676,0.741545,0.100948,1.764801,146.216333,1.980392,0.166362,0.003537
LIN,2026-03-31,0.484911,0.270584,0.211479,0.39221,0.102266,0.048151,0.021514,0.028018,0.03515,114.289314,24.169828,5.50317,236.342156,68.786083,26.978621,263.807651,0.00875,0.682389,0.304895,6.49187,40.209677,0.828471,0.693392,0.101732,1.650254,174.372894,1.206247,0.15283,0.004669
LIN,2026-06-30,0.476693,0.273119,0.207557,0.384326,0.089676,0.049333,0.021823,0.028753,0.036097,110.080527,22.84802,5.430651,254.784221,66.358339,25.503205,284.392882,0.009084,0.716793,0.317072,6.47479,42.737705,0.879023,0.747442,0.10514,1.649325,167.615103,1.177905,0.154807,0.002045
LITE,2024-12-31,0.247638,-0.126554,-0.151417,0.070114,-0.039533,-0.069815,-0.015355,-0.014782,-0.01014,-1371.143197,207.614671,95.726953,-5251.737149,2923.241995,204.961274,-5184.617878,-0.000729,2.990141,0.657649,74.159574,-6.553571,4.76045,3.600749,0.101409,1.772587,468.385635,-0.399015,0.09995,0.096469
LITE,2025-03-31,0.2881,-0.15381,-0.103716,0.062559,-0.151458,-0.050142,-0.011094,-0.018944,-0.009249,-1893.483462,196.384338,94.943287,-1296.624545,3099.0761,193.874469,-1280.053172,-0.000528,2.967368,0.656553,77.304511,-5.877193,4.723229,3.525212,0.106969,1.662886,494.061808,0.036281,0.147695,0.147695
LITE,2025-06-30,0.33264,-0.006657,0.443728,0.114625,0.021011,0.187979,0.050561,-0.0,-0.001568,391.479703,173.710465,73.590042,8267.586205,1496.105703,171.490377,8161.923194,0.002554,2.298581,0.618247,37.250454,-1.111111,4.371945,3.175153,0.113945,1.9228,468.469791,0.300047,0.112128,0.083212
LITE,2025-09-30,0.340015,0.0281,0.007868,0.136943,-0.034283,0.005379,0.00091,0.003011,0.003531,19881.57635,156.430537,106.944955,-4562.984736,1127.707582,154.431293,-4504.667992,5e-05,4.201076,0.711062,33.797538,1.912281,1.366531,1.018215,0.115714,1.738762,472.039797,13.785714,0.14275,0.07943
LITE,2025-12-31,0.360781,0.096018,0.117506,0.25154,0.064763,0.092369,0.016274,0.012526,0.099065,1067.808448,125.47351,98.632909,1937.415793,492.445784,123.869909,1912.654855,0.000936,3.924758,0.691466,15.708483,16.31746,0.606009,0.454613,0.138493,1.766189,397.997219,1.620205,0.12562,0.068219
LITE,2026-03-31,0.441613,0.217219,0.178377,0.317417,0.097848,0.048497,0.020518,0.022024,0.060077,579.075039,103.293692,28.083211,1055.658921,321.260422,101.973558,1042.167184,0.001727,1.114448,0.471506,2.587685,30.645161,1.137221,0.973508,0.115027,1.830616,393.530217,1.413315,0.154255,0.05146
LITE,2026-06-30,0.474312,0.279936,-7.116864,-7.33489,0.194972,-1.542174,-0.980048,0.043064,-1.544375,-11.659609,82.979848,17.981141,425.599494,-11.168447,81.919332,420.160164,-0.085766,0.35987,0.228697,,-2070.75,1.677847,1.399032,0.137708,1.934076,274.416213,-0.050686,0.165756,0.040545
LLY,2024-12-31,0.822372,0.419869,0.32586,0.424761,0.053692,0.308983,0.056022,0.103782,0.104559,233.143332,75.972117,72.037238,1414.967608,186.776779,79.335413,1477.608425,0.004289,2.357343,0.427415,5.284437,23.424121,1.153792,0.886348,0.171921,1.229584,958.883509,0.560978,0.129109,0.010486
LLY,2025-03-31,0.825202,0.416529,0.216749,0.452903,-0.125776,0.17501,0.030865,0.077978,0.089379,372.640618,80.769539,65.21589,-642.170808,186.232486,84.345218,-670.599801,0.002684,2.443158,0.430881,6.144423,21.756258,1.372258,1.062595,0.1424,1.057525,1307.925427,0.603842,0.256658,0.012098
LLY,2025-06-30,0.842653,0.451279,0.363864,0.482003,0.082466,0.309803,0.056092,0.10081,0.11342,181.613754,66.082753,56.264494,801.337073,143.169794,69.008245,836.812379,0.005506,2.183769,0.39539,4.871036,28.196787,1.277656,0.995395,0.154158,1.097922,1366.925852,0.54531,0.115953,0.011891
LLY,2025-09-30,0.829082,0.476461,0.317173,0.447838,0.342473,0.234625,0.048571,0.097632,0.099098,184.167571,58.412996,43.210293,170.562305,136.207742,60.998948,178.113123,0.00543,1.786495,0.36983,4.1504,41.269488,1.546336,1.242894,0.153136,1.092715,1294.753328,1.582696,0.159515,0.008573
LLY,2025-12-31,0.825228,0.465861,0.344065,0.62951,0.013176,0.250149,0.059014,0.104534,0.149632,154.890318,53.292321,38.745636,4044.514021,88.404651,55.65158,4223.565231,0.006456,1.601771,0.377885,2.901313,,1.579113,1.188969,0.171521,1.086261,1241.559609,0.485801,0.153971,0.007055
LLY,2026-03-31,0.819334,0.493863,0.373554,0.519572,0.141573,0.237066,0.063444,0.109585,0.122314,139.009663,51.927646,32.954531,366.791104,104.367676,54.22649,383.028998,0.007194,1.390153,0.372032,3.702537,,1.496834,1.100235,0.169838,1.074339,1309.131429,0.721065,0.127784,0.008132
LLY,2026-06-30,0.857752,0.542222,0.308827,0.565465,0.194785,0.209422,0.049865,0.10765,0.131762,144.907042,44.751261,30.346689,229.746472,82.64416,46.732405,239.917381,0.006901,1.620709,0.385907,3.53768,,1.354643,1.002891,0.161467,1.143953,1512.020512,1.506695,0.270523,0.008749
LMT,2024-12-31,0.037053,0.037375,0.0283,0.066695,0.023682,0.083215,0.009476,0.026162,0.021632,233.58476,6.610416,19.437734,279.136437,112.597563,7.509729,317.111503,0.004281,3.200695,0.364457,14.321256,2.965909,1.125077,0.946189,0.334826,7.920885,71.564762,1.941176,0.031253,0.002578
LMT,2025-03-31,0.129321,0.132049,0.095307,0.150365,0.053165,0.256172,0.030211,0.073907,0.064934,71.90372,6.852929,18.419747,128.899653,51.775703,7.785235,146.435783,0.013907,3.038157,0.358291,6.849685,8.597015,1.076179,0.90631,0.316981,8.875,35.945814,0.823014,0.025274,0.00334
LMT,2025-06-30,0.04043,0.041201,0.018838,0.060039,-0.008262,0.064117,0.005809,0.022745,0.02002,359.93909,6.780455,23.078209,-820.661125,128.299241,7.702901,-932.307818,0.002778,4.056618,0.367556,18.665138,2.521898,0.984972,0.833087,0.308391,5.491531,67.429767,0.587719,0.019334,0.004462
LMT,2025-09-30,0.120372,0.122521,0.087001,0.142512,0.179859,0.261932,0.02686,0.067138,0.059621,76.034076,6.615034,19.915737,36.778957,52.732343,7.514975,41.782543,0.013152,3.589872,0.368123,7.058446,7.776224,1.128928,0.965744,0.30873,4.841051,73.5015,2.302656,0.020474,0.003977
LMT,2025-12-31,0.114266,0.114709,0.066138,0.112396,0.135623,0.19997,0.02246,0.071999,0.049884,91.591643,6.057732,18.315603,44.665881,61.228622,6.881855,50.742443,0.010918,3.228686,0.362634,7.696585,6.27931,1.086865,0.935847,0.339589,5.209177,67.919084,2.395089,0.022784,0.00438
LMT,2026-03-31,0.11531,0.114478,0.08257,0.135453,-0.016148,0.198691,0.025119,0.061392,0.054996,82.727936,6.830873,16.437331,-423.021199,57.290525,7.760178,-480.57104,0.012088,2.763653,0.349387,7.702991,7.594796,1.135355,0.942915,0.304214,7.760982,36.59044,0.147849,0.028356,0.004606
LMT,2026-06-30,0.121916,0.123561,0.091512,0.141753,0.145392,0.209398,0.0294,0.071307,0.063249,67.047478,6.135631,14.039595,42.200606,49.172353,6.970352,47.94178,0.014915,2.342381,0.328871,5.888537,9.18797,1.192868,1.007602,0.321265,5.978248,50.612491,1.761983,0.01585,0.004835
LNT,2024-12-31,0.465164,0.226434,0.153689,0.472336,0.260246,0.021416,0.006604,0.012694,0.013001,113.402491,17.428662,2.428666,66.969975,63.130959,29.819029,114.580206,0.008818,1.485722,0.458132,22.396963,2.166667,0.436096,0.32744,0.042969,9.295238,-126.450973,1.693333,,
LNT,2025-03-31,0.441489,0.227837,0.18883,0.439716,0.220745,0.03003,0.009321,0.014502,0.014276,79.860909,15.080118,2.398192,68.314754,58.676154,25.800862,116.881013,0.012522,1.49852,0.465144,21.379032,2.394958,0.335526,0.243767,0.049363,3.124654,35.701832,1.169014,,
LNT,2025-06-30,0.480749,0.23205,0.181061,0.48283,0.252862,0.024353,0.007326,0.012085,0.012045,97.760768,17.700701,2.380738,70.001538,62.722785,30.284466,119.766964,0.010229,1.582505,0.476084,23.659483,2.056452,0.571539,0.463746,0.040463,1.855212,36.552595,1.396552,,
LNT,2025-09-30,0.486777,0.28843,0.232231,0.497521,0.33719,0.038456,0.01141,0.018151,0.017461,60.535137,14.05816,2.327956,41.692092,48.344472,24.052374,71.331795,0.016519,1.631449,0.484062,18.966777,3.054688,0.825425,0.699642,0.049133,2.494845,-11.806238,1.451957,,
LNT,2025-12-31,0.415414,0.18515,0.133459,0.405075,0.25282,0.019362,0.005682,0.010129,0.009446,119.791364,15.987193,2.319386,63.23559,67.525226,27.352794,108.190975,0.008348,1.652032,0.484815,26.821346,1.894737,0.799341,0.663683,0.042575,8.248062,-78.978692,1.894366,,
LNT,2026-03-31,0.425676,0.210304,0.189189,0.445946,0.310811,0.030181,0.009028,0.012927,0.013241,75.939168,14.36687,2.291885,46.223841,55.120023,24.580551,79.085251,0.013168,1.595257,0.477169,22.206439,2.147887,0.688414,0.534308,0.047717,2.382294,53.912212,1.642857,,
LOW,2025-01-31,0.328608,0.098631,0.06058,0.128059,0.019565,-0.078983,0.026078,0.064427,0.076607,96.082999,5.820701,-7.588876,297.513197,61.808199,7.915074,404.562755,0.010408,-2.788139,0.920561,14.194444,5.137741,1.085355,0.157221,0.430467,197.382979,239.742349,0.810498,0.029535,0.003072
LOW,2025-04-30,0.333779,0.119159,0.078404,0.144577,0.136694,-0.123812,0.036168,0.088374,0.109598,65.811877,5.159928,-8.148279,37.748092,48.531487,7.016545,51.330402,0.015195,-2.939113,0.858569,10.465962,6.958564,1.012819,0.193854,0.461298,,,2.05911,0.024749,0.002771
LOW,2025-07-31,0.338119,0.144789,0.100088,0.168037,0.155933,-0.210351,0.051444,0.113014,0.140485,45.036401,4.507588,-9.473447,28.907198,36.47697,6.129483,39.308426,0.022204,-3.426316,0.837946,7.417536,9.890141,1.047035,0.291231,0.513987,,,1.764387,0.02066,0.002463
LOW,2025-10-31,0.341902,0.119204,0.077644,0.146879,0.004324,-0.155654,0.030232,0.063722,0.074172,66.830006,5.188934,-10.402359,1199.969894,48.039346,7.055988,1631.736445,0.014963,-4.305144,0.836174,12.860321,6.417303,1.039535,0.156136,0.38937,17.115954,206.449978,0.425124,0.028684,0.002883
LOW,2026-01-31,0.324557,0.082973,0.048579,0.114549,0.04683,-0.100837,0.018469,0.043655,0.049624,107.99729,5.246407,-10.890117,112.030384,62.280017,7.13414,152.340539,0.009259,-4.505092,0.825151,16.513571,4.127098,1.076658,0.187792,0.38019,18.885321,217.210523,1.567,0.029293,0.003401
LOW,2026-04-30,0.326848,0.110668,0.070543,0.138964,0.122584,-0.17562,0.029632,0.067295,0.073932,66.337402,4.679664,-11.650193,38.175076,45.792417,6.363475,51.911022,0.015074,-4.588997,0.774285,11.585594,6.281863,1.093124,0.18324,0.420051,20.050391,170.26593,2.05774,0.022576,0.002817
LOW,2026-07-31,0.330444,0.136731,0.092426,0.16239,0.120088,-0.322576,0.042931,0.089033,0.10265,45.017628,4.160783,-14.52162,34.647831,34.841348,5.657893,47.114623,0.022214,-5.650531,0.752009,8.157533,9.09949,1.104581,0.265238,0.464487,20.966074,157.305791,1.525219,0.020881,0.002581
LRCX,2024-12-31,0.473711,0.304815,0.272168,0.340409,0.126505,0.13522,0.060031,0.085453,0.096168,302.697405,82.384412,40.930631,651.23305,241.037611,82.051329,648.600094,0.003304,0.565653,0.251124,,30.761054,2.544317,1.729754,0.220568,1.32409,836.041772,0.622948,0.043041,0.018729
LRCX,2025-03-31,0.49017,0.330869,0.281911,0.35576,0.216222,0.139907,0.066639,0.096628,0.109259,270.930336,76.378113,37.90496,353.239557,213.8218,76.069313,351.811398,0.003691,0.471485,0.224573,,35.010358,2.451858,1.638853,0.236383,1.462177,797.163116,0.983464,0.061027,0.018456
LRCX,2025-06-30,0.500776,0.336685,0.332616,0.371311,0.46061,0.174422,0.080584,0.117472,0.123285,209.592799,69.713916,36.557695,151.351181,186.991768,69.432061,150.739263,0.004771,0.454743,0.210094,,42.590242,2.210118,1.554254,0.242274,1.530872,726.724133,1.484917,0.033297,0.018232
LRCX,2025-09-30,0.504281,0.343544,0.29463,0.376261,0.29936,0.1539,0.071628,0.105152,0.125171,229.825493,67.713438,35.370041,226.19421,179.236467,67.43967,225.279699,0.004351,0.439915,0.204744,,44.773827,2.207351,1.59687,0.243111,1.465489,696.016902,1.134066,0.03477,0.018264
LRCX,2025-12-31,0.496027,0.338685,0.298233,0.370719,0.228104,0.157115,0.074516,0.107393,0.123698,226.172782,67.452227,35.535034,295.708753,181.21426,67.179516,294.513193,0.004421,0.441948,0.209607,,45.931329,2.256185,1.606325,0.24986,1.530587,646.441331,0.928514,0.04881,0.016565
LRCX,2026-03-31,0.498251,0.350427,0.312499,0.371003,0.138632,0.172461,0.087797,0.12973,0.131894,197.494362,61.716819,34.060046,445.185151,165.678594,61.467296,443.385253,0.005063,0.352816,0.179612,,52.141688,2.536419,1.773411,0.28095,1.413415,622.91928,0.625278,0.056767,0.01654
LRCX,2026-06-30,0.517497,0.373906,0.338768,0.402989,0.188691,0.182607,0.096783,0.138341,0.147185,158.310678,53.63066,28.908696,284.224522,132.544184,53.413829,283.075393,0.006317,0.299462,0.158717,,75.705201,2.629283,1.909065,0.285691,1.258921,624.56338,0.639898,0.028086,0.015469
LULU,2025-01-31,0.604168,0.28857,0.207228,0.325561,0.322971,0.173079,0.098431,0.170565,0.180817,14.505854,3.006018,2.510663,9.307399,9.872428,3.214073,9.951591,0.068938,0.364425,0.207251,,,2.163643,1.379745,0.474991,30.052483,311.049179,1.872507,0.065065,0.005127
LULU,2025-04-30,0.583435,0.185022,0.132694,0.233333,-0.114406,0.073334,0.042335,0.071415,0.074874,34.511097,4.57941,2.530842,-40.027818,20.984419,4.896365,-42.798259,0.028976,0.397891,0.229698,,,2.278397,1.227706,0.319043,16.784503,520.020071,-0.378146,0.064228,0.00974
LULU,2025-07-31,0.58498,0.207433,0.14688,0.254841,0.059709,0.084541,0.0493,0.082998,0.087798,29.269556,4.299122,2.474478,72.001385,18.03744,4.596677,76.984809,0.034165,0.401779,0.234297,,,2.26586,1.159767,0.335647,18.133386,490.036554,0.886146,0.070449,-0.00073
LULU,2025-10-31,0.555713,0.169875,0.119581,0.219549,0.03213,0.068155,0.03857,0.067252,0.071305,35.381312,4.230929,2.41141,131.681583,20.604808,4.523764,140.795647,0.028264,0.391556,0.22159,,,2.129902,1.045402,0.322547,10.251215,562.511285,0.814392,0.065256,0.006453
LULU,2026-01-31,0.54875,0.223107,0.161193,0.260057,0.263588,0.118277,0.069397,0.118135,0.123651,18.498486,2.981823,2.187943,11.312444,12.259645,3.188204,12.095411,0.054058,0.362454,0.212664,,,2.258327,1.357289,0.43052,19.096078,323.333377,1.947397,0.050319,0.006701
LULU,2026-04-30,0.54168,0.112051,0.078916,0.166807,0.035224,0.040419,0.022862,0.039129,0.041107,55.659247,4.392382,2.249715,124.698194,28.154621,4.696392,133.328917,0.017966,0.442641,0.250369,,,2.226238,1.285998,0.289705,14.981864,473.132173,1.099422,0.051537,0.011809
LULU,2026-07-31,0.605174,0.187799,0.136289,0.24672,0.09321,0.068714,0.038803,0.0667,0.067882,32.975293,4.494157,2.26588,48.215173,19.476355,4.805211,51.552285,0.030326,0.44689,0.252355,,,2.189984,1.24005,0.284708,14.112962,548.144247,1.138554,0.061961,0.00873
LUV,2024-12-31,0.177201,0.040115,0.037662,0.112987,0.002309,0.025217,0.007733,0.012936,0.01751,76.811307,2.892893,1.936981,1252.984448,29.560348,3.339935,1446.609536,0.013019,0.778551,0.238756,,8.0,0.918377,0.85321,0.205333,147.446809,31.98529,1.823755,0.066378,
LUV,2025-03-31,0.134879,-0.034692,-0.02318,0.037181,0.051805,-0.01591,-0.004486,-0.010776,-0.00813,-134.548666,3.118816,2.14071,60.203457,96.844153,3.60077,69.506764,-0.007432,0.853711,0.240726,,-4.485714,0.772175,0.715632,0.193545,136.765957,28.266707,-5.771812,0.081985,
LUV,2025-06-30,0.187465,0.03106,0.029404,0.09746,-0.035754,0.026625,0.007419,0.014142,0.017172,94.120898,2.767497,2.505969,-77.404445,32.784352,3.195162,-89.36584,0.010625,0.667625,0.18602,0.889518,11.769231,0.55931,0.48834,0.252299,120.733333,33.71891,1.882629,0.09111,
LUV,2025-09-30,0.166643,0.005037,0.007771,0.06965,-0.056267,0.006944,0.001907,0.00234,0.005197,371.254651,2.884984,2.578157,-51.273021,47.821803,3.330803,-59.196298,0.002694,0.676183,0.185716,2.479339,4.090909,0.490722,0.418683,0.245444,133.634615,20.946662,5.314815,0.097568,
LUV,2025-12-31,0.203171,0.05254,0.043402,0.108842,-0.075786,0.040471,0.011115,0.024029,0.024201,62.067341,2.693866,2.511935,-35.545658,28.575003,3.110152,-41.038568,0.016112,0.749405,0.205808,2.061728,14.16129,0.516894,0.44593,0.256082,75.938776,28.565357,0.913313,0.115426,
LUV,2026-03-31,0.188578,0.045524,0.031315,0.100014,0.108705,0.033018,0.007733,0.021436,0.019382,88.316084,2.765589,2.916037,25.441309,31.925176,3.192958,29.372782,0.011323,0.930327,0.217885,2.84,7.785714,0.478132,0.411407,0.246943,42.391813,35.2312,6.246696,0.086909,
LUV,2026-06-30,0.164374,0.0338,0.027633,0.090133,-0.034156,0.0329,0.007735,0.016657,0.021241,86.041851,2.37758,2.830804,-69.610247,30.454938,2.74499,-80.367196,0.011622,0.972748,0.228703,2.835526,6.884615,0.488544,0.41943,0.279928,108.102564,31.815963,2.274678,0.097011,
LVS,2024-12-31,0.487569,0.208218,0.111878,0.346685,0.126036,0.112344,0.015678,0.030821,0.043121,79.923124,8.941675,8.978881,70.945458,37.965902,13.162212,104.432233,0.012512,4.768377,0.665441,10.061753,3.561111,0.739528,0.73246,0.140134,6.944844,22.30428,2.824074,0.189917,0.004489
LVS,2025-03-31,0.495108,0.216632,0.122991,0.357093,0.025157,0.130419,0.016567,0.032451,0.043023,73.565603,9.047901,9.594328,359.654059,37.297226,13.318576,529.413404,0.013593,5.131901,0.651904,10.582192,3.706897,0.594884,0.588329,0.134701,6.57931,27.691472,1.494318,0.15863,0.003843
LVS,2025-06-30,0.515591,0.251969,0.145197,0.376063,-0.034016,0.231542,0.021098,0.038278,0.043763,56.171567,8.155935,13.006073,-239.769372,31.924426,12.005595,-352.94227,0.017803,7.945756,0.724027,10.360134,4.139175,1.217652,1.206227,0.145309,5.956848,32.32083,0.386117,0.090079,0.004409
LVS,2025-09-30,0.498049,0.238367,0.125788,0.347643,0.265986,0.266709,0.019487,0.038624,0.04569,61.802129,7.773969,16.48319,29.226966,32.916896,11.44334,43.022308,0.016181,10.039465,0.733513,10.724525,4.112299,0.888889,0.879255,0.154916,6.078467,33.196957,2.661098,0.068748,0.004203
LVS,2025-12-31,0.484516,0.239792,0.108249,0.308304,0.254864,0.248428,0.01802,0.040948,0.041926,65.557196,7.09649,16.286222,27.844185,33.882458,10.446085,40.986844,0.015254,9.927044,0.720073,10.616,3.884817,1.144481,1.133586,0.166469,4.91779,46.277751,3.048101,0.075089,0.004111
LVS,2026-03-31,0.487866,0.255509,0.158159,0.366527,0.149791,0.473289,0.026776,0.046387,0.05658,45.670357,7.223178,21.615269,48.221773,29.008954,10.63257,70.982803,0.021896,13.125209,0.742539,9.432268,4.978723,0.920786,0.910857,0.169295,5.295421,46.462879,1.289242,0.054114,0.006695
LVS,2026-06-30,0.469245,0.198161,0.109702,0.323716,0.110019,0.595525,0.017379,0.031919,0.041672,74.841307,8.210238,44.569866,74.625626,37.333756,12.085531,109.849467,0.013362,26.268503,0.766588,11.641528,3.439153,0.996752,0.986082,0.158421,5.07074,49.305386,1.971098,0.106214,0.004122
LW,2025-02-28,0.277869,0.169878,0.096021,0.208813,-0.013022,0.089373,0.019669,0.031394,0.042866,43.947524,4.219887,3.927729,-324.057497,32.709098,6.830081,-524.501954,0.022754,2.613124,0.575093,13.157795,5.257928,1.354164,0.583467,0.204842,2.121825,366.38919,0.383562,0.049852,0.005985
LW,2025-05-31,0.204261,0.120301,0.071548,0.167144,0.176155,0.068999,0.016219,0.029158,0.031403,53.514082,3.828821,3.692432,21.735564,37.076539,6.197123,35.180009,0.018687,2.391264,0.562089,14.497322,4.20362,1.377168,0.675678,0.226686,2.144063,284.924413,3.194329,0.052393,0.005072
LW,2025-08-31,0.206352,0.113783,0.038751,0.151751,0.165371,0.035926,0.008885,0.018866,0.026176,99.787534,3.866895,3.584947,23.383158,41.243601,6.258747,37.846715,0.010021,2.230193,0.551577,15.367355,3.581236,1.48911,0.768283,0.22929,2.147405,270.27898,5.474339,0.046767,0.006388
LW,2025-11-30,0.20042,0.094741,0.038378,0.145479,0.062419,0.035397,0.008471,0.016772,0.023482,103.32268,3.965353,3.657284,63.528103,44.116987,6.418107,102.823155,0.009678,2.248461,0.538085,16.295242,3.142212,1.433255,0.63659,0.22072,2.18014,282.692498,2.872786,0.047834,0.005871
LW,2026-02-28,0.211912,0.111708,0.034509,0.145003,-0.023198,0.029555,0.007304,0.018883,0.021156,118.821082,4.100421,3.511761,-176.758634,45.769672,6.63672,-286.091975,0.008416,2.200646,0.543829,17.343323,2.813333,1.46144,0.685562,0.211645,2.08501,321.242619,1.207407,0.064865,0.00671
LW,2026-05-31,0.204169,0.100672,0.061917,0.154624,0.113609,0.060058,0.014851,0.027487,0.0283,58.543234,3.624845,3.515995,31.906208,37.94351,5.866979,51.641664,0.017081,2.160612,0.534261,14.055535,3.553684,1.423101,0.738891,0.239848,2.27198,252.738399,3.168796,0.082594,0.008813
LYB,2024-12-31,0.078972,0.030009,-0.062967,-0.039276,0.148573,-0.047986,-0.016729,0.008427,-0.026239,-33.454416,2.106533,1.605339,14.178413,-85.280806,3.349451,22.544111,-0.029891,1.036992,0.361523,-20.841823,-6.568966,1.829381,1.134676,0.26568,3.042935,158.590661,-3.202341,0.053069,0.002106
LYB,2025-03-31,0.071512,0.01485,0.022795,0.063697,-0.138335,0.014334,0.004973,0.001897,0.005734,114.318517,2.605932,1.638606,-18.837797,65.050595,4.143512,-29.952675,0.008747,1.037268,0.359885,19.126789,1.551402,1.827083,1.037019,0.218165,2.157673,234.09359,-3.308571,0.062915,0.004559
LYB,2025-06-30,0.102768,0.041395,0.014886,0.088013,-0.024549,0.009573,0.003225,0.009242,0.011749,175.488952,2.612398,1.679884,-106.413514,47.195461,4.153792,-169.200749,0.005698,1.111092,0.374293,15.022255,2.898305,1.773863,1.042281,0.216621,2.483944,224.235962,3.078947,0.070384,0.002612
LYB,2025-09-30,0.117251,0.060955,-0.115439,-0.048661,0.074673,-0.084159,-0.026401,0.020314,-0.026954,-22.42796,2.58907,1.887512,34.671994,-84.600374,4.1167,55.129533,-0.044587,1.24691,0.391156,-26.787234,-5.584615,1.569907,0.926445,0.228697,2.738129,212.552815,-1.102018,0.052543,0.001941
LYB,2025-12-31,0.047243,-0.010013,-0.020025,0.052884,0.149062,-0.014085,-0.004176,-0.002911,-0.000359,-140.885497,2.821286,1.984303,18.926907,84.825975,4.485932,30.094362,-0.007098,1.451597,0.430403,25.32,-0.075758,1.773209,1.196769,0.20854,3.002117,166.908734,-10.612676,0.063461,0.002962
LYB,2026-03-31,0.097402,0.035292,0.01709,0.08573,-0.074753,0.012251,0.003622,0.011062,0.010273,162.648297,2.779733,1.992604,-37.185391,51.555496,4.419861,-59.125912,0.006148,1.419522,0.419695,16.670989,1.992754,1.538258,1.032554,0.211938,2.411863,192.746147,-2.186992,0.037377,0.00653
LYB,2026-06-30,0.222077,0.176201,0.060804,0.140896,0.052523,0.052291,0.016182,0.048544,0.034557,35.852582,2.179987,1.874777,41.505686,24.601501,3.466246,65.995313,0.027892,1.332584,0.412389,7.950503,6.855072,1.64134,1.067398,0.266139,2.444592,192.5631,1.34767,0.029421,0.00207
LYV,2024-12-31,0.210007,-0.043132,0.035375,-0.014299,0.153145,1.160011,0.010234,-0.0,-0.021773,193.705012,6.852337,224.69996,44.74414,-527.80974,7.547142,49.281055,0.005162,47.740955,0.421194,-4.217636,-2.893784,0.992719,0.98736,0.289305,3.251612,-54.659048,5.199953,0.030804,0.004382
LYV,2025-03-31,0.333276,0.033283,0.00686,0.087463,0.33401,0.218907,0.001063,0.01212,0.014196,1677.894634,11.511189,367.302129,34.463634,144.956716,12.678388,37.958139,0.000596,78.252521,0.380003,,1.82164,0.961068,,0.15495,1.827402,,56.943111,0.056648,0.007259
LYV,2025-06-30,0.256312,0.069334,0.03474,0.092977,-0.005701,0.67601,0.010514,0.051174,0.05081,159.944247,5.55647,108.123946,-974.644866,65.821166,6.119878,-1073.4708,0.006252,23.383353,0.363694,,6.834805,0.878485,,0.302658,2.842648,,0.918081,0.037595,0.008784
LYV,2025-09-30,0.242547,0.091492,0.050765,0.114801,-0.043683,0.827594,0.018851,0.064638,0.076337,90.234019,4.580719,74.677157,-104.86333,43.947315,5.04519,-115.496143,0.011082,18.008787,0.410205,0.622088,10.089661,0.921164,,0.371339,3.26044,,-0.22175,0.032426,0.004802
LYV,2025-12-31,0.230227,-0.022693,-0.032011,0.009892,-0.06549,-0.745737,-0.008821,-0.012414,-0.008612,-192.638244,6.166494,143.657504,-94.159647,686.592976,6.791757,-103.70714,-0.005191,38.391577,0.454091,17.700479,-1.227808,0.995062,0.989932,0.275548,3.142525,-44.42809,0.265858,0.056979,0.004484
LYV,2026-03-31,0.346576,-0.099271,-0.102584,-0.040149,0.535155,2.791197,-0.014926,-0.04148,-0.030191,-100.055998,10.264142,-279.275983,19.179769,-281.575934,11.304894,21.124538,-0.009994,-75.918933,0.405991,,-3.552518,0.884862,,0.145505,1.930004,,-6.010822,0.081459,0.008641
LYV,2026-06-30,0.253382,0.066964,0.038405,0.104905,0.016923,3.576412,0.010448,0.042961,0.058001,132.221831,5.077985,472.879742,300.057721,53.313843,5.592877,330.482633,0.007563,137.042536,0.400368,0.161031,6.333755,0.851531,,0.272059,2.65726,,1.423939,0.037763,0.008091
MA,2024-12-31,0.779276,0.565363,0.446255,0.574977,0.612098,0.515343,0.069508,0.147165,0.141194,148.161532,66.117751,76.354023,108.018289,118.017848,67.857505,110.86057,0.006749,2.810486,0.379069,2.272178,22.146739,1.026223,,0.155758,1.984893,,1.446439,0.033382,0.014421
MA,2025-03-31,0.767172,0.593241,0.452414,0.619034,0.279034,0.49168,0.067671,0.137389,0.137491,150.962146,68.297357,74.22513,244.763143,113.231919,70.094463,251.203586,0.006624,2.818468,0.38791,2.50156,23.148352,1.110837,,0.149577,1.828499,,0.72561,0.049241,0.017793
MA,2025-06-30,0.772286,0.604205,0.45506,0.632977,0.540268,0.471285,0.07196,0.145126,0.150207,133.789743,60.882311,63.05308,112.689085,98.715007,62.484305,115.654268,0.007474,2.415637,0.368844,1.930653,24.958974,1.163487,,0.158134,1.943834,,1.243718,0.025698,0.022009
MA,2025-09-30,0.779935,0.601023,0.456522,0.63648,0.616601,0.496837,0.073693,0.151052,0.159069,126.090104,57.562874,62.646235,93.355173,92.819152,59.077523,95.811624,0.007931,2.401695,0.356227,1.583562,27.876344,1.122264,,0.161422,2.02543,,1.442068,0.041734,0.020577
MA,2025-12-31,0.79355,0.582444,0.461049,0.605496,0.53509,0.524751,0.074967,0.159728,0.160376,121.959566,56.229371,63.998428,105.084007,95.308487,57.708932,107.849078,0.008199,2.455732,0.350832,1.58177,31.666667,1.034971,,0.162601,1.91061,,1.23202,0.032932,0.012719
MA,2026-03-31,0.757442,0.591212,0.462253,0.630626,0.317218,0.577765,0.074015,0.155981,0.169304,127.551736,58.961162,73.694871,185.869309,95.956355,60.512605,190.760081,0.00784,2.821848,0.361494,2.087236,27.010811,0.980989,,0.160117,1.779237,,0.77254,0.03989,0.016194
MA,2026-06-30,0.790126,0.617441,0.472998,0.648162,0.355179,0.782035,0.07606,0.151437,0.174504,112.843172,53.374565,88.247343,150.274913,84.514361,54.779008,154.229091,0.008862,4.391909,0.427155,2.220522,26.165138,1.06071,,0.160805,1.838122,,0.859845,0.051525,0.020481
MAA,2024-12-31,0.320949,0.295356,0.303085,0.66845,0.277559,0.02794,0.014108,0.014686,0.019759,84.900713,25.732159,2.372151,92.70868,53.35691,35.666407,128.50012,0.011778,0.839494,0.423882,13.435289,4.898511,0.075315,,0.046547,,,1.43494,0.15735,0.006171
MAA,2025-03-31,0.318616,0.290181,0.330738,0.700279,0.225711,0.03041,0.01538,0.014389,0.021317,77.878189,25.757315,2.368271,114.116277,50.981469,35.701275,158.172411,0.012841,0.844,0.42687,12.96311,5.140276,0.075338,,0.046503,,,1.082263,0.132235,0.009578
MAA,2025-06-30,0.298628,0.275327,0.19663,0.563271,0.481075,0.018288,0.009136,0.013739,0.014418,130.849504,25.728883,2.392962,53.482083,63.312064,35.661867,74.129566,0.007642,0.85381,0.426522,16.121897,3.459378,0.067305,,0.046462,,,3.268832,0.161674,0.006303
MAA,2025-09-30,0.294884,0.272291,0.179551,0.552908,0.308121,0.017049,0.008346,0.013445,0.013927,142.140331,25.521381,2.42329,82.829067,63.978611,35.374255,114.80635,0.007035,0.890188,0.435779,16.850974,3.234825,0.038994,,0.046482,,,2.676726,0.172487,0.006162
MAA,2025-12-31,0.30877,0.28384,0.103628,0.479503,0.285474,0.01013,0.004807,0.013927,0.010004,245.755055,25.467035,2.489483,89.209533,73.615595,35.298929,123.650081,0.004069,0.955377,0.453401,20.06492,2.185452,0.090201,,0.046392,,,4.545205,0.185535,0.008453
MAA,2026-03-31,0.295854,0.265666,0.224586,0.623622,0.164838,0.022371,0.010368,0.012567,0.017229,113.770329,25.551247,2.545208,155.0081,56.790269,35.415652,214.851075,0.00879,1.017575,0.471593,16.173612,3.565037,0.082495,,0.046165,,,1.203323,0.105412,0.010514
MAA,2026-06-30,0.280844,0.25356,0.219319,0.614029,0.403367,0.022328,0.01015,0.012584,0.016757,116.208331,25.486716,2.594649,63.184907,57.531836,35.326208,87.578295,0.008605,1.04383,0.474539,16.546379,3.352311,0.047616,,0.046281,,,2.734333,0.196324,0.006602
MAR,2024-12-31,0.177166,0.125058,0.070773,0.164411,-0.003733,-0.152072,0.017378,0.053404,0.044373,194.239378,13.746915,-29.538408,-3682.454869,99.991397,16.439712,-4403.787776,0.005148,-5.093917,0.582117,13.293283,4.322222,0.402937,,0.24555,2.300179,,0.698901,0.053196,0.009955
MAR,2025-03-31,0.193038,0.151525,0.106179,0.174357,0.08175,-0.209912,0.024952,0.069449,0.05205,132.900627,14.111275,-27.897385,172.615072,96.786545,16.875444,206.427552,0.007524,-5.003472,0.594762,13.314103,4.979167,0.452197,,0.235001,2.1604,,0.972932,0.021555,0.008303
MAR,2025-06-30,0.223458,0.18446,0.113138,0.207592,0.072361,-0.257422,0.027906,0.070959,0.065664,115.830822,13.104822,-29.817448,181.104338,75.493505,15.671843,216.579727,0.008633,-5.578947,0.604784,10.702857,6.192118,0.492011,,0.246654,2.260811,,0.842726,0.022983,0.0086
MAR,2025-09-30,0.219448,0.175682,0.11219,0.206966,0.146556,-0.233408,0.026156,0.064824,0.063042,121.399611,13.619805,-28.335658,92.932615,78.697622,16.287703,111.1366,0.008237,-5.413915,0.60669,11.408042,5.825243,0.467265,,0.233141,2.092551,,1.501374,0.021883,0.009401
MAR,2025-12-31,0.151121,0.120478,0.066517,0.144544,0.098206,-0.118006,0.016158,0.049567,0.041271,198.604308,13.2106,-23.436467,134.518899,109.297732,15.798342,160.86896,0.005035,-4.530098,0.620298,16.386763,3.798077,0.426768,,0.242919,2.299759,,1.862921,0.02571,0.009716
MAR,2026-03-31,0.201533,0.160505,0.097385,0.185452,0.109408,-0.158358,0.023262,0.06485,0.055426,136.387217,13.282073,-21.597976,121.399611,85.649033,15.883815,145.179817,0.007332,-4.253666,0.624834,13.027553,5.009346,0.459605,,0.238863,2.153398,,1.324074,0.019537,0.008566
MAR,2026-06-30,0.219771,0.172394,0.10833,0.210296,0.112572,-0.169282,0.027274,0.072187,0.062683,115.377176,12.498786,-19.531252,111.02879,71.076602,14.947095,132.777521,0.008667,-3.927956,0.632865,11.06456,5.723982,0.534666,,0.251771,2.118334,,1.237598,0.021496,0.009334
MAS,2024-12-31,0.347921,0.15919,0.099562,0.154267,0.192013,-0.65,0.036284,0.081591,0.081597,73.739427,7.341672,-47.930628,38.235259,58.909845,9.087843,47.329277,0.013561,-11.478571,0.64075,8.205674,11.75,1.75,1.148718,0.364434,1.766184,252.285284,2.236264,0.030635,
MAS,2025-03-31,0.357579,0.158801,0.103276,0.155469,-0.105497,-0.732283,0.036421,0.078946,0.079909,72.153633,7.451736,-52.836912,-70.634609,59.330629,9.224085,-87.434612,0.013859,-13.015748,0.647347,9.646429,10.769231,1.745477,1.092327,0.352653,1.431638,311.422121,-0.849462,0.017768,
MAS,2025-06-30,0.376402,0.20039,0.131643,0.196977,0.131643,-3.176471,0.051059,0.105814,0.109812,49.705836,6.54343,-157.889126,49.705836,41.120238,8.099745,61.52806,0.020118,-37.929412,0.609682,6.443069,15.538462,1.817899,1.136109,0.387859,1.556146,299.100042,1.133333,0.017552,
MAS,2025-09-30,0.342201,0.158059,0.098592,0.157016,0.216484,-2.454545,0.035587,0.076504,0.080589,71.008337,7.000822,-174.293191,32.338737,55.191283,8.665924,40.030304,0.014083,-41.207792,0.597439,7.933555,12.04,1.877538,1.199239,0.360949,1.623201,290.57016,2.412698,0.021388,
MAS,2025-12-31,0.337981,0.140547,0.092025,0.139989,0.206916,-0.887097,0.031725,0.070765,0.069184,81.336823,7.484984,-72.153633,36.174059,66.185563,9.265241,44.777834,0.012295,-17.284946,0.61815,9.163347,10.458333,1.805467,1.140496,0.344741,1.744163,281.838884,2.533333,0.026213,
MAS,2026-03-31,0.357664,0.165276,0.111053,0.165276,-0.058916,-0.880165,0.040703,0.087702,0.088547,63.007398,6.997172,-55.456925,-118.766157,52.405603,8.661406,-147.013949,0.015871,-13.644628,0.630996,8.473186,12.192308,1.751361,1.105263,0.36652,1.45303,302.74949,-0.370892,0.017727,
MAS,2026-06-30,0.435743,0.236446,0.159639,0.23494,0.22741,-0.868852,0.058878,0.123728,0.124634,42.203068,6.737237,-36.66824,29.625995,35.496958,8.339647,36.672354,0.023695,-9.543716,0.646732,5.767094,16.714286,1.86452,1.220535,0.368821,1.484352,301.103221,1.559748,0.021586,
MCD,2024-12-31,0.575924,0.450689,0.315592,0.543363,0.285535,-0.531085,0.036534,0.066074,0.056858,87.135386,27.499208,-46.276327,96.307532,66.103983,35.918429,125.793271,0.011476,-13.684932,0.941394,10.757419,7.678947,1.191142,1.176638,0.115762,2.680655,5.062579,1.30506,0.126331,0.006888
MCD,2025-03-31,0.560202,0.445676,0.313686,0.54173,0.315197,-0.540822,0.033162,0.060018,0.051719,94.039047,29.49873,-50.858407,93.58814,71.12428,38.53013,122.241303,0.010634,-15.275912,0.936693,11.682269,7.196809,1.181387,1.168663,0.105718,2.494763,30.493178,1.299786,0.092527,0.007557
MCD,2025-06-30,0.578986,0.476545,0.329242,0.554581,0.183253,-0.816304,0.037831,0.066454,0.058834,77.969347,25.67075,-63.646717,140.083683,60.460323,33.530166,182.972031,0.012826,-20.241667,0.938074,10.415547,8.335897,1.303164,1.290368,0.114902,2.683529,36.814975,0.886818,0.108724,0.00643
MCD,2025-09-30,0.579907,0.468984,0.321888,0.553059,0.341529,-1.053167,0.037586,0.065537,0.061527,77.113669,24.82195,-81.213564,72.678916,58.622107,32.421496,94.930462,0.012968,-25.805825,0.920968,9.931017,8.263547,1.0,0.990952,0.116767,2.744087,20.431715,1.504829,0.142857,0.005511
MCD,2025-12-31,0.575057,0.450485,0.30879,0.534104,0.233733,-1.208939,0.036361,0.064867,0.057421,81.176035,25.066344,-98.136837,107.243553,61.300274,32.740714,140.077489,0.012319,-30.622346,0.921012,10.472616,7.72439,0.954598,0.94061,0.117752,2.841849,-4.913742,1.246303,0.151113,0.00528
MCD,2026-03-31,0.559,0.442535,0.304281,0.538284,0.26546,-1.543191,0.03303,0.057954,0.052638,88.585446,26.954878,-136.704233,101.540427,65.406763,35.207446,132.628281,0.011289,-42.708949,0.91412,11.098917,7.355,1.135794,1.121081,0.10855,2.679688,5.399196,1.216339,0.104649,0.009207
MCD,2026-06-30,0.580141,0.46507,0.332676,0.550704,0.27831,-2.311155,0.039419,0.068393,0.059837,74.37127,24.741541,-171.883502,88.899261,58.682078,32.316468,116.116866,0.013446,-53.41683,0.911081,9.98491,8.178484,1.081384,1.066949,0.118491,2.857143,-1.548893,1.1884,0.117042,0.005493
MCHP,2024-12-31,0.547173,0.033528,-0.052242,0.202339,0.246979,-0.008887,-0.003429,0.002691,0.001454,-742.280712,38.778018,6.59641,157.009653,216.342236,43.774511,177.240127,-0.001347,1.124762,0.433976,29.689306,0.310912,2.251973,1.232429,0.065634,1.202391,1215.197707,-5.065299,0.017641,0.048148
MCHP,2025-03-31,0.516332,-0.029572,-0.159299,0.089232,0.197527,-0.021841,-0.010056,-0.002074,-0.007061,-257.349587,40.995617,5.620876,207.54432,518.621804,46.277845,234.286115,-0.003886,0.800489,0.368536,56.105081,-1.478645,2.589646,1.469829,0.063124,1.418652,1138.216361,-1.331824,0.014632,0.041937
MCHP,2025-06-30,0.536216,0.050488,-0.017294,0.196467,0.239609,-0.002713,-0.001242,0.004409,0.002915,-2139.045492,36.993255,5.802197,154.389779,212.553943,41.759784,174.282686,-0.000467,0.801286,0.366801,23.150024,0.717857,2.31334,1.331233,0.071798,1.424315,993.288458,-14.817204,0.016643,0.049186
MCHP,2025-09-30,0.559365,0.083479,0.036566,0.227552,0.045247,0.006228,0.002882,0.007886,0.006465,954.106622,34.887975,5.942237,771.051282,173.073789,39.383241,870.400159,0.001048,0.808409,0.374071,19.803854,1.578182,2.251677,1.202338,0.078813,1.547354,907.994989,2.11271,0.032006,0.054016
MCHP,2025-12-31,0.596037,0.131956,0.052867,0.269815,0.268887,0.009557,0.004377,0.00879,0.011171,634.54938,33.546582,6.064607,124.760885,140.352026,37.869012,140.83615,0.001576,0.823822,0.377271,15.985312,2.714286,2.162371,1.163882,0.082789,1.700115,898.142662,5.444976,0.018971,0.061214
MCHP,2026-03-31,0.609823,0.170683,0.109976,0.295455,0.185174,0.022418,0.010035,0.016506,0.016148,275.910167,30.343385,6.185288,163.864276,115.933527,34.253087,184.977958,0.003624,0.860519,0.385189,13.56763,4.291165,2.092405,1.181202,0.091245,1.473755,839.685797,1.782247,0.01083,0.05209
MCHP,2026-06-30,0.632384,0.239577,0.154779,0.332121,0.335152,0.035622,0.01595,0.02387,0.025654,173.13423,26.797499,6.167454,79.956282,91.082231,30.250319,90.258537,0.005776,0.836878,0.374717,10.320422,7.234409,1.920735,1.111635,0.103051,1.551249,782.593713,2.225849,0.009362,0.050515
MCK,2024-12-31,0.034462,0.01318,0.009224,0.015174,-0.027064,-0.285019,0.012366,0.19292,0.103283,116.01338,1.070117,-33.06607,-39.540815,77.141605,1.170554,-43.251943,0.00862,-3.163748,0.137266,4.758645,19.298507,0.883525,0.476486,1.34064,3.689133,-3.614623,-2.711035,0.002057,
MCK,2025-03-31,0.040067,0.018321,0.013873,0.018839,0.082248,-0.607522,0.016769,0.400683,0.115248,80.933144,1.122797,-49.168641,13.651374,65.193899,1.228177,14.932632,0.012356,-3.563163,0.09835,,34.666667,0.89926,0.525891,1.208717,4.076253,-45.803898,6.149206,0.003061,
MCK,2025-06-30,0.033518,0.011071,0.008014,0.012849,-0.011316,-0.398577,0.009642,0.147384,0.064782,130.071124,1.042409,-51.843295,-92.119025,88.740462,1.140245,-100.764915,0.007688,-5.049822,0.122161,4.263325,22.44898,0.882949,0.493324,1.203121,3.474217,-21.548426,-1.170918,0.001932,
MCK,2025-09-30,0.034338,0.014232,0.010761,0.016064,0.021561,-0.638298,0.013189,0.203333,0.091078,91.870055,0.988616,-58.640461,45.85241,67.318504,1.081403,50.155918,0.010885,-5.630822,0.11635,2.26554,19.851351,0.88029,0.496141,1.225642,3.64668,-27.443503,2.18018,0.0019,
MCK,2025-12-31,0.034712,0.01559,0.011172,0.017719,0.009957,-0.913713,0.014087,0.241333,0.105424,85.982935,0.960604,-78.56376,96.476595,59.30184,1.050762,105.531468,0.01163,-6.644068,0.102435,1.912812,26.873016,0.876209,0.47893,1.260934,3.762733,-22.73335,1.038786,0.001648,
MCK,2026-03-31,0.041996,0.023345,0.017467,0.024736,0.033605,-0.774401,0.020432,0.450706,0.14282,60.627682,1.058993,-46.950166,31.512905,46.829035,1.158386,34.470569,0.016494,-3.96593,0.104637,1.070949,35.836066,0.853664,0.492457,1.169722,3.971419,-49.604944,2.033888,0.001921,
MCK,2026-06-30,0.034969,0.013485,0.005827,0.014993,-0.00353,-0.144811,0.006951,0.204255,0.077056,166.084301,0.967696,-24.050887,-274.12839,70.599216,1.058519,-299.856885,0.006021,-2.75967,0.132469,2.889241,17.987013,0.893129,0.519899,1.193026,3.476052,-29.488966,-0.358306,0.001442,
MCO,2024-12-31,0.702751,0.370813,0.236244,0.430024,0.358852,0.110799,0.025476,0.042434,0.05089,205.44526,48.535214,22.76322,135.251463,121.579796,52.282221,145.693123,0.004867,2.172791,0.499581,6.981919,7.481481,1.47067,,0.107836,0.928373,,1.706329,0.044258,0.032297
MCO,2025-03-31,0.744802,0.4579,0.324844,0.52079,0.349272,0.168919,0.041402,0.065082,0.072994,129.841404,42.178211,21.93267,120.760235,87.241391,45.434446,130.083145,0.007702,1.928649,0.472708,4.674651,10.458824,1.564964,,0.127451,1.04,,1.2112,0.044179,0.029106
MCO,2025-06-30,0.74236,0.445732,0.304531,0.508957,0.246575,0.146366,0.037322,0.058126,0.065888,140.399442,42.755995,20.549728,173.399311,90.492623,46.056835,186.786055,0.007123,1.844011,0.470201,4.961698,11.432432,1.75255,,0.122554,1.068694,,0.939446,0.039515,0.032139
MCO,2025-09-30,0.754858,0.467862,0.321873,0.529148,0.327853,0.163255,0.041907,0.064052,0.072701,125.620554,40.43392,20.508182,123.329601,82.312499,43.555493,132.850872,0.00796,1.860753,0.477652,4.521657,13.041667,1.840336,,0.130198,1.131342,,1.150155,0.042352,0.028401
MCO,2025-12-31,0.73478,0.421387,0.322922,0.455797,0.411329,0.150469,0.038534,0.064079,0.057359,133.034226,42.959702,20.017483,104.441284,101.528308,46.27627,112.504342,0.007517,1.813271,0.464371,5.354239,14.74,1.739685,,0.11933,0.9333,,1.406557,0.04288,0.030704
MCO,2026-03-31,0.744589,0.456469,0.317941,0.514671,0.405964,0.220775,0.044868,0.072414,0.08549,122.76986,39.033611,27.104502,96.150329,81.697078,42.047077,103.57331,0.008145,2.442552,0.496402,5.134579,12.153846,1.156739,,0.141121,1.017123,,1.420575,0.045695,0.027898
MCO,2026-06-30,0.762929,0.493364,0.401831,0.624256,0.314874,0.290248,0.05983,0.081154,0.109267,92.426968,37.13999,26.826736,117.951857,64.087884,40.007265,127.057956,0.010819,2.486612,0.512572,4.016862,18.477612,1.190433,,0.148893,1.138614,,0.887244,0.041648,0.027002
MDLZ,2024-12-31,0.386401,0.176281,0.181695,0.213973,0.109746,0.064793,0.025476,0.032766,0.035221,44.506216,8.086563,2.883683,73.68439,47.717443,10.210261,93.035433,0.022469,0.682162,0.268216,7.979562,13.574803,0.677375,0.48161,0.140211,2.479091,-199.992463,0.836103,0.04217,0.003644
MDLZ,2025-03-31,0.260926,0.073231,0.043165,0.108021,0.087512,0.01559,0.005832,0.010796,0.014231,193.192405,8.33924,3.011958,95.29245,97.474499,10.529297,120.318216,0.005176,0.781656,0.292411,17.869781,4.978102,0.606104,0.403514,0.135114,2.156786,-131.230131,2.716418,0.029743,0.001933
MDLZ,2025-06-30,0.326915,0.130677,0.071349,0.149711,0.000334,0.024472,0.009026,0.018228,0.019673,121.159667,8.644629,2.965042,25887.782229,72.906577,10.914887,32686.44864,0.008254,0.821021,0.302802,14.411152,6.662252,0.641251,0.392245,0.1265,2.546485,-159.916381,0.480499,0.033949,0.005232
MDLZ,2025-09-30,0.268062,0.080562,0.076252,0.12264,0.042898,0.028384,0.010412,0.013269,0.017093,104.526712,7.970376,2.966854,185.79748,82.05803,10.063562,234.591737,0.009567,0.837873,0.307366,16.698745,5.426752,0.611147,0.374163,0.136551,2.326092,-95.083901,0.965007,0.030686,0.00195
MDLZ,2025-12-31,0.281631,0.093274,0.063357,0.135766,0.190454,0.025737,0.009302,0.0149,0.021623,116.786988,7.399328,3.00578,38.851099,68.813576,9.342544,49.0542,0.008563,0.843873,0.305007,13.389474,6.967532,0.592344,0.390231,0.146824,2.689213,-141.169132,3.604511,0.037919,0.002858
MDLZ,2026-03-31,0.278075,0.085317,0.055556,0.125595,0.015377,0.021748,0.007874,0.012977,0.019382,138.684548,7.704697,3.016052,501.05385,77.456039,9.72811,632.640941,0.007211,0.839689,0.304013,15.402844,6.236486,0.542317,0.36875,0.141728,2.292472,-124.928486,0.833929,0.030952,0.002877
MDT,2025-01-31,0.664858,0.206223,0.156054,0.289797,0.252774,0.026201,0.014382,0.019051,0.022001,91.07185,14.212129,2.386194,56.224702,57.344559,16.618304,65.743786,0.01098,0.538745,0.295722,10.535581,9.603352,1.901436,1.427618,0.092161,1.35601,705.753598,1.987635,0.057405,0.011819
MDT,2025-04-30,0.647474,0.201299,0.118293,0.254845,0.231769,0.021989,0.011518,0.019788,0.01821,111.597514,13.201185,2.453918,56.958422,60.570978,15.436202,66.601728,0.008961,0.593786,0.311038,11.534066,8.247126,1.849057,1.423868,0.097371,1.370223,617.462066,2.393939,0.051417,0.00997
MDT,2025-07-31,0.650152,0.176731,0.12124,0.259501,0.068081,0.021715,0.011432,0.015946,0.018605,113.314399,13.738281,2.46063,201.792764,61.904302,16.064231,235.95715,0.008825,0.597352,0.314481,12.257412,8.397727,2.014137,1.503643,0.094293,1.369631,671.631725,1.046154,0.058755,0.010026
MDT,2025-10-31,0.658409,0.189265,0.153331,0.281553,0.050999,0.028241,0.015042,0.01889,0.02184,85.769268,13.151096,2.422243,257.870841,54.617113,15.377634,301.529487,0.011659,0.598125,0.318569,11.003964,9.823204,2.415299,1.795672,0.0981,1.402567,686.527567,0.673217,0.052226,0.02031
MDT,2026-01-31,0.63835,0.177664,0.126761,0.258844,0.255074,0.023334,0.012494,0.017042,0.019332,103.103215,13.069422,2.405777,51.237815,59.039835,15.282131,59.912598,0.009699,0.573053,0.306837,11.510711,8.756906,2.535124,1.870669,0.098563,1.41799,676.020487,2.4007,0.04924,0.010425
MDT,2026-04-30,0.653513,0.205262,0.126848,0.277965,0.212603,0.02515,0.013372,0.017862,0.024702,94.732295,12.016618,2.382528,56.521331,50.549881,14.051083,66.090636,0.010556,0.565291,0.300565,9.520176,11.420455,2.126179,1.615715,0.10542,1.476291,602.466389,2.068328,0.04976,0.009687
MDT,2026-07-31,0.649856,0.188192,0.150677,0.275113,0.132226,0.029264,0.015755,0.019609,0.023986,80.16801,12.079436,2.346054,91.354244,51.3409,14.124536,106.820911,0.012474,0.560459,0.301728,9.839791,10.510753,2.067124,1.540385,0.104559,1.534686,613.946053,1.219728,0.051558,0.012813
MET,2024-12-31,,,0.068216,,0.247477,0.046311,0.001876,,,48.518238,3.309719,2.246919,13.373819,,4.571741,18.473363,0.020611,0.681909,0.027625,,6.332046,,,0.027503,0.626054,,3.627852,,
MET,2025-03-31,,,0.051673,,0.233049,0.034372,0.001373,,,65.255747,3.371975,2.242996,14.468954,,4.657736,19.986081,0.015324,0.699414,0.027936,,6.248062,,,0.026569,0.585197,,4.510053,,
MET,2025-06-30,,,0.042443,,0.127329,0.026332,0.001038,,,84.590783,3.590282,2.22744,28.196928,,4.959285,38.948641,0.011822,0.719018,0.028337,,4.643123,,,0.024451,0.545218,,3.0,,
MET,2025-09-30,,,0.053077,,0.211303,0.030956,0.001245,,,68.824421,3.653023,2.130551,17.288108,,5.04595,23.880201,0.01453,0.685185,0.027555,,5.464945,,,0.023455,0.418582,,3.981027,,
MET,2025-12-31,,,0.034734,,0.303808,0.028488,0.001086,,,76.225811,2.647661,2.171515,8.714907,,3.657236,12.03797,0.013119,0.710719,0.027085,,5.247148,,,0.031256,0.474755,,8.746601,,
MET,2026-03-31,,,0.063655,,0.144338,0.043368,0.001594,,,52.039393,3.312563,2.256869,22.950011,,4.57567,31.701034,0.019216,0.773313,0.028431,,6.686792,,,0.025048,0.369842,,2.267511,,
MET,2026-06-30,,,0.038989,,0.118027,0.026821,0.000969,,,83.786251,3.266763,2.247246,27.678043,,4.512405,38.231902,0.011935,0.777851,0.028109,,4.544521,,,0.024859,0.372805,,3.027174,,
META,2024-12-31,0.817319,0.482877,0.430671,0.584127,0.280314,0.114095,0.075485,0.097755,0.098174,81.389875,35.052231,9.286192,125.046244,60.788321,35.508119,126.672589,0.012287,0.26862,0.177719,,94.832669,2.977884,,0.175274,2.847181,,1.343123,0.29813,0.088085
META,2025-03-31,0.821052,0.414875,0.393345,0.532259,0.26197,0.089953,0.059398,0.074326,0.0756,101.898715,40.081349,9.166143,152.999748,76.283648,40.602645,154.989654,0.009814,0.267628,0.176719,0.003508,77.591667,2.662349,,0.151007,2.915392,,1.443523,0.305833,0.098005
META,2025-06-30,0.821302,0.430192,0.385912,0.528601,0.189894,0.094002,0.062213,0.081527,0.080699,92.490713,35.693287,8.694326,187.964337,68.40229,36.157512,190.40899,0.010812,0.254063,0.168146,0.669945,86.20332,1.973274,,0.161211,2.86915,,1.393958,0.348051,0.101734
META,2025-09-30,0.820343,0.400745,0.052867,0.524043,0.217985,0.013959,0.008916,0.011521,0.08202,626.062094,33.097893,8.739306,151.835471,63.9802,33.528362,153.810234,0.001597,0.263106,0.168047,0.69441,96.431718,1.978408,,0.168646,2.962479,,11.073828,0.367452,0.108427
META,2025-12-31,0.817909,0.413153,0.380145,0.52128,0.247625,0.104804,0.062204,0.080515,0.079615,74.49061,28.317203,7.806936,114.355216,55.028997,28.685494,115.842514,0.013425,0.38619,0.229214,0.732552,56.600877,2.598767,,0.163633,3.029642,,1.590566,0.35702,0.098342
META,2026-03-31,0.818543,0.406173,0.475449,0.502797,0.234927,0.109869,0.067737,0.075628,0.064029,63.347485,30.118489,6.959928,128.203357,60.680971,30.510208,129.870763,0.015786,0.356076,0.219529,1.247554,39.704626,2.347764,,0.142469,3.223297,,1.203675,0.337359,0.107119
META,2026-06-30,0.813654,0.308794,0.260654,0.425898,0.028717,0.060669,0.035221,0.045998,0.049645,107.016798,27.894314,6.492595,971.364382,66.347184,28.257106,983.997892,0.009344,0.429973,0.24962,2.63379,24.954023,2.225563,,0.135127,2.795191,,2.010475,0.495321,0.125952
MGM,2024-12-31,0.44913,0.082501,0.03622,0.120439,0.061552,0.05207,0.003728,0.038207,0.008083,61.44707,2.225606,3.199536,36.158359,72.155822,8.690349,141.187943,0.016274,10.454985,0.748502,7.538894,2.894291,1.301913,1.259976,0.102922,4.056854,48.491941,4.265683,0.092951,0.006558
MGM,2025-03-31,0.457601,0.096679,0.034733,0.142737,0.074592,0.052059,0.003545,0.037917,0.009657,65.119318,2.261761,3.390077,30.321577,61.872769,8.831521,118.396993,0.015356,11.028937,0.751055,6.788019,3.487056,1.305926,1.263327,0.102071,4.409013,44.107808,3.682695,0.053317,0.006699
MGM,2025-06-30,0.444835,0.086195,0.011113,0.109269,0.085684,0.016461,0.001174,0.036521,0.006211,197.620787,2.196145,3.253021,25.630677,78.479042,8.575313,100.080386,0.00506,10.49756,0.748628,8.823997,2.266821,1.218302,1.178296,0.105634,4.220299,48.162955,13.194215,0.060942,0.003736
MGM,2025-09-30,0.434211,0.051628,-0.067111,0.033741,0.095388,-0.106598,-0.006888,0.023372,-0.003069,-33.912588,2.275925,3.615024,23.85955,263.379794,8.886827,93.164646,-0.029488,11.641185,0.752256,28.100058,-1.146773,1.234689,1.194775,0.102641,4.559933,35.420749,-2.388859,0.064931,0.003358
MGM,2025-12-31,0.440342,0.070618,0.063756,0.104747,0.077854,0.120832,0.007097,0.037554,0.005381,32.947343,2.100581,3.981097,26.980909,78.304801,8.202161,105.352652,0.030351,12.912293,0.75835,8.638615,1.960771,1.233568,1.19811,0.111309,4.10108,46.945347,2.230818,0.064373,0.00675
MGM,2026-03-31,0.44676,0.068784,0.028091,0.127205,0.092739,0.051424,0.003022,0.029968,0.00797,77.305773,2.171571,3.975363,23.416,66.658914,8.479356,91.432714,0.012936,12.877514,0.756879,7.253756,3.00865,1.334511,1.29822,0.107596,3.952221,50.68763,4.537375,0.034719,0.007888
MGM,2026-06-30,0.444674,0.067903,0.065701,0.179278,0.071318,0.116332,0.007339,0.027489,0.014108,33.080176,2.173388,3.84829,30.474504,47.336897,8.486452,118.994131,0.03023,11.873361,0.749014,4.412557,5.048997,1.334957,1.29756,0.111698,3.653284,55.681448,1.910927,0.054231,0.003521
MKC,2025-02-28,0.376207,0.140268,0.101775,0.179882,0.048832,0.030131,0.012667,0.017981,0.023985,80.16186,8.158485,2.415351,167.072039,63.291022,11.384894,233.143458,0.012475,0.794339,0.333935,14.559903,4.845361,0.64886,0.2473,0.124459,3.106017,148.018601,0.706854,0.023108,0.012457
MKC,2025-05-31,0.375294,0.15583,0.105453,0.18843,-0.001446,0.031242,0.013267,0.019519,0.025548,74.848274,7.893009,2.338424,-5457.686613,58.45362,11.01443,-7616.019627,0.01336,0.795319,0.337738,13.849696,5.011765,0.680008,0.26958,0.125811,2.839179,174.187702,0.262286,0.029105,0.005785
MKC,2025-08-31,0.373993,0.169633,0.130732,0.208302,0.119485,0.039198,0.017023,0.024351,0.029436,58.086243,7.593743,2.276882,63.553847,50.872383,10.596816,88.687274,0.017216,0.757596,0.329003,11.86585,5.938247,0.712821,0.28859,0.130211,2.579483,184.362887,1.147672,0.030552,0.004464
MKC,2025-11-30,0.389267,0.170504,0.12246,0.205199,0.247676,0.039501,0.017166,0.024655,0.031613,57.804271,7.078712,2.283352,28.58051,48.139181,9.878106,39.883149,0.0173,0.725878,0.315445,10.27232,6.892473,0.698223,0.282836,0.140178,2.94228,128.122999,2.39188,0.045233,0.00481
MKC,2026-02-28,0.378302,0.134799,0.545547,0.157586,0.009819,0.146455,0.06254,0.015634,0.018002,12.812724,6.98994,1.876488,711.872167,61.897891,9.754228,993.393864,0.078047,0.705328,0.301194,16.070775,4.911205,0.758055,0.361059,0.114638,2.259889,153.648405,0.04979,0.017344,0.011046
MKC,2026-05-31,0.401838,0.173706,0.077507,0.184034,0.174068,0.021456,0.00911,0.020068,0.021921,87.264809,6.763631,1.872384,38.856268,51.286327,9.438422,54.222626,0.011459,0.705229,0.299416,12.9133,4.511962,0.780783,0.386416,0.117533,2.729913,100.146853,2.530313,0.022049,0.004441
MLM,2024-12-31,0.300429,0.248314,0.180258,0.338443,0.277744,0.031101,0.016181,0.02269,0.023474,118.52024,21.364163,3.686126,76.920421,64.684247,21.89191,78.82054,0.008437,0.613033,0.318932,8.592391,8.06,2.444112,1.428144,0.089763,2.405605,357.421376,2.333333,0.142857,0.006131
MLM,2025-03-31,0.271084,0.155766,0.099828,0.29432,-0.012909,0.012774,0.006545,0.009838,0.011198,300.387505,29.987049,3.837127,-2322.996702,104.402645,30.727801,-2380.380297,0.003329,0.639467,0.327635,15.535088,3.357143,2.249198,0.994652,0.065561,1.585266,607.311382,1.87931,0.200516,0.026678
MLM,2025-06-30,0.308266,0.257924,0.203853,0.366066,0.129273,0.035032,0.018152,0.022464,0.024749,106.234605,21.656278,3.721558,167.523801,60.62089,22.19124,171.662041,0.009413,0.620421,0.321472,8.813243,7.403509,2.348381,1.214917,0.089043,1.779867,473.656379,1.179878,0.111249,0.003729
MLM,2025-09-30,0.330986,0.276273,0.224269,0.361863,0.195558,0.042527,0.022195,0.026816,0.029087,84.166547,18.875921,3.579348,96.523409,53.451653,19.342202,98.907769,0.011881,0.606369,0.316464,8.181138,8.627119,2.966205,2.070191,0.098965,1.876016,397.010606,1.330918,0.102925,0.002709
MLM,2025-12-31,0.304631,0.228311,0.181996,0.322244,0.276582,0.027811,0.014911,0.019036,0.018916,124.892296,22.729909,3.47338,82.181487,72.278754,23.291392,84.211567,0.008007,0.56868,0.304901,10.639676,5.810345,3.567598,2.363128,0.08193,2.144056,406.152729,2.25448,0.133725,0.002609
MLM,2026-03-31,0.227606,0.122614,1.110866,0.249633,0.030103,0.133953,0.073816,0.006797,0.008889,23.03037,25.583664,3.084989,849.876842,105.016778,26.215642,870.87084,0.043421,0.503586,0.277504,14.767647,3.089286,2.27853,1.105416,0.066449,1.746154,515.741864,0.150033,0.136564,0.022761
MLM,2026-06-30,0.254237,0.200308,0.128916,0.299435,-0.008218,0.021739,0.011781,0.017832,0.01937,138.824504,17.896739,3.017924,-2177.809408,61.244776,18.338831,-2231.606528,0.007203,0.549541,0.297817,10.015437,6.423729,1.406555,0.73433,0.091387,1.908824,397.346734,0.446215,0.065742,0.005136
MMM,2024-12-31,0.377038,0.180532,0.121131,0.221797,0.254077,0.189485,0.01826,0.061461,0.035335,117.518122,14.23514,22.267879,56.026976,70.114922,15.55128,61.207067,0.008509,3.395107,0.32718,5.584396,4.011905,1.411158,1.082623,0.150747,1.881653,295.17228,2.497253,0.048419,0.00782
MMM,2025-03-31,0.415855,0.209271,0.187437,0.324152,-0.052906,0.25,0.027934,0.056165,0.05377,76.660567,14.369028,19.165142,-271.597438,48.426524,15.697546,-296.708545,0.013045,3.15121,0.352106,3.704663,6.431373,1.65665,1.247275,0.149033,1.700657,331.42714,-0.070789,0.039637,0.014276
MMM,2025-06-30,0.425284,0.18017,0.113966,0.228562,-0.183165,0.168531,0.019032,0.048153,0.038435,118.330834,13.485686,19.942469,-73.625811,64.457373,14.732533,-80.433039,0.008451,3.199534,0.361315,6.506207,4.894515,1.719647,1.19749,0.166996,1.687234,340.166101,-1.319502,0.032787,0.006936
MMM,2025-09-30,0.418137,0.246739,0.127973,0.257327,0.235998,0.180207,0.022174,0.068261,0.047753,102.581766,13.127696,18.485997,55.626263,55.732374,14.341444,60.769305,0.009748,2.842697,0.349791,4.729875,5.943966,1.842322,1.396542,0.173274,1.725443,323.003427,2.105516,0.033451,0.008133
MMM,2025-12-31,0.335562,0.129464,0.094081,0.229904,0.217675,0.122714,0.015292,0.034686,0.034828,148.272431,13.949648,18.195064,64.084789,66.285951,15.239392,70.009881,0.006744,2.680136,0.333978,5.224823,4.414414,1.707869,1.326316,0.162537,1.735918,296.161489,2.743501,0.040437,0.007011
MMM,2026-03-31,0.407297,0.232836,0.108292,0.235158,0.057877,0.200123,0.018428,0.066414,0.041357,131.015609,14.187926,26.219183,245.138089,65.911983,15.4997,267.802841,0.007633,3.847993,0.354329,6.224965,5.102804,1.593556,1.185009,0.170166,1.606287,319.5545,0.87902,0.037313,0.013267
MMM,2026-06-30,0.412769,0.203077,0.143538,0.254923,0.117385,0.316057,0.026715,0.071233,0.056148,91.696884,13.16203,28.981434,112.127383,56.405064,14.378953,122.494353,0.010905,4.251694,0.35938,5.791189,6.544554,1.240179,0.908867,0.186118,1.655208,283.819795,1.056806,0.034308,0.006308
MNST,2024-12-31,0.553213,0.210384,0.149396,0.221759,0.192896,0.045439,0.03507,0.042218,0.057573,323.552423,48.337317,14.701804,250.587781,209.694699,46.501641,241.071364,0.003091,0.062767,0.048445,,,3.317942,2.64633,0.234748,1.483278,367.953605,1.705513,0.0619,0.012247
MNST,2025-03-31,0.565074,0.307213,0.238867,0.327229,0.255156,0.06795,0.053846,0.064993,0.083125,197.721408,47.229151,13.435082,185.099355,138.849463,45.435559,178.069952,0.005058,0.030533,0.024196,,145.50425,3.374869,2.783099,0.225423,1.363412,375.490779,1.145842,0.018548,0.011176
MNST,2025-06-30,0.557121,0.299121,0.231481,0.320158,0.20106,0.06797,0.055991,0.066387,0.086797,179.194507,41.480153,12.179877,206.307766,124.641117,39.904887,198.472944,0.005581,,,,360.270556,3.519209,2.996281,0.241881,1.386741,329.218384,0.9534,0.019634,0.015688
MNST,2025-09-30,0.557309,0.307378,0.238699,0.320858,0.317332,0.067714,0.054567,0.066321,0.0842,167.009943,39.865115,11.308895,125.625804,119.526901,38.351183,120.854991,0.005988,,,,,3.185459,2.74244,0.2286,1.372169,274.091369,1.420801,0.021812,0.014933
MNST,2025-12-31,0.555281,0.254632,0.210783,0.269844,0.162205,0.05442,0.044969,0.051964,0.063532,194.993655,41.101371,10.611589,253.391115,146.530886,39.54049,243.768238,0.005128,,,,,3.702969,3.150659,0.213341,1.317032,367.124614,0.844665,0.015836,0.018312
MNST,2026-03-31,0.549592,0.310186,0.241995,0.33108,0.246825,0.065255,0.052518,0.063501,0.083151,153.804226,37.219876,10.036536,150.79461,108.150239,35.8064,145.067977,0.006502,,,,1251.213333,3.256971,2.800646,0.217023,1.249884,307.317034,1.062339,0.010256,0.012023
MNST,2026-06-30,0.559468,0.291803,0.230363,0.314822,0.180397,0.062423,0.051355,0.060162,0.079574,149.842953,34.518279,9.353675,191.346406,105.479831,33.207399,184.079762,0.006674,,,,961.33625,3.729315,3.224117,0.222932,1.333813,310.850112,0.871138,0.020281,0.014058
MO,2024-12-31,0.705836,0.571289,0.595182,0.625147,0.644928,-1.357909,0.086392,0.12857,0.118162,38.19697,22.734154,-51.868003,35.250711,43.339786,27.093732,42.010506,0.02618,-11.137623,0.708588,6.829261,9.119883,0.513951,0.390958,0.145152,28.847458,104.996303,1.099046,0.009205,
MO,2025-03-31,0.718964,0.588847,0.238327,0.446116,0.593494,-0.306838,0.030117,0.075518,0.077475,107.781421,25.68723,-33.071393,43.281354,68.621328,30.6131,51.581133,0.009278,-7.424217,0.728719,10.581845,7.423664,0.570624,0.470953,0.12637,17.515504,167.988287,2.525534,0.008409,
MO,2025-06-30,0.727788,0.610775,0.449527,0.65482,0.032703,-0.730344,0.073549,0.114805,0.13283,48.814378,21.943401,-35.651287,670.986074,39.936662,26.151342,799.656634,0.020486,-7.592138,0.764568,6.764723,12.338182,0.387743,0.238067,0.163615,21.950207,129.930628,0.086207,0.006049,
MO,2025-09-30,0.725957,0.615502,0.452295,0.651876,0.578937,-0.897581,0.067842,0.108274,0.125477,48.876038,22.106378,-43.870216,38.184405,40.415015,26.345572,45.506776,0.02046,-9.713152,0.734146,6.494011,12.061151,0.617789,0.489259,0.149994,21.088353,119.528424,1.302737,0.010284,
MO,2025-12-31,0.714905,0.573144,0.219925,0.379799,0.625911,-0.318961,0.031899,0.096776,0.072497,103.921747,22.855009,-33.146942,36.514813,71.716225,27.237763,43.517017,0.009623,-7.341234,0.734186,11.008294,5.179558,0.648023,0.531134,0.145044,19.311787,99.563358,2.92838,0.018114,
MO,2026-03-31,0.736864,0.621269,0.458806,0.666877,0.468894,-0.679851,0.063122,0.105515,0.119074,53.174801,24.39693,-36.150916,52.030744,43.599306,29.075367,62.008336,0.018806,-7.661788,0.711369,6.640719,12.081395,0.61877,0.482455,0.137578,16.753521,151.518893,1.06459,0.019546,
MO,2026-06-30,0.713219,0.589432,0.429052,0.612397,0.1236,-0.861319,0.068856,0.113053,0.125918,50.513747,21.673001,-43.508467,175.348325,42.177012,25.829088,208.973713,0.019797,-9.211769,0.736412,6.771341,10.928814,0.517632,0.38121,0.160484,17.503268,110.202207,0.312881,0.010642,
MOH,2024-12-31,0.10601,0.036194,0.023907,0.040766,-0.022383,0.055827,0.016059,0.037157,0.049134,41.75792,0.998308,2.331236,-44.601013,12.895416,0.525692,-23.48612,0.023948,0.693505,0.199488,,11.176471,1.617655,,0.671721,3.18248,,-0.89243,0.001048,0.001714
MOH,2025-03-31,0.114829,0.038845,0.026734,0.043151,0.015071,0.069142,0.018186,0.041966,0.052606,35.17194,0.940274,2.431842,62.388322,11.474508,0.495132,32.852608,0.028432,0.873782,0.22983,,10.069767,1.625628,,0.680276,3.193068,,0.637584,0.001974,0.002422
MOH,2025-06-30,0.102127,0.032642,0.022316,0.037718,-0.030104,0.055399,0.015732,0.036684,0.044762,41.102894,0.917234,2.277045,-30.468715,12.805657,0.483,-16.044297,0.024329,0.77406,0.219816,,7.770833,1.664804,,0.704979,2.956533,,-1.184314,0.003676,0.000263
MOH,2025-09-30,0.08077,0.011937,0.006883,0.015858,-0.014202,0.01885,0.005032,0.015657,0.016673,132.673899,0.913238,2.500892,-64.302074,30.325484,0.480896,-33.860357,0.007537,0.919112,0.245382,,2.795918,1.677851,,0.731112,3.265149,,-1.582278,0.003311,-0.000261
MOH,2025-12-31,0.061626,-0.014242,-0.014066,-0.010374,-0.02611,-0.039322,-0.01028,-0.015459,-0.019775,-65.507738,0.921428,2.575876,-35.290364,-46.773205,0.485208,-18.583293,-0.015265,0.970754,0.253791,,-3.115385,1.688009,,0.730853,3.219643,,1.8625,,0.001758
MOH,2026-03-31,0.094665,0.016302,0.001297,0.0113,0.097721,0.003431,0.000854,0.010828,0.010118,748.659858,0.970845,2.568931,9.934823,45.239657,0.51123,5.231505,0.001336,0.967402,0.240803,,1.537037,1.627504,,0.658654,3.156725,,77.285714,0.002501,0.003057
MOH,2026-06-30,0.085433,0.013335,0.005518,0.017013,-0.029796,0.014385,0.003749,0.012041,0.017464,174.6873,0.963881,2.512884,-32.3495,29.83372,0.507563,-17.034686,0.005725,0.947734,0.247016,,2.685185,1.678961,,0.679498,3.12023,,-4.9,0.002759,0.002391
MOS,2024-12-31,0.107213,0.035477,0.060016,0.189105,-0.026563,0.014718,0.007372,0.005231,0.013353,46.047841,2.763623,0.67774,-104.038571,25.79941,4.87879,-183.665585,0.021717,0.387532,0.194111,7.421408,4.173333,1.078393,0.467456,0.122836,2.717526,336.399083,1.297633,0.104443,0.001811
MOS,2025-03-31,0.186348,0.129154,0.090847,0.231981,-0.113663,0.020228,0.010278,0.016495,0.019135,32.684104,2.969242,0.661129,-26.123146,22.5957,5.241782,-46.11677,0.030596,0.409773,0.208213,7.135526,6.992337,1.123148,0.442972,0.113137,2.455406,464.71679,0.180176,0.130032,0.003548
MOS,2025-06-30,0.172539,0.081312,0.13664,0.296803,0.101441,0.033028,0.016898,0.010754,0.031697,18.948345,2.589109,0.625821,25.523402,15.399827,4.570711,45.058005,0.052775,0.372055,0.190353,4.623921,9.537065,1.13612,0.441642,0.123667,2.697146,400.063645,1.484052,0.101341,0.002795
MOS,2025-09-30,0.15999,0.098433,0.119174,0.271023,-0.039367,0.032189,0.016678,0.013851,0.032575,18.916104,2.254305,0.608893,-57.263319,14.683824,3.97966,-101.090403,0.052865,0.375879,0.19475,4.718897,11.106239,1.140706,0.40378,0.139945,3.25547,371.928814,0.555421,0.105559,0.001883
MOS,2025-12-31,0.11521,0.05246,-0.174698,0.023035,-0.136429,-0.042988,-0.021221,0.009102,-0.009743,-14.979952,2.61697,0.643951,-19.181871,200.557456,4.619896,-33.862918,-0.066756,0.436867,0.215665,69.741606,-3.130094,1.31503,0.470649,0.121474,3.06567,423.021321,0.107988,0.117564,0.002186
MOS,2026-03-31,0.078586,-0.046798,-0.085924,0.032021,-0.084256,-0.021823,-0.010485,-0.007219,-0.010877,-30.209958,2.595759,0.659275,-30.807938,143.106101,4.58245,-54.387117,-0.033102,0.488182,0.234548,54.59375,-3.378254,1.245639,0.447313,0.122026,2.951078,432.593809,-0.404503,0.119013,0.003436
MOS,2026-06-30,0.076024,-0.010375,-0.096597,0.024291,-0.054141,-0.023796,-0.011071,-0.001502,-0.010861,-28.526705,2.755598,0.678834,-50.896567,200.265098,4.864624,-89.85079,-0.035055,0.530282,0.24671,81.074344,-2.887597,1.336665,0.433772,0.114611,3.283455,459.545766,-0.613636,0.113417,0.002762
MPC,2024-12-31,0.052902,0.024504,0.011196,0.062347,0.042158,0.020907,0.004705,0.01573,0.021368,321.616286,3.600798,6.724127,85.41134,73.807668,4.601703,109.152929,0.003109,1.620626,0.364681,11.747822,3.604651,1.173813,0.714409,0.420211,2.973262,72.309307,5.948787,0.024444,
MPC,2025-03-31,0.043278,0.011232,-0.002348,0.047911,-0.023067,-0.004513,-0.000906,0.00676,0.012172,-1612.427596,3.785882,7.277363,-164.126055,100.984531,4.838235,-209.747788,-0.00062,1.960051,0.393677,17.945695,2.146707,1.194279,0.732761,0.386082,2.601701,88.72585,0.864865,0.021036,
MPC,2025-06-30,0.088316,0.056067,0.035977,0.089056,0.057516,0.073147,0.015494,0.03588,0.037499,98.124706,3.530271,7.177553,61.378417,50.660014,4.511573,78.43963,0.010191,1.806725,0.382689,8.963787,6.475219,1.232303,0.707453,0.430648,3.037293,81.805972,2.17023,0.020563,
MPC,2025-09-30,0.07952,0.048062,0.039358,0.102991,0.047746,0.080131,0.016458,0.027087,0.042535,87.094629,3.427839,6.978981,71.792805,42.534628,4.380667,91.748882,0.011482,2.000526,0.410896,8.421199,8.046921,1.315143,0.790314,0.418176,3.319252,79.696895,1.90438,0.027206,
MPC,2025-12-31,0.088568,0.056671,0.047123,0.109873,0.05796,0.088657,0.018284,0.03096,0.042799,77.732666,3.663033,6.891512,63.198963,42.605935,4.681238,80.76623,0.012865,1.984406,0.409243,8.159821,6.8775,1.259274,0.744537,0.387994,3.157313,80.627864,1.999349,0.036256,
MPC,2026-03-31,0.062281,0.030292,0.014942,0.065175,0.006082,0.030502,0.005795,0.017198,0.022265,233.502235,3.488878,7.122285,573.652126,68.410337,4.458674,733.108854,0.004283,2.048946,0.389241,13.761328,3.678756,1.175618,0.734669,0.387812,2.337822,78.131802,2.193738,0.026696,
MPC,2026-06-30,0.155633,0.134227,0.098819,0.158076,0.175809,0.26933,0.05448,0.106674,0.110347,23.222974,2.294873,6.254633,13.053237,18.552943,2.932774,16.681615,0.043061,1.797557,0.363609,3.047573,18.498747,1.250356,0.886656,0.55131,3.303304,33.557945,2.009926,0.02281,
MPWR,2024-12-31,0.554009,0.262693,2.331421,0.278848,0.165489,0.491122,0.41224,0.055337,0.050697,41.291484,96.267843,20.279164,581.715888,337.187871,94.024141,568.157908,0.024218,0.004396,0.00369,,,5.313063,3.888562,0.176819,3.603479,518.723293,0.115693,0.104239,0.090097
MPWR,2025-03-31,0.554039,0.264698,0.211828,0.282655,0.338865,0.041338,0.035486,0.040118,0.049024,443.135598,93.868674,18.318386,277.008719,324.355841,91.680889,270.552512,0.002257,0.00443,0.003803,,,4.921247,3.669756,0.167523,2.967217,543.416122,1.898432,0.063276,0.082826
MPWR,2025-06-30,0.550753,0.247915,0.203151,0.267657,0.285136,0.039684,0.033988,0.036944,0.04591,443.276736,90.052197,17.591168,315.821867,328.604535,87.953362,308.461046,0.002256,0.004685,0.004012,,,5.003173,3.723821,0.167306,3.411203,547.999759,1.760157,0.072442,0.090431
MPWR,2025-09-30,0.55106,0.264771,0.241834,0.283357,0.263472,0.049965,0.042382,0.04744,0.051861,335.698693,81.183257,16.773329,308.128968,279.827643,79.291129,300.947445,0.002979,0.004225,0.003584,,,4.771287,3.629292,0.175251,3.05173,521.047144,1.342136,0.061102,0.08231
MPWR,2025-12-31,0.551507,0.266171,0.233896,0.285133,0.084532,0.04975,0.041889,0.047417,0.052273,340.632179,79.672436,16.946453,942.506714,272.909657,77.815521,920.539828,0.002936,0.005655,0.004762,,,5.912314,4.383612,0.179094,2.938492,586.169876,0.597125,0.055132,0.071769
MPWR,2026-03-31,0.553436,0.299871,0.240276,0.318656,0.223088,0.052544,0.043433,0.051262,0.060868,309.722029,74.418634,16.274049,333.58425,228.096362,72.684168,325.809444,0.003229,0.00543,0.004488,,,4.787056,3.515572,0.180762,2.661648,589.073662,1.295131,0.0881,0.051105
MPWR,2026-06-30,0.551751,0.309893,0.262377,0.327297,0.148355,0.066051,0.054905,0.06239,0.072558,232.595468,61.027723,15.363244,411.363175,182.114081,59.605358,401.775585,0.004299,0.004861,0.00404,,,4.97533,3.618024,0.209261,2.853856,537.780212,0.885767,0.08405,0.054234
MRK,2024-12-31,0.754992,0.27829,0.239567,0.364503,0.160842,0.08082,0.031962,0.046795,0.050718,96.808307,23.192108,7.824013,144.1916,71.848026,26.188845,162.823123,0.01033,0.801308,0.316901,4.19122,13.713415,1.364602,1.149648,0.133418,1.52014,433.670053,0.921721,0.059972,0.011969
MRK,2025-03-31,0.779831,0.382317,0.327065,0.471054,0.075472,0.105079,0.044118,0.061485,0.069107,71.343472,23.333988,7.49671,309.175334,55.936365,26.349057,349.125006,0.014017,0.720885,0.30267,3.583732,19.859425,1.410304,1.164177,0.134892,1.439203,511.10894,0.492223,0.085517,0.012557
MRK,2025-06-30,0.774959,0.351259,0.280084,0.406365,0.160003,0.09036,0.037669,0.058272,0.057976,81.8508,22.92506,7.396026,143.279356,63.704578,25.88729,161.793004,0.012217,0.722593,0.301235,4.265141,17.390164,1.423551,1.170027,0.134493,1.33429,551.536564,0.743845,0.048336,0.013666
MRK,2025-09-30,0.776858,0.37937,0.334858,0.476152,0.395636,0.111572,0.044656,0.060318,0.070077,62.636732,20.974386,6.988496,53.01441,49.741613,23.684563,59.864595,0.015965,0.797956,0.319377,2.820934,21.626911,1.661206,1.436111,0.133358,1.425413,473.551303,1.352118,0.057131,0.011808
MRK,2025-12-31,0.661524,0.247866,0.180671,0.383963,0.11122,0.056324,0.021649,0.034535,0.035296,122.292775,22.094725,6.888064,198.658713,64.979277,24.949665,224.328129,0.008177,0.937897,0.360491,5.522312,9.321168,1.536202,1.301161,0.119825,1.392781,410.27488,0.964225,0.062988,0.0125
MRK,2026-03-31,0.742417,-0.196549,-0.260346,-0.094744,0.179725,-0.092419,-0.032949,-0.033697,-0.030028,-85.460729,22.249385,7.898197,123.796888,-265.181146,25.12431,139.793135,-0.011701,1.0706,0.381684,-28.37978,-6.377871,1.299499,1.059046,0.126557,1.333825,501.262972,-0.924057,0.06085,0.011359
MRK,2026-06-30,0.735353,-0.026073,-0.080388,0.085807,0.269585,-0.031837,-0.010285,-0.004518,-0.001548,-271.425837,21.819323,8.641249,80.936675,287.140005,24.638677,91.394797,-0.003684,1.285527,0.415294,33.022456,-0.300952,1.322671,1.098842,0.127941,1.321792,473.79661,-4.022472,0.053773,0.017944
MRNA,2024-12-31,0.226987,-1.303347,-1.171548,-1.169456,0.316946,-0.102743,-0.079197,-0.108123,-0.098693,-54.909191,64.32876,5.641528,202.964668,-51.562877,60.300519,190.255104,-0.018212,0.068526,0.052821,,-196.333333,3.671351,3.618314,0.0676,2.670391,-5.562178,-0.736607,0.546025,0.108787
MRNA,2025-03-31,0.158879,-9.813084,-9.074766,-8.635514,-10.878505,-0.096463,-0.076433,-0.104312,-0.086757,-63.33501,574.750414,6.109507,-52.833586,-62.388849,538.75978,-49.525169,-0.015789,0.074012,0.058643,,-963.0,4.218204,4.138404,0.008423,1.371795,-131.369678,1.067971,1.186916,1.074766
MRNA,2025-06-30,0.131387,-6.620438,-6.021898,-5.547445,-6.729927,-0.087775,-0.068693,-0.0965,-0.078272,-74.543387,448.892659,6.543068,-66.70097,-75.851706,420.783186,-62.524183,-0.013415,0.078838,0.061699,,-817.0,3.925573,3.772901,0.011407,3.805556,295.282157,1.113939,0.021898,0.948905
MRNA,2025-09-30,0.793413,-0.259481,-0.199601,-0.134731,-0.878244,-0.021436,-0.016481,-0.027867,-0.017888,-307.491471,61.375543,6.591457,-69.884425,-427.017011,57.532232,-65.508291,-0.003252,0.078671,0.060486,,,3.925045,3.727543,0.082571,0.957935,495.641471,4.235,0.032934,0.12475
MRNA,2025-12-31,0.331361,-1.267751,-1.221893,-1.071006,1.318047,-0.095491,-0.066948,-0.092749,-0.076418,-74.453141,90.973808,7.109629,69.021655,-79.623338,85.277066,64.699547,-0.013431,0.150867,0.105771,,-98.875,3.293407,3.216407,0.05479,3.673913,-33.084516,-1.125908,0.057692,0.16716
MRNA,2026-03-31,-1.455013,-3.568123,-3.452442,-3.233933,-1.77892,-0.18129,-0.116905,-0.173543,-0.144837,-45.791731,158.093301,8.301606,-88.870367,-45.82456,148.193564,-83.305342,-0.021838,0.175216,0.112987,,-77.470588,2.409186,2.348225,0.033861,5.478873,60.886553,0.469099,0.159383,0.267352
MRNA,2026-06-30,0.34965,-5.699301,-5.468531,-4.804196,-3.937063,-0.115663,-0.071344,-0.110854,-0.089,-78.64232,430.058002,9.096035,-109.233205,-83.91164,403.127948,-102.393067,-0.012716,0.190356,0.117416,,-44.117647,2.294791,2.184294,0.013046,8.411765,486.886232,0.672634,0.258741,0.839161
MRSH,2025-03-31,0.454751,0.283954,0.195581,0.325591,-0.095879,0.098187,0.024222,0.044793,0.055639,60.475557,11.827892,5.937913,-123.362989,45.432251,14.792345,-154.281751,0.016536,1.593957,0.393212,8.23184,8.457143,1.135828,,0.123845,0.978656,,-0.450398,0.007789,0.015862
MRSH,2025-06-30,0.441497,0.26226,0.173645,0.303986,0.231144,0.076806,0.020681,0.038536,0.048244,68.965106,11.975444,5.296933,51.809394,49.268276,14.976878,64.794507,0.0145,1.370584,0.369055,8.515094,7.773663,1.202784,,0.119102,0.899755,,1.379851,0.00846,0.014052
MRSH,2025-09-30,0.386868,0.184223,0.117619,0.231617,0.316486,0.049297,0.012708,0.025247,0.03309,111.80287,13.150172,5.511565,41.550619,71.005265,16.446031,51.96455,0.008944,1.413977,0.364493,11.603671,5.261603,1.123282,,0.108041,0.875276,,2.787149,0.011337,0.014958
MRSH,2025-12-31,0.402881,0.184837,0.124488,0.230326,0.311751,0.054371,0.013984,0.027755,0.03429,101.725632,12.663646,5.53091,40.620984,68.761518,15.837566,50.801919,0.00983,1.420464,0.365338,11.125741,5.493617,1.101614,,0.112332,0.940128,,2.632156,0.015921,0.013495
MRSH,2026-03-31,0.456364,0.230881,0.150849,0.26958,-0.098723,0.07866,0.019572,0.037411,0.04837,72.87674,10.993385,5.732497,-111.355658,51.000364,13.748683,-139.264994,0.013722,1.541012,0.383437,9.272949,7.5875,1.111504,,0.129748,0.976855,,-0.600349,0.008161,0.018297
MRSH,2026-06-30,0.440708,0.256483,0.170989,0.2943,0.195975,0.083383,0.021212,0.040298,0.050935,65.968992,11.279949,5.500675,57.558059,47.934257,14.10707,71.983973,0.015159,1.474149,0.375021,8.655805,7.808,1.139239,,0.124058,0.893232,,1.203002,0.009724,0.012966
MRVL,2025-04-30,0.502506,0.136284,0.093864,0.316836,0.112383,0.013363,0.008884,0.012131,0.015841,1233.887605,115.81734,16.488662,1030.556831,358.927767,113.721376,1011.906685,0.00081,0.338924,0.225333,5.573189,4.946984,1.304685,0.940437,0.094653,1.656731,417.233017,1.871276,0.063262,0.074975
MRVL,2025-07-31,0.503764,0.148946,0.097104,0.308011,0.205872,0.014514,0.009463,0.013923,0.015951,1126.840888,109.42057,16.354754,531.497833,348.820398,107.440369,521.879235,0.000887,0.355864,0.232014,5.248098,5.143617,1.880924,1.442629,0.097448,1.381897,425.785606,2.36961,0.024226,0.076566
MRVL,2025-10-31,0.515691,0.177103,0.91651,1.244878,0.244685,0.13526,0.088109,0.01702,0.120293,115.451851,105.812777,15.616053,432.44406,83.460261,103.897866,424.618053,0.008662,0.339876,0.221396,0.679342,44.269531,2.014287,1.643585,0.096135,1.34159,410.407111,0.306264,0.036009,0.073319
MRVL,2026-01-31,0.517375,0.186551,0.178528,0.337765,0.11642,0.027683,0.017774,0.022041,0.022681,554.174716,98.935685,15.34124,849.820383,287.611588,97.145231,834.441053,0.001804,0.334789,0.214953,2.444355,8.511811,2.006086,1.575097,0.099559,1.01468,466.819504,0.943449,0.052012,0.064452
MRVL,2026-04-30,0.521466,0.144801,0.014269,0.272975,0.199603,0.001894,0.00128,0.006256,0.013759,6362.568259,90.78857,12.050451,454.845845,326.569885,89.145555,446.61443,0.000157,0.289705,0.195854,1.693485,1.325264,3.278285,2.662992,0.089733,1.291767,500.612318,18.515942,0.064604,0.085863
MRVL,2026-07-31,0.531377,0.166794,0.112437,0.280254,0.173146,0.01662,0.011178,0.015833,0.018348,712.690276,80.133101,11.845097,462.805408,280.755665,78.68292,454.429947,0.001403,0.285248,0.191841,1.3418,5.64742,3.168354,2.624005,0.099414,1.234809,455.587241,1.965909,0.047895,0.119082
MS,2024-12-31,,,0.246892,,0.725986,0.035537,0.003057,,,85.666483,21.15039,3.044324,29.13335,,13.125462,18.079509,0.011673,2.970223,0.255476,,,,,0.01238,0.174598,,3.177167,0.058432,0.025992
MS,2025-03-31,,,0.261246,,-1.494763,0.040398,0.003318,,,73.734721,19.2629,2.978741,-12.886926,,11.954127,-7.99734,0.013562,3.067605,0.251986,,,,,0.012702,0.179235,,-5.556431,0.043168,0.032633
MS,2025-06-30,,,0.226801,,0.709177,0.032713,0.002614,,,89.902605,20.389985,2.940965,28.75161,,12.653571,17.84261,0.011123,3.25684,0.260245,,,,,0.011525,0.158722,,3.34247,0.048898,0.030056
MS,2025-09-30,,,0.269859,,-0.236785,0.041924,0.003378,,,69.016338,18.624675,2.893412,-78.656445,,11.558059,-48.81244,0.014489,3.211291,0.258733,,,,,0.012517,0.150834,,-0.722777,0.041737,0.026283
MS,2025-12-31,,,0.26232,,-0.186076,0.039388,0.003096,,,72.359636,18.981346,2.850126,-102.008759,,11.779401,-63.304367,0.01382,3.319281,0.260893,,,,,0.011802,0.146112,,-0.548101,0.042298,0.02798
MS,2026-03-31,,,0.288087,,-0.406334,0.048711,0.00352,,,57.152024,16.464775,2.78394,-40.52029,,10.217673,-25.145991,0.017497,3.449539,0.249291,,,,,0.012219,0.145733,,-1.275013,0.039019,0.029549
MS,2026-06-30,,,0.280678,,-0.17934,0.047976,0.003332,,,57.008658,16.001072,2.735047,-89.221907,,9.929909,-55.369131,0.017541,3.630866,0.252156,,,,,0.011871,0.131673,,-0.492206,0.041189,0.028264
MSCI,2024-12-31,0.823046,0.544975,0.41091,0.620824,0.530832,-0.325017,0.056105,0.095413,0.105926,131.560318,54.0594,-42.759339,101.839096,100.490368,62.386801,117.526561,0.007601,-4.927642,0.850614,8.89313,8.984727,0.847613,,0.136538,0.905935,,1.409531,0.048359,0.030893
MSCI,2025-03-31,0.816573,0.505497,0.386967,0.579378,0.360418,-0.301073,0.054001,0.091578,0.097369,139.271139,53.893337,-41.930846,149.52995,107.348178,62.195157,172.563794,0.00718,-4.866942,0.872938,9.696258,8.12043,0.842605,,0.139549,0.995399,,1.045392,0.044114,0.053634
MSCI,2025-06-30,0.821794,0.550408,0.393037,0.620292,0.390449,-0.342696,0.056516,0.094265,0.108621,132.346561,52.017149,-45.354647,133.2239,96.776858,60.029957,153.745933,0.007556,-5.222734,0.861315,8.698821,9.177489,0.86466,,0.143794,0.977389,,1.107014,0.044649,0.030025
MSCI,2025-09-30,0.832967,0.564249,0.410103,0.634336,0.53344,-0.169828,0.060378,0.102285,0.115273,123.52606,50.658348,-20.978171,94.965447,92.16221,58.461845,109.594084,0.008095,-2.932978,1.042748,10.155669,8.394778,0.881747,,0.147227,1.063785,,1.381178,0.032985,0.028449
MSCI,2025-12-31,0.825683,0.563653,0.34609,0.617645,0.565136,-0.107239,0.04992,0.095671,0.116824,141.194337,48.865997,-15.141475,86.467711,91.303954,56.393397,99.787342,0.007082,-2.376991,1.106508,11.201348,7.114478,0.898922,,0.144241,0.833605,,1.760395,0.04412,0.031088
MSCI,2026-03-31,0.833333,0.537024,0.477198,0.602844,0.326751,-0.146354,0.073215,0.125878,0.116553,98.99914,47.242185,-14.488898,144.581477,90.437021,54.51945,166.85305,0.010101,-2.360297,1.180766,11.741275,6.632417,0.864183,,0.153427,0.963315,,0.755665,0.03385,0.056065
MSCI,2026-06-30,0.827105,0.562284,0.394464,0.629527,0.376471,-0.127161,0.061044,0.108248,0.122173,117.525294,46.359459,-14.944655,123.142312,84.985614,53.500747,142.11136,0.008509,-2.423982,1.163641,11.043789,6.877465,0.894439,,0.154752,0.980326,,1.084211,0.051211,0.029296
MSFT,2024-12-31,0.68694,0.454575,0.34622,0.511633,0.093161,0.079645,0.045155,0.074746,0.070489,152.090005,52.656621,12.113136,565.220571,104.377586,53.402974,573.231986,0.006575,0.205567,0.116547,0.771571,50.436027,1.35082,1.342472,0.130422,1.445007,-110.731689,0.924631,0.226965,0.044362
MSFT,2025-03-31,0.687166,0.456712,0.368567,0.56668,0.289713,0.080226,0.045899,0.072201,0.071297,141.983653,52.330458,11.390768,180.62889,93.6546,53.072188,183.189117,0.007043,0.18816,0.107651,0.353935,53.823232,1.371592,1.364167,0.124534,1.355242,-153.675044,1.43448,0.238989,0.042531
MSFT,2025-06-30,0.685849,0.449013,0.356262,0.581285,0.33448,0.079286,0.043995,0.074123,0.069552,134.637603,47.96622,10.674847,143.405266,83.687174,48.646092,145.437887,0.007427,0.176395,0.09788,0.290521,54.034146,1.353446,1.346804,0.123491,1.093498,-73.341829,1.566004,0.223427,0.040201
MSFT,2025-09-30,0.690459,0.488728,0.357228,0.618748,0.330398,0.076422,0.043603,0.075582,0.069809,132.143505,47.20541,10.098673,142.874405,77.373198,47.874498,144.899501,0.007568,0.166786,0.095161,0.298772,50.141834,1.40053,1.39216,0.12206,1.468465,-228.887828,1.623851,0.249688,0.038405
MSFT,2025-12-31,0.680361,0.470944,0.473195,0.715859,0.072373,0.09839,0.057805,0.070766,0.091504,95.340003,45.11444,9.380456,623.356995,63.914677,45.75389,632.192433,0.010489,0.14738,0.086588,0.274424,66.55163,1.386024,1.377878,0.12216,1.43757,-255.691413,0.929794,0.367601,0.039607
MSFT,2026-03-31,0.676327,0.463263,0.383394,0.606677,0.190659,0.07669,0.045775,0.068225,0.071952,115.381265,44.236492,8.848643,232.018341,73.949605,44.863498,235.30696,0.008667,0.137475,0.082055,0.162215,51.565553,1.282948,1.274028,0.119393,1.38049,-229.387842,1.468909,0.372512,0.037172
MSFT,2026-06-30,0.67197,0.451109,0.397369,0.621152,0.218194,0.080848,0.047161,0.068305,0.076136,102.515961,40.736674,8.288186,186.699213,66.512054,41.314074,189.345481,0.009755,0.128453,0.074931,0.346265,53.499404,1.230327,1.222052,0.118684,1.112901,-179.121878,1.550103,0.397769,0.034686
MSI,2024-12-31,0.514447,0.257722,0.202923,0.314846,0.326802,0.358779,0.041864,0.07827,0.090356,124.234107,25.20991,44.572542,77.1413,89.485269,28.17404,86.211417,0.008049,3.846741,0.448852,4.111814,11.648649,1.281701,1.130168,0.206304,1.54252,133.766609,1.751227,0.028562,0.020923
MSI,2025-03-31,0.514241,0.234968,0.170095,0.275712,0.187104,0.262035,0.029793,0.061403,0.064767,176.527998,30.026519,46.256575,160.479998,121.710236,33.556976,179.348911,0.005665,3.976234,0.452089,6.362984,8.927536,1.198497,1.029256,0.175154,1.428249,204.136743,1.186047,0.014636,0.026108
MSI,2025-06-30,0.511031,0.250633,0.185533,0.302712,0.081374,0.260671,0.031258,0.054113,0.062856,147.966938,27.452817,38.57065,337.364619,101.352491,30.680664,377.031266,0.006758,4.23374,0.507677,5.406213,10.577465,1.728047,1.53517,0.168474,1.492981,185.083905,0.532164,0.01736,0.026763
MSI,2025-09-30,0.516451,0.25457,0.186773,0.313393,0.24327,0.241513,0.029895,0.05108,0.063014,135.065906,25.226666,32.620129,103.698141,89.95974,28.192767,115.890758,0.007404,4.269875,0.528539,8.955461,8.038835,1.02686,0.860223,0.160062,1.49108,198.630891,1.419929,0.021934,0.024261
MSI,2025-12-31,0.523077,0.267751,0.192012,0.331361,0.33787,0.269295,0.033473,0.059109,0.073398,116.959999,22.457704,31.496697,66.468511,75.742888,25.098235,74.283743,0.00855,4.052282,0.503688,7.141964,8.350427,1.036525,0.874794,0.174326,1.536364,159.456719,1.935285,0.033728,0.023669
MSI,2026-03-31,0.501842,0.214075,0.134856,0.25608,0.143331,0.143868,0.019182,0.042126,0.040825,207.396282,27.968695,29.837673,195.133777,122.060482,31.257198,218.07721,0.004822,3.769261,0.502568,11.62446,4.972973,1.070516,0.858068,0.142243,1.326491,295.139933,1.23224,0.022845,0.036846
MSI,2026-06-30,0.535589,0.263964,0.177785,0.318864,0.132142,0.208458,0.028947,0.053138,0.062285,136.278347,24.228228,28.408323,183.350336,84.916952,27.076934,204.908297,0.007338,3.599925,0.499896,8.33033,7.807339,1.099122,0.86019,0.162821,1.450463,302.066472,0.842011,0.017555,0.033195
MTB,2024-12-31,,,0.288315,,0.673582,0.023461,0.003272,,,48.204492,13.898077,1.130922,20.633098,,15.354048,22.794634,0.020745,0.468702,0.065376,,,,,0.01135,,,2.461087,0.035986,
MTB,2025-03-31,,,0.253252,,0.264527,0.020144,0.002777,,,56.21106,14.235585,1.132326,53.815178,,15.726913,59.452889,0.01779,0.413784,0.057037,,,,,0.010964,,,1.087329,0.010841,
MTB,2025-06-30,,,0.300084,,0.342833,0.025101,0.003384,,,45.848127,13.758281,1.150824,40.131123,,15.199607,44.335284,0.021811,0.504119,0.067964,,,,,0.011277,,,1.178771,0.010897,
MTB,2025-09-30,,,0.31769,,0.387084,0.027569,0.003749,,,41.448559,13.167773,1.142692,34.017885,,14.547237,37.581619,0.024126,0.519632,0.070656,,,,,0.0118,,,1.263889,0.01444,
MTB,2025-12-31,,,0.311449,,0.191629,0.026014,0.003555,,,43.25067,13.470357,1.125107,70.293916,,14.881519,77.65795,0.023121,0.445933,0.060939,,,,,0.011414,,,0.689065,0.022979,
MTB,2026-03-31,,,0.275748,,0.380399,0.023738,0.003092,,,49.438643,13.632583,1.173576,35.837619,,15.06074,39.59199,0.020227,0.678357,0.088364,,,,,0.011214,,,1.524096,0.039867,
MTB,2026-06-30,,,0.329175,,0.501811,0.029271,0.003731,,,40.131123,13.210165,1.174668,26.324987,,14.594069,29.082809,0.024918,0.648322,0.082632,,,,,0.011334,,,1.550122,0.008451,
MTCH,2024-12-31,0.725156,0.272216,0.184027,0.299576,0.287317,-2.486624,0.035447,0.049563,0.060543,63.659943,11.715177,-158.298345,40.774428,50.45262,15.114389,52.605313,0.015708,-60.462511,0.861885,11.187909,5.993529,2.543878,,0.192615,2.646997,,1.609074,0.008797,0.080456
MTCH,2025-03-31,0.714973,0.220255,0.14145,0.249545,0.213781,-0.643472,0.030225,0.047402,0.051875,85.711613,12.123894,-55.152997,56.71177,62.680964,15.641697,73.166947,0.011667,-18.757192,0.881045,14.549225,4.969622,1.623416,,0.213677,2.570545,,1.64257,0.01856,0.084692
MTCH,2025-06-30,0.719894,0.224514,0.145273,0.252882,0.26741,-0.543475,0.032442,0.04825,0.068727,80.30981,11.666865,-43.646356,43.62916,59.522007,15.052058,56.288359,0.012452,-14.850512,0.88647,14.162629,5.903762,0.696629,,0.223314,2.523344,,1.943305,0.0149,0.07811
MTCH,2025-09-30,0.729794,0.251844,0.175821,0.268526,0.335608,-0.717835,0.03538,0.050023,0.066674,62.688504,11.021973,-44.999975,32.841807,52.955862,14.220048,42.371006,0.015952,-18.064563,0.890362,12.187294,6.230067,1.409506,,0.20123,2.65435,,1.994669,0.015097,0.061585
MTCH,2025-12-31,0.746602,0.334089,0.238779,0.353409,0.350926,-0.827005,0.046998,0.06492,0.086217,48.066599,11.477273,-39.751303,32.705692,41.89895,14.807455,42.195397,0.020804,-15.67107,0.890573,9.490456,6.908167,1.418013,,0.196827,2.892983,,1.539621,0.016703,0.072932
MTCH,2026-03-31,0.756167,0.312736,0.193113,0.336779,0.201374,-0.764897,0.037849,0.059849,0.069418,60.400956,11.664218,-46.2005,57.923106,44.684005,15.048643,74.729757,0.016556,-18.220506,0.901601,10.153141,5.715603,1.568717,,0.195995,2.94671,,1.164957,0.023594,0.067791
MTCH,2026-06-30,0.760566,0.287714,0.199912,0.32925,0.413228,-0.719436,0.042278,0.058833,0.073826,59.087369,11.812279,-42.509605,28.585369,46.28597,15.239665,36.879543,0.016924,-14.98335,0.880504,10.578343,6.064722,1.723885,,0.211483,3.054363,,2.16857,0.020295,0.0727
MTD,2024-12-31,0.61171,0.319292,0.241407,0.347575,0.2152,-1.988344,0.077871,0.141847,0.160438,110.571512,26.69274,-219.854228,124.037077,82.539542,28.68868,133.311905,0.009044,-15.871132,0.621571,5.380515,18.621681,1.022011,0.729017,0.32257,1.521043,353.682888,1.055037,0.039494,0.006083
MTD,2025-03-31,0.595058,0.248421,0.185107,0.280909,0.200504,-0.898919,0.050573,0.093992,0.104843,170.534963,31.567177,-153.297046,157.439321,120.777734,33.927601,169.21179,0.005864,-11.397254,0.641206,8.095822,13.126464,1.013134,0.701063,0.273209,1.384332,424.165441,1.188658,0.019525,0.005815
MTD,2025-06-30,0.589772,0.270246,0.205801,0.300936,0.216115,-0.781891,0.059506,0.112318,0.11573,137.867946,28.37338,-107.79775,131.288222,101.333664,30.494989,141.105252,0.007253,-8.438876,0.642242,7.171985,15.819536,1.124284,0.77368,0.289143,1.442523,408.580403,1.168116,0.024284,0.005474
MTD,2025-09-30,0.591878,0.281539,0.21122,0.310448,0.266956,-0.872772,0.061762,0.119442,0.123181,128.26759,27.092678,-111.948342,101.487548,93.795168,29.118523,109.076243,0.007796,-8.86788,0.627539,6.696926,16.215372,1.074718,0.737667,0.292406,1.498258,377.723041,1.376467,0.023782,0.005347
MTD,2025-12-31,0.59787,0.303909,0.252949,0.335678,0.162942,-12.090244,0.076971,0.140073,0.137784,97.623233,24.69367,-1180.288672,151.549063,79.064291,26.54013,162.88109,0.010243,-91.054832,0.579687,5.498775,19.925351,1.137341,0.814144,0.304294,1.451648,348.332465,0.789407,0.036738,0.00574
MTD,2026-03-31,0.586844,0.239253,0.178914,0.273917,0.129212,-4.04589,0.046186,0.083755,0.088521,164.630537,29.454659,-666.077001,227.95639,115.57203,31.657121,245.001748,0.006074,-53.21104,0.607438,8.3569,13.327571,1.201694,0.836447,0.258149,1.337361,437.191488,0.824967,0.018386,0.005774
MTD,2026-06-30,0.63293,0.306108,0.226707,0.33035,0.27511,18.162598,0.063444,0.119105,0.124126,119.782837,27.155576,2175.567577,98.708188,88.349144,29.186124,106.089058,0.008348,164.701162,0.575319,6.071726,17.780761,1.122354,0.779528,0.27985,1.404432,435.823196,1.332835,0.027053,0.005228
MU,2025-02-28,0.367937,0.220166,0.196573,0.490376,-0.014032,0.03255,0.021669,0.026498,0.028692,724.723667,142.460892,23.589694,-10152.544818,285.53851,140.021306,-9978.686509,0.00138,0.307487,0.204701,1.010129,16.696429,3.134315,1.990859,0.110235,1.5815,705.795458,2.490208,0.503539,0.03092
MU,2025-05-31,0.377164,0.233201,0.202666,0.465541,0.179658,0.037144,0.024044,0.030511,0.032756,608.614093,123.345615,22.606557,686.557489,260.413759,121.23337,674.800464,0.001643,0.318062,0.205888,0.52448,18.178862,2.754711,1.893636,0.11864,1.693554,591.675315,2.445093,0.31588,0.027201
MU,2025-08-31,0.446664,0.326381,0.282899,0.521785,0.006363,0.059097,0.03866,0.04957,0.052632,358.399739,101.390859,21.180422,15933.855061,190.987733,99.65458,15660.994105,0.00279,0.282064,0.184521,0.320291,30.282258,2.517985,1.788545,0.136658,1.579645,535.551818,1.790066,0.500044,0.022095
MU,2025-11-30,0.560434,0.449754,0.38408,0.611816,0.221506,0.089107,0.060951,0.078296,0.083005,218.938466,84.089831,19.508852,379.628579,135.089442,82.649826,373.12759,0.004567,0.211288,0.144525,,82.905405,2.459784,1.779436,0.158693,1.703459,517.249779,1.605153,0.395001,0.021256
MU,2026-02-28,0.744132,0.676236,0.577745,0.774434,0.231182,0.190246,0.135801,0.172525,0.18566,83.223617,48.082044,15.83292,207.983605,61.023464,47.258658,204.421968,0.012016,0.149022,0.106375,,506.0,2.896824,2.318551,0.235053,1.550458,527.175143,0.863475,0.267687,0.012951
MU,2026-05-31,0.845619,0.803695,0.681277,0.858163,0.42363,0.2804,0.210593,0.272935,0.289747,40.620244,27.673619,11.389913,65.324995,31.695288,27.19972,64.20633,0.024618,0.063302,0.047542,,,3.424518,2.984914,0.309115,1.541459,517.268331,0.898913,0.188778,0.008563
NCLH,2024-12-31,0.380108,0.101804,0.120669,0.251124,0.073871,0.178567,0.012746,0.014783,0.019951,25.472752,3.073783,4.548586,41.6104,41.993405,10.545563,142.757363,0.039258,9.190495,0.656015,24.371169,1.614286,0.174732,0.148833,0.105628,9.526882,32.342354,1.568564,0.115407,0.012426
NCLH,2025-03-31,0.387118,0.094447,-0.01894,0.200687,-0.397639,-0.028446,-0.001887,0.012681,0.011562,-160.906626,3.047507,4.577181,-7.663995,52.098152,10.455416,-26.29371,-0.006215,9.878888,0.655313,32.342688,0.80982,0.187956,0.162406,0.099631,7.864679,44.712028,-16.85621,0.716889,0.009533
NCLH,2025-06-30,0.421311,0.168356,0.011913,0.211261,0.151424,0.019108,0.001389,0.027067,0.017584,216.182065,2.575468,4.130897,17.008296,41.82483,8.83594,58.352227,0.004626,8.768905,0.637318,25.532475,1.129355,0.18357,0.158434,0.116573,9.472037,36.328964,23.834723,0.132529,0.010288
NCLH,2025-09-30,0.470802,0.255076,0.142708,0.352345,-0.247277,0.19119,0.018876,0.043355,0.04521,15.463415,2.206746,2.956446,-8.924197,21.487242,7.570925,-30.617221,0.064669,6.621483,0.653726,13.866021,2.31878,0.194688,0.165614,0.132269,11.630402,22.490308,0.564195,0.327792,0.006269
NCLH,2025-12-31,0.410302,0.083159,0.006351,0.245177,0.009563,0.00645,0.000632,0.011099,0.010295,454.871087,2.888849,2.933964,302.088826,40.424247,9.911091,1036.409279,0.002198,6.609464,0.647971,26.161979,1.034646,0.208808,0.183466,0.099568,7.695288,38.751725,32.209204,0.194995,0.010602
NCLH,2026-03-31,0.408944,0.099923,0.044898,0.238087,-0.268193,0.043047,0.004399,0.012877,0.015568,61.946883,2.78126,2.666616,-10.370388,40.077639,9.541975,-35.578828,0.016143,6.232864,0.636897,26.971005,1.648599,0.21035,0.184179,0.097972,8.412923,37.57003,7.752766,0.616272,0.010023
NCLH,2026-06-30,0.39906,0.137596,0.084283,0.261647,0.054872,0.0865,0.009269,0.020324,0.022432,29.133431,2.455453,2.520043,44.748418,32.196761,8.424193,153.523306,0.034325,5.843594,0.626144,21.445764,2.32226,0.200296,0.174778,0.109969,9.534095,21.775698,2.707611,0.173333,0.00861
NDAQ,2024-12-31,0.399507,0.266995,0.174877,0.339409,0.317734,0.031722,0.01168,0.021203,0.02383,147.286599,25.757016,4.672214,81.064717,88.612109,30.075736,94.656966,0.006789,0.88178,0.324659,12.899855,5.525773,0.98532,,0.066787,1.986301,,1.985915,0.029557,0.017734
NDAQ,2025-03-31,0.389313,0.274809,0.188454,0.351145,0.292939,0.034211,0.012889,0.022338,0.025578,132.3715,24.945965,4.528559,85.157561,82.953455,29.128694,99.436064,0.007554,0.841763,0.317127,11.733696,6.304348,0.980805,,0.068392,2.125761,,1.678481,0.023378,0.016698
NDAQ,2025-06-30,0.409805,0.28415,0.215136,0.379819,0.326987,0.038269,0.014877,0.023461,0.028162,115.678634,24.886598,4.426953,76.108796,76.50845,29.059373,88.870077,0.008645,0.815426,0.316986,10.58396,6.956522,0.960167,,0.069151,2.344866,,1.650442,0.028082,0.021894
NDAQ,2025-09-30,0.444331,0.31001,0.216037,0.393769,0.07763,0.035183,0.013799,0.02298,0.026711,123.60932,26.704159,4.348893,343.991727,79.187734,31.181687,401.669363,0.00809,0.794477,0.311607,11.190661,7.297619,0.985983,,0.063874,2.263584,,0.522459,0.03524,0.02094
NDAQ,2025-12-31,0.443503,0.306497,0.243879,0.388889,0.252354,0.042365,0.016681,0.027385,0.028798,100.939657,24.61711,4.276335,97.549893,73.914943,28.7447,113.906237,0.009907,0.774188,0.304834,10.169492,7.823529,1.005276,,0.068399,2.252386,,1.206564,0.041902,0.020245
NDAQ,2026-03-31,0.448292,0.31446,0.242864,0.433318,0.294338,0.043131,0.01901,0.024543,0.033217,100.745169,24.467357,4.345279,83.126777,65.932768,28.569838,97.064774,0.009926,0.784925,0.345958,9.116631,9.059524,0.996128,,0.078276,2.169543,,1.327553,0.028077,0.017782
NDAQ,2026-06-30,0.402844,0.288705,0.200237,0.35624,0.250395,0.042292,0.018544,0.027354,0.03223,103.12967,20.650372,4.36159,82.471203,67.687077,24.112853,96.299279,0.009697,0.771021,0.338064,9.136364,8.86747,1.006215,,0.092608,2.142132,,1.402367,0.030411,0.019352
NDSN,2025-01-31,0.5458,0.229026,0.153801,0.293206,0.223787,0.032904,0.016121,0.02255,0.02662,183.347972,28.199039,6.032881,126.008381,105.619654,30.968344,138.38312,0.005454,0.797881,0.390902,11.393034,5.399827,2.532757,1.557202,0.104814,1.158333,816.12445,1.681127,0.034771,0.007528
NDSN,2025-04-30,0.547493,0.247094,0.164589,0.297127,0.151009,0.03797,0.018542,0.026419,0.029816,154.391768,25.411168,5.862321,168.2755,93.921902,27.906689,184.80111,0.006477,0.784871,0.38328,10.267033,6.222415,2.561788,1.644824,0.112658,1.094352,751.461711,1.060194,0.023487,0.007015
NDSN,2025-07-31,0.548229,0.269691,0.169632,0.301046,0.305335,0.042184,0.02093,0.030974,0.035469,137.968679,23.403967,5.820088,76.650011,85.377007,25.70237,84.177477,0.007248,0.744821,0.369551,8.843133,7.06002,1.694336,1.107889,0.123385,1.259033,649.178107,1.89191,0.015594,0.005166
NDSN,2025-10-31,0.563256,0.285434,0.201689,0.326854,0.257845,0.049821,0.025624,0.035301,0.04025,114.448292,23.082988,5.701938,89.522743,77.557281,25.349869,98.314385,0.008738,0.687468,0.353577,7.682308,8.384786,1.639083,1.052458,0.127046,1.358734,628.580204,1.338163,0.012048,0.007567
NDSN,2026-01-31,0.546891,0.248566,0.199238,0.334922,0.183603,0.042859,0.022376,0.026406,0.034109,130.109402,25.922723,5.576369,141.189052,85.000417,28.468482,155.054619,0.007686,0.669859,0.349723,8.371809,8.111712,2.720734,1.740104,0.112308,1.17124,712.843197,1.052826,0.02616,0.007306
NDSN,2026-04-30,0.545426,0.266186,0.158354,0.269193,0.230133,0.036636,0.019669,0.032205,0.029806,147.927412,23.42488,5.419419,101.78865,95.564574,25.725337,111.784874,0.00676,0.616366,0.330921,8.94715,7.433962,2.596912,1.645945,0.124211,1.221131,652.064498,1.540054,0.013741,0.008297
NDSN,2026-07-31,0.55491,0.27284,0.186929,0.297564,0.289546,0.046755,0.025697,0.036677,0.039614,113.540768,21.224107,5.308638,73.301397,78.330916,23.308435,80.500011,0.008807,0.556188,0.305689,6.648257,9.929501,1.822813,1.178574,0.137471,1.260223,605.230033,1.631525,0.015434,0.007918
NEE,2024-12-31,0.552832,0.168431,0.223398,0.353018,0.025812,0.024011,0.006327,0.005727,0.001936,139.533389,31.171526,3.350406,1207.616313,150.556859,53.149227,2059.054603,0.007167,1.64334,0.433003,42.528143,0.44,0.471347,0.384027,0.028321,1.614209,-496.607261,1.646717,0.342061,
NEE,2025-03-31,0.62574,0.355371,0.133344,0.463102,0.042901,0.016723,0.004288,0.0,0.010017,201.511005,26.870285,3.369844,626.338312,98.931417,45.815366,1067.942499,0.004963,1.800329,0.46163,30.162115,0.967869,0.553257,0.451511,0.032157,1.981288,-194.670727,3.32413,0.400352,
NEE,2025-06-30,0.641194,0.282537,0.302687,0.641791,0.167164,0.039924,0.0102,0.013147,0.013898,82.770546,25.053532,3.3045,149.87381,66.560137,42.7177,255.543384,0.012082,1.834537,0.468687,21.27,2.304717,0.542066,0.446305,0.033697,1.730819,-91.259427,1.572485,0.308806,
NEE,2025-09-30,0.644364,0.299272,0.306051,0.656666,0.194075,0.044997,0.01193,0.016184,0.016744,68.850971,21.071889,3.098109,108.576111,54.713934,35.928771,185.128454,0.014524,1.718721,0.45569,17.344867,2.634866,0.553053,0.447165,0.038981,2.020802,-147.917261,1.652174,0.311574,
NEE,2025-12-31,0.574,0.234308,0.236154,0.556615,0.042615,0.028109,0.007216,0.008407,0.010021,109.354181,25.82441,3.073884,605.987969,79.106852,44.032091,1033.244007,0.009145,1.751007,0.449504,25.651465,3.252991,0.595346,0.489284,0.030556,1.61772,-454.942644,1.628013,0.341846,
NEE,2026-03-31,0.589464,0.291151,0.325623,0.589166,-0.086554,0.039513,0.009854,0.012222,0.012693,76.928812,25.049794,3.039706,-289.411496,72.494577,42.711325,-493.463086,0.012999,1.890605,0.471507,25.93845,1.931624,0.5419,0.441129,0.030263,1.622125,-195.048365,1.197984,0.476645,
NEE,2026-06-30,0.623971,0.30223,0.417308,0.650518,0.239581,0.055036,0.013505,0.013608,0.014841,53.390161,22.280152,2.938394,92.996492,58.397998,37.988929,158.564316,0.01873,1.929017,0.473341,21.899816,6.211499,0.533823,0.443536,0.032362,1.600255,-279.793439,1.482824,0.379214,
NEM,2024-12-31,0.45506,0.408705,0.248231,0.501769,0.289455,0.046879,0.024898,0.039592,0.04399,92.68437,23.007107,4.344967,79.484212,44.709507,22.433857,77.503766,0.010789,0.299786,0.159222,1.712623,23.086022,1.627337,1.337797,0.100303,5.352273,227.112537,1.789736,0.154812,0.004069
NEM,2025-03-31,0.461277,0.402395,0.377445,0.627345,0.240519,0.060516,0.03406,0.038399,0.050905,68.765823,25.955324,4.161424,107.913835,40.342399,25.308615,105.22503,0.014542,0.255568,0.143843,0.893732,32.278481,1.979359,1.558238,0.090239,5.648253,269.367959,1.074035,0.16487,0.004192
NEM,2025-06-30,0.507053,0.45458,0.387625,0.715253,0.32161,0.064182,0.037361,0.040019,0.063036,63.093727,24.456681,4.049457,76.044544,33.341089,23.847313,74.149802,0.015849,0.23689,0.137895,0.249014,48.969231,2.226767,1.741328,0.096384,8.346939,256.099839,1.15672,0.126763,0.005078
NEM,2025-09-30,0.530413,0.47357,0.331644,0.579652,0.284395,0.055138,0.033498,0.046732,0.051589,70.980443,23.540219,3.913687,82.772865,39.599051,22.953686,80.710478,0.014088,0.170078,0.103328,,49.211538,2.039324,1.558002,0.101006,5.276027,296.567123,1.254367,0.131608,0.004164
NEM,2025-12-31,0.605163,0.582869,0.190818,0.578469,0.412584,0.038415,0.022776,0.036934,0.063783,99.950938,19.07248,3.839613,46.226865,32.149128,18.597266,45.075066,0.010005,0.165028,0.097845,,99.363636,2.287465,1.816702,0.119361,6.389878,311.075899,2.783244,0.11851,0.004107
NEM,2026-03-31,0.648419,0.613795,0.446421,0.719037,0.430272,0.093397,0.056563,0.077766,0.088648,39.86394,17.796109,3.723191,41.360105,24.133262,17.352698,40.329568,0.025085,0.158392,0.095925,,118.512821,2.442777,1.95245,0.126704,6.426561,324.471677,1.160331,0.087724,
NEM,2026-06-30,0.559987,0.515691,0.359922,0.594639,0.360412,0.06248,0.038202,0.053402,0.057884,59.053665,21.254686,3.689702,58.97332,34.85326,20.7251,57.503928,0.016934,0.15884,0.097118,,86.685714,2.546116,2.010524,0.10614,8.918367,297.592821,1.327884,0.117522,
NFLX,2024-12-31,0.437139,0.221809,0.182365,0.64099,0.134506,0.075519,0.034842,0.049344,0.054271,159.974369,29.173752,12.081089,216.895144,46.65958,29.908318,222.356351,0.006251,0.629772,0.290559,1.184253,12.081177,1.218028,,0.191058,7.673543,,0.822481,0.015486,0.006034
NFLX,2025-03-31,0.500783,0.317468,0.274154,0.692518,0.252392,0.120291,0.05549,0.077096,0.080198,103.423157,28.353872,12.440832,112.340469,41.974077,29.067794,115.169092,0.009669,0.624974,0.288301,1.070674,18.449591,1.203643,,0.202405,7.28101,,0.965004,0.012167,0.006827
NFLX,2025-06-30,0.51934,0.340702,0.282098,0.697382,0.204652,0.125258,0.058859,0.082438,0.08638,95.644712,26.981203,11.980219,131.83969,39.663431,27.660563,135.159284,0.010455,0.579243,0.27219,0.812253,20.883356,1.34116,,0.208649,7.012756,,0.77534,0.01407,0.007299
NFLX,2025-09-30,0.464458,0.282203,0.221273,0.64071,0.231137,0.098132,0.046362,0.06583,0.072666,117.369095,25.970569,11.51764,112.360189,41.554625,26.624483,115.189308,0.00852,0.557255,0.263276,0.701816,18.738257,1.33201,,0.209527,6.8157,,1.109253,0.014311,0.007036
NFLX,2025-12-31,0.458738,0.245351,0.200694,0.651607,0.155368,0.090869,0.043501,0.062895,0.067288,123.600012,24.805836,11.231401,159.658232,39.027269,25.430423,163.67827,0.008091,0.543399,0.260137,0.691405,12.808021,1.185709,,0.216752,5.932023,,0.873113,0.019861,0.011171
NFLX,2026-03-31,0.519318,0.323027,0.431257,0.908233,0.415851,0.169721,0.086581,0.070193,0.139291,56.585473,24.40287,9.60372,58.681748,27.545024,25.01731,60.159297,0.017672,0.461361,0.235357,0.18882,25.981536,1.407153,,0.200763,6.113507,,1.001403,0.016011,0.011462
NFLX,2026-06-30,0.519348,0.333808,0.270815,0.689184,0.121431,0.112809,0.058193,0.078835,0.091638,87.883811,23.800215,9.914059,195.997573,35.403428,24.399481,200.932599,0.011379,0.474572,0.244811,0.601896,24.158414,1.141609,,0.214882,6.267565,,0.512673,0.017408,0.010455
NI,2024-12-31,0.497229,0.265651,0.141013,0.449616,-0.156947,0.025782,0.007044,0.015536,0.015747,86.916251,12.256297,2.240914,-78.092089,54.844304,24.658867,-157.116166,0.011505,1.607552,0.439167,19.335621,3.049685,0.505713,0.41112,0.04995,1.646754,4.925156,2.410898,0.496914,
NI,2025-03-31,0.507466,0.347975,0.217479,0.468945,0.02249,0.053368,0.014342,0.026605,0.026511,40.986834,8.913773,2.187365,396.345185,38.243161,17.933927,797.420542,0.024398,1.673085,0.449632,14.2857,5.762048,0.515005,0.453405,0.065948,1.974496,27.017647,1.445661,0.291911,
NI,2025-06-30,0.48714,0.205846,0.079657,0.428761,-0.12689,0.011506,0.003003,0.008667,0.008603,190.416327,15.168004,2.190886,-119.536539,71.174966,30.517029,-240.499684,0.005252,1.773825,0.463018,28.032358,1.893602,0.585763,0.477918,0.037703,1.647829,46.270225,4.847358,0.513016,
NI,2025-09-30,0.532873,0.237373,0.074385,0.482523,-0.135575,0.010386,0.002753,0.010185,0.009958,205.496817,15.285954,2.134253,-112.749413,63.736527,30.754339,-226.84443,0.004866,1.728784,0.4582,25.506105,1.709677,0.523066,0.388549,0.037006,1.81612,55.702159,4.940866,0.503103,
NI,2025-12-31,0.492038,0.270692,0.135477,0.450733,-0.266698,0.02728,0.007189,0.016826,0.016737,75.487,10.226785,2.059296,-38.345909,45.649235,20.575621,-77.149455,0.013247,1.715696,0.45215,18.775096,2.579924,0.687569,0.557558,0.053067,1.589061,-25.192803,2.764158,0.641179,
NI,2026-03-31,0.509796,0.346663,0.214591,0.474758,-0.153569,0.052505,0.013855,0.026858,0.025357,38.376156,8.235178,2.014925,-53.625099,34.899143,16.568638,-107.890186,0.026058,1.736007,0.458094,14.880827,4.350731,0.646399,0.564962,0.064564,1.913286,-28.468236,0.872215,0.340739,
NI,2026-06-30,0.502011,0.16992,0.033895,0.453293,-0.310638,0.004752,0.001212,0.006624,0.007435,427.704365,14.496833,2.032518,-46.667982,64.34404,29.166678,-93.892922,0.002338,1.817622,0.463541,28.484799,1.236446,0.498222,0.405708,0.035756,1.585824,-166.885854,14.953846,0.817491,
NKE,2025-02-28,0.414855,0.069926,0.070459,0.091401,0.151832,0.056686,0.021009,0.032278,0.029658,66.346394,4.674686,3.760908,30.788449,53.10198,4.853584,31.966709,0.015072,0.850361,0.315164,0.348544,,2.192729,1.520984,0.298177,2.509241,390.843738,2.256927,0.007188,0.014997
NKE,2025-05-31,0.402721,0.028927,0.019014,0.046679,0.032712,0.015969,0.005768,0.010059,0.01234,249.663682,4.747142,3.98691,145.121314,105.588878,4.928813,150.675039,0.004005,0.833497,0.301074,0.959459,,2.211054,1.502271,0.303371,2.352555,375.978795,2.194313,0.009011,0.014869
NKE,2025-08-31,0.421758,0.079096,0.062031,0.09599,0.00128,0.05398,0.019473,0.034048,0.035083,72.460849,4.494798,3.911422,3511.935795,48.617812,4.666812,3646.335932,0.013801,0.82128,0.296271,0.867556,,2.190267,1.446614,0.313923,2.361951,388.387489,0.305365,0.017662,0.015785
NKE,2025-11-30,0.405971,0.080953,0.063732,0.095437,0.031061,0.05623,0.02096,0.036088,0.038475,66.513936,4.239079,3.740081,136.474189,46.117234,4.401307,141.696992,0.015034,0.800994,0.298568,0.87774,,2.063144,1.399399,0.32887,2.165737,366.757219,0.731061,0.015531,0.014163
NKE,2026-02-28,0.401631,0.049029,0.046103,0.06818,0.02518,0.036906,0.01403,0.020001,0.021086,101.30584,4.670541,3.738754,185.489567,71.124888,4.849281,192.588165,0.009871,0.793329,0.301586,1.780234,,2.13914,1.44833,0.304311,2.100764,422.469857,0.826923,0.012944,0.0172
NKE,2026-05-31,0.491524,0.119486,0.09743,0.137988,0.13662,0.071914,0.027831,0.046237,0.05069,49.2788,4.801225,3.54383,35.142786,36.126182,4.984965,36.487684,0.020293,0.742213,0.287243,0.25033,,1.960867,1.363035,0.285655,1.849941,452.522268,1.531338,0.012577,0.014583
NOC,2024-12-31,0.180797,0.101909,0.118286,0.198858,0.164889,0.082668,0.025608,0.029601,0.048565,59.274227,7.011288,4.900106,42.521352,42.196526,8.39113,50.88968,0.016871,1.078483,0.334083,4.865412,10.69375,1.010334,0.907347,0.216495,8.400943,-4.251836,2.039557,0.076362,0.002714
NOC,2025-03-31,0.166878,0.06052,0.050803,0.113118,-0.192332,0.032101,0.009924,0.016358,0.021276,155.764289,7.913247,5.000175,-41.14367,83.723265,9.470597,-49.240866,0.00642,1.069207,0.330548,11.654528,4.705128,0.949746,0.836781,0.195345,5.245429,26.874577,-3.253638,0.027038,0.002112
NOC,2025-06-30,0.213506,0.115351,0.113419,0.188388,0.06154,0.075884,0.023741,0.032069,0.044454,63.818248,7.238201,4.842778,117.617932,45.983393,8.662701,140.765489,0.015669,1.096568,0.343067,6.800513,9.248555,1.042128,0.92674,0.209318,4.71357,30.852653,0.739353,0.022317,0.001932
NOC,2025-09-30,0.213662,0.11916,0.105536,0.178739,0.120503,0.068802,0.022312,0.033151,0.040566,68.111475,7.188201,4.686179,59.65177,48.130766,8.602861,71.391415,0.014682,1.060671,0.343976,7.08803,9.217391,1.109058,0.982073,0.21142,5.256178,16.803007,1.415455,0.028878,0.002399
NOC,2025-12-31,0.196038,0.108521,0.121841,0.198173,0.276212,0.085582,0.027775,0.032742,0.051073,52.50359,6.397082,4.49338,23.160007,38.633183,7.656047,27.717965,0.019046,1.020691,0.331257,4.635502,10.942857,1.10121,1.006915,0.227962,8.517818,-32.001561,2.730904,0.056523,0.004611
NOC,2026-03-31,0.19836,0.100091,0.088554,0.158284,-0.184495,0.051125,0.017498,0.02665,0.032055,85.625855,7.582494,4.3776,-41.098532,57.332236,9.074751,-49.186844,0.011679,0.953316,0.326274,7.877877,7.358025,1.152016,1.038921,0.197592,5.471207,9.988354,-1.892571,0.016901,0.002024
NOC,2026-06-30,0.195017,0.100772,0.100588,0.15594,0.089923,0.061172,0.021551,0.03177,0.035518,68.48503,6.888803,4.189366,76.607999,52.870057,8.24454,91.68468,0.014602,0.910814,0.320883,7.146816,8.254658,1.168228,1.062196,0.214251,4.706188,15.855581,1.170018,0.027768,0.002666
NOW,2024-12-31,0.786608,0.12648,0.129861,0.210348,0.463984,0.039963,0.018839,0.02795,0.038919,364.732501,47.364654,14.575635,102.082566,231.264111,48.646019,104.844225,0.002742,0.237069,0.11176,,93.6,1.099186,,0.145072,1.320089,,4.257812,0.088941,0.153534
NOW,2025-03-31,0.789184,0.146049,0.148964,0.233484,0.465674,0.045369,0.021934,0.032144,0.044125,304.472349,45.355337,13.813717,97.397274,199.5094,46.582344,100.032182,0.003284,0.236611,0.114391,,93.5,1.122548,,0.147244,2.272259,,3.645652,0.077396,0.152202
NOW,2025-06-30,0.774806,0.111353,0.119751,0.201866,0.163608,0.035218,0.01746,0.023558,0.035187,363.785144,43.563695,12.81168,266.268594,221.642954,44.742232,273.47201,0.002749,0.220362,0.109247,,79.5,1.091819,,0.145798,1.895637,,1.85974,0.059098,0.15521
NOW,2025-09-30,0.772821,0.16789,0.147344,0.262401,0.167009,0.044421,0.023039,0.032345,0.05028,278.998567,41.108682,12.393353,246.146363,160.901876,42.220803,252.805408,0.003584,0.212548,0.110239,,116.666667,1.063175,,0.156363,2.200904,,1.619522,0.071617,0.144409
NOW,2025-12-31,0.766256,0.124159,0.112388,0.212444,0.560538,0.030932,0.015401,0.022716,0.035011,349.270026,39.253722,10.803554,70.02864,189.770814,40.315661,71.923139,0.002863,0.185359,0.092288,,109.2,1.002681,,0.13703,1.358203,,5.581047,0.066704,0.138453
NOW,2026-03-31,0.750663,0.133422,0.124403,0.248541,0.40557,0.03999,0.019236,0.026517,0.047159,298.629596,37.150472,11.942128,91.600576,153.517905,38.155511,94.078664,0.003349,0.207282,0.099709,,113.166667,0.844936,,0.154629,2.200817,,3.560768,0.037401,0.145093
NOW,2026-06-30,0.706797,0.040632,0.074743,0.228493,0.118636,0.02381,0.009411,0.005502,0.025829,469.990874,35.128488,11.190259,296.104187,157.899316,36.078825,304.114751,0.002128,0.675376,0.266942,5.503842,7.636364,0.700568,,0.125908,1.811449,,1.969799,0.028593,0.163531
NRG,2024-12-31,0.285672,0.144303,0.094295,0.175392,0.11204,0.259483,0.026767,0.070031,0.055099,33.888676,3.195545,8.793551,28.521491,38.248677,6.708523,59.876202,0.029508,4.435432,0.457539,8.229097,6.813008,1.017134,0.962896,0.283865,1.954989,34.212641,1.48056,0.02757,0.002933
NRG,2025-03-31,0.23576,0.133838,0.087362,0.171695,0.073966,0.270076,0.030011,0.067631,0.073163,29.053892,2.538197,7.846748,34.31562,31.034883,5.328529,72.040029,0.034419,3.956068,0.439598,6.862958,7.042945,1.061828,1.02172,0.343524,2.444476,38.998462,1.14,0.025626,0.003378
NRG,2025-06-30,0.164837,0.00638,-0.01543,0.050297,0.009792,-0.045455,-0.004318,0.002323,-0.000327,-209.523259,3.233,9.523785,330.157863,134.942237,6.787154,693.112398,-0.004773,4.858392,0.461475,31.752212,-0.033784,0.933265,0.881904,0.279807,1.970184,49.545934,-4.336538,0.057122,0.004896
NRG,2025-09-30,0.18258,0.055272,0.019908,0.102816,0.030648,0.077157,0.006341,0.020338,0.026141,143.358019,2.854017,11.061126,93.121448,58.274418,5.991541,195.49324,0.006976,6.147716,0.505235,14.267516,2.272727,1.053287,0.994684,0.31851,2.291417,50.100078,3.184211,0.032744,0.00275
NRG,2025-12-31,0.183542,0.042564,0.008513,0.088095,-0.021927,0.039262,0.002265,0.018885,0.014542,330.157863,2.810579,12.962772,-128.178935,66.977186,5.900351,-269.090696,0.003029,9.888162,0.570419,17.181552,1.263374,1.637439,1.580022,0.26606,1.907257,54.542553,1.863636,0.037792,0.006578
NRG,2026-03-31,0.13631,0.036369,0.012188,0.078003,-0.047387,0.025646,0.003121,0.013624,0.013047,174.323352,2.124651,4.470747,-44.836253,57.181773,4.460357,-94.126375,0.005736,4.792162,0.583152,28.72,1.291228,0.837512,0.781379,0.256061,2.715383,59.425009,-1.352,0.030909,0.003998
NRG,2026-06-30,0.268814,0.127657,0.067638,0.196097,0.09865,0.104222,0.012669,0.026541,0.032471,43.064069,2.912768,4.488243,29.526313,31.182971,6.11488,61.985662,0.023221,4.833574,0.587556,15.742331,3.13871,0.967719,0.888221,0.187306,2.116865,53.249307,2.20751,0.050662,0.004144
NSC,2024-12-31,0.385251,0.43254,0.242394,0.48578,0.09127,0.051237,0.01678,0.032786,0.028079,96.26598,23.334313,4.932403,255.662911,58.981597,28.652105,313.927413,0.010388,1.221725,0.400119,10.595643,5.663317,0.899295,0.821157,0.069228,3.84244,-44.018488,1.297408,0.223214,
NSC,2025-03-31,0.356164,0.343134,0.250585,0.508854,0.167391,0.051685,0.017123,0.024824,0.02917,94.083951,23.575998,4.862722,140.844238,56.890326,28.948869,172.942048,0.010629,1.186341,0.393037,10.64281,5.914573,0.782899,0.703768,0.068333,3.468134,-116.748832,1.266667,0.150017,
NSC,2025-06-30,0.397106,0.39582,0.246945,0.496785,0.193569,0.051938,0.017393,0.029461,0.029614,91.878859,22.689056,4.771959,117.214225,56.080237,27.859796,143.926854,0.010884,1.174478,0.393319,10.397411,5.965174,0.792746,0.70739,0.070434,3.737981,-134.201698,1.402344,0.152733,
NSC,2025-09-30,0.372865,0.383178,0.229133,0.473413,0.232034,0.046959,0.015949,0.028392,0.027304,99.244674,22.74024,4.66039,98.004116,58.981597,27.922645,120.338842,0.010076,1.128261,0.383199,10.663717,5.690355,0.861521,0.777242,0.069605,3.983312,-163.455067,1.787623,0.17757,
NSC,2025-12-31,0.325824,0.389375,0.216543,0.441493,0.112307,0.041423,0.014236,0.029872,0.023154,109.569819,23.726619,4.538687,211.266358,65.989311,29.133815,259.413072,0.009127,1.113076,0.382549,11.848439,4.923077,0.847152,0.775364,0.065744,4.159441,-60.068263,1.650621,0.245124,
NSC,2026-03-31,0.344897,0.330887,0.182455,0.421614,-0.012675,0.034611,0.012125,0.023064,0.02183,128.999933,23.536679,4.46488,-1856.920091,68.547441,28.900589,-2280.104367,0.007752,1.082068,0.37907,12.468354,4.629442,0.906747,0.813193,0.066455,3.620773,-156.216726,0.628885,0.127418,
NSC,2026-06-30,0.373737,0.365368,0.211833,0.436941,0.177489,0.045161,0.016267,0.02948,0.027687,96.134828,20.364492,4.341535,114.736526,57.228511,25.005474,140.884497,0.010402,1.022334,0.368246,10.268824,5.86802,0.831157,0.734125,0.076792,3.910835,-151.572778,1.435967,0.126696,
NTAP,2025-01-31,0.697745,0.2273,0.182206,0.271785,0.205972,0.300503,0.033263,0.100845,0.079683,129.932161,23.674416,39.044941,114.939989,84.77066,23.039436,111.857143,0.007696,2.261307,0.250306,1.08296,31.833333,0.931585,0.8677,0.182556,1.827394,77.580707,1.287625,0.028641,0.062767
NTAP,2025-04-30,0.688799,0.227483,0.196305,0.247113,0.369515,0.326923,0.031415,0.088519,0.060867,114.263871,22.430552,37.355496,60.702682,88.335781,21.828934,59.074554,0.008752,3.356731,0.322554,1.151869,17.857143,1.255041,1.215144,0.16003,1.390048,42.497343,1.985294,0.020208,0.05485
NTAP,2025-07-31,0.704298,0.199487,0.149455,0.246312,0.397691,0.238974,0.024073,0.068892,0.054501,166.73698,24.919638,39.845863,62.660833,98.457589,24.25126,60.980184,0.005997,2.815385,0.283604,1.041667,11.482759,1.313253,1.275988,0.16107,1.98094,-30.310227,2.888412,0.033996,0.053239
NTAP,2025-10-31,0.719648,0.247507,0.178886,0.276246,0.045748,0.309331,0.031672,0.094328,0.068019,127.376119,22.785757,39.401335,498.073285,80.271156,22.174612,484.714286,0.007851,2.77789,0.284424,0.878981,16.115385,1.34121,1.304611,0.177051,1.725709,-24.444551,0.416393,0.028739,0.059824
NTAP,2026-01-31,0.705779,0.251605,0.19498,0.295972,0.158202,0.288428,0.033497,0.091234,0.071977,116.316516,22.679344,33.548978,143.356886,74.571429,22.071053,139.511861,0.008597,2.360967,0.274195,1.690335,17.653846,1.390095,1.359766,0.171798,1.303653,59.823757,0.949102,0.026853,0.056626
NTAP,2026-04-30,0.700719,0.272587,0.207392,0.305441,0.462012,0.299038,0.037602,0.107905,0.081214,96.162664,19.943386,28.756267,43.166351,63.542377,19.408478,42.008571,0.010399,2.022946,0.254375,0.70084,19.5,1.436459,1.387217,0.18131,1.514774,20.5826,2.351485,0.025667,0.051335
NTAP,2026-07-31,0.700741,0.266667,0.185185,0.26963,0.198025,0.250836,0.034231,0.105044,0.080319,103.599243,19.185045,25.986432,96.882085,69.244898,18.670476,94.283577,0.009653,1.694983,0.23131,1.675824,17.689655,1.241681,1.159588,0.184847,2.096273,59.077264,1.341333,0.05037,0.048395
NTRS,2024-12-31,,,0.232394,,-1.460145,0.03561,0.002928,,,71.466799,16.608482,2.544961,-11.374543,,20.295561,-13.899689,0.013993,1.045635,0.085989,,,,,0.012601,,,-5.785683,0.115585,
NTRS,2025-03-31,,,0.202072,,1.322903,0.030438,0.002375,,,83.02546,16.777143,2.527156,12.682064,,20.501666,15.497479,0.012044,1.042777,0.081355,,,,,0.011752,,,7.014796,0.094593,
NTRS,2025-06-30,,,0.210871,,0.826868,0.032744,0.002451,,,77.251318,16.290095,2.529513,19.700957,,19.906492,24.074565,0.012945,1.045964,0.078297,,,,,0.011624,,,4.437455,0.108864,
NTRS,2025-09-30,,,0.225931,,0.176508,0.03532,0.002688,,,71.123209,16.068915,2.512039,91.037707,,19.636211,111.248059,0.01406,1.043648,0.079415,,,,,0.011896,,,1.149038,0.083095,
NTRS,2025-12-31,,,0.21948,,0.086426,0.035963,0.002631,,,69.84116,15.32874,2.511671,177.362291,,18.731717,216.736682,0.014318,1.079974,0.079004,,,,,0.011986,,,0.833476,0.096505,
NTRS,2026-03-31,,,0.238257,,-0.244605,0.040463,0.00301,,,61.933359,14.756067,2.505985,-60.326192,,18.03191,-73.718593,0.016146,1.083104,0.080577,,,,,0.012634,,,-0.608944,0.099519,
NTRS,2026-06-30,,,0.364632,,-0.100985,0.059112,0.004418,,,41.083035,14.980199,2.428515,-148.340841,,18.3058,-181.272475,0.024341,1.047017,0.078259,,,,,0.012117,,,-0.081924,0.071113,
NUE,2024-12-31,0.088591,0.05469,0.040567,0.113146,-0.020602,0.014144,0.008457,0.012649,0.015278,196.324394,7.964201,2.776751,-386.569417,77.339026,8.750567,-424.738338,0.005094,0.342466,0.204773,3.998396,8.463383,2.50653,1.480611,0.208473,2.645079,323.300789,2.555004,0.12425,0.002504
NUE,2025-03-31,0.077267,0.041379,0.019923,0.089911,-0.063218,0.007773,0.004496,0.009193,0.011336,361.226818,7.196856,2.807882,-113.841179,87.947985,7.907456,-125.081579,0.002768,0.392645,0.227096,6.710227,6.588235,2.522238,1.483297,0.225655,2.640809,288.963987,2.333333,0.109706,0.003321
NUE,2025-06-30,0.144631,0.10868,0.07131,0.155393,-0.026254,0.029575,0.017623,0.026465,0.031525,93.451714,6.664071,2.763813,-253.835061,47.119773,7.322065,-278.898116,0.010701,0.337486,0.201099,3.755708,19.346939,2.82658,1.509165,0.247129,2.495868,311.710407,1.21393,0.112819,0.006149
NUE,2025-09-30,0.13942,0.104213,0.071236,0.151156,0.062434,0.029225,0.017455,0.024866,0.030178,92.835887,6.613236,2.713114,105.923653,48.070949,7.266211,116.382297,0.010772,0.329947,0.197061,3.596273,24.236842,2.773784,1.50693,0.245025,2.591545,302.511791,2.205931,0.094707,0.002817
NUE,2025-12-31,0.112137,0.068687,0.049174,0.118642,-0.00039,0.018055,0.010768,0.016036,0.017138,149.077734,7.330738,2.691602,-18783.794517,67.889673,8.054557,-20638.460587,0.006708,0.340132,0.202854,5.047149,16.65625,2.938312,1.574176,0.218978,2.475684,338.464016,2.113757,0.104332,0.004033
NUE,2026-03-31,0.158067,0.11826,0.078243,0.159962,0.023694,0.034634,0.02085,0.031194,0.036068,75.843047,5.934223,2.626737,250.450594,40.76062,6.520154,275.179474,0.013185,0.332075,0.199916,3.22449,29.102564,2.900888,1.546436,0.26648,2.662181,298.490864,1.192463,0.069608,0.003159
NUE,2026-06-30,0.195633,0.15668,0.111186,0.196595,0.079735,0.052286,0.031282,0.043931,0.052384,48.746872,5.419966,2.548798,67.975131,30.291283,5.95512,74.68683,0.020514,0.321091,0.192104,2.260763,46.138889,2.507815,1.360274,0.28135,2.570334,301.875167,1.211073,0.05492,0.005867
NVDA,2025-01-31,0.730289,0.61107,0.561669,0.656505,0.395413,0.27848,0.197946,0.23983,0.270197,242.956569,136.461152,67.658597,345.110182,206.541106,135.595279,342.92039,0.004116,0.125834,0.089444,,414.393443,4.439851,3.88131,0.352425,1.705224,343.766216,0.75275,0.027383,0.033587
NVDA,2025-04-30,0.605238,0.491081,0.426104,0.51255,0.594322,0.22393,0.149895,0.200872,0.222597,285.867034,121.809123,64.014331,204.954884,236.144966,121.03622,203.654405,0.003498,0.12267,0.082113,,348.777778,3.388403,2.96142,0.351781,1.990873,267.31562,1.460133,0.027847,0.033453
NVDA,2025-07-31,0.724237,0.608433,0.565261,0.683247,0.288171,0.263874,0.187736,0.221738,0.268434,203.131994,114.822616,53.601318,398.45238,166.988067,114.094044,395.924121,0.004923,0.105841,0.075302,,504.322581,4.214,3.597188,0.332123,1.680919,384.153963,0.581523,0.040541,0.034765
NVDA,2025-10-31,0.734116,0.631688,0.559766,0.679718,0.387942,0.268384,0.198017,0.237822,0.281307,168.196602,94.150678,45.141203,242.692903,137.635437,93.553273,241.152969,0.005945,0.088152,0.06504,,622.901639,4.467574,3.70884,0.353749,1.707226,482.54417,0.744312,0.028699,0.029014
NVDA,2026-01-31,0.749967,0.650241,0.630587,0.752756,0.512337,0.273121,0.207734,0.227805,0.289,124.933742,78.781593,34.122012,153.769011,103.993485,78.281708,152.793316,0.008004,0.070187,0.053384,,691.383562,3.905264,3.23981,0.329429,1.771097,454.455864,0.842365,0.018847,0.02397
NVDA,2026-04-30,0.749335,0.655958,0.714587,0.869963,0.595319,0.298357,0.224766,0.21901,0.324714,92.027804,65.761852,27.457122,110.464807,75.111939,65.34458,109.763886,0.010866,0.06317,0.047589,,686.323529,3.440776,2.85293,0.31454,2.00479,408.650135,0.863223,0.021528,0.023623
NVDA,2026-07-31,0.749753,0.662371,0.620322,0.757226,0.222405,0.260665,0.186367,0.202782,0.258731,89.920144,55.779441,23.438989,250.801568,73.195508,55.425509,249.210183,0.011121,0.167483,0.119745,0.149916,316.008811,4.588949,3.854971,0.300435,1.525888,489.561646,0.403381,0.027821,0.021056
NVR,2024-12-31,0.25448,0.191144,0.160434,0.205036,0.221471,0.108652,0.071687,0.08501,0.110819,36.009506,5.777165,3.912498,26.085463,28.030551,5.747269,25.950474,0.02777,0.242391,0.159926,,82.653215,5.074516,3.285006,0.446829,87.401386,291.3674,1.392666,0.001961,0.006825
NVR,2025-03-31,0.237433,0.15857,0.124469,0.172525,0.083397,0.075753,0.048354,0.058457,0.082213,54.984045,6.843793,4.165183,82.063252,39.463107,6.808377,81.638586,0.018187,0.259394,0.165573,,54.931312,4.595632,2.858776,0.38848,65.863175,336.94459,0.693584,0.002933,0.007698
NVR,2025-06-30,0.231753,0.164302,0.128197,0.176624,0.010295,0.086795,0.056191,0.067137,0.093171,49.35593,6.327298,4.283833,614.577276,35.638127,6.294555,611.396924,0.020261,0.267583,0.173234,,65.013314,4.970624,2.93363,0.438316,62.736336,322.152684,0.105188,0.003189,0.006842
NVR,2025-09-30,0.226817,0.163654,0.131078,0.174936,0.165722,0.08639,0.056779,0.067708,0.090305,48.066755,6.300485,4.15248,38.018511,35.829506,6.267881,37.821771,0.020804,0.259715,0.170696,,62.831384,5.206033,3.15356,0.433171,63.184523,315.445067,1.280191,0.002083,0.006639
NVR,2025-12-31,0.228413,0.166371,0.133888,0.177705,0.160463,0.094134,0.062117,0.073502,0.096779,45.275484,6.061832,4.261956,37.777161,33.935334,6.030463,37.58167,0.022087,0.272427,0.179769,,65.97394,5.468922,3.633724,0.463949,82.991693,249.962239,1.208658,0.001362,0.005711
NVR,2026-03-31,0.217623,0.122065,0.105247,0.140937,0.17765,0.056771,0.035511,0.041181,0.056973,83.040851,8.739837,4.714293,49.19702,61.691421,8.694609,48.942432,0.012042,0.30047,0.187951,,36.020732,4.731849,2.871282,0.337409,53.205319,389.308463,1.712481,0.002585,0.00705
NVR,2026-06-30,0.209893,0.133993,0.101469,0.142497,-0.067665,0.069727,0.043223,0.053895,0.07331,69.660998,7.068457,4.857254,-104.462781,49.347601,7.031878,-103.9222,0.014355,0.309832,0.192063,,46.559194,4.672057,2.499178,0.425973,46.942891,367.174178,-0.640833,0.00264,0.008279
NWS,2024-12-31,,0.163092,0.096068,0.213584,0.058534,0.026384,0.013304,0.025677,0.029362,81.480585,7.82767,2.149752,133.727678,40.179078,8.58159,146.607628,0.012273,0.358694,0.180868,0.451883,121.666667,1.729759,1.650402,0.138482,1.352266,,0.990698,0.03664,
NWS,2025-03-31,,0.087606,0.051269,0.14435,0.286212,0.012556,0.006212,0.012265,0.014081,170.080833,8.719923,2.1356,30.466653,66.226204,9.559781,33.401042,0.00588,0.356333,0.176297,,,1.676305,1.598628,0.12117,1.305393,,6.485437,0.046292,
NWS,2025-06-30,,0.09578,0.3523,0.152679,-0.05927,0.084682,0.047923,0.012258,0.015664,23.577827,8.306461,1.996618,-140.146606,59.644718,9.106496,-153.644794,0.042413,0.335081,0.189628,,,1.844709,1.719325,0.136029,1.350192,,0.043069,0.074443,
NWS,2025-09-30,,0.104011,0.052239,0.158582,-0.000466,0.012868,0.0073,0.014801,0.017414,156.413623,8.170861,2.012675,-17518.32576,56.487057,8.957835,-19205.599232,0.006393,0.336282,0.190771,,,1.763106,1.634214,0.139738,1.311315,,0.714286,0.03778,
NWS,2025-12-31,,0.170618,0.08171,0.220576,0.058002,0.021952,0.012444,0.024736,0.031029,90.768527,7.416734,1.99253,127.870991,36.862954,8.131075,140.186856,0.011017,0.332461,0.188459,,,1.813243,1.691911,0.152289,1.247096,,1.222798,0.041914,
NWS,2026-03-31,,0.101144,0.040732,0.156979,0.179863,0.010368,0.005736,0.013383,0.017231,196.835121,8.01754,2.040811,44.575893,55.993001,8.789748,48.869209,0.00508,0.341216,0.188773,,,1.70223,1.589591,0.140822,1.228909,,5.539326,0.045767,
NWS,2026-06-30,,0.12623,0.076594,0.181001,0.120668,0.020995,0.011516,0.023211,0.023078,97.867742,7.496074,2.054695,62.121723,45.403308,8.218057,68.104962,0.010218,0.341895,0.187532,,,1.623325,1.513944,0.150347,1.330108,,2.391061,0.062473,
NWSA,2024-12-31,,0.163092,0.096068,0.213584,0.058534,0.026384,0.013304,0.025677,0.029362,74.250054,7.133048,1.958984,121.860776,36.896541,7.880494,134.630126,0.013468,0.358694,0.180868,0.451883,121.666667,1.729759,1.650402,0.138482,1.352266,,0.990698,0.03664,
NWSA,2025-03-31,,0.087606,0.051269,0.14435,0.286212,0.012556,0.006212,0.012265,0.014081,154.987977,7.946123,1.946088,27.763064,60.815678,8.778769,30.672255,0.006452,0.356333,0.176297,,,1.676305,1.598628,0.12117,1.305393,,6.485437,0.046292,
NWSA,2025-06-30,,0.09578,0.3523,0.152679,-0.05927,0.084682,0.047923,0.012258,0.015664,21.485547,7.569351,1.819439,-127.710093,54.771884,8.362516,-141.092372,0.046543,0.335081,0.189628,,,1.844709,1.719325,0.136029,1.350192,,0.043069,0.074443,
NWSA,2025-09-30,,0.104011,0.052239,0.158582,-0.000466,0.012868,0.0073,0.014801,0.017414,142.533586,7.445784,1.834072,-15963.761664,51.872196,8.226001,-17636.54656,0.007016,0.336282,0.190771,,,1.763106,1.634214,0.139738,1.311315,,0.714286,0.03778,
NWSA,2025-12-31,,0.170618,0.08171,0.220576,0.058002,0.021952,0.012444,0.024736,0.031029,82.713791,6.758578,1.815714,116.523808,33.851337,7.466785,128.733916,0.01209,0.332461,0.188459,,,1.813243,1.691911,0.152289,1.247096,,1.222798,0.041914,
NWSA,2026-03-31,,0.101144,0.040732,0.156979,0.179863,0.010368,0.005736,0.013383,0.017231,179.368109,7.306069,1.859711,40.620259,51.418503,8.071646,44.876709,0.005575,0.341216,0.188773,,,1.70223,1.589591,0.140822,1.228909,,5.539326,0.045767,
NWSA,2026-06-30,,0.12623,0.076594,0.181001,0.120668,0.020995,0.011516,0.023211,0.023078,89.183026,6.830878,1.872362,56.609084,41.693963,7.546661,62.540945,0.011213,0.341895,0.187532,,,1.623325,1.513944,0.150347,1.330108,,2.391061,0.062473,
NXPI,2024-12-31,0.539376,0.22983,0.159113,0.303118,0.072324,0.053904,0.020299,0.030979,0.032132,116.143255,18.479881,6.260581,255.515161,69.572545,21.088689,291.586266,0.00861,1.181967,0.44511,8.295864,6.84,2.357973,1.597482,0.127578,3.014535,462.137261,0.789899,0.053359,0.037608
NXPI,2025-03-31,0.550265,0.248677,0.17284,0.333686,0.141446,0.052564,0.01946,0.026595,0.034551,117.32839,20.278981,6.167229,143.368856,69.351913,23.141767,163.608254,0.008523,1.257777,0.465647,8.469345,6.95283,2.084957,1.474409,0.112589,2.674528,562.162859,1.153061,0.057848,0.044797
NXPI,2025-06-30,0.533835,0.23445,0.152085,0.315448,0.225222,0.046504,0.017624,0.027275,0.034385,129.193059,19.648295,6.008038,87.239623,71.080076,22.422047,99.55525,0.00774,1.12112,0.424871,8.51571,6.226087,1.736164,1.202846,0.115881,2.732026,526.697986,1.750562,0.041012,0.039986
NXPI,2025-09-30,0.563189,0.282067,0.198865,0.351087,0.152852,0.062817,0.023943,0.032692,0.040095,91.110794,18.118787,5.723336,118.537961,58.893097,20.676618,135.271979,0.010976,1.218019,0.464256,8.17325,7.737288,2.374826,1.690483,0.120399,2.897717,538.363833,0.9271,0.031516,0.037189
NXPI,2025-12-31,0.541829,0.224588,0.136432,0.293253,0.221289,0.045247,0.017131,0.026696,0.033643,126.353651,17.238654,5.717076,77.900964,67.08273,19.672237,88.898252,0.007914,1.215394,0.460166,9.525562,6.007874,2.045864,1.38186,0.125565,3.161137,492.886234,1.958242,0.045877,0.029985
NXPI,2026-03-31,0.562087,0.2779,0.352719,0.535052,0.211254,0.102681,0.041382,0.031493,0.064878,51.239671,18.07322,5.261363,85.551951,38.546951,20.624618,97.62933,0.019516,1.072939,0.432412,4.901293,13.359649,2.240792,1.547279,0.117324,2.682125,560.303653,0.706774,0.038038,0.034266
NXPI,2026-06-30,0.572654,0.30778,0.219394,0.363272,0.215675,0.067287,0.028764,0.038758,0.047426,74.955556,16.444769,5.043505,76.247893,51.658984,18.766279,87.011817,0.013341,0.962891,0.411626,6.388189,9.696429,2.040361,1.361391,0.131108,2.744113,517.312549,1.121252,0.03032,0.030034
O,2024-12-31,0.928144,0.438861,0.148931,0.813766,0.725184,0.005139,0.0029,0.008219,0.007285,268.584634,40.000564,1.380322,55.159215,79.546965,64.73263,89.263767,0.003723,0.688894,0.388714,23.638277,1.843411,1.675796,,0.019471,1.527114,,4.869261,,0.007328
O,2025-03-31,0.918758,0.406891,0.190243,0.867455,0.599722,0.0064,0.003581,0.007616,0.007933,214.609675,40.828062,1.373584,68.078256,76.167344,66.071763,110.17056,0.00466,0.705621,0.394814,23.437074,2.015542,1.446601,,0.018824,1.378749,,3.152397,,0.004492
O,2025-06-30,0.919745,0.398059,0.147117,0.85763,0.792422,0.005029,0.002757,0.007041,0.007292,272.25771,40.053848,1.369309,50.546133,75.579013,64.818858,81.798449,0.003673,0.737477,0.404269,24.000641,1.80525,1.785812,,0.01874,1.391314,,5.386321,,0.006059
O,2025-09-30,0.923163,0.419715,0.227561,0.908184,0.679673,0.008086,0.00443,0.008036,0.009241,169.783533,38.636148,1.372904,56.845219,68.84576,62.524604,91.992216,0.00589,0.740008,0.405418,22.182234,2.190947,1.545156,,0.019468,1.378374,,2.986769,,0.005563
O,2025-12-31,0.936755,0.551863,0.173267,0.7248,0.704242,0.007507,0.004067,0.012889,0.008716,181.072044,31.373822,1.359394,44.549777,70.049677,50.772034,72.094588,0.005523,0.744088,0.403127,22.897381,2.156392,1.420978,,0.023474,1.622076,,4.064488,,0.005291
O,2026-03-31,0.919223,0.415753,0.215533,0.871594,0.60457,0.007964,0.004182,0.008084,0.008906,171.964602,37.064084,1.369506,61.306568,68.817037,59.980545,99.211984,0.005815,0.770779,0.404724,23.204756,2.225114,1.656826,,0.019402,1.294809,,2.804995,,0.007869
O,2026-06-30,0.921215,0.42405,0.241005,0.941839,0.802345,0.008697,0.0045,0.008059,0.009709,155.871309,37.565753,1.355583,46.819939,64.546498,60.792392,75.768376,0.006416,0.788383,0.407896,22.392361,2.307274,0.493526,,0.01867,1.257433,,3.329165,,0.006494
ODFL,2024-12-31,0.336487,0.241025,0.189882,0.305961,0.166067,0.061995,0.047919,0.060921,0.067705,136.725574,25.961727,8.476327,156.333164,83.980925,25.694911,154.72648,0.007314,0.014133,0.010924,,13408.0,1.333292,,0.252364,2.76307,,1.524105,0.123333,
ODFL,2025-03-31,0.327369,0.245884,0.185226,0.311146,0.180651,0.060128,0.046375,0.059185,0.068636,141.280588,26.168895,8.494867,144.858535,83.240612,25.899949,143.369779,0.007078,0.014164,0.010925,,169323.0,1.317628,,0.25037,2.519975,,1.321444,0.064115,
ODFL,2025-06-30,0.33669,0.254237,0.190823,0.318164,0.070101,0.063495,0.048392,0.061159,0.070818,133.935339,25.557932,8.50429,364.586752,79.503875,25.295265,360.839781,0.007466,0.040181,0.030623,0.32583,59537.0,1.37738,,0.253594,2.65375,,1.064108,0.132955,
ODFL,2025-09-30,0.340416,0.256553,0.192638,0.321736,0.244242,0.063555,0.049115,0.062407,0.072565,132.788015,25.579974,8.439329,104.732102,78.689027,25.31708,103.655738,0.007531,0.019936,0.015407,0.084859,90076.25,1.203947,,0.254958,2.710197,,1.614611,0.066793,
ODFL,2025-12-31,0.315546,0.232733,0.17553,0.304523,0.202339,0.053228,0.041949,0.052584,0.061255,156.789621,27.521322,8.345636,136.015887,89.446303,27.238477,134.61801,0.006378,0.009277,0.007311,,1075.461268,1.435884,,0.238987,2.770006,,1.352216,0.035016,
ODFL,2026-03-31,0.321882,0.237763,0.178511,0.3074,0.233057,0.054153,0.042118,0.053608,0.062776,151.006533,26.956336,8.177452,115.664227,86.790285,26.679298,114.47551,0.006622,0.009091,0.00707,,1063.468227,1.565338,,0.235939,2.461594,,1.568191,0.046883,
ODFL,2026-06-30,0.362603,0.299421,0.225611,0.359879,0.12591,0.0771,0.061128,0.076407,0.089841,102.619543,23.152138,7.91197,183.87907,63.671991,22.914196,181.989288,0.009745,0.004398,0.003487,,6151.894737,1.889407,,0.270944,2.613792,,0.77781,0.049573,
OKE,2024-12-31,0.308571,0.232,0.131857,0.302857,0.149857,0.054179,0.014406,0.0249,0.029924,63.8332,8.416863,3.458444,56.165914,43.358185,13.131336,87.625693,0.015666,1.882895,0.500663,14.784906,3.964286,0.898072,0.739563,0.109257,3.009458,12.764658,1.745395,0.080286,
OKE,2025-03-31,0.249658,0.156907,0.079075,0.212607,0.034191,0.02977,0.009897,0.018389,0.022899,92.638433,7.325382,2.757819,214.247431,53.754007,11.428491,334.252188,0.010795,1.499719,0.498576,18.654386,3.00905,0.665696,0.519327,0.125158,3.033949,27.649062,1.421384,0.078205,
OKE,2025-06-30,0.273742,0.184227,0.106631,0.243312,0.09839,0.038525,0.013034,0.020509,0.026798,70.057127,7.470273,2.698948,75.925314,47.89961,11.654539,118.452773,0.014274,1.487265,0.503177,16.868161,3.541096,0.586217,0.457117,0.122234,3.175121,13.31956,1.813317,0.094966,
OKE,2025-09-30,0.265694,0.181608,0.108756,0.239171,0.094973,0.042525,0.014096,0.02135,0.02771,62.74552,6.823957,2.668269,71.851273,44.513003,10.646207,112.09677,0.015937,1.527422,0.50629,15.752058,3.748889,0.904098,0.752223,0.129609,3.346512,11.313277,1.729499,0.09312,
OKE,2025-12-31,0.251627,0.169774,0.107777,0.230888,0.063541,0.043451,0.014661,0.021739,0.028287,60.30506,6.499508,2.620327,102.28827,43.917512,10.140028,159.582208,0.016582,1.459462,0.49243,15.641663,3.763797,0.705106,0.556167,0.136027,3.011628,19.509116,1.582395,0.107005,
OKE,2026-03-31,0.227386,0.149199,0.080474,0.1911,0.007278,0.03462,0.011348,0.019473,0.024175,76.121503,6.12581,2.635329,841.686338,50.010529,9.557013,1313.133597,0.013137,1.505211,0.493409,18.215452,3.32574,0.70964,0.564204,0.14102,2.620708,19.622511,1.206718,0.089832,
OKE,2026-06-30,0.200847,0.132542,0.080173,0.173209,0.119512,0.042115,0.014092,0.021799,0.027712,60.991764,4.88987,2.56869,40.915308,44.043772,7.628795,63.832883,0.016396,1.439683,0.481728,15.745568,3.917051,0.737091,0.590505,0.175772,3.394085,13.646079,2.125259,0.050876,
OMC,2024-12-31,0.198487,0.158554,0.103651,0.178104,0.434501,0.106832,0.015125,0.049234,0.053264,46.889888,4.86018,5.009341,11.18566,38.985282,6.943425,15.980229,0.021327,1.63844,0.231959,2.230709,11.388443,0.995258,0.895738,0.145918,0.467669,-363.979665,4.296875,0.010874,0.005159
OMC,2025-03-31,0.170578,0.135297,0.077959,0.146678,-0.221196,0.065787,0.010233,0.033962,0.035546,73.015884,5.692247,4.803501,-25.734007,55.442213,8.132146,-36.76451,0.013696,1.584195,0.246428,5.093848,8.160745,1.006181,0.873479,0.131267,0.448463,-239.599029,-2.734793,0.007994,0.005636
OMC,2025-06-30,0.166426,0.109373,0.06415,0.129445,0.041837,0.057413,0.008948,0.028391,0.036963,81.547631,5.231266,4.681882,125.039701,57.735417,7.473571,178.63613,0.012263,1.584715,0.246983,5.7803,7.365815,0.922109,0.799766,0.139486,0.463759,-231.503855,0.815606,0.010484,0.005827
OMC,2025-09-30,0.186842,0.131307,0.084541,0.150603,0.108593,0.073982,0.011835,0.035378,0.044155,61.548989,5.203406,4.553502,47.916674,49.359983,7.433769,68.455451,0.016247,1.531767,0.245036,4.757895,9.061258,0.923885,0.800828,0.139989,0.470196,-257.408584,1.399062,0.009685,0.007159
OMC,2025-12-31,-0.10581,-0.176747,-0.170218,-0.153903,0.542306,-0.078127,-0.017295,-0.040292,-0.038156,-22.3214,3.799499,1.7439,7.006193,-35.269561,5.428098,10.009295,-0.0448,0.891057,0.197252,-2.627101,-11.689655,0.929826,0.81442,0.101604,0.383998,-79.35181,-3.2275,0.007072,0.00501
OMC,2026-03-31,0.166205,0.113024,0.064906,0.137773,-0.098416,0.042937,0.00811,0.026467,0.028238,51.842719,3.36489,2.225967,-34.190543,34.892303,4.8072,-48.845817,0.019289,1.220354,0.230495,6.693175,5.82521,0.912268,0.765849,0.124946,0.496801,-274.141826,-1.365252,0.009803,0.004341
OMC,2026-06-30,0.19776,0.140571,0.089112,0.170469,-0.065996,0.060527,0.011719,0.034195,0.038453,35.921118,3.201016,2.174198,-48.503047,26.826557,4.573085,-69.293165,0.027839,1.181064,0.228668,5.958523,7.730519,0.923697,0.778101,0.131505,0.487454,-255.688114,-0.648427,0.008213,0.003931
ON,2024-12-31,0.452308,0.255152,0.220552,0.362496,0.252424,0.043188,0.026963,0.031067,0.035892,71.714976,15.816847,3.097235,62.659888,45.016552,16.318337,64.646585,0.013944,0.382759,0.23896,1.048366,29.921569,5.058436,3.378783,0.122252,1.484786,890.979875,1.525928,0.084122,0.022119
ON,2025-03-31,0.203223,-0.023795,-0.336239,-0.259252,0.314519,-0.060536,-0.036676,-0.002615,-0.045342,-56.04715,18.84521,3.392884,59.917571,-74.995558,19.442716,61.817319,-0.017842,0.419719,0.254287,-1.562967,-30.166667,4.949151,3.323398,0.109077,1.752364,709.448188,-1.239045,0.102096,0.023449
ON,2025-06-30,0.375774,0.16518,0.115953,0.256349,0.072241,0.021446,0.012974,0.018244,0.018556,159.979562,18.550092,3.430954,256.781521,74.656933,19.138241,264.923045,0.006251,0.424995,0.257104,2.188579,12.296089,5.022061,3.371788,0.111891,1.584358,872.471445,1.082208,0.053244,0.023422
ON,2025-09-30,0.378619,0.183119,0.164421,0.281901,0.240119,0.032256,0.0196,0.02359,0.024636,106.841253,17.566909,3.446318,73.15929,64.291709,18.123886,75.478881,0.00936,0.427227,0.259596,2.014181,16.423729,5.230502,3.538582,0.119206,1.643947,816.207327,1.641961,0.029854,0.024631
ON,2025-12-31,0.360107,0.169205,0.118816,0.293641,0.317234,0.023693,0.014516,0.02035,0.020861,149.859843,17.805712,3.550561,56.127976,62.560283,18.37026,57.907571,0.006673,0.391592,0.239921,1.853773,13.549133,4.522094,2.977013,0.122172,1.685132,744.957387,3.050055,0.04516,0.024704
ON,2026-03-31,0.385317,0.182317,-0.022071,0.168374,0.143527,-0.004574,-0.002781,0.019789,-0.002947,-815.704174,18.003383,3.731257,125.435172,110.315287,18.574199,129.412224,-0.001226,0.411753,0.250316,3.843407,-2.511811,4.87269,3.143845,0.125995,1.753941,821.445651,-7.158683,0.014472,0.024648
ON,2026-06-30,0.384347,0.186966,0.141441,0.265606,0.265295,0.031418,0.016819,0.021559,0.025002,120.125747,16.990658,3.774159,64.044474,65.9975,17.529364,66.075071,0.008325,0.620984,0.332419,2.218596,20.773723,3.464389,2.490271,0.118909,1.787227,777.016712,2.026896,0.021391,0.023324
ORCL,2025-02-28,0.703114,0.314862,0.207785,0.416914,0.005025,0.175493,0.018193,0.033524,0.03294,152.021009,31.587663,26.678642,6286.389883,99.096528,41.314766,8222.220403,0.006578,5.754692,0.596587,13.388219,4.865471,1.016642,,0.087558,1.755061,,2.020777,0.414862,0.084784
ORCL,2025-05-31,0.70188,0.326416,0.215494,0.429227,-0.183802,0.167571,0.020355,0.03791,0.037799,130.240351,28.066005,21.824541,-152.69712,85.522656,36.708649,-199.718662,0.007678,5.090411,0.618338,11.980955,5.245399,0.752964,,0.094458,1.858261,,1.796615,0.570961,0.081746
ORCL,2025-08-31,0.672786,0.314351,0.196101,0.41009,-0.024253,0.121181,0.016221,0.034706,0.030944,152.488446,29.903101,18.478665,-1232.965971,95.372921,39.11146,-1612.645438,0.006558,4.364039,0.584148,13.211893,4.712893,0.617796,,0.082716,1.687889,,2.781004,0.56961,0.075305
ORCL,2025-11-30,0.665338,0.321211,0.382053,0.592166,-0.620688,0.204835,0.029929,0.03615,0.044255,72.752026,27.795098,14.90213,-44.781146,61.392118,36.354319,-58.571049,0.013745,4.152983,0.606808,9.342097,7.0,0.909274,,0.078338,1.701059,,0.336756,0.749346,0.071989
ORCL,2026-02-28,0.645608,0.327923,0.216463,0.474811,-0.668063,0.096662,0.015173,0.028248,0.027364,119.949928,25.964728,11.594588,-38.865699,71.523848,33.960305,-50.833999,0.008337,3.977582,0.624356,11.780201,4.742373,1.347031,,0.070095,1.603694,,1.921795,1.084061,0.077254
ORCL,2026-05-31,0.652262,0.362542,0.224354,0.503284,-0.097633,0.101252,0.016443,0.033367,0.030946,103.702064,23.265934,10.499993,-238.298816,60.463765,30.430445,-311.680539,0.009643,3.674344,0.59669,10.176282,4.731063,1.115003,,0.073289,1.84728,,3.39684,0.859727,0.062709
ORCL,2026-08-31,0.600258,0.352649,0.246058,0.537245,-0.278935,0.071287,0.015696,0.030945,0.027508,93.76758,23.072302,6.684444,-82.715656,56.170273,30.177185,-108.187111,0.010665,2.335275,0.514184,8.560377,4.926471,1.170813,,0.06379,1.697823,,4.853571,1.473197,0.058258
ORLY,2024-12-31,0.512997,0.180352,0.134566,0.210755,0.081555,-0.402003,0.037004,0.143163,0.112038,124.339207,16.731871,-49.984695,205.161032,90.193705,19.008766,233.079612,0.008043,-5.77759,0.531824,6.245235,13.367507,0.705003,0.089828,0.274988,11.477448,-229.702396,1.133103,0.070923,0.00179
ORLY,2025-03-31,0.512817,0.179231,0.130166,0.208884,0.113168,-0.396687,0.035209,0.135859,0.109373,127.259008,16.564739,-50.48198,146.3725,90.092358,18.81889,166.291061,0.007858,-5.969858,0.529873,6.319091,12.888524,0.708473,0.100703,0.270495,7.923791,-200.795578,1.402305,0.069363,0.002041
ORLY,2025-06-30,0.514145,0.20209,0.147754,0.230655,0.100797,-0.542752,0.042261,0.154564,0.12943,102.494136,15.143909,-55.628851,150.241755,74.590693,17.204712,170.686848,0.009757,-6.748279,0.52545,5.389466,16.024417,0.724133,0.105048,0.286023,8.196069,-197.700899,1.131995,0.06646,0.002291
ORLY,2025-09-30,0.518509,0.207422,0.154259,0.236284,0.064695,-0.811351,0.044589,0.152781,0.129885,94.403423,14.562578,-76.594283,225.094411,70.018509,16.544273,255.725552,0.010593,-9.390725,0.516084,5.136352,16.506329,0.757423,0.113305,0.289054,11.128549,-200.867685,0.849343,0.066323,0.001763
ORLY,2025-12-31,0.5179,0.18771,0.137107,0.218996,0.082563,-0.792862,0.036596,0.123858,0.107094,113.224274,15.523832,-89.771255,188.023561,80.532689,17.636335,213.610053,0.008832,-11.123962,0.513446,6.023594,13.718699,0.768507,0.115418,0.266915,11.324765,-203.134277,1.046691,0.060945,0.001814
ORLY,2026-03-31,0.514678,0.184541,0.13248,0.214491,0.172889,-0.566214,0.035672,0.127105,0.109276,113.42142,15.026089,-64.220745,86.911886,79.58773,17.070859,98.738969,0.008817,-8.182544,0.515506,6.075148,13.432688,0.755327,0.125453,0.269262,10.577051,-200.818774,1.709609,0.0536,0.001933
ORLY,2026-06-30,0.514459,0.201501,0.14617,0.231444,0.142865,-0.389527,0.041121,0.14729,0.127193,95.833474,14.007949,-37.329702,98.05045,68.760285,15.914169,111.393283,0.010435,-5.222696,0.551347,5.963783,14.225444,0.751945,0.128232,0.281326,10.686268,-182.990519,1.407565,0.062879,0.001778
OTIS,2024-12-31,0.291701,0.15619,0.091701,0.169252,0.177143,-0.069513,0.029781,0.120687,0.16092,77.399,7.097541,-5.380252,40.066764,55.322288,9.363391,52.857854,0.01292,-1.803218,0.772534,9.684887,,0.989805,0.917925,0.324761,1.072054,155.093459,2.047478,0.010612,0.005714
OTIS,2025-03-31,0.298806,0.122687,0.072537,0.135224,0.046567,-0.047387,0.021739,0.087698,0.125076,107.339355,7.786108,-5.086479,167.201687,75.961287,10.27178,220.579893,0.009316,-1.701443,0.780551,14.322296,,0.942093,0.867841,0.299696,0.938375,228.61255,0.781893,0.010149,0.006269
OTIS,2025-06-30,0.302921,0.152156,0.109318,0.164395,0.049791,-0.073225,0.037446,0.186444,0.168359,66.370135,7.255483,-4.859971,145.717671,58.224134,9.571756,192.237225,0.015067,-1.513695,0.774083,11.947547,,0.881452,0.798372,0.342544,0.972673,209.649971,0.547074,0.010014,0.006398
OTIS,2025-09-30,0.307046,0.158808,0.101355,0.170732,0.091328,-0.068978,0.034723,0.16563,0.158122,69.74188,7.068689,-4.810672,77.399,54.619783,9.325329,102.1082,0.014339,-1.565474,0.788042,11.498413,,0.935881,0.845294,0.342587,0.983475,211.543429,1.0,0.010027,0.005149
OTIS,2025-12-31,0.30216,0.177819,0.098525,0.189673,0.203372,-0.069362,0.035107,0.19219,0.225225,69.74188,6.871302,-4.837438,33.786869,47.79231,9.064927,44.573139,0.014339,-1.57845,0.79893,9.527778,,0.849138,0.76907,0.356332,1.029284,143.93777,2.184492,0.011855,0.004478
OTIS,2026-03-31,0.303421,0.15115,0.095345,0.162647,0.106562,-0.059859,0.032252,0.185402,0.19127,76.716068,7.314488,-4.592159,68.640693,59.328385,9.649597,90.553851,0.013035,-1.446831,0.779548,12.041379,,0.836872,0.750259,0.338266,0.909694,209.329689,1.214706,0.009254,0.005328
OTIS,2026-06-30,0.294377,0.149002,0.11091,0.159886,0.057787,-0.074461,0.038365,0.175589,0.196179,60.942671,6.759125,-4.537833,116.966203,55.770605,8.916938,154.30701,0.016409,-1.53897,0.792937,12.354943,,0.831489,0.748085,0.345913,0.968381,187.514364,0.623832,0.011402,0.005183
OXY,2024-12-31,0.342899,0.177071,-0.018787,0.315828,0.232988,-0.003718,-0.001486,0.016602,0.002081,-463.139074,8.700986,1.721908,37.345182,36.635437,11.570512,49.661371,-0.002159,0.788079,0.315056,10.866042,0.48318,0.952631,0.768197,0.079115,2.38112,12.285149,-26.425197,0.263462,
OXY,2025-03-31,0.391129,0.235799,0.164095,0.576964,0.081697,0.026965,0.011016,0.01852,0.019736,62.840451,10.311827,1.694476,126.220306,23.766837,13.712598,167.846908,0.015913,0.748646,0.305848,6.738074,4.796774,1.009664,0.787384,0.067132,1.580493,58.582376,2.294872,0.294881,
OXY,2025-06-30,0.352225,0.151769,0.087105,0.504755,0.238684,0.012821,0.005429,0.009551,0.010964,128.425027,11.186509,1.646567,46.86746,29.471235,14.875743,62.324031,0.007787,0.676726,0.286558,7.788244,3.066421,1.048225,0.829402,0.062328,1.515711,31.948843,6.462882,0.324268,
OXY,2025-09-30,0.326238,0.177234,0.125302,0.562047,0.075936,0.02289,0.009943,0.017075,0.019392,70.865858,8.879629,1.622092,116.935711,21.009041,11.80807,155.500316,0.014111,0.630871,0.274056,5.242546,5.318519,0.935357,0.710646,0.079356,2.090249,58.896592,3.361446,0.34526,
OXY,2025-12-31,0.479452,0.066781,0.058219,0.941781,1.07363,0.002831,0.001212,0.002381,0.000415,576.653553,33.572296,1.63231,31.26989,47.404036,44.644212,41.582487,0.001734,0.648027,0.277374,11.775152,0.144186,0.936254,0.742894,0.020811,0.680388,-48.662281,25.823529,0.429795,
OXY,2026-03-31,0.362715,0.177247,0.639579,0.500191,-0.052199,0.085919,0.041571,0.012369,0.011527,17.584055,11.246398,1.510805,-215.452976,29.899334,14.955384,-286.507908,0.05687,0.426667,0.20644,4.165138,1.902778,1.209877,1.006446,0.064998,1.422355,47.012674,0.38296,0.297132,
OXY,2026-06-30,0.575077,0.454433,0.369126,0.727836,0.332548,0.071312,0.037047,0.060711,0.055516,19.757696,7.293077,1.408965,21.930896,13.324814,9.698284,29.163557,0.050613,0.350357,0.182011,1.473595,37.25,1.410542,1.13368,0.100363,2.566836,-5.527028,1.434666,0.197024,
PANW,2025-01-31,0.734603,0.106779,0.118299,0.182986,0.225521,0.04188,0.012744,0.028657,0.024329,1113.889251,131.771568,46.650107,584.29947,718.896914,131.548261,583.309284,0.000898,0.140668,0.042803,,326.0,0.839464,,0.107724,1.509194,,2.086142,0.021267,0.141781
PANW,2025-04-30,0.729576,0.095675,0.11446,0.174749,0.244648,0.036235,0.011908,0.024232,0.021822,1135.14668,129.929415,41.132485,531.086482,742.261064,129.709229,530.186474,0.000881,0.100809,0.033128,,312.0,0.895323,,0.104032,1.173846,,2.396947,0.029707,0.14242
PANW,2025-07-31,0.732287,0.196034,0.100067,0.266412,0.36845,0.032439,0.010765,0.027253,0.037972,1171.822026,117.260746,38.012325,318.254072,439.402731,117.06203,317.714741,0.000853,0.0432,0.014337,,5919.0,0.941788,,0.10758,0.855413,,4.022065,0.034026,0.139731
PANW,2025-10-31,0.742118,0.124899,0.135004,0.202506,0.681892,0.038546,0.014191,0.028909,0.025561,890.444401,120.213593,34.322958,176.294268,592.623604,120.009873,175.99551,0.001123,0.039931,0.014701,,,0.985441,,0.105116,1.842144,,5.302395,0.033953,0.149555
PANW,2026-01-31,0.735929,0.153045,0.166538,0.246723,0.148034,0.045992,0.017295,0.033258,0.032351,688.44544,114.65244,31.662773,774.50112,463.913165,114.458144,773.188608,0.001453,0.039604,0.014893,,,1.044949,,0.103847,1.225898,,1.282407,0.065536,0.116037
PANW,2026-04-30,0.67555,-0.060959,-0.058961,0.059294,0.262492,-0.006397,-0.003826,-0.006306,-0.004187,-1680.273616,99.070097,10.749184,377.421866,1668.00239,98.902207,376.782266,-0.000595,0.074852,0.044763,,,0.856429,,0.064886,1.052595,,-4.920904,0.027648,0.214191
PANW,2026-07-31,0.67566,0.05044,-0.082698,0.021114,0.367742,-0.010258,-0.005819,0.005877,-0.00698,-1054.639823,87.216548,10.817999,237.167807,4123.672576,87.068746,236.76589,-0.000948,0.090936,0.051589,,,0.871007,,0.070367,0.939653,,-4.812057,0.030205,0.134897
PAYC,2024-12-31,0.830458,0.300628,0.229948,0.389349,0.211868,0.072064,0.01938,0.070623,0.078105,89.805896,20.650666,6.471735,97.469385,56.194962,21.879457,103.269171,0.011135,0.052922,0.014232,,145.69914,1.101874,1.101515,0.08428,12.598801,-69.109771,1.412293,0.112885,0.045789
PAYC,2025-03-31,0.840528,0.348916,0.262771,0.435627,0.27295,0.081179,0.030486,0.07896,0.091418,73.16217,19.224894,5.939207,70.433747,46.757564,20.368846,74.624813,0.013668,0.047461,0.017824,,238.875,1.204335,1.203771,0.116017,16.948882,-11.685696,1.309182,0.071065,0.041847
PAYC,2025-06-30,0.819065,0.232217,0.18507,0.330645,0.125724,0.04967,0.022202,0.047593,0.054079,113.953146,21.089344,5.660029,167.743528,67.577692,22.344237,177.724884,0.008776,0.045064,0.020143,,147.5,1.299319,1.298453,0.119964,12.120301,-45.388093,1.368715,0.127585,0.079404
PAYC,2025-09-30,0.82688,0.228259,0.224407,0.403203,0.161768,0.06476,0.026077,0.047722,0.07103,92.13014,20.674653,5.966308,127.804593,54.327164,21.904871,135.409436,0.010854,0.049433,0.019905,,139.909091,1.222997,1.222131,0.116202,9.787698,-42.204778,1.606143,0.198662,0.063248
PAYC,2025-12-31,0.838692,0.288628,0.209076,0.384347,0.216976,0.065723,0.014976,0.064897,0.07165,89.620444,18.737473,5.890157,86.35738,51.652356,19.852421,91.495961,0.011158,0.052151,0.011884,,228.285714,1.087624,1.087307,0.071631,12.122494,9.739155,1.723199,0.143303,0.049421
PAYC,2026-03-31,0.847324,0.367436,0.272298,0.472893,0.319342,0.19182,0.032291,0.102265,0.110629,65.502932,17.836318,12.564749,55.853267,39.961808,18.897644,59.176741,0.015266,0.940742,0.158364,1.927145,54.825,1.082585,1.082057,0.118586,11.146199,-0.283193,1.373154,0.054565,0.024659
PAYC,2026-06-30,0.832267,0.317206,0.202184,0.40945,0.357869,0.187927,0.020644,0.078383,0.085439,94.960955,19.19956,17.845681,53.649692,49.681255,20.342005,56.842046,0.010531,1.719685,0.188913,3.227586,15.942857,1.073942,1.073417,0.102107,9.928972,12.591634,1.990689,0.044616,0.032944
PAYX,2025-02-28,0.743274,0.458449,0.344135,0.498012,0.442213,0.126148,0.046277,0.106187,0.130655,79.614046,27.397995,10.043136,61.956502,59.608262,29.685626,67.12964,0.012561,0.209809,0.076968,,31.345133,1.392658,,0.134473,1.212243,,1.378779,0.032273,0.011663
PAYX,2025-05-31,0.724024,0.302039,0.208225,0.377426,0.198487,0.071996,0.017942,0.036187,0.047149,139.110276,28.966282,10.015401,145.935665,83.15502,31.384859,158.120752,0.007189,1.216642,0.303204,6.19677,7.11146,1.281788,,0.086168,1.072755,,1.156797,0.042388,0.042948
PAYX,2025-08-31,0.731299,0.351883,0.249221,0.438312,0.430195,0.09666,0.023033,0.046766,0.059333,107.721662,26.846477,10.412425,62.405395,66.363865,29.088058,67.616014,0.009283,1.264696,0.301362,6.162519,8.294721,1.268113,,0.09242,1.132936,,1.871808,0.036299,0.017403
PAYX,2025-11-30,0.735362,0.367167,0.253852,0.447997,0.245763,0.101905,0.023936,0.049116,0.062114,104.561391,26.543127,10.655286,108.003067,64.195485,28.759379,117.020922,0.009564,1.298137,0.304917,4.993838,8.594161,1.265342,,0.094292,1.149096,,1.12519,0.039869,0.016371
PAYX,2026-02-28,0.761623,0.437835,0.309746,0.507546,0.420974,0.1396,0.031996,0.066961,0.083791,73.788281,22.855644,10.300871,54.292284,48.791645,24.764005,58.825488,0.013552,1.249103,0.286294,3.498094,11.851689,1.260042,,0.103298,1.260557,,1.450116,0.028194,0.01277
PAYX,2026-05-31,0.740081,0.376643,0.261974,0.455995,0.320772,0.112607,0.026004,0.055351,0.066307,98.296657,25.751214,11.068934,80.278784,61.187828,27.901345,86.981765,0.010173,1.233782,0.284911,4.736921,9.565688,1.259144,,0.099261,1.064938,,1.381122,0.041046,0.012893
PCAR,2024-12-31,0.185988,0.127183,0.110275,0.155409,0.119229,0.049809,0.020083,0.022844,0.033029,70.057242,7.725566,3.489476,64.796261,54.714637,8.50317,71.31822,0.014274,0.907928,0.366085,7.188705,,2.637276,2.454773,0.182121,0.372151,961.618532,1.657913,0.063598,
PCAR,2025-03-31,0.177204,0.118938,0.067874,0.146499,0.078544,0.028027,0.011822,0.020642,0.028729,120.946179,8.209134,3.389722,104.516535,61.675672,9.035411,115.036472,0.008268,0.868656,0.366416,9.298569,,2.79469,2.595338,0.174178,0.340992,840.689255,1.802217,0.04378,
PCAR,2025-06-30,0.169935,0.111644,0.096372,0.139245,0.059184,0.03821,0.016415,0.018671,0.025607,84.401651,8.133934,3.225002,137.435129,64.294146,8.952642,151.268431,0.011848,0.841416,0.361462,9.933735,,3.015966,2.799503,0.170326,0.335241,866.767314,1.151423,0.051781,
PCAR,2025-09-30,0.161755,0.095327,0.088432,0.126173,0.183189,0.030462,0.013348,0.014328,0.019244,103.542229,9.156437,3.15407,49.983566,79.875051,10.078063,55.014578,0.009658,0.818407,0.358619,11.341768,,3.115383,2.909412,0.150942,0.301826,962.847116,2.589492,0.045805,
PCAR,2025-12-31,0.155891,0.088274,0.081647,0.118945,0.114063,0.028909,0.012561,0.01363,0.018146,109.696382,8.956415,3.171196,78.521741,82.877872,9.857908,86.425216,0.009116,0.811685,0.352676,11.498089,,3.078646,2.882547,0.153843,0.313808,1152.012894,2.054767,0.053703,
PCAR,2026-03-31,0.16662,0.09955,0.089323,0.129078,0.096495,0.030638,0.013898,0.015158,0.020571,100.92502,9.014966,3.092127,93.423941,76.870719,9.922352,102.827371,0.009908,0.756486,0.343155,10.633131,,3.113912,2.907261,0.15559,0.313746,919.074704,1.605485,0.046912,
PCAR,2026-06-30,0.175454,0.116501,0.099646,0.144991,0.040945,0.037006,0.017099,0.019237,0.026554,81.236589,8.094918,3.006201,197.70199,61.450208,8.909698,217.601352,0.01231,0.723202,0.33416,8.33641,,3.115541,2.896198,0.171594,0.347955,832.153021,0.931915,0.051917,
PCG,2024-12-31,0.329815,0.157442,0.101644,0.33826,-0.135123,0.022356,0.005043,0.012167,0.010125,58.800067,5.976662,1.314513,-44.231301,42.19048,14.271339,-105.617463,0.017007,1.935155,0.436503,25.09942,1.62963,1.054256,1.004042,0.049611,2.986937,-36.154072,2.866469,0.426482,
PCG,2025-03-31,0.408156,0.212101,0.105967,0.418519,0.035601,0.020662,0.004681,0.013587,0.011962,62.509851,6.623975,1.291551,186.062185,37.79283,15.817023,444.287543,0.015997,1.95431,0.442755,22.707268,1.916894,0.947873,0.903602,0.044174,2.80497,-48.405297,4.492114,0.440415,
PCG,2025-06-30,0.39471,0.194303,0.093082,0.412682,-0.340454,0.017604,0.004025,0.012455,0.011323,72.188061,6.719438,1.270802,-19.736676,38.879723,16.044972,-47.128111,0.013853,1.913519,0.437551,24.107231,1.718434,0.936732,0.888168,0.043246,2.912593,-66.588258,1.925319,0.519668,
PCG,2025-09-30,0.39408,0.1936,0.136,0.40512,-0.0128,0.026581,0.006148,0.013486,0.011386,46.624994,6.340999,1.239328,-495.390566,37.3749,15.141319,-1182.915584,0.021448,1.869817,0.432502,23.270537,1.818182,0.941026,0.891141,0.045208,2.66752,-80.607406,3.354118,0.46896,
PCG,2025-12-31,0.387566,0.179894,0.098471,0.384333,-0.175779,0.02059,0.004731,0.013327,0.010239,59.151112,5.824698,1.217924,-33.136493,36.188622,13.908472,-79.124788,0.016906,1.884911,0.433123,23.00956,1.752732,0.971166,0.920859,0.048047,3.001323,-100.260028,2.925373,0.463845,
PCG,2026-03-31,0.397907,0.213632,0.128615,0.417672,-0.134573,0.026617,0.006234,0.015274,0.013178,44.781068,5.759518,1.191917,-42.798321,32.927365,13.752833,-102.195731,0.022331,1.892962,0.443393,21.333333,2.127024,1.198785,1.13147,0.048474,3.568983,-74.371304,2.745763,0.48772,
PCG,2026-06-30,0.415283,0.213995,0.128939,0.429007,-0.349204,0.022448,0.005246,0.013083,0.011102,52.077852,6.714884,1.169029,-19.229134,37.3749,16.034098,-45.91618,0.019202,1.908587,0.445994,24.978673,1.846734,1.216073,1.148575,0.040682,3.132696,-111.307875,1.190539,0.502711,
PEG,2024-12-31,0.307911,0.182961,0.116024,0.302231,-0.24787,0.017749,0.005234,0.011617,0.008123,121.590089,14.10741,2.158047,-56.91451,79.54465,24.040878,-96.989794,0.008224,1.418642,0.418375,30.311409,2.04712,0.651038,0.478248,0.045113,1.543519,233.905207,1.283217,0.396755,
PEG,2025-03-31,0.346679,0.247362,0.182806,0.382061,0.130664,0.03598,0.010598,0.019132,0.017244,59.040349,10.792913,2.124298,82.600393,48.140345,18.39254,140.76191,0.016938,1.438485,0.423716,18.281072,3.560166,0.824712,0.654408,0.057976,1.818284,182.878814,1.780985,0.19491,
PEG,2025-06-30,0.40107,0.291266,0.208556,0.474153,-0.11016,0.035091,0.010442,0.016475,0.018934,59.444044,12.397421,2.085944,-112.539694,44.556966,21.126832,-191.782408,0.016823,1.405615,0.418267,17.370677,3.927419,1.001309,0.760803,0.050068,1.650971,205.221877,0.817094,0.28057,
PEG,2025-09-30,0.361438,0.265034,0.192808,0.414445,0.099814,0.036569,0.010929,0.018292,0.018746,55.907983,10.779531,2.044492,107.996166,44.323683,18.369735,184.03964,0.017887,1.382092,0.413051,17.229619,3.84585,0.934119,0.692953,0.056683,1.995053,165.234126,1.688103,0.225666,
PEG,2025-12-31,0.284391,0.1753,0.108062,0.307376,-0.139966,0.018549,0.005471,0.012446,0.010225,110.396081,11.929594,2.047743,-85.232269,66.139246,20.329593,-145.246971,0.009058,1.425156,0.420349,26.720982,2.420091,0.800697,0.599477,0.050629,1.543962,177.962808,2.288889,0.387307,
PEG,2026-03-31,0.364865,0.279366,0.192568,0.390593,0.150208,0.042825,0.012788,0.022604,0.020976,46.929508,9.037101,2.009754,60.163954,39.428319,15.400406,102.527274,0.021309,1.410102,0.421072,15.868929,4.117647,0.969011,0.754286,0.066408,1.861635,162.162798,1.71525,0.180094,
PEG,2026-06-30,0.306186,0.180501,0.130775,0.407987,-0.084573,0.019274,0.005679,0.00924,0.012439,104.116065,13.615805,2.006738,-160.994285,56.872135,23.203118,-274.35539,0.009605,1.424087,0.419601,23.367562,2.479554,0.87695,0.667052,0.043426,1.342091,227.677469,1.646707,0.299922,
PEP,2025-03-31,0.557676,0.144149,0.102349,0.191696,-0.087951,0.099734,0.018027,0.03038,0.037109,96.640408,9.891094,9.63829,-112.460982,63.978075,12.264339,-139.444598,0.010348,2.638425,0.476896,11.717613,9.871212,0.834248,0.654629,0.176131,1.605357,-544.082182,-0.530534,0.033651,0.004297
PEP,2025-06-30,0.546599,0.160565,0.055575,0.123559,0.046863,0.068574,0.011989,0.04256,0.026556,140.33136,7.798931,9.623114,166.421134,78.263777,9.670188,206.351819,0.007126,2.789879,0.487769,15.581553,7.042308,0.775085,0.596851,0.215729,1.80065,-429.704647,1.558987,0.039778,0.002376
PEP,2025-09-30,0.53574,0.154656,0.108744,0.191879,0.145382,0.134258,0.024428,0.041425,0.047896,68.090091,7.404374,9.14166,50.930606,47.847744,9.180962,63.150772,0.014686,2.622705,0.477196,9.301764,13.617424,0.911838,0.718404,0.224638,1.858607,-416.821623,1.718018,0.041442,0.003175
PEP,2025-12-31,0.532325,0.121221,0.086562,0.160413,0.160277,0.124473,0.02365,0.043533,0.044657,69.77894,6.040231,8.685608,37.686266,46.688907,7.48951,46.728617,0.014331,2.445408,0.464632,8.502868,10.009009,0.85304,0.674643,0.273215,3.16708,-40.587723,2.605906,0.065297,0.00276
PEP,2026-03-31,0.551921,0.165252,0.119683,0.21473,-0.020882,0.108825,0.021031,0.034128,0.042944,76.166097,9.1158,8.288758,-436.548048,52.638248,11.303024,-541.292332,0.013129,2.465884,0.476547,10.120479,10.86711,0.896714,0.716565,0.175723,1.56849,-526.242383,0.017619,0.02299,0.004783
PEP,2026-06-30,0.542203,0.16637,0.123279,0.213556,0.062239,0.134899,0.026571,0.041658,0.052956,59.456058,7.32966,8.020568,117.76645,42.557066,9.088321,146.023048,0.016819,2.408091,0.474325,8.319713,17.747826,0.933601,0.741782,0.215538,1.762207,-378.785706,0.779604,0.03387,0.002853
PFE,2024-12-31,0.667361,0.179408,0.02308,0.14186,0.326728,0.004648,0.001921,0.0,0.004278,384.519453,8.874858,1.787388,27.162815,83.226578,11.806518,36.135592,0.002601,0.721619,0.298267,24.843651,0.986468,1.171252,0.918874,0.083244,1.549682,557.849061,16.392683,0.051621,0.009964
PFE,2025-03-31,0.792563,0.322639,0.216332,0.36872,0.129129,0.032843,0.014263,0.029183,0.020044,53.135482,11.494931,1.745146,89.019184,41.473399,15.292087,118.425171,0.01882,0.678463,0.294629,11.837255,5.25841,1.25812,0.960414,0.065929,1.157873,1035.226291,0.78699,0.041123,0.012395
PFE,2025-06-30,0.742169,0.25708,0.198594,0.36327,-0.081894,0.032809,0.01412,0.024011,0.021964,54.17628,10.759092,1.777473,-131.37748,39.400898,14.313177,-174.775815,0.018458,0.686916,0.295621,11.13808,5.654434,1.158432,0.849123,0.071098,1.213198,929.125447,-0.2,0.042176,0.013854
PFE,2025-09-30,0.74949,0.331872,0.212622,0.339138,0.240243,0.038157,0.016964,0.035972,0.023156,44.522162,9.466373,1.698828,39.403393,37.133672,12.59343,52.41964,0.022461,0.655683,0.291514,10.535588,6.113497,1.282217,0.968849,0.079787,1.167882,876.304295,1.299915,0.036147,0.012069
PFE,2025-12-31,0.699721,0.210002,-0.093866,0.04306,0.256479,-0.019057,-0.007917,0.024479,-0.005439,-95.663213,8.979494,1.823084,35.010654,277.421928,11.945718,46.575833,-0.010453,0.739639,0.307268,83.093915,-1.309423,1.159907,0.871836,0.084344,1.478609,621.68486,-3.245146,0.048129,0.012815
PFE,2026-03-31,0.754464,0.295363,0.185952,0.377232,0.150796,0.029822,0.012942,0.02371,0.02215,58.672488,10.910241,1.749736,72.351067,38.475688,14.514255,96.251022,0.017044,0.707317,0.306958,11.379013,5.745509,1.24671,0.936153,0.069599,1.148192,951.70301,0.973204,0.030173,0.018824
PFE,2026-06-30,0.727817,0.235267,-0.016496,0.10882,0.020088,-0.002911,-0.001233,0.00898,8.3e-05,-635.697482,10.486429,1.850604,522.029721,128.197419,13.950444,694.473436,-0.001573,0.741801,0.314193,38.030562,0.02099,1.266863,0.962231,0.074747,1.203683,781.696409,-3.366935,0.035453,0.016562
PFG,2024-12-31,,,0.19053,,0.303472,0.081668,0.002887,,,27.826036,5.301703,2.272486,17.470143,,5.076514,16.7281,0.035938,0.370544,0.013097,,,,,0.01515,0.204285,,1.611442,0.003556,
PFG,2025-03-31,,,0.013014,,0.259991,0.004288,0.000154,,,523.777405,6.81666,2.246068,26.21885,,6.527123,25.105206,0.001909,0.387829,0.013898,,,,,0.011808,0.159867,,20.318087,0.004437,
PFG,2025-06-30,,,0.110642,,0.214829,0.035584,0.001257,,,62.022878,6.862336,2.207011,31.943316,,6.570858,30.586526,0.016123,0.345773,0.012216,,,,,0.011363,0.158754,,1.998769,0.006319,
PFG,2025-09-30,,,0.058073,,0.266134,0.018328,0.000639,,,117.837667,6.843137,2.159675,25.713098,,6.552475,24.620936,0.008486,0.337542,0.011772,,,,,0.011007,0.159866,,4.695042,0.006519,
PFG,2025-12-31,,,0.112963,,0.373479,0.043504,0.001514,,,48.730548,5.504773,2.119985,14.739187,,5.270958,14.113141,0.020521,0.332719,0.011583,,,,,0.013407,0.199903,,3.372727,0.007516,
PFG,2026-03-31,,,0.120314,,0.043439,0.035936,0.001276,,,59.335123,7.138844,2.132294,164.342421,,6.835622,157.361988,0.016853,0.333965,0.01186,,,,,0.010607,0.157632,,0.44065,0.009578,
PFG,2026-06-30,,,0.103282,,0.514568,0.033221,0.001144,,,62.453379,6.450329,2.074784,12.535423,,6.176351,12.002982,0.016012,0.357463,0.012305,,,,,0.011072,0.174478,,5.149727,0.017308,
PG,2024-12-31,0.523901,0.262362,0.211589,0.310346,0.178229,0.090486,0.037753,0.053783,0.068492,73.437582,15.538616,6.645091,87.183591,53.945335,16.741741,93.934043,0.013617,0.677904,0.282838,3.601384,25.354167,0.758706,0.550996,0.178426,3.510106,-157.905011,1.042117,0.042272,0.006215
PG,2025-03-31,0.50981,0.230481,0.190585,0.281553,0.143912,0.072104,0.030646,0.043315,0.054972,90.213851,17.193366,6.504745,119.471541,65.794319,18.524614,128.721984,0.011085,0.653141,0.277605,4.494432,22.479263,0.713472,0.497401,0.160801,3.221372,-154.476359,0.983019,0.043436,0.00622
PG,2025-06-30,0.491072,0.208435,0.173058,0.26119,0.190962,0.069503,0.028867,0.040728,0.053077,94.056986,16.277275,6.537261,85.238407,67.144935,17.537592,91.838247,0.010632,0.681823,0.283181,4.57313,22.325472,0.704199,0.494786,0.166804,3.377365,-155.471921,1.378976,0.047681,0.005362
PG,2025-09-30,0.513669,0.261592,0.212186,0.312338,0.187975,0.089168,0.037226,0.052461,0.069539,71.582317,15.188779,6.38288,80.802283,52.39456,16.364816,87.058642,0.01397,0.674789,0.281711,3.543335,31.629442,0.713725,0.507172,0.17544,3.450902,-154.42757,1.138526,0.053605,0.005405
PG,2025-12-31,0.512158,0.241625,0.194479,0.290121,0.171335,0.081428,0.033931,0.048216,0.062272,78.725632,15.310519,6.410437,89.360317,56.859036,16.495982,96.279308,0.012702,0.690768,0.287848,4.006519,25.640909,0.724488,0.511485,0.174473,3.536869,-144.626742,1.151192,0.052549,0.006349
PG,2026-03-31,0.495079,0.21554,0.185166,0.282411,0.142501,0.07214,0.030628,0.039922,0.057819,86.47406,16.012056,6.238253,112.36484,61.087672,17.251837,121.065025,0.011564,0.679314,0.288414,4.122061,23.372197,0.731973,0.526586,0.16541,3.358905,-135.654203,1.028739,0.047987,0.006216
PG,2026-06-30,0.485003,0.186286,0.143558,0.234909,0.193737,0.056286,0.024059,0.035378,0.047468,111.700396,16.035465,6.287162,82.769232,73.548036,17.277059,89.177889,0.008953,0.647658,0.276839,4.85786,17.665254,0.677314,0.46617,0.167593,3.501321,-167.698686,1.685611,0.048246,0.006131
PGR,2024-12-31,,,0.11627,,0.142944,0.092083,0.022285,,,52.579583,6.113452,4.841694,42.768212,,6.431128,44.990594,0.019019,0.269353,0.065185,,43.459227,,,0.191663,1.059235,,1.276172,0.005437,0.001786
PGR,2025-03-31,,,0.125821,,0.249191,0.088658,0.023041,,,48.267934,6.07312,4.279332,24.371319,,6.3887,25.637736,0.020718,0.238102,0.06188,,47.228571,,,0.183127,0.959643,,2.003506,0.002892,0.000784
PGR,2025-06-30,,,0.144351,,0.179041,0.097381,0.027494,,,39.024815,5.633271,3.800263,31.463633,,5.925994,33.09859,0.025625,0.211477,0.059707,,58.710145,,,0.190466,1.067563,,1.272441,0.004637,0.001455
PGR,2025-09-30,,,0.116212,,0.227935,0.073776,0.021516,,,47.381945,5.506346,3.495663,24.157494,,5.792474,25.412799,0.021105,0.194555,0.056741,,48.471429,,,0.185148,1.090953,,1.986616,0.002933,0.001867
PGR,2025-12-31,,,0.129783,,0.134093,0.097319,0.023984,,,41.987051,5.449195,4.086132,40.637516,,5.732353,42.74918,0.023817,0.227451,0.056055,,54.362319,,,0.184803,1.169349,,1.074212,0.005321,0.001847
PGR,2026-03-31,,,0.127051,,0.194049,0.087955,0.023059,,,43.968697,5.586284,3.86728,28.788055,,5.876567,30.28398,0.022743,0.261744,0.06862,,51.942857,,,0.181492,1.026044,,1.549681,0.00284,0.000721
PGR,2026-06-30,,,0.140303,,0.146998,0.096438,0.026504,,,37.421863,5.250383,3.608883,35.717436,,5.523211,37.573436,0.026722,0.244284,0.067136,,48.829545,,,0.188905,1.122426,,1.089399,0.005848,0.001525
PH,2024-12-31,0.362851,0.197976,0.200084,0.31478,0.171621,0.07234,0.033567,0.034488,0.056856,125.386838,25.087942,9.070521,146.181953,85.178721,26.81253,156.230749,0.007975,0.689195,0.319801,5.790847,12.544554,1.060323,0.591499,0.167766,1.939207,310.463526,0.985248,0.025511,0.006325
PH,2025-03-31,0.368952,0.209073,0.19375,0.264718,0.109274,0.071765,0.033232,0.044044,0.046817,123.821134,23.990345,8.885994,219.542638,96.855925,25.639482,234.634372,0.008076,0.699943,0.324123,6.827249,11.364583,1.207085,0.704358,0.171521,1.738623,308.07582,0.655567,0.017742,0.004839
PH,2025-06-30,0.37344,0.213336,0.176075,0.266951,0.254887,0.067473,0.0313,0.041995,0.049432,128.894843,22.695104,8.696982,89.039825,90.860191,24.255204,95.160574,0.007758,0.678629,0.31481,6.300178,11.801624,1.194363,0.706479,0.177767,1.801744,281.801326,1.589345,0.024956,0.005576
PH,2025-09-30,0.375098,0.203383,0.15893,0.270063,0.13631,0.058648,0.026339,0.03332,0.047745,147.267462,23.405214,8.637012,171.705786,92.623328,25.014129,183.509134,0.00679,0.750018,0.336832,7.181355,11.29703,1.066086,0.611595,0.165727,1.769579,313.224738,0.967822,0.017506,0.015736
PH,2025-12-31,0.373212,0.211442,0.163317,0.271164,0.148434,0.059045,0.027695,0.03593,0.047902,140.819065,22.998088,8.314731,154.937643,90.642787,24.579016,165.58832,0.007101,0.689679,0.32349,6.730577,11.037736,1.181893,0.663983,0.169578,1.876678,318.072674,1.020118,0.018168,0.005412
PH,2026-03-31,0.367663,0.206526,0.164783,0.264856,0.160591,0.06188,0.029466,0.037837,0.050873,131.62844,21.69014,8.145124,135.064824,87.523627,23.181157,144.349409,0.007597,0.655897,0.312331,6.267034,12.30303,1.129286,0.657414,0.178819,1.735527,303.217969,1.088496,0.018775,0.006744
PH,2026-06-30,0.390443,0.238575,0.189574,0.29053,0.27159,0.070826,0.035334,0.046769,0.057907,109.067012,20.676301,7.724754,76.130588,76.059707,22.097625,81.363935,0.009169,0.553103,0.275934,4.796053,15.105263,1.262303,0.742946,0.186385,1.815457,276.694076,1.591201,0.030061,0.005908
PHM,2024-12-31,0.275246,0.234989,0.18555,0.245244,0.110352,0.075338,0.052595,0.062593,0.074544,24.458472,4.53827,1.842641,41.125384,19.158082,4.698411,42.576564,0.040886,0.185986,0.12984,0.440884,9313.818898,11.081974,2.615403,0.283452,19.821327,1251.468783,0.621535,0.004974,0.003138
PHM,2025-03-31,0.274263,0.172609,0.134304,0.18135,0.026877,0.042501,0.030156,0.035929,0.047347,42.724699,5.738104,1.815826,213.496493,32.757559,5.940583,221.03008,0.023406,0.166859,0.118393,1.157133,5364.283465,5.047002,0.650857,0.224534,,,0.256749,0.007606,0.004657
PHM,2025-06-30,0.272087,0.182901,0.138174,0.189008,0.057445,0.048389,0.034597,0.041316,0.053264,36.708388,5.072133,1.776265,88.295708,27.782548,5.251112,91.411372,0.027242,0.168702,0.120619,1.065984,5725.510638,6.196049,0.760443,0.250387,,,0.472495,0.007841,0.002917
PHM,2025-09-30,0.264324,0.172836,0.132999,0.180211,0.147822,0.045675,0.032818,0.039108,0.05005,38.127576,5.070931,1.741491,34.304313,29.131788,5.249867,35.514799,0.026228,0.158082,0.113583,0.725667,4517.4,6.109523,0.784001,0.246754,,,1.157988,0.006189,0.002781
PHM,2025-12-31,0.247789,0.160475,0.108793,0.150163,0.160454,0.038629,0.027793,0.037391,0.039305,44.529031,4.844427,1.720113,30.192035,33.399497,5.01537,31.257413,0.022457,0.176866,0.127251,0.263686,3924.586826,12.643377,3.248551,0.255465,18.274284,1310.171553,1.537289,0.006792,0.002516
PHM,2026-03-31,0.241188,0.129192,0.101801,0.13909,0.039417,0.026786,0.01907,0.022326,0.028659,64.370858,6.553017,1.724268,166.24934,48.77601,6.784251,172.115731,0.015535,0.175683,0.125073,0.988831,2741.219512,6.238464,0.937605,0.187326,,,0.460383,0.007451,0.005678
PHM,2026-06-30,0.250447,0.153942,0.118506,0.162679,-0.003226,0.03627,0.025844,0.030365,0.039473,47.322644,5.608002,1.716374,-1738.243586,35.689319,5.80589,-1799.580469,0.021132,0.176597,0.125837,1.485429,5873.066038,6.277851,0.773392,0.218087,,,0.036125,0.007507,0.003729
PKG,2024-12-31,0.218862,0.150366,0.103024,0.204697,0.057826,0.050204,0.025031,0.035573,0.038728,93.80104,9.663767,4.709221,167.118533,55.59741,11.380617,196.808559,0.010661,0.629314,0.313759,4.072843,25.923077,3.227835,2.104732,0.242958,1.875962,345.801081,1.471732,0.093798,0.004287
PKG,2025-03-31,0.212377,0.136992,0.095189,0.195376,0.089211,0.045297,0.022721,0.032054,0.035204,101.763542,9.686787,4.609577,108.583298,58.388578,11.407726,127.874043,0.009827,0.622889,0.312437,4.119053,21.728682,3.277265,2.145381,0.23869,1.839189,341.249237,1.663886,0.069173,0.008314
PKG,2025-06-30,0.222447,0.151891,0.111224,0.218441,0.059826,0.052136,0.026711,0.034954,0.041207,85.877474,9.55161,4.477323,159.656735,51.494713,11.248534,188.02111,0.011644,0.606809,0.310888,3.557453,25.473282,3.538282,2.32439,0.240156,1.816835,342.289518,1.24058,0.078156,0.004744
PKG,2025-09-30,0.217991,0.151292,0.098081,0.206233,0.121077,0.047713,0.020665,0.029834,0.032869,91.403305,8.964904,4.361142,74.042877,51.192501,10.557596,87.197223,0.010941,0.916181,0.396803,6.984699,16.813472,3.157923,2.004786,0.210692,1.710715,359.21177,2.081093,0.083038,0.003674
PKG,2025-12-31,0.18933,0.119394,0.04307,0.165003,0.053985,0.02214,0.009491,0.024937,0.017342,203.727013,8.774501,4.510528,162.534561,62.625493,10.333365,191.410205,0.004909,0.949304,0.406965,8.816154,4.967552,3.165895,1.941188,0.220372,1.882147,340.948516,4.387033,0.134964,0.003639
PKG,2026-03-31,0.191275,0.115128,0.072177,0.201706,0.069516,0.037251,0.015857,0.024773,0.025975,121.354066,8.758937,4.520557,125.998845,51.138907,10.315036,148.38361,0.00824,0.951851,0.405172,7.476968,7.742331,3.0706,1.884438,0.21969,1.772438,339.625221,1.926858,0.069558,0.006462
PKG,2026-06-30,0.205832,0.133821,0.077152,0.1882,0.068316,0.041206,0.017439,0.028634,0.02967,107.96153,8.329415,4.448703,121.924808,52.121089,9.809206,143.585786,0.009263,0.944744,0.399828,7.524755,8.777778,2.94149,1.856861,0.226036,1.737786,329.187498,1.957314,0.082694,0.006828
PLD,2024-12-31,0.763872,0.41541,0.581126,1.040961,0.606845,0.023704,0.013415,0.010129,0.017633,102.495596,59.562874,2.429547,98.151711,72.289928,75.250974,124.003618,0.009757,0.583761,0.330378,12.904161,7.960905,0.916959,,0.023085,5.400835,,1.044257,,0.030648
PLD,2025-03-31,0.743374,0.38051,0.277124,0.732339,0.542493,0.01109,0.006177,0.0089,0.00975,221.057656,61.260431,2.451536,112.923939,105.682755,77.395646,142.666662,0.004524,0.603399,0.336086,20.160641,3.943547,0.565231,,0.02229,,,1.95758,,0.024845
PLD,2025-06-30,0.746835,0.391594,0.261567,0.711946,0.568586,0.010833,0.005846,0.009438,0.009392,229.464541,60.02045,2.485878,105.560929,106.509636,75.82907,133.36433,0.004358,0.657453,0.354765,21.610854,3.563701,0.614196,,0.022349,,,2.173764,,0.02014
PLD,2025-09-30,0.749804,0.403179,0.345215,0.804952,0.653932,0.01452,0.007772,0.009525,0.01178,171.50678,59.206796,2.490272,90.53966,92.926171,74.80111,114.38665,0.005831,0.670705,0.358984,19.144544,4.390953,0.74549,,0.022512,,,1.894272,,0.020105
PLD,2025-12-31,0.743076,0.378369,0.621377,1.093756,0.514152,0.026315,0.014179,0.009157,0.018691,93.6408,58.186222,2.464166,113.169337,67.210336,73.51173,142.976695,0.010679,0.670773,0.361416,13.755095,7.796299,0.908561,,0.022818,3.746129,,0.82744,,0.019449
PLD,2026-03-31,0.737927,0.359935,0.427369,0.904501,0.560614,0.018354,0.010007,0.008974,0.014044,133.482693,57.046389,2.449878,101.756958,79.681178,72.07168,128.558441,0.007492,0.647989,0.35329,16.26742,5.302307,0.608947,,0.023414,,,1.31178,,0.026388
PLD,2026-06-30,0.741718,0.395675,0.437935,0.906205,0.555309,0.019771,0.010516,0.009716,0.015397,123.402289,54.042216,2.43974,97.319202,75.343071,68.276245,122.951837,0.008104,0.678299,0.36077,15.77695,5.459204,0.743818,,0.024012,,,1.268016,,0.022737
PLTR,2024-12-31,0.789089,0.013345,0.095477,0.021811,0.55252,0.015791,0.01246,0.002108,0.002066,5402.91976,515.854364,85.319973,933.638847,23147.669949,504.873356,913.764449,0.000185,0.047812,0.037726,,,5.958014,,0.130505,1.439043,,5.82626,0.003753,0.340534
PLTR,2025-03-31,0.8043,0.199182,0.242156,0.206674,0.344037,0.039459,0.03177,0.031643,0.030514,1994.474106,482.974342,78.699685,1403.843367,2287.14236,472.693253,1373.959711,0.000501,0.045094,0.036307,,,6.494025,,0.131196,1.218766,,1.449617,0.006997,0.175752
PLTR,2025-06-30,0.807777,0.268325,0.325524,0.274831,0.529659,0.055108,0.044358,0.044933,0.042912,1306.53202,425.306928,71.999733,802.982763,1514.579803,416.253406,785.889644,0.000765,0.040111,0.032286,,,6.32355,,0.136267,1.342767,,1.650464,0.007606,0.159382
PLTR,2025-09-30,0.824479,0.33296,0.402677,0.338019,0.424075,0.072165,0.058615,0.059204,0.056718,897.561364,361.427634,64.772335,852.272212,1046.492619,353.733913,834.129867,0.001114,0.035724,0.029016,,,6.426751,,0.145563,1.174153,,1.06742,0.005751,0.145897
PLTR,2025-12-31,0.846484,0.409009,0.432666,0.413997,0.543092,0.082395,0.068388,0.076665,0.074486,701.324329,303.439494,57.785813,558.725702,717.348363,296.980168,546.832091,0.001426,0.031045,0.025767,,,7.109824,,0.158061,1.350014,,1.277026,0.009434,0.139611
PLTR,2026-03-31,0.867818,0.461844,0.533221,0.465987,0.546229,0.103025,0.085353,0.088009,0.085524,490.368808,261.474784,50.520274,478.690873,549.175361,255.908762,468.500965,0.002039,0.025087,0.020784,,,6.906765,,0.16007,1.161495,,1.032897,0.004533,0.12348
PLTR,2026-06-30,0.846616,0.471207,0.548649,0.475454,0.62084,0.108642,0.090926,0.09198,0.089915,401.999536,220.556563,43.674116,355.255217,454.011518,215.861569,347.692889,0.002488,0.021628,0.018102,,,7.228212,,0.165728,1.303124,,1.145285,0.00752,0.137026
PM,2024-12-31,0.647332,0.335772,-0.059654,0.447146,0.38368,0.049277,-0.009371,0.067308,0.099385,-507.747234,30.289063,-25.020055,78.943515,78.121585,34.931762,91.043952,-0.001969,-3.888936,0.739593,9.557373,4.08351,0.880209,0.467685,0.157096,2.561626,729.068121,-6.911917,0.028642,
PM,2025-03-31,0.674121,0.381034,0.289216,0.431351,-0.081067,-0.246766,0.041334,0.07328,0.09548,109.288345,31.607961,-26.968686,-389.901391,84.508394,36.45282,-449.665355,0.00915,-4.548115,0.761828,11.250249,14.655602,0.790259,0.429701,0.142919,1.905943,959.559737,-0.130112,0.043436,
PM,2025-06-30,0.67712,0.370118,0.299704,0.413314,0.301381,-0.25397,0.044361,0.076928,0.091704,96.737627,28.992668,-24.568415,96.199492,80.898993,33.436655,110.944921,0.010337,-4.300685,0.751204,11.291816,13.361011,0.830041,0.448913,0.148016,2.030437,944.324471,1.122738,0.035108,
PM,2025-09-30,0.678469,0.393084,0.320701,0.438359,0.377778,-0.318673,0.051863,0.088501,0.105324,84.527214,27.107944,-26.936563,71.756321,71.318401,31.263041,82.755108,0.011831,-4.588785,0.746813,9.685528,18.473913,0.848273,0.464014,0.161718,2.261259,819.712441,1.282921,0.033656,
PM,2025-12-31,0.656437,0.325516,0.20662,0.434858,0.4116,-0.214229,0.030946,0.068209,0.091069,137.312307,28.371516,-29.416215,68.929812,75.243604,32.720293,79.495352,0.007283,-4.886432,0.705861,9.756547,4.749702,0.958155,0.506745,0.149772,2.266404,886.024184,2.19944,0.042849,
PM,2026-03-31,0.680564,0.383698,0.240292,0.434457,-0.074118,-0.262744,0.035378,0.07439,0.091307,120.584762,28.975522,-31.682902,-390.938363,76.916442,33.416881,-450.861274,0.008293,-5.598448,0.75382,10.548548,16.447257,0.976356,0.541911,0.147229,1.981641,1024.895843,-0.163659,0.034792,
PM,2026-06-30,0.684328,0.404753,0.251698,0.451036,0.456755,-0.328207,0.041262,0.0869,0.108677,104.361253,26.267481,-34.252085,57.50893,67.164754,30.293752,66.323881,0.009582,-5.722125,0.719383,8.540808,18.662551,0.979806,0.548941,0.163935,2.161035,945.494101,1.949592,0.033953,
PNC,2024-12-31,,,0.289516,,0.323683,0.029582,0.002875,,,57.777453,16.727513,1.709172,51.678722,,31.191998,96.365946,0.017308,1.133174,0.110123,,,,,0.00993,,,1.118012,,
PNC,2025-03-31,,,0.271893,,-0.093446,0.026257,0.00267,,,62.810061,17.077602,1.649175,-182.753831,,31.844814,-340.783305,0.015921,1.076536,0.109464,,,,,0.009819,,,-0.343687,,
PNC,2025-06-30,,,0.287354,,0.261392,0.028243,0.00291,,,57.173755,16.429124,1.614764,62.8525,,30.635589,117.201826,0.017491,1.0489,0.108072,,,,,0.010127,,,0.90965,,
PNC,2025-09-30,,,0.306441,,0.450169,0.030649,0.003179,,,51.450055,15.76639,1.576906,35.02323,,29.39978,65.308246,0.019436,1.056857,0.109613,,,,,0.010373,,,1.469027,,
PNC,2025-12-31,,,0.332894,,0.124753,0.033342,0.003522,,,46.050347,15.329878,1.535392,122.882034,,28.585811,229.139633,0.021715,0.942494,0.099553,,,,,0.010579,,,0.374752,,
PNC,2026-03-31,,,0.285854,,0.31314,0.027661,0.002919,,,52.853239,15.108283,1.461985,48.24777,,28.172601,89.968207,0.01892,1.047763,0.110552,,,,,0.01021,,,1.095455,,
PNC,2026-06-30,,,0.317312,,0.333956,0.031871,0.003312,,,45.598873,14.469078,1.453282,43.326362,,26.980666,80.791198,0.02193,1.339254,0.139153,,,,,0.010436,,,1.052451,,
PNR,2024-12-31,0.388118,0.212458,0.171035,0.234865,0.065577,0.046704,0.025812,0.035795,0.035955,53.634806,9.173432,2.504935,139.887645,46.388858,10.895112,166.141913,0.018645,0.495972,0.274118,6.692779,13.131579,1.604402,0.921908,0.150919,1.721338,419.345764,0.519832,0.023332,0.013773
PNR,2025-03-31,0.399149,0.220408,0.153306,0.229216,-0.055127,0.04263,0.022958,0.034485,0.034724,57.616732,8.832969,2.456195,-160.230372,45.767936,10.49075,-190.302587,0.017356,0.537704,0.289572,7.319085,10.284264,1.892298,1.219349,0.149751,1.215592,491.152245,-0.25113,0.016627,0.01247
PNR,2025-06-30,0.406553,0.193838,0.132223,0.195263,0.530407,0.040439,0.022918,0.036962,0.034685,60.099877,7.946605,2.430377,14.982091,48.334948,9.438032,17.793947,0.016639,0.410844,0.232842,5.723666,10.636872,1.446622,0.838097,0.173331,2.082901,333.339175,4.084848,0.009705,0.007657
PNR,2025-09-30,0.409589,0.231311,0.180333,0.254697,0.175049,0.048726,0.027265,0.037493,0.040042,48.425566,8.732712,2.359568,49.887265,40.721683,10.371677,59.250163,0.02065,0.447573,0.250444,5.577027,16.048611,1.462356,0.815017,0.151192,1.959356,386.448956,1.065111,0.017025,0.005969
PNR,2025-12-31,0.403528,0.211661,0.162763,0.227732,0.026556,0.042929,0.024182,0.034411,0.034148,53.731678,8.745548,2.306635,329.329585,45.610388,10.386922,391.138527,0.018611,0.456399,0.25709,6.613597,11.597701,1.607214,0.947774,0.14857,1.515894,439.322301,0.30584,0.023224,0.009505
PNR,2026-03-31,0.418057,0.234301,0.166297,0.231311,-0.082859,0.045248,0.024378,0.035837,0.034162,51.768166,8.608886,2.342414,-103.897925,44.202894,10.224611,-123.397603,0.019317,0.546337,0.294344,7.825688,10.422886,1.87653,1.193188,0.146592,1.134617,508.943614,-0.390951,0.017845,0.015144
PNR,2026-06-30,0.423547,0.178533,0.137894,0.211023,0.592859,0.0343,0.019159,0.027218,0.028924,69.399936,9.569839,2.380399,16.141855,53.861047,11.365917,19.171377,0.014409,0.470675,0.262909,7.694106,8.572165,1.450919,0.759011,0.138941,1.932049,426.209351,4.446345,0.020266,0.004075
PNW,2024-12-31,0.339608,0.077175,-0.006232,0.307672,-0.084107,-0.001011,-0.000262,0.005204,0.003974,-1672.475636,10.423505,1.690475,-123.930786,82.944626,25.519711,-303.417873,-0.000598,1.635747,0.423263,27.960039,0.973347,0.594066,0.417738,0.041965,2.084078,183.218483,-64.375568,0.485321,0.006018
PNW,2025-03-31,0.34109,0.055433,-0.004499,0.328371,-0.213757,-0.000689,-0.000171,0.00018,0.00367,-2458.654429,11.060944,1.694439,-51.745429,82.468693,27.080342,-126.687553,-0.000407,1.800451,0.445445,28.677633,0.931243,0.501681,0.342524,0.037901,2.396605,101.305144,-86.540698,0.603084,0.006936
PNW,2025-06-30,0.438004,0.226349,0.141721,0.423499,-0.329777,0.028626,0.006587,0.015369,0.012936,59.294526,8.403299,1.697391,-25.481753,48.580184,20.573671,-62.386591,0.016865,2.081904,0.47903,17.800881,3.274125,0.521675,0.367925,0.046477,2.385213,85.282906,1.357632,0.522183,0.003824
PNW,2025-09-30,0.475166,0.319565,0.226945,0.46466,0.023043,0.057646,0.013823,0.027786,0.022528,27.632551,6.271068,1.592909,272.14852,33.042123,15.353362,666.297116,0.036189,1.987524,0.476588,12.350772,5.455108,0.674648,0.492994,0.060909,2.339992,156.659114,1.609332,0.342187,0.004886
PNW,2025-12-31,0.362589,0.107262,0.013653,0.327545,-0.17084,0.002186,0.000513,0.006872,0.004896,741.283592,10.120834,1.620387,-59.241611,75.649809,24.778686,-145.040343,0.001349,2.029336,0.476153,28.566611,1.154389,0.538973,0.360186,0.037566,1.945682,129.198379,30.95371,0.593455,0.0055
PNW,2026-03-31,0.379409,0.114104,0.028636,0.358404,-0.341915,0.004658,0.001073,0.007028,0.005436,346.840558,9.932169,1.615413,-29.048608,67.847424,24.316778,-71.119269,0.002883,2.142466,0.493417,26.671924,1.313065,0.599053,0.390147,0.037458,2.281653,140.277197,7.147509,0.546592,0.007178
PNW,2026-06-30,0.421683,0.209976,0.122668,0.406441,-0.22991,0.025385,0.005482,0.014157,0.011445,63.93983,7.843379,1.623083,-34.115023,47.246289,19.202827,-83.523296,0.01564,2.34625,0.506657,19.200177,2.73544,0.594068,0.408621,0.044687,1.877056,187.376144,2.206234,0.500544,0.003164
PODD,2024-12-31,0.721172,0.182929,0.168536,0.23682,0.153473,0.083113,0.032613,0.03816,0.046888,96.834169,16.320001,8.048201,106.338067,71.835337,17.01205,110.84733,0.010327,1.138907,0.446902,3.014841,13.793103,3.579296,2.764762,0.19351,1.679314,1116.924457,1.466733,0.093724,0.033473
PODD,2025-03-31,0.718805,0.155888,0.062214,0.139016,0.084534,0.026603,0.010065,0.021588,0.019153,275.457649,17.137435,7.327873,202.727667,128.504427,17.864148,211.324328,0.00363,1.274066,0.482017,5.212389,6.23913,4.474251,3.62721,0.161772,1.450051,1126.436991,1.80226,0.027592,0.031986
PODD,2025-06-30,0.696657,0.186566,0.034663,0.108304,0.266985,0.015387,0.006486,0.033523,0.019519,433.386701,15.022648,6.6684,56.267748,144.590329,15.659683,58.65378,0.002307,0.957191,0.403465,3.957326,2.44898,2.256905,1.814375,0.187104,1.507081,892.664816,8.733333,0.035742,0.011554
PODD,2025-09-30,0.722214,0.166643,0.124027,0.227099,0.133937,0.063281,0.028918,0.034997,0.058112,111.315077,13.806033,7.044138,103.078232,63.370949,14.391477,107.449262,0.008984,0.733078,0.334995,1.604115,8.871795,2.870774,2.18172,0.233156,1.558817,974.755894,1.434932,0.044032,0.023644
PODD,2025-12-31,0.72544,0.186655,0.129625,0.229013,0.043251,0.067049,0.031846,0.043061,0.061785,95.976386,12.44093,6.435162,287.64604,56.627856,12.968487,299.843663,0.010419,0.626411,0.297518,1.298607,10.409396,2.814292,2.148802,0.245675,1.532955,878.548291,1.804134,0.19061,0.025899
PODD,2026-03-31,0.69463,0.160431,0.119601,0.202048,0.112905,0.069937,0.030497,0.043772,0.055529,107.038428,12.801892,7.485952,113.386055,66.047434,13.344755,118.194188,0.009342,0.727852,0.317388,3.038986,8.687075,2.486545,1.813818,0.254988,1.405091,750.253049,1.249177,0.036497,0.027964
PODD,2026-06-30,0.701759,0.161781,0.118498,0.198204,0.06374,0.066798,0.030015,0.043788,0.054608,102.644219,12.163154,6.85642,190.825847,63.969164,12.678932,198.917811,0.009742,0.666854,0.299643,2.602266,9.792593,2.484682,1.833244,0.253294,1.381289,816.096667,0.930526,0.046526,0.024448
POOL,2024-12-31,0.293923,0.061419,0.037773,0.073692,0.159033,0.02929,0.011074,0.020243,0.024029,163.64054,6.181187,4.793058,38.867259,106.69274,7.862369,49.438519,0.006111,0.998789,0.377629,11.989913,5.813842,2.048262,0.520992,0.293178,31.37643,411.617626,4.572842,0.013696,0.004919
POOL,2025-03-31,0.291518,0.072362,0.049971,0.083549,0.012999,0.043227,0.014423,0.027603,0.030352,113.99369,5.696355,4.927615,438.20749,86.723529,7.24567,557.392775,0.008772,1.087501,0.362854,10.650053,6.94536,1.794393,0.532811,0.28863,7.328728,324.104636,0.508432,0.012408,0.005651
POOL,2025-06-30,0.299889,0.152797,0.108857,0.159593,-0.024019,0.149531,0.052903,0.08042,0.095207,31.421059,3.420392,4.698412,-142.402355,27.261065,4.350683,-181.133471,0.031826,1.195714,0.423037,4.024768,,2.516139,0.869773,0.485989,10.373486,269.168233,-0.148092,0.007898,0.003864
POOL,2025-09-30,0.295758,0.122654,0.087527,0.131557,0.183687,0.092046,0.036282,0.055769,0.063997,48.056436,4.206231,4.42339,22.898895,40.668619,5.350257,29.127021,0.020809,1.007252,0.397037,4.889915,14.827308,2.569855,0.868965,0.414529,10.509959,308.489324,2.261871,0.014287,0.003056
POOL,2025-12-31,0.301102,0.052951,0.03216,0.067784,0.073198,0.026651,0.008711,0.016933,0.018941,193.231358,6.214352,5.149884,84.89752,116.613956,7.904554,107.98826,0.005175,1.295135,0.423325,16.439214,4.569006,2.237757,0.585256,0.27087,22.301138,442.826743,2.535995,0.00836,0.005445
POOL,2026-03-31,0.289865,0.072591,0.046774,0.084495,0.015068,0.04697,0.01331,0.026309,0.030075,114.670426,5.363547,5.386119,355.947756,80.742161,6.822345,452.759737,0.008721,1.40423,0.397903,12.305511,6.680414,1.871668,0.545671,0.284553,7.149856,348.976016,0.483571,0.00755,0.004808
POOL,2026-06-30,0.296643,0.146839,0.103179,0.154327,-0.029878,0.149277,0.050017,0.076384,0.089932,32.451617,3.348327,4.844287,-112.068156,27.597311,4.259017,-142.548866,0.030815,1.345372,0.450785,4.663415,,2.670985,0.912502,0.484763,9.546827,295.637283,-0.140827,0.015347,0.006584
PPG,2024-12-31,0.34873,0.175982,-0.12933,0.071594,0.06836,-0.041268,-0.014408,0.0,0.004647,-82.981413,10.732007,3.424436,156.991862,188.6632,13.507065,197.58646,-0.012051,0.94252,0.329079,29.322581,1.175439,1.307738,0.939569,0.111408,0.874041,109.809682,-1.235714,0.091455,0.004619
PPG,2025-03-31,0.418567,0.130565,0.101249,0.184311,-0.061618,0.053847,0.017644,0.025661,0.036463,62.291677,6.306948,3.354236,-102.355927,43.067446,7.937784,-128.82289,0.016054,1.134979,0.371902,8.0,9.964286,1.353606,0.991263,0.174267,1.074366,,-0.048257,0.056732,0.006243
PPG,2025-06-30,0.420262,0.154946,0.107271,0.189511,0.063409,0.05939,0.020363,0.033391,0.040399,51.632879,5.538688,3.06649,87.348855,36.783391,6.970869,109.935323,0.019368,1.048964,0.359654,7.259119,10.645161,1.421381,1.035404,0.189828,1.078129,,0.86,0.028844,0.003099
PPG,2025-09-30,0.405683,0.144047,0.110975,0.185938,0.131798,0.058077,0.020457,0.030648,0.037564,51.290939,5.692013,2.97882,43.187352,38.528058,7.16384,54.354639,0.019497,1.014615,0.357388,7.222661,9.553846,1.465253,1.076443,0.184339,1.097902,,1.512141,0.036012,-0.000245
PPG,2025-12-31,0.408278,0.114972,0.076648,0.148441,0.149719,0.037779,0.013576,0.023593,0.025991,77.449318,5.93633,2.925928,39.649822,50.331835,7.471333,49.902382,0.012912,0.994333,0.357317,8.855422,7.706897,1.624286,1.216939,0.17712,1.406396,67.415057,2.956667,0.076903,0.00281
PPG,2026-03-31,0.42112,0.133588,0.097201,0.180662,-0.041476,0.047137,0.017246,0.025642,0.033611,60.824072,5.912162,2.867077,-142.544758,41.187037,7.440915,-179.403657,0.016441,0.95385,0.348984,7.84507,9.47541,1.609126,1.172623,0.177427,1.069097,,0.086387,0.049873,0.002799
PPG,2026-06-30,0.402225,0.141491,0.097219,0.172191,0.099221,0.051759,0.019393,0.032229,0.036984,53.168868,5.169031,2.75196,52.095954,37.78139,6.505628,65.566807,0.018808,0.883454,0.331011,6.932817,9.014085,1.579843,1.15414,0.199476,1.149029,,1.279176,0.025139,0.00356
PPL,2024-12-31,0.362732,0.170511,0.080054,0.336499,-0.157847,0.012574,0.00431,0.010003,0.010732,141.750538,11.347736,1.782329,-71.890674,60.663769,20.413317,-129.323337,0.007055,1.193862,0.409214,22.177419,2.142857,0.864086,0.710771,0.053836,2.300728,-18.803136,2.887006,0.388964,
PPL,2025-03-31,0.444489,0.270767,0.165335,0.41853,-0.111821,0.028957,0.009902,0.017224,0.018588,60.603491,10.019906,1.754903,-89.60659,43.066645,18.024698,-161.192302,0.016501,1.208995,0.413428,16.195611,3.715789,0.808989,0.684609,0.059891,2.072848,13.135148,1.23913,0.316693,0.007588
PPL,2025-06-30,0.41037,0.200494,0.09037,0.386173,-0.161975,0.01281,0.00432,0.010069,0.011475,137.102979,12.390047,1.756254,-76.493431,57.715914,22.288318,-137.603184,0.007294,1.245765,0.420107,22.382353,2.155779,0.587184,0.485938,0.047801,2.029058,-13.007215,3.289617,0.459259,0.003457
PPL,2025-09-30,0.446628,0.254131,0.142028,0.430103,-0.079946,0.022063,0.007237,0.013612,0.015491,78.898884,11.205826,1.740779,-140.166733,46.867959,20.158037,-252.144383,0.012674,1.317283,0.432099,18.571132,2.895238,0.774249,0.664038,0.050957,2.234531,-34.326266,3.037736,0.511389,
PPL,2025-12-31,0.404573,0.209323,0.116974,0.397098,-0.270009,0.017875,0.005879,0.011277,0.013195,94.322726,11.033353,1.686032,-40.86294,49.982109,19.847777,-73.50789,0.010602,1.300316,0.427681,20.242525,2.569378,0.864716,0.743511,0.050261,2.052347,-93.883006,2.06015,0.510994,
PPL,2026-03-31,0.439077,0.268565,0.162942,0.422855,-0.180606,0.030095,0.009762,0.017055,0.018668,55.508507,9.044645,1.67054,-50.079531,38.477276,16.270312,-90.087514,0.018015,1.347493,0.437068,16.195226,3.5,1.003251,0.878802,0.059908,2.084147,-28.24567,1.232301,0.381399,0.008291
PPL,2026-06-30,0.44576,0.225012,0.108953,0.429654,-0.330649,0.015287,0.004967,0.010801,0.012102,109.086284,11.885289,1.667653,-35.945337,49.761681,21.380315,-64.661668,0.009167,1.350814,0.438932,22.040794,2.232759,0.905061,0.734344,0.045593,1.826125,-38.153079,2.534783,0.606821,0.00379
PRU,2024-12-31,,,-0.004508,,0.18363,-0.002045,-7.7e-05,,,-716.631561,3.230368,1.465557,17.591731,,4.856228,26.445736,-0.001395,0.773895,0.029324,,,,,0.01719,0.335589,,-40.736842,,
PRU,2025-03-31,,,0.052227,,-0.185122,0.023659,0.000956,,,57.776519,3.017507,1.366931,-16.300079,,4.536234,-24.50399,0.017308,0.749222,0.030286,,,,,0.018312,0.307785,,-3.544554,,
PRU,2025-06-30,,,0.038612,,0.084178,0.017429,0.000702,,,76.637897,2.959142,1.335688,35.153183,,4.448493,52.845954,0.013048,0.712249,0.0287,,,,,0.018188,0.312647,,2.180113,,
PRU,2025-09-30,,,0.079721,,0.239331,0.044588,0.001843,,,28.545073,2.275655,1.272761,9.50838,,3.421003,14.293994,0.035032,0.687075,0.028405,,,,,0.023122,0.399359,,3.002096,,
PRU,2025-12-31,,,0.057732,,0.211725,0.027899,0.00117,,,45.13591,2.605767,1.259264,12.307321,,3.917262,18.501657,0.022155,0.70775,0.029671,,,,,0.02026,0.35565,,3.667403,,
PRU,2026-03-31,,,0.038402,,0.06484,0.018671,0.00078,,,68.422109,2.627557,1.277498,40.523809,,3.950019,60.919641,0.014615,0.722783,0.030195,,,,,0.020311,0.359753,,1.688442,,
PRU,2026-06-30,,,0.062771,,0.149503,0.031194,0.001257,,,41.47005,2.60311,1.2936,17.411764,,3.913268,26.175191,0.024114,0.780156,0.03144,,,,,0.020027,0.354878,,2.381726,,
PSA,2024-12-31,0.736057,0.469851,0.521992,0.823842,0.565171,0.063279,0.031112,0.037594,0.035954,90.083909,47.023044,5.700448,83.201394,68.456858,56.397645,99.788579,0.011101,0.962979,0.473453,9.180917,9.55324,0.77755,,0.059602,,,1.250588,0.087625,0.01074
PSA,2025-03-31,0.719531,0.459301,0.344656,0.648201,0.546875,0.042628,0.020789,0.03699,0.025359,135.771023,46.794244,5.787656,85.566585,86.583075,56.123232,102.625299,0.007365,0.985188,0.480466,11.91406,6.724521,0.551695,,0.060319,,,1.728981,0.049028,0.008691
PSA,2025-06-30,0.735237,0.478019,0.29841,0.599017,0.680521,0.038242,0.017449,0.036801,0.021904,154.473399,46.096476,5.907329,67.737012,92.295101,55.286356,81.241189,0.006474,1.113932,0.508254,12.97566,6.092251,1.76786,,0.058472,,,2.434882,0.046073,0.008842
PSA,2025-09-30,0.729707,0.470099,0.41752,0.725187,0.652875,0.054881,0.025408,0.038139,0.030709,108.335374,45.232236,5.945605,69.281623,74.808046,54.249818,83.093737,0.009231,1.078467,0.499287,10.979837,7.495056,0.446214,,0.060854,,,1.712296,0.062044,0.007727
PSA,2025-12-31,0.72917,0.465279,0.417074,0.717279,0.52106,0.05483,0.025092,0.037334,0.029421,109.187401,45.539205,5.986747,87.397319,76.146089,54.617986,104.821011,0.009159,1.108752,0.507402,11.39344,7.101275,0.750875,,0.060162,,,1.446703,0.082322,0.007848
PSA,2026-03-31,0.720841,0.457178,0.432172,0.740457,0.513486,0.057053,0.026512,0.037237,0.03211,105.204336,45.466319,6.002186,88.544413,73.644466,54.53057,106.196791,0.009505,1.087586,0.505393,10.976846,7.635307,0.336535,,0.061346,,,1.320229,0.057079,0.009762
PSA,2026-06-30,0.720893,0.451503,0.405522,0.712309,0.651632,0.054401,0.024852,0.03686,0.030332,110.741262,44.907985,6.02443,68.91615,75.61457,53.860924,82.655402,0.00903,1.107715,0.506032,11.296253,6.964237,0.664773,,0.061283,,,1.737013,0.052764,0.010374
PSKY,2024-09-30,0.354925,0.113208,0.000149,0.063141,0.031793,,,,,11455.066112,1.701837,,53.528346,63.691923,4.021552,126.490969,8.7e-05,,,,1.574163,,,,,,265.0,0.007577,0.009805
PSKY,2024-12-31,0.287074,0.038953,-0.028056,0.024424,0.007014,-0.013725,-0.004851,0.010091,0.002737,-51.138688,1.434753,0.701904,204.554752,138.81573,3.390414,483.376201,-0.019555,0.952757,0.336763,60.717949,0.465116,1.302253,1.153878,0.172919,1.153757,346.881257,-0.75,0.014028,0.008768
PSKY,2025-03-31,0.310206,0.083426,0.021135,0.088849,0.017102,0.009191,0.003348,0.01354,0.015261,75.362277,1.592751,0.692651,93.130619,42.361608,3.763775,220.073718,0.013269,0.938868,0.342035,18.519562,2.539171,1.288528,1.175097,0.158428,1.052231,370.352019,1.184211,0.007925,0.006118
PSKY,2025-06-30,0.324865,0.107607,0.008322,0.069937,0.016645,0.003412,0.001269,0.016976,0.01083,200.966072,1.672517,0.685727,100.483036,56.511623,3.952266,237.447958,0.004976,0.928285,0.345168,24.582463,1.831776,1.387973,1.213975,0.152451,1.088698,390.281194,2.789474,0.00657,0.006278
PSKY,2025-09-30,,,,,,,,,,,,0.954191,,,,,,1.227239,0.341192,,,1.335694,1.15601,,,,,,
PSKY,2025-12-31,,,,,,,,,,,,0.979652,,,,,,1.266399,0.341655,,,1.256722,1.118879,,,,,,
PSKY,2026-03-31,0.339186,0.097863,0.022866,0.135021,0.013067,0.014353,0.003776,0.015989,0.018538,68.184917,1.559149,0.978647,119.323605,27.287366,3.68437,281.969451,0.014666,1.41777,0.373022,13.65121,2.647059,1.100162,1.004951,0.165146,1.072555,362.336776,1.10119,0.012114,0.010889
PSKY,2026-06-30,0.357298,0.095906,0.005931,0.120642,0.037321,0.003483,0.000923,0.01088,0.013901,279.391856,1.657033,0.97316,44.399481,32.456915,3.915676,104.918865,0.003579,1.376434,0.36482,16.221823,1.843137,1.039623,0.883491,0.15566,1.118971,420.174224,7.780488,0.008824,0.011717
PSX,2024-12-31,0.062699,-0.001247,0.000237,0.030845,0.020543,0.000292,0.00011,-0.0,0.003826,13688.4224,3.250924,3.995453,158.247658,121.893727,3.759762,183.016738,7.3e-05,0.731976,0.276405,17.636189,0.944206,1.187115,0.922317,0.464096,3.053113,46.614835,149.75,0.015022,
PSX,2025-03-31,0.065035,-0.012981,0.016004,0.054946,-0.007756,0.017856,0.006779,-0.006959,0.015468,224.861148,3.598665,4.01523,-464.014319,75.746162,4.161932,-536.6423,0.004447,0.689436,0.261742,10.355263,3.781116,1.22818,0.8761,0.423592,2.977204,52.230784,0.383984,0.013901,
PSX,2025-06-30,0.102932,0.035711,0.026318,0.066321,0.007742,0.031901,0.011548,0.019922,0.024779,124.865883,3.28624,3.98339,424.447206,57.306599,3.800606,490.882104,0.008009,0.761522,0.275671,8.996833,5.087591,1.070663,0.787046,0.438795,2.939055,59.866179,0.963512,0.017615,
PSX,2025-09-30,0.100536,0.027959,0.003853,0.037549,0.018456,0.004941,0.001747,0.016638,0.00808,823.363753,3.172747,4.068335,171.911113,97.7219,3.669349,198.818811,0.001215,0.808225,0.285814,15.362654,1.734317,1.226847,0.869163,0.453453,3.273736,66.757541,8.857143,0.015674,
PSX,2025-12-31,0.12176,0.047526,0.0852,0.13425,0.06069,0.099887,0.039441,0.028152,0.062316,37.6832,3.210607,3.764046,52.902116,27.65835,3.713134,61.182407,0.026537,0.677689,0.26759,4.062022,12.211039,1.296038,0.913552,0.462921,3.490738,58.62518,0.947006,0.019995,
PSX,2026-03-31,0.085003,0.003503,0.006361,0.034296,-0.087462,0.007256,0.002462,0.001725,0.009317,529.021156,3.365316,3.838593,-38.477646,113.483497,3.892058,-44.500205,0.00189,0.950785,0.322582,19.689964,1.872483,1.132487,0.854574,0.386994,2.732158,70.423319,-10.937198,0.017886,
PSX,2026-06-30,0.132441,0.083915,0.075425,0.115344,0.128088,0.122104,0.047024,0.064139,0.083491,28.465656,2.147035,3.475763,16.762189,21.527721,2.483091,19.385823,0.03513,0.652733,0.251375,2.798912,16.201835,1.319658,0.997003,0.623445,4.352991,33.310146,1.886925,0.014234,
PTC,2024-12-31,0.802174,0.204421,0.14551,0.263574,0.417006,0.02546,0.013535,0.021362,0.025521,179.308736,26.091285,4.565242,62.568068,107.424195,28.314216,67.898754,0.005577,0.5325,0.283091,9.047505,5.225054,0.694577,,0.09302,0.81336,,2.899467,0.004896,0.098829
PTC,2025-03-31,0.833017,0.357777,0.255582,0.406263,0.437643,0.048028,0.026393,0.037777,0.044826,90.657608,23.170496,4.354076,52.943853,61.892362,25.14458,57.454573,0.011031,0.462872,0.254364,4.464531,11.468683,0.988274,,0.103265,0.888005,,1.7296,0.004413,0.080947
PTC,2025-06-30,0.829137,0.325852,0.219475,0.381891,0.375877,0.040231,0.022689,0.03226,0.042396,104.331173,22.898072,4.197383,60.919084,65.068097,24.848947,66.109279,0.009585,0.401869,0.226635,4.205092,11.523582,0.888302,,0.103376,0.903505,,1.725971,0.00293,0.083909
PTC,2025-09-30,0.869211,0.497876,0.389119,0.536155,0.112424,0.090897,0.052559,0.071964,0.082728,42.395666,16.496977,3.853642,146.738943,33.390488,17.90249,159.240835,0.023587,0.35802,0.207017,2.113922,26.240139,1.117959,,0.135072,0.892826,,0.299115,0.003967,0.061323
PTC,2025-12-31,0.828315,0.322431,0.2428,0.370886,0.389901,0.043337,0.025908,0.035994,0.041636,88.548481,21.499531,3.837405,55.14097,62.906775,23.331252,59.838881,0.011293,0.359424,0.214875,3.884095,12.759849,1.219477,,0.106706,0.852655,,1.619915,0.003413,0.084376
PTC,2026-03-31,0.853264,0.382024,0.762909,1.027656,0.411011,0.153042,0.090362,0.046261,0.143297,24.960795,19.042824,3.820052,46.331673,20.109104,20.665238,50.279048,0.040063,0.357797,0.211259,0.953681,49.721229,1.234164,,0.118445,0.908121,,0.543261,0.003448,0.088595
PTC,2026-06-30,0.817375,0.277487,0.197951,0.333966,0.415548,0.034233,0.018236,0.026515,0.032502,124.136353,24.572853,4.24957,59.133648,79.847682,26.666416,64.171728,0.008056,0.463347,0.246822,5.348715,10.665842,1.025227,,0.092123,0.72812,,2.194216,0.018798,0.098962
PWR,2024-12-31,0.162261,0.06735,0.046559,0.104573,0.086219,0.041696,0.016331,0.028655,0.037349,313.72949,14.606894,13.08126,169.416035,148.729115,15.553072,180.390151,0.003187,0.612069,0.239723,4.991122,8.388861,1.302317,1.259158,0.350752,1.267357,165.94027,2.333557,0.022429,0.00606
PWR,2025-03-31,0.133803,0.03698,0.023143,0.072327,0.017717,0.019346,0.007539,0.015292,0.018493,663.569036,15.356973,12.837536,866.792912,226.081371,16.351738,922.940409,0.001507,0.636713,0.248125,8.679771,4.477114,1.308097,1.264144,0.325763,1.178386,179.481612,1.685855,0.021299,0.00612
PWR,2025-06-30,0.148763,0.054044,0.033848,0.087126,0.022938,0.029176,0.011525,0.021295,0.027181,417.557871,14.13333,12.182488,616.14257,172.724934,15.048832,656.053907,0.002395,0.649993,0.256765,7.17019,6.347908,1.368112,1.320112,0.340502,1.257431,160.037563,1.289906,0.020722,0.006507
PWR,2025-09-30,0.159398,0.066867,0.044477,0.101072,0.055173,0.040427,0.014924,0.026973,0.03403,282.025638,12.543575,11.401581,227.350253,132.144696,13.3561,242.077125,0.003546,0.716798,0.264603,6.507307,7.440186,1.344213,1.296841,0.335538,1.20065,164.618384,1.660173,0.018666,0.006146
PWR,2025-12-31,0.155196,0.06124,0.040226,0.095515,0.119099,0.035292,0.012655,0.024265,0.030556,303.455831,12.206807,10.709608,102.492628,136.078758,12.997516,109.131704,0.003295,0.718144,0.257511,7.416879,6.539275,1.136208,1.093716,0.314598,1.145296,183.038194,3.574465,0.024687,0.006736
PWR,2026-03-31,0.140617,0.042442,0.028017,0.075595,0.021798,0.024393,0.008569,0.020201,0.020145,433.881664,12.155902,10.583715,557.673081,171.218192,12.943315,593.796989,0.002305,0.698726,0.245456,9.284179,4.498929,1.135188,1.087565,0.305857,1.036434,219.007494,1.77561,0.027949,0.007954
PWR,2026-06-30,0.16168,0.07217,0.04723,0.100953,0.090456,0.046834,0.015954,0.032626,0.039484,212.071713,10.016236,9.932114,110.730318,105.643878,10.66505,117.903001,0.004715,0.685119,0.233394,5.802672,9.391295,1.098282,1.05477,0.337801,1.120095,186.56803,2.426872,0.024166,0.006632
PYPL,2024-12-31,0.470356,0.178221,0.133995,0.209897,0.261893,0.054905,0.014239,0.039127,0.045344,39.995277,5.359157,2.19595,20.463124,27.220789,5.713567,21.816388,0.025003,0.483861,0.125487,1.832005,15.536082,1.279534,,0.106269,0.216427,,2.135593,0.024265,0.033827
PYPL,2025-03-31,0.476961,0.204852,0.165191,0.250417,0.123733,0.063543,0.015835,0.040459,0.049232,34.836601,5.754679,2.213622,46.509031,24.500105,6.135247,49.584757,0.028705,0.563691,0.140475,2.033829,16.563107,1.300051,,0.095861,0.193387,,0.901321,0.025157,0.03196
PYPL,2025-06-30,0.463803,0.195463,0.152148,0.227075,0.083494,0.062423,0.015807,0.042418,0.047312,35.554881,5.409593,2.21943,64.790037,25.398356,5.767339,69.074719,0.028126,0.55918,0.141595,2.448459,14.412281,1.329168,,0.10389,0.207086,,0.712133,0.024855,0.034508
PYPL,2025-09-30,0.459903,0.188785,0.148271,0.224664,0.204111,0.061788,0.015639,0.0411,0.047194,35.925245,5.326685,2.21976,26.097035,25.277475,5.678948,27.822879,0.027836,0.558273,0.141301,1.20624,14.566372,1.339507,,0.105475,0.212331,,1.581731,0.030415,0.030533
PYPL,2025-12-31,0.464961,0.183379,0.165629,0.227294,0.25242,0.070942,0.017924,0.046464,0.051527,31.200213,5.16767,2.213404,20.472468,24.239202,5.509417,21.82635,0.032051,0.493039,0.124568,0.982759,15.657658,1.286717,,0.108216,0.222245,,1.659012,0.022361,0.024205
PYPL,2026-03-31,0.456124,0.186999,0.133246,0.208548,0.108105,0.055583,0.013818,0.042402,0.045702,40.282754,5.367497,2.239048,49.650837,27.439555,5.72246,52.934336,0.024825,0.469886,0.116815,1.396096,13.54955,1.25942,,0.103705,0.207044,,1.018868,0.027655,0.031007
PYPL,2026-06-30,0.449205,0.177378,0.12716,0.193734,0.204446,0.055701,0.013343,0.039068,0.041828,40.611146,5.164099,2.262094,25.258989,28.418374,5.50561,26.929412,0.024624,0.676085,0.161959,3.028537,11.396825,1.287981,,0.104935,0.214339,,1.796196,0.023958,0.031675
Q,2024-12-31,0.470481,0.205268,-0.04178,0.315168,0.199818,-0.004322,-0.003748,0.021233,0.021865,-545.988831,22.811522,2.359591,114.161301,83.482665,26.311067,131.674931,-0.001832,,,,0.892857,1.76758,1.056019,0.089709,1.898276,235.478717,-6.217391,0.059946,0.002725
Q,2025-03-31,0.474955,0.225403,0.17263,0.304114,0.092129,0.029123,0.014811,0.019138,0.020249,130.132053,22.464657,3.789873,243.839672,85.201426,25.910988,281.247426,0.007685,0.607364,0.308879,11.361765,,1.910431,1.188209,0.085795,1.283582,355.868131,1.072539,0.093023,0.003578
Q,2025-06-30,0.461538,0.211966,0.160684,0.296581,0.191453,0.026342,0.01375,0.017255,0.020033,133.593012,21.466228,3.519054,112.122706,83.482665,24.759389,129.323593,0.007485,0.563962,0.294376,9.694524,,2.398305,1.697034,0.08557,1.263499,349.713675,1.452128,0.04188,0.003419
Q,2025-09-30,0.450627,0.21395,0.165361,0.297806,0.188871,0.023128,0.016864,0.020638,0.024651,119.03074,19.682983,2.752985,104.213636,76.232855,22.702574,120.201182,0.008401,0.188754,0.137628,4.194737,20.428571,1.781319,1.07033,0.101982,1.591022,259.091256,1.43128,0.047806,0.003135
Q,2025-12-31,0.461345,0.202521,0.084034,0.282353,0.352941,0.014094,0.007107,0.012499,0.018877,251.154862,21.105451,3.539885,59.798777,86.215729,24.343265,68.972583,0.003982,0.567583,0.286212,9.261905,4.705882,1.945428,1.457965,0.084577,1.814024,190.391051,4.91,0.059664,0.006723
Q,2026-03-31,0.469962,0.227376,0.114829,0.286692,0.009886,0.021013,0.010737,0.019826,0.021797,166.327723,19.099229,3.495058,1931.960478,76.839482,22.029266,2228.34499,0.006012,0.559839,0.28607,8.397878,4.57377,2.123515,1.572447,0.093508,1.26564,286.820616,0.89404,0.092776,0.007605
Q,2026-06-30,0.46606,0.222533,0.086774,0.249825,0.105668,0.017078,0.008653,0.019268,0.020172,202.544244,17.575568,3.458957,166.327723,81.144215,20.271858,191.844271,0.004937,0.553643,0.280511,8.568627,4.262295,2.008322,1.50208,0.099714,1.255712,261.969308,1.943548,0.062981,0.010497
QCOM,2024-12-31,0.557717,0.304653,0.272517,0.362842,0.369355,0.118304,0.05722,0.075018,0.083251,59.690477,16.266665,7.061597,44.04077,45.72829,16.592131,44.921944,0.016753,0.542299,0.262294,1.384979,23.300613,2.618545,1.985333,0.209969,3.287042,374.272071,1.442453,0.023738,0.065044
QCOM,2025-03-31,0.550323,0.284179,0.256125,0.333819,0.213134,0.101414,0.050784,0.066718,0.07131,67.502033,17.288981,6.845633,81.117828,52.827716,17.634901,82.740845,0.014814,0.527373,0.264087,2.024557,20.04908,2.732607,2.083403,0.198277,2.968099,397.777839,0.90825,0.019492,0.06394
QCOM,2025-06-30,0.55562,0.266474,0.257212,0.339411,0.249011,0.097982,0.048595,0.059395,0.066296,71.198694,18.313142,6.976211,73.543478,55.035127,18.679554,75.014947,0.014045,0.543497,0.269549,2.654918,18.571429,3.193974,2.38141,0.188929,3.039589,437.139106,1.078395,0.028365,0.063579
QCOM,2025-09-30,0.553367,0.262355,-0.27655,0.311685,0.318428,-0.146987,-0.062162,0.0,0.076636,-60.896926,16.841072,8.951038,52.888191,55.113458,17.17803,53.946386,-0.016421,0.698434,0.295375,2.644748,18.374269,2.816492,2.1028,0.224777,3.947811,363.269772,-1.282002,0.03611,0.058824
QCOM,2025-12-31,0.545544,0.274731,0.245184,0.335374,0.360431,0.130195,0.056643,0.075236,0.085995,63.187656,15.492631,8.226746,42.983632,47.119391,15.80261,43.843654,0.015826,0.642179,0.279387,1.852519,21.988166,2.505396,1.826817,0.231022,2.950157,383.050554,1.652796,0.044809,0.072478
QCOM,2026-03-31,0.537692,0.217851,0.695349,0.265685,0.180772,0.270181,0.12899,0.054268,0.050729,25.755186,17.908833,6.958564,99.068746,68.754822,18.267155,101.050928,0.038827,0.559792,0.267257,3.492543,14.052632,2.366336,1.611959,0.185505,2.438233,477.08121,0.332293,0.050288,0.081234
QCOM,2026-06-30,0.530512,0.163466,0.201267,0.305218,0.049764,0.072384,0.034898,0.0308,0.057449,94.813046,19.08271,6.862959,383.466097,63.772588,19.46452,391.138542,0.010547,0.552101,0.266181,3.536561,14.831461,2.015596,1.281433,0.173392,2.130891,599.754504,0.495005,0.049864,0.083442
RCL,2024-12-31,0.4544,0.166445,0.146769,0.328636,0.243286,0.072987,0.014891,0.022649,0.030309,119.098539,17.48003,8.692634,71.84961,71.690452,23.560063,96.840873,0.008396,2.752876,0.56164,15.928803,3.105263,0.173678,0.146684,0.101457,10.137466,-80.325358,2.657609,0.146769,0.04201
RCL,2025-03-31,0.48037,0.236809,0.182546,0.353088,0.299825,0.091709,0.019492,0.033889,0.03683,90.058073,16.439708,8.259095,54.83102,62.754532,22.157889,73.902751,0.011104,2.527513,0.537194,13.458215,4.016064,0.177476,0.152621,0.106777,9.36534,-83.981271,2.228767,0.107027,0.013253
RCL,2025-06-30,0.496915,0.293081,0.266637,0.413618,0.200529,0.131966,0.031394,0.04654,0.052201,54.332556,14.487085,7.170072,72.244388,47.207991,19.526091,97.372966,0.018405,2.152579,0.512091,9.738412,6.403509,0.231722,0.208361,0.117742,10.529002,-79.166524,1.442975,0.184222,0.008594
RCL,2025-09-30,0.517416,0.331193,0.30648,0.440358,-0.19245,0.156064,0.039268,0.056044,0.063792,41.741202,12.792838,6.514308,-66.473603,39.155722,17.242537,-89.594943,0.023957,2.078379,0.52295,8.769333,7.366935,0.16453,0.141076,0.128126,14.435393,-56.987103,0.932698,0.478303,0.008562
RCL,2025-12-31,0.473697,0.219352,0.177078,0.367778,0.027243,0.075122,0.018117,0.029762,0.037647,87.191503,15.439735,6.550004,566.74477,56.583269,20.810098,763.874127,0.011469,2.195377,0.529446,13.103448,4.168539,0.183409,0.16151,0.102309,13.432177,-85.046435,2.15252,0.353922,0.009159
RCL,2026-03-31,0.495283,0.261006,0.211366,0.38522,0.299641,0.095923,0.02241,0.036575,0.04055,69.864393,14.766935,6.701569,49.282154,51.667288,19.903279,66.423837,0.014313,2.221407,0.518981,12.012828,4.510791,0.199187,0.174695,0.106025,9.294363,-80.771164,1.94899,0.112309,0.008535
RCL,2026-06-30,0.472889,0.270695,0.233444,0.382864,-0.181498,0.110199,0.025267,0.039069,0.042014,58.282264,13.605628,6.422664,-74.96282,47.896972,18.338038,-101.036943,0.017158,2.297577,0.52679,11.870811,5.872881,0.208752,0.185843,0.108234,10.956916,-85.058339,1.648936,0.566432,0.006209
RDDT,2025-06-30,0.908131,0.135523,0.178727,0.143397,0.221817,0.03741,0.033925,0.028367,0.027964,325.016685,58.089364,12.158885,261.879116,366.494838,52.554251,236.925655,0.003077,0.01055,0.009567,,,11.999801,,0.189813,1.226897,,1.24675,0.001011,0.178273
RDDT,2025-09-30,0.910227,0.23686,0.278099,0.243528,0.313041,0.062307,0.056551,0.053068,0.052318,178.424195,49.61954,11.117105,158.508227,184.338346,44.891484,143.404584,0.005605,0.009589,0.008703,,,12.129986,,0.20335,1.199488,,1.138298,0.003518,0.142788
RDDT,2025-12-31,0.919077,0.319495,0.346748,0.325216,0.363341,0.0859,0.077675,0.07815,0.078112,115.35242,39.998257,9.908719,110.084527,111.270591,36.186975,99.594993,0.008669,0.007925,0.007167,,,11.559829,,0.22401,1.229505,,1.060429,0.00436,0.117389
RDDT,2026-03-31,0.915185,0.275714,0.307473,0.28206,0.469035,0.064151,0.058543,0.057036,0.056833,142.282933,43.748167,9.127549,93.272706,140.323012,39.579571,84.385106,0.007028,0.006695,0.00611,,,12.734677,,0.190401,1.268703,,1.530795,0.001643,0.103007
RDDT,2026-06-30,0.912651,0.28788,0.314134,0.29317,0.323941,0.076954,0.069529,0.069428,0.070241,114.784435,36.05769,8.83313,111.309321,111.272948,32.62189,100.703081,0.008712,0.006351,0.005738,,,10.486086,,0.221334,1.238129,,1.035705,0.001409,0.125421
REG,2024-12-31,0.693195,0.363745,0.232131,0.623043,0.513736,0.012861,0.006978,0.012423,0.011471,157.71407,36.610259,2.028308,71.262845,80.896432,50.401967,98.108772,0.006341,0.746291,0.404954,18.75185,2.838894,0.729649,,0.030063,1.93211,,2.213132,,0.012549
REG,2025-03-31,0.698568,0.383372,0.287696,0.676686,0.422751,0.016357,0.008725,0.013137,0.013467,124.454904,35.805224,2.035746,84.695739,72.845643,49.293662,116.602066,0.008035,0.78509,0.418769,17.71486,3.276628,0.596516,,0.030327,2.015631,,1.469435,,0.013037
REG,2025-06-30,0.715742,0.382384,0.278381,0.680791,0.640802,0.015876,0.008328,0.012943,0.012967,128.640926,35.811241,2.042363,55.88507,72.418591,49.301945,76.937927,0.007774,0.810065,0.424926,17.928617,3.108203,1.088096,,0.029916,1.916496,,2.301884,,0.012861
REG,2025-09-30,0.709598,0.369972,0.282202,0.693382,0.564195,0.016091,0.008375,0.012482,0.013136,124.698414,35.190132,2.006558,62.372303,69.870382,48.446854,85.869011,0.008019,0.812305,0.422795,17.54622,3.112176,1.244979,,0.029678,1.950921,,1.999259,,0.01278
REG,2025-12-31,0.699328,0.366195,0.500945,0.907188,0.504579,0.029316,0.015574,0.01296,0.020877,67.358292,33.742806,1.974643,66.873123,51.206903,46.454295,92.065366,0.014846,0.772869,0.410584,12.639479,4.95598,0.803463,,0.031089,1.920627,,1.007255,,0.011485
REG,2026-03-31,0.697638,0.375107,0.311669,0.711131,0.370294,0.01865,0.009853,0.013255,0.014583,106.096816,33.067136,1.978669,89.299607,64.016485,45.52409,122.940289,0.009425,0.812024,0.429016,16.579282,3.455221,1.862343,,0.031614,1.979968,,1.188099,,0.012799
REGN,2024-12-31,0.850786,0.261322,0.242188,0.288979,0.2628,0.031264,0.024304,0.030265,0.028644,88.050806,21.324877,2.752788,81.145034,66.74264,19.287235,73.391435,0.011357,0.092132,0.071622,,92.247619,4.731106,3.948381,0.100351,0.609991,2081.739269,1.376049,0.070463,0.080334
REGN,2025-03-31,0.8467,0.195364,0.267012,0.34358,0.255423,0.027518,0.021539,0.016854,0.02689,99.918666,26.679508,2.749603,104.452204,70.231781,24.130218,94.47155,0.010008,0.092039,0.072041,,105.022989,4.926737,4.031655,0.080668,0.544632,2625.202819,1.292321,0.089642,0.084426
REGN,2025-06-30,0.855751,0.293694,0.378605,0.45092,0.200675,0.046481,0.036411,0.030985,0.044058,58.065698,21.983955,2.698971,109.550197,44.095083,19.883336,99.082418,0.017222,0.090354,0.070779,,422.861111,4.597627,3.723452,0.096172,0.655187,2265.543304,0.822363,0.110676,0.068479
REGN,2025-09-30,0.861066,0.295634,0.388887,0.511227,0.36598,0.047161,0.036346,0.027896,0.049871,55.34536,21.523114,2.610141,58.80948,38.078045,19.466529,53.190096,0.018068,0.087393,0.067352,,92.362694,4.063343,3.327902,0.093462,0.660143,2197.789614,1.108699,0.065179,0.063128
REGN,2025-12-31,0.849497,0.231342,0.217439,0.309168,0.226553,0.027021,0.020824,0.021875,0.029176,95.67159,20.802777,2.585164,91.822983,60.857017,18.815022,83.049081,0.010452,0.08657,0.066716,,86.54918,4.125515,3.392798,0.09577,0.676578,1951.653965,1.3861,0.07484,0.064181
REGN,2026-03-31,0.814334,0.206579,0.201697,0.268292,0.221723,0.023142,0.017794,0.019504,0.023604,111.116921,22.412,2.57145,101.081092,75.553801,20.270481,91.422556,0.009,0.08612,0.066217,,65.434109,3.565049,2.957417,0.088219,0.629105,1712.430998,1.483636,0.077523,0.071393
REGN,2026-06-30,0.86564,0.331065,0.302258,0.387466,0.121612,0.040897,0.031078,0.035783,0.042508,62.305671,18.832411,2.548113,154.856698,43.959814,17.03293,140.059776,0.01605,0.085351,0.064859,,139.890909,3.335262,2.777583,0.102819,0.653532,1777.280611,0.626879,0.067868,0.056634
RF,2024-12-31,,,0.294215,,-0.126171,0.029867,0.003395,,,45.46815,13.377406,1.358017,-106.026167,,16.640766,-131.890789,0.021993,0.363163,0.041277,,,,,0.011538,3.173077,,-0.411985,0.004959,
RF,2025-03-31,,,0.274664,,0.594731,0.026444,0.003065,,,49.551005,13.609861,1.310307,22.884064,,16.929927,28.466532,0.020181,0.324825,0.037655,,,,,0.011161,3.060034,,2.17551,0.002803,
RF,2025-06-30,,,0.295538,,0.293438,0.030162,0.003536,,,43.126096,12.745403,1.30076,43.434691,,15.854588,54.030395,0.023188,0.282814,0.033158,,,,,0.011966,3.318815,,1.017762,0.007349,
RF,2025-09-30,,,0.296973,,0.445198,0.02987,0.003558,,,42.67134,12.67223,1.274607,28.464235,,15.763565,35.407961,0.023435,0.319439,0.038046,,,,,0.011979,3.337979,,1.513181,0.004175,
RF,2025-12-31,,,0.27798,,-0.167621,0.028042,0.003362,,,45.46815,12.639246,1.275009,-75.403703,,15.722535,-93.798107,0.021993,0.256472,0.030753,,,,,0.012096,3.364273,,-0.597378,0.001562,
RF,2026-03-31,,,0.298452,,0.460758,0.029767,0.003478,,,43.434691,12.963157,1.292933,28.134406,,16.125462,34.997672,0.023023,0.27355,0.031958,,,,,0.011652,3.29174,,1.550984,0.002136,
RF,2026-06-30,,,0.298899,,0.186681,0.030255,0.003534,,,42.596478,12.732036,1.288747,68.202226,,15.83796,84.839861,0.023476,0.394268,0.046051,,,,,0.011823,3.852525,,0.647368,0.006817,
RJF,2024-12-31,,,0.172216,,0.226464,0.050323,0.007292,,,52.747459,9.083948,2.654405,40.112136,,6.268539,27.680091,0.018958,0.259079,0.037542,,,,,0.042342,1.314717,,1.383333,0.011768,0.026693
RJF,2025-03-31,,,0.147805,,0.0212,0.040534,0.005954,,,63.936313,9.450127,2.591588,445.753171,,6.521228,307.599879,0.015641,0.236571,0.034752,,,,,0.040285,1.201651,,0.236364,0.013735,0.016124
RJF,2025-06-30,,,0.130461,,0.189707,0.035566,0.005141,,,72.588246,9.469921,2.581652,49.91873,,6.534887,34.447305,0.013776,0.235664,0.034062,,,,,0.039403,1.145698,,1.584862,0.017056,0.01556
RJF,2025-09-30,,,0.164712,,0.205072,0.048308,0.006846,,,52.398138,8.630618,2.531271,42.085738,,5.955711,29.04201,0.019085,0.337519,0.04783,,,,,0.041562,1.299894,,1.317881,0.011999,0.014999
RJF,2025-12-31,,,0.153322,,-0.015251,0.044789,0.006343,,,56.213988,8.618866,2.517778,-565.151342,,5.947601,-389.992704,0.017789,0.3358,0.047555,,,,,0.04137,1.240122,,-0.017762,0.012527,0.021514
RJF,2026-03-31,,,0.143309,,0.277661,0.043288,0.005917,,,58.177344,8.337322,2.518379,30.027016,,5.753317,20.720675,0.017189,0.33588,0.045908,,,,,0.041286,1.150303,,2.020221,0.011855,0.014226
RJF,2026-06-30,,,0.153946,,-0.07969,0.046854,0.006314,,,53.190715,8.18848,2.492202,-102.754789,,5.650606,-70.907764,0.0188,0.352154,0.047455,,,,,0.041014,1.160312,,-0.413445,0.016041,0.012937
RL,2024-12-31,0.683975,0.187497,0.138745,0.20975,0.315932,0.117124,0.042,0.084619,0.081353,67.135203,9.314677,7.86311,29.48318,46.77115,9.810268,31.051844,0.014895,1.056908,0.379005,,34.077586,1.755469,1.306013,0.302716,4.925322,348.422601,2.482851,0.028551,0.011523
RL,2025-03-31,0.686561,0.102987,0.076003,0.134036,0.024922,0.049836,0.018305,0.037237,0.035107,154.775266,11.763394,7.713351,472.009677,92.432127,12.389271,497.123144,0.006461,1.030751,0.378599,,16.911765,1.77621,1.331162,0.240844,3.693798,451.190233,0.947287,0.047075,0.013669
RL,2025-06-30,0.722646,0.17038,0.128207,0.200686,-0.006515,0.087624,0.028432,0.055924,0.052965,90.589879,11.614222,7.937824,-1782.679406,60.95162,12.232162,-1877.527589,0.011039,1.287759,0.417857,,25.173913,1.836775,1.302082,0.221771,4.334594,553.546665,0.799002,0.108952,0.01303
RL,2025-09-30,0.679564,0.140747,0.103198,0.15701,-0.020192,0.080358,0.02824,0.063315,0.046971,96.221732,9.92988,7.73217,-491.773629,66.608518,10.458203,-517.938645,0.010393,1.112307,0.390898,,16.27044,2.039674,1.354185,0.27365,3.832825,507.986499,0.256386,0.04665,0.019595
RL,2025-12-31,0.698961,0.209102,0.150291,0.223109,0.292602,0.12519,0.046277,0.095049,0.082001,55.215734,8.298424,6.912481,28.360809,39.173452,8.739946,29.869757,0.018111,0.989717,0.365853,,35.87218,2.099268,1.523301,0.307917,5.222488,375.123395,2.155973,0.031421,0.010349
RL,2026-03-31,0.696821,0.110325,0.076616,0.135139,0.026634,0.053354,0.019588,0.042003,0.03494,131.701909,10.090468,7.026821,378.861657,78.639899,10.627336,399.019146,0.007593,1.059126,0.388836,,15.303704,2.128223,1.572899,0.255663,4.024202,445.601201,0.958443,0.046798,0.012281
RL,2026-06-30,0.736912,0.187366,0.133789,0.211297,0.145882,0.09634,0.034235,0.071031,0.061419,76.148014,10.187779,7.336129,69.83564,50.780751,10.729824,73.551273,0.013132,1.103726,0.392215,,27.323077,2.044519,1.424078,0.255889,5.039342,502.133353,1.29405,0.027248,0.013267
RMD,2024-12-31,0.585977,0.32544,0.268797,0.369042,0.222414,0.065605,0.048257,0.058006,0.066341,94.176593,25.314409,6.178426,113.816835,67.235228,24.812639,111.560813,0.010618,0.159858,0.117588,0.318763,,3.329003,2.293622,0.179531,1.49091,699.878992,0.895541,0.018305,0.017654
RMD,2025-03-31,0.593317,0.329996,0.282597,0.370183,0.429556,0.065819,0.048242,0.059901,0.06433,88.908714,25.125355,5.851884,58.491449,66.527413,24.627333,57.33206,0.011247,0.151416,0.110981,,,3.41134,2.49414,0.170711,1.422891,701.251001,1.585195,0.018416,0.018673
RMD,2025-06-30,0.608362,0.338704,0.281682,0.393814,0.374622,0.063625,0.046451,0.057033,0.063809,85.475108,24.076776,5.438353,64.269499,59.92554,23.599538,62.99558,0.011699,0.142733,0.104205,,,3.439835,2.529529,0.164904,1.434811,703.48159,1.418907,0.025058,0.018361
RMD,2025-09-30,0.614579,0.346176,0.260962,0.389355,0.308137,0.056939,0.04195,0.053119,0.065555,93.119005,24.300511,5.302063,78.86273,61.175064,23.818839,77.299552,0.010739,0.138264,0.101868,,,2.887878,2.134549,0.160752,1.472087,729.424762,1.31212,0.034276,0.015843
RMD,2025-12-31,0.617598,0.349727,0.275928,0.393535,0.214498,0.062111,0.046169,0.056371,0.068584,82.66914,22.810756,5.134622,106.344656,56.814773,22.358612,104.236744,0.012096,0.134114,0.099692,,,3.059657,2.320907,0.167323,1.443546,703.420148,0.865387,0.024286,0.020339
RMD,2026-03-31,0.62245,0.349174,0.27856,0.397401,0.359467,0.06142,0.045392,0.055442,0.067241,81.396341,22.673739,4.999349,63.076022,55.924162,22.224311,61.82576,0.012286,0.12988,0.095986,,,3.00772,2.332862,0.162951,1.433073,685.985844,1.389735,0.027657,0.018717
RMD,2026-06-30,0.588406,0.306571,0.26197,0.344231,0.271501,0.058225,0.042765,0.050085,0.059268,84.64428,22.174285,4.928381,81.673069,63.139993,21.734757,80.054185,0.011814,0.125417,0.092117,,,3.099927,2.421984,0.163245,1.412469,644.287791,1.185689,0.039115,0.01876
ROK,2024-12-31,0.466773,0.130781,0.09782,0.175439,0.155768,0.054357,0.016813,0.029377,0.033744,251.346076,24.586751,13.662534,157.841904,149.363793,26.204174,168.225432,0.003979,1.18966,0.367964,9.521212,6.461538,1.078251,0.723245,0.171875,1.122985,486.965764,1.978261,0.037746,0.012228
ROK,2025-03-31,0.485757,0.170415,0.123938,0.209395,0.085457,0.072114,0.02256,0.039719,0.04562,186.482572,23.112283,13.448002,270.454257,117.637355,24.632709,288.245916,0.005362,1.190172,0.372328,7.713604,8.666667,1.051897,0.724051,0.182025,1.099451,477.061753,0.802419,0.013993,0.010495
ROK,2025-06-30,0.487873,0.176306,0.137593,0.216418,0.228078,0.085186,0.026356,0.046744,0.051046,156.77179,21.570745,13.354802,94.576029,106.228559,22.989763,100.797652,0.006379,1.118972,0.346199,6.400862,9.341463,1.059892,0.720325,0.191548,1.148366,455.133345,1.786441,0.017724,0.009795
ROK,2025-09-30,0.694301,0.197755,0.059585,0.079879,0.17487,0.037767,0.012301,0.031709,0.012863,335.128101,19.968773,12.656726,114.191797,266.432711,21.282406,121.703831,0.002984,0.998084,0.325074,14.897297,2.702703,1.135269,0.773295,0.206436,1.199379,467.749407,3.289855,0.021157,0.008636
ROK,2025-12-31,0.48266,0.173872,0.144893,0.214727,0.08076,0.08142,0.027159,0.045227,0.048084,151.631731,21.970393,12.345883,272.045164,109.048787,23.415701,289.94148,0.006595,1.007208,0.335975,6.539823,11.6875,1.155562,0.802723,0.187444,1.187253,456.247731,0.767213,0.030404,0.009976
ROK,2026-03-31,0.502456,0.208575,0.156766,0.248325,0.122823,0.099659,0.031183,0.051663,0.063374,131.759766,20.655506,13.131084,168.173374,88.651172,22.014315,179.236551,0.00759,1.151051,0.360163,5.874101,13.222222,1.090788,0.763685,0.198916,1.18906,435.403224,0.911681,0.020098,0.010719
ROK,2026-06-30,0.494596,0.207955,0.176394,0.251621,0.28275,0.116772,0.036787,0.061841,0.067799,113.352152,19.994673,13.236313,70.715104,84.69081,21.310009,75.367051,0.008822,1.034058,0.32576,4.774914,15.242424,1.075163,0.736656,0.208547,1.194115,401.833467,1.77451,0.030264,0.010376
ROL,2024-12-31,0.512765,0.181005,0.126987,0.217398,0.221079,0.079419,0.037477,0.063452,0.069154,147.655984,18.750453,11.726761,84.813405,91.811286,19.959604,90.28272,0.006772,0.610651,0.288162,1.689661,29.913865,0.686065,0.624792,0.295127,4.244006,76.916946,1.780535,0.005027,0.008679
ROL,2025-03-31,0.513517,0.173431,0.12796,0.209785,0.170347,0.077631,0.035695,0.059284,0.062005,148.255037,18.970784,11.509145,111.365604,96.261139,20.194143,118.547176,0.006745,0.671976,0.308976,1.647497,24.730849,0.873044,0.80827,0.278951,4.237418,75.349751,1.395675,0.008244,0.010698
ROL,2025-06-30,0.53792,0.198427,0.141556,0.230471,0.168126,0.097993,0.044493,0.073767,0.083039,110.280984,15.61093,10.806745,92.852827,72.102879,16.617623,98.840575,0.009068,0.669853,0.304141,1.832906,26.913957,0.682554,0.627688,0.314313,4.350782,59.742757,1.237708,0.007079,0.011015
ROL,2025-09-30,0.544443,0.219296,0.159367,0.251048,0.178194,0.106738,0.05079,0.083876,0.089903,95.418776,15.206564,10.184763,85.337093,64.478394,16.187181,90.840179,0.01048,0.595335,0.283285,1.390913,28.377109,0.772553,0.711555,0.3187,4.337431,75.19193,1.170137,0.008287,0.009799
ROL,2025-12-31,0.509744,0.175335,0.127549,0.212194,0.174187,0.084726,0.037077,0.060718,0.068853,134.003883,17.092041,11.35364,98.124402,85.7433,18.194246,104.452096,0.007462,0.755286,0.33052,2.631835,21.794086,0.60174,0.547023,0.290688,4.507812,79.845935,1.414828,0.006272,0.010782
ROL,2026-03-31,0.508484,0.160505,0.118971,0.196869,0.122711,0.078048,0.034123,0.05631,0.061697,144.69432,17.214401,11.293104,140.284336,93.079532,18.324496,149.330774,0.006911,0.772345,0.337678,2.992541,16.489549,0.64641,0.590879,0.286822,4.301536,70.876769,1.097637,0.007876,0.011939
ROL,2026-06-30,0.528425,0.18669,0.133426,0.215798,0.153978,0.100665,0.042895,0.071607,0.082399,108.425725,14.466803,10.914647,93.953685,71.361575,15.399715,100.012424,0.009223,0.780152,0.332437,2.551782,21.205942,0.629358,0.583726,0.32149,4.513078,54.358795,1.198708,0.005961,0.009895
ROP,2024-12-31,0.683128,0.279527,0.246284,0.464919,0.364285,0.024502,0.014754,0.015499,0.024056,79.741102,19.63897,1.953842,53.910955,54.794103,25.474835,69.930994,0.012541,0.406475,0.244751,8.519308,9.344633,0.402562,0.37104,0.059905,2.120777,155.354017,1.562189,0.020457,0.01758
ROP,2025-03-31,0.687115,0.279265,0.175855,0.3686,0.269174,0.017224,0.010538,0.015611,0.017342,111.338905,19.579515,1.917659,72.739367,68.903189,25.397713,94.354407,0.008982,0.387877,0.237323,10.206916,7.645469,0.462202,0.428172,0.059926,2.315013,140.751722,1.596799,0.011632,0.020608
ROP,2025-06-30,0.692221,0.282105,0.194639,0.405485,0.192015,0.019268,0.011388,0.015001,0.019032,97.447294,18.967026,1.877585,98.778969,60.676073,24.603217,128.131869,0.010262,0.451209,0.266673,10.933384,7.135272,0.464104,0.427016,0.058506,2.237109,146.560572,1.0682,0.015898,0.022587
ROP,2025-09-30,0.695415,0.284015,0.197522,0.405948,0.417299,0.019932,0.011523,0.015565,0.018688,92.507682,18.272273,1.843879,43.787043,58.38683,23.702014,56.798686,0.01081,0.472875,0.273363,11.152747,6.554069,0.576987,0.531934,0.058336,2.216546,148.870795,2.181932,0.01368,0.0228
ROP,2025-12-31,0.694598,0.285777,0.208103,0.416885,0.346692,0.021548,0.01239,0.016155,0.020352,86.051147,17.907467,1.854202,51.652391,55.719894,23.228803,67.00128,0.011621,0.470251,0.270391,10.491261,6.729904,0.517527,0.479493,0.059537,2.056543,172.489427,1.722689,0.011804,0.018265
ROP,2026-03-31,0.693839,0.271847,0.242877,0.460411,0.26841,0.027043,0.014729,0.015589,0.023708,72.439205,17.593811,1.958992,65.548206,49.568584,22.821941,85.02634,0.013805,0.556063,0.302858,10.449984,7.394763,0.534464,0.494074,0.060644,2.388351,130.065974,1.16349,0.014175,0.025104
ROP,2026-06-30,0.697141,0.277254,0.55408,0.782398,0.210062,0.062486,0.033225,0.0174,0.044777,31.548405,17.480351,1.971322,83.21515,28.981099,22.674766,107.943145,0.031697,0.605306,0.321853,6.639091,12.741472,0.552802,0.510906,0.059964,2.274482,144.074794,0.401797,0.012566,0.026364
ROST,2024-10-31,0.28337,0.119143,0.096386,0.15261,0.065663,0.09287,0.032794,0.061074,0.065809,148.713203,14.333885,13.81098,218.293594,94.11867,14.363481,218.744324,0.006724,1.089508,0.38473,,43.009938,1.574477,0.984203,0.340241,28.778865,64.167312,1.050288,0.03557,0.00764
ROST,2025-01-31,0.265322,0.123645,0.099248,0.152523,0.114436,0.10651,0.039367,0.072052,0.076591,123.882389,12.295124,13.194705,107.441457,80.777831,12.320511,107.6633,0.008072,1.031445,0.381235,,56.884933,1.617113,1.092744,0.396655,40.920523,35.658138,1.504058,0.03484,0.006611
ROST,2025-04-30,0.281567,0.12166,0.096139,0.154319,0.040589,0.085947,0.033503,0.06395,0.066202,151.679406,14.582272,13.03644,359.263029,94.689419,14.612381,360.00483,0.006593,0.899498,0.350633,,52.43904,1.549927,0.948035,0.348487,27.540668,64.812135,0.85491,0.041601,0.007883
ROST,2025-07-31,0.27617,0.115438,0.091876,0.145592,0.084395,0.088616,0.035045,0.066699,0.067165,143.096297,13.14708,12.680563,155.779578,90.487438,13.174226,156.10123,0.006988,0.884068,0.349624,,85.037594,1.576918,0.983002,0.381439,26.26426,50.639377,1.315686,0.036484,0.007948
ROST,2025-10-31,0.280042,0.115784,0.091402,0.147039,0.110308,0.087005,0.03321,0.065735,0.066509,141.994987,12.978558,12.354211,117.657861,88.448505,13.005356,117.9008,0.007043,0.881813,0.336594,,77.067105,1.519916,0.896588,0.363345,27.470295,57.072912,1.615611,0.037362,0.008024
ROST,2026-01-31,0.271904,0.122691,0.097335,0.149448,0.13877,0.104383,0.041538,0.080449,0.079913,112.550151,10.955062,11.748343,78.943846,73.454985,10.977682,79.106848,0.008885,0.842406,0.335226,,100.421003,1.582725,1.037692,0.426754,36.599302,28.448621,1.736769,0.030278,0.007109
ROST,2026-04-30,0.296131,0.133771,0.108139,0.162662,0.104327,0.103087,0.041786,0.085209,0.079427,111.840353,12.094251,11.529289,115.92636,74.505559,12.119223,116.165723,0.008941,0.749111,0.30365,,111.165088,1.540924,0.935218,0.386412,28.27927,40.792981,1.286239,0.034765,0.009836
ROST,2026-07-31,0.338342,0.176159,0.135884,0.204565,0.099682,0.126246,0.053265,0.106669,0.102858,85.389744,11.603117,10.780101,116.401578,56.838063,11.627075,116.641922,0.011711,0.702806,0.296525,,172.336554,1.612179,0.980238,0.39199,25.247385,55.457217,1.028731,0.040107,0.007543
RSG,2024-12-31,0.427261,0.20084,0.126545,0.280672,0.129609,0.044893,0.015801,0.032415,0.023552,130.421616,16.504169,5.854964,127.337657,71.29699,20.011088,154.395236,0.007667,1.136081,0.399883,11.129799,4.999249,0.582849,0.559109,0.124869,2.221856,-32.139024,1.996094,0.122986,0.002719
RSG,2025-03-31,0.422799,0.201048,0.123472,0.316039,0.141182,0.042442,0.014953,0.02405,0.027185,134.900742,16.65649,5.725445,117.978564,63.902811,20.195775,143.047459,0.007413,1.160079,0.408724,10.418311,5.75,0.664852,0.635634,0.121107,2.162352,2.859935,2.070707,0.114492,0.003243
RSG,2025-06-30,0.421724,0.205431,0.12987,0.320425,0.165762,0.045643,0.016469,0.026565,0.029076,121.410668,15.767619,5.541566,95.122318,59.6646,19.118031,115.334561,0.008237,1.096763,0.395724,9.465733,5.965517,0.662462,0.633946,0.126808,2.25266,-1.168568,2.016364,0.096104,0.002361
RSG,2025-09-30,0.415242,0.199193,0.130579,0.302944,0.174976,0.046331,0.016277,0.028452,0.026688,121.410668,15.85372,5.625126,90.604976,63.452086,19.222427,109.857343,0.008237,1.137731,0.399716,10.336991,5.51049,0.582688,0.558527,0.124656,2.216842,-4.884467,2.147273,0.105413,0.002374
RSG,2025-12-31,0.418622,0.195163,0.13156,0.289238,0.097703,0.045455,0.01583,0.030466,0.023326,122.749756,16.14894,5.579534,165.2868,67.696373,19.580378,200.408074,0.008147,1.153576,0.401734,11.291806,4.863014,0.642312,0.615326,0.120322,2.179758,-25.07098,1.803309,0.139541,
RSG,2026-03-31,0.424751,0.202042,0.127644,0.315585,0.182592,0.043823,0.015173,0.025733,0.02615,127.192128,16.235319,5.573946,88.915935,62.376627,19.685111,107.809403,0.007862,1.175876,0.407139,10.590139,5.344371,0.671123,0.640642,0.118873,2.14554,3.2015,2.337143,0.115731,
RSG,2026-06-30,0.421445,0.204289,0.127765,0.308804,0.171783,0.047041,0.016098,0.028076,0.027262,117.978564,15.073559,5.549856,87.747526,59.184841,18.276493,106.392723,0.008476,1.188082,0.406582,10.20614,5.629139,0.64397,0.615075,0.125999,2.183342,-21.519945,2.037102,0.088488,
RTX,2024-12-31,0.195856,0.097628,0.068538,0.169357,0.015169,0.024636,0.0091,0.016163,0.022656,176.427168,12.091988,4.34645,797.149584,80.224762,13.586601,895.680112,0.005668,0.713029,0.263372,9.744129,4.90856,0.992893,0.744966,0.13277,1.970026,182.568887,1.053306,0.057023,0.005041
RTX,2025-03-31,0.202699,0.100217,0.075593,0.172954,0.033882,0.024953,0.009311,0.016426,0.021917,170.335546,12.876247,4.250359,380.036429,83.651218,14.467797,427.010286,0.005871,0.698127,0.260493,10.291287,4.900398,1.005549,0.74677,0.123168,1.777175,209.304945,0.850163,0.030385,0.013691
RTX,2025-06-30,0.202771,0.099439,0.076781,0.166628,-0.008989,0.026555,0.009914,0.017386,0.022339,157.794245,12.115521,4.19028,-1347.758059,81.697185,13.613043,-1514.345757,0.006337,0.69866,0.260831,10.343715,5.25,1.005982,0.748086,0.12912,1.742511,221.751167,0.276403,0.030212,0.011723
RTX,2025-09-30,0.203755,0.112243,0.085328,0.178486,0.173681,0.02973,0.011371,0.020043,0.025304,136.321722,11.632043,4.052842,66.973633,73.226091,13.069805,75.251813,0.007336,0.63101,0.24135,8.248504,6.047619,1.072961,0.813615,0.133265,1.751032,193.235051,2.418665,0.032699,0.010722
RTX,2025-12-31,0.194612,0.107105,0.06692,0.157851,0.125835,0.02486,0.009481,0.018769,0.02375,161.199176,10.787403,4.007434,85.72625,76.785958,12.120764,96.32232,0.006204,0.605502,0.230923,7.96367,7.208108,1.026334,0.798993,0.141677,1.648731,174.05817,2.567818,0.046002,0.013202
RTX,2026-03-31,0.208099,0.115737,0.093269,0.181056,0.054856,0.031065,0.012081,0.021091,0.02616,126.986432,11.84386,3.944856,215.908393,73.500895,13.307804,242.595439,0.007875,0.587432,0.22845,7.654491,7.206897,1.024411,0.782806,0.12953,1.705369,175.905586,0.900923,0.029172,0.014677
RTX,2026-06-30,0.207746,0.113769,0.086571,0.171969,0.114133,0.032225,0.012295,0.02222,0.028629,122.237056,10.582203,3.939091,92.718108,69.141698,11.890201,104.178396,0.008181,0.585383,0.223346,6.843493,7.406542,1.010546,0.782718,0.142023,1.772199,157.683703,1.658252,0.029424,0.012587
RVTY,2024-12-31,0.565267,0.170733,0.129762,0.304881,0.205349,0.012345,0.007637,0.01076,0.009995,169.127462,21.946371,2.087822,106.873389,82.409841,25.125233,122.353656,0.005913,0.433789,0.268373,8.936926,5.15074,3.597624,3.034789,0.058856,1.15334,546.83935,1.840879,0.033527,0.006928
RVTY,2025-03-31,0.564933,0.108655,0.063537,0.259895,0.168742,0.00553,0.003417,0.005317,0.006433,378.982141,24.079398,2.095953,142.699836,106.070807,27.567221,163.369449,0.002639,0.435421,0.269027,11.755684,3.281049,3.576033,2.987764,0.05378,1.076681,595.477667,3.034188,0.024042,0.01163
RVTY,2025-06-30,0.545002,0.123653,0.074898,0.226415,0.160284,0.00714,0.004364,0.006652,0.005158,296.712921,22.223274,2.118411,138.649361,112.370028,25.442244,158.732276,0.00337,0.446636,0.272985,13.629287,7.226483,3.328575,2.750339,0.058262,1.089461,569.263,2.489768,0.026195,0.014068
RVTY,2025-09-30,0.535953,0.11717,0.066746,0.258269,0.171685,0.006325,0.003843,0.006558,0.007187,343.116451,22.901626,2.170186,133.393351,101.517537,26.218853,152.714949,0.002914,0.456758,0.277536,12.647845,3.445435,1.753261,1.442553,0.057579,1.027475,584.941876,2.96879,0.02647,0.012954
RVTY,2025-12-31,0.546151,0.144742,0.127405,0.28256,0.209556,0.013567,0.008084,0.010673,0.010618,162.732999,20.733041,2.207762,98.937929,84.004003,23.736155,113.268771,0.006145,0.468695,0.279265,10.544043,4.894016,1.682444,1.397375,0.063448,1.036775,554.172807,1.849864,0.026126,-0.005273
RVTY,2026-03-31,0.545135,0.106714,0.057259,0.252793,0.134232,0.005669,0.003394,0.005974,0.006945,393.120209,22.509722,2.228547,167.692302,101.941642,25.770183,191.981994,0.002544,0.466421,0.279261,13.059105,3.022494,1.718264,1.405418,0.059277,1.028549,600.666741,2.829952,0.027808,0.012255
RVTY,2026-06-30,0.571293,0.120399,0.071017,0.219698,0.247873,0.007169,0.004302,0.007088,0.005411,308.897504,21.936867,2.214359,88.500407,114.313062,25.114352,101.319407,0.003237,0.462253,0.2774,13.612959,11.080434,1.800218,1.503669,0.060576,1.028925,602.989334,3.704033,0.015175,0.014706
SATS,2024-12-31,0.242346,-0.015803,0.084507,0.281622,-0.153135,0.016603,0.005501,-0.001025,0.011928,,,,,,,,,1.476607,0.489258,19.959186,2.994111,1.388387,1.310323,0.065097,3.309281,75.589517,0.135885,0.164618,0.002038
SATS,2025-03-31,0.257911,-0.022775,-0.052373,0.131047,-0.044377,-0.01013,-0.003346,-0.001447,0.000345,,,,,,,,,1.475851,0.487495,46.937372,0.065676,1.263006,1.194744,0.063887,3.268736,76.441806,-1.020161,0.097806,0.001966
SATS,2025-06-30,0.244067,-0.057291,-0.082184,0.102056,-0.198496,-0.015511,-0.005112,-0.003615,-0.002083,,,,,,,,,1.501502,0.494864,63.421393,-0.40433,1.218977,1.152863,0.062205,3.215074,65.505724,-0.024538,0.200513,0.002286
SATS,2025-09-30,0.235836,-0.044382,-3.536326,-4.473517,-0.068306,-1.838644,-0.282324,-0.003639,-0.468995,,,,,,,,,4.398683,0.675418,-1.476897,-43.916639,0.605505,0.563741,0.079835,3.206685,80.505797,-0.008738,0.099207,0.003284
SATS,2025-12-31,0.293756,0.097685,-0.318013,-0.133003,-0.153693,-0.20937,-0.028063,0.010946,-0.023415,,,,,,,,,5.223425,0.700132,-47.727676,-1.238882,0.41519,0.384402,0.088246,2.979956,100.557209,0.352326,0.041648,0.002181
SATS,2026-03-31,0.308744,0.089077,-0.040051,0.161157,0.028589,-0.026084,-0.00355,0.009572,0.014334,,,,,,,,,5.014496,0.682482,38.760086,0.716161,0.301676,0.268093,0.088639,2.913693,98.666422,-1.622249,0.036383,0.00279
SATS,2026-06-30,0.343676,0.142793,2.366327,2.927663,-0.028595,0.597832,0.214643,0.013974,0.28924,,,,,,,,,1.239979,0.445196,1.622926,20.2285,5.200833,5.116381,0.090707,3.948888,103.395768,-0.001177,0.025809,0.003672
SBAC,2024-12-31,0.780699,0.589452,0.250296,0.484415,0.367046,-0.033979,0.015208,0.048209,0.028169,109.118674,27.311915,-3.707731,74.410004,100.921302,48.887838,133.192575,0.009164,-3.083441,1.380024,39.881969,2.354343,1.100551,,0.060758,4.761316,,1.786379,0.080076,0.025854
SBAC,2025-03-31,0.768662,0.571044,0.332304,0.658593,0.383896,-0.044407,0.021137,0.042653,0.040926,85.833841,28.522894,-3.811589,74.298536,77.52205,51.055469,132.993049,0.01165,-2.945485,1.402016,26.949857,3.310527,0.69494,,0.063608,5.115621,,1.364437,0.069512,0.023655
SBAC,2025-06-30,0.75379,0.552088,0.323033,0.646095,0.446697,-0.045718,0.020972,0.044108,0.040876,83.909561,27.105566,-3.836136,60.679926,75.09498,48.518477,108.615981,0.011918,-2.997781,1.37518,27.094892,3.156926,0.366375,,0.064923,4.996647,,1.630238,0.079923,0.030782
SBAC,2025-09-30,0.740841,0.545722,0.323375,0.664576,0.35227,-0.047997,0.021031,0.04277,0.04247,80.004203,25.871333,-3.839956,73.441723,69.682349,46.309222,131.459368,0.012499,-3.04349,1.333589,25.221909,3.394637,0.50437,,0.065037,4.631288,,1.342941,0.082003,0.026386
SBAC,2025-12-31,0.75622,0.541161,0.51459,0.882911,0.335329,-0.076293,0.03199,0.041469,0.062376,51.166046,26.32952,-3.903616,78.518487,53.379504,47.12937,140.546685,0.019544,-3.156293,1.323466,19.888467,4.524189,0.288777,,0.062167,4.201797,,0.821046,0.087173,0.026657
SBAC,2026-03-31,0.756431,0.540542,0.262752,0.634926,0.293825,-0.038898,0.015769,0.036293,0.043619,102.506494,26.933824,-3.987309,91.666063,75.931795,48.211063,164.080612,0.009755,-3.244362,1.315269,28.41421,2.825307,0.229398,,0.060016,4.356355,,1.380106,0.068801,0.026919
SBAC,2026-06-30,0.753938,0.531758,0.277903,0.620847,0.481996,-0.042934,0.016928,0.039689,0.048977,95.314223,26.488136,-4.092197,54.955129,76.36867,47.41329,98.368697,0.010492,-3.284999,1.295235,27.928037,2.784897,0.171739,,0.060914,4.064611,,2.048416,0.087266,0.037465
SBUX,2024-12-31,0.244855,0.11441,0.083083,0.168305,0.146747,-0.104501,0.024482,0.101525,0.051854,139.91573,11.624657,-14.621331,79.215577,80.986406,13.630445,92.883909,0.007147,-3.462599,0.811194,7.517228,9.03695,0.749046,0.570995,0.294666,7.569714,45.847434,2.653689,0.07373,0.010705
SBUX,2025-03-31,0.21092,0.075112,0.04385,0.121519,-0.033921,-0.050403,0.012146,0.063331,0.029683,284.34722,12.46875,-14.33207,-367.584798,120.312012,14.620183,-431.01009,0.003517,-3.412201,0.822224,12.116465,4.944226,0.643734,0.447432,0.276976,7.587772,55.151779,0.760021,0.067248,0.008868
SBUX,2025-06-30,0.227972,0.095104,0.059042,0.149027,0.045929,-0.072639,0.016592,0.063669,0.042707,195.676521,11.553109,-14.213661,251.54548,90.899942,13.546552,294.94865,0.00511,-3.628168,0.82873,9.329052,6.754743,0.755813,0.553055,0.281017,7.60985,66.513387,1.794197,0.060004,0.00698
SBUX,2025-09-30,0.226001,0.09908,0.01392,0.080019,0.09675,-0.016451,0.00416,0.096577,0.0142,820.166681,11.416679,-13.492849,118.001946,167.292933,13.386582,138.362712,0.001219,-3.28675,0.831098,16.788559,2.124143,0.723018,0.508961,0.298847,7.490411,65.129919,10.373874,0.047654,0.007733
SBUX,2025-12-31,0.210709,0.092616,0.029581,0.134714,0.128491,-0.034964,0.009101,0.04577,0.043574,372.47256,11.018164,-13.023019,85.750551,95.901923,12.919305,100.546467,0.002685,-3.036335,0.790327,9.483417,6.502158,1.046663,0.862588,0.307652,8.132464,65.039656,5.447324,0.032647,0.012718
SBUX,2026-03-31,0.20085,0.084184,0.053601,0.131595,0.009631,-0.060354,0.016719,0.085075,0.045274,213.83089,11.461596,-12.905483,1190.045772,102.125647,13.439249,1395.383428,0.004677,-2.881407,0.798213,10.802759,6.314599,0.922249,0.733785,0.31192,7.395066,72.525831,0.713447,0.02861,0.009778
SBUX,2026-06-30,0.246356,0.12919,0.112124,0.20848,0.144861,-0.136208,0.036943,0.158216,0.084553,104.511817,11.718301,-14.235331,80.893152,65.906667,13.740247,94.850943,0.009568,-2.923276,0.792873,5.057008,11.544577,0.759733,0.536992,0.329486,7.148213,73.488482,1.570745,0.031257,0.007627
SCHW,2024-12-31,,,0.345281,,-2.079377,0.038036,0.003835,,,98.919878,34.155109,3.762534,-16.425645,,31.458919,-15.129012,0.010109,0.933003,0.09406,,,,,0.011106,0.060543,,-5.884239,0.047664,0.013136
SCHW,2025-03-31,,,0.340954,,1.114842,0.038557,0.004124,,,95.344461,32.508051,3.676205,29.159336,,29.941879,26.85751,0.010488,0.805478,0.086152,,,,,0.012095,0.0663,,3.331063,0.020897,0.022504
SCHW,2025-06-30,,,0.363357,,0.521108,0.042992,0.004632,,,85.612688,31.107943,3.680665,59.695827,,28.652295,54.983463,0.011681,0.761784,0.082083,,,,,0.012749,0.070677,,1.494356,0.021877,0.012306
SCHW,2025-09-30,,,0.384352,,0.064059,0.047748,0.005068,,,77.189388,29.667902,3.685659,463.136325,,27.32593,426.576534,0.012955,0.558561,0.059288,,,,,0.013186,0.065413,,0.228159,0.023635,0.009943
SCHW,2025-12-31,,,0.3881,,-0.14536,0.049752,0.005008,,,74.018941,28.726732,3.682601,-197.624947,,26.459056,-182.024514,0.01351,0.626222,0.063037,,,,,0.012904,0.058914,,-0.310289,0.024937,0.009154
SCHW,2026-03-31,,,0.382444,,1.111077,0.050351,0.005025,,,73.421773,28.079694,3.696888,25.272504,,25.863094,23.277503,0.01362,0.67167,0.067034,,,,,0.01314,0.061029,,2.961678,0.021598,0.02129
SCHW,2026-06-30,,,0.395928,,0.581872,0.055836,0.005413,,,65.004491,25.737072,3.629581,44.231489,,23.705398,40.739873,0.015384,0.744711,0.072197,,,,,0.013672,0.057567,,1.535714,0.02616,0.013009
SHW,2024-12-31,0.485766,0.127143,0.090633,0.16537,0.11978,0.118508,0.020315,0.037681,0.042446,162.17418,14.698298,19.218953,122.710518,105.183082,17.394167,145.217305,0.006166,2.940684,0.504104,11.047945,7.249746,0.79322,0.457165,0.224148,2.217515,169.275051,1.946469,0.056634,0.010477
SHW,2025-03-31,0.48233,0.142168,0.094973,0.172965,-0.047195,0.122007,0.020454,0.039048,0.045157,154.514435,14.67475,18.851801,-310.941788,100.403596,17.3663,-367.972764,0.006472,3.104017,0.520371,11.525117,7.290944,0.766781,0.447459,0.215363,1.886069,193.829879,-0.121254,0.035679,0.005013
SHW,2025-06-30,0.493832,0.17406,0.119519,0.199667,0.147454,0.171488,0.029755,0.055777,0.063965,103.166588,12.330323,17.691796,83.621333,73.080885,14.591873,98.95863,0.009693,2.901725,0.503485,8.261818,9.769573,0.783917,0.480784,0.248959,2.029146,170.126094,1.474228,0.028743,0.005384
SHW,2025-09-30,0.49157,0.181435,0.131028,0.211475,0.174766,0.188258,0.03179,0.05685,0.062868,93.457957,12.245576,17.594248,70.068236,68.526238,14.491583,82.919709,0.0107,3.068176,0.518102,8.38465,10.048635,0.822386,0.517803,0.24262,2.036383,160.575518,1.569559,0.030889,0.00486
SHW,2025-12-31,0.484748,0.141121,0.085205,0.171018,0.154059,0.10369,0.018408,0.038091,0.040598,163.29661,13.913727,16.932306,90.314144,96.280439,16.465695,106.878993,0.006124,2.814649,0.499681,11.14326,5.855623,0.868084,0.533098,0.216044,2.004837,177.502444,2.291317,0.041173,0.005718
SHW,2026-03-31,0.490656,0.141647,0.094355,0.176146,0.000141,0.12067,0.02027,0.03914,0.043059,145.614033,13.739403,17.571218,97324.77952,92.306532,16.259398,115175.4752,0.006867,3.111349,0.522645,11.503606,6.165653,0.862647,0.534401,0.214829,1.775289,189.135874,0.260146,0.024405,0.005206
SHW,2026-06-30,0.491656,0.181315,0.124254,0.211333,0.182508,0.21885,0.031301,0.058609,0.07206,92.294717,11.468019,20.198673,62.835787,64.218274,13.571411,74.36073,0.010835,3.68781,0.527446,8.209228,9.186166,0.727039,0.464267,0.251909,1.901126,160.61334,1.597321,0.015966,0.004095
SJM,2025-01-31,0.401693,0.214456,-0.302973,-0.203568,0.069213,-0.095884,-0.035945,0.031764,-0.037466,-19.830756,6.008193,1.901454,86.807072,-45.013282,9.163271,132.392006,-0.050427,1.149089,0.430765,-17.528315,-5.944444,0.600505,0.270262,0.118639,3.340975,96.133096,-0.361468,0.040302,0.0043
SJM,2025-04-30,0.384038,0.18094,-0.34005,-0.223668,0.139425,-0.11985,-0.041507,0.02819,-0.040432,-18.016337,6.126462,2.159259,43.940816,-41.774579,9.343647,67.015425,-0.055505,1.27605,0.441927,-15.865902,-6.400212,0.809427,0.353394,0.122061,3.463328,83.470613,-0.540329,0.044314,0.002192
SJM,2025-07-31,0.224625,0.024417,-0.020773,0.084654,-0.044906,-0.007408,-0.002474,0.002881,0.002955,-299.177905,6.214882,2.216357,-138.397366,111.967079,9.478498,-211.073872,-0.003342,1.363607,0.455453,44.441587,0.436128,0.813128,0.343918,0.119114,3.285603,144.926608,0.241458,0.03989,0.004259
SJM,2025-10-31,0.373332,0.182009,0.103558,0.240462,0.120252,0.039817,0.013688,0.023209,0.027796,54.429797,5.636629,2.16724,46.873341,35.750331,8.596588,71.487903,0.018372,1.305831,0.448915,13.787614,4.229209,0.885433,0.369822,0.13218,3.450977,166.883762,1.435972,0.028454,0.00382
SJM,2026-01-31,0.353851,0.178807,-0.309567,-0.176669,0.208173,-0.138309,-0.044523,0.033293,-0.040077,-18.13575,5.614222,2.508338,26.969014,-48.465789,8.562414,41.131233,-0.05514,1.423636,0.458283,-17.603194,-5.898413,0.843592,0.346795,0.143824,3.623045,111.730697,-0.771196,0.030563,0.001069
SJM,2026-04-30,0.380098,0.197963,0.171112,0.24245,0.21335,0.070006,0.023928,0.035898,0.03037,33.841561,5.79071,2.369117,27.141786,36.42646,8.831582,41.394731,0.029549,1.278726,0.437069,12.55701,4.726962,0.777362,0.333543,0.139839,3.455889,93.000173,1.492399,0.042018,0.001411
SJM,2026-07-31,0.4414,0.230793,0.146127,0.287343,0.151985,0.056392,0.020015,0.031084,0.036667,40.49926,5.918042,2.283841,38.938364,31.411182,9.025779,59.386038,0.024692,1.199329,0.425663,10.49804,6.199271,0.869976,0.351582,0.136967,3.604515,95.785559,1.312673,0.039832,0.005497
SLB,2024-12-31,0.211224,0.181926,0.117945,0.165015,0.185696,0.051822,0.022377,0.041002,0.042022,69.287121,8.172059,3.590601,44.007771,55.963054,9.234748,49.73051,0.014433,0.571415,0.246735,5.567885,11.587786,1.449536,1.108032,0.189721,1.158907,322.179297,2.182648,0.071736,0.007755
SLB,2025-03-31,0.189164,0.157597,0.093875,0.217903,0.024853,0.04084,0.016265,0.031132,0.035624,95.193723,8.936325,3.887748,359.570602,46.343459,10.098398,406.328907,0.010505,0.717499,0.285743,5.981622,8.231293,1.236699,0.927441,0.173258,0.98675,74.518288,0.828105,0.052886,0.010718
SLB,2025-06-30,0.188626,0.157384,0.118652,0.241048,0.096185,0.049946,0.020792,0.032263,0.041084,74.821891,8.877767,3.737041,92.298536,41.619126,10.032226,104.300973,0.013365,0.674712,0.280875,5.078641,10.049296,1.314784,0.977057,0.175234,0.995341,90.194845,1.126233,0.037444,0.00901
SLB,2025-09-30,0.174507,0.147401,0.082773,0.199373,0.123768,0.028828,0.013414,0.026525,0.027816,102.664949,8.497916,2.959602,68.660088,48.165955,9.602979,77.588597,0.00974,0.497991,0.231717,5.478652,8.042254,1.386906,1.007836,0.162053,0.980991,97.901729,2.276049,0.064628,0.009969
SLB,2025-12-31,0.177424,0.149615,0.084556,0.130015,0.246793,0.03156,0.015018,0.03277,0.026627,92.074511,7.785469,2.905871,31.546527,67.668034,8.797886,35.648815,0.010861,0.44567,0.212073,6.787687,8.484127,1.325521,0.983697,0.177608,1.121533,333.324779,3.646845,0.06157,0.007696
SLB,2026-03-31,0.15262,0.122692,0.086229,0.201468,0.009173,0.028728,0.013792,0.022542,0.026725,100.890156,8.699621,2.898323,948.367462,48.796471,9.830914,1071.692493,0.009912,0.443443,0.212889,5.002277,9.241379,1.341497,0.975578,0.159942,0.965033,88.497537,0.647606,0.046669,0.011581
SLB,2026-06-30,0.155484,0.127062,0.087606,0.2072,0.107445,0.030145,0.014154,0.023456,0.027661,96.52595,8.456241,2.909772,78.702694,46.119096,9.555885,88.937136,0.01036,0.490834,0.230462,5.408822,8.960938,1.439215,1.052751,0.161565,0.982479,93.363435,1.729008,0.044026,0.008694
SMCI,2024-12-31,0.118004,0.064922,0.056463,0.069386,-0.047076,0.051392,0.032955,0.038372,0.045586,80.103237,4.522886,4.116626,-96.077253,80.265863,5.56934,-118.306512,0.012484,0.307114,0.196937,1.215906,58.390666,6.383124,3.734635,0.583651,1.85584,418.741771,-0.747848,0.00485,0.014463
SMCI,2025-03-31,0.095701,0.031909,0.023648,0.031224,0.129147,0.017052,0.01013,0.015705,0.013798,236.086463,5.582883,4.02563,43.228974,220.171015,6.874587,53.230801,0.004236,0.392751,0.233317,,9.585659,6.661543,3.951547,0.428356,1.740706,492.860956,5.761917,0.007109,0.018414
SMCI,2025-06-30,0.094513,0.039672,0.033899,0.045796,0.146074,0.030969,0.013921,0.018861,0.020988,131.592369,4.460861,4.075219,30.538362,119.944404,5.492964,37.603979,0.007599,0.758343,0.340897,,10.995736,5.246373,3.250301,0.410667,2.612097,377.689707,4.42529,0.003939,0.014524
SMCI,2025-09-30,0.093143,0.036322,0.033538,0.050638,-0.189285,0.025797,0.011698,0.013024,0.019394,152.602889,5.117946,3.936723,-27.038289,124.453943,6.302078,-33.294099,0.006553,0.736701,0.334059,2.278087,9.365168,5.394148,2.952977,0.348796,1.987213,540.646513,-5.452197,0.006431,0.017765
SMCI,2025-12-31,0.062966,0.037398,0.031584,0.043208,-0.003558,0.057289,0.014305,0.032038,0.041695,64.111546,2.0249,3.672872,-569.178776,57.707192,2.493398,-700.868867,0.015598,0.702181,0.175335,1.435728,20.725806,1.696765,1.008602,0.45292,1.152522,219.710162,-0.059661,0.001673,0.007135
SMCI,2026-03-31,0.099451,0.061102,0.047192,0.068181,-0.653685,0.06381,0.020612,0.030332,0.044063,53.126744,2.50715,3.390009,-3.835411,45.279534,3.087226,-4.722805,0.018823,1.162416,0.375482,10.714416,10.474885,2.655331,1.288364,0.436765,1.217465,593.264123,-13.685569,0.007837,0.012295
SMCI,2026-06-30,0.174701,0.133821,0.105957,0.141518,0.064635,0.081372,0.039345,0.062944,0.067997,21.796305,2.309469,1.773601,35.730722,20.095016,2.843807,43.997688,0.045879,0.605058,0.292562,0.761805,19.414777,3.872324,2.071241,0.371334,1.815351,624.600515,0.633976,0.002539,0.009583
SNA,2024-12-31,0.51016,0.255465,0.198661,0.289255,0.211977,0.047849,0.032684,0.039209,0.050683,74.584462,14.817003,3.56876,69.899236,50.401939,14.579009,68.776503,0.013408,0.239669,0.163712,,28.577236,4.149142,3.167967,0.164522,1.592938,617.70883,1.137156,0.013932,0.005465
SNA,2025-03-31,0.521879,0.252091,0.193452,0.282979,0.221686,0.043563,0.029805,0.036453,0.046371,80.042618,15.484435,3.486859,69.848511,53.840389,15.235721,68.726592,0.012493,0.230746,0.157876,,26.435484,4.141814,3.180518,0.154071,1.457957,667.852829,1.241164,0.01842,0.00362
SNA,2025-06-30,0.51807,0.255484,0.195379,0.285692,0.169776,0.043793,0.030518,0.036889,0.04705,76.908708,15.026344,3.368078,88.506895,51.7515,14.784989,87.085282,0.013002,0.222395,0.154978,,27.772358,4.481784,3.422092,0.156197,1.520774,670.335736,0.947663,0.015377,0.006635
SNA,2025-09-30,0.522331,0.268906,0.205434,0.299172,0.199706,0.045609,0.031763,0.038472,0.049152,72.532968,14.900727,3.308171,74.613371,49.006595,14.661389,73.414918,0.013787,0.218611,0.152245,,29.169355,4.399378,3.371589,0.154615,1.395593,707.037577,1.047099,0.015404,0.006734
SNA,2025-12-31,0.507426,0.253452,0.194567,0.284051,0.190014,0.04395,0.03099,0.037173,0.047413,73.84062,14.36693,3.245263,75.609779,49.766287,14.136166,74.395321,0.013543,0.217792,0.153573,,26.514925,4.793468,3.6773,0.159279,1.520195,680.368178,1.028385,0.010075,0.005374
SNA,2026-03-31,0.51693,0.243675,0.188795,0.275625,0.265612,0.041456,0.029003,0.034917,0.046435,77.936234,14.713942,3.230938,55.396402,52.52648,14.477604,54.506615,0.012831,0.213323,0.149241,,27.064516,3.52781,2.736173,0.153621,1.468845,691.40363,1.492713,0.016204,0.005198
SNA,2026-06-30,0.526446,0.252023,0.195235,0.28199,0.186095,0.043136,0.030159,0.036438,0.047999,73.868955,14.421823,3.186442,77.49698,50.321596,14.190177,76.252209,0.013537,0.211759,0.148052,,28.577236,3.432506,2.63935,0.154475,1.416684,706.834634,1.041827,0.017306,0.007042
SNDK,2024-12-31,0.323028,0.098614,0.055437,0.113539,0.025053,0.008666,0.007306,0.008859,0.014319,2522.658658,139.848881,21.86122,5582.053202,1210.307464,137.417638,5485.010421,0.000396,0.060995,0.051426,,44.25,2.379071,1.219434,0.131797,2.075221,708.152578,0.913462,0.025586,0.025586
SNDK,2025-03-31,0.225369,-0.024779,-1.140413,-1.090265,-0.010619,-0.211003,-0.149151,-0.003781,-0.16271,-135.725039,154.782596,28.638413,-14575.361138,-139.499724,152.091734,-14321.971655,-0.007368,0.233926,0.165355,-0.238095,-117.8125,3.701818,2.130909,0.130787,1.731359,710.363948,-0.013451,0.025959,0.025959
SNDK,2025-06-30,0.261967,0.026828,-0.012099,0.031036,0.025776,-0.002496,-0.001771,0.004609,0.00199,-11406.804369,138.009732,28.467502,5354.214296,4369.415081,135.610463,5261.132445,-8.8e-05,0.221571,0.157258,6.237288,0.560976,3.564121,2.107218,0.1464,1.779963,650.709105,-4.086957,0.023672,0.025776
SNDK,2025-09-30,0.29766,0.083189,0.048527,0.086655,0.189775,0.011939,0.008785,0.016159,0.0146,2342.468754,113.672661,27.966795,598.987444,1288.977449,111.696486,588.574178,0.000427,0.164055,0.120715,,4.1,3.287599,2.029683,0.181034,1.934619,528.448677,4.357143,0.021664,0.022964
SNDK,2025-12-31,0.509421,0.355372,0.265455,0.330579,0.323967,0.078625,0.061779,0.085176,0.084803,326.720424,86.729422,25.688485,267.710715,257.79549,85.22165,263.056622,0.003061,0.077254,0.060702,,38.48,3.113664,1.922612,0.232728,2.441485,526.797017,1.268991,0.012893,0.019174
SNDK,2026-03-31,0.783529,0.699832,0.607563,0.697647,0.503025,0.262394,0.211713,0.266036,0.271342,72.574412,44.093529,19.043079,87.656699,62.10443,43.326973,86.132806,0.013779,0.01321,0.010659,,685.5,4.782473,3.615023,0.348463,2.182685,683.55285,0.840387,0.007563,0.009076
SNDK,2026-06-30,0.845733,0.784941,0.769994,0.879866,0.790073,0.438676,0.306705,0.393293,0.463843,38.006157,29.264529,16.672375,37.040308,32.681984,28.755771,36.39637,0.026312,0.011248,0.007864,,3925.5,2.289912,1.806486,0.398321,1.904206,767.552276,1.032305,0.004796,0.007474
SNPS,2025-01-31,0.81449,0.173048,0.203175,0.240628,-0.074328,0.031777,0.022673,0.027024,0.028295,249.504904,50.693052,7.928641,-682.022359,231.323913,55.663084,-748.888981,0.004008,0.071473,0.050996,,27.134931,2.681096,2.505059,0.111595,1.630337,647.966964,-0.228133,0.027977,0.128126
SNPS,2025-04-30,0.801562,0.234641,0.215259,0.336248,0.136995,0.034827,0.014536,0.016608,0.022975,213.633137,45.986363,7.440143,335.678249,150.171794,50.494944,368.588711,0.004681,1.083356,0.452181,,5.199786,7.015169,6.85086,0.06753,1.600752,584.134331,0.797392,0.03465,0.125742
SNPS,2025-07-31,0.781252,0.094997,0.139394,0.258821,0.363477,0.008782,0.005028,0.003939,0.007498,304.212869,42.405466,2.671577,116.666048,179.903929,46.56297,128.104184,0.003287,0.548273,0.313917,26.23619,2.292201,1.624649,1.513722,0.036071,1.249476,531.045457,2.766743,0.02219,0.153887
SNPS,2025-10-31,0.709666,0.053836,0.198991,0.514621,0.268394,0.01584,0.009304,0.002521,0.015983,164.41947,32.717933,2.604328,121.902402,69.809885,35.925654,133.853919,0.006082,0.504576,0.296394,9.13176,3.652214,1.615074,1.51697,0.046758,1.455821,362.461786,1.425772,0.015321,0.105277
SNPS,2026-01-31,0.735394,0.133398,0.026967,0.28747,0.341046,0.002126,0.001375,0.00648,0.005584,1135.723984,30.627042,2.414965,89.803142,116.985514,33.629769,98.607593,0.00088,0.355777,0.230081,11.429806,1.485837,1.362951,1.263216,0.050993,1.468184,408.925805,13.190554,0.014663,0.107408
SNPS,2026-04-30,0.723263,0.103832,0.007515,0.267633,0.252522,0.000561,0.000365,0.005104,0.003542,4313.028853,32.414255,2.420567,128.362167,132.988778,35.592203,140.947011,0.000232,0.355729,0.231226,12.515395,1.144537,1.434383,1.317823,0.04854,1.795925,355.403195,36.769015,0.023813,0.097673
SNPS,2026-07-31,0.725702,0.145208,0.220363,0.513561,0.3013,0.01752,0.011436,0.006967,0.019112,135.167385,29.785894,2.368165,98.857992,63.685001,32.706154,108.550197,0.007398,0.348023,0.227166,5.055876,6.133239,1.336928,1.24052,0.051896,1.878163,346.037838,1.489258,0.026878,0.093509
SO,2024-12-31,0.41965,0.166851,0.084214,0.408138,-0.090837,0.01608,0.003678,0.009228,0.009583,184.23041,15.514751,2.96251,-170.796942,67.717946,27.638234,-304.260494,0.005428,1.995814,0.456516,24.634467,1.786436,0.668668,0.458013,0.043677,2.84605,95.318563,4.069288,0.433528,0.001892
SO,2025-03-31,0.481158,0.258521,0.171576,0.472669,-0.152669,0.039422,0.009007,0.016074,0.016853,73.747405,12.653253,2.907268,-82.880403,47.688175,22.540713,-147.64452,0.01356,2.072165,0.473435,18.039184,3.170868,0.85817,0.636383,0.052495,3.156719,112.00713,0.937031,0.313441,0.011576
SO,2025-06-30,0.500502,0.252976,0.126201,0.496917,-0.120178,0.025872,0.005912,0.012749,0.015013,111.794362,14.108567,2.89231,-117.397421,50.578368,25.133235,-209.133705,0.008945,2.082201,0.475798,19.645599,2.306636,0.741318,0.530268,0.046845,3.030422,133.754218,2.478409,0.432956,0.001721
SO,2025-09-30,0.550173,0.331586,0.218714,0.566407,0.09945,0.048883,0.011165,0.019547,0.020993,57.497977,12.575615,2.810669,126.451207,39.551804,22.402409,225.262268,0.017392,2.106908,0.48122,15.564207,3.796026,0.754932,0.560325,0.051048,3.395399,132.184392,2.205728,0.382973,0.002812
SO,2025-12-31,0.399656,0.131357,0.05959,0.386191,-0.241799,0.01155,0.002671,0.008443,0.007858,236.488074,14.092399,2.731537,-58.281421,65.005209,25.104433,-103.823486,0.004229,2.056725,0.475694,26.317507,1.218994,0.646435,0.449076,0.04483,3.101288,84.859571,6.242788,0.613809,0.001719
SO,2026-03-31,0.46469,0.240324,0.161486,0.46731,-0.204597,0.036528,0.008635,0.015444,0.01654,72.550914,11.715975,2.650155,-57.263701,44.662091,20.871031,-102.010503,0.013783,2.047438,0.484013,18.741335,3.012853,0.650281,0.4434,0.053474,3.491476,125.652659,0.90413,0.350601,0.011552
SO,2026-06-30,0.512685,0.254551,0.168267,0.539917,-0.091873,0.029669,0.007246,0.013326,0.01484,83.798159,14.100479,2.486203,-153.47744,46.523505,25.118825,-273.407246,0.011933,1.948117,0.475766,19.2721,2.727387,0.786704,0.576586,0.043061,3.03216,113.076236,2.601363,0.529597,0.00215
SOLV,2024-12-31,0.539277,0.065542,0.01494,0.13012,0.044337,0.010477,0.002144,0.012399,0.010209,487.828249,7.288036,5.110739,164.37691,74.12843,9.645627,217.550826,0.00205,2.706996,0.554057,26.844444,1.121495,1.201998,0.844987,0.143529,1.987548,316.127683,7.064516,0.061205,0.012048
SOLV,2025-03-31,0.538164,0.07343,0.066184,0.130918,-0.038647,0.041999,0.009431,0.013602,0.011872,110.384494,7.30564,4.636013,-189.033446,73.854893,9.668926,-250.18345,0.009059,2.425812,0.54471,27.228782,1.365385,1.18979,0.852299,0.142493,2.235421,263.311574,0.211679,0.052657,0.023671
SOLV,2025-06-30,0.54373,0.099028,0.041647,0.151782,0.027302,0.024691,0.005971,0.016317,0.016541,168.02973,6.997999,4.148882,256.316537,61.020354,9.261766,339.231796,0.005951,2.144033,0.518442,22.32622,2.0,1.224427,0.857252,0.143359,2.029108,297.970234,1.877778,0.050902,0.015733
SOLV,2025-09-30,0.541508,0.082061,0.604008,0.822519,-0.010019,0.253911,0.090603,0.014208,0.145265,11.945241,7.215017,3.033028,-720.127415,11.609441,9.548987,-953.079808,0.083715,1.030285,0.367638,2.027262,18.011236,1.5,1.142954,0.150004,2.056919,321.778729,0.060032,0.046279,0.019561
SOLV,2025-12-31,0.514014,0.046547,0.031532,0.113113,0.016016,0.012475,0.004407,0.009222,0.009769,240.042472,7.568907,2.994589,472.583616,88.560513,10.017355,625.458624,0.004166,0.99703,0.352246,18.393805,2.137255,1.230548,0.890625,0.139779,1.932302,331.360423,1.507937,0.031532,0.018519
SOLV,2026-03-31,0.545862,0.039382,0.006481,0.106181,-0.136092,0.002616,0.000922,0.006387,0.007255,1163.282747,7.538722,3.042792,-55.394417,93.965615,9.977406,-73.313831,0.00086,1.063783,0.375044,21.215962,1.258065,1.070831,0.745368,0.1423,1.89424,348.946292,-14.538462,0.041874,0.025424
SOLV,2026-06-30,0.582164,0.081938,0.041648,0.138072,0.065188,0.019171,0.006459,0.015779,0.016257,164.37691,6.845937,3.151214,105.018581,65.621888,9.060514,138.990805,0.006084,1.101479,0.37113,15.331148,2.6875,1.021294,0.737374,0.155094,1.68626,350.512831,2.467391,0.037574,0.017202
SPG,2024-12-31,0.828234,0.528207,0.422229,0.839235,0.548389,0.227084,0.020616,0.030765,0.033342,116.67173,49.262244,26.494319,89.830801,72.525486,60.86595,110.990417,0.008571,8.42468,0.764828,17.218731,4.253308,0.833193,,0.048826,1.986448,,1.624915,0.137698,
SPG,2025-03-31,0.813705,0.493965,0.281419,0.71477,0.405304,0.159095,0.012754,0.026635,0.02381,188.029179,52.914911,29.914433,130.556248,91.468568,65.379002,161.30873,0.005318,9.698962,0.777553,22.19961,3.071513,0.670979,,0.045322,1.888748,,1.995542,0.156279,
SPG,2025-06-30,0.836411,0.496642,0.371693,0.853644,0.648205,0.227194,0.016728,0.025374,0.030469,139.944197,52.016304,31.79443,80.246739,75.287538,64.268728,99.148833,0.007146,10.571989,0.778401,18.895214,3.916708,0.594469,,0.045005,1.927184,,2.182054,0.16285,
SPG,2025-09-30,0.818425,0.507573,0.379008,0.833771,0.427728,0.258344,0.018065,0.028322,0.031804,128.407368,48.667372,33.173278,113.781153,72.119285,60.130955,140.582267,0.007788,11.201328,0.783246,18.149988,3.956506,0.697996,,0.047663,1.954359,,1.466636,0.128138,
SPG,2025-12-31,0.823927,0.497174,1.702019,2.378912,0.529647,0.585435,0.075089,0.02651,0.104101,25.563026,43.508765,14.965493,82.146677,22.597409,53.757241,101.496301,0.039119,5.603919,0.71877,6.477892,13.973741,0.571377,,0.044118,1.917895,,0.394785,0.142285,
SPG,2026-03-31,0.80256,0.433764,0.273408,0.772215,0.355691,0.098874,0.012119,0.02305,0.022805,162.247737,44.359803,16.042025,124.714471,70.975989,54.808741,154.090925,0.006163,5.964951,0.731153,20.418355,2.990122,0.407421,,0.044327,1.994867,,1.734748,0.118603,
SPG,2026-06-30,0.83059,0.460236,0.270286,0.761734,0.535393,0.10914,0.012188,0.024442,0.023997,161.050925,43.529759,17.577128,81.30428,70.606216,53.78318,100.455477,0.006209,6.636163,0.741074,20.294229,3.080419,0.526212,,0.045093,2.025011,,2.470309,0.132296,
SPGI,2024-12-31,0.689866,0.350501,0.244989,0.452116,0.475223,0.026539,0.014613,0.021789,0.024596,135.782205,33.265128,3.603496,69.999028,83.892446,37.929101,79.813317,0.007365,0.359872,0.198153,5.992611,18.914286,0.854036,,0.059647,1.252878,,1.977273,0.009187,0.019488
SPGI,2025-03-31,0.694731,0.41488,0.288589,0.494308,0.240932,0.032663,0.0182,0.027402,0.029165,109.62233,31.63578,3.580604,131.305868,72.973397,36.071309,149.71575,0.009122,0.356987,0.198918,5.314408,20.179487,0.902027,,0.063067,1.225901,,0.874312,0.011385,0.012444
SPGI,2025-06-30,0.701997,0.409321,0.285486,0.499334,0.368575,0.032105,0.01775,0.026509,0.029019,111.463004,31.821129,3.578567,86.335506,72.662044,36.282645,98.440269,0.008972,0.356394,0.197036,5.088533,20.506494,0.982447,,0.062174,1.26049,,1.347948,0.016245,0.011984
SPGI,2025-09-30,0.711677,0.429012,0.302469,0.506944,0.375514,0.035493,0.019682,0.02966,0.031087,101.605731,30.732598,3.606324,81.841329,69.122949,35.041495,93.315981,0.009842,0.358132,0.198597,4.927955,21.227848,0.974324,,0.065072,1.361345,,1.279762,0.011574,0.01929
SPGI,2025-12-31,0.701226,0.358529,0.289581,0.506129,0.434627,0.036431,0.018529,0.02383,0.031458,105.368906,30.512855,3.838736,70.204665,68.73932,34.790943,80.047786,0.00949,0.436341,0.221928,5.723007,31.203704,0.824407,,0.063987,1.138041,,1.541446,0.011747,0.01762
SPGI,2026-03-31,0.703908,0.438024,0.334452,0.554064,0.242148,0.04475,0.022947,0.032369,0.038945,85.654724,28.647408,3.833072,118.305287,58.953411,32.663949,134.892408,0.011675,0.441921,0.226609,4.979662,20.875,0.677022,,0.068611,1.194102,,0.743369,0.006473,0.00935
SPGI,2026-06-30,0.719006,0.434395,0.293536,0.512301,0.337916,0.038634,0.019346,0.029528,0.033767,98.182695,28.82015,3.79316,85.287894,64.143753,32.86091,97.245776,0.010185,0.495921,0.248339,5.195857,20.873563,0.954411,,0.065908,1.205934,,1.182416,0.009165,0.013507
SRE,2024-12-31,0.492283,0.27834,0.179883,0.433209,-0.288717,0.021638,0.00703,0.010836,0.011587,78.651828,14.14812,1.701832,-49.003351,61.674227,26.71784,-92.539761,0.012714,1.14743,0.372815,21.058354,9.542857,0.546197,0.488425,0.039083,1.895108,-128.59123,2.019231,0.651943,0.00612
SRE,2025-03-31,0.47212,0.252236,0.241189,0.453446,-0.224619,0.028961,0.009262,0.012777,0.012169,57.981064,13.984386,1.679204,-62.258356,58.239931,26.408638,-117.571008,0.017247,1.191612,0.381073,20.87645,2.503464,0.570264,0.513086,0.0384,1.804461,-53.787343,1.61614,0.614413,-0.000526
SRE,2025-06-30,0.467333,0.194667,0.157667,0.436667,-0.506667,0.014913,0.004734,0.003558,0.007196,112.407264,17.722879,1.676345,-34.979366,76.645528,33.468547,-66.056343,0.008896,1.216698,0.386259,29.339695,1.830084,0.484373,0.411758,0.030028,1.861042,-123.876462,1.657505,0.768,0.004333
SRE,2025-09-30,0.429387,0.157728,0.030149,0.388765,-0.460489,0.003048,0.000889,0.0,0.006476,559.669852,16.873575,1.705654,-36.642754,81.963789,31.864691,-69.197547,0.001787,1.048794,0.305774,26.684082,1.397022,1.587252,1.558985,0.029471,2.236338,13.80281,11.684211,0.812758,0.004443
SRE,2025-12-31,0.489997,0.277407,0.093892,0.268071,-0.592691,0.011134,0.003175,0.015612,0.004461,151.047261,14.182085,1.681807,-23.928279,99.906111,26.78198,-45.187057,0.00662,1.107769,0.315852,34.81791,1.178042,1.591167,1.565543,0.033812,2.121675,0.224252,3.377841,0.909843,0.010403
SRE,2026-03-31,0.525581,0.298222,0.283721,0.50643,-0.178386,0.032146,0.009135,0.014656,0.013358,51.271587,14.546822,1.64818,-81.546988,54.243998,27.470764,-153.996382,0.019504,1.12939,0.320945,19.253917,3.219895,1.688652,1.66393,0.032198,2.278678,33.041013,1.744455,0.673324,0.00684
SRE,2026-06-30,0.546547,0.277611,0.265933,0.51685,-0.306306,0.024369,0.006914,0.009347,0.010056,66.710961,17.740619,1.625704,-57.917904,64.819652,33.502049,-109.374337,0.01499,1.121052,0.31804,23.638476,2.17907,1.64171,1.619272,0.025997,2.078363,-20.17575,1.641154,0.742743,0.00634
STE,2024-12-31,0.445312,0.180518,0.126596,0.272674,0.177745,0.027041,0.017336,0.02185,0.027179,115.22434,14.586956,3.115821,82.066597,57.715073,15.737412,88.539092,0.008679,0.361574,0.231795,5.374758,12.973822,2.129739,1.400816,0.136935,1.497489,441.202497,1.918156,0.065086,0.011164
STE,2025-03-31,0.433095,0.188867,0.098392,0.227469,0.128262,0.02206,0.014356,0.024069,0.0235,137.235865,13.502874,3.027444,105.27564,64.043123,14.567829,113.578606,0.007287,0.33354,0.217064,5.558607,12.528542,1.957347,1.388671,0.145911,1.418133,388.060822,1.790193,0.047878,0.006613
STE,2025-06-30,0.451441,0.178132,0.127525,0.263964,0.234634,0.025499,0.017049,0.021467,0.026144,112.691223,14.370946,2.873569,61.248232,58.736718,15.504366,66.078808,0.008874,0.297384,0.198837,4.421296,15.584906,2.220807,1.528815,0.133695,1.468799,411.271888,2.367531,0.067285,0.008554
STE,2025-09-30,0.442306,0.183524,0.131411,0.266863,0.137848,0.027379,0.018433,0.022886,0.028146,104.176253,13.689942,2.85221,99.31159,55.345453,14.769652,107.144177,0.009599,0.29369,0.197729,4.049269,17.986577,2.369558,1.628755,0.140269,1.541539,393.461023,1.499739,0.059234,0.014518
STE,2025-12-31,0.43811,0.18293,0.12886,0.263802,0.133338,0.026948,0.018203,0.022786,0.028203,103.689953,13.361464,2.794245,100.207634,54.644345,14.415267,108.110892,0.009644,0.28705,0.193903,3.736255,18.302013,2.478803,1.748563,0.141266,1.510398,410.286725,1.54668,0.065967,0.010493
STE,2026-03-31,0.438869,0.199257,0.13863,0.278897,0.154369,0.030653,0.020508,0.02512,0.033319,90.78757,12.585887,2.782925,81.531089,48.686508,13.578521,87.961349,0.011015,0.290551,0.19439,3.368397,21.165563,2.091354,1.539563,0.147934,1.453514,371.11671,1.523161,0.056787,0.008121
STE,2026-06-30,0.458364,0.191532,0.134052,0.276747,0.187312,0.027766,0.018638,0.023089,0.030605,99.907161,13.392794,2.774005,71.500082,52.210416,14.449067,77.139209,0.010009,0.283694,0.190432,3.416364,18.310127,1.905868,1.35097,0.139036,1.473253,413.865327,1.834583,0.058619,0.008575
STLD,2024-12-31,0.11408,0.066438,0.053535,0.099194,-0.027453,0.023202,0.013879,0.018192,0.020223,162.66525,8.708204,3.774153,-317.200528,97.603528,9.681663,-352.659231,0.006148,0.361641,0.216335,6.877371,17.733864,2.525519,1.077664,0.259262,2.732247,360.631343,1.673342,0.117035,0.006492
STLD,2025-03-31,0.111358,0.068168,0.0497,0.097625,-0.034996,0.024607,0.013631,0.017741,0.021428,155.280739,7.717524,3.821017,-220.527836,87.890107,8.580238,-245.179847,0.00644,0.475492,0.2634,7.054801,24.135273,2.742916,1.375561,0.274267,2.539047,316.857913,0.702751,0.069923,0.0039
STLD,2025-06-30,0.135477,0.090591,0.065437,0.117875,0.002909,0.033701,0.019212,0.025397,0.029516,112.877244,7.3863,3.804058,2539.109012,69.667159,8.211988,2822.946853,0.008859,0.426557,0.243174,6.17524,23.315517,3.128282,1.335674,0.293603,2.683827,324.084746,1.009658,0.06316,0.003081
STLD,2025-09-30,0.156969,0.113944,0.08361,0.13792,0.115346,0.044878,0.025286,0.033845,0.03765,83.528909,6.983817,3.74862,60.546595,56.297337,7.764512,67.314881,0.011972,0.4205,0.236921,4.52331,38.857953,3.106927,1.47376,0.302424,2.740251,310.832699,1.790029,0.034317,0.002949
STLD,2025-12-31,0.119911,0.076444,0.06027,0.109615,0.019079,0.029701,0.016202,0.021822,0.02361,126.748816,7.639103,3.764506,400.391466,77.480876,8.493051,445.149784,0.00789,0.470144,0.256469,7.112371,12.521812,3.055323,1.293745,0.268825,2.623256,374.70503,1.025106,0.042704,0.005356
STLD,2026-03-31,0.146637,0.111473,0.077511,0.135591,0.001986,0.04402,0.024129,0.033843,0.037558,83.580463,6.478441,3.679202,3262.007128,53.120204,7.202643,3626.655142,0.011965,0.458359,0.25124,5.163795,16.439156,3.130378,1.329997,0.311291,2.531011,352.005884,0.367632,0.02651,0.003353
STLD,2026-06-30,0.157427,0.124401,0.087677,0.147172,0.049921,0.0567,0.031209,0.043267,0.048737,63.134597,5.535427,3.579729,110.884686,41.81649,6.154212,123.280085,0.015839,0.443986,0.244378,4.03169,18.470961,3.183236,1.453856,0.355952,2.493537,322.176839,0.801248,0.02033,0.002325
STT,2024-12-31,,,0.229484,,-2.250586,0.030917,0.002217,,,64.156715,14.722951,1.983523,-6.541829,,-16.698795,7.419754,0.015587,1.307431,0.093738,,,,,0.009659,0.751873,,-9.489144,0.072978,
STT,2025-03-31,,,0.196102,,0.66078,0.024127,0.001728,,,78.004205,15.296805,1.882014,23.149635,,-17.349662,-26.256355,0.01282,1.374756,0.098459,,,,,0.008812,0.624929,,3.720497,0.068819,
STT,2025-06-30,,,0.199769,,-2.525223,0.025378,0.00184,,,72.488756,14.481034,1.839627,-5.734556,,-16.424413,6.504143,0.013795,1.309371,0.094912,,,,,0.009209,0.710424,,-12.180375,0.091957,
STT,2025-09-30,,,0.242877,,2.160226,0.031148,0.00232,,,58.344609,14.170581,1.817333,6.559769,,-16.072296,-7.440101,0.01714,1.248571,0.093009,,,,,0.009553,0.705332,,9.176539,0.068547,
STT,2025-12-31,,,0.203709,,2.665667,0.026831,0.002041,,,67.248605,13.69913,1.804343,5.139101,,-15.537576,-5.828776,0.01487,1.040336,0.079126,,,,,0.010018,0.731061,,13.443106,0.072812,
STT,2026-03-31,,,0.201264,,-3.270021,0.027539,0.001948,,,65.752236,13.23359,1.810782,-4.046943,,-15.00956,4.59005,0.015209,1.05306,0.074494,,,,,0.00968,0.690558,,-15.893979,0.071128,
STT,2026-06-30,,,0.267787,,-0.741354,0.038347,0.002591,,,46.341982,12.40976,1.777087,-16.739323,,-14.07517,18.985768,0.021579,1.063959,0.071887,,,,,0.009675,0.727665,,-2.145756,0.166749,
STX,2024-12-31,0.349247,0.210323,0.144516,0.213763,0.064516,-0.311399,0.042216,0.102052,0.086974,581.198897,83.992615,-180.985013,1301.885529,396.044366,84.659806,1312.227,0.001721,-5.263207,0.713532,8.935614,5.166667,1.233412,0.737285,0.292122,3.960818,69.475887,0.657738,0.030538,0.021075
STX,2025-03-31,0.351852,0.204167,0.157407,0.229167,0.1,-0.410133,0.04495,0.097838,0.083851,574.361263,90.408717,-235.56433,904.087173,397.644546,91.126875,911.26875,0.001741,-6.207479,0.680328,8.751515,5.61039,1.360697,0.750415,0.285563,3.472669,106.410053,0.761765,0.019907,0.025
STX,2025-06-30,0.373977,0.237725,0.199673,0.256956,0.173895,-1.077263,0.060825,0.126877,0.105488,400.169732,79.902958,-431.087923,459.48901,313.430016,80.537664,463.138941,0.002499,-11.726269,0.662096,6.535032,7.56,1.379532,0.835725,0.304624,2.548488,104.097994,1.040984,0.033961,0.024141
STX,2025-09-30,0.394447,0.268924,0.208825,0.291366,0.162419,-8.714286,0.065032,0.1282,0.160462,355.706429,74.28027,-3099.727449,457.336837,256.963512,74.870312,460.969672,0.002811,-79.269841,0.591566,5.067885,8.675,0.979354,0.615983,0.311419,2.45014,108.390062,0.969035,0.039939,0.019779
STX,2025-12-31,0.416283,0.299469,0.209912,0.299823,0.214867,1.291939,0.068098,0.14312,0.157469,329.313372,69.126665,425.452787,321.718005,232.389669,69.67577,324.273559,0.003037,10.466231,0.551677,4.076741,10.819444,1.119117,0.720819,0.324414,2.267255,100.560079,1.219224,0.041062,0.018761
STX,2026-03-31,0.464974,0.356684,0.24036,0.320694,0.306234,0.683105,0.084121,0.193823,0.164927,261.073301,62.751552,178.340483,204.913777,197.228507,63.250016,206.541501,0.00383,3.815525,0.469861,2.722445,13.705882,1.326442,0.854366,0.349978,2.599833,104.441686,1.489305,0.051735,0.017352
STX,2026-06-30,0.523009,0.430697,0.356572,0.45164,0.308074,0.597139,0.129763,0.23445,0.229218,150.914088,53.811747,90.116673,174.671583,120.09399,54.239198,176.059079,0.006626,1.780341,0.386883,1.135448,24.515625,1.669651,1.167253,0.363919,2.365711,116.965326,1.008501,0.051529,0.01488
STZ,2024-11-30,0.521268,0.321861,0.24998,0.365411,0.185405,0.078782,0.027006,0.038182,0.040031,32.993333,8.247664,2.599273,44.484663,34.483868,12.60079,67.963718,0.030309,1.550244,0.531413,12.779518,7.25441,1.103527,0.456035,0.108032,2.946424,456.138823,1.112518,0.092702,0.007996
STZ,2025-02-28,0.515063,0.281582,-0.173413,-0.063072,0.14421,-0.054534,-0.017333,0.033156,-0.013759,-54.144935,9.389425,2.952716,65.10924,-227.441953,14.345174,99.473972,-0.018469,1.760171,0.559456,-83.733333,-2.419162,0.920995,0.56483,0.099952,2.938493,297.201425,-1.584599,0.130579,0.005314
STZ,2025-05-31,0.503618,0.304533,0.205209,0.32493,0.1767,0.071034,0.023182,0.034842,0.038344,39.373365,8.079759,2.796861,45.725909,37.990488,12.344265,69.860096,0.025398,1.592045,0.519569,14.063999,7.077535,1.066918,0.684713,0.112969,3.09234,244.456219,1.234644,0.07666,0.004135
STZ,2025-08-31,0.528013,0.352277,0.187827,0.392825,0.255865,0.06213,0.021756,0.030072,0.046477,43.606425,8.190485,2.709268,32.011018,31.854942,12.513433,48.906469,0.022932,1.405912,0.492306,10.745844,9.796629,1.082537,0.541175,0.11583,3.716297,228.038843,1.828541,0.087586,0.008746
STZ,2025-11-30,0.532302,0.311319,0.226201,0.367959,0.166862,0.065207,0.023188,0.031103,0.036847,40.414865,9.14189,2.635342,54.787258,37.957974,13.966991,83.704035,0.024743,1.382969,0.491796,12.851693,8.301386,1.338625,0.703985,0.102512,3.138218,257.694626,1.226929,0.110671,0.007153
STZ,2026-02-28,0.495625,0.276638,0.105093,0.285595,0.179096,0.024968,0.009214,0.018222,0.022727,100.696699,10.58254,2.514178,59.088671,56.611646,16.168017,90.275739,0.009931,1.386049,0.511523,19.084792,5.112412,1.080489,0.547401,0.087678,2.91735,303.637536,2.7889,0.113999,0.010259
STZ,2026-05-31,0.542854,0.354997,0.268755,0.388581,0.199203,0.079195,0.029572,0.040634,0.045139,31.080749,8.353103,2.461432,41.932715,32.8423,12.76188,64.064851,0.032174,1.275958,0.476455,11.041151,9.665906,0.913488,0.47714,0.110034,3.347599,257.547451,1.012236,0.072841,0.006166
SW,2024-12-31,0.191272,0.059159,0.019366,0.135164,0.02812,0.00841,0.003336,0.009433,0.011722,159.260967,3.084242,1.339407,109.679722,36.046906,4.872237,173.263196,0.006279,0.783122,0.310679,12.502453,2.093137,1.371199,0.887086,0.172285,1.831188,214.889213,5.349315,0.075474,0.006897
SW,2025-03-31,0.205982,0.078892,0.050157,0.155172,-0.031609,0.021496,0.0086,0.01844,0.015724,60.552347,3.037108,1.301618,-96.083062,30.919021,4.797779,-151.784287,0.016515,0.795958,0.318462,11.29798,3.0,1.427804,0.934856,0.171471,1.683377,246.787361,0.611979,0.062304,0.005617
SW,2025-06-30,0.190806,0.069521,-0.003526,0.107431,0.038665,-0.00153,-0.000612,0.0,0.00629,-830.432183,2.928476,1.270815,75.739743,43.061896,4.626171,119.647549,-0.001204,0.784992,0.313973,15.926143,1.318681,1.446318,0.94915,0.173567,1.639141,245.060461,-29.607143,0.065743,0.004534
SW,2025-09-30,0.196051,0.075722,0.030738,0.149819,0.06535,0.013346,0.005398,0.013578,0.014127,94.520736,2.905423,1.261439,44.459084,30.635361,4.589754,70.232882,0.01058,0.765529,0.309662,11.059216,2.647059,1.481688,0.966916,0.175624,1.714439,242.624117,4.605691,0.076221,0.004373
SW,2025-12-31,0.182322,0.06095,0.012797,0.142876,0.080739,0.005293,0.002148,0.00806,0.010711,239.712383,3.06756,1.268735,37.993629,33.916711,4.845884,60.019277,0.004172,0.751514,0.305003,11.893813,1.751073,1.477775,0.954983,0.167859,1.776007,211.170587,12.319588,0.076913,0.003298
SW,2026-03-31,0.164419,0.039808,0.008428,0.130965,-0.054461,0.0036,0.001439,0.007126,0.007449,357.724633,3.015055,1.287634,-55.362146,36.368116,4.762941,-87.456661,0.002795,0.789401,0.315586,13.446535,1.424242,1.442713,0.95283,0.170733,1.660637,233.332524,3.138462,0.080913,0.003631
SW,2026-06-30,0.1742,0.053418,0.011082,0.12265,0.037355,0.004935,0.001969,0.00916,0.008138,261.259563,2.895293,1.289205,77.507004,37.291165,4.573751,122.439325,0.003828,0.785318,0.313356,13.692386,1.715084,1.44703,0.963884,0.177673,1.631654,231.679662,8.595506,0.057901,0.003362
SWK,2024-12-31,0.307512,0.077651,0.052385,0.101976,0.151754,0.022351,0.00892,0.01949,0.014163,69.410319,3.63609,1.551402,23.960452,47.831234,4.877616,32.141641,0.014407,0.714412,0.285122,15.320242,2.096154,1.297098,0.374484,0.170283,3.914668,390.633895,3.484351,0.030775,0.005268
SWK,2025-03-31,0.299311,0.055093,0.024141,0.10212,-0.12952,0.010224,0.004018,0.00938,0.01573,149.646805,3.612688,1.530048,-27.89293,47.455989,4.846224,-37.416846,0.006682,0.762283,0.299597,16.723326,2.009494,1.104021,0.362594,0.166455,2.755611,435.093448,-4.646018,0.017358,0.009721
SWK,2025-06-30,0.270329,0.049022,0.025829,0.072468,0.034143,0.011244,0.00453,0.012287,0.009798,132.758304,3.428995,1.49267,100.431115,63.473838,4.59981,134.722868,0.007532,0.736754,0.296862,22.264428,1.206816,1.04334,0.339619,0.1754,2.986751,394.000565,2.103042,0.020176,0.007097
SWK,2025-09-30,0.313924,0.103328,0.013685,0.078514,0.041347,0.005726,0.002363,0.024894,0.010364,263.192046,3.601723,1.50692,87.10928,61.536691,4.831515,116.852352,0.0038,0.736591,0.303973,21.513394,1.275755,1.108844,0.351045,0.172659,3.080203,441.388187,4.303502,0.017545,0.004899
SWK,2025-12-31,0.331624,0.114015,0.042935,0.131195,0.239619,0.017472,0.007447,0.019539,0.022484,85.51246,3.671517,1.494055,15.322314,37.540692,4.92514,20.55405,0.011694,0.662293,0.282286,11.550683,2.731207,1.139791,0.347313,0.173444,4.754323,372.32042,6.041087,0.019758,0.003067
SWK,2026-03-31,0.300879,0.06016,0.015495,0.080829,-0.116291,0.006639,0.002759,0.010508,0.01246,226.98106,3.517073,1.507021,-30.243843,58.369798,4.717962,-40.570468,0.004406,0.724231,0.300984,19.837568,1.749779,1.138229,0.428192,0.178076,2.995639,371.443482,-6.52349,0.015209,0.007332
SWK,2026-06-30,0.329689,0.090363,0.088696,0.182998,0.176282,0.039213,0.017483,0.018369,0.03801,38.5086,3.415576,1.510032,19.375639,25.037487,4.581809,25.991364,0.025968,0.531087,0.236788,5.747103,6.176349,1.432277,0.552528,0.197113,3.096716,320.542222,2.172217,0.016386,0.006161
SWKS,2024-12-31,0.41357,0.170987,0.151614,0.293121,0.307347,0.02531,0.019445,0.02102,0.02544,82.444225,12.499733,2.086641,40.669806,42.266489,12.389204,40.310184,0.012129,0.186386,0.143198,,29.0,5.941684,4.734472,0.128254,2.054808,499.468294,2.328395,0.045672,0.047824
SWKS,2025-03-31,0.410827,0.12264,0.072073,0.234368,0.381137,0.011565,0.008712,0.011308,0.015015,194.409962,14.011713,2.248365,36.762908,59.256331,13.887814,36.437832,0.005144,0.203626,0.153392,,16.058824,4.950261,3.844097,0.120877,2.563055,457.753646,5.959243,0.048363,0.065778
SWKS,2025-06-30,0.415544,0.116166,0.108808,0.243005,0.254922,0.018576,0.013611,0.015809,0.018219,127.199661,13.840378,2.362842,54.292538,56.451448,13.717994,53.812457,0.007862,0.213675,0.15656,,17.969697,2.387054,1.800747,0.125087,2.435639,474.086754,2.992381,0.070674,0.057098
SWKS,2025-09-30,0.406744,0.102345,0.128522,0.223414,0.125614,0.024561,0.01786,0.016674,0.019549,94.455194,12.139579,2.319912,96.64229,53.856243,12.032235,95.787731,0.010587,0.208977,0.151964,,18.681159,2.325423,1.755063,0.138967,1.839492,488.489492,1.414427,0.056172,0.057717
SWKS,2025-12-31,0.412594,0.111261,0.076492,0.22542,0.313695,0.013753,0.010066,0.012312,0.017648,168.635914,12.899328,2.319187,41.12058,56.7175,12.785266,40.756972,0.00593,0.20714,0.151616,,18.412698,2.396139,1.803475,0.131598,2.598896,475.437696,4.993687,0.068283,0.055727
SWKS,2026-03-31,0.408287,0.056162,0.037724,0.175162,-0.039737,0.006175,0.004509,0.006146,0.008039,375.16754,14.152765,2.316492,-356.159051,80.083874,14.027619,-353.009719,0.002665,0.206327,0.150659,,7.053333,2.375618,1.702516,0.119516,2.808631,534.829405,1.412921,0.093038,0.06146
SWKS,2026-06-30,0.401155,0.073064,0.036264,0.183355,-0.018079,0.005908,0.004566,0.007609,0.00835,393.981251,14.28751,2.327512,-790.293752,77.233748,14.161173,-783.305589,0.002538,0.118694,0.091731,,9.271186,3.100652,1.939151,0.125899,2.684664,622.9501,2.076696,0.093389,0.056911
SYF,2024-12-31,,,0.203631,,0.619048,0.046683,0.006479,,,31.544997,6.423527,1.472607,10.376467,,6.937866,11.207322,0.031701,0.932569,0.129429,,,,,0.031817,,,3.040052,,
SYF,2025-03-31,,,0.203604,,0.591716,0.045655,0.006204,,,32.253406,6.566925,1.472518,11.098104,,7.092746,11.98674,0.031004,1.025813,0.139388,,,,,0.030469,,,2.906209,,
SYF,2025-06-30,,,0.265149,,0.701947,0.057043,0.008025,,,25.249047,6.69477,1.440292,9.537433,,7.230828,10.301105,0.039605,0.944372,0.132849,,,,,0.030264,,,2.647363,,
SYF,2025-09-30,,,0.281716,,0.689772,0.063112,0.009206,,,22.670221,6.386562,1.430755,9.258941,,6.897941,10.000314,0.044111,0.845649,0.123359,,,,,0.03268,,,2.448468,,
SYF,2025-12-31,,,0.197996,,0.646981,0.044793,0.006306,,,32.511089,6.437076,1.45627,9.9494,,6.952499,10.746059,0.030759,0.905523,0.127478,,,,,0.031849,,,3.267643,,
SYF,2026-03-31,,,0.217685,,0.590319,0.048856,0.006625,,,30.330221,6.602441,1.481813,11.18453,,7.131106,12.080086,0.03297,0.997026,0.135209,,,,,0.030436,,,2.711801,,
SYF,2026-06-30,,,0.238031,,0.650888,0.052376,0.007258,,,27.588506,6.566925,1.44498,10.089185,,7.092746,10.897036,0.036247,0.97248,0.134766,,,,,0.030493,,,2.734463,,
SYK,2024-12-31,0.648539,0.242076,0.084835,0.283095,0.258701,0.026461,0.012706,0.045514,0.044067,193.275851,16.396615,5.114307,63.380549,64.488813,18.256466,70.56974,0.005174,0.658961,0.316423,5.458288,,1.949449,1.32261,0.149775,1.614246,725.525951,3.53663,0.04133,0.006992
SYK,2025-03-31,0.638254,0.148653,0.11149,0.199966,0.02165,0.031247,0.014216,0.019794,0.023663,161.358738,17.989876,5.041979,830.933976,100.169325,20.03045,925.185967,0.006197,0.801768,0.364757,12.328218,6.576642,1.642326,0.998487,0.127505,1.480939,872.744677,0.382263,0.020968,0.01432
SYK,2025-06-30,0.637828,0.193955,0.146795,0.244271,0.154102,0.041716,0.01908,0.026906,0.030095,119.376261,17.523848,4.979879,113.71618,79.876695,19.511561,126.61489,0.008377,0.782408,0.35786,9.656696,7.389937,1.784166,1.058452,0.129978,1.537009,881.286732,1.256787,0.030389,0.008137
SYK,2025-09-30,0.635958,0.199439,0.141819,0.250454,0.223378,0.039431,0.018254,0.026275,0.030472,122.850541,17.422588,4.844095,77.99602,77.454593,19.398814,86.843029,0.00814,0.761763,0.352657,8.793013,,1.849339,1.125034,0.128716,1.662641,860.473606,1.792782,0.030873,0.010236
SYK,2025-12-31,0.645377,0.252545,0.118394,0.305257,0.26147,0.037868,0.017745,0.023558,0.046767,124.297544,14.716025,4.706896,56.281928,53.676847,16.385249,62.66593,0.008045,0.70736,0.331473,5.412517,,1.893123,1.21183,0.149883,1.775439,709.521165,2.524146,0.037373,0.006694
SYK,2026-03-31,0.63289,0.155482,0.123754,0.215615,0.068937,0.032421,0.016094,0.021759,0.024965,141.649148,17.52967,4.592394,254.285819,90.522818,19.518043,283.1292,0.00706,0.640715,0.318053,9.125578,6.743243,2.112114,1.253998,0.130047,1.685802,848.575206,0.779866,0.027575,0.014452
SYK,2026-06-30,0.682653,0.251935,0.193656,0.303688,0.160722,0.053193,0.026622,0.034789,0.041337,82.702676,16.015877,4.399225,99.649306,58.719949,17.832542,110.952425,0.012092,0.622895,0.311746,5.772614,12.092199,2.157092,1.331089,0.137471,1.760353,880.788146,0.988245,0.030657,0.008195
SYY,2024-12-31,0.181132,0.035333,0.020148,0.047888,0.011612,0.201589,0.016036,0.037074,0.043958,93.374071,1.88129,18.823174,162.008003,52.99227,2.537717,218.536496,0.01071,6.797418,0.540722,12.250777,4.33125,1.203915,0.675285,0.795916,3.803511,78.445034,1.096059,0.010471,0.001489
SYY,2025-03-31,0.182723,0.034748,0.020461,0.048066,0.031636,0.208637,0.01522,0.033932,0.040453,94.538336,1.934375,19.724179,61.144956,54.286136,2.609324,82.479903,0.010578,7.600937,0.554484,12.674098,4.510067,1.261633,0.759014,0.743842,3.586093,72.385179,2.042394,0.010154,0.000714
SYY,2025-06-30,0.18857,0.04201,0.025121,0.054736,0.038745,0.290164,0.019833,0.043501,0.052319,71.393357,1.793447,20.715777,46.288001,44.198392,2.419223,62.438999,0.014007,7.920219,0.541346,10.577355,5.313253,1.206938,0.697358,0.789497,3.841876,63.957694,2.246704,0.017693,0.000899
SYY,2025-09-30,0.184462,0.037829,0.022508,0.049272,-0.003499,0.230285,0.017601,0.041159,0.047555,79.64259,1.792598,18.340529,-512.295576,49.076334,2.418079,-691.047839,0.012556,7.054185,0.539158,12.004798,4.488372,1.148196,0.650786,0.781985,3.646207,76.507171,0.180672,0.007566,0.001466
SYY,2025-12-31,0.182641,0.03333,0.018736,0.046238,0.018543,0.17039,0.014311,0.033253,0.038816,97.454685,1.825926,16.605288,98.467202,53.268271,2.463035,132.824779,0.010261,6.556724,0.550716,12.883333,3.947977,1.295462,0.746688,0.763842,3.732159,82.871693,1.349614,0.006743,0.001589
SYY,2026-03-31,0.185779,0.030167,0.01657,0.044008,0.033676,0.148019,0.01215,0.029006,0.034217,111.499625,1.84755,16.50408,54.862334,56.63072,2.492204,74.005123,0.008969,6.696125,0.549655,13.408638,3.64881,1.329261,0.803735,0.733267,3.565421,78.427737,2.505882,0.007846,0.001511
SYY,2026-06-30,0.186856,0.044431,0.024905,0.055008,0.042307,0.206677,0.019403,0.046488,0.051751,68.801947,1.713518,14.219757,40.502001,42.019343,2.311406,54.634124,0.014534,5.614029,0.527063,9.638455,4.512195,1.276917,0.769647,0.779096,3.772208,70.343963,2.132486,0.010803,0.00104
T,2024-12-31,0.560499,0.165335,0.126324,0.38216,0.156449,0.039091,0.010334,0.019458,0.02003,42.659459,5.388897,1.667599,34.445001,27.56474,10.534138,67.332592,0.023441,1.350199,0.356952,9.741068,4.195665,0.66496,0.61653,0.08181,3.35111,-538.10412,2.915686,0.211871,
T,2025-03-31,0.607099,0.204336,0.142069,0.419219,0.155815,0.04194,0.010947,0.021318,0.021888,40.002434,5.683099,1.677693,36.473301,26.499851,11.10924,71.297482,0.024998,1.384119,0.361273,9.290132,4.61339,0.703765,0.649743,0.077053,3.318812,-815.791694,2.079752,0.139653,
T,2025-06-30,0.606121,0.21075,0.145881,0.421564,0.157746,0.042746,0.011098,0.021812,0.021722,38.677909,5.642383,1.653342,35.76872,26.16361,11.029649,69.920178,0.025855,1.425574,0.370102,9.367272,4.684592,0.809348,0.760815,0.076073,3.487901,-824.585468,2.169556,0.158751,
T,2025-09-30,0.615129,0.199258,0.303299,0.575401,0.171448,0.084131,0.022008,0.022218,0.033446,18.686986,5.667739,1.572159,33.058042,19.254759,11.079214,64.621384,0.053513,1.431631,0.374499,6.745671,7.266471,1.013048,0.959481,0.072562,3.436549,-934.713574,1.089972,0.159139,
T,2025-12-31,0.557222,0.182932,0.11319,0.33419,0.13563,0.03427,0.009015,0.024188,0.016528,45.947886,5.200818,1.574648,38.345581,30.421279,10.166485,74.957388,0.021764,1.402685,0.368976,10.538805,3.381351,0.906136,0.861138,0.079643,3.784462,-580.692299,2.988384,0.202624,
T,2026-03-31,0.601155,0.211325,0.121532,0.386498,0.085063,0.034917,0.009091,0.020977,0.019449,45.455887,5.524363,1.587184,64.94425,27.94051,10.798946,126.952084,0.021999,1.434561,0.373501,10.383756,3.977386,0.917911,0.8693,0.074803,3.779964,-915.800561,1.973622,0.154796,
T,2026-06-30,0.618258,0.232081,0.146619,0.401515,0.163825,0.041895,0.010802,0.024913,0.020548,37.616294,5.51526,1.575917,33.665491,26.851202,10.781152,65.808817,0.026584,1.474847,0.38026,9.974272,4.091875,0.971001,0.926642,0.073672,3.703556,-982.508988,2.349254,0.18062,
TAP,2024-12-31,0.379259,0.14176,0.105205,0.221122,0.140152,0.021982,0.011042,0.017096,0.015535,24.314163,2.557982,0.534479,18.251477,21.610871,4.778628,34.096024,0.041128,0.473007,0.237597,8.558109,,0.935374,0.696375,0.104956,3.946905,-154.108666,1.718207,0.040613,0.003107
TAP,2025-03-31,0.369298,0.085804,0.052515,0.165444,-0.142355,0.009243,0.004666,0.008056,0.008572,57.831538,3.037028,0.534565,-21.334196,34.292801,5.673545,-39.854926,0.017292,0.476521,0.240558,15.280955,,0.89455,0.590795,0.088857,2.919909,-355.25793,-0.749587,0.10299,0.005165
TAP,2025-06-30,0.400494,0.183954,0.133935,0.238284,0.173394,0.031896,0.01598,0.022784,0.024964,16.322874,2.186208,0.520629,12.608317,17.139656,4.084109,23.553902,0.061264,0.470162,0.23556,7.480661,,0.949238,0.670894,0.119314,3.132818,-316.473648,1.675531,0.051018,0.002187
TAP,2025-09-30,0.394653,0.163713,-0.984564,0.225391,0.162435,-0.283542,-0.127991,0.024614,0.027772,-2.390223,2.353326,0.677729,14.487818,19.505246,4.396306,27.065043,-0.418371,0.609389,0.275079,7.970457,,0.604401,0.450868,0.129998,3.529377,-325.862866,-0.210445,0.044762,0.002791
TAP,2025-12-31,0.363694,0.13424,0.089506,-1.261456,0.13439,0.023294,0.01048,0.016994,-0.203321,29.364734,2.628311,0.684009,19.55734,-3.892338,4.910012,36.535539,0.034054,0.62093,0.279364,-1.608754,,0.552742,0.417941,0.117088,3.787198,-142.108298,2.268989,0.068697,0.00293
TAP,2026-03-31,0.381609,0.122156,0.064353,0.202756,-0.097486,0.015046,0.006764,0.01356,0.016655,46.249941,2.976316,0.695879,-30.530611,27.422731,5.560127,-57.034973,0.021622,0.62371,0.280397,12.354311,,0.53548,0.376854,0.10511,2.945502,-350.012378,0.016523,0.09855,0.003488
TAP,2026-06-30,0.343388,0.111352,0.074826,0.174584,0.230712,0.022896,0.009512,0.015138,0.018008,30.201192,2.259847,0.691498,9.795095,24.181309,4.221675,18.298454,0.033111,0.761856,0.316499,10.324639,,0.879396,0.716487,0.127119,3.083856,-299.187187,3.529996,0.033425,0.002842
TDG,2024-12-31,0.615653,0.487537,0.245763,0.541874,0.353938,-0.078779,0.022914,0.041452,0.051843,121.770939,29.926756,-9.593013,84.553624,83.558483,45.278201,127.92686,0.008212,-4.002717,1.164257,20.781969,2.637566,2.695271,1.850263,0.093237,1.561089,998.370081,1.525355,0.020937,0.012463
TDG,2025-03-31,0.592558,0.463256,0.222791,0.506512,0.042791,-0.084465,0.021867,0.039582,0.050426,125.330007,27.92236,-10.585977,652.533404,83.405024,42.245614,987.26164,0.007979,-4.417034,1.143529,20.774105,2.645503,3.089682,2.12054,0.098151,1.490985,949.387984,0.308977,0.026047,0.022326
TDG,2025-06-30,0.59544,0.467143,0.219937,0.502459,0.256147,-0.098321,0.021674,0.04055,0.050368,122.018441,26.836421,-11.997017,104.769761,80.807892,40.602624,158.513213,0.008195,-4.998401,1.10185,19.768683,2.599496,3.127544,2.185436,0.098546,1.47365,955.502078,1.28252,0.025928,0.022798
TDG,2025-09-30,0.603201,0.479688,0.250308,0.520722,0.18096,-0.062977,0.026627,0.046507,0.056593,98.414874,24.634006,-6.197922,136.129418,71.574524,37.270444,205.959344,0.010161,-3.100351,1.310839,21.439716,2.792857,3.213566,2.253437,0.106377,1.507112,894.051661,0.831148,0.027082,0.013541
TDG,2025-12-31,0.591685,0.458206,0.194748,0.501969,0.337856,-0.048004,0.018731,0.039206,0.049336,134.905782,26.27268,-6.47606,77.763048,79.187507,39.749703,117.652942,0.007413,-3.241208,1.264722,23.991282,2.204211,2.749901,1.813807,0.096182,1.460997,1027.557082,1.869663,0.026258,0.011816
TDG,2026-03-31,0.593947,0.466588,0.210299,0.506682,0.025157,-0.056903,0.021028,0.040215,0.051474,112.211352,23.597906,-6.385139,938.016768,70.463981,35.702858,1419.188608,0.008912,-3.40385,1.257881,21.814585,2.446281,3.515984,2.532377,0.099992,1.47907,944.622809,0.252336,0.027909,0.01022
TDG,2026-06-30,0.593944,0.454943,0.196644,0.491062,0.23714,-0.05495,0.020147,0.03989,0.050744,111.378614,21.901887,-6.120203,92.358574,67.479993,33.136837,139.735494,0.008978,-3.413702,1.251589,22.817236,2.38716,3.019037,2.014375,0.102452,1.508531,947.68957,1.343228,0.026997,0.023714
TDY,2024-12-31,0.427811,0.192771,0.132131,0.213672,0.201957,0.020787,0.013978,0.020952,0.018842,140.925924,18.620646,2.929377,92.201041,92.400918,19.743523,97.761023,0.007096,0.292039,0.196387,6.228037,,2.33402,1.609226,0.105792,1.667185,430.390789,1.674559,0.019304,0.005125
TDY,2025-03-31,0.427271,0.17884,0.130078,0.234499,0.154907,0.019002,0.012533,0.015898,0.018949,148.323414,19.293604,2.818462,124.549403,87.237337,20.457062,132.060082,0.006742,0.298714,0.197016,7.362647,,2.185356,1.443785,0.096348,1.549866,464.90386,1.28632,0.012415,0.006138
TDY,2025-06-30,0.425844,0.183788,0.138667,0.240933,0.129682,0.020228,0.013868,0.017285,0.020797,133.272014,18.480409,2.695776,142.505328,81.329023,19.59483,151.0988,0.007503,0.252233,0.172935,6.324376,,1.662116,1.066553,0.100012,1.580888,481.607824,1.079562,0.020017,0.007465
TDY,2025-09-30,0.428386,0.183696,0.143358,0.238584,0.203897,0.020898,0.01436,0.017425,0.020847,126.750321,18.170702,2.648833,89.116903,80.75332,19.266447,94.490903,0.00789,0.239887,0.164842,5.458209,,1.787223,1.200466,0.100171,1.640384,470.791886,1.554599,0.018967,0.00682
TDY,2025-12-31,0.428704,0.204366,0.170936,0.259505,0.210383,0.026213,0.01803,0.021766,0.024864,101.501436,17.350242,2.660649,82.469917,70.890761,18.396511,87.443085,0.009852,0.251296,0.172852,5.074092,,1.642707,1.081824,0.10548,1.624647,445.265056,1.375181,0.024685,0.00552
TDY,2026-03-31,0.431895,0.188578,0.145375,0.244472,0.130953,0.021188,0.014639,0.018164,0.021631,123.341251,17.930771,2.613299,136.92509,77.767946,19.012047,145.182058,0.008108,0.231335,0.159833,5.12559,,1.75625,1.163469,0.100697,1.609678,465.693953,1.031746,0.019037,0.00359
TDY,2026-06-30,0.44397,0.200421,0.151398,0.25197,0.171248,0.023053,0.016472,0.020163,0.024122,111.139435,16.826343,2.562055,98.257098,70.806146,17.841019,104.182278,0.008998,0.185648,0.132654,4.026975,,2.181137,1.386261,0.1088,1.772955,472.039844,1.252284,0.018346,0.008361
TECH,2024-12-31,0.652747,0.159643,0.117462,0.242763,0.261,0.016786,0.013065,0.016223,0.017944,325.277636,38.20792,5.460178,146.39067,157.715427,38.287398,146.695182,0.003074,0.190103,0.147964,1.698161,20.960894,3.935605,2.767444,0.11123,1.362903,817.205745,2.417484,0.022964,0.049517
TECH,2025-03-31,0.678586,0.122424,0.07144,0.214599,0.098036,0.011193,0.008542,0.009729,0.016275,502.432119,35.893797,5.623784,366.130164,167.608088,35.968461,366.891764,0.00199,0.209858,0.160158,2.790338,20.070254,3.707005,2.577699,0.119573,1.333309,846.401745,1.820436,0.032016,0.036027
TECH,2025-06-30,0.627238,0.368146,-0.055773,0.020286,0.29439,-0.009213,-0.006911,0.039845,-0.008682,-641.980807,35.805128,5.914576,121.624853,1768.669362,35.879608,121.877849,-0.001558,0.231424,0.173605,28.586936,-9.495409,3.459218,2.381896,0.123917,1.532145,745.280695,-5.554984,0.015428,0.014355
TECH,2025-09-30,0.65646,0.166314,0.133255,0.262655,0.077549,0.019425,0.015116,0.016736,0.021383,297.209289,39.604742,5.773149,510.707259,151.100033,39.687125,511.769598,0.003365,0.200666,0.156156,2.059895,17.356851,4.216728,2.811021,0.113436,1.558236,875.791285,0.722404,0.018715,0.040767
TECH,2025-12-31,0.646475,0.184066,0.128462,0.262487,0.25852,0.018901,0.015067,0.017949,0.022229,298.585511,38.356941,5.64346,148.371509,146.432633,38.436729,148.680141,0.003349,0.174489,0.139095,1.121768,24.391985,4.539273,3.076247,0.117286,1.602679,852.982376,2.168197,0.020012,0.047175
TECH,2026-03-31,0.668844,0.242426,0.16392,0.314038,0.249105,0.024479,0.020014,0.023676,0.030712,222.323285,36.443128,5.442342,146.296316,116.288437,36.518935,146.600632,0.004498,0.139223,0.113825,,30.652373,4.488903,3.176418,0.122095,1.451399,880.366576,1.697671,0.029177,0.033701
TECH,2026-06-30,0.658155,0.295764,0.170057,0.301826,0.270667,0.025909,0.021116,0.031805,0.030046,207.77607,35.333809,5.383182,130.54358,117.310447,35.407308,130.815128,0.004813,0.137124,0.111758,,34.292511,4.547349,3.3516,0.124169,1.482984,808.079446,1.746874,0.026402,0.016283
TEL,2024-12-31,0.354536,0.194213,0.137643,0.234098,0.175443,0.04255,0.023528,0.033536,0.039626,112.635989,15.503598,4.792635,88.368206,71.489764,16.735612,95.390502,0.008878,0.338867,0.18738,3.286192,118.666667,1.680975,1.095462,0.170937,1.317308,389.115833,1.662879,0.053441,0.009124
TEL,2025-03-31,0.35216,0.19358,0.003138,0.231958,0.1021,0.001076,0.00055,0.00078,0.043552,4574.754028,14.354768,4.921126,140.595277,66.80313,15.495488,151.767868,0.000219,0.464543,0.237318,3.184183,54.928571,1.512585,1.07868,0.175135,1.297526,384.657814,50.230769,0.055515,0.008207
TEL,2025-06-30,0.352889,0.198059,0.140715,0.240406,0.211072,0.051531,0.025658,0.037461,0.043968,93.215991,13.116851,4.803473,62.143994,58.897072,14.159199,67.082349,0.010728,0.460141,0.229108,4.610092,31.214286,1.524659,0.956897,0.182337,1.321481,376.723402,1.860502,0.050728,0.00794
TEL,2025-09-30,0.349547,0.197726,0.139608,0.246368,0.242156,0.052682,0.026434,0.038027,0.04639,89.701059,12.523016,4.72561,51.714611,54.869921,13.518174,55.824181,0.011148,0.462455,0.232048,3.794017,31.931034,1.555859,1.028711,0.189347,1.395533,341.662052,2.143288,0.057065,0.009265
TEL,2025-12-31,0.372457,0.209038,0.160634,0.267723,0.130006,0.05775,0.029352,0.040798,0.048382,79.295736,12.737589,4.579333,97.97661,51.358247,13.749798,105.762452,0.012611,0.439516,0.223388,3.5656,33.033333,1.650819,1.068653,0.182725,1.345921,371.097612,1.153333,0.055258,0.010709
TEL,2026-03-31,0.367833,0.20489,0.180228,0.256535,0.142707,0.064606,0.033296,0.046706,0.045698,69.557664,12.536215,4.493864,87.846089,52.750869,13.532422,94.826895,0.014377,0.427308,0.220219,3.734593,30.4375,1.887973,1.201833,0.184742,1.37348,359.584592,1.107602,0.056914,0.008853
TEL,2026-06-30,0.35562,0.207946,0.144961,0.243798,0.170736,0.05647,0.028692,0.043785,0.046801,79.507757,11.525543,4.489793,67.504884,51.031644,12.441436,72.869249,0.012577,0.425185,0.216034,3.492051,32.322581,1.87618,1.226609,0.197929,1.376367,333.031493,1.584225,0.058915,0.007364
TER,2024-12-31,0.594099,0.21053,0.194257,0.251717,0.299079,0.051876,0.039435,0.054295,0.051355,397.092011,77.13791,20.599447,257.917938,305.293264,76.847625,256.947345,0.002518,0.027177,0.02066,,268.906621,2.908194,2.430285,0.203004,1.597035,424.069686,1.931974,0.07622,0.019731
TER,2025-03-31,0.605729,0.197349,0.144231,0.218937,0.142364,0.035352,0.026687,0.04246,0.039198,587.242132,84.698253,20.759935,594.942406,385.404757,84.379518,592.703528,0.001703,0.02458,0.018555,,150.715723,2.704811,2.173181,0.185027,1.489323,458.4377,1.634414,0.093369,0.022174
TER,2025-06-30,0.572282,0.142859,0.12024,0.197535,0.202028,0.027622,0.020833,0.028651,0.031544,741.028656,89.101205,20.468712,441.034757,449.366986,88.7659,439.375062,0.001349,0.026244,0.019794,,120.949068,2.345164,1.826101,0.173264,1.505301,476.151774,2.323394,0.077337,0.025816
TER,2025-09-30,0.584114,0.19746,0.15543,0.233909,0.003065,0.043999,0.030163,0.047086,0.050327,485.755013,75.500706,21.372845,24629.303586,321.563694,75.216583,24536.618992,0.002059,0.025301,0.017345,,114.139801,1.758972,1.390373,0.194062,1.295402,440.248346,0.410261,0.060701,0.02019
TER,2025-12-31,0.57202,0.284568,0.237433,0.303956,0.201923,0.092004,0.061483,0.092547,0.095657,225.782979,53.60834,20.772908,265.488605,175.704925,53.406602,264.489523,0.004429,0.10131,0.067702,,74.552451,1.747927,1.407584,0.258949,1.376692,352.01322,1.094934,0.05805,0.015173
TER,2026-03-31,0.60893,0.371485,0.311041,0.391021,0.156251,0.126887,0.089969,0.131317,0.137019,145.587198,45.283563,18.473059,289.812905,115.37273,45.113153,288.722286,0.006869,0.02621,0.018584,,148.786734,2.146957,1.788576,0.289252,1.157985,328.357499,0.664624,0.050474,0.017078
TER,2026-06-30,0.597911,0.331712,0.281818,0.361352,0.284752,0.108966,0.076038,0.108948,0.117149,155.062165,43.699274,16.896468,153.464553,120.477659,43.534825,152.887038,0.006449,0.029131,0.020328,,150.669028,2.124821,1.762637,0.269812,1.1976,318.35171,1.252595,0.068252,0.015096
TFC,2024-12-31,,,0.252174,,0.153162,0.020038,0.002402,,,46.49073,11.723749,0.931581,76.544737,,17.305566,112.988599,0.02151,0.825861,0.099007,,,,,0.009526,2.657563,,0.607367,,
TFC,2025-03-31,,,0.257399,,0.152276,0.01951,0.002353,,,47.043752,12.109037,0.917803,79.520337,,17.874294,117.380917,0.021257,0.86269,0.104049,,,,,0.009142,2.186078,,0.591594,,
TFC,2025-06-30,,,0.248646,,0.183277,0.019124,0.00228,,,47.840461,11.895362,0.914901,64.903907,,17.558886,95.805431,0.020903,0.941672,0.112273,,,,,0.00917,2.381566,,0.737097,,
TFC,2025-09-30,,,0.279931,,0.288606,0.022119,0.00267,,,40.85549,11.436702,0.903668,39.627369,,16.881852,58.494432,0.024477,1.083158,0.130744,,,,,0.009538,2.439793,,1.030992,,
TFC,2025-12-31,,,0.258101,,0.492185,0.02077,0.002473,,,43.812534,11.308077,0.910003,22.975279,,16.691987,33.914084,0.022825,0.986439,0.117444,,,,,0.009581,3.230296,,1.906942,,
TFC,2026-03-31,,,0.287461,,0.131793,0.023064,0.002698,,,40.055484,11.514397,0.92382,87.366968,,16.996538,128.963423,0.024965,1.075513,0.125804,,,,,0.009385,2.427898,,0.458474,,
TGT,2025-01-31,0.259939,0.047453,0.035678,0.073168,0.076532,0.075208,0.019093,0.037602,0.040465,65.154311,2.324606,4.900123,30.374136,37.864811,2.770506,36.200424,0.015348,1.355175,0.344043,4.941645,16.622222,0.935333,0.322804,0.535149,30.976954,6.789509,2.981868,0.029856,0.002426
TGT,2025-04-30,0.281724,0.061729,0.043445,0.095823,-0.021597,0.069312,0.018439,0.036274,0.040275,69.367958,3.013722,4.808002,-139.544087,37.483677,3.591806,-166.311073,0.014416,1.273634,0.338827,5.508096,12.913793,0.935127,0.248065,0.424419,,,0.265444,0.033129,0.002894
TGT,2025-07-31,0.289873,0.052239,0.037087,0.083495,0.040022,0.060636,0.016162,0.031717,0.034535,76.861182,2.85055,4.660519,71.224187,40.688932,3.397335,84.886227,0.01301,1.295071,0.345197,5.755344,11.5,0.990168,0.320085,0.435792,,,2.227807,0.0426,0.002539
TGT,2025-10-31,0.282271,0.037515,0.027266,0.069133,0.005896,0.044449,0.011485,0.023762,0.025136,104.303635,2.843894,4.636166,482.31681,49.027019,3.389403,574.833575,0.009587,1.292884,0.334067,7.25644,8.469565,0.974579,0.273326,0.42123,,,1.635704,0.038702,0.002533
TGT,2026-01-31,0.266312,0.045316,0.034315,0.072571,0.07198,0.064646,0.017566,0.033798,0.036775,68.770531,2.359873,4.445729,32.785221,38.755748,2.812537,39.073998,0.014541,1.255181,0.341066,4.962896,14.212121,0.942299,0.362741,0.511901,24.073518,9.966973,2.944498,0.029061,0.002758
TGT,2026-04-30,0.290139,0.04461,0.030696,0.077153,-0.012538,0.047636,0.013463,0.026976,0.029773,92.016907,2.824557,4.383361,-225.282773,43.632299,3.366356,-268.495933,0.010868,1.148582,0.324616,6.052471,9.82906,0.931954,0.296533,0.438597,,,0.916773,0.040679,0.002122
TGT,2026-07-31,0.336712,0.096462,0.070726,0.12589,0.091714,0.105195,0.030652,0.058858,0.063837,38.287269,2.707909,4.027641,29.525557,25.636098,3.227333,35.189073,0.026118,1.047414,0.305201,2.976953,26.091837,0.988102,0.362559,0.433396,,,2.026105,0.051584,0.003768
TJX,2025-01-31,0.304526,0.112966,0.085505,0.135474,0.133945,0.166567,0.044033,0.121407,0.091895,100.114948,8.560287,16.675884,63.908994,66.940719,9.068727,67.704882,0.009989,1.522459,0.402469,,112.117647,1.180142,0.596839,0.514977,29.781421,81.718631,1.934192,0.031437,0.00318
TJX,2025-04-30,0.294791,0.100374,0.079018,0.126611,-0.007856,0.121839,0.032519,0.089086,0.064857,135.097198,10.675059,16.460155,-1358.841717,89.321502,11.309106,-1439.550414,0.007402,1.536164,0.410007,,75.777778,1.163295,0.505034,0.411545,22.072391,123.636323,0.380309,0.037907,0.002517
TJX,2025-07-31,0.30727,0.112492,0.086313,0.137004,0.092355,0.140199,0.037798,0.104204,0.077166,112.599112,9.718818,15.786228,105.233607,75.15139,10.296069,111.483979,0.008881,1.479923,0.398997,,92.5,1.174213,0.522285,0.43792,24.001667,113.043083,1.440869,0.032012,0.002986
TJX,2025-10-31,0.325924,0.124893,0.095389,0.148905,0.066217,0.154076,0.04098,0.116203,0.09133,97.060123,9.258497,14.954664,139.820876,65.870143,9.808407,148.125567,0.010303,1.409766,0.374957,,101.842105,1.093779,0.425755,0.429607,23.221198,138.077572,1.062413,0.035126,0.003638
TJX,2026-01-31,0.308629,0.132672,0.099927,0.154202,0.151553,0.173994,0.049571,0.133723,0.107516,78.940043,7.888221,13.735103,52.049348,54.193601,8.356743,55.14083,0.012668,1.323749,0.377135,,126.789474,1.137789,0.591647,0.496072,29.473422,93.376131,1.780598,0.026377,0.004678
TJX,2026-04-30,0.312784,0.117713,0.092997,0.144872,0.031907,0.12804,0.036838,0.098313,0.074626,105.075598,9.771745,13.453878,306.25973,71.457201,10.352139,324.450093,0.009517,1.363068,0.392168,,96.611111,1.138856,0.541813,0.396123,22.309969,120.969258,0.84009,0.046219,0.002932
TJX,2026-07-31,0.334124,0.130896,0.100132,0.156588,0.1139,0.14271,0.040954,0.110683,0.08575,92.079406,9.220072,13.140616,80.948928,62.378499,9.7677,85.756907,0.01086,1.344193,0.385747,,107.210526,1.14738,0.558907,0.408999,22.827068,118.470003,1.464474,0.03274,0.002833
TKO,2024-12-31,0.638777,0.158715,0.04828,0.287012,0.056881,0.007579,0.002052,0.014873,0.007344,1155.335687,55.779206,8.756045,980.623148,125.692953,36.075394,634.221404,0.000866,0.753679,0.204034,11.623905,1.788611,1.08113,1.045542,0.042496,1.518147,-68.025971,1.833188,0.031624,0.031142
TKO,2025-03-31,0.552636,0.187078,0.046034,0.264596,0.106825,0.014034,0.003891,0.030368,0.016604,613.292408,28.232332,8.606723,264.286906,69.008527,18.259358,170.928468,0.001631,0.737484,0.20449,6.805293,5.115135,1.245984,1.240631,0.08453,2.685729,2.619907,2.7877,0.021505,0.023858
TKO,2025-06-30,0.635916,0.281484,0.075177,0.357116,0.286505,0.023062,0.006412,0.044691,0.025998,364.165943,27.376974,8.398223,95.555006,49.581016,17.706153,61.80053,0.002746,0.717358,0.199441,4.738752,7.477462,1.295586,1.2641,0.085287,2.065418,-5.155455,4.028069,0.016314,0.025218
TKO,2025-09-30,0.607423,0.15355,0.036614,0.272568,0.356209,0.010731,0.002637,0.020287,0.012032,873.580855,31.985655,9.374758,89.794505,75.895974,20.686833,58.074906,0.001145,1.058071,0.260045,9.421853,3.319716,1.455946,1.428579,0.072034,1.920384,3.820736,10.164004,0.01594,0.017767
TKO,2025-12-31,0.595855,0.055283,-0.002288,0.204585,0.240304,-0.000635,-0.000153,0.001114,0.003746,-15082.603358,34.509976,9.584568,143.609865,109.096307,22.319446,92.880175,-6.6e-05,1.087134,0.262202,13.802277,0.867798,1.260885,1.229959,0.066985,1.859283,76.518551,-130.486316,0.058258,0.033163
TKO,2026-03-31,0.540129,0.211963,0.055954,0.308861,0.422427,0.026467,0.005576,0.03714,0.024778,400.904108,22.432038,10.610659,53.102798,46.972553,14.507998,34.344418,0.002494,1.470661,0.309864,7.808044,5.658466,1.338827,1.334889,0.099663,2.099964,73.324723,7.773175,0.012511,0.02479
TKO,2026-06-30,0.640533,0.277818,0.065656,0.347293,0.225877,0.029911,0.006245,0.045673,0.031432,352.657475,23.15409,10.548263,102.507613,43.119203,14.974987,66.297153,0.002836,1.45868,0.304578,7.513163,6.120506,1.277735,1.257662,0.095124,1.459645,97.538287,3.681172,0.015814,0.026111
TMO,2024-12-31,0.423168,0.197016,0.160597,0.263273,0.246599,0.036906,0.018804,0.025618,0.026884,131.62398,21.138384,4.857757,85.719531,93.161619,24.526973,99.460804,0.007597,0.630735,0.321359,9.088667,7.123028,1.660441,1.287054,0.117087,1.391161,367.822625,1.797814,0.042124,0.006933
TMO,2025-03-31,0.408626,0.175125,0.145407,0.25357,0.034832,0.030512,0.015216,0.020443,0.022395,159.835357,23.241208,4.876936,667.235132,106.348881,26.966891,774.196284,0.006256,0.692225,0.3452,11.436454,6.346535,1.774556,1.378017,0.104644,1.225784,427.296374,0.479761,0.034929,0.007237
TMO,2025-06-30,0.406118,0.176525,0.148977,0.257877,0.101806,0.032013,0.015974,0.021144,0.023872,148.962203,22.191992,4.768702,217.983604,99.851682,25.74948,252.927474,0.006713,0.697452,0.348009,10.951411,5.230198,1.933008,1.495911,0.107221,1.262974,435.034343,0.865182,0.027087,0.007463
TMO,2025-09-30,0.412066,0.186567,0.145298,0.25481,0.164988,0.031675,0.015686,0.02122,0.024656,149.054383,21.657245,4.721312,131.265331,98.61851,25.129011,152.307825,0.006709,0.699361,0.346341,11.890614,6.262248,1.497515,1.111634,0.10796,1.24812,438.964457,1.38552,0.036324,0.006294
TMO,2025-12-31,0.410233,0.188539,0.160786,0.265739,0.244945,0.036774,0.017799,0.023055,0.026462,122.643525,19.719352,4.510118,80.505308,86.101312,22.880463,93.410715,0.008154,0.73745,0.356932,9.098275,6.89863,1.889986,1.53282,0.1107,1.372472,357.294845,1.760183,0.038068,0.006877
TMO,2026-03-31,0.402544,0.17383,0.150023,0.256611,0.074148,0.031791,0.014574,0.019305,0.021164,145.894538,21.887495,4.638128,295.186131,98.967726,25.396171,342.505954,0.006854,0.83109,0.381008,14.131374,5.898305,1.526298,1.1504,0.097148,1.195676,424.731336,0.721987,0.034166,0.007542
TMO,2026-06-30,0.407037,0.182174,0.144739,0.261964,0.139653,0.032954,0.015339,0.020953,0.023699,138.751085,20.082698,4.572359,143.804109,88.95126,23.302056,166.856632,0.007207,0.807688,0.375961,12.248568,5.798005,1.550534,1.177119,0.105978,1.269072,408.679636,1.224078,0.037519,0.006837
TMUS,2024-12-31,0.598345,0.209674,0.136293,0.357946,0.114393,0.048282,0.014329,0.025435,0.024912,60.517242,8.248075,2.921914,72.103077,38.064111,13.624905,119.106284,0.016524,1.845516,0.547716,9.305914,5.564804,0.912263,0.832606,0.105136,5.115061,-19.009203,1.861456,0.139311,0.008001
TMUS,2025-03-31,0.645696,0.229819,0.141387,0.380734,0.206981,0.048327,0.013758,0.025149,0.02489,61.091059,8.637456,2.952326,41.730719,37.475342,14.268118,68.934518,0.016369,1.978725,0.563334,9.273265,5.189956,1.161327,1.079352,0.09731,4.755464,-25.74214,2.318659,0.120847,0.008905
TMUS,2025-06-30,0.650956,0.246687,0.15247,0.395041,0.177645,0.052727,0.015152,0.027247,0.027301,55.990657,8.536906,2.95223,48.055913,35.697643,14.102022,79.383038,0.01786,1.928748,0.554262,8.70436,5.642082,1.211293,1.134829,0.099378,4.595911,-42.01732,2.170081,0.153227,0.009464
TMUS,2025-09-30,0.64813,0.218973,0.123605,0.357972,0.147015,0.044877,0.012497,0.025566,0.023082,66.470854,8.216145,2.982984,55.886585,37.913985,13.57216,92.31844,0.015044,1.991451,0.554549,10.29084,4.818182,0.893091,0.795564,0.1011,4.318843,-26.129915,2.747605,0.192604,0.010338
TMUS,2025-12-31,0.577875,0.15353,0.086422,0.304225,0.169393,0.035522,0.009592,0.020495,0.018728,85.783118,7.413573,3.047175,43.765623,40.254481,12.246401,72.295954,0.011657,2.06525,0.557702,10.898825,3.603755,0.998408,0.900245,0.110994,4.992614,2.36082,3.164051,0.104052,0.008876
TMUS,2026-03-31,0.617995,0.194616,0.108365,0.354092,0.197905,0.044811,0.011665,0.023797,0.022463,72.045486,7.80724,3.228438,39.449354,36.421892,12.896695,65.165957,0.01388,2.169276,0.564675,10.086409,4.233754,1.0872,0.972818,0.107641,4.748664,-16.009282,2.884185,0.114641,0.009045
TMUS,2026-06-30,0.647536,0.240885,0.142118,0.386863,0.189241,0.057567,0.015167,0.029163,0.028332,55.696788,7.915488,3.20629,41.827474,33.798789,13.075509,69.094348,0.017954,2.122794,0.559294,9.277078,5.10237,0.924217,0.831196,0.106723,4.343625,-12.70539,2.315529,0.139836,0.00939
TPL,2024-12-31,0.8902,0.767257,0.637084,0.828979,-0.871507,0.104515,0.094838,0.098677,0.120025,205.51962,130.933247,21.479959,-150.237798,156.447953,129.692038,-148.813588,0.004866,0.0004,0.000363,,,8.333924,,0.148863,1.466677,,1.069415,1.552814,0.018888
TPL,2025-03-31,0.882301,0.765745,0.615625,0.848722,0.73585,0.100022,0.089154,0.097223,0.121844,201.615409,124.119451,20.165937,168.67504,144.856498,122.942835,167.076051,0.00496,,,,,7.045003,,0.144819,1.417588,,1.298992,0.063842,0.022436
TPL,2025-06-30,0.881894,0.766496,0.619271,0.867481,0.626998,0.090105,0.082682,0.086936,0.110583,209.448099,129.7052,18.872272,206.867158,148.101946,128.475633,204.906119,0.004774,,,,,11.640276,,0.133514,1.640595,,1.040985,0.017655,0.018582
TPL,2025-09-30,0.845429,0.734131,0.596982,0.80781,0.669724,0.088627,0.079505,0.08515,0.102872,200.640907,119.778921,17.782122,178.848051,146.870577,118.643453,177.152625,0.004984,0.012068,0.010826,,,9.746827,,0.133178,1.589259,,1.275277,0.091592,0.0172
TPL,2025-12-31,0.813531,0.705391,0.582978,0.89817,-1.728333,0.084547,0.075986,0.083144,0.108475,197.211926,114.970306,16.673648,-66.520917,126.791551,113.880421,-65.890318,0.005071,0.011087,0.009964,,,4.340415,,0.130341,1.283036,,0.92157,2.265589,0.017752
TPL,2026-03-31,0.880372,0.769908,0.603425,0.838614,0.653075,0.091843,0.081591,0.091224,0.111952,170.223666,102.717286,15.63377,157.282441,121.323399,101.743557,155.79145,0.005875,0.010183,0.009046,,186.044355,4.227204,,0.135212,1.308004,,1.1337,0.031028,0.021379
TPL,2026-06-30,0.885357,0.779557,0.625582,0.858778,0.613698,0.092041,0.082781,0.091148,0.110214,158.028339,98.859632,14.545163,161.088316,114.025392,97.922473,159.561247,0.006328,0.009276,0.008343,,200.07297,4.598272,,0.132327,1.407902,,1.122971,0.088812,0.017833
TPR,2024-12-31,0.743874,0.224469,0.141387,0.193723,0.216407,0.232248,0.042803,0.110271,0.067225,73.872561,10.444585,17.156785,48.263614,60.508211,11.721847,54.165738,0.013537,3.072652,0.566279,3.991065,15.093878,1.583095,1.047801,0.302734,7.381977,324.346936,1.630155,0.014075,0.00993
TPR,2025-03-31,0.760949,0.160103,0.128297,0.194055,0.071564,0.136096,0.027826,0.051473,0.04482,112.789193,14.470556,15.350143,202.204964,83.688267,16.24015,226.932469,0.008866,2.749833,0.562221,5.396098,16.525974,1.757725,1.221144,0.216884,6.194683,521.627408,0.709788,0.0195,0.015272
TPR,2025-06-30,0.763173,0.15744,-0.300081,-0.300429,0.2388,-0.602821,-0.078581,0.072616,-0.115296,-44.343537,13.306664,26.731223,55.723069,-49.708599,14.933926,62.537405,-0.022551,4.545582,0.592539,-2.500676,-39.135135,1.866273,1.313443,0.261865,7.201003,412.557024,-0.86405,0.020485,0.012883
TPR,2025-09-30,0.762936,0.192538,0.161211,0.224745,0.047049,0.68786,0.043185,0.093246,0.071375,83.44266,13.451861,57.396853,285.910759,67.173432,15.09688,320.874588,0.011984,10.511389,0.659925,5.001044,25.898438,1.524727,0.932104,0.26788,5.888083,534.475387,0.409753,0.019007,0.013141
TPR,2025-12-31,0.754636,0.286285,0.224305,0.306746,0.414602,1.018324,0.085944,0.195698,0.148409,40.851671,9.16322,41.600223,22.101246,33.525459,10.283784,24.803992,0.024479,7.154753,0.603843,1.749739,41.063218,1.625772,1.103577,0.383157,7.40355,246.543342,1.926064,0.017423,0.011589
TPR,2026-03-31,0.76877,0.222587,0.179007,0.251484,0.117567,0.50381,0.053165,0.115478,0.08598,66.695878,11.939,33.602056,101.550234,53.279797,13.399012,113.968742,0.014993,5.749121,0.606677,2.754865,32.755725,1.840989,1.269241,0.296998,6.297049,340.85715,0.763816,0.019161,0.014371
TPR,2026-06-30,0.833209,0.235692,0.185335,0.266066,0.24992,0.502529,0.051975,0.116815,0.087324,65.928818,12.218929,33.131112,48.891349,51.540441,13.713174,54.870239,0.015168,5.711602,0.590732,2.812538,37.033613,1.752158,1.249909,0.280437,7.914804,330.536242,1.501438,0.028349,0.013588
TRGP,2024-12-31,0.250653,0.159013,0.079677,0.245295,0.136427,0.135396,0.015439,0.03358,0.035892,178.503143,14.222551,24.168571,104.250588,76.105401,18.668308,136.837764,0.005602,5.502623,0.627472,12.69591,3.951041,0.723791,0.61842,0.193775,2.722178,-51.473408,3.783191,0.165006,0.003587
TRGP,2025-03-31,0.205218,0.119106,0.059301,0.199693,0.035558,0.11035,0.011864,0.023517,0.027716,231.625151,13.735526,25.559745,386.279921,90.283781,18.029047,507.025254,0.004317,6.612287,0.710899,17.302777,,0.649198,0.569088,0.200063,3.250552,-52.179861,3.528281,0.173671,0.003858
TRGP,2025-06-30,0.340461,0.242623,0.147673,0.331776,-0.01122,0.243074,0.026756,0.04191,0.051126,99.594028,14.707308,24.208726,-1310.765759,58.185578,19.304593,-1720.491552,0.010041,6.510761,0.716652,11.626503,4.760531,0.694809,0.555199,0.181182,3.02435,-46.009727,1.36433,0.212695,0.004014
TRGP,2025-09-30,0.30384,0.201604,0.115244,0.295264,-0.017489,0.17674,0.019789,0.033157,0.039675,130.96698,15.09313,23.147112,-863.011064,67.095942,19.811018,-1132.77543,0.007636,6.439818,0.721053,13.828996,3.805694,0.77348,0.606983,0.171716,2.948924,-14.362472,1.252508,0.161833,0.004216
TRGP,2025-12-31,0.334706,0.226211,0.134385,0.320232,0.13372,0.177646,0.021611,0.036385,0.041907,114.962575,15.449292,20.422635,115.53495,63.324475,20.27851,151.649449,0.008698,5.711399,0.69481,13.022946,4.20463,0.66615,0.545111,0.160815,2.750237,-62.58847,2.762385,0.237505,0.004266
TRGP,2026-03-31,0.311183,0.206828,0.117127,0.310865,-0.039075,0.152909,0.017693,0.030803,0.035717,130.63929,15.30139,19.975962,-391.59127,64.607979,20.084376,-513.996851,0.007655,6.099729,0.70578,14.679236,,0.717983,0.619512,0.151055,2.420465,-63.18141,1.54191,0.219674,0.005666
TRGP,2026-06-30,0.379496,0.278034,0.172203,0.381658,0.097115,0.209107,0.026814,0.042575,0.049454,81.944289,14.111079,17.13513,145.302883,48.530329,18.521992,190.722394,0.012203,5.354301,0.686584,11.006491,5.247253,0.770748,0.67937,0.15571,2.274525,-77.556579,1.885038,0.227495,0.004054
TRMB,2024-12-31,0.692699,0.178259,0.091723,0.166667,0.11084,0.0157,0.009506,0.022657,0.014428,148.8008,13.648396,2.336141,123.136075,89.485861,14.91431,134.557179,0.00672,0.242041,0.146559,3.976815,8.353383,1.269799,1.16113,0.103643,1.354919,308.884222,1.276053,0.006203,0.049115
TRMB,2025-03-31,0.667143,0.121342,0.079348,0.179515,0.177254,0.012308,0.007495,0.011563,0.013824,201.226869,15.966967,2.476764,90.079411,97.195047,17.447933,98.434447,0.00497,0.256685,0.156311,7.296223,6.538462,0.843483,0.720374,0.094461,1.584842,251.570326,2.332834,0.007852,0.045682
TRMB,2025-06-30,0.682768,0.150508,0.101861,0.208519,-0.067831,0.015682,0.009803,0.014411,0.017184,150.468971,15.326975,2.359634,-225.956771,80.321646,16.748581,-246.914689,0.006646,0.265888,0.166212,6.826396,6.840206,0.936461,0.805969,0.096239,1.62317,250.226848,-0.599776,0.006737,0.04328
TRMB,2025-09-30,0.689192,0.182756,0.123724,0.217821,0.129383,0.019257,0.012362,0.02044,0.018774,120.375177,14.893289,2.318106,115.110053,74.715907,16.27467,125.786729,0.008307,0.24038,0.154308,5.904738,7.043478,1.003989,0.86463,0.099916,1.66028,240.692129,1.110314,0.007989,0.038615
TRMB,2025-12-31,0.719839,0.219427,0.161477,0.261807,0.159517,0.026833,0.016817,0.024974,0.026035,85.707741,13.839794,2.299755,86.760389,57.765784,15.123461,94.807579,0.011668,0.238546,0.149506,4.48523,10.871658,1.085473,0.961554,0.104145,1.132944,346.350602,1.023627,0.005774,0.036502
TRMB,2026-03-31,0.687626,0.156293,0.105224,0.213533,0.285775,0.017544,0.011,0.015695,0.019797,135.711145,14.280064,2.38094,49.969591,73.07789,15.604567,54.604365,0.007369,0.250621,0.157135,5.872945,7.733333,1.013831,0.876975,0.104538,1.522105,255.090659,2.777553,0.00649,0.044473
TRMB,2026-06-30,0.694342,0.148765,-0.485288,-0.383539,0.239918,-0.092295,-0.055229,0.022009,-0.059448,-28.45417,13.808469,2.626171,57.555027,-39.342094,15.089231,62.893364,-0.035144,0.285533,0.170862,-3.339324,-20.282297,0.953695,0.822295,0.113807,1.625146,212.309739,-0.509434,0.007305,0.044547
TROW,2024-12-31,0.519375,0.328748,0.241107,0.501836,-0.216443,0.042521,0.032653,0.042163,0.046027,50.50916,12.17812,2.147716,-56.264825,22.505001,11.293823,-52.179233,0.019798,0.02694,0.020687,,,8.005447,,0.135429,2.079439,,-0.640827,0.061935,0.046643
TROW,2025-03-31,0.522705,0.354328,0.278077,0.390385,0.312319,0.047188,0.035051,0.045532,0.046811,45.298633,12.596507,2.13753,40.332146,29.923873,11.68183,37.403484,0.022076,0.045417,0.033737,,,5.87247,,0.12605,1.887331,,1.290316,0.046488,0.028516
TROW,2025-06-30,0.480648,0.295654,0.293158,0.403412,0.271398,0.047839,0.035225,0.037587,0.036434,43.980561,12.893274,2.10397,47.506905,29.639786,11.957047,44.057257,0.022737,0.044998,0.033133,,,10.954736,,0.120156,1.999652,,1.048892,0.036094,0.027041
TROW,2025-09-30,0.530605,0.368894,0.34122,0.368894,0.288355,0.059744,0.043862,0.050295,0.04873,34.389381,11.734343,2.054554,40.694101,29.499756,10.882271,37.739156,0.029079,0.042082,0.030895,,,11.44422,,0.128544,2.105292,,0.943043,0.03343,0.019699
TROW,2025-12-31,0.514606,0.333178,0.230236,0.540923,-0.044155,0.041003,0.031049,0.044577,0.046246,49.896652,11.48802,2.045928,-260.175402,19.695641,10.653833,-241.28313,0.020041,0.041178,0.031182,,,10.57262,,0.134858,2.076997,,-0.041994,0.034486,0.042759
TROW,2026-03-31,0.551265,0.381529,0.268282,0.418578,0.410501,0.046226,0.034614,0.050338,0.051004,44.598513,11.964986,2.061589,29.14729,26.509172,11.096165,27.030801,0.022422,0.040649,0.030438,,,9.244272,,0.129021,2.040884,,1.654556,0.033387,0.02644
TROW,2026-06-30,0.46912,0.295533,0.331341,0.367306,0.236395,0.057441,0.041153,0.039169,0.037772,35.156613,11.648831,2.019448,49.276956,29.411332,10.802967,45.698779,0.028444,0.039027,0.027961,,,9.630766,,0.124202,2.025701,,0.818513,0.034812,0.021338
TRV,2025-03-31,,,0.033446,,0.115157,0.014012,0.002905,,,197.813614,6.61612,2.771678,57.453219,,6.955408,60.399538,0.005055,0.284949,0.059076,,5.727273,,,0.086853,0.516329,,3.443038,,
TRV,2025-06-30,,,0.124546,,0.192638,0.051121,0.010866,,,51.780237,6.449024,2.647076,33.477454,,6.779743,35.194246,0.019312,0.272173,0.057851,,20.0,,,0.087245,0.522331,,1.54672,,
TRV,2025-09-30,,,0.151403,,0.338974,0.05973,0.01314,,,41.385793,6.265948,2.471966,18.485067,,6.587279,19.433019,0.024163,0.293176,0.064498,,22.117117,,,0.086791,0.541773,,2.238877,,
TRV,2025-12-31,,,0.200772,,0.215975,0.07588,0.017369,,,31.304638,6.285101,2.375399,29.101072,,6.607414,30.593434,0.031944,0.281723,0.064485,,27.75,,,0.086509,0.567982,,1.075721,,
TRV,2026-03-31,,,0.143492,,0.184334,0.053492,0.012023,,,45.667082,6.552866,2.442831,35.548852,,6.888911,37.37187,0.021898,0.289752,0.065126,,19.267241,,,0.08379,0.530852,,1.284629,,
TRV,2026-06-30,,,0.181684,,0.157657,0.066665,0.015378,,,35.387852,6.42939,2.359119,40.78099,,6.759102,42.872323,0.028258,0.273784,0.063156,,25.486726,,,0.084643,0.517876,,0.867754,,
TSCO,2024-12-31,0.352357,0.084364,0.062648,0.116179,0.071868,0.104128,0.02411,0.060919,0.042524,70.991014,4.447479,7.392173,61.884031,52.682212,6.120552,85.16384,0.014086,2.389273,0.553205,3.605143,18.505435,1.427185,0.202545,0.384839,,,2.187867,0.065199,0.003509
TSCO,2025-03-31,0.362111,0.071861,0.051737,0.106496,0.021776,0.080128,0.017271,0.045061,0.032003,93.565229,4.840765,7.497164,222.30216,62.55442,6.661786,305.928772,0.010688,2.573868,0.554793,5.013279,12.684537,1.405907,0.170042,0.333832,,,1.208542,0.04075,0.003815
TSCO,2025-06-30,0.369386,0.130146,0.096862,0.157647,0.129611,0.172687,0.040728,0.106599,0.074115,39.025636,3.780118,6.739204,29.165192,32.998566,5.20214,40.136684,0.025624,2.231604,0.526327,2.068389,32.131013,1.28274,0.164139,0.420477,,,1.827259,0.047382,0.002872
TSCO,2025-09-30,0.373545,0.09215,0.069714,0.12551,0.008142,0.100758,0.023837,0.062737,0.042444,64.731095,4.512639,6.522151,554.232078,49.479823,6.210223,762.72556,0.015449,2.223813,0.526109,3.341119,23.365992,1.301471,0.140703,0.341931,,,1.187381,0.074635,0.004118
TSCO,2025-12-31,0.351402,0.076374,0.058335,0.109148,0.015206,0.088098,0.020799,0.055461,0.035788,73.800286,4.305111,6.501665,283.123329,54.280654,5.924627,389.629918,0.01355,2.302294,0.54354,3.691923,17.66635,1.341696,0.162065,0.356542,,,1.428426,0.068121,0.004046
TSCO,2026-03-31,0.362241,0.064986,0.045802,0.10023,-0.031038,0.06545,0.014108,0.038624,0.026732,102.007619,4.672184,6.676363,-150.531003,64.150111,6.429788,-207.158424,0.009803,2.54948,0.549537,5.281283,12.216402,1.379516,0.156327,0.30801,,,0.55384,0.056405,0.004908
TSCO,2026-06-30,0.370511,0.116676,0.07943,0.131672,0.072427,0.137072,0.02966,0.088754,0.052063,46.526209,3.695561,6.37746,51.024744,38.624618,5.085773,70.219458,0.021493,2.487095,0.538156,3.2146,27.311875,1.333809,0.23076,0.373407,,,1.558061,0.051329,0.00342
TSLA,2024-12-31,0.162563,0.061851,0.090014,0.169526,0.079122,0.031736,0.018956,0.016592,0.030692,621.737936,55.965363,19.731757,707.326246,323.983156,54.923507,694.158601,0.001608,0.186839,0.1116,,29.8125,2.024912,1.607959,0.210592,5.818696,54.980547,2.08038,0.108142,0.022523
TSLA,2025-03-31,0.163072,0.025498,0.021153,0.110008,0.034342,0.005479,0.003269,0.004293,0.007131,3517.607786,74.409185,19.271852,2166.719254,663.80752,73.023977,2126.383425,0.000284,0.175854,0.104931,,7.472527,1.996068,1.535408,0.154543,5.112374,76.69604,5.271394,0.077166,0.029635
TSLA,2025-06-30,0.172386,0.04103,0.052098,0.13638,0.00649,0.015159,0.009116,0.008414,0.016589,1227.561079,63.953662,18.608552,9854.120441,460.208147,62.763095,9670.675302,0.000815,0.169879,0.102157,,19.011628,2.037223,1.551686,0.174975,5.861386,88.89512,2.167235,0.106419,0.028227
TSLA,2025-09-30,0.17989,0.066275,0.04887,0.130272,0.142018,0.017169,0.010267,0.0151,0.019864,1047.852574,51.208456,17.990516,360.576838,385.770108,50.255156,353.864309,0.000954,0.172415,0.103099,,26.776316,2.066251,1.673921,0.21008,5.973846,52.497822,4.543336,0.080014,0.023599
TSLA,2025-12-31,0.201157,0.06309,0.033734,0.116823,0.057026,0.010227,0.006096,0.012611,0.011933,1712.739981,57.77686,17.515877,1013.17013,485.362184,56.701281,994.308869,0.000584,0.179201,0.10681,,14.894118,2.164407,1.773665,0.180696,5.441652,49.111464,4.539286,0.096101,0.038312
TSLA,2026-03-31,0.210837,0.042033,0.021307,0.108545,0.064502,0.005671,0.003319,0.006632,0.007665,3016.145879,64.265046,17.10378,996.330737,581.036458,63.068682,977.78296,0.000332,0.188906,0.110559,,9.130435,2.043119,1.620306,0.155764,5.654711,59.135035,8.253669,0.111359,0.046009
TSLA,2026-06-30,0.16826,0.014095,0.039453,0.107274,-0.038922,0.012826,0.0075,0.003522,0.012467,1291.473595,50.952741,16.563835,-1309.100623,466.133573,50.0042,-1284.730295,0.000774,0.18513,0.108265,,17.407407,1.940946,1.552745,0.190111,6.908735,28.399904,4.216338,0.20527,0.040764
TSN,2024-12-31,0.080379,0.042575,0.026352,0.069441,0.055788,0.019402,0.009622,0.015688,0.018383,51.71188,1.362737,1.003327,24.427059,27.417089,1.903881,34.127061,0.019338,0.529968,0.262825,7.942918,4.983333,2.109205,1.039331,0.36513,5.864399,138.485572,2.871866,0.019893,
TSN,2025-03-31,0.045893,0.007649,0.000535,0.037632,-0.028912,0.00038,0.000193,0.001699,0.004548,2652.080713,1.419961,1.008944,-49.112606,52.716598,1.983828,-68.615255,0.000377,0.492826,0.249945,16.414634,1.272727,1.66873,0.686749,0.360364,5.481761,155.683769,-26.428571,0.014762,
TSN,2025-06-30,0.082181,0.043431,0.004394,0.045736,0.039398,0.003326,0.001673,0.007867,0.009943,304.337131,1.337119,1.012355,33.938876,40.844986,1.86809,47.416026,0.003286,0.494329,0.248601,11.83937,2.707965,1.732689,0.777329,0.380759,5.657702,152.247879,12.688525,0.01635,
TSN,2025-09-30,0.052381,0.0114,0.003391,0.036508,0.017893,0.002599,0.001282,0.005007,0.005748,394.990745,1.339435,1.026517,74.857117,51.258036,1.871325,104.582929,0.002532,0.48825,0.240875,15.021739,1.641509,1.552043,0.662858,0.378089,5.491284,152.063615,11.382979,0.020707,
TSN,2025-12-31,0.056452,0.0211,0.005939,0.042409,0.048208,0.004716,0.00236,0.008111,0.007748,218.406647,1.297042,1.030049,26.905167,42.729104,1.812099,37.589226,0.004579,0.463963,0.232155,11.670511,2.221154,1.533452,0.661938,0.397374,5.892548,134.456153,11.082353,0.017606,
TSN,2026-03-31,0.070461,0.031861,0.019043,0.059035,-0.018897,0.014366,0.007394,0.012218,0.015041,71.402173,1.359743,1.02578,-71.955678,32.179363,1.899697,-100.529327,0.014005,0.446624,0.229859,9.408189,4.701031,1.830446,0.700495,0.388255,5.691121,150.732971,-0.434615,0.01062,
TSN,2026-06-30,0.066412,0.026103,0.013124,0.049971,0.034684,0.010067,0.005111,0.009704,0.012547,102.003104,1.338662,1.026858,38.595769,37.426503,1.870246,53.922175,0.009804,0.442834,0.224812,10.484848,3.714286,1.433419,0.548705,0.389419,5.644282,151.469954,3.516484,0.011465,
TT,2024-12-31,0.351005,0.165696,0.123984,0.18613,0.158863,0.081034,0.029995,0.054141,0.057573,156.237206,19.370977,12.660464,121.934836,107.732412,20.052287,126.223485,0.006401,0.639673,0.236778,3.505511,13.530885,1.209082,0.884229,0.241925,1.577244,211.050047,1.489161,0.025769,0.00396
TT,2025-03-31,0.35779,0.174661,0.129018,0.194113,0.047051,0.08075,0.030068,0.054816,0.058981,156.082234,20.137388,12.603677,427.987958,107.389127,20.845653,443.040999,0.006407,0.636938,0.237173,4.29711,13.958692,1.089066,0.740263,0.233057,1.484454,240.511482,0.56125,0.02536,0.004735
TT,2025-06-30,0.375992,0.202596,0.152234,0.217353,0.104796,0.111664,0.041676,0.07497,0.0811,107.926547,16.430138,12.051536,156.782038,78.250476,17.008013,162.296321,0.009266,0.589084,0.219861,3.0751,19.774914,1.103967,0.756725,0.273762,1.59308,212.055811,0.791152,0.015645,0.004385
TT,2025-09-30,0.368864,0.202926,0.147601,0.215168,0.162926,0.101798,0.039656,0.070946,0.077257,111.389976,16.441296,11.339268,100.912937,79.099097,17.019564,104.462211,0.008977,0.554376,0.215961,2.82462,20.634892,1.204835,0.843775,0.26867,1.593855,224.845242,1.184521,0.011911,0.003465
TT,2025-12-31,0.340927,0.159199,0.114938,0.172553,0.204704,0.068923,0.027604,0.05179,0.052656,159.672152,18.352443,11.005006,89.65354,110.098957,18.997929,92.806803,0.006263,0.537941,0.21545,3.212572,14.332734,1.250736,0.916125,0.240165,1.590115,224.128281,1.959919,0.020566,0.003752
TT,2026-03-31,0.347748,0.156176,0.1176,0.179599,0.109973,0.068025,0.025682,0.047879,0.051226,161.557398,18.999103,10.990018,172.76147,109.506828,19.667333,178.837776,0.00619,0.537313,0.202858,3.968403,14.233813,1.095174,0.766823,0.218389,1.318038,274.888466,1.071526,0.016038,0.005393
TT,2026-06-30,0.355662,0.192697,0.145699,0.208735,0.159172,0.107354,0.038691,0.075124,0.078289,101.992161,14.860178,10.949233,93.359185,73.695404,15.382835,96.642781,0.009805,0.535412,0.192965,2.487181,22.903955,1.073401,0.761527,0.265552,1.500378,211.246064,1.175003,0.012025,0.003903
TTD,2024-12-31,0.817456,0.263571,0.245919,0.29611,0.238991,0.06179,0.029815,0.05446,0.060309,36.11559,8.881513,2.231599,37.162585,25.018159,7.408125,30.99754,0.027689,0.105866,0.051083,,,1.857151,,0.12124,0.222503,,1.094233,0.030102,0.174395
TTD,2025-03-31,0.768126,0.088393,0.082267,0.162543,0.372812,0.018654,0.008882,0.013406,0.025185,129.865186,10.683577,2.422552,28.656744,54.823823,8.911237,23.902767,0.0077,0.1233,0.05871,,202.513298,1.810672,,0.107971,0.201847,,5.750681,0.100277,0.208196
TTD,2025-06-30,0.782462,0.168257,0.129862,0.206733,0.168139,0.033433,0.015128,0.02931,0.038811,73.02098,9.48262,2.441289,56.397514,38.259486,7.909511,47.041513,0.013695,0.127437,0.057664,,,1.713714,,0.116492,0.213228,,1.830854,0.069619,0.185703
TTD,2025-09-30,0.780705,0.218031,0.156264,0.262842,0.209615,0.044428,0.019451,0.039899,0.054732,56.957843,8.900479,2.530507,42.461147,28.2449,7.423944,35.417104,0.017557,0.144563,0.063292,,,1.709742,,0.124475,0.212582,,1.944542,0.094248,0.164066
TTD,2025-12-31,0.807398,0.303349,0.220775,0.341091,0.332558,0.07525,0.030382,0.071521,0.088969,35.203573,7.772057,2.649063,23.370541,19.005825,6.482721,19.493512,0.028406,0.175629,0.070911,,,1.610842,,0.137618,0.224601,,1.666697,0.035407,0.132468
TTD,2026-03-31,0.735838,0.09675,0.058063,0.160791,0.400715,0.016302,0.006975,0.01376,0.027895,164.545038,9.553954,2.682431,23.842295,49.561306,7.969012,19.887005,0.006077,0.172642,0.073866,,212.683646,1.681979,,0.120127,0.207258,,9.79586,0.168061,0.1583
TTD,2026-06-30,0.742212,0.142054,0.090054,0.184205,0.190193,0.025014,0.011171,0.022467,0.034192,102.203744,9.203893,2.556491,48.392326,41.676544,7.677023,40.364336,0.009784,0.168629,0.075308,,,1.723832,,0.124046,0.223398,,2.385222,0.024606,0.153213
TTWO,2024-12-31,0.558832,-0.080159,-0.092072,0.102221,-0.035446,-0.021958,-0.009874,-0.009536,-0.013501,-306.830117,28.250574,6.737251,-796.994411,284.411742,29.072828,-820.191538,-0.003259,0.719707,0.323638,17.633813,-6.350962,0.829436,,0.107241,2.053148,,0.038339,0.031916,0.060965
TTWO,2025-03-31,0.507615,-0.135608,-2.354629,-2.094028,0.142117,-1.743088,-0.405873,-0.036271,-0.682348,-10.309466,24.274964,17.97031,170.809829,-11.929879,24.981505,175.781379,-0.096998,1.920709,0.447232,-0.665399,,0.778776,,0.172372,2.052263,,-0.074875,0.034186,0.04436
TTWO,2025-06-30,0.628408,0.014364,-0.007913,0.191581,-0.046416,-0.003419,-0.001229,0.002845,0.003655,-3228.162237,25.545372,11.035977,-550.360038,137.220521,26.28889,-566.378684,-0.00031,1.007469,0.362126,3.610205,0.645244,1.164802,,0.155284,2.286453,,3.756303,0.016691,0.027065
TTWO,2025-09-30,0.552768,-0.055192,-0.075488,0.148326,0.054403,-0.039016,-0.013283,-0.015065,-0.014468,-286.894179,21.656968,11.193546,398.084255,150.259339,22.287311,409.670799,-0.003486,1.023252,0.348373,4.551501,-5.6,1.153653,,0.175967,1.522053,,-0.958925,0.017984,0.054065
TTWO,2025-12-31,0.556504,-0.022425,-0.054679,0.158623,0.139023,-0.026576,-0.00928,-0.005804,-0.005712,-413.510556,22.610436,10.989567,162.638148,146.691028,23.26853,167.371855,-0.002418,1.004491,0.350762,3.373655,-2.263158,1.136879,,0.169722,2.061643,,-3.285253,0.040612,0.053149
TTWO,2026-03-31,0.558817,0.005953,-0.035421,0.25259,0.118228,-0.016947,-0.006341,0.001659,0.011568,-645.632447,22.868872,10.941676,193.429661,93.172831,23.534488,199.059578,-0.001549,0.842604,0.315276,2.29201,0.860898,1.235901,,0.179022,2.27924,,-3.956303,0.021907,0.063281
TTWO,2026-06-30,0.575331,-0.023144,-0.022231,0.193754,-0.126345,-0.00945,-0.003762,-0.004007,-0.003009,-1126.54342,25.044091,10.646029,-198.220488,133.018951,25.773018,-203.989846,-0.000888,0.816068,0.324871,3.885599,-0.621711,1.062329,,0.169226,2.527435,,4.950147,0.016298,0.056066
TXN,2024-12-31,0.577489,0.343649,0.300724,0.48016,0.201148,0.071289,0.033935,0.040033,0.046727,202.081643,60.770746,14.406223,302.119578,130.22836,62.530413,310.867699,0.004948,0.804354,0.382889,5.403326,11.453846,4.124623,2.881965,0.112845,2.331006,955.790279,1.658091,0.297479,0.019466
TXN,2025-03-31,0.568444,0.325387,0.289752,0.454166,-0.067338,0.071864,0.034926,0.041818,0.044902,206.538066,59.844773,14.842642,-888.716714,135.584072,61.577627,-914.450238,0.004842,0.783128,0.380603,5.457251,10.96875,5.257533,3.374448,0.120538,2.187634,961.075251,0.720102,0.275989,0.028508
TXN,2025-06-30,0.578912,0.351394,0.291142,0.470324,0.124775,0.078949,0.037071,0.04498,0.049659,188.037359,54.745589,14.845356,438.753837,119.770251,56.330793,451.458316,0.005318,0.856124,0.401998,5.257648,12.112782,5.812199,3.88122,0.127329,2.299897,924.754576,1.436293,0.29339,0.029002
TXN,2025-09-30,0.57423,0.368621,0.287642,0.472796,0.209405,0.082035,0.038967,0.049073,0.054099,178.525205,51.351409,14.645359,245.224954,111.757076,52.838331,252.325645,0.005601,0.844771,0.401268,4.788136,12.234043,4.450289,2.901539,0.13547,2.299709,890.885123,1.605572,0.252425,0.019612
TXN,2025-12-31,0.558897,0.340267,0.262944,0.468008,0.300475,0.071468,0.033627,0.042074,0.048145,209.379518,55.055026,14.963951,183.226772,121.043172,56.649189,188.532254,0.004776,0.86327,0.406188,5.228502,10.730496,4.352643,2.831909,0.127888,2.253184,919.307189,1.938091,0.209134,0.018313
TXN,2026-03-31,0.580104,0.378238,0.320207,0.500933,0.174922,0.092085,0.044922,0.053362,0.059271,157.610602,50.468058,14.513552,288.517037,103.665439,51.929402,296.871286,0.006345,0.837406,0.408513,4.344642,13.156028,4.456072,2.939599,0.14029,2.14922,900.729805,0.983819,0.140104,0.022591
TXN,2026-06-30,0.613582,0.425956,0.362438,0.539447,0.400696,0.109957,0.055181,0.064217,0.07289,122.98403,44.574113,13.522984,111.241836,85.021841,45.864793,114.462935,0.008131,0.780363,0.391617,3.526298,16.87234,4.857275,3.437731,0.152249,2.167857,847.016588,1.365152,0.094087,0.023247
TXT,2024-12-31,0.249377,0.040133,0.039026,0.071962,0.081096,0.019572,0.008374,0.013436,0.012617,97.203106,3.793423,1.902504,46.776921,63.387065,4.561483,56.247908,0.010288,0.498057,0.213089,8.257692,6.038462,1.763996,0.837506,0.214574,2.327964,577.777572,3.163121,0.042347,
TXT,2025-03-31,0.191773,0.061706,0.062613,0.109498,-0.054446,0.028454,0.012218,0.015916,0.021509,66.210811,4.145686,1.883936,-76.142433,45.526621,4.985069,-91.559094,0.015103,0.513265,0.220399,6.875691,9.310345,1.798587,0.825701,0.195136,2.132903,601.833716,-0.599034,0.016939,
TXT,2025-06-30,0.190797,0.07239,0.065931,0.116254,0.083154,0.032961,0.014348,0.019607,0.026109,55.941379,3.688277,1.84389,44.354815,38.149623,4.435048,53.335395,0.017876,0.502354,0.218669,5.324074,10.709677,1.837385,0.842431,0.217615,2.541724,536.521528,1.579592,0.02099,
TXT,2025-09-30,0.181566,0.077457,0.064964,0.122987,0.075791,0.031229,0.013463,0.018481,0.027027,58.571102,3.805008,1.829126,50.203802,37.202341,4.575413,60.368633,0.017073,0.498332,0.214832,4.993228,11.533333,1.837519,0.862634,0.207238,2.179068,571.751419,1.491453,0.021099,
TXT,2025-12-31,0.167186,0.059641,0.056287,0.102275,0.126228,0.029841,0.012963,0.017921,0.022866,58.321863,3.282788,1.740398,26.006903,38.596339,3.947458,31.272556,0.017146,0.492444,0.213911,4.339578,8.75,1.969217,0.986446,0.230294,2.988547,446.822322,2.978723,0.041437,
TXT,2026-03-31,0.181867,0.062517,0.05954,0.107442,-0.067659,0.027493,0.012127,0.016121,0.022369,62.298354,3.709239,1.712777,-54.822552,41.512939,4.460254,-65.922548,0.016052,0.475506,0.209746,5.528967,8.852941,1.84461,0.871291,0.203682,2.522184,539.780338,-0.531818,0.035995,
TXT,2026-06-30,0.181343,0.069767,0.064803,0.112621,0.054612,0.030792,0.013676,0.018367,0.025015,55.264669,3.581301,1.701718,65.577215,38.238137,4.306412,78.854722,0.018095,0.472436,0.209827,5.102088,10.212121,1.860789,0.848348,0.21104,2.657639,545.678606,1.225806,0.024824,
TYL,2024-12-31,0.437637,0.132474,0.120527,0.211348,0.399134,0.019248,0.012591,0.015278,0.018964,211.916283,25.541675,4.079005,63.992666,125.091923,26.437938,66.238184,0.004719,0.188397,0.123237,,61.974583,1.352074,,0.104465,0.920864,,3.446344,0.016244,0.063484
TYL,2025-03-31,0.472572,0.157782,0.143413,0.236117,0.085414,0.023074,0.015611,0.01845,0.026588,170.524995,24.455499,3.934687,286.317235,107.208123,25.313648,296.364178,0.005864,0.182225,0.123283,,77.476726,0.939562,,0.10885,1.009452,,0.692864,0.013952,0.066635
TYL,2025-06-30,0.458272,0.160364,0.141964,0.235975,0.147578,0.023283,0.015597,0.018641,0.027649,163.321303,23.185703,3.802657,157.107689,101.702493,23.999295,162.620638,0.006123,0.176555,0.118273,,82.230586,1.030617,,0.109868,0.834415,,1.161698,0.017341,0.064252
TYL,2025-09-30,0.472331,0.164349,0.141628,0.245142,0.415482,0.023424,0.015464,0.018288,0.028883,163.77415,23.194964,3.836327,55.826639,97.938648,24.008881,57.78561,0.006106,0.178598,0.117904,,88.08664,1.027766,,0.109188,0.900138,,3.023841,0.012778,0.061538
TYL,2025-12-31,0.455481,0.130351,0.113931,0.213826,0.411917,0.017698,0.011621,0.013441,0.022201,210.913795,24.029723,3.732698,58.336324,116.323446,24.872932,60.38336,0.004741,0.173547,0.11396,,68.861821,1.050382,,0.102002,0.900408,,3.721643,0.012095,0.067188
TYL,2026-03-31,0.483183,0.162692,0.132322,0.242476,0.167505,0.022815,0.016917,0.021398,0.028596,170.256121,22.528646,3.884341,134.495128,96.170933,23.319182,139.214596,0.005874,0.013479,0.009995,,100.833021,1.00127,,0.12785,1.07069,,1.321286,0.00733,0.060569
TYL,2026-06-30,0.475987,0.147412,0.144958,0.252654,0.183717,0.030789,0.016085,0.016581,0.026616,147.803404,21.425326,4.550655,116.621456,87.77679,22.177146,120.713732,0.006766,0.479065,0.250281,3.149583,41.56187,1.553659,,0.110964,0.889952,,1.330428,0.00914,0.067683
UAL,2024-12-31,0.307043,0.106839,0.066962,0.110378,0.03736,0.077633,0.013282,0.02862,0.031949,35.857699,2.401087,2.783746,64.269538,32.254316,3.560157,95.294171,0.027888,2.653491,0.453991,12.260789,5.132911,0.809943,0.742515,0.198359,6.793805,-40.221848,2.260163,0.113984,
UAL,2025-03-31,0.251589,0.037996,0.029292,0.059491,0.187481,0.030675,0.005085,0.01009,0.015622,91.173065,2.670601,2.796764,14.244641,66.560433,3.959771,21.120912,0.010968,2.609781,0.432592,23.273537,2.551948,0.780991,0.718932,0.173589,5.774476,-50.964037,9.586563,0.093324,
UAL,2025-06-30,0.311499,0.116303,0.063862,0.102258,0.06104,0.072753,0.01261,0.034152,0.032343,36.263079,2.315829,2.638252,37.939759,33.579268,3.433742,56.254301,0.027576,2.451473,0.424893,11.376765,5.025806,0.698744,0.645385,0.197452,6.664917,-62.599306,2.27852,0.084471,
UAL,2025-09-30,0.290443,0.086765,0.062332,0.10069,-0.016158,0.066322,0.012436,0.025138,0.031162,37.180165,2.317503,2.465859,-143.430798,34.126875,3.436223,-212.668699,0.026896,2.188972,0.410441,12.196999,5.514388,0.667207,0.608651,0.199507,6.257707,-44.654426,1.283456,0.096158,
UAL,2025-12-31,0.292738,0.089374,0.06781,0.103663,-0.039231,0.068316,0.013656,0.026923,0.03172,33.796912,2.291763,2.308859,-58.417179,32.779762,3.398058,-86.616722,0.029589,2.030886,0.405975,11.933584,5.889299,0.645046,0.585505,0.201392,6.439147,-44.244391,1.231801,0.122759,
UAL,2026-03-31,0.251369,0.041621,0.04785,0.078245,0.214061,0.044029,0.008636,0.012174,0.021501,50.477791,2.415387,2.222473,11.283651,45.771216,3.58136,16.730572,0.019811,1.950806,0.382637,14.281715,4.186813,0.698031,0.63619,0.180477,5.491729,-55.659224,6.865522,0.114458,
UAL,2026-06-30,0.243153,0.053814,0.045552,0.074129,0.015109,0.048212,0.009519,0.017288,0.023061,43.831026,1.996603,2.113193,132.149724,39.93626,2.960418,195.941947,0.022815,2.01641,0.398113,12.441221,4.612676,0.780291,0.715639,0.208965,7.145977,-57.453521,2.0,0.075996,
UBER,2024-12-31,0.3951,0.064387,0.57555,0.10051,0.142654,0.319278,0.134318,0.024795,0.0258,20.92118,12.041181,6.679677,84.408255,128.472124,12.912743,90.517874,0.047798,0.516096,0.217118,2.998336,8.769231,1.067009,,0.233374,3.588059,,0.25425,0.003679,0.035036
UBER,2025-03-31,0.398509,0.106477,0.153993,0.144628,0.195092,0.080819,0.033622,0.039015,0.036601,81.081353,12.485952,6.552923,64.000215,92.580032,13.389707,68.632663,0.012333,0.506212,0.210594,2.618705,14.190476,1.019566,,0.218337,3.305532,,1.308559,0.006416,0.037718
UBER,2025-06-30,0.398387,0.114615,0.107106,0.141728,0.195637,0.059961,0.024204,0.039402,0.037232,106.273419,11.382538,6.372267,58.182013,86.125763,12.206426,62.39333,0.00941,0.546155,0.220464,2.392638,14.925926,1.112013,,0.225983,3.356593,,1.892251,0.007035,0.037546
UBER,2025-09-30,0.397861,0.082646,0.492018,0.217346,0.16559,0.235516,0.104603,0.027895,0.054397,21.732642,10.692841,5.118379,64.574208,52.758282,11.466807,69.248203,0.046014,0.474159,0.210596,1.138709,24.392857,1.153799,,0.212601,3.569308,,0.351343,0.007277,0.034529
UBER,2025-12-31,0.395726,0.123486,0.020604,0.041696,0.195462,0.010946,0.004789,0.047229,0.008205,486.488119,10.023701,5.325265,51.282223,257.802158,10.749234,54.994121,0.002056,0.446729,0.195463,5.702838,3.530435,1.135795,,0.232452,3.753854,,9.739865,0.005221,0.031394
UBER,2026-03-31,0.450276,0.145649,0.01992,0.060214,0.173142,0.010626,0.004392,0.033202,0.012612,547.530355,10.906649,5.817966,62.992337,194.243387,11.696091,67.551834,0.001826,0.501758,0.207381,6.233962,5.592593,1.069207,,0.220473,3.38973,,8.939163,0.004923,0.035825
UBER,2026-06-30,0.449299,0.133183,0.168698,0.253611,0.196744,0.087641,0.036382,0.035104,0.066837,60.150578,10.147311,5.271653,51.576104,42.907333,10.881791,55.309274,0.016625,0.539281,0.223872,2.181995,26.80315,0.842512,,0.215665,3.301768,,1.195489,0.004933,0.038757
UDR,2024-12-31,0.270105,0.172021,-0.011932,0.540719,0.411461,-0.001465,-0.000463,0.007881,0.00558,-2469.002252,29.46019,3.616877,71.599021,77.989846,42.17058,102.48991,-0.000405,1.745246,0.551429,25.486549,0.915899,0.389805,,0.038791,,,-47.68755,0.157548,0.01601
UDR,2025-03-31,0.265848,0.183798,0.181823,0.707175,0.223603,0.023032,0.00714,0.008507,0.012868,162.325956,29.51465,3.738662,131.995542,59.742703,42.248535,188.944079,0.00616,1.799006,0.557686,19.470959,2.723842,0.615373,,0.039268,,,2.036184,0.146622,0.01777
UDR,2025-06-30,0.272309,0.189871,0.088559,0.610556,0.400379,0.011331,0.003538,0.008861,0.008925,330.572223,29.275215,3.745665,73.118684,68.635448,41.905799,104.66522,0.003025,1.791382,0.559403,22.230974,1.831953,0.271367,,0.039955,,,6.644785,0.188078,0.020597
UDR,2025-09-30,0.265887,0.180869,0.093569,0.618287,0.378955,0.012339,0.003811,0.00854,0.009591,308.189942,28.836966,3.80268,76.096026,66.762609,41.278469,108.927115,0.003245,1.836253,0.567225,21.845039,1.860448,0.230907,,0.040735,,,5.813928,0.165047,0.007125
UDR,2025-12-31,0.280038,0.198427,0.514659,1.053015,0.428576,0.067783,0.021017,0.009477,0.029747,55.870505,28.754271,3.787074,67.092525,39.087864,41.160097,96.039117,0.017899,1.825878,0.566143,12.761605,5.796755,0.202293,,0.040837,,,1.172744,0.174987,0.016502
UDR,2026-03-31,0.258852,0.183441,0.445771,0.978135,0.196985,0.057775,0.01837,0.008752,0.025783,65.603865,29.24428,3.79028,148.459187,42.79726,41.861516,212.510847,0.015243,1.779026,0.565651,13.593036,5.186409,0.335016,,0.041209,,,0.678198,0.105335,0.022468
UDR,2026-06-30,0.278226,0.195642,0.162283,0.670653,0.461343,0.023492,0.006725,0.009501,0.013028,180.396138,29.275215,4.237833,63.456459,62.485094,41.905799,90.834297,0.005543,2.039978,0.583989,20.374136,2.55508,0.225334,0.16636,0.04144,,,3.797711,0.15496,0.016131
UHS,2024-12-31,0.90133,0.114857,0.080802,0.151676,0.100272,0.049863,0.022972,0.032525,0.038923,31.328481,2.531404,1.562132,25.245322,25.127364,3.811219,38.008723,0.03192,0.743366,0.342468,7.017448,12.278943,1.274104,1.17415,0.284298,1.888977,-176.414699,1.980875,0.059786,0.006472
UHS,2025-03-31,0.90173,0.110941,0.077244,0.148299,0.02952,0.046669,0.021289,0.030427,0.036639,32.883331,2.54005,1.534645,86.046283,25.787346,3.824235,129.549123,0.030411,0.750726,0.342453,7.439224,11.722195,1.320619,1.225354,0.275603,1.700054,-1479.890353,1.136946,0.058303,0.005267
UHS,2025-06-30,0.90224,0.116781,0.082454,0.154033,0.066054,0.050244,0.023571,0.032998,0.040087,29.481774,2.430892,1.481283,36.801477,23.760391,3.65989,55.407381,0.033919,0.71237,0.334188,6.736837,14.736833,1.290414,1.194266,0.285863,1.860711,-1525.058082,1.554219,0.062097,0.005629
UHS,2025-09-30,0.907773,0.116053,0.082967,0.153344,0.029611,0.052019,0.024306,0.033558,0.043847,27.921431,2.316557,1.452432,78.232238,22.744646,3.487751,117.784494,0.035815,0.712851,0.333091,6.641673,14.295676,1.031265,0.95952,0.292966,1.738748,-1643.998257,1.020702,0.055073,0.005535
UHS,2025-12-31,0.905761,0.115298,0.099406,0.175207,0.064077,0.061291,0.028719,0.03312,0.050672,23.351729,2.321307,1.431252,36.226642,19.947218,3.494901,54.541923,0.042823,0.710095,0.33273,5.87127,15.108218,1.051955,0.980307,0.288908,1.723789,-235.505652,1.28872,0.064029,0.005596
UHS,2026-03-31,0.905111,0.111866,0.077568,0.146938,0.040011,0.04671,0.022236,0.031584,0.040612,29.865302,2.31659,1.395002,57.898416,23.736469,3.4878,87.170401,0.033484,0.68666,0.326878,6.948109,14.040781,1.078797,1.008079,0.286662,1.637535,-1597.15202,1.151846,0.049335,0.005006
UHS,2026-06-30,0.908742,0.1114,0.077285,0.147718,0.045347,0.047705,0.022494,0.031795,0.04097,29.051696,2.245249,1.385913,49.512851,22.884145,3.380391,74.545305,0.034421,0.700334,0.330217,6.879196,13.395892,1.115739,1.044751,0.291049,1.655778,-1691.48827,1.236732,0.050234,0.004939
ULTA,2025-01-31,0.382396,0.148541,0.112762,0.168602,0.276017,0.158044,0.065527,0.157964,0.122697,58.816938,6.632301,9.295682,24.028598,43.266415,7.29481,26.428846,0.017002,0.772894,0.320449,,,1.702077,0.596014,0.581106,,,2.635757,0.021196,0.004328
ULTA,2025-04-30,0.391178,0.141697,0.107097,0.166987,0.049499,0.12552,0.050955,0.125245,0.095577,75.826211,8.120771,9.517717,164.060837,53.489133,8.931966,180.449093,0.013188,0.812739,0.329932,,,1.666633,0.463855,0.475783,12.6512,362.248379,0.721257,0.027746,0.004009
ULTA,2025-07-31,0.391504,0.125502,0.093555,0.151023,0.007016,0.100188,0.039344,0.091346,0.079,88.666746,8.295211,8.883326,1182.261045,60.413364,9.12383,1300.35868,0.011278,0.878629,0.345038,0.110077,,1.394535,0.300803,0.420542,12.425668,394.723809,0.369993,0.027598,0.003199
ULTA,2025-10-31,0.404415,0.110142,0.080793,0.134799,-0.028567,0.087685,0.032924,0.075057,0.06916,100.188142,8.094468,8.784966,-283.352778,66.046525,8.903035,-311.657266,0.009981,0.977836,0.367163,0.900298,75.047053,1.327937,0.247063,0.407516,12.039599,455.939858,0.024433,0.030541,0.003495
ULTA,2026-01-31,0.380581,0.123258,0.091494,0.144238,0.253704,0.127228,0.050959,0.126668,0.10063,64.851216,5.933503,8.25088,23.387522,45.246257,6.526209,25.723733,0.01542,0.778348,0.311754,,,1.413517,0.432946,0.556965,,,3.309986,0.04914,0.001822
ULTA,2026-04-30,0.400657,0.143155,0.107612,0.168882,0.064358,0.131916,0.049377,0.126605,0.098651,67.938454,7.310993,8.962162,113.599669,47.614758,8.041298,124.947291,0.014719,0.89209,0.333918,,,1.311415,0.275679,0.458846,12.745154,350.59932,0.769215,0.018419,0.003316
ULTA,2026-07-31,0.391001,0.126551,0.092897,0.15185,0.012662,0.106669,0.040495,0.097302,0.081074,82.022855,7.619699,8.749321,601.772656,55.191744,8.380841,661.88453,0.012192,0.954719,0.362442,0.392929,103.051303,1.345087,0.290094,0.435913,12.177043,377.56258,0.424445,0.026768,0.003483
UNH,2024-12-31,0.211374,0.077108,0.054986,0.087643,0.014453,0.059822,0.018583,0.039044,0.04007,61.032561,3.355952,3.651098,232.191821,43.878381,3.845621,266.071032,0.016385,0.829977,0.257827,5.839502,7.770688,0.826634,,0.337963,4.507355,,0.427386,0.009047,0.001855
UNH,2025-03-31,0.216966,0.083222,0.057422,0.092768,0.041597,0.066205,0.020311,0.041308,0.046374,53.767242,3.087415,3.559665,74.221914,38.137284,3.537901,85.051666,0.018599,0.855142,0.262342,4.97334,9.122244,0.848543,,0.353707,4.067976,,0.867133,0.008195,0.003422
UNH,2025-06-30,0.179293,0.04614,0.030515,0.055485,0.056461,0.035957,0.011038,0.025912,0.02583,99.325744,3.030959,3.571465,53.681924,62.597367,3.473207,61.514677,0.010068,0.836039,0.256643,8.170031,4.974684,0.845804,,0.361717,4.623312,,2.110393,0.007938,0.001765
UNH,2025-09-30,0.182368,0.038132,0.020749,0.04711,0.044671,0.024513,0.007448,0.019317,0.021187,144.081552,2.989577,3.531831,66.924527,72.719095,3.425787,76.689514,0.006941,0.836606,0.254183,9.927968,4.219342,0.822906,,0.358935,4.991223,,2.531942,0.007865,0.001971
UNH,2025-12-31,0.163353,0.003356,8.8e-05,0.01211,0.001413,0.000106,3.2e-05,0.0,0.001305,33830.34839,2.988151,3.594767,2114.396774,282.761119,3.424153,2422.909338,3e-05,0.832951,0.25321,39.404814,0.26078,0.788376,,0.365704,4.918542,,110.8,0.008373,0.001555
UNH,2026-03-31,0.227433,0.080468,0.056211,0.089034,0.072941,0.06416,0.020087,0.041621,0.044922,53.869982,3.02811,3.456273,41.514724,38.973107,3.469943,47.572155,0.018563,0.796038,0.24922,5.018196,9.33822,0.798491,,0.357343,4.202091,,1.419108,0.00683,0.003115
UNH,2026-06-30,0.207967,0.071328,0.04895,0.080066,0.091518,0.055705,0.017706,0.037854,0.040069,61.689184,3.019704,3.436402,32.995561,43.218004,3.46031,37.809957,0.01621,0.744847,0.23675,4.988071,8.243243,0.776784,,0.361712,5.193158,,2.015317,0.007132,0.002464
UNP,2024-12-31,0.458422,0.412514,0.287861,0.522627,0.284267,0.104322,0.026021,0.040566,0.041514,94.192323,27.11434,9.826339,95.38326,60.963384,31.861112,112.081532,0.010617,1.922025,0.479406,9.432948,8.310897,0.765322,0.618957,0.090394,3.231785,104.352461,1.510783,0.150629,
UNP,2025-03-31,0.452962,0.393396,0.269786,0.507549,0.21636,0.101378,0.02374,0.03708,0.039329,102.070647,27.537228,10.347707,127.275209,63.75347,32.358033,149.556645,0.009797,2.113847,0.495007,10.274926,7.60559,0.729508,0.60945,0.087996,3.067176,102.285279,1.359164,0.150324,
UNP,2025-06-30,0.462138,0.410302,0.304842,0.529899,0.227007,0.115389,0.027357,0.041734,0.042624,88.468482,26.968943,10.20832,118.802343,59.804313,31.690261,139.600476,0.011303,2.088572,0.495159,9.737197,7.904478,0.648326,0.528363,0.08974,3.213577,109.05945,1.243603,0.152096,
UNP,2025-09-30,0.464606,0.408232,0.286355,0.522582,0.251762,0.103329,0.026046,0.040035,0.041701,92.822636,26.580217,9.591243,105.576891,59.767657,31.233483,124.059711,0.010773,1.898289,0.478506,9.500153,8.088685,0.747893,0.598084,0.090958,3.25039,104.542183,1.410515,0.152146,
UNP,2025-12-31,0.451109,0.394577,0.303698,0.551684,0.201479,0.10007,0.026514,0.036647,0.042252,89.808914,27.274753,8.987214,135.372653,58.094091,32.049608,159.071668,0.011135,1.777333,0.470917,9.099791,8.409231,0.908456,0.751496,0.087305,3.271505,109.711649,1.204004,0.164174,
UNP,2026-03-31,0.453917,0.395368,0.273605,0.511822,0.241756,0.087599,0.024424,0.037463,0.03919,97.570178,26.695653,8.547063,110.423734,61.289084,31.369127,129.755067,0.010249,1.622464,0.452372,9.401634,7.965625,0.915906,0.733811,0.089268,3.130413,105.631911,1.43445,0.150716,
UNP,2026-06-30,0.455274,0.402535,0.290355,0.510781,0.32095,0.096406,0.027987,0.04226,0.04372,83.274898,24.179323,8.028195,75.336756,55.625175,28.412276,88.525586,0.012008,1.507715,0.437699,8.189675,9.162939,0.985923,0.822167,0.09639,3.222535,112.093424,1.543402,0.127185,
UPS,2024-12-31,0.207897,0.115648,0.068021,0.129442,0.087625,0.102943,0.024561,0.062299,0.043931,48.97061,3.331031,5.041178,38.014623,33.077993,4.281666,48.863521,0.02042,1.534394,0.366091,4.632672,10.28821,1.174503,1.124263,0.361082,2.327385,57.095838,1.926206,0.043397,0.001779
UPS,2025-03-31,0.170797,0.077323,0.055091,0.123318,0.066927,0.075798,0.017337,0.035066,0.033045,71.001196,3.911558,5.381764,58.445506,40.771707,5.027867,75.125122,0.014084,1.634355,0.373821,6.235228,7.86036,1.091315,,0.314696,2.179225,,1.952822,0.040657,0.000975
UPS,2025-06-30,0.178125,0.085858,0.060459,0.133641,-0.03652,0.08146,0.01809,0.034737,0.03352,65.688558,3.971463,5.351011,-108.746348,38.198317,5.104869,-139.781195,0.015223,1.835492,0.407611,6.539492,7.983193,1.323736,,0.299212,2.034612,,0.271239,0.052919,-0.000236
UPS,2025-09-30,0.162783,0.08424,0.061219,0.13187,0.070605,0.082854,0.018363,0.036245,0.033392,64.285598,3.935485,5.326324,55.739695,38.360633,5.058624,71.647107,0.015556,1.84611,0.409163,6.380312,6.522337,1.304632,,0.299964,2.14859,,1.893211,0.045295,0.001167
UPS,2025-12-31,0.207688,0.105192,0.073165,0.147473,0.105642,0.110372,0.024504,0.048181,0.045902,47.056627,3.442887,5.193715,32.590263,30.008428,4.425443,41.891116,0.021251,1.761878,0.391162,5.052632,9.917293,1.21927,1.171959,0.334916,2.18387,56.213627,1.843663,0.02925,0.001307
UPS,2026-03-31,0.158428,0.059759,0.040751,0.112018,0.056268,0.054812,0.012032,0.024258,0.024328,97.544467,3.975022,5.346598,70.644107,45.612811,5.109444,90.805051,0.010252,1.818309,0.399142,7.824842,5.225564,1.212621,,0.295255,2.131283,,2.574074,0.048627,0.001132
UPS,2026-06-30,0.130069,0.040729,0.026452,0.088158,0.00727,0.040088,0.008475,0.018663,0.01832,139.533807,3.690918,5.593577,507.701322,53.815413,4.74426,652.59293,0.007167,1.903033,0.402332,9.851465,3.797794,1.17902,,0.320401,2.132026,,1.422185,0.030349,0.001489
URI,2024-12-31,0.4,0.265446,0.168254,0.452015,0.089133,0.079912,0.024465,0.037403,0.043841,91.594021,15.411057,7.319448,172.899398,42.345373,19.140729,214.743248,0.010918,1.715263,0.525122,6.995678,6.05,0.977731,0.917544,0.145404,1.737378,128.67847,1.521045,0.166789,0.008059
URI,2025-03-31,0.364614,0.216456,0.139285,0.436408,0.182845,0.058937,0.018467,0.027916,0.03595,121.830657,16.969153,7.180371,92.806295,48.294076,21.075904,115.266596,0.008208,1.592104,0.498859,7.62785,4.73913,0.854244,0.794412,0.132585,1.618364,101.655774,2.750965,0.200323,0.00968
URI,2025-06-30,0.38879,0.254375,0.157748,0.448643,-0.058331,0.068843,0.021297,0.033166,0.040229,101.460258,16.005143,6.984868,-274.383827,44.308245,19.878591,-340.788197,0.009856,1.599889,0.494933,7.256642,5.906433,0.858537,0.799512,0.135007,1.665118,37.91527,2.135048,0.395131,0.008623
URI,2025-09-30,0.39371,0.263419,0.16576,0.45117,-0.086309,0.077889,0.023316,0.036004,0.043127,90.026077,14.922743,7.012031,-172.899398,41.080338,18.534236,-214.743248,0.011108,1.690222,0.50597,7.146751,6.264045,0.898361,0.842793,0.140662,1.639783,74.255814,1.684736,0.365571,0.007567
URI,2025-12-31,0.377852,0.25,0.155181,0.44249,0.13712,0.072814,0.021864,0.033883,0.04058,96.643615,14.997215,7.037052,109.373103,42.095212,18.626731,135.842782,0.010347,1.747324,0.524677,7.395274,5.775956,0.94475,0.881906,0.140896,1.676494,142.987454,1.92343,0.161359,0.007605
URI,2026-03-31,0.368632,0.22936,0.13325,0.419573,0.170891,0.059211,0.017766,0.030294,0.034044,118.847986,15.836457,7.037052,92.670015,46.878759,19.66908,115.097335,0.008414,1.674732,0.502509,8.211722,4.982955,0.802278,0.740247,0.133331,1.556033,114.306582,2.851224,0.209034,0.009034
URI,2026-06-30,0.392744,0.25941,0.170748,0.454649,-0.059184,0.081635,0.024047,0.036473,0.04453,83.809137,14.310268,6.841748,-241.794177,39.09291,17.773534,-300.311438,0.011932,1.667931,0.491314,7.041397,6.657303,0.76398,0.701467,0.140832,1.576689,52.132535,2.378486,0.465306,0.009751
USB,2024-12-31,,,0.238286,,0.682906,0.028389,0.002452,,,56.269735,13.408306,1.59747,19.634194,,18.650892,27.311073,0.017772,1.120318,0.096748,,,,,0.010289,,,2.865905,,
USB,2025-03-31,,,0.24668,,-0.044457,0.028438,0.002526,,,54.75516,13.507011,1.557118,-303.820029,,18.788189,-422.612247,0.018263,1.281566,0.113848,,,,,0.010241,,,-0.180222,,
USB,2025-06-30,,,0.260215,,0.274265,0.029542,0.002644,,,51.557338,13.415996,1.523106,48.916136,,18.661587,68.042118,0.019396,1.286696,0.115174,,,,,0.010162,,,1.053994,,
USB,2025-09-30,,,0.27411,,0.483425,0.031591,0.002878,,,46.764902,12.818708,1.477369,26.516455,,17.830763,36.884265,0.021384,1.231197,0.11215,,,,,0.010498,,,1.763618,,
USB,2025-12-31,,,0.278724,,0.386534,0.031368,0.002954,,,45.758713,12.754064,1.435378,32.995969,,17.740844,45.89724,0.021854,1.049392,0.098813,,,,,0.010597,,,1.386797,,
USB,2026-03-31,,,0.267906,,0.184573,0.029566,0.002775,,,48.111346,12.889335,1.422439,69.83326,,17.929004,97.13774,0.020785,1.204208,0.11301,,,,,0.010357,,,0.688946,,
USB,2026-06-30,,,0.283242,,0.627114,0.032284,0.002999,,,42.984184,12.174937,1.387718,19.414226,,16.935281,27.005098,0.023264,1.423775,0.132257,,,,,0.010588,,,2.214056,,
V,2024-12-31,0.787592,0.660147,0.538275,0.700736,0.531125,0.133669,0.055709,0.089367,0.101629,135.067622,72.703592,18.054396,136.885994,103.164295,72.290942,136.10906,0.007404,0.53815,0.224284,1.236795,35.065934,1.121378,,0.103496,3.671815,,1.054112,0.036278,0.023554
V,2025-03-31,0.80394,0.670732,0.477069,0.615072,0.455285,0.120352,0.049293,0.093524,0.089576,151.062084,72.067037,18.180677,158.2901,116.50345,71.658001,157.391681,0.00662,0.545937,0.223601,1.52991,35.417722,1.084033,,0.103325,3.528503,,1.025781,0.034084,0.026996
V,2025-06-30,0.806036,0.667715,0.518285,0.657589,0.620232,0.136354,0.052707,0.089846,0.097139,131.147792,67.971997,17.882556,109.591244,102.77872,67.586203,108.969228,0.007625,0.650166,0.25132,1.20287,163.384615,1.115346,,0.101696,3.483562,,1.276555,0.041388,0.021923
V,2025-09-30,0.815274,0.657497,0.474636,0.629336,0.545412,0.134269,0.051091,0.09252,0.099614,135.837162,64.473252,18.238707,118.210148,101.864996,64.107316,117.539214,0.007362,0.663985,0.252652,1.186398,30.633333,1.077551,,0.107642,3.430582,,1.22554,0.036274,0.017811
V,2025-12-31,0.816806,0.682965,0.536923,0.66471,0.587286,0.15094,0.060456,0.109063,0.105935,118.129362,63.426397,17.830445,107.999244,94.878121,63.066403,107.386264,0.008465,0.546123,0.218739,0.886144,35.670103,1.111333,,0.112597,3.373878,,1.15838,0.034676,0.021191
V,2026-03-31,0.812912,0.673464,0.536153,0.684328,0.233749,0.16884,0.063346,0.107386,0.11144,114.833276,61.568224,19.38844,263.394726,89.458277,61.218777,261.899757,0.008708,0.672331,0.252249,1.505791,41.303371,1.087667,,0.11815,3.298091,,0.499585,0.034105,0.024488
V,2026-06-30,0.764635,0.612912,0.483796,0.635606,0.527551,0.159986,0.059499,0.100349,0.111322,122.852018,59.435327,19.654647,112.662727,92.979018,59.097985,112.023279,0.00814,0.678208,0.252225,1.55518,36.221649,0.985223,,0.122983,3.29827,,1.164534,0.035846,0.019084
VEEV,2025-01-31,0.748933,0.261377,0.271367,0.275154,0.09647,0.033541,0.026653,0.025782,0.031714,215.362561,58.44239,7.223527,605.807847,176.64819,48.605538,503.84004,0.004643,0.012992,0.010324,,,4.51143,,0.098217,0.709285,,0.355496,,0.159809
VEEV,2025-04-30,0.770996,0.30793,0.300629,0.32087,1.15561,0.036739,0.029387,0.028737,0.037051,184.628165,55.504498,6.783068,48.030459,143.865639,46.162143,39.946112,0.005416,0.012434,0.009946,,,4.604884,,0.097751,1.540125,,3.843981,,0.147831
VEEV,2025-07-31,0.752556,0.248274,0.253851,0.261106,0.302165,0.030174,0.02504,0.022276,0.029048,210.32655,53.391605,6.346321,176.696602,170.064415,44.404886,146.955546,0.004755,0.012872,0.010682,,,5.573142,,0.098642,1.869546,,1.190326,,0.154567
VEEV,2025-10-31,0.754122,0.296896,0.291164,0.308861,0.237646,0.033549,0.029171,0.025833,0.033675,178.3648,51.933471,5.983881,218.532893,139.843517,43.192181,181.750075,0.005606,0.012754,0.01109,,,7.526743,,0.100188,2.581688,,0.816192,,0.148253
VEEV,2026-01-31,0.74463,0.294127,0.292127,0.304078,0.127815,0.033848,0.027196,0.026209,0.033488,172.520929,50.398051,5.839466,394.304949,137.843741,41.915198,327.936692,0.005796,0.013287,0.010676,,,4.885373,,0.093097,0.663592,,0.437532,,0.141466
VEEV,2026-04-30,0.749788,0.309318,0.295528,0.322441,1.276537,0.035723,0.028581,0.028074,0.036769,161.458369,47.715495,5.767834,37.378851,123.074025,39.684162,31.087352,0.006194,0.01411,0.011289,,,4.738161,,0.096713,1.554431,,4.319511,,0.135069
VEEV,2026-07-31,0.749977,0.296367,0.294655,0.308082,0.25724,0.036793,0.030179,0.02895,0.036166,154.081319,45.400841,5.669191,176.492302,122.561735,37.759104,146.785633,0.00649,0.020413,0.016743,,,5.457761,,0.102422,1.868343,,0.87302,,0.147423
VICI,2024-12-31,0.993087,0.854178,0.629673,0.856271,0.65879,0.023159,0.013547,0.019192,0.01868,42.495628,26.758368,0.984159,40.617465,52.756753,45.174077,68.571317,0.023532,0.665088,0.389035,19.393339,4.010998,27.916755,,0.021514,192.667193,,1.048004,0.001111,0.004649
VICI,2025-03-31,0.993546,0.767652,0.552332,0.772255,0.6012,0.020429,0.011941,0.017386,0.016916,48.044926,26.536732,0.981525,44.139641,58.011841,44.799907,74.517533,0.020814,0.6676,0.3902,21.725615,3.62751,31.780021,,0.021618,167.809719,,1.088763,0.000159,0.002951
VICI,2025-06-30,0.99339,1.10041,0.863927,1.097007,0.638375,0.032011,0.018784,0.024915,0.024194,30.190952,26.082764,0.966442,40.858034,40.139693,44.033507,68.977449,0.033123,0.660075,0.387331,15.193214,5.134445,30.994546,,0.021743,144.284438,,0.7397,0.000671,0.004433
VICI,2025-09-30,0.993285,0.976734,0.756376,0.981426,0.581728,0.027537,0.016375,0.022035,0.021537,34.273212,25.923444,0.943772,44.562824,44.592802,43.764539,75.23196,0.029177,0.638882,0.379926,16.439693,4.696543,32.202431,,0.02165,125.700312,,0.769368,0.000203,0.004382
VICI,2025-12-31,0.993096,0.803333,0.596953,0.810322,0.682705,0.021756,0.012943,0.01826,0.017826,43.18615,25.780097,0.93956,37.761672,53.710185,43.522538,63.750102,0.023156,0.636376,0.378599,19.745632,3.900273,26.676815,,0.021682,429.821807,,1.14415,0.000298,0.00438
VICI,2026-03-31,0.993649,1.075074,0.856526,1.08025,0.619757,0.030948,0.018526,0.024237,0.023676,29.937939,25.642631,0.926527,41.375267,40.074499,43.290465,69.850655,0.033402,0.627972,0.375914,14.820986,5.250666,33.267244,,0.021629,295.480418,,0.724291,0.000617,0.00405
VICI,2026-06-30,0.993014,0.703548,0.497419,0.704555,0.687774,0.01805,0.010908,0.016154,0.015663,49.60402,24.674006,0.895334,35.875176,59.122722,41.65521,60.565276,0.02016,0.611697,0.369655,22.316506,3.54779,31.121041,,0.021928,229.163239,,1.382999,0.000157,0.004354
VLO,2024-12-31,0.020094,0.011315,0.009136,0.037586,0.024938,0.011464,0.004672,0.00995,0.010258,423.468531,3.86899,4.854547,155.142969,108.768741,4.0882,163.933071,0.002361,0.47079,0.191876,5.022491,3.392593,1.531914,1.031042,0.511381,3.160621,63.031094,3.807829,0.009852,
VLO,2025-03-31,0.016392,0.007634,-0.019664,-0.002941,0.023234,-0.02533,-0.010055,0.004782,-0.017714,-199.991021,3.932668,5.065758,169.266938,-1412.771518,4.155485,178.857276,-0.005,0.462069,0.183416,-69.88764,-5.693431,1.557815,1.087697,0.511314,2.692472,75.923516,-1.6,0.008229,
VLO,2025-06-30,0.040851,0.033357,0.023888,0.063468,0.026297,0.029654,0.012014,0.020208,0.024198,166.659184,3.981219,4.942049,151.392694,66.281848,4.206787,159.970312,0.006,0.442188,0.179143,3.220875,7.680851,1.621857,1.108265,0.502902,2.699268,84.790504,1.310924,0.005019,
VLO,2025-09-30,0.054713,0.04691,0.03404,0.075572,0.052972,0.046097,0.018681,0.032177,0.036344,108.67092,3.699162,5.009458,69.832545,51.722199,3.90875,73.789123,0.009202,0.445441,0.180517,2.392842,11.47482,1.595763,1.093761,0.548802,3.113133,77.633957,1.717808,0.005502,
VLO,2025-12-31,0.062294,0.051857,0.037337,0.081654,0.060483,0.047798,0.019556,0.035177,0.0379,104.93356,3.917907,5.015581,64.776623,50.700268,4.139888,68.446742,0.00953,0.493277,0.201818,2.391532,11.964029,1.645049,1.107024,0.523764,3.298794,77.991287,1.813933,0.007244,
VLO,2026-03-31,0.063,0.053457,0.039004,0.083475,0.037831,0.052912,0.020324,0.037559,0.041875,94.215881,3.67483,4.985113,97.138496,46.517449,3.883038,102.642176,0.010614,0.481399,0.184915,2.130226,13.307143,1.576309,1.148255,0.521081,2.414691,80.819106,1.100554,0.005096,
VLO,2026-06-30,0.12265,0.116827,0.083641,0.136006,0.12038,0.148794,0.057529,0.112678,0.115677,31.987811,2.67548,4.759596,22.225375,20.786356,2.827068,23.484622,0.031262,0.453942,0.17551,0.574475,36.634483,1.636432,1.229591,0.687812,3.19328,50.714477,1.5,0.005081,
VLTO,2024-12-31,0.595539,0.228996,0.168773,0.243866,0.195539,0.111384,0.035436,0.053849,0.059678,101.480322,17.127162,11.303255,87.589479,74.72876,18.223817,93.197845,0.009854,1.357704,0.431939,4.567073,11.0,1.917269,1.685944,0.209959,1.656404,148.564598,1.255507,0.016357,0.009665
VLTO,2025-03-31,0.604354,0.241742,0.168919,0.251502,0.106607,0.097741,0.03386,0.05083,0.057717,102.382369,17.294319,10.006965,162.225585,73.167264,18.401677,172.612911,0.009767,1.142485,0.395786,4.152239,11.703704,2.186325,1.921368,0.200451,1.600962,160.805825,0.697778,0.011261,0.012012
VLTO,2025-06-30,0.599562,0.228301,0.161926,0.242159,0.235594,0.083679,0.030958,0.045786,0.053087,103.765915,16.802358,8.683013,71.318988,73.828414,17.878215,75.885552,0.009637,1.007162,0.372612,3.35241,11.178571,2.316078,2.058039,0.191187,1.561503,179.231784,1.527027,0.01167,0.017505
VLTO,2025-09-30,0.60114,0.232194,0.170228,0.247151,0.183761,0.083948,0.032171,0.046135,0.060645,96.385075,16.407431,8.091336,89.28695,70.636984,17.458001,95.004005,0.010375,0.938532,0.359672,2.585014,15.571429,1.568483,1.401571,0.188989,1.604571,188.367928,1.129707,0.008547,0.014957
VLTO,2025-12-31,0.593123,0.226361,0.181948,0.238539,0.208453,0.081804,0.033017,0.047411,0.055526,90.693043,16.501456,7.419012,79.161626,73.606707,17.558047,84.230355,0.011026,0.927214,0.374236,1.927928,15.65,1.669261,1.519942,0.181464,1.556299,164.486788,1.224409,0.014327,0.009312
VLTO,2026-03-31,0.600563,0.237693,0.178622,0.259494,0.11955,0.084526,0.03319,0.047195,0.060857,90.693043,16.199742,7.665901,135.506077,66.425565,17.237014,144.182549,0.011026,0.885857,0.347837,3.336043,14.375,1.483871,1.316532,0.185809,1.542299,176.254705,0.716535,0.008439,0.011252
VLTO,2026-06-30,0.61194,0.213704,0.163501,0.234057,0.222524,0.077817,0.028161,0.040562,0.048608,95.585199,15.628245,7.438177,70.231808,71.046473,16.628924,74.72876,0.010462,1.091056,0.394835,3.652174,11.703704,1.775401,1.612056,0.172237,1.600434,171.271136,1.410788,0.008141,0.016282
VMC,2024-12-31,0.289799,0.190592,0.15844,0.302962,0.149755,0.036176,0.017171,0.022985,0.025999,106.252799,16.83468,3.843821,112.415155,64.063832,19.408884,129.60464,0.009412,0.717956,0.34077,8.453882,5.612245,1.828505,1.278266,0.108373,2.07744,251.885363,1.498468,0.087663,0.007283
VMC,2025-03-31,0.22348,0.133978,0.078857,0.250948,0.051083,0.015847,0.007713,0.013333,0.014062,242.098116,19.091183,3.836497,373.729905,87.70904,22.01043,430.877224,0.004131,0.671801,0.326979,11.523891,3.748744,2.41674,1.511984,0.097809,1.759716,,1.951125,0.102777,0.008504
VMC,2025-06-30,0.297374,0.223459,0.152635,0.313356,0.113584,0.038171,0.018905,0.027503,0.030282,97.246641,14.843249,3.712004,130.680264,54.611791,17.112941,150.662681,0.010283,0.647777,0.320819,6.925167,7.996622,1.671883,1.131232,0.123855,1.948651,,1.064818,0.048944,0.009085
VMC,2025-09-30,0.304255,0.236788,0.163605,0.320882,0.198473,0.042923,0.022081,0.031904,0.034075,83.239389,13.618349,3.572903,68.615759,48.930026,15.700741,79.107846,0.012014,0.557235,0.286657,5.670475,9.835443,2.230921,1.555173,0.134965,1.934082,,1.805281,0.09688,0.007375
VMC,2025-12-31,0.254575,0.17552,0.131758,0.28924,0.187284,0.02956,0.015089,0.020399,0.024688,123.835108,16.316243,3.660537,87.120176,65.036602,18.811172,100.441787,0.008075,0.572979,0.29249,7.553868,5.934351,2.685807,1.974061,0.114524,2.154557,231.363928,2.154762,0.096622,0.006902
VMC,2026-03-31,0.240731,0.151318,0.094254,0.248932,0.03679,0.019583,0.009926,0.016018,0.01702,188.558593,17.772337,3.692503,483.071937,82.311252,20.489919,556.938827,0.005303,0.601777,0.305034,10.111645,4.949907,2.589391,1.891708,0.105315,1.818455,,1.456798,0.100518,0.008827
VMC,2026-06-30,0.290148,0.216532,0.150014,0.295343,0.069394,0.038206,0.019669,0.029064,0.030189,96.494889,14.475576,3.686657,208.599245,56.507379,16.689047,240.496311,0.010363,0.577162,0.297135,6.549552,8.394881,1.757492,1.198165,0.131115,1.959284,,1.062152,0.089943,0.004268
VMRK,2025-06-30,0.635658,0.300577,0.353416,0.744355,0.415057,0.022487,0.012303,0.011088,0.01638,176.31906,62.313959,3.964837,150.13362,,,,0.005672,0.739004,0.404315,15.122726,5.15617,0.205226,,0.034811,,,1.406257,0.081937,0.011125
VMRK,2025-09-30,0.617595,0.288434,0.497272,0.886481,0.523679,0.031941,0.017372,0.010703,0.021521,124.232926,61.777526,3.968093,117.968299,,,,0.008049,0.744976,0.405183,12.655128,6.870188,0.301391,,0.034935,,,1.250856,0.098336,0.009323
VMRK,2025-12-31,0.63293,0.300496,0.214536,0.609728,0.419098,0.014187,0.007423,0.011019,0.011371,287.560842,61.692245,4.079698,147.202392,,,,0.003478,0.817628,0.427798,19.525096,3.397621,0.228831,,0.0346,,,2.430788,0.102394,0.006759
VMRK,2026-03-31,0.625424,0.29414,0.422873,0.821247,0.466021,0.028347,0.014721,0.010866,0.019459,145.429528,61.498185,4.12245,131.964476,,,,0.006876,0.828805,0.430413,14.605039,5.588062,0.182259,,0.034812,,,1.286136,0.077851,0.007399
VMRK,2026-06-30,0.632432,0.297998,0.200214,0.591446,0.368396,0.012952,0.006983,0.011007,0.011041,304.204728,60.906029,3.940205,165.327387,,,,0.003287,0.764175,0.411977,19.443353,3.240088,0.141607,,0.034877,,,2.338422,0.099788,0.010324
VRSK,2024-12-31,0.68665,0.429989,0.285889,0.524742,0.271887,2.100899,0.049312,0.074997,0.10232,108.562376,31.036797,228.078599,114.153339,69.677634,36.562761,134.477834,0.009211,32.425574,0.761085,7.068653,8.973913,0.735814,,0.172486,1.74561,,1.214456,0.075313,0.014546
VRSK,2025-03-31,0.693493,0.43838,0.308499,0.552324,0.519256,1.888618,0.045352,0.067454,0.089339,98.280963,30.319612,185.615185,58.390455,64.66835,35.717884,68.786616,0.010175,31.993496,0.768279,6.252224,9.165289,1.267506,,0.14701,1.33416,,1.914335,0.071315,0.020717
VRSK,2025-06-30,0.702951,0.458581,0.327854,0.576883,0.24424,0.81264,0.052827,0.077646,0.093287,90.132917,29.550437,73.245646,120.98923,60.344552,34.811761,142.530826,0.011095,10.997113,0.714885,5.798744,10.23662,1.531465,,0.16113,1.262418,,0.965259,0.072224,0.01825
VRSK,2025-09-30,0.701289,0.450215,0.293505,0.555252,0.437459,0.59862,0.036127,0.050929,0.086445,101.244646,29.715824,60.607029,67.928199,63.046336,35.006595,80.022514,0.009877,12.977967,0.783223,6.059775,8.158768,1.19305,,0.123088,1.758929,,1.789357,0.087726,0.015749
VRSK,2025-12-31,0.697355,0.402671,0.25321,0.488829,0.35452,0.638188,0.03183,0.050277,0.07748,115.774177,29.315187,73.885656,82.689851,70.647667,34.534626,97.412412,0.008638,15.8589,0.790961,6.659837,5.304042,1.202191,,0.125704,1.885714,,1.740872,0.086287,0.015922
VRSK,2026-03-31,0.697674,0.450038,0.299259,0.557117,0.417071,-0.200565,0.050931,0.081348,0.102905,97.483637,29.172844,-19.551826,69.946899,61.68708,34.366939,82.400634,0.010258,-3.960949,1.005828,9.013761,8.141204,1.017955,,0.17019,1.411871,,1.666951,0.081779,0.023511
VRSK,2026-06-30,0.71053,0.451073,0.283517,0.541734,0.369465,-0.192262,0.050846,0.083895,0.105397,99.871688,28.315351,-19.201571,76.638697,61.5741,33.356774,90.283877,0.010013,-3.883179,1.026958,8.937729,6.746212,1.005464,,0.179341,2.01575,,1.60105,0.08446,0.018231
VRSN,2024-12-31,0.877592,0.667172,0.48432,0.697269,0.561457,-0.097809,0.136154,-1.229579,-2.142055,143.091632,69.302093,-13.995632,123.432646,104.018626,72.52892,129.179888,0.006989,-0.920118,1.280839,5.751179,14.196809,0.433545,,0.281123,70.607143,,1.208877,0.024026,0.040212
VRSN,2025-03-31,0.877206,0.674124,0.495401,0.714889,0.709669,-0.100809,0.137667,-1.096867,1.729981,137.491458,68.113466,-13.860419,95.979151,99.714656,71.284949,100.448109,0.007273,-0.906272,1.237618,4.210362,13.729064,0.555029,,0.277889,,,1.461616,0.014417,0.0435
VRSN,2025-06-30,0.880215,0.684801,0.505977,0.718468,0.474994,-0.104022,0.147322,-1.052669,1.931174,132.121733,66.850567,-13.743629,140.739843,97.378387,69.963247,147.292938,0.007569,-0.898586,1.272624,5.00034,15.142857,0.54168,,0.291164,70.672414,,0.976374,0.019029,0.03879
VRSN,2025-09-30,0.88356,0.678358,0.507755,0.710809,0.722978,-0.10378,0.151599,-0.84697,3.008282,128.76902,65.383077,-13.363593,90.4358,96.266986,68.427428,94.646651,0.007766,-0.874713,1.277766,5.210473,15.375661,0.526662,,0.298568,127.0,,1.445959,0.011215,0.043904
VRSN,2025-12-31,0.884787,0.669645,0.484834,0.697625,0.67035,-0.09572,0.155517,-0.591859,-40.277778,132.890628,64.429926,-12.720289,96.113811,96.656337,67.429897,100.589039,0.007525,-0.834649,1.35606,4.989215,15.343915,0.489461,,0.320763,55.233766,,1.404462,0.010581,0.042088
VRSN,2026-03-31,0.885288,0.684542,0.500117,0.710422,0.618326,-0.09691,0.165356,-0.530856,-5.151986,127.748473,63.889129,-12.38007,103.325971,94.118592,66.86392,108.13701,0.007828,-0.810789,1.383441,4.306203,15.783069,0.461959,,0.330635,37.955752,,1.26993,0.016787,0.044533
VRSN,2026-06-30,0.884952,0.681776,0.498159,0.707317,0.489646,-0.096047,0.120091,2.836883,-3.123572,126.568349,63.051191,-12.156536,128.76902,93.291916,65.986965,134.764733,0.007901,-1.038241,1.298147,4.858491,15.666667,0.590964,,0.241069,45.747368,,1.069746,0.043258,0.044639
VRT,2024-12-31,0.370866,0.195619,0.062649,0.147844,0.154194,0.060387,0.016096,0.051315,0.045713,653.144203,40.918939,39.441399,265.373681,277.42809,41.015941,266.002776,0.001531,1.292076,0.344407,4.902277,8.986971,1.647336,1.245528,0.256929,0.993101,349.733121,2.892517,0.02702,0.00375
VRT,2025-03-31,0.337181,0.144597,0.080796,0.177947,0.129912,0.061694,0.017405,0.032634,0.046385,583.660777,47.157268,36.008175,362.995077,265.635673,47.269059,363.855593,0.001713,1.179118,0.33266,4.023737,11.490119,1.715358,1.280842,0.215425,0.881195,407.827357,1.843769,0.019057,0.005501
VRT,2025-06-30,0.339866,0.169289,0.122891,0.195482,0.105,0.103731,0.031155,0.056861,0.065138,296.151135,36.39445,30.719971,346.614433,186.619749,36.480726,347.436117,0.003377,1.017598,0.305625,2.483421,20.769953,1.743533,1.352525,0.253512,0.931862,351.489841,0.99599,0.017399,0.005042
VRT,2025-09-30,0.377719,0.204911,0.148927,0.220644,0.172659,0.113575,0.036843,0.069069,0.071138,240.933997,35.881679,27.364037,207.81861,163.007799,35.966741,208.311265,0.004151,0.91598,0.297135,2.57876,22.587719,1.831022,1.429238,0.247386,0.952005,321.629147,1.276537,0.017453,0.005307
VRT,2025-12-31,0.389375,0.210729,0.154722,0.232014,0.30691,0.113059,0.036488,0.070055,0.074295,215.46723,33.337569,24.36054,108.623371,144.028441,33.416599,108.880874,0.004641,0.818994,0.264313,1.772823,34.724551,1.547425,1.216928,0.235826,0.926343,331.777886,2.196813,0.032986,0.0025
VRT,2026-03-31,0.377316,0.163654,0.147235,0.204303,0.246386,0.091899,0.029112,0.053846,0.053817,246.122015,36.237855,22.618247,147.077509,177.793838,36.323761,147.426171,0.004063,0.769135,0.243647,1.425457,,1.494348,1.150996,0.197722,0.841458,407.863632,1.96565,0.043027,0.006416
VRT,2026-06-30,0.377149,0.19482,0.152032,0.230034,0.282595,0.104633,0.031306,0.066538,0.073621,192.873037,29.322969,20.180805,103.763318,127.774568,29.392482,104.009299,0.005185,0.701656,0.209938,0.171535,36.632184,1.378559,1.030264,0.205919,0.873077,426.938844,2.209321,0.053294,0.004215
VRTX,2024-12-31,0.854602,-1.207452,0.31353,0.407212,0.168956,0.055638,0.040518,-0.172133,0.060062,141.121933,44.245991,7.851765,261.878709,103.701739,42.228545,249.938053,0.007086,0.106298,0.07741,,406.892857,2.692139,2.353981,0.129232,1.80937,884.831127,0.640307,0.031799,0.057624
VRTX,2025-03-31,0.868963,0.372211,0.233304,0.389683,0.280918,0.039178,0.028247,0.055308,0.053992,199.356839,46.510839,7.810498,165.56711,113.913406,44.390124,158.01789,0.005016,0.099968,0.072074,,343.7,2.645591,2.286186,0.121073,1.534652,1157.578634,1.267059,0.014692,0.05996
VRTX,2025-06-30,0.862549,0.389314,0.3484,0.406753,0.312814,0.060138,0.042972,0.054101,0.058005,124.740367,43.459482,7.501678,138.930693,101.973233,41.477897,132.595991,0.008017,0.08893,0.063544,,311.945946,2.51979,2.1575,0.123341,1.565725,1179.879602,1.03892,0.049145,0.056431
VRTX,2025-09-30,0.865167,0.402678,0.352002,0.440807,0.370433,0.062527,0.043556,0.059639,0.063869,118.980815,41.881525,7.439564,113.061008,90.678801,39.97189,107.905864,0.008405,0.105943,0.073798,,394.575758,2.361763,1.998257,0.123738,1.580559,1292.581151,1.146366,0.033091,0.063353
VRTX,2025-12-31,0.853918,0.354326,0.373386,0.435737,0.109279,0.063812,0.046449,0.05419,0.061258,108.17255,40.39007,6.902695,369.605063,88.467282,38.54844,352.752502,0.009244,0.108782,0.079183,,404.333333,2.900912,2.464053,0.1244,1.553975,1194.455539,0.418101,0.046834,0.049404
VRTX,2026-03-31,0.868492,0.381265,0.345308,0.39998,0.433459,0.05327,0.038944,0.048418,0.050381,124.921781,43.136471,6.654529,99.516741,102.929206,41.169615,94.979163,0.008005,0.102598,0.075006,,,3.022806,2.567541,0.11278,1.496368,1430.917349,1.384623,0.044662,0.05571
VRTX,2026-06-30,0.853265,0.380545,0.329884,0.397492,0.303908,0.054317,0.040105,0.049513,0.054021,117.152505,38.646728,6.363343,127.165737,92.79318,36.884586,121.367472,0.008536,0.097669,0.072114,,,3.185378,2.737144,0.121572,1.562058,1230.178801,1.023277,0.033654,0.051051
VST,2024-12-31,0.396334,0.148378,0.10924,0.346792,0.228635,0.079174,0.011676,0.029739,0.022496,107.060774,11.695269,8.476446,51.152548,49.839145,17.283825,75.595669,0.00934,3.060682,0.451364,11.328571,3.157895,0.96288,0.847842,0.106884,2.036831,98.321772,3.068027,0.106515,0.005945
VST,2025-03-31,0.201627,-0.030511,-0.068141,0.145182,-0.04297,-0.055544,-0.007011,-0.00367,-0.007059,-176.170901,12.004526,9.785244,-279.371606,122.197553,17.74086,-412.868656,-0.005676,3.665285,0.462619,29.467601,-0.82716,0.864349,0.765918,0.102883,2.044179,135.77874,-2.235075,0.195271,0.005339
VST,2025-06-30,0.363059,0.137176,0.076941,0.332471,-0.027765,0.0678,0.008572,0.023532,0.022673,144.384714,11.10913,9.789302,-400.116962,49.380611,16.417601,-591.311889,0.006926,3.741447,0.473051,12.242038,2.625,0.8993,0.797011,0.111414,1.906685,149.49789,1.749235,0.162353,0.005882
VST,2025-09-30,0.391471,0.209616,0.131161,0.359887,0.202977,0.125144,0.017149,0.039789,0.037102,72.413806,9.497848,9.06215,46.792667,39.002126,14.036372,69.152431,0.01381,3.359309,0.460337,9.285075,4.53719,0.994659,0.87954,0.130747,2.136227,123.562826,2.25,0.092134,0.007242
VST,2025-12-31,0.338569,0.137216,0.050829,0.279668,0.130017,0.045713,0.005608,0.020972,0.018732,202.634341,10.299695,9.263057,79.217788,54.426523,15.221379,117.071817,0.004935,3.937218,0.482984,15.041342,2.236948,0.77696,0.69096,0.110325,1.97331,109.368104,6.145923,0.182373,0.006763
VST,2026-03-31,0.427305,0.26578,0.182447,0.385284,0.056028,0.183848,0.02491,0.055252,0.046561,45.883189,8.371241,8.435555,149.410764,32.109896,12.371419,220.806338,0.021794,3.557799,0.482062,8.872066,5.987654,0.896312,0.793916,0.136535,2.842742,91.219145,1.165209,0.15656,0.005674
VST,2026-06-30,0.346029,0.137665,0.075927,0.32462,0.083147,0.055637,0.007159,0.017248,0.020564,154.799349,11.753498,8.612514,141.358687,53.508284,17.369879,208.906596,0.00646,3.62915,0.466986,14.923313,2.840517,0.973383,0.874775,0.094289,1.751853,144.020725,3.354098,0.171521,0.008713
VTR,2024-12-31,0.424224,0.152125,0.044159,0.375245,0.15803,0.005277,0.00217,0.008059,0.006687,782.393294,34.549614,4.128328,218.626522,119.573793,44.869495,283.929704,0.001278,1.275667,0.524711,26.140154,1.08608,1.090856,,0.049149,6.350349,,6.574136,0.132276,0.003611
VTR,2025-03-31,0.421453,0.145567,0.034511,0.379982,0.150117,0.004086,0.0018,0.008179,0.007622,948.777906,32.742931,3.876987,218.116068,111.9085,42.52316,283.266779,0.001054,1.12659,0.496364,24.260265,1.25308,0.529543,,0.052169,6.430701,,6.852095,0.086353,0.013863
VTR,2025-06-30,0.418045,0.143165,0.048043,0.408228,0.234428,0.005921,0.002578,0.007849,0.008951,651.402245,31.295335,3.856868,133.496618,99.559862,40.643172,173.371715,0.001535,1.151297,0.50137,21.450105,1.501244,0.953953,,0.053669,6.478304,,6.963231,0.100107,0.005407
VTR,2025-09-30,0.415771,0.148772,0.044357,0.393611,0.152809,0.005343,0.002453,0.008884,0.008619,673.267868,29.863964,3.59712,195.43327,98.53451,38.784253,253.808687,0.001485,1.034444,0.474926,21.12833,1.394393,0.63221,,0.0553,6.133563,,5.731994,0.101444,0.003966
VTR,2025-12-31,0.401414,0.149992,0.044828,0.376053,0.15173,0.005604,0.002544,0.009198,0.008638,633.419602,28.395173,3.549647,187.142581,98.062673,36.876738,243.04159,0.001579,1.055269,0.479111,20.835192,1.465274,0.955428,,0.056756,6.243265,,6.718655,0.149456,0.004034
VTR,2026-03-31,0.394447,0.125751,0.033744,0.356733,0.150399,0.00426,0.002019,0.008125,0.007586,795.309109,26.83695,3.387996,178.438868,97.700839,34.853078,231.738101,0.001257,0.969614,0.459651,20.868165,1.276088,0.492287,,0.059847,6.500292,,7.057644,0.087755,0.014993
VTR,2026-06-30,0.39719,0.134301,0.040801,0.359714,0.218246,0.004817,0.00238,0.008497,0.007407,630.116521,25.709391,3.035437,117.800162,92.820092,33.38872,152.986768,0.001587,0.881879,0.43563,20.07312,1.291213,0.586927,,0.058323,6.726378,,7.886482,0.103531,0.003071
VTRS,2024-12-31,0.344378,-0.010827,-0.146396,0.096341,0.093336,-0.027716,-0.012446,-0.001147,-0.011374,-37.693351,5.518159,1.044706,59.121214,92.915018,8.951508,95.905906,-0.02653,0.767669,0.344713,39.142983,-3.3802,1.647351,0.980482,0.085013,1.318768,671.076359,-0.93456,0.043479,0.009155
VTRS,2025-03-31,0.35682,-0.002735,-0.934763,-0.71192,0.141075,-0.194372,-0.079065,-0.000293,-0.091025,-6.399939,5.982428,1.243969,42.406046,-13.631653,9.704641,68.79071,-0.156251,0.923842,0.37579,-5.793854,-25.813853,1.682208,0.966067,0.084582,1.258966,739.513515,-0.176036,0.023477,0.016962
VTRS,2025-06-30,0.3721,0.051757,-0.001284,0.161302,0.04623,-0.000295,-0.00012,0.000131,-0.003213,-4232.307757,5.434973,1.250353,117.564104,54.658731,8.816564,190.711442,-0.000236,0.947837,0.384216,24.053825,-0.861921,1.370258,0.772465,0.093256,1.281977,762.517281,-47.76087,0.015103,0.010357
VTRS,2025-09-30,0.36477,0.062369,-0.034097,0.212825,0.1716,-0.008424,-0.003381,0.007909,0.003656,-151.861277,5.177961,1.279349,30.174544,39.467402,8.399642,48.948876,-0.006585,0.966986,0.388055,16.816546,0.933946,1.35134,0.793036,0.099152,1.29113,708.307272,-5.810452,0.026517,0.009575
VTRS,2025-12-31,0.309942,-0.042526,-0.09183,0.146722,0.156847,-0.023118,-0.009144,-0.005363,-0.007422,-57.243798,5.256673,1.323378,33.514573,58.118908,8.527329,54.367042,-0.017469,0.999096,0.395181,24.085572,-1.867893,1.379868,0.816148,0.099578,1.43684,640.423731,-2.398706,0.063425,0.013338
VTRS,2026-03-31,0.32903,-0.005744,0.050156,0.156071,0.075092,0.012035,0.004789,-0.0,-0.004237,110.366302,5.535575,1.328218,73.716833,57.536555,8.97976,119.58279,0.009061,0.996746,0.396638,22.840044,-1.059117,1.602984,1.026357,0.095481,1.364606,689.303674,2.201247,0.035314,0.013705
VTRS,2026-06-30,0.387697,0.019618,-0.031623,0.194048,0.085711,-0.008331,-0.00339,0.002669,0.001976,-163.877236,5.182234,1.365222,60.461539,43.322105,8.406573,98.08017,-0.006102,0.955541,0.38883,17.098491,0.46976,1.584623,0.964811,0.107201,1.455503,678.052253,-3.213805,0.015918,0.010301
VZ,2024-12-31,0.565203,0.207982,0.140271,0.356436,0.146549,0.050435,0.01301,0.023754,0.025667,39.920708,5.599707,2.013394,38.210584,30.895514,11.01228,75.144224,0.02505,1.696514,0.437619,10.993867,4.995134,0.625635,0.590943,0.092748,1.366617,74.677977,2.084316,0.14582,
VZ,2025-03-31,0.610094,0.238256,0.145707,0.378737,0.104972,0.04844,0.012827,0.025132,0.025384,40.951659,5.966945,1.983709,56.842999,30.983216,11.734483,111.786387,0.024419,1.665118,0.44093,11.14903,4.966299,0.611682,0.575705,0.088034,1.293406,,1.594999,0.12743,
VZ,2025-06-30,0.597583,0.236842,0.144998,0.373377,0.146505,0.048543,0.013053,0.025424,0.025588,39.936666,5.790724,1.938651,39.525844,30.499818,11.38793,77.730791,0.02504,1.648419,0.44325,11.065823,5.032337,0.637321,0.602261,0.090022,1.313187,,1.793924,0.11361,
VZ,2025-09-30,0.605393,0.239644,0.146359,0.378729,0.202537,0.047124,0.012747,0.024932,0.024914,40.364271,5.907665,1.902126,29.168342,30.676021,11.617905,57.36192,0.024774,1.622703,0.438935,10.857132,4.922476,0.738882,0.693551,0.087093,1.304823,,2.27596,0.13057,
VZ,2025-12-31,0.547071,0.137544,0.064374,0.256755,0.116984,0.02242,0.005793,0.015229,0.014104,85.313041,5.491964,1.912724,46.946227,42.064998,10.800394,92.323578,0.011722,1.738876,0.449324,14.891553,2.74133,0.91265,0.873513,0.089995,1.342621,56.706126,3.891546,0.133531,
VZ,2026-03-31,0.602991,0.239315,0.146487,0.395354,0.107433,0.048834,0.012073,0.022671,0.025069,39.604191,5.801485,1.934034,54.000849,28.857899,11.409093,106.197067,0.02525,1.895982,0.468726,12.051557,4.496907,0.639997,0.606797,0.082416,1.292065,,1.582557,0.12439,
VZ,2026-06-30,0.618019,0.209587,0.111961,0.358129,0.156307,0.036903,0.009349,0.019972,0.020861,52.099907,5.833157,1.922663,37.31848,32.031397,11.471379,73.38983,0.019194,1.813491,0.459445,13.32673,3.656927,0.603929,0.571201,0.083506,1.293249,,2.720991,0.148337,
WAB,2024-12-31,0.308556,0.129307,0.082075,0.176152,0.247387,0.021009,0.011336,0.017803,0.022602,223.273057,18.32516,4.690703,74.074942,117.889866,20.766508,83.943488,0.004479,0.394411,0.212811,7.175824,6.358491,1.303534,0.693302,0.138114,2.242188,370.0159,3.410377,0.03252,0.008517
WAB,2025-03-31,0.344828,0.181609,0.123372,0.222989,0.056322,0.031057,0.016862,0.025311,0.031116,146.999652,18.135589,4.565383,321.999238,92.164758,20.551682,364.897203,0.006803,0.386478,0.209835,5.701031,10.26087,1.338172,0.73262,0.136678,1.875,419.643275,0.593168,0.016858,0.006513
WAB,2025-06-30,0.346637,0.174427,0.124169,0.222099,0.062823,0.031108,0.016478,0.022815,0.02955,140.874667,17.492198,4.382362,278.434635,89.251063,19.822575,315.528758,0.007099,0.442922,0.234613,5.487521,10.782609,1.762063,1.049085,0.132706,1.877863,434.675349,0.622024,0.014412,0.007021
WAB,2025-09-30,0.347193,0.170132,0.107415,0.209286,0.108108,0.028059,0.014401,0.02214,0.028059,152.689961,16.401209,4.284385,151.711179,88.807763,18.58624,171.922721,0.006549,0.478367,0.245506,7.922185,7.538462,1.424213,0.748278,0.134064,1.736462,465.542516,1.183871,0.019058,0.007623
WAB,2025-12-31,0.325801,0.120067,0.068128,0.16425,0.293423,0.01813,0.009153,0.014959,0.021219,234.326178,15.964212,4.24824,54.406768,110.143509,18.091025,61.655045,0.004268,0.497307,0.251076,9.809035,5.279412,1.105631,0.572621,0.134351,2.102837,418.795152,4.910891,0.041147,0.00742
WAB,2026-03-31,0.359661,0.175254,0.122712,0.22678,0.051864,0.032604,0.015606,0.022683,0.031104,130.756597,16.045386,4.263162,309.371817,80.179206,18.183013,350.587509,0.007648,0.58885,0.281859,8.979073,7.605634,1.02365,0.535219,0.127177,1.653587,496.462749,0.549724,0.015593,0.007458
WAB,2026-06-30,0.365209,0.188739,0.124253,0.229947,0.11922,0.035224,0.017079,0.025791,0.033707,119.832628,14.889553,4.220964,124.891525,73.378781,16.873196,141.53005,0.008345,0.585964,0.284114,8.072503,7.475,1.121403,0.591053,0.137452,1.848256,456.130661,1.116456,0.019503,0.008808
WAT,2024-12-31,0.600653,0.33489,0.265148,0.394807,0.21546,0.12655,0.050814,0.07067,0.078633,178.90433,47.436049,22.640386,220.161694,134.557572,53.124333,246.56234,0.00559,0.931001,0.373829,3.776282,15.581122,2.113446,1.509133,0.191645,1.190013,701.896133,1.037775,0.059703,0.013425
WAT,2025-03-31,0.581571,0.229607,0.182779,0.312689,0.353474,0.061659,0.026353,0.037616,0.043243,342.133091,62.5349,21.095683,176.914975,223.972703,70.033761,198.129699,0.002923,0.782858,0.334586,5.187705,11.214286,1.810551,1.278276,0.144177,0.928109,932.792685,2.14876,0.039275,0.019637
WAT,2025-06-30,0.583658,0.24773,0.190661,0.316472,0.023346,0.068061,0.031157,0.043612,0.052135,281.619756,53.694039,19.167457,2299.89467,190.009629,60.132749,2575.686087,0.003551,0.712269,0.326058,4.466193,12.866667,1.753834,1.221664,0.163414,1.056057,849.169396,0.278912,0.029831,0.016861
WAT,2025-09-30,0.590185,0.240176,0.18618,0.311859,0.202816,0.063896,0.030626,0.044993,0.054484,277.98328,51.75494,17.762144,255.181557,185.856796,57.961124,285.781604,0.003597,0.637649,0.305634,3.800683,7.386568,1.533763,1.075885,0.164499,1.068626,850.650004,1.255696,0.030969,0.017034
WAT,2025-12-31,0.610812,0.290141,0.241552,0.355022,0.13469,0.087932,0.044364,0.058109,0.072573,183.816743,44.401321,16.163293,329.655232,140.063713,49.725696,369.185775,0.00544,0.582172,0.29372,2.476108,19.491006,1.732672,1.270896,0.183661,1.124894,795.826267,0.730652,0.0418,0.015554
WAT,2026-03-31,0.464088,-0.037096,-0.056827,0.131807,-0.033149,-0.004708,-0.002935,-0.001875,-0.001797,-574.973668,32.674115,2.707174,-985.669144,277.61886,36.592225,-1103.865466,-0.001739,0.364243,0.22706,28.461078,-0.833333,1.787945,1.129784,0.051649,0.722761,985.582267,0.041667,0.030781,0.015785
WAT,2026-06-30,0.446201,-0.022492,-0.082675,0.133739,0.093009,-0.00895,-0.005495,-0.00176,-0.003624,-304.397824,25.166021,2.724456,270.575844,210.737953,28.183799,303.021893,-0.003285,0.358934,0.220355,20.668182,-1.35,1.861192,1.287203,0.066462,0.827881,646.823028,-1.477941,0.029179,0.015198
WBD,2024-12-31,0.448788,0.063728,-0.049267,0.483096,0.242246,-0.014514,-0.004725,0.008689,0.00151,-141.089871,6.951072,2.047724,28.694276,20.554614,9.929845,40.990758,-0.007088,1.160649,0.377821,7.058836,0.273469,0.890449,,0.095897,2.026885,,-5.495951,0.028523,0.013763
WBD,2025-03-31,0.428556,0.011917,-0.050451,0.526339,0.033634,-0.013388,-0.004455,0.001502,0.000394,-153.859594,7.762378,2.059889,230.789391,21.067827,11.088824,329.690566,-0.006499,1.1061,0.36808,7.100719,0.07265,0.83619,,0.088307,1.925172,,-1.220751,0.027954,0.013699
WBD,2025-06-30,0.391867,-0.008051,0.161027,0.816042,0.071545,0.043829,0.015532,-0.000723,0.032891,44.112909,7.103383,1.933435,99.285465,12.434938,10.147427,141.832694,0.022669,0.960692,0.340441,3.71475,6.300216,1.043788,,0.096454,1.822775,,0.622152,0.028638,0.017835
WBD,2025-09-30,0.495412,0.082366,-0.016363,0.472858,0.077501,-0.004109,-0.001472,0.0,0.006757,-470.935109,7.705738,1.935099,99.427099,23.27953,11.007911,142.035023,-0.002123,0.930674,0.333479,6.833528,1.047368,1.073913,,0.089983,1.763846,,-6.614865,0.030735,0.026755
WBD,2025-12-31,0.447886,0.05666,-0.026638,0.449577,0.146195,-0.007016,-0.002518,0.004738,0.002009,-276.580937,7.367695,1.940433,50.396527,23.410898,10.525005,71.993168,-0.003616,0.906679,0.325393,6.583823,0.30137,1.05648,,0.09452,1.786929,,-7.15873,0.044503,0.024207
WBD,2026-03-31,0.477904,0.061734,-0.327898,0.133363,-0.053525,-0.089508,-0.029805,0.007862,-0.031069,-23.902056,7.837445,2.139431,-146.425202,83.951561,11.196059,-209.173427,-0.041837,0.996562,0.331838,24.62226,-4.370052,0.728576,,0.090896,1.775404,,0.071331,0.030136,0.017092
WBD,2026-06-30,0.469886,0.04279,0.017093,0.44419,0.065619,0.004537,0.001532,0.0,0.002959,467.774471,7.995686,2.122492,121.850343,25.714502,11.422112,174.067397,0.002138,0.975181,0.329292,7.40031,0.469667,0.776745,,0.089637,1.760299,,5.691275,0.031662,0.021796
WDAY,2025-01-31,0.756219,0.071913,0.042515,0.108096,0.464043,0.010405,0.005229,0.010364,0.011908,497.049687,21.131918,5.17187,45.538665,197.036281,21.298811,45.898315,0.002012,0.37215,0.187017,6.029289,5.285714,1.900685,,0.12299,1.133846,,11.829787,0.038896,0.179557
WDAY,2025-04-30,0.760268,0.091518,0.030357,0.096429,0.187946,0.007624,0.003951,0.011369,0.010653,687.098097,20.858335,5.238555,110.980215,218.016996,21.023067,111.856701,0.001455,0.380424,0.19713,9.319444,4.551724,2.066584,,0.130142,1.643434,,6.720588,0.016071,0.204911
WDAY,2025-07-31,0.752129,0.106048,0.097104,0.17632,0.250426,0.024858,0.012694,0.015362,0.025584,204.923994,19.898923,5.094055,79.460324,113.747998,20.056078,80.087876,0.00488,0.411688,0.210233,4.157005,11.482759,2.10455,,0.130728,1.459291,,2.701754,0.011925,0.166951
WDAY,2025-10-31,0.75699,0.108553,0.103618,0.185855,0.226151,0.028382,0.014196,0.016589,0.02882,185.407423,19.211624,5.262155,84.95031,104.185113,19.363352,85.62122,0.005394,0.427188,0.213678,0.834071,12.655172,1.828782,,0.137006,1.389714,,2.333333,0.015625,0.154605
WDAY,2026-01-31,0.758689,0.120458,0.057267,0.153633,0.481043,0.018578,0.008023,0.015523,0.024966,322.225314,18.452871,5.986249,38.360156,121.05828,18.598606,38.663113,0.003103,0.489558,0.211409,3.820051,10.428571,1.321574,,0.140091,1.085763,,8.813793,0.023697,0.157583
WDAY,2026-04-30,0.762392,0.132966,0.087333,0.186074,0.242329,0.033219,0.013797,0.021856,0.03987,210.46248,18.38028,6.991272,75.848491,99.559558,18.525441,76.447518,0.004751,0.569355,0.236468,5.135307,14.653846,1.008722,,0.157977,1.613968,,3.135135,0.031471,0.160897
WDAY,2026-07-31,0.753869,0.118158,0.238581,0.168365,0.17365,0.097833,0.039856,0.033125,0.038238,73.928276,17.637852,7.232612,101.571023,105.586706,17.77715,102.373198,0.013527,0.583901,0.237876,5.219731,12.678571,0.908109,,0.167056,1.397889,,0.821203,0.022273,0.174405
WDC,2024-12-31,0.376505,0.228311,0.246575,0.28186,0.119137,0.048113,0.023334,0.02823,0.02694,267.892826,66.055765,12.88906,554.454141,233.785492,65.894707,553.102261,0.003733,0.59663,0.289362,7.474227,6.010753,1.9915,1.264768,0.094634,0.927609,739.530121,0.678451,0.048153,0.031963
WDC,2025-03-31,0.397559,0.243679,0.228422,0.119878,0.165214,0.096929,0.032014,0.044684,0.014751,303.680035,69.367192,29.435505,419.86369,577.237632,69.19806,418.839971,0.003293,1.356456,0.448008,14.021818,1.813187,1.560401,1.30741,0.140152,1.561607,240.072293,0.969466,0.056234,0.025719
WDC,2025-06-30,0.409597,0.26142,0.098656,0.194626,0.259117,0.04639,0.018355,0.049347,0.049045,619.176414,61.085735,28.723527,235.745687,313.097335,60.936794,235.170887,0.001615,0.850361,0.336452,5.122288,5.689189,1.080842,0.842562,0.186045,1.753028,214.144162,2.902724,0.027255,0.017274
WDC,2025-09-30,0.435415,0.282115,0.419446,0.526615,0.212562,0.193232,0.082318,0.066487,0.15197,134.626344,56.468537,26.014115,265.656658,106.96789,56.330855,265.00893,0.007428,0.765571,0.326137,1.775606,23.661017,1.213029,0.943746,0.196253,2.079705,143.387513,0.568528,0.025905,0.018808
WDC,2025-12-31,0.457408,0.319191,0.61054,0.698707,0.21644,0.250954,0.117994,0.07684,0.193196,86.388892,52.743897,21.67961,243.688114,75.303771,52.615296,243.093949,0.011576,0.634196,0.298187,1.271347,37.333333,1.454985,1.194359,0.193261,1.790504,170.853776,0.404452,0.030494,0.017567
WDC,2026-03-31,0.502248,0.370093,0.960444,1.046749,0.293078,0.331095,0.213028,0.104642,0.326384,49.650028,47.686047,16.438878,162.707913,45.445276,47.569778,162.311195,0.020141,0.163326,0.105085,,89.394737,1.490403,1.197757,0.221801,1.76188,156.623276,0.35039,0.043452,0.015883
WDC,2026-06-30,0.541233,0.42861,0.819055,0.896717,0.341873,0.346232,0.221413,0.159367,0.338946,51.850224,42.468198,17.952204,124.221966,47.244151,42.364651,123.919086,0.019286,0.118682,0.075896,,232.928571,1.328774,0.972406,0.270327,1.849457,141.511704,0.45259,0.028823,0.01201
WEC,2024-12-31,0.44602,0.263987,0.198669,0.471369,-0.115839,0.036522,0.009581,0.01639,0.017231,74.080826,14.717572,2.705577,-127.051697,52.96664,24.966807,-215.529786,0.013499,1.635923,0.429173,18.588186,3.353318,0.601355,0.433404,0.048227,1.368358,173.315291,1.282063,0.370545,
WEC,2025-03-31,0.436831,0.297666,0.230037,0.434704,0.146531,0.055704,0.015021,0.026062,0.023819,46.401489,10.674037,2.584758,72.844808,41.654504,18.107376,123.573524,0.021551,1.577148,0.425291,14.70791,4.525561,0.502021,0.403776,0.065299,1.737751,165.69503,1.604693,0.222607,
WEC,2025-06-30,0.419408,0.201493,0.122269,0.424086,0.011894,0.018538,0.005063,0.011224,0.011028,136.824905,16.729475,2.536528,1406.605818,66.91995,28.379787,2386.158219,0.007309,1.549244,0.423147,23.642455,2.188859,0.553283,0.403632,0.041412,1.34289,236.29367,3.472934,0.412739,
WEC,2025-09-30,0.423384,0.213688,0.129087,0.428517,-0.297386,0.019972,0.005453,0.011596,0.011801,123.777169,15.978079,2.472121,-53.728431,63.253307,27.105124,-91.144608,0.008079,1.558189,0.425416,23.041482,2.362254,0.49805,0.331168,0.042241,1.657345,197.908095,3.456922,0.743631,
WEC,2025-12-31,0.40365,0.229751,0.124906,0.364274,-0.346222,0.023226,0.006151,0.01622,0.01193,106.083556,13.250514,2.463931,-38.27172,61.706537,22.478098,-64.923932,0.009427,1.635459,0.433132,23.711967,2.406236,0.587246,0.443612,0.049247,1.22999,215.524052,1.339855,0.513578,
WEC,2026-03-31,0.41771,0.285365,0.234319,0.427319,0.116621,0.056823,0.015555,0.025484,0.022974,41.776909,9.789144,2.373909,83.939773,38.861452,16.606249,142.39496,0.023937,1.57596,0.431395,14.924566,4.760175,0.679136,0.539641,0.066382,1.793878,163.587571,1.514105,0.238163,
WEC,2026-06-30,0.431308,0.209883,0.14524,0.456719,-0.130789,0.021143,0.005678,0.010823,0.011714,112.246675,16.302739,2.373256,-124.649162,60.553389,27.655876,-211.45414,0.008909,1.622253,0.435631,23.905182,2.43294,0.534099,0.391137,0.039092,1.348483,185.392727,3.313189,0.611997,
WELL,2024-12-31,0.364961,0.12665,0.05406,0.3372,0.245604,0.003754,0.00235,0.005916,0.005309,1374.643152,74.312686,5.160729,302.571706,245.830718,82.894224,337.512318,0.000727,0.524416,0.32831,16.027313,1.707216,5.277454,,0.043477,1.295978,,4.661226,0.006381,0.006089
WELL,2025-03-31,0.387759,0.158494,0.107996,0.353057,0.245935,0.007597,0.00484,0.00762,0.006661,639.320947,69.04388,4.856686,280.739948,218.14329,77.016983,313.159455,0.001564,0.500919,0.319167,14.49295,2.370752,4.226188,,0.044819,1.344039,,2.32193,0.004823,0.007329
WELL,2025-06-30,0.398002,0.176195,0.119981,0.376655,0.302599,0.008409,0.005407,0.008517,0.008159,546.286416,65.543749,4.59373,216.602875,194.110645,73.112661,241.615911,0.001831,0.482075,0.309971,12.199185,3.112633,4.185658,,0.045065,1.281072,,2.550727,0.003439,0.006064
WELL,2025-09-30,0.39992,0.181498,0.106755,0.372451,0.324272,0.007239,0.004715,0.008509,0.007919,587.816871,62.752468,4.255182,193.518132,187.941615,69.999046,215.86537,0.001701,0.468665,0.305252,10.263188,2.808716,5.46721,,0.044166,1.106252,,3.059449,0.00234,0.005931
WELL,2025-12-31,0.382987,-0.301093,0.030769,-0.146566,0.206376,0.002289,0.001433,-0.015328,-0.016292,1710.033218,52.616163,3.914533,254.95331,-400.448778,58.692214,284.395008,0.000585,0.50749,0.317672,-30.831439,-5.232339,5.341506,,0.046571,1.32061,,6.78476,0.002385,0.481243
WELL,2026-03-31,0.37822,0.168928,0.220429,0.353984,0.200128,0.016639,0.01084,0.008742,0.008287,226.325855,49.888742,3.765779,249.284744,157.209837,55.649833,278.071842,0.004418,0.456341,0.297303,11.305902,2.791469,4.33467,,0.049177,1.29482,,0.919496,0.002556,0.005696
WFC,2024-12-31,,,0.249239,,0.436942,0.028355,0.002632,,,51.275217,12.779803,1.453924,29.248296,,12.757181,29.196522,0.019503,0.981364,0.091086,,,,,0.010559,0.884923,,1.753101,,
WFC,2025-03-31,,,0.24289,,-0.547769,0.027025,0.002509,,,53.213491,12.92505,1.438107,-23.595798,,12.90217,-23.55403,0.018792,1.041532,0.096708,,,,,0.010331,0.632304,,-2.25521,,
WFC,2025-06-30,,,0.267101,,-0.545287,0.030335,0.002773,,,47.402043,12.661132,1.43794,-23.219225,,12.63872,-23.178123,0.021096,1.16073,0.106104,,,,,0.010382,0.539968,,-2.0415,,
WFC,2025-09-30,,,0.26073,,-0.040539,0.030852,0.002709,,,46.596319,12.14904,1.437599,-299.685645,,12.127534,-299.155154,0.021461,1.18232,0.103824,,,,,0.010391,0.883959,,-0.155484,,
WFC,2025-12-31,,,0.251785,,0.193547,0.0296,0.002495,,,48.578031,12.231205,1.437893,63.195056,,12.209554,63.083191,0.020585,1.065803,0.089841,,,,,0.00991,0.926505,,0.7687,,
WFC,2026-03-31,,,0.244941,,0.426327,0.029446,0.002382,,,49.57678,12.143375,1.459824,28.483739,,12.12188,28.433318,0.020171,1.21204,0.098027,,,,,0.009723,0.720898,,1.740529,,
WFC,2026-06-30,,,0.28322,,0.299487,0.035557,0.002807,,,40.647234,11.512104,1.44529,38.439384,,11.491726,38.37134,0.024602,1.150491,0.090836,,,,,0.009912,0.735221,,1.057437,,
WM,2024-12-31,0.397081,0.159681,0.101476,0.263533,0.067198,0.072467,0.013418,0.025003,0.023519,141.103474,14.318662,10.225385,213.080498,69.01473,18.187659,270.656253,0.007087,2.896268,0.536271,15.122988,4.482587,0.762864,0.729946,0.132228,1.801039,13.637423,2.526756,0.189208,0.00577
WM,2025-03-31,0.399801,0.170821,0.105849,0.278498,0.062645,0.073642,0.014319,0.02558,0.026061,132.464486,14.021249,9.754899,223.819303,63.949807,17.809883,284.296754,0.007549,2.755723,0.535831,14.093675,4.396552,0.833177,0.792407,0.135279,1.846012,27.652898,1.896389,0.138086,0.008475
WM,2025-06-30,0.408554,0.184603,0.112908,0.290513,0.126439,0.078904,0.015879,0.027991,0.029068,116.225726,13.122843,9.170729,103.788287,57.376807,16.668721,131.832566,0.008604,2.610586,0.525349,12.623126,5.0,0.856946,0.818432,0.140633,1.887291,20.544586,2.128099,0.113841,0.006376
WM,2025-09-30,0.405091,0.188732,0.09359,0.268353,0.126649,0.063347,0.013221,0.028774,0.025081,139.933462,13.096365,8.864364,103.406712,61.989518,16.635089,131.347888,0.007146,2.454249,0.512235,13.410642,4.444444,0.843472,0.804602,0.141269,1.896674,15.417661,2.640133,0.120441,0.006674
WM,2025-12-31,0.415017,0.186282,0.117535,0.305402,0.128307,0.074274,0.016189,0.028369,0.028727,113.719511,13.366051,8.446434,104.172688,55.591222,16.977646,132.320835,0.008794,2.292993,0.499771,11.776971,5.192825,0.888849,0.848117,0.137733,1.837846,36.313978,2.28841,0.140662,0.005386
WM,2026-03-31,0.406777,0.175205,0.116107,0.290991,0.136663,0.072148,0.015821,0.026899,0.027519,116.707991,13.550647,8.420305,99.153792,59.150042,17.212121,125.945801,0.008568,2.284303,0.500897,12.545806,4.96,0.934318,0.888651,0.136258,1.846679,42.719837,2.076072,0.104384,0.008351
WM,2026-06-30,0.408288,0.189856,0.117445,0.298474,0.163974,0.079093,0.016903,0.029268,0.031042,107.49029,12.624159,8.501751,76.988939,53.724249,16.03529,97.791858,0.009303,2.353249,0.502918,11.42807,5.39485,0.907364,0.868359,0.143925,1.912446,28.42772,2.198726,0.094255,0.006882
WMB,2024-12-31,0.567262,0.2891,0.177178,0.550857,0.152388,0.03908,0.008912,0.017153,0.01922,181.335853,32.128773,7.086621,210.835466,80.034555,44.087573,289.311514,0.005515,2.16605,0.493967,17.770351,2.798817,0.500941,0.448419,0.050301,1.472356,-162.300258,2.506173,0.291651,0.010937
WMB,2025-03-31,0.597113,0.358924,0.226706,0.608924,0.138123,0.055338,0.012581,0.021699,0.026121,127.538675,28.913788,7.057678,209.333075,65.157442,39.675923,287.249911,0.007841,2.195163,0.499071,14.714978,3.641834,0.404564,0.364826,0.055495,2.189655,-220.302201,2.073806,0.332021,0.009843
WMB,2025-06-30,0.610572,0.339806,0.196332,0.615606,0.157497,0.043898,0.009726,0.017762,0.022083,161.408836,31.689761,7.085482,201.208276,70.637975,43.485154,276.100942,0.006195,2.297154,0.508933,16.161799,3.162857,0.535762,0.48004,0.049536,2.14749,-193.686053,2.655678,0.363898,0.006832
WMB,2025-09-30,0.641122,0.379405,0.221348,0.638043,0.152241,0.051677,0.011608,0.020146,0.025835,136.212094,30.150265,7.039075,198.043202,64.84301,41.372635,271.757781,0.007341,2.235383,0.502135,14.968901,3.497312,0.422354,0.359308,0.052444,2.382233,-218.045523,2.224111,0.340062,0.007184
WMB,2025-12-31,0.629143,0.393996,0.229518,0.61945,-0.126642,0.057312,0.012531,0.02273,0.026455,120.067064,27.557606,6.881332,-217.603024,61.046044,37.814951,-298.598056,0.008329,2.295073,0.501818,14.7895,3.74124,0.531281,0.479856,0.054599,2.087467,-412.963156,2.147139,0.61945,0.007192
WMB,2026-03-31,0.623102,0.375908,0.285479,0.69835,0.080528,0.066579,0.014521,0.020772,0.027572,101.883497,29.085553,6.783345,361.185347,57.151329,39.911621,495.623823,0.009815,2.332358,0.508687,13.871456,4.074468,0.828757,0.763355,0.050865,2.129304,-470.688463,1.853179,0.448515,0.007261
WMB,2026-06-30,0.637406,0.38323,0.270881,0.68752,-0.150016,0.062699,0.013645,0.020529,0.027874,106.564963,28.866435,6.681518,-192.421888,57.614203,39.610944,-264.044133,0.009384,2.334572,0.508051,14.573606,4.061995,0.477085,0.425909,0.050371,1.960822,-435.375719,1.663845,0.600721,0.005568
WMT,2025-01-31,0.24581,0.043527,0.029099,0.061223,0.035657,0.057728,0.020144,0.047072,0.046761,161.660797,4.70422,9.332357,131.930076,82.946693,5.078219,142.418879,0.006186,0.660499,0.230478,2.716664,10.711297,0.822683,0.238373,0.692247,18.100652,14.184973,2.574229,0.039251,
WMT,2025-04-30,0.249419,0.043083,0.027094,0.060383,0.002566,0.053549,0.017102,0.04248,0.041586,189.294813,5.128742,10.136477,1998.50783,91.689275,5.536491,2157.394696,0.005283,0.802036,0.256144,3.6889,10.409733,0.779761,0.221395,0.631199,17.09777,20.663638,1.205928,0.030107,
WMT,2025-07-31,0.251581,0.041071,0.039605,0.076521,0.036741,0.077971,0.025942,0.041849,0.060309,120.888959,4.787803,9.425878,130.310805,67.542744,5.168446,140.670872,0.008272,0.721496,0.240048,2.508803,13.118336,0.792084,0.234672,0.655014,16.866515,15.160896,1.841873,0.036206,
WMT,2025-10-31,0.249532,0.037304,0.034224,0.069506,0.010485,0.063927,0.021281,0.034956,0.051295,138.26564,4.731948,8.838906,451.310217,73.492525,5.108151,487.190619,0.007232,0.712053,0.237044,2.868467,12.967836,0.802889,0.238188,0.621836,14.816013,19.7528,1.481361,0.040213,
WMT,2026-01-31,0.246732,0.045674,0.022223,0.054653,0.031984,0.042533,0.014884,0.044371,0.037692,200.463967,4.454965,8.526314,139.285967,87.993546,4.809147,150.359584,0.004988,0.67353,0.235696,3.266315,9.42031,0.789753,0.242144,0.669749,17.065521,10.688367,3.330895,0.042039,
WMT,2026-04-30,0.251436,0.042154,0.029986,0.065642,-0.010948,0.056504,0.018404,0.039476,0.044834,159.35569,4.778403,9.004196,-436.467537,78.581826,5.158299,-471.167906,0.006275,0.786378,0.256137,3.490487,11.226037,0.771441,0.225374,0.613766,16.67145,21.054308,0.888931,0.037603,
WMT,2026-07-31,0.261433,0.049926,0.033873,0.064915,0.039774,0.064802,0.021659,0.051438,0.046415,133.422216,4.519418,8.646001,113.627535,75.155143,4.878724,122.661237,0.007495,0.750779,0.250941,3.187049,31.463878,0.767128,0.234394,0.639429,16.969481,14.36193,2.351869,0.039891,
WRB,2024-12-31,,,0.154813,,0.213927,0.068623,0.014201,,,45.100102,6.982086,3.094922,32.637692,,7.09776,33.178408,0.022173,0.338407,0.070031,,23.937892,,,0.091731,0.5405,,1.406061,0.00375,0.003779
WRB,2025-03-31,,,0.118358,,0.206239,0.046844,0.010099,,,62.222267,7.364529,2.914752,35.70869,,7.486539,36.300283,0.016071,0.318914,0.068757,,17.976266,,,0.08533,0.487119,,1.781295,0.004592,0.003521
WRB,2025-06-30,,,0.110994,,0.188973,0.043175,0.009407,,,64.74705,7.186515,2.795429,38.029394,,7.305576,38.659434,0.015445,0.30575,0.066618,,17.422664,,,0.084753,0.489364,,1.75387,0.005696,0.004167
WRB,2025-09-30,,,0.135185,,0.297049,0.052152,0.01169,,,50.842636,6.873156,2.651546,23.138143,,6.987025,23.521477,0.019669,0.289814,0.064963,,21.406486,,,0.086474,0.530876,,2.230506,0.004482,0.003475
WRB,2025-12-31,,,0.120961,,0.2365,0.046337,0.0102,,,57.801064,6.991661,2.678353,29.563037,,7.107493,30.052814,0.017301,0.29273,0.064435,,19.084674,,,0.084322,0.53303,,2.21381,0.031284,0.003741
WRB,2026-03-31,,,0.138972,,0.180144,0.052899,0.011626,,,50.42975,7.008308,2.667702,38.903858,,7.124416,39.548387,0.01983,0.291701,0.064109,,20.429752,,,0.083658,0.527318,,1.296266,,0.00357
WRB,2026-06-30,,,0.121767,,0.215405,0.045993,0.009901,,,57.449601,6.995477,2.642284,32.47586,,7.111372,33.013894,0.017407,0.28885,0.062183,,19.129034,,,0.081313,0.501732,,1.768994,,0.004245
WSM,2025-01-31,0.451521,0.201362,0.156317,0.224977,0.229982,0.179651,0.072598,0.175238,0.146269,68.607385,10.724514,12.325362,46.631955,48.570248,10.92718,47.513183,0.014576,0.628876,0.254133,,,1.440715,0.743828,0.464429,20.92335,203.059413,1.645883,0.027298,0.013371
WSM,2025-04-30,0.442635,0.168031,0.133669,0.200633,0.035084,0.107003,0.044842,0.103606,0.084621,114.182082,15.262639,12.217824,435.033374,77.510178,15.551065,443.254424,0.008758,0.633337,0.265412,,,1.508455,0.732916,0.335468,14.091966,321.783976,0.514345,0.033668,0.011785
WSM,2025-07-31,0.470733,0.178607,0.134782,0.20951,0.125594,0.115161,0.04735,0.11206,0.094758,106.664556,14.376451,12.28364,114.467678,69.916065,14.648131,116.630833,0.009375,0.648579,0.26667,,,1.503429,0.69179,0.351307,15.901445,335.316817,1.142053,0.028334,0.014473
WSM,2025-10-31,0.46087,0.169503,0.128314,0.200048,0.131758,0.116826,0.045486,0.113351,0.092336,109.300352,14.024801,12.769162,106.443982,71.431872,14.289834,108.455509,0.009149,0.708798,0.275967,,,1.426918,0.601657,0.354487,15.90416,333.411096,1.309178,0.036229,0.016028
WSM,2026-01-31,0.468742,0.202707,0.156131,0.22849,0.218907,0.176715,0.068002,0.173648,0.138183,71.751782,11.20265,12.679636,51.175487,49.955625,11.414352,52.142577,0.013937,0.699574,0.269203,,,1.388437,0.639844,0.435545,18.586267,260.067018,1.621988,0.034335,0.01246
WSM,2026-04-30,0.43946,0.161559,0.128146,0.192641,0.054633,0.123736,0.045728,0.120874,0.088477,114.133223,14.625718,14.122384,267.707078,77.357076,14.902108,272.766077,0.008762,0.798781,0.295197,,,1.330695,0.505274,0.356841,12.956547,350.730634,0.675664,0.03195,0.016362
WSM,2026-07-31,0.516364,0.229005,0.172526,0.25787,0.245331,0.157927,0.061404,0.153677,0.124398,78.099343,13.474166,12.334027,54.922296,53.239263,13.728794,55.960191,0.012804,0.713689,0.27749,,,1.446633,0.684261,0.355911,13.402889,313.592703,1.595755,0.029978,0.016323
WST,2024-12-31,0.365385,0.226763,0.173745,0.273504,0.113782,0.048503,0.035708,0.045723,0.053055,195.986485,34.051605,9.505962,299.270442,123.91866,33.892283,297.870206,0.005102,0.112702,0.082972,,205.125,2.794513,2.109557,0.205522,1.355294,375.081282,1.461184,0.140091,0.005743
WST,2025-03-31,0.332235,0.182808,0.128653,0.216189,0.083238,0.033469,0.024819,0.034574,0.035873,283.94033,36.529859,9.503128,438.861302,168.18119,36.358942,436.807944,0.003522,0.113004,0.083799,,277.25,2.76723,2.029239,0.192914,1.284032,409.790674,1.44098,0.102149,0.001862
WST,2025-06-30,0.357339,0.207306,0.17195,0.258969,0.132942,0.044997,0.033343,0.040979,0.046921,193.458586,33.265286,8.705009,250.224158,127.851595,33.109643,249.053401,0.005169,0.103547,0.07673,,1571.0,2.780185,2.083692,0.193913,1.316106,412.263297,1.343703,0.098108,0.009654
WST,2025-09-30,0.365772,0.216878,0.174,0.267338,0.166418,0.045879,0.034098,0.043017,0.049591,182.12744,31.690084,8.355839,190.424508,117.984852,31.541812,189.533544,0.005491,0.097526,0.072483,,860.5,2.869531,2.180201,0.195967,1.28736,413.847355,1.408571,0.078673,0.01044
WST,2025-12-31,0.377516,0.217516,0.164099,0.258758,0.217391,0.041593,0.030937,0.041138,0.044618,193.01924,31.674337,8.028288,145.701952,121.836493,31.526139,145.020238,0.005181,0.101102,0.075199,,806.5,3.020614,2.3428,0.188525,1.401462,398.983445,1.900833,0.094534,0.008323
WST,2026-03-31,0.350811,0.214345,0.16428,0.268908,0.055865,0.046415,0.033773,0.042638,0.052972,183.702029,30.178532,8.526566,540.20851,111.701327,30.037332,537.680965,0.005444,0.105738,0.076938,,95.789474,2.710386,2.038872,0.205582,1.232351,429.471678,0.647695,0.050539,0.007812
WST,2026-06-30,0.377393,0.219993,0.176545,0.26241,0.092629,0.051502,0.037778,0.049353,0.053174,165.5704,29.230588,8.527136,315.567347,110.871741,29.093823,314.090861,0.00604,0.104374,0.076563,,70.269231,2.822014,2.123497,0.213988,1.22514,428.776619,0.805195,0.049524,0.012496
WTW,2024-12-31,0.549588,0.344646,0.410544,0.612191,0.178913,0.156927,0.045013,0.05837,0.11629,23.10469,9.485484,3.625749,53.017391,18.466331,11.304924,63.18682,0.043281,0.746977,0.214262,1.840151,26.575758,1.199,,0.109642,1.892145,,0.480738,0.018451,0.011862
WTW,2025-03-31,0.404408,0.194332,0.105713,0.211426,-0.038686,0.028895,0.008374,0.025242,0.025068,122.504013,12.950267,3.539708,-334.749339,73.000943,15.434297,-398.95864,0.008163,0.728882,0.211231,8.091489,5.661538,1.155185,,0.079212,1.384184,,-0.148936,0.022942,0.016644
WTW,2025-06-30,0.359133,0.163644,0.146395,0.213622,0.134011,0.040864,0.011623,0.027589,0.02581,86.974148,12.732615,3.554129,95.011363,71.036114,15.174897,113.235786,0.011498,0.732716,0.208406,6.931677,5.890625,1.125009,,0.079395,1.334711,,1.090634,0.025652,0.013711
WTW,2025-09-30,0.38243,0.183566,0.132867,0.243881,0.271416,0.039302,0.011079,0.025834,0.032051,94.698826,12.582362,3.721841,46.358202,61.488249,14.995823,55.250311,0.01056,0.764189,0.215423,6.125448,7.0,1.104055,,0.083385,1.487646,,2.230263,0.024913,0.015734
WTW,2025-12-31,0.509877,0.35252,0.250341,0.381471,0.241144,0.092151,0.02489,0.057393,0.065245,39.16795,9.805328,3.609384,40.661643,30.634324,11.686118,48.461078,0.025531,0.865471,0.233762,2.833929,15.348485,1.204941,,0.099424,1.601746,,1.04898,0.021458,0.016689
WTW,2026-03-31,0.405473,0.202736,0.123134,0.230929,-0.026949,0.037232,0.010021,0.027867,0.028154,96.930785,11.935507,3.608931,-442.899125,61.598641,14.224893,-527.852969,0.010317,0.865739,0.23302,7.987433,5.883117,1.187348,,0.081385,1.313725,,-0.03367,0.022803,0.017413
WTW,2026-06-30,0.371046,0.172344,0.092863,0.194647,0.172344,0.029787,0.007494,0.024057,0.024161,125.713725,11.674146,3.744595,67.737513,71.48009,13.913399,80.730454,0.007955,0.923647,0.23237,10.214583,4.74359,1.098393,,0.080696,1.332253,,2.113537,0.023925,0.02717
WY,2024-12-31,0.177986,0.091335,0.047424,0.155738,0.119438,0.008332,0.004898,0.010543,0.008998,188.815031,8.954343,1.573297,74.970674,76.000064,11.836075,99.098122,0.005296,0.525152,0.30872,16.511278,2.121212,1.78915,1.167861,0.10329,5.581699,156.902243,2.691358,0.008197,0.00644
WY,2025-03-31,0.190017,0.102666,0.047079,0.164492,-0.013046,0.008605,0.005024,0.010245,0.010542,184.265272,8.674996,1.585694,-664.957284,69.710403,11.466828,-878.957256,0.005427,0.537999,0.314104,15.886207,2.5,2.040323,1.262673,0.106719,4.615183,178.004851,0.843373,0.052751,0.006239
WY,2025-06-30,0.172505,0.096072,0.046178,0.153928,0.153397,0.009135,0.00528,0.010826,0.011161,175.793305,8.117844,1.60584,52.920476,69.710403,10.73037,69.951616,0.005688,0.545044,0.315026,15.77931,2.5,1.03778,0.677686,0.114334,5.105691,148.047545,4.551724,0.056794,0.006369
WY,2025-09-30,0.118812,0.039604,0.046593,0.139779,-0.221899,0.008476,0.0048,0.004561,0.007164,191.175219,8.907407,1.620472,-40.141778,84.233404,11.774034,-53.060412,0.005231,0.582115,0.329614,21.120833,1.549296,1.226788,0.7793,0.103012,4.864023,149.343479,2.625,0.344205,0.005242
WY,2025-12-31,0.104478,0.011032,0.048021,0.144062,-0.172615,0.007851,0.004454,0.001133,0.006065,206.675913,9.924736,1.622535,-57.496307,91.063139,13.118765,-76.000064,0.004838,0.593783,0.336905,23.009009,1.328571,1.292645,0.828638,0.092759,5.085809,155.08355,-1.540541,0.098637,0.007138
WY,2026-03-31,0.184134,0.097858,0.09033,0.209033,-0.034742,0.016527,0.009512,0.010373,0.015449,98.038574,8.855829,1.620301,-254.900292,56.000047,11.705858,-336.933615,0.0102,0.577286,0.332236,14.196676,3.590909,1.417925,0.796226,0.105298,4.361111,180.837632,0.333333,0.064852,0.007528
WY,2026-06-30,0.166577,0.087841,0.08677,0.18211,0.139261,0.017132,0.00981,0.011021,0.013643,94.407516,8.191761,1.617388,58.823144,59.458873,10.828075,77.753911,0.010592,0.576248,0.329982,14.405882,3.227273,1.81576,1.145394,0.113062,5.005362,141.652519,2.462963,0.074451,0.005356
WYNN,2024-12-31,0.43685,0.318303,0.150627,0.323982,0.191315,-1.235594,0.021342,0.056728,0.038856,30.367355,4.574136,-37.521724,23.908954,29.865268,9.675823,50.575416,0.03293,-54.271814,0.937406,13.622732,2.718573,1.897768,1.848544,0.141686,5.675019,18.719061,1.729518,0.069197,0.008061
WYNN,2025-03-31,0.422615,0.161066,0.042782,0.238448,-0.015559,-0.201695,0.005717,0.023666,0.024211,115.618612,4.946437,-23.319712,-317.908574,43.881149,10.463365,-672.482711,0.008649,-33.78193,0.957589,20.922154,1.586436,1.082466,1.048818,0.133637,5.090948,18.526825,1.838894,0.094232,0.011409
WYNN,2025-06-30,0.417889,0.158756,0.038105,0.227303,0.137902,-0.149971,0.005219,0.024004,0.023583,127.018441,4.839983,-19.049026,35.097215,45.041923,10.238178,74.24232,0.007873,-27.561605,0.959061,21.670603,1.566473,1.033611,1.00034,0.136953,5.322926,24.870502,6.117098,0.095187,0.016594
WYNN,2025-09-30,0.412434,0.173294,0.048175,0.27265,0.093648,-0.238732,0.0069,0.021111,0.030557,95.209553,4.586733,-22.729601,48.978362,35.585743,9.70247,103.605578,0.010503,-32.959264,0.952675,18.164817,2.202956,1.756739,1.695805,0.143237,5.199774,30.649436,3.801191,0.089475,0.012359
WYNN,2025-12-31,0.405087,0.181704,0.053606,0.246462,0.164443,-0.363089,0.007631,0.027929,0.026203,84.085527,4.507494,-30.530495,27.410752,38.686904,9.534854,57.982887,0.011893,-44.197033,0.928885,19.751008,1.928024,1.633129,1.579283,0.142353,4.634359,23.90615,4.778822,0.091731,0.011268
WYNN,2026-03-31,0.401649,0.158528,0.064873,0.255046,-0.013792,-0.568657,0.009334,0.026743,0.02859,69.826715,4.529879,-39.70743,-328.435594,37.570556,9.582206,-694.750872,0.014321,-57.406053,0.942238,19.716363,2.054528,1.241595,1.194774,0.143876,4.779261,33.240378,1.273972,0.096439,0.013862
WYNN,2026-06-30,0.40871,0.165229,0.075427,0.278052,0.182506,-0.826563,0.010644,0.026705,0.034232,60.051314,4.529462,-49.63622,24.81811,34.458741,9.581323,52.498584,0.016652,-72.837947,0.937932,17.723962,2.305887,0.912405,0.881481,0.141113,5.51626,16.041669,3.512195,0.082406,0.009102
XEL,2024-12-31,0.412821,0.111218,0.148718,0.384295,-0.497756,0.023768,0.006625,0.007135,0.007298,97.329876,14.474699,2.313342,-29.079886,70.720648,27.177582,-54.600165,0.010274,1.547382,0.431327,24.132611,1.56229,0.669608,0.566496,0.044549,2.497998,-76.030939,1.431034,0.710577,0.001923
XEL,2025-03-31,0.431388,0.173323,0.123656,0.382488,-0.245776,0.024389,0.006639,0.013269,0.011074,93.501164,11.561972,2.280401,-47.042773,56.756397,21.708668,-88.327142,0.010695,1.632297,0.44435,20.143909,2.365696,0.796321,0.703605,0.053691,3.034965,-96.171313,2.128364,0.508961,0.002304
XEL,2025-06-30,0.474293,0.17554,0.135078,0.44387,-0.409492,0.021182,0.005894,0.01086,0.010165,101.714105,13.739295,2.154528,-33.552052,58.117928,25.796792,-62.99707,0.009831,1.589905,0.442359,21.052776,2.192547,0.962793,0.849303,0.043631,2.901147,-175.819654,2.434685,0.738363,0.003651
XEL,2025-09-30,0.525926,0.264623,0.133844,0.425798,-0.329502,0.024739,0.00662,0.018708,0.012221,86.185234,11.535393,2.13215,-35.008576,50.866261,21.658763,-65.731827,0.011603,1.677069,0.448771,19.383923,2.528736,0.794768,0.693621,0.049461,3.142055,-199.472442,3.368321,0.780332,0.004342
XEL,2025-12-31,0.455209,0.165403,0.159225,0.443134,-0.906768,0.024016,0.006968,0.010245,0.010756,79.64914,12.682129,1.912875,-13.986083,53.735144,23.811867,-26.26016,0.012555,1.473209,0.427437,21.298479,2.195055,0.707293,0.599944,0.043763,2.677444,-154.547068,0.368607,0.965459,0.002247
XEL,2026-03-31,0.448645,0.182044,0.138274,0.416563,-0.32952,0.023355,0.006554,0.012032,0.011413,81.224932,11.231301,1.897045,-34.083821,50.623317,21.087803,-63.995514,0.012311,1.64677,0.462147,21.058507,2.36828,0.770299,0.677449,0.047402,2.98737,-133.335414,3.052158,0.751554,0.002736
XEL,2026-06-30,0.530619,0.227316,0.187881,0.517153,-0.592498,0.024359,0.006723,0.011163,0.011772,77.066659,14.47934,1.877252,-24.437804,52.569161,27.186296,-45.88423,0.012976,1.676144,0.462605,23.215747,2.321608,0.701338,0.615429,0.035783,2.485259,-246.556148,1.877133,0.945175,0.003847
XOM,2024-12-31,0.212774,0.095894,0.093883,0.205964,0.06652,0.028858,0.016782,0.020902,0.026385,88.365582,8.296061,2.550054,124.714777,42.585988,8.771165,131.857022,0.011317,0.158169,0.091979,0.8823,34.040404,1.308405,0.973815,0.178749,2.297432,86.680696,1.606965,0.084347,
XOM,2025-03-31,0.228047,0.121469,0.095154,0.215981,0.087036,0.029358,0.017068,0.022707,0.031224,87.185541,8.296061,2.559615,95.317091,40.610788,8.771165,100.775771,0.01147,0.142932,0.083094,1.171817,57.585366,1.235734,0.904184,0.179368,1.750599,-21.963354,1.679372,0.072763,
XOM,2025-06-30,0.225814,0.11212,0.089108,0.213282,0.066271,0.026969,0.015822,0.020298,0.028595,94.953696,8.46109,2.560853,127.674592,41.942839,8.945645,134.986342,0.010531,0.148477,0.087107,1.453425,74.827586,1.248632,0.87641,0.177564,1.901728,-11.859436,1.630895,0.079054,
XOM,2025-09-30,0.226014,0.110139,0.090579,0.20997,0.072734,0.028968,0.016613,0.021552,0.029276,89.091425,8.069771,2.580824,110.949031,40.633998,8.531916,117.302931,0.011224,0.161329,0.092521,1.612962,122.466667,1.136866,0.786988,0.183411,1.840146,-17.50983,1.959194,0.104727,
XOM,2025-12-31,0.199578,0.075001,0.081223,0.198766,0.065331,0.025063,0.014479,0.016655,0.021755,103.43979,8.40168,2.592515,128.602425,44.689991,8.882833,135.96731,0.009667,0.167846,0.096969,1.668427,50.269939,1.1528,0.789161,0.178269,2.239229,107.470577,1.950315,0.09308,
XOM,2026-03-31,0.167061,0.064297,0.0503,0.168745,0.026876,0.016444,0.009007,0.011363,0.019625,160.760717,8.086267,2.643523,300.877887,50.664367,8.549357,318.108753,0.00622,0.187361,0.102627,2.795268,24.616949,1.036121,0.771493,0.179068,1.346018,-3.433321,2.081042,0.077801,
XOM,2026-06-30,0.225174,0.158868,0.126824,0.247448,0.148679,0.055999,0.031271,0.046196,0.052312,46.296873,5.871544,2.592575,39.491548,25.087264,6.207799,41.753175,0.0216,0.163343,0.091216,1.121383,86.568282,1.134673,0.846899,0.246574,1.891228,-8.251418,1.621687,0.05699,
XYL,2024-12-31,0.379876,0.129433,0.144504,0.233156,0.21055,0.030633,0.019766,0.020054,0.027124,77.036324,11.132022,2.35988,52.871246,51.592854,12.029185,57.132297,0.012981,0.199681,0.128843,1.701521,42.666667,1.754281,1.327911,0.136785,1.352518,267.258015,1.763804,0.044326,0.005762
XYL,2025-03-31,0.371194,0.121798,0.081682,0.17883,-0.018366,0.015625,0.010206,0.015115,0.015633,148.602613,12.138155,2.321916,-660.89057,73.345517,13.116405,-714.153715,0.006729,0.197485,0.128993,2.583784,28.125,1.885503,1.413666,0.124947,1.187034,325.444544,0.195266,0.034316,0.0058
XYL,2025-06-30,0.387658,0.14385,0.098218,0.196871,0.089961,0.020408,0.013146,0.018973,0.020685,111.123193,10.914316,2.26782,121.322907,59.906934,11.793934,131.100682,0.008999,0.191801,0.123553,1.8234,34.222222,1.89874,1.43329,0.133849,1.252586,297.614394,1.349558,0.04259,0.00565
XYL,2025-09-30,0.38933,0.157407,0.100088,0.196208,0.123898,0.020255,0.013125,0.020628,0.020165,110.633664,11.073122,2.240907,89.373102,60.983913,11.965538,96.575947,0.009039,0.186401,0.120786,1.732584,50.5,1.95725,1.501102,0.131136,1.257903,307.822384,1.585903,0.034832,0.005291
XYL,2025-12-31,0.388819,0.161035,0.139758,0.215686,0.191907,0.029181,0.018997,0.026024,0.025308,74.966692,10.477197,2.187617,54.595308,52.490989,11.321586,58.995307,0.013339,0.179704,0.11699,0.895551,62.333333,1.625,1.280812,0.135931,1.362706,260.374992,1.620896,0.034627,0.006675
XYL,2026-03-31,0.377882,0.129412,0.090824,0.182588,0.008471,0.01759,0.011384,0.0165,0.017466,130.123532,11.818278,2.288903,1395.213426,69.94289,12.770749,1507.657842,0.007685,0.187842,0.121564,2.912371,62.0,1.462795,1.103085,0.125339,1.183185,314.563542,0.559585,0.042353,0.006118
XYL,2026-06-30,0.412243,0.171661,0.112586,0.21875,0.086045,0.025238,0.015165,0.021543,0.02538,95.489892,10.750788,2.409926,124.944486,53.107321,11.617227,135.014135,0.010472,0.293158,0.176162,3.228963,53.0,1.613069,1.240088,0.134702,1.245867,293.766274,1.102662,0.038099,0.005137
XYZ,2024-12-31,0.383154,0.042707,0.322586,0.05744,-0.002187,0.0915,0.052913,0.008928,0.009126,23.549933,7.59688,2.154824,-3473.708843,133.404969,7.662753,-3503.829485,0.042463,0.372326,0.215311,,,2.326041,2.313757,0.164028,1.623951,223.487971,0.007091,0.004475,0.052537
XYZ,2025-03-31,0.396688,0.086453,0.032897,0.057736,0.017578,0.008844,0.005217,0.01525,0.008816,241.365977,7.940101,2.134623,451.718422,138.716492,8.008949,455.635287,0.004143,0.281564,0.16609,,14.167662,2.269257,2.256727,0.158585,1.728999,213.182164,0.702242,0.005524,0.054617
XYZ,2025-06-30,0.418953,0.128564,0.088936,0.143825,0.056654,0.024302,0.014609,0.022719,0.029058,85.110892,7.569406,2.068347,133.606523,53.085765,7.63504,134.76503,0.011749,0.276321,0.166108,,,1.956811,1.943095,0.164263,1.683246,218.84794,0.695174,0.005171,0.049111
XYZ,2025-09-30,0.435256,0.126394,0.075478,0.141459,0.229014,0.020506,0.011779,0.019578,0.026583,99.294197,7.494522,2.036159,32.72516,53.439623,7.559507,33.008921,0.010071,0.359942,0.206758,,,2.183196,2.166711,0.156062,1.759737,211.724426,3.143917,0.008282,0.050594
XYZ,2025-12-31,0.459374,0.159198,0.018515,0.174562,0.092731,0.005213,0.002927,0.018457,0.034129,395.88674,7.329676,2.063955,79.042154,42.352932,7.393232,79.727531,0.002526,0.403813,0.226711,,,2.201066,2.18582,0.158091,1.464791,253.906111,5.364455,0.006589,0.046945
XYZ,2026-03-31,0.480322,0.054176,-0.050964,-0.040187,0.154374,-0.014215,-0.00772,0.008729,-0.012113,-148.466024,7.566419,2.110427,49.013488,-189.914021,7.632027,49.438486,-0.006736,0.374546,0.203406,,-6.379961,1.985979,1.971412,0.151474,1.613646,230.869609,-3.128132,0.005048,0.05592
XYZ,2026-06-30,0.478427,0.155994,0.013376,0.170357,0.146064,0.004015,0.002261,0.010306,0.035997,517.738296,6.925175,2.078672,47.411767,41.003381,6.985223,47.822876,0.001931,0.325273,0.183144,,,2.208796,2.189818,0.169005,1.630853,231.899701,11.521188,0.008041,0.039251
YUM,2024-12-31,0.444115,0.295512,0.179086,0.302286,0.172312,-0.055309,0.062881,0.154559,0.12074,89.025117,15.943109,-4.923853,92.524876,70.572296,21.333031,123.804961,0.011233,-1.606433,1.826371,14.915966,5.030534,1.474389,,0.351122,3.047742,,1.212766,0.044877,0.007197
YUM,2025-03-31,0.468383,0.299384,0.141578,0.332401,0.186346,-0.032419,0.037994,0.088802,0.101142,148.844366,21.073097,-4.825426,113.08596,84.829325,28.197325,151.317175,0.006718,-1.455279,1.705511,18.097643,4.575,1.402924,,0.268359,2.509831,,1.596838,0.039731,0.011752
YUM,2025-06-30,0.468427,0.312112,0.193582,0.34472,0.194099,-0.048698,0.05407,0.121852,0.132679,100.688836,19.491524,-4.903337,100.420332,75.658587,26.081066,134.369651,0.009932,-1.482943,1.646523,16.084084,5.056911,0.819201,,0.279312,2.555556,,1.192513,0.036749,0.008282
YUM,2025-09-30,0.470202,0.327778,0.200505,0.361111,0.226768,-0.052898,0.055193,0.117622,0.112865,94.855478,19.019002,-5.017671,83.869988,70.473593,25.448798,112.224096,0.010542,-1.539507,1.606284,14.697902,5.362903,1.694081,,0.275268,2.66129,,1.367758,0.047475,0.008586
YUM,2025-12-31,0.44493,0.29503,0.212724,0.320875,0.19165,-0.073038,0.065268,0.147394,0.110762,70.388083,14.973211,-5.140973,78.127852,62.439429,20.035236,104.540704,0.014207,-1.800546,1.609003,13.696406,5.56391,1.345646,,0.30682,2.990488,,1.153271,0.053678,0.006362
YUM,2026-03-31,0.446819,0.290432,0.209811,0.341914,0.165614,-0.059316,0.052612,0.107183,0.126448,87.170427,18.289279,-5.17062,110.432917,71.574743,24.472375,147.767212,0.011472,-1.641357,1.455852,16.00142,5.03125,0.651058,,0.250761,2.486715,,0.962963,0.036425,0.011656
YUM,2026-06-30,0.453917,0.304608,0.393088,0.331797,0.187558,-0.120023,0.098249,0.127902,0.150569,44.147274,17.353744,-5.298667,92.524876,69.984193,23.220562,123.804961,0.022651,-1.72717,1.413845,16.1125,5.164062,0.592032,,0.249942,3.483146,,0.594373,0.046083,0.005069
ZBH,2024-12-31,0.710014,0.209322,0.118377,0.303727,0.208284,0.019209,0.01121,0.018843,0.018552,75.944663,8.990088,1.458823,43.162664,41.228066,12.522067,60.120187,0.013167,0.497638,0.290405,9.241823,5.668821,1.906035,0.994002,0.094696,1.366381,1536.696975,2.113987,0.041963,0.010429
ZBH,2025-03-31,0.712011,0.177518,0.095333,0.287884,0.175894,0.014683,0.008204,0.0138,0.014842,99.938169,9.527393,1.467414,54.165416,46.096519,13.270466,75.445643,0.010006,0.578963,0.323491,10.53821,4.459215,2.435923,1.458016,0.086058,1.245011,1583.018207,2.103297,0.024619,0.010267
ZBH,2025-06-30,0.714918,0.190825,0.073557,0.277139,0.143504,0.0122,0.006683,0.013471,0.01507,119.036301,8.755956,1.452195,61.015588,44.006682,12.19595,84.987074,0.008401,0.604591,0.331182,12.186208,3.832282,1.872162,0.96303,0.09085,1.289207,1580.835818,2.475131,0.03856,0.010206
ZBH,2025-09-30,0.720546,0.169032,0.115369,0.318877,0.176726,0.018101,0.009831,0.013424,0.016818,78.773264,9.088012,1.425841,51.42422,39.697034,12.658462,71.6275,0.012695,0.635958,0.345393,10.686149,4.702918,2.428274,1.394648,0.085209,1.252205,1706.586729,1.813339,0.032477,0.012641
ZBH,2025-12-31,0.646833,0.125953,0.062085,0.2023,0.192807,0.01097,0.006032,0.013978,0.008285,130.572482,8.106586,1.432444,42.045184,55.815481,11.291459,58.563677,0.007659,0.592162,0.325619,15.261511,2.363004,1.981616,1.096683,0.097165,1.316416,1190.873408,3.714286,0.037795,0.010741
ZBH,2026-03-31,0.72387,0.189342,0.114104,0.306752,0.136148,0.018788,0.010479,0.015512,0.018638,76.391209,8.716513,1.435202,64.02234,39.579201,12.141011,89.175103,0.013091,0.589507,0.328806,11.008905,5.37936,1.732535,0.94812,0.091838,1.207162,1496.815418,1.50945,0.036086,0.011597
ZBH,2026-06-30,0.708085,0.171796,0.091089,0.275057,0.152228,0.015708,0.008698,0.014557,0.016579,91.723383,8.354959,1.440818,54.884571,42.309029,11.637412,76.447335,0.010902,0.592448,0.328058,11.805277,4.499314,1.691289,0.937913,0.095492,1.230291,1398.225368,2.258195,0.053468,0.0113
ZBRA,2024-12-31,0.485757,0.170915,0.122189,0.231634,0.215892,0.045455,0.020457,0.031036,0.042625,100.609168,12.293324,4.573144,56.941995,62.149821,14.396023,66.681579,0.009939,0.658673,0.296436,4.110032,,1.431925,1.025235,0.16742,1.927746,221.264528,1.877301,0.013493,0.015742
ZBRA,2025-03-31,0.493119,0.151376,0.103976,0.175076,0.120795,0.037507,0.017217,0.028148,0.029756,120.583048,12.537687,4.522696,103.793003,83.861549,14.682182,121.546169,0.008293,0.651131,0.298899,5.646288,8.173913,1.449083,1.018343,0.165591,2.119935,239.339481,1.308824,0.015291,0.038991
ZBRA,2025-06-30,0.476411,0.144625,0.08662,0.159319,0.100541,0.030965,0.014109,0.026217,0.025694,146.422272,12.683136,4.533949,126.148419,93.224731,14.852509,147.725344,0.00683,0.652474,0.297304,6.31068,6.52,1.464241,1.033877,0.162887,2.039432,242.051148,1.3125,0.013148,0.024749
ZBRA,2025-09-30,0.480303,0.146212,0.076515,0.169697,0.163636,0.026955,0.01252,0.020709,0.028156,162.369252,12.423708,4.376647,75.92266,85.733458,14.548708,88.908772,0.006159,0.629837,0.29255,5.0,7.913043,1.606987,1.193387,0.16363,2.015267,250.28652,2.326733,0.014394,0.035606
ZBRA,2025-12-31,0.47322,0.150508,0.047458,0.131525,0.221695,0.019509,0.008233,0.026038,0.020301,234.275635,11.118166,4.570595,50.150748,98.99121,13.019861,58.72873,0.004268,0.751672,0.317219,12.252577,3.648649,0.969762,0.576134,0.173489,1.841448,214.185245,5.1,0.020339,0.022373
ZBRA,2026-03-31,0.496321,0.149833,0.090301,0.173913,0.10903,0.038905,0.016203,0.029583,0.031055,121.476255,10.969428,4.726021,100.609168,73.862672,12.845682,117.817759,0.008232,0.821037,0.341935,9.757692,5.513514,0.961429,0.568917,0.179429,2.039563,232.764647,1.303704,0.008696,0.038796
ZBRA,2026-06-30,0.529865,0.212588,0.149647,0.242132,0.127168,0.067831,0.026977,0.043625,0.06898,70.383238,10.532623,4.774176,82.82472,50.939774,12.334165,96.991387,0.014208,0.8623,0.342943,6.925729,9.142857,0.515758,0.332416,0.180271,1.572727,229.587755,0.905579,0.008349,0.023121
ZTS,2024-12-31,0.694864,0.330168,0.250755,0.391023,0.297367,0.121803,0.040809,0.053544,0.072333,50.781697,12.733779,6.18536,42.821721,40.930645,16.004819,53.821719,0.019692,1.413836,0.473695,5.060706,15.352941,1.754396,1.078546,0.162745,1.760638,1174.277232,1.557659,0.093224,0.0082
ZTS,2025-03-31,0.718835,0.369427,0.273885,0.430391,0.153321,0.129323,0.042701,0.056301,0.077196,49.010242,13.423187,6.338167,87.549454,39.199963,16.871322,110.039064,0.020404,1.450054,0.478791,5.134249,15.314815,1.736189,1.037518,0.155909,1.614989,1374.753689,0.855482,0.080983,0.007734
ZTS,2025-06-30,0.731609,0.402991,0.293452,0.440178,0.18553,0.145871,0.050142,0.068668,0.086835,40.639347,11.925694,5.928102,64.279229,34.052493,14.989153,80.791208,0.024607,1.364477,0.469024,4.725436,18.207547,1.759655,1.035056,0.170868,1.606494,1288.671284,0.833333,0.059014,0.008892
ZTS,2025-09-30,0.715417,0.39,0.300417,0.445,0.314583,0.133568,0.047563,0.061027,0.070776,40.921173,12.293402,5.465759,39.078365,34.722064,15.451319,49.116774,0.024437,1.347351,0.479781,4.671348,16.293103,3.643055,2.278915,0.158322,1.55743,1332.566859,1.235784,0.056667,0.009167
ZTS,2025-12-31,0.701718,0.346041,0.252618,0.393381,0.306661,0.181027,0.038986,0.052898,0.06182,48.928965,12.360354,8.85745,40.306238,39.492188,15.535469,50.660061,0.020438,2.773341,0.597272,7.169329,14.350877,3.028188,1.94094,0.154329,1.501258,1239.189844,1.480929,0.067449,0.009217
ZTS,2026-03-31,0.716622,0.363395,0.265694,0.415119,0.128647,0.185895,0.039659,0.053082,0.062591,49.09179,13.043398,9.125941,101.388886,39.492188,16.393972,127.433556,0.02037,2.857408,0.609608,7.56656,13.225806,3.153434,1.911349,0.149268,1.501992,1406.341343,0.667221,0.04863,0.011052
ZTS,2026-06-30,0.72731,0.404781,0.279984,0.423825,0.21799,0.219504,0.045831,0.065359,0.07122,42.69778,11.954686,9.372353,54.840457,35.452356,15.025593,68.927815,0.02342,2.934562,0.612721,7.241874,15.196721,3.08394,1.835032,0.163693,1.570974,1383.201764,0.947902,0.047407,0.010535
