Ticker,FiscalDate,Gross Margin (calc),Operating Margin (calc),Net Margin (calc),EBITDA Margin (calc),FCF Margin (calc),ROE (calc),ROA (calc),ROIC (calc),ROCE (calc),P/E (calc),P/S (calc),P/B (calc),P/FCF (calc),EV/EBITDA (calc),EV/Revenue (calc),EV/FCF (calc),Earnings Yield (calc),Debt/Equity (calc),Debt/Assets (calc),Net Debt/EBITDA (calc),Interest Coverage (calc),Current Ratio (calc),Quick Ratio (calc),Asset Turnover (calc),Receivables Turnover (calc),Cash Conversion Cycle (calc),Cash Conversion Ratio (calc),CapEx/Revenue (calc),SBC/Revenue (calc)
A,2022-10-31,0.543516,0.236273,0.183119,0.278183,0.149095,0.236381,0.119066,0.167086,0.183139,35.182768,6.442639,8.31653,43.211745,24.411238,6.790801,45.546922,0.028423,0.52196,0.262913,0.900787,18.904762,2.030091,1.472327,0.650209,4.874021,128.364116,1.046252,0.042494,0.018254
A,2023-10-31,0.507098,0.197571,0.181472,0.249524,0.215718,0.212147,0.11521,0.145709,0.15655,35.579993,6.456782,7.548194,29.931609,27.274726,6.805709,31.549123,0.028106,0.467921,0.254111,0.671554,15.094737,2.611354,1.968185,0.63486,5.292796,135.394258,1.429032,0.043612,0.016245
A,2024-10-31,0.543011,0.228571,0.198003,0.287865,0.210906,0.218549,0.108813,0.13577,0.162496,34.227457,6.777142,7.480365,32.133424,24.815052,7.143381,33.869925,0.029216,0.574771,0.286173,1.099787,16.84375,2.089182,1.576253,0.549553,4.916918,127.235168,1.358417,0.058065,0.019816
A,2025-10-31,0.524324,0.212867,0.187536,0.264105,0.165803,0.193295,0.102381,0.133031,0.149037,33.859702,6.349912,6.544903,38.297909,25.342456,6.693064,40.367541,0.029534,0.497552,0.263534,0.852861,13.8125,1.957392,1.520665,0.545926,4.672495,128.366346,1.19647,0.058578,0.018423
AAPL,2022-09-30,0.433096,0.302887,0.253096,0.331047,0.282615,1.969589,0.282924,0.586168,0.600871,49.152246,12.440257,96.809709,44.018391,37.74666,12.495909,44.215309,0.020345,2.614462,0.375558,0.738641,40.749574,0.879356,0.847235,1.117852,13.991201,-70.521754,1.223921,0.027155,0.02292
AAPL,2023-09-30,0.441311,0.298214,0.253062,0.328267,0.259817,1.56076,0.275098,0.562689,0.551446,50.5752,12.798679,78.935757,49.260339,39.162984,12.855934,49.480707,0.019773,1.787533,0.315069,0.644754,29.062039,0.988012,0.944442,1.087077,12.989189,-67.829885,1.139677,0.028592,0.028264
AAPL,2024-09-30,0.462063,0.315102,0.239713,0.344371,0.278254,1.645935,0.256825,0.571784,0.653361,52.333592,12.545019,86.137692,45.084798,36.591787,12.60114,45.286486,0.019108,1.872327,0.29215,0.569474,,0.867313,0.826007,1.071387,11.70413,-75.830335,1.261564,0.024159,0.02989
AAPL,2025-09-30,0.469052,0.319708,0.269151,0.347817,0.237329,1.51913,0.311796,0.651319,0.687206,43.795568,11.787605,66.531154,49.66782,34.041829,11.840337,49.890011,0.022833,1.33803,0.274626,0.433326,,0.893293,0.85877,1.158445,10.462353,-71.068069,0.995286,0.030553,0.030909
ABBV,2022-12-31,0.700038,0.324078,0.203879,0.416405,0.41768,0.685986,0.085271,0.205349,0.143749,39.409284,8.034731,27.034212,19.236567,21.957942,9.143406,21.890931,0.025375,3.667034,0.455827,2.236701,7.043498,0.963606,0.84244,0.418241,5.158521,84.276004,2.107384,0.011972,0.011558
ABBV,2023-12-31,0.624158,0.249181,0.089528,0.316138,0.406164,0.469402,0.0361,0.151308,0.087478,95.917805,8.587361,45.023966,21.142611,30.911442,9.772291,24.05998,0.010426,5.732143,0.440833,2.712031,3.810252,0.872123,0.763801,0.403219,4.869386,82.30639,4.696484,0.014305,0.013752
ABBV,2024-12-31,0.699933,0.211134,0.07594,0.264671,0.316541,1.286617,0.031651,0.168783,0.067668,109.034195,8.280049,140.285199,26.157934,35.601025,9.422574,29.767345,0.009171,20.193684,0.496771,4.132797,2.323362,0.660198,0.552298,0.416792,5.159264,97.434887,4.395979,0.01729,0.016171
ABBV,2025-12-31,0.702354,0.328499,0.069097,0.288244,0.291302,-1.292355,0.031547,0.200721,0.104664,110.375837,7.626689,-142.644736,26.181426,30.110119,8.67906,29.794078,0.00906,-20.640979,0.503852,3.532078,3.280332,0.671348,0.556978,0.456554,4.85821,102.379241,4.503076,0.01985,0.015615
ABNB,2022-12-31,0.821526,0.225146,0.225384,0.23479,0.408382,0.340468,0.118032,0.23847,0.234615,52.578,11.850239,17.901107,29.017538,44.841749,10.528388,25.780737,0.019019,0.421043,0.145966,,78.791667,1.862748,,0.523694,41.995,,1.811939,0.002977,0.110727
ABNB,2023-12-31,0.828275,0.15307,0.483211,0.15307,0.391651,0.586895,0.232114,0.149468,0.141935,20.770066,10.036317,12.189854,25.625683,58.252918,8.916802,22.767232,0.048146,0.28218,0.111601,,18.289157,1.659196,,0.480358,48.37561,,0.810518,,0.112937
ABNB,2024-12-31,0.830841,0.229959,0.238516,0.229959,0.406954,0.314788,0.126342,0.195015,0.236433,37.586916,8.965065,11.831925,22.029693,34.63687,7.965045,19.572362,0.026605,0.24465,0.098192,,,1.690778,,0.529701,75.52381,,1.706193,,0.126734
ABNB,2025-12-31,0.829589,0.207826,0.20513,0.207826,0.379544,0.306257,0.113067,0.19968,0.297231,39.637656,8.130884,12.139304,21.422762,34.759406,7.223914,19.033132,0.025229,0.252104,0.093075,,,1.37717,,0.551198,65.811828,,1.850259,,0.130055
ABT,2022-12-31,0.561496,0.191556,0.158821,0.277896,0.178774,0.188982,0.093138,0.130563,0.150367,25.610073,4.06741,4.839847,22.751747,16.925532,4.70354,26.31005,0.039047,0.482909,0.237997,0.568049,15.885305,1.628511,1.22997,0.586434,7.020425,81.851674,1.381941,0.040707,0.015692
ABT,2023-12-31,0.551846,0.16151,0.142686,0.262884,0.126131,0.148253,0.078168,0.104412,0.122968,31.024749,4.426803,4.599504,35.096785,19.47303,5.119141,40.585814,0.032232,0.404839,0.213456,0.738145,11.461538,1.637887,1.163211,0.547832,6.10952,105.938932,1.26874,0.0549,0.016056
ABT,2024-12-31,0.554088,0.162694,0.319476,0.257211,0.151395,0.281177,0.164615,0.110457,0.112583,13.248369,4.23253,3.725131,27.956957,19.029067,4.894485,32.329339,0.075481,0.315144,0.184501,0.603244,13.545617,1.670975,1.233453,0.515268,6.057762,99.258677,0.638561,0.05261,0.016043
ABT,2025-12-31,0.564181,0.181668,0.147176,0.272401,0.166825,0.125149,0.075237,0.095386,0.12759,27.21561,4.005474,3.405997,24.010093,17.004028,4.631917,27.765197,0.036744,0.265874,0.159838,0.364969,18.172414,1.575897,1.18259,0.511204,5.590617,107.760145,1.466278,0.048976,0.014979
ACGL,2022-12-31,,,0.152842,,0.389976,0.11433,0.030756,,,22.399519,3.423598,2.560936,8.778993,,3.476963,8.915833,0.044644,0.211077,0.056783,,12.351145,,,0.201229,0.810151,,2.585366,0.005178,0.009113
ACGL,2023-12-31,,,0.334211,,0.428539,0.242086,0.075425,,,7.441299,2.486963,1.801432,5.803351,,2.525728,5.893809,0.134385,0.148532,0.046277,,26.451128,,,0.225682,0.983139,,1.293946,0.003912,0.006996
ACGL,2024-12-31,,,0.254696,,0.39114,0.207109,0.060813,,,7.667368,1.952846,1.587977,4.992705,,1.983286,5.070527,0.130423,0.131028,0.038473,,32.730496,,,0.238767,1.0545,,1.547542,0.003012,0.007856
ACGL,2025-12-31,,,0.227927,,0.317513,0.181732,0.055514,,,7.515728,1.713041,1.365847,5.395184,,1.739742,5.47928,0.133054,0.112741,0.034439,,34.641892,,,0.243561,1.101661,,1.403046,0.00228,0.007668
ACN,2022-08-31,0.31986,0.152079,0.111653,0.166803,0.143246,0.311098,0.145507,0.321234,0.310811,16.131488,1.801124,5.018478,12.573651,10.781771,1.798435,12.554879,0.061991,0.150445,0.070366,,195.339962,1.233251,,1.303214,5.874959,,1.387363,0.011657,0.027272
ACN,2023-08-31,0.323367,0.153997,0.107181,0.159853,0.140319,0.26745,0.134091,0.292785,0.276411,16.144663,1.7304,4.317895,12.331902,10.808765,1.727817,12.31349,0.06194,0.122565,0.06145,,193.305776,1.298344,,1.251075,5.996957,,1.386042,0.008238,0.029839
ACN,2024-08-31,0.326094,0.15462,0.111944,0.166978,0.132742,0.256809,0.129885,0.261839,0.26405,15.270781,1.709476,3.921678,12.87814,10.222442,1.706924,12.858913,0.065485,0.145661,0.07367,,165.481728,1.099159,,1.160267,5.465682,,1.256888,0.007959,0.029918
ACN,2025-08-31,0.31914,0.155598,0.110207,0.170329,0.156077,0.24614,0.117416,0.22748,0.233088,14.448127,1.592281,3.556255,10.201885,9.334308,1.589904,10.186654,0.069213,0.26231,0.12513,,45.936199,1.420035,,1.065419,5.332619,,1.494367,0.008612,0.030053
ADBE,2022-11-30,0.877031,0.346359,0.270135,0.396229,0.420084,0.338481,0.175078,0.265525,0.321479,20.804394,5.619999,7.041897,13.378271,14.255504,5.648438,13.445971,0.048067,0.329727,0.17055,,54.642857,1.106791,,0.648113,8.525908,,1.648024,0.025105,0.08179
ADBE,2023-11-30,0.878716,0.342625,0.279664,0.401051,0.357669,0.328611,0.182276,0.26345,0.32107,18.228758,5.097929,5.990174,14.253197,12.775745,5.123726,14.325324,0.054858,0.247003,0.137009,,61.168142,1.343352,,0.651768,8.727068,,1.345247,0.018548,0.088516
ADBE,2024-11-30,0.890351,0.359963,0.258545,0.370007,0.366101,0.394186,0.183923,0.31469,0.360242,17.795988,4.601055,7.014938,12.567725,12.497976,4.624338,12.631322,0.056192,0.429351,0.200331,,42.011834,1.067579,,0.711379,10.378861,,1.448921,0.00851,0.085236
ADBE,2025-11-30,0.892675,0.366275,0.299971,0.412933,0.414489,0.613439,0.241728,0.398539,0.466262,13.877377,4.162804,8.512922,10.043209,10.132083,4.18387,10.094032,0.07206,0.571969,0.225386,0.079368,34.209125,0.996373,,0.805838,10.140358,,1.406872,0.007531,0.081703
ADI,2022-10-31,0.626977,0.295757,0.228781,0.465846,0.314309,0.075375,0.054641,0.073271,0.068934,66.23864,15.154125,4.992714,48.214091,33.752309,15.72339,50.025255,0.015097,0.181056,0.131251,0.907337,16.462202,2.021568,1.448456,0.238835,6.672706,121.303508,1.628271,0.058208,0.026926
ADI,2023-10-31,0.640136,0.323742,0.269357,0.501055,0.288989,0.093197,0.067929,0.086086,0.084938,54.92732,14.79504,5.119087,51.195778,30.637012,15.350816,53.118949,0.018206,0.197201,0.143735,0.971605,14.633575,1.369591,0.856555,0.252191,8.37263,138.31388,1.453468,0.102512,0.024365
ADI,2024-10-31,0.570834,0.219584,0.173464,0.445933,0.331178,0.046488,0.033907,0.044544,0.04641,111.333668,19.312391,5.175668,58.314251,44.934663,20.037861,60.504828,0.008982,0.217471,0.158617,1.329805,6.515801,1.835388,1.350933,0.195469,7.054507,138.368754,2.355893,0.077485,0.027867
ADI,2025-10-31,0.61467,0.272464,0.205753,0.456335,0.388273,0.06705,0.047243,0.05919,0.06771,80.29708,16.521396,5.383909,42.551025,37.564595,17.142022,44.149455,0.012454,0.25623,0.18054,1.211512,9.536278,2.189925,1.679628,0.229612,7.67349,143.200746,2.122398,0.048418,0.02918
ADM,2022-12-31,0.07454,0.041475,0.042735,0.06555,0.021259,0.178718,0.072607,0.104989,0.158194,9.45929,0.404243,1.69055,19.01497,7.451002,0.488413,22.97421,0.105716,0.423653,0.172115,1.223224,14.214646,1.463768,0.853169,1.699,16.288051,49.469691,0.801382,0.012988,0.001447
ADM,2023-12-31,0.079981,0.043189,0.037079,0.063874,0.031575,0.144331,0.063755,0.100769,0.137368,11.78677,0.43704,1.701198,13.841308,8.266886,0.528039,16.723304,0.084841,0.397646,0.175651,1.166167,7.636785,1.595059,0.954346,1.719445,17.777252,44.369075,1.280505,0.015905,0.001192
ADM,2024-12-31,0.067555,0.024225,0.021045,0.04796,0.014346,0.081198,0.033789,0.050569,0.088831,22.8074,0.479987,1.851918,33.458288,12.091984,0.579929,40.424873,0.043845,0.52048,0.216591,2.327157,4.194051,1.39021,0.80981,1.605564,18.674672,47.174653,1.55,0.018274,0.000865
ADM,2025-12-31,0.062702,0.01774,0.01343,0.037972,0.052374,0.04742,0.020577,0.039094,0.056825,38.082856,0.511447,1.805891,9.7653,16.273399,0.617939,11.798601,0.026259,0.429244,0.18626,2.426181,3.050654,1.365056,0.834238,1.532173,22.334168,41.443821,5.057514,0.015548,0.001034
ADP,2022-06-30,0.426492,0.230521,0.17874,0.266761,0.154325,0.914303,0.046757,0.474567,0.491308,36.537559,6.53071,33.406383,42.317901,24.773398,6.608572,42.822436,0.027369,1.041143,0.053244,0.352366,47.448107,0.993586,,0.261595,5.203526,,1.05107,0.033543,0.012226
ADP,2023-06-30,0.447408,0.250242,0.189427,0.290925,0.201863,0.972329,0.06694,0.533336,0.571824,31.578431,5.981813,30.704627,29.633005,20.806497,6.053131,29.986305,0.031667,0.951498,0.065506,0.172799,18.519147,0.986041,,0.353381,5.984915,,1.233177,0.031734,0.012236
ADP,2024-06-30,0.454412,0.257621,0.19539,0.301813,0.187173,0.825051,0.069018,0.505316,0.563812,28.716846,5.610991,23.692851,29.977633,18.812583,5.677888,30.335041,0.034823,0.730033,0.061069,0.013441,14.481738,1.01026,,0.353231,5.601365,,1.108102,0.02934,0.012681
ADP,2025-06-30,0.460272,0.263213,0.19842,0.308761,0.213643,0.659292,0.076443,0.278453,0.476884,26.410179,5.240316,17.412025,24.528333,17.174438,5.302793,24.820772,0.037864,1.464997,0.169862,0.850041,12.64751,1.047819,,0.385257,5.744712,,1.2108,0.026604,0.012942
ADP,2026-06-30,0.464164,0.263311,0.201094,0.308715,0.217616,0.731778,0.069841,0.40481,0.470034,24.412735,4.909265,17.864705,22.559328,16.091831,4.967796,22.828292,0.040962,0.873922,0.083408,0.108331,13.476159,1.050699,,0.347306,6.233109,,1.232854,0.030304,0.011054
ADSK,2023-01-31,0.904096,0.197602,0.164436,0.233167,0.404595,0.718777,0.087201,0.251141,0.187017,55.094226,9.05945,39.600479,22.391382,38.468337,8.96954,22.16916,0.018151,2.328384,0.282475,0.286204,14.323944,0.83525,,0.530303,5.208117,,2.516403,0.009191,0.131269
ADSK,2024-01-31,0.90704,0.205203,0.164817,0.230489,0.227761,0.48841,0.091404,0.217352,0.202841,50.046962,8.248599,24.443422,36.216093,35.432162,8.166736,35.856669,0.019981,1.415633,0.264931,0.309392,,0.82257,,0.55458,6.275114,,1.449227,0.011097,0.127888
ADSK,2025-01-31,0.905725,0.223291,0.181373,0.25265,0.245474,0.424266,0.102649,0.224113,0.240936,40.775673,7.39562,17.299713,30.127939,28.981633,7.322223,29.828936,0.024524,0.976345,0.236223,0.444158,,0.675985,,0.565956,6.082341,,1.445144,0.016637,0.111401
ADSK,2026-01-31,0.909797,0.248959,0.155981,0.27602,0.329725,0.36913,0.090158,0.227555,0.26941,40.340345,6.292332,14.89082,19.083564,22.570412,6.229885,18.894171,0.024789,0.897865,0.219299,0.117647,,0.850895,,0.578006,5.007644,,2.181495,0.010547,0.109353
AEE,2022-12-31,0.420133,0.190398,0.134975,0.399522,-0.14038,0.102208,0.028335,0.050874,0.050408,26.351666,3.556829,2.693347,-25.337233,15.799523,6.312264,-44.965697,0.037948,1.436525,0.398243,4.745203,3.582305,0.792632,0.594474,0.209925,13.261667,-11.39774,2.107076,0.424783,0.003016
AEE,2023-12-31,0.462267,0.207733,0.1536,0.454133,-0.160933,0.101507,0.028215,0.048294,0.050847,24.567438,3.773559,2.493761,-23.447961,14.746531,6.696891,-41.612828,0.040704,1.454401,0.404262,4.838814,3.367491,0.652018,0.432885,0.183688,15.182186,-12.431516,2.225694,0.5028,0.003467
AEE,2024-12-31,0.479208,0.198872,0.155057,0.464122,-0.216057,0.097573,0.026503,0.04595,0.046935,23.943899,3.712671,2.336279,-17.183782,14.196349,6.588834,-30.495862,0.041764,1.545485,0.419795,5.289712,2.915535,0.663346,0.440082,0.170927,14.52,-2.168304,2.337563,0.578512,0.003673
AEE,2025-12-31,0.474031,0.230253,0.165473,0.459257,-0.093306,0.108649,0.030035,0.055775,0.053243,19.437973,3.216467,2.111909,-34.472215,12.429271,5.708226,-61.177447,0.051446,1.47974,0.409068,4.903984,3.05799,0.65805,0.459944,0.181513,13.231579,-10.271004,2.302885,0.474372,0.003182
AEP,2022-12-31,0.574974,0.192393,0.117478,0.361628,-0.075582,0.096562,0.024701,0.058174,0.047625,28.314704,3.326342,2.734131,-44.009489,16.820096,6.082624,-80.476748,0.035317,1.7402,0.445159,5.688913,2.733687,0.51073,0.408954,0.210266,17.150904,-36.463821,2.291956,0.344836,
AEP,2023-12-31,0.58624,0.196765,0.116321,0.379465,-0.131388,0.087457,0.022837,0.053386,0.047191,29.586814,3.44156,2.587573,-26.19394,16.584713,6.293314,-47.898831,0.033799,1.727295,0.451042,5.920214,2.222468,0.525061,0.362806,0.19633,18.430916,12.693293,2.269928,0.395427,
AEP,2024-12-31,0.631814,0.225496,0.150449,0.410679,-0.049034,0.110117,0.028784,0.061669,0.052249,22.018094,3.312595,2.424573,-67.557069,14.74993,6.057486,-123.536385,0.045417,1.698449,0.443965,5.551797,2.526033,0.445,0.313168,0.191321,17.928182,-26.038871,2.293225,0.394047,
AEP,2025-12-31,0.610075,0.24616,0.16365,0.422335,-0.074922,0.114972,0.031277,0.065007,0.056849,18.247957,2.986272,2.098005,-39.858258,12.929937,5.460765,-72.885713,0.054801,1.589954,0.432535,5.263881,2.838105,0.454559,0.332732,0.191124,18.761578,-57.867152,1.939665,0.392348,
AES,2022-12-31,0.20195,0.185543,-0.043275,0.160101,-0.145518,-0.224046,-0.014232,0.093278,0.029744,-19.377831,0.838575,4.341525,-5.762688,24.530839,3.927423,-26.989267,-0.051605,9.642183,0.612517,10.952475,0.848702,1.177477,1.014944,0.328885,7.013341,3.577587,-4.972527,0.360704,
AES,2023-12-31,0.197663,0.177534,0.019656,0.202873,-0.370224,0.10008,0.005558,0.0,0.040578,42.491147,0.835199,4.25253,-2.255927,19.281048,3.911611,-10.565521,0.023534,10.803055,0.599969,9.903502,1.078848,0.68328,0.610112,0.282774,8.921127,-47.463001,12.184739,0.609725,
AES,2024-12-31,0.188467,0.165011,0.136749,0.29671,-0.377912,0.460757,0.035417,0.057936,0.061259,6.301546,0.861728,2.903484,-2.280236,13.602057,4.03586,-10.679374,0.158691,7.963227,0.612117,7.547077,1.60202,0.79699,0.727803,0.258997,7.459295,-23.525612,1.639071,0.602052,
AES,2025-12-31,0.180741,0.16104,0.074389,0.240252,-0.132674,0.223972,0.017578,0.058009,0.034245,11.626699,0.864898,2.60406,-6.518975,16.860257,4.050707,-30.531296,0.086009,7.358356,0.577519,9.70228,1.053305,0.765662,0.693594,0.236304,7.268568,-22.040816,4.731868,0.484673,
AFL,2022-12-31,,,0.230693,,0.202548,0.219364,0.033536,,,13.200829,3.045338,2.895793,15.035129,,3.423438,16.901848,0.075753,0.369513,0.056491,,22.544248,,,0.145372,29.599691,,0.877999,,
AFL,2023-12-31,,,0.24728,,0.169312,0.211917,0.036765,,,12.517979,3.095444,2.652775,18.282528,,3.479766,20.552435,0.079885,0.334956,0.058111,,27.984615,,,0.148677,22.21816,,0.684696,,
AFL,2024-12-31,,,0.284557,,0.14152,0.20856,0.046297,,,10.714912,3.049,2.234702,21.544612,,3.427555,24.21953,0.093328,0.287302,0.063777,,33.573604,,,0.1627,24.554557,,0.497336,,
AFL,2025-12-31,,,0.210084,,0.14722,0.123635,0.031304,,,15.995958,3.360488,1.977662,22.826327,,3.777716,25.660379,0.062516,0.285148,0.072199,,21.604545,,,0.149008,20.784431,,0.700768,,
AIG,2022-12-31,,,0.341184,,0.137915,0.249622,0.019583,,,3.851525,1.31408,0.961424,9.528192,,1.269109,9.202115,0.259637,0.663388,0.052044,,7.25539,,,0.057398,2.26346,,0.404224,,
AIG,2023-12-31,,,0.130396,,0.223459,0.080329,0.006755,,,10.812392,1.409891,0.868549,6.309394,,1.361642,6.093472,0.092486,0.233865,0.019666,,6.556202,,,0.051804,2.80305,,1.713698,,
AIG,2024-12-31,,,-0.051485,,0.120022,-0.033019,-0.008703,,,-28.055231,1.444428,0.926355,12.034691,,1.394996,11.622836,-0.035644,0.209826,0.055306,,9.376623,,,0.169041,2.606327,,-2.331197,,
AIG,2025-12-31,,,0.115635,,0.123777,0.075257,0.0192,,,12.722721,1.471186,0.957475,11.885801,,1.420839,11.479041,0.0786,0.223413,0.056997,,10.795455,,,0.166036,2.564314,,1.070413,,
AIZ,2022-12-31,,,0.027136,,0.040283,0.06541,0.008352,,,50.327719,1.365707,3.291945,33.903184,,1.382797,34.32744,0.01987,0.503677,0.064314,,4.23084,,,0.307785,1.095515,,2.15799,0.018277,0.006141
AIZ,2023-12-31,,,0.057719,,0.084049,0.13359,0.019102,,,21.666377,1.250552,2.894406,14.878845,,1.266201,15.065035,0.046154,0.432561,0.061852,,8.47037,,,0.330951,1.258519,,1.771362,0.018191,0.006747
AIZ,2024-12-31,,,0.064003,,0.093572,0.148863,0.021707,,,18.311822,1.172018,2.725958,12.525326,,1.186685,12.682065,0.05461,0.407915,0.059482,,9.666355,,,0.339158,1.24321,,1.753091,0.018632,0.006828
AIZ,2025-12-31,,,0.068104,,0.124736,0.148631,0.024048,,,15.95124,1.086337,2.370844,8.709114,,1.099931,8.818097,0.062691,0.37586,0.060814,,10.912489,,,0.353112,1.526602,,2.101409,0.018378,0.006688
AJG,2022-12-31,0.420719,0.194945,0.130307,0.255362,0.141195,0.121856,0.029047,0.091875,0.093062,55.096516,7.179442,6.713826,50.847791,33.949498,8.669418,61.400421,0.01815,0.701595,0.167241,2.46224,6.165434,1.044361,,0.222913,2.93724,,1.247532,0.021367,0.002854
AJG,2023-12-31,0.421565,0.18467,0.096307,0.216342,0.182486,0.090021,0.018793,0.080909,0.072113,63.287152,6.09497,5.697153,33.39964,34.019609,7.359882,40.33119,0.015801,0.771876,0.161137,3.2095,4.989899,1.033845,,0.195134,2.659906,,2.094845,0.019261,0.003078
AJG,2024-12-31,0.422241,0.19749,0.126612,0.268196,0.211251,0.072591,0.022769,0.053745,0.064466,41.960723,5.312725,3.045973,25.14893,23.920209,6.415295,30.36818,0.023832,0.669098,0.209867,,5.92126,1.507621,,0.17983,2.965862,,1.76555,0.012289,0.003635
AJG,2025-12-31,0.425764,0.183331,0.107158,0.260508,0.12803,0.064062,0.021142,0.056578,0.0658,41.090052,4.403137,2.632329,34.391338,20.409892,5.316936,41.528699,0.024337,0.578234,0.19083,3.186674,3.928013,1.05649,,0.197297,2.694106,,1.291834,0.0104,0.003515
AKAM,2022-12-31,0.617376,0.196602,0.144795,0.348901,0.225726,0.120103,0.063067,0.086395,0.089398,28.684481,4.153358,3.445095,18.399973,16.646043,5.807816,25.729457,0.034862,0.728092,0.382327,1.381239,60.300919,2.405225,,0.435563,7.378487,,2.434111,0.12672,0.060051
AKAM,2023-12-31,0.603595,0.184531,0.143662,0.325561,0.162228,0.119123,0.055316,0.072369,0.073945,27.429628,3.940602,3.267512,24.290563,16.925589,5.51031,33.966516,0.036457,0.986693,0.458178,2.456673,37.847196,2.158819,,0.385041,7.384937,,2.462322,0.191515,0.086168
AKAM,2024-12-31,0.593905,0.159441,0.126509,0.316333,0.208937,0.103502,0.048696,0.064975,0.074193,29.7499,3.763625,3.079164,18.013176,16.636985,5.262835,25.188582,0.033614,0.950034,0.446977,2.398422,22.647417,1.232759,,0.384921,7.842304,,3.008748,0.171696,0.098562
AKAM,2025-12-31,0.589486,0.149291,0.107417,0.31885,0.166168,0.090817,0.039377,0.051903,0.060232,33.230597,3.569543,3.01791,21.481498,15.654532,4.991442,30.038482,0.030093,1.140238,0.494387,2.366361,20.584674,2.36345,,0.366577,7.281663,,3.359869,0.19474,0.109169
ALB,2022-12-31,0.42002,0.338583,0.367456,0.39033,0.088278,0.336959,0.174025,0.185777,0.201047,4.865739,1.787945,1.639553,20.253607,5.581918,2.178792,24.68107,0.205519,0.415448,0.214561,0.601261,20.788441,1.892334,1.134939,0.473593,6.146338,61.450888,0.709286,0.172354,0.004163
ALB,2023-12-31,0.123311,0.019775,0.163611,0.082431,-0.086091,0.167174,0.08612,0.0,0.024664,8.317853,1.360889,1.390532,-15.807476,20.118449,1.65838,-19.263008,0.120223,0.454777,0.23428,4.133518,3.125732,1.465237,0.858212,0.526374,7.927399,49.213573,0.843091,0.22403,0.0038
ALB,2024-12-31,0.01163,-0.119428,-0.219329,-0.187738,-0.184593,-0.118401,-0.07101,-0.057125,-0.109143,-11.096658,2.433822,1.31385,-13.18481,-15.797828,2.965859,-16.067026,-0.090117,0.362965,0.217685,-2.30191,-9.649895,1.953894,1.189816,0.323759,7.245377,88.74112,-0.583218,0.31251,0.005977
ALB,2025-12-31,0.130032,0.013084,-0.099291,0.061107,0.134649,-0.053562,-0.031185,0.006413,-0.023629,-25.631069,2.544939,1.372856,18.900483,50.751557,3.101266,23.032151,-0.039015,0.345801,0.201332,5.013556,-1.658658,2.229166,1.573303,0.314075,8.665064,63.802995,-2.511157,0.114686,0.007831
ALGN,2022-12-31,0.70523,0.17513,0.096816,0.208813,0.074126,0.100399,0.06079,0.109615,0.162615,29.001593,2.807823,2.911733,37.879267,12.187668,2.544946,34.332893,0.034481,0.035239,0.021336,,,1.258844,1.08295,0.627886,4.34419,153.940083,1.572938,0.07816,0.035711
ALGN,2023-12-31,0.70085,0.170018,0.115231,0.206888,0.157436,0.122588,0.073153,0.125541,0.163458,23.561673,2.715041,2.888369,17.245326,11.894605,2.46085,15.630766,0.042442,0.034877,0.020812,,,1.183879,1.040213,0.634835,4.275135,143.43417,1.765578,0.046013,0.03988
ALGN,2024-12-31,0.699963,0.167982,0.105367,0.20425,0.155701,0.109388,0.067802,0.12067,0.160841,24.886423,2.622196,2.722283,16.841205,11.636223,2.376698,15.264479,0.040183,0.030965,0.019193,,,1.222968,1.098196,0.643487,4.016343,135.168971,1.752011,0.028902,0.043436
ALGN,2025-12-31,0.67188,0.14506,0.101699,0.203904,0.121631,0.101343,0.065828,0.101347,0.135687,25.554204,2.598832,2.589729,21.366469,11.552085,2.355521,19.366075,0.039133,0.028264,0.018359,,,1.362782,1.244896,0.647283,3.662299,128.582109,1.445648,0.025389,0.046065
ALL,2022-12-31,,,-0.025466,,0.092874,-0.073708,-0.013155,,,-49.008147,1.248029,3.612277,13.437886,,1.322372,14.238354,-0.020405,0.455398,0.081274,,-4.462687,,,0.516558,2.694687,,-3.972847,0.008298,
ALL,2023-12-31,,,-0.003322,,0.069993,-0.01058,-0.001819,,,-336.018628,1.116282,3.554952,15.948372,,1.182776,16.898385,-0.002976,0.446933,0.076837,,0.081794,,,0.547503,3.001697,,-22.489362,0.004718,
ALL,2024-12-31,,,0.073479,,0.137306,0.217657,0.041813,,,13.535784,0.994592,2.946157,7.243608,,1.053838,7.675095,0.073878,0.377064,0.072435,,15.4025,,,0.569044,3.250845,,1.913649,0.003306,
ALL,2025-12-31,,,0.153305,,0.147341,0.335903,0.085856,,,6.143892,0.941888,2.063754,6.392583,,0.997995,6.773376,0.162763,0.244691,0.062543,,33.972431,,,0.560038,3.357647,,0.983272,0.003399,
ALLE,2022-12-31,0.404169,0.179223,0.13998,0.210367,0.120878,0.486303,0.114752,0.172034,0.179584,28.273803,3.957762,13.74963,32.74185,21.576495,4.538984,37.550194,0.035368,2.223933,0.52478,2.624582,7.778656,1.726265,1.04548,0.819779,8.270728,81.258756,1.003275,0.019561,0.007488
ALLE,2023-12-31,0.433193,0.196094,0.148022,0.225129,0.141448,0.409922,0.125339,0.188117,0.219785,23.962623,3.547004,9.822803,25.076301,18.069232,4.067903,28.758911,0.041732,1.528484,0.467355,1.882102,7.629431,1.260443,0.854311,0.846759,8.843992,72.89735,1.111399,0.023063,0.007231
ALLE,2024-12-31,0.442315,0.206961,0.158396,0.243836,0.154525,0.398148,0.133139,0.190711,0.211243,21.672639,3.432851,8.628908,22.215477,16.146012,3.936987,25.477958,0.046141,1.332378,0.445541,1.626114,7.85098,2.040895,1.433922,0.840545,9.005013,69.161109,1.129707,0.024415,0.007476
ALLE,2025-12-31,0.451971,0.21132,0.158287,0.246503,0.168588,0.311376,0.123246,0.17791,0.194571,20.114013,3.183783,6.263011,18.884937,14.812589,3.651342,21.658308,0.049717,0.95768,0.379061,1.619689,8.607921,1.842468,1.155414,0.778624,9.292438,84.179655,1.217459,0.024119,0.007327
AMAT,2022-10-31,0.465115,0.301881,0.253054,0.320768,0.178864,0.535099,0.244144,0.378667,0.404559,54.070439,13.682746,28.93305,76.498182,42.428075,13.609564,76.08903,0.018494,0.478022,0.218102,0.418571,34.328947,2.158152,1.354249,0.964791,4.249341,196.438382,0.827433,0.030522,0.016017
AMAT,2023-10-31,0.467021,0.288645,0.258551,0.31938,0.286382,0.419353,0.223112,0.310402,0.34054,51.459979,13.305035,21.57989,46.458996,41.436132,13.233873,46.210509,0.019433,0.366934,0.195223,,33.420168,2.59726,1.820673,0.862931,5.133979,180.778323,1.268961,0.041709,0.018479
AMAT,2024-10-31,0.474573,0.289483,0.264093,0.323484,0.2755,0.377717,0.208579,0.274181,0.323773,49.158369,12.982397,18.56795,47.122962,39.918394,12.91296,46.870924,0.020342,0.347666,0.191985,,34.004049,2.505905,1.86573,0.789793,5.192205,168.737006,1.209001,0.043789,0.021232
AMAT,2025-10-31,0.486746,0.298576,0.246686,0.351629,0.20086,0.342787,0.192788,0.237055,0.337102,50.415778,12.436887,17.281882,61.918149,35.180211,12.370368,61.586979,0.019835,0.345334,0.19422,,35.464684,2.610451,1.870984,0.781509,5.471167,165.408773,1.137182,0.079667,0.023548
AMCR,2022-06-30,0.193894,0.101279,0.055349,0.130569,0.068688,0.197207,0.046195,0.101842,0.103384,24.064951,1.331978,4.745783,19.391678,17.583741,2.295897,33.424949,0.041554,1.710681,0.400723,3.009479,8.012579,1.146972,0.669018,0.834615,7.516279,28.823118,1.895652,0.036235,0.004332
AMCR,2023-06-30,0.18545,0.095549,0.071322,0.144753,0.05002,0.260308,0.061636,0.11023,0.123014,18.485006,1.318381,4.811795,26.356852,15.698883,2.27246,45.430645,0.054098,1.790611,0.423984,2.847673,5.313793,1.18588,0.691466,0.8642,7.8368,32.028805,1.203244,0.035797,0.003675
AMCR,2024-06-30,0.198827,0.096114,0.053519,0.13563,0.060777,0.188096,0.044178,0.101644,0.10234,26.537378,1.420256,4.991571,23.368258,18.049472,2.448059,40.279281,0.037683,1.851842,0.434943,3.303243,3.606322,1.165219,0.688571,0.825466,7.388949,31.061253,1.809589,0.03607,0.002346
AMCR,2025-06-30,0.18882,0.087681,0.034046,0.117796,0.053968,0.043571,0.013786,0.040373,0.034775,37.91054,1.290711,1.651798,23.916402,18.886609,2.224767,41.224104,0.026378,1.279673,0.404899,7.506222,2.641414,1.207099,0.710319,0.404926,4.380911,82.746401,2.720157,0.038643,0.00493
AMCR,2026-06-30,0.199524,0.093465,0.047052,0.146218,0.052285,0.093808,0.029815,0.073127,0.066015,17.515629,0.824142,1.643112,15.762641,9.715311,1.420553,27.16967,0.057092,1.260729,0.400701,3.7524,2.89645,1.254338,0.760457,0.63367,6.459467,49.736175,1.944846,0.039224,0.003531
AMD,2022-12-31,0.449261,0.053557,0.05593,0.234482,0.131986,0.02411,0.019532,0.022091,0.020781,692.342561,38.722604,16.692095,293.384327,163.544851,38.348257,290.54806,0.001444,0.052292,0.042365,,14.454545,2.358141,1.766054,0.349231,5.720068,99.698261,2.700758,0.019067,0.045803
AMD,2023-12-31,0.461199,0.017681,0.037654,0.178616,0.049427,0.015279,0.01258,0.006871,0.009772,1070.131358,40.29507,16.351037,815.247261,223.415751,39.905521,807.365929,0.000934,0.053729,0.044237,,5.641509,2.506802,1.856331,0.334094,5.246357,138.151468,1.951991,0.024074,0.061023
AMD,2024-12-31,0.493504,0.0809,0.063642,0.199535,0.093271,0.028505,0.023705,0.028444,0.033594,556.911749,35.442784,15.875003,379.996748,175.91005,35.100144,376.323163,0.001796,0.038424,0.031953,,22.619565,2.616262,1.828732,0.372476,4.164244,178.984804,1.853138,0.024666,0.054567
AMD,2025-12-31,0.495164,0.106643,0.125148,0.210023,0.194434,0.068811,0.056353,0.055783,0.063301,210.817112,26.38333,14.506455,135.692974,124.406489,26.128272,134.381174,0.004743,0.061064,0.050009,,32.603053,2.850026,2.012374,0.45029,5.485194,170.718157,1.778316,0.028119,0.047288
AME,2022-12-31,0.348794,0.243994,0.188527,0.297748,0.164273,0.155091,0.093277,0.123508,0.139127,46.985483,8.85804,7.28704,53.922572,30.741542,9.153218,55.719441,0.021283,0.325202,0.195588,1.113753,18.174669,1.616197,0.948582,0.494769,6.690195,104.419314,0.99123,0.0226,0.007703
AME,2023-12-31,0.36145,0.258826,0.19906,0.307088,0.242392,0.150419,0.087409,0.115895,0.139051,41.488074,8.258611,6.240601,34.07132,27.789488,8.533813,35.206683,0.024103,0.386521,0.224608,1.433252,20.639489,0.979912,0.587044,0.439108,6.512727,109.408641,1.321438,0.020653,0.007003
AME,2024-12-31,0.356779,0.256377,0.198255,0.310816,0.245171,0.142525,0.094054,0.125596,0.141591,39.590648,7.849046,5.642665,32.014635,26.094563,8.110601,33.081463,0.025258,0.221066,0.145884,0.790628,15.708831,1.240374,0.753516,0.47441,7.315515,90.63769,1.328985,0.018307,0.006896
AME,2025-12-31,0.36041,0.258112,0.199989,0.311088,0.225846,0.139258,0.09212,0.12177,0.142126,36.808388,7.361274,5.125857,32.594168,24.451535,7.606574,33.680308,0.027168,0.220575,0.145912,0.792808,23.132313,1.062295,0.673093,0.460625,6.612526,92.861608,1.217291,0.017598,0.006454
AMGN,2022-12-31,0.756639,0.363408,0.248908,0.462295,0.333739,1.789675,0.100613,0.200255,0.177044,31.821539,7.920629,56.950211,23.733036,20.692721,9.566148,28.6636,0.031425,10.637804,0.598041,2.573424,6.224751,1.414292,1.100019,0.404217,4.731799,268.469238,1.483669,0.035558,0.015234
AMGN,2023-12-31,0.700213,0.280135,0.238276,0.525044,0.26105,1.077824,0.069138,0.09532,0.136233,31.039858,7.396053,33.455508,28.331937,17.013021,8.932591,34.217927,0.032217,10.36794,0.665058,3.626039,3.732174,1.649195,1.131688,0.290158,3.878646,436.516551,1.261128,0.039447,0.015289
AMGN,2024-12-31,0.615306,0.217149,0.122367,0.399593,0.310974,0.695933,0.044534,0.097622,0.112947,50.976705,6.237875,35.476386,20.059142,18.853678,7.5338,24.22645,0.019617,10.226136,0.654395,3.603324,2.460856,1.256764,0.953808,0.363941,4.92834,218.551265,2.809291,0.032791,0.015857
AMGN,2025-12-31,0.672471,0.247068,0.209817,0.459797,0.220402,0.890621,0.085124,0.123302,0.180208,27.03861,5.673171,24.081165,25.740089,14.901747,6.851779,31.087621,0.036984,6.306768,0.602786,2.691147,4.258076,1.139982,0.895759,0.405703,3.84023,212.033184,1.291402,0.050556,0.013442
AMP,2022-12-31,,,0.220858,,0.296325,0.828031,0.019823,,,15.269108,3.372312,12.643287,11.380454,,2.951706,9.961046,0.065492,1.415987,0.033899,,20.853535,,,0.089757,0.914267,,1.399492,0.012765,0.011923
AMP,2023-12-31,,,0.164532,,0.289733,0.540495,0.01459,,,18.811588,3.095103,10.167566,10.682608,,2.709071,9.350238,0.053159,1.216959,0.03285,,10.981481,,,0.088675,1.030309,,1.832942,0.011844,0.012037
AMP,2024-12-31,,,0.197,,0.371814,0.650536,0.018748,,,14.13773,2.785126,9.197096,7.49064,,2.437756,6.556383,0.070733,1.046672,0.030165,,13.969605,,,0.095169,1.192924,,1.939136,0.010195,0.011179
AMP,2025-12-31,,,0.192803,,0.441613,0.544053,0.018664,,,13.494926,2.601863,7.341948,5.891731,,2.27735,5.156895,0.074102,0.895098,0.030707,,14.815951,,,0.096803,1.238606,,2.335953,0.008766,0.011147
AMT,2022-12-31,0.733635,0.303015,0.183072,0.68189,0.188961,0.316883,0.026279,0.062489,0.054719,45.909916,8.404807,14.548081,44.479167,19.88991,13.562727,71.775444,0.021782,8.443579,0.700221,5.571118,2.836268,0.435797,,0.143544,12.719768,,2.093216,0.194248,0.017552
AMT,2023-12-31,0.744162,0.353249,0.148149,0.599668,0.292074,0.353318,0.022465,0.077369,0.049636,54.65363,8.096895,19.310116,27.722097,21.788462,13.065852,44.734783,0.018297,11.030203,0.701328,6.170486,2.101642,0.511774,,0.151637,18.287123,,3.183712,0.179591,0.019546
AMT,2024-12-31,0.745794,0.454519,0.222668,0.706424,0.365402,0.666726,0.03692,0.103747,0.093132,35.950212,8.00495,23.968934,21.907237,18.285728,12.917482,35.351419,0.027816,12.995713,0.719646,4.822717,3.580847,0.449262,,0.165809,18.754074,,2.34612,0.157003,0.020104
AMT,2025-12-31,0.741832,0.46307,0.237632,0.60549,0.355448,0.692539,0.04003,0.10413,0.078249,32.048914,7.615855,22.195135,21.426083,20.296954,12.289605,34.574988,0.031202,12.310445,0.711562,5.546065,3.23937,0.396569,,0.168453,16.368753,,2.160111,0.157864,0.016365
AMZN,2022-12-31,0.438053,0.02383,-0.005296,0.074617,-0.032867,-0.018638,-0.005883,0.026315,-0.011615,-1005.362111,5.324292,18.738287,-161.995836,74.709078,5.574586,-169.611234,-0.000995,0.95943,0.302843,0.345797,-1.507816,0.944644,0.723237,1.110894,12.133687,-27.032049,-17.175606,0.123827,0.038174
AMZN,2023-12-31,0.469821,0.064114,0.052933,0.15554,0.056051,0.150712,0.057639,0.114784,0.112248,89.945626,4.761077,13.555892,84.942598,32.048976,4.984894,88.935735,0.011118,0.671757,0.25691,,12.802954,1.045077,0.843048,1.088909,11.000038,-28.697463,2.79198,0.091737,0.041795
AMZN,2024-12-31,0.488544,0.107519,0.092871,0.19408,0.051536,0.207183,0.094813,0.175228,0.15943,46.188828,4.289611,9.56952,83.234858,23.14132,4.491264,87.147715,0.02165,0.45774,0.209476,,29.517872,1.063735,0.873054,1.020908,11.504914,-35.559724,1.955796,0.130101,0.034502
AMZN,2025-12-31,0.502857,0.111553,0.108338,0.230626,0.010733,0.188948,0.094946,0.134858,0.165965,35.233625,3.817135,6.657331,355.632965,17.329293,3.996578,372.351211,0.028382,0.372172,0.187016,,43.792876,1.050815,0.875017,0.87639,10.585185,-51.11538,1.796241,0.183867,0.027154
ANET,2022-12-31,0.610707,0.34855,0.308685,0.362861,0.102291,0.27681,0.199611,0.26724,0.278573,185.941318,57.397352,51.470499,561.117773,149.787006,54.351845,531.344831,0.005378,0.008998,0.006489,,,4.29116,3.294117,0.646649,4.746321,303.127477,0.364386,0.01019,0.052709
ANET,2023-12-31,0.619484,0.385192,0.356182,0.397239,0.341217,0.289137,0.209639,0.269476,0.280857,120.478892,42.912459,34.834954,125.762948,102.294893,40.635521,119.089959,0.0083,,,,,4.376321,3.362908,0.588572,5.665324,311.610384,0.974465,0.00587,0.050647
ANET,2024-12-31,0.64133,0.420471,0.407262,0.429324,0.524939,0.285358,0.203085,0.257348,0.260315,88.172081,35.909182,25.160643,68.406396,79.20318,34.003838,64.776748,0.011341,,,,,4.359454,3.68798,0.498658,6.140377,270.656674,1.300165,0.004569,0.050749
ANET,2025-12-31,0.640561,0.428184,0.389909,0.436246,0.47219,0.283853,0.180548,0.257563,0.274024,71.616902,27.924047,20.328652,59.137332,60.613506,26.442396,55.999502,0.013963,,,,,3.047894,2.629945,0.463051,4.772749,256.371116,1.245059,0.013269,0.048769
AON,2022-12-31,0.480968,0.294014,0.207469,0.306595,0.242247,-4.89414,0.079165,0.300371,0.287304,24.222776,5.025464,-118.549653,20.745209,20.282739,6.218588,25.670446,0.041283,-22.073724,0.357051,2.634605,8.773399,1.020536,,0.381574,4.111697,,1.243337,0.015706,0.031813
AON,2023-12-31,0.484001,0.293062,0.191687,0.29224,0.237964,-3.104116,0.075503,0.31339,0.296799,24.458957,4.688454,-75.923446,19.702409,19.852075,5.801567,24.380069,0.040885,-14.566586,0.35431,2.665899,7.547521,1.002448,,0.393887,4.110633,,1.339704,0.01884,0.032745
AON,2024-12-31,0.472353,0.269079,0.169066,0.314435,0.17945,0.433589,0.054202,0.143436,0.16365,23.629528,3.994953,10.24551,22.262253,15.721588,4.943417,27.54766,0.04232,2.923052,0.365404,3.227512,5.393401,1.019004,,0.320596,4.127794,,1.143557,0.013887,0.030195
AON,2025-12-31,0.477039,0.274082,0.215063,0.380653,0.1873,0.395103,0.072759,0.150831,0.202264,16.972332,3.650123,6.705813,19.488119,11.865712,4.51672,24.114903,0.058919,1.718456,0.316458,2.14893,6.839264,1.109705,,0.338315,4.081967,,0.942084,0.015308,0.025144
AOS,2022-12-31,0.354192,0.175471,0.062788,0.082581,0.085538,0.134863,0.070732,0.314836,0.097202,32.838327,2.061854,4.428674,24.10462,26.567398,2.193956,25.648998,0.030452,0.209933,0.110104,,24.797872,1.748769,1.195997,1.126519,6.458878,40.040215,1.660585,0.018727,0.002957
AOS,2023-12-31,0.385382,0.196584,0.144466,0.213819,0.155134,0.301778,0.173185,0.291493,0.328617,13.905845,2.008927,4.196483,12.94963,9.997443,2.137638,13.779309,0.071912,0.084147,0.04829,,62.125,1.587115,1.060933,1.198793,6.46443,40.586565,1.204276,0.018843,0.002985
AOS,2024-12-31,0.381368,0.187737,0.139755,0.205993,0.124093,0.283302,0.164691,0.262737,0.302074,14.505235,2.027185,4.109367,16.335993,10.471574,2.157066,17.382637,0.068941,0.115052,0.066883,,105.626866,1.552497,0.959429,1.178426,7.052272,43.00997,1.09033,0.028286,0.003902
AOS,2025-12-31,0.388335,0.190068,0.142604,0.212443,0.142551,0.293972,0.173794,0.276231,0.319519,14.170622,2.020781,4.165766,14.175812,10.121535,2.150251,15.084054,0.070569,0.103391,0.061124,,53.97037,1.497391,0.941681,1.218722,6.577709,51.626692,1.129257,0.018485,0.003603
APA,2022-12-31,0.564786,0.458871,0.325418,0.657427,0.229797,8.520095,0.274131,0.615699,0.591145,4.361896,1.419438,37.163763,6.176924,2.7579,1.813117,7.890087,0.229258,13.286052,0.427474,0.715286,19.261146,0.928669,0.782236,0.842398,7.55457,22.265332,1.371532,0.216524,
APA,2023-12-31,0.510569,0.405605,0.344848,0.573741,0.093248,1.07533,0.187287,0.428152,0.25,5.506225,1.898813,5.921006,20.363046,4.227426,2.425446,26.010714,0.181613,1.99774,0.34794,1.073895,9.816514,1.024126,0.835691,0.543099,5.142236,52.514605,1.095972,0.284696,
APA,2024-12-31,0.44182,0.328541,0.082572,0.428674,0.072815,0.152273,0.041465,0.205754,0.116094,19.552577,1.614488,2.977324,22.172457,4.810798,2.062265,28.321962,0.051144,1.167045,0.317793,1.298275,5.115282,1.151946,1.008122,0.502166,4.970393,19.776143,4.502488,0.298963,
APA,2025-12-31,0.405605,0.308296,0.160762,0.602354,0.199439,0.235352,0.080739,0.157486,0.202041,10.962533,1.762362,2.580054,8.836578,3.737255,2.251151,11.287393,0.09122,0.753323,0.258431,0.740182,11.039568,0.824971,0.688448,0.502224,8.399247,7.658466,3.169456,0.31009,
APD,2022-09-30,0.264604,0.189982,0.177665,0.332391,0.023916,0.171645,0.082967,0.094951,0.121496,28.049632,4.983445,4.814575,208.372651,19.727209,6.557146,274.173778,0.035651,0.633513,0.306219,1.168898,22.521094,1.812828,1.664464,0.466987,7.076794,27.871665,1.431763,0.230458,0.003811
APD,2023-09-30,0.298968,0.217397,0.182556,0.350651,-0.112706,0.160708,0.071876,0.089988,0.108867,27.511857,5.022442,4.42138,-44.562196,18.846267,6.608458,-58.634305,0.036348,0.770745,0.344711,1.966593,17.238873,1.334899,1.167591,0.393719,7.410021,26.071669,1.393922,0.367175,0.004754
APD,2024-09-30,0.324934,0.243583,0.316364,0.536428,-0.260318,0.224706,0.096734,0.075799,0.142393,16.530686,5.229722,3.714541,-20.08977,12.827807,6.881194,-26.433834,0.060494,0.880821,0.379185,1.732865,23.034735,1.522394,1.339123,0.305767,6.642841,24.311871,0.952589,0.561683,0.005107
APD,2025-09-30,0.314132,0.240004,-0.032773,0.111113,-0.312844,-0.026256,-0.009608,0.069395,-0.006153,-160.412608,5.257223,4.21186,-16.804603,62.255384,6.91738,-22.111258,-0.006234,1.225046,0.448281,11.844785,-1.059346,1.380979,1.196914,0.293167,6.331422,28.44809,-8.255513,0.583403,0.006347
APH,2022-12-31,0.319116,0.206552,0.150701,0.236766,0.141868,0.271153,0.124121,0.174711,0.2052,100.528695,15.149785,27.258643,106.78788,68.510869,16.221059,114.339085,0.009947,0.652503,0.298685,1.072239,20.216511,2.421098,1.638765,0.823622,4.797249,109.401065,1.143143,0.030405,0.00709
APH,2023-12-31,0.325304,0.206632,0.153568,0.23901,0.171721,0.230995,0.116662,0.162095,0.193985,99.18866,15.232203,22.912087,88.703435,68.236889,16.309305,94.975849,0.010082,0.519655,0.262447,0.953877,18.597133,2.168078,1.480699,0.759675,4.794798,111.294397,1.311566,0.029694,0.007885
APH,2024-12-31,0.337634,0.21575,0.159236,0.249719,0.14119,0.247549,0.113059,0.159636,0.186035,78.89263,12.562537,19.529793,88.975823,53.863954,13.450862,95.267498,0.012675,0.703237,0.321177,0.938891,14.879724,2.371811,1.748445,0.710007,4.629916,105.126856,1.16118,0.043711,0.007193
APH,2025-12-31,0.368816,0.258587,0.184904,0.298376,0.189572,0.318368,0.117844,0.158766,0.202775,44.78274,8.280503,14.257385,43.680075,29.714324,8.866036,46.768789,0.02233,1.155736,0.427796,0.634373,16.227569,2.979244,2.475789,0.637325,4.895953,93.656466,1.258624,0.043153,0.005863
APO,2022-12-31,0.915481,-0.398888,-0.178793,-0.318745,0.34546,-0.295331,-0.007624,-0.274544,-0.055223,-37.917029,6.779294,11.198086,19.623989,-25.885951,8.251029,23.884214,-0.026373,0.982229,0.025356,-0.444449,-18.21267,0.726259,,0.042641,,,-1.932177,0.018465,0.049234
APO,2023-12-31,0.968539,0.188273,0.154607,0.203621,0.193665,0.359371,0.016099,0.296364,0.060221,14.732573,2.277763,5.294453,11.761356,13.614756,2.772249,14.314661,0.067877,0.576189,0.025813,,22.651163,0.815953,,0.104132,,,1.252625,,0.03143
APO,2024-12-31,0.956345,0.317799,0.17527,0.33886,0.124569,0.265287,0.012112,0.269016,0.071795,16.245422,2.847335,4.309702,22.857453,10.226838,3.46547,27.819639,0.061556,0.61369,0.028018,,22.932153,0.800045,,0.069104,,,0.710728,,0.02761
APO,2025-12-31,0.954975,0.257668,0.108958,0.264532,0.226091,0.149608,0.007576,0.189194,0.054606,21.29304,2.32005,3.185609,10.261564,10.674367,2.823716,12.489275,0.046964,0.572555,0.028992,,19.045946,0.784448,,0.069528,,,2.075029,,0.024619
APP,2022-12-31,0.554122,-0.016965,-0.068421,0.182378,0.146291,-0.101303,-0.03296,-0.008787,-0.006323,-536.921792,36.73674,54.391538,251.120518,201.5578,36.759751,251.277814,-0.001862,1.723997,0.560926,4.148234,-0.19384,3.349264,,0.481726,4.008255,,-2.141539,0.000235,0.068018
APP,2023-12-31,0.806374,0.419387,0.193951,0.686363,0.541661,0.284329,0.066654,0.161061,0.17556,289.7154,56.1905,82.374543,103.737356,81.918263,56.225696,103.802335,0.003452,2.529127,0.592891,2.071606,2.833957,1.711816,,0.343664,1.930953,,2.971661,0.034694,0.197152
APP,2024-12-31,0.838522,0.592718,0.49,0.737528,0.643121,1.449591,0.269163,0.409754,0.400922,65.508408,32.099152,94.960377,49.911562,43.549902,32.119258,49.942826,0.015265,3.261655,0.605632,1.18257,6.081643,2.186526,,0.549313,2.51225,,1.328665,0.007926,0.114566
APP,2025-12-31,0.87864,0.757549,0.608272,0.79455,0.719391,1.561723,0.459221,0.638501,0.702,31.042848,18.88248,48.480317,26.247884,23.779883,18.894307,26.264325,0.032214,1.660556,0.488283,0.235582,20.094708,3.321961,,0.75496,3.012432,,1.191174,0.005167,0.038393
APTV,2022-12-31,0.150666,0.077077,0.033964,0.112699,0.023958,0.067431,0.027143,0.077427,0.071038,15.23693,0.51751,1.027442,21.600803,7.089668,0.799001,33.350206,0.06563,0.790215,0.318086,2.507357,5.520548,1.6,1.119013,0.799168,5.094378,51.743877,2.126263,0.048259,0.004917
APTV,2023-12-31,0.171513,0.088275,0.146526,0.126378,0.049374,0.254416,0.120277,0.099657,0.082675,3.080577,0.451386,0.783749,9.142158,5.514497,0.69691,14.114885,0.324614,0.587721,0.277848,1.804657,5.691228,1.715266,1.223378,0.820854,5.65454,47.279852,0.645337,0.045185,0.005735
APTV,2024-12-31,0.188251,0.103231,0.090651,0.175113,0.081976,0.203161,0.076179,0.10637,0.135756,5.064766,0.459125,1.028961,5.600703,4.048012,0.708859,8.647114,0.197442,1.010459,0.37889,1.963789,7.382789,1.525239,1.073085,0.840353,6.045078,47.834392,1.368774,0.042104,0.006087
APTV,2025-12-31,0.191097,0.098882,0.008089,0.111334,0.074958,0.017921,0.007047,0.028682,0.069656,54.852949,0.443707,0.983028,5.919383,6.15312,0.685054,9.139134,0.018231,0.879114,0.345705,2.509908,3.545706,1.736152,1.227715,0.871225,5.866552,49.032887,13.242424,0.03216,0.006814
ARE,2022-12-31,0.695986,0.238142,0.202505,0.685956,0.502446,0.027496,0.014685,0.021058,0.022597,17.583634,3.560767,0.483475,7.086865,14.490879,9.940105,19.783429,0.056871,0.556939,0.297451,5.282572,8.119741,0.58216,,0.072517,338.329393,,2.481158,,0.022414
ARE,2023-12-31,0.697733,0.242906,0.036461,0.509655,0.573641,0.005611,0.002818,0.02318,0.010216,88.506051,3.227026,0.496594,5.625512,17.675585,9.008445,15.703969,0.011299,0.63334,0.318142,7.384321,4.786777,0.390666,,0.077301,346.176592,,15.732977,,0.02915
ARE,2024-12-31,0.701852,0.252386,0.105895,0.622667,0.493334,0.018053,0.008606,0.025543,0.019583,28.402871,3.007726,0.512754,6.096731,13.484343,8.396254,17.019408,0.035208,0.712811,0.339791,6.157204,3.74827,0.40026,,0.081266,475.847402,,4.658705,,0.019554
ARE,2025-12-31,0.68674,0.188459,-0.485394,0.122387,0.480123,-0.092409,-0.041945,0.019915,-0.031036,-6.41639,3.114477,0.592931,6.486832,71.039276,8.694257,18.108398,-0.155851,0.824889,0.374425,32.879714,-4.367167,0.430579,,0.086415,441.423112,,-0.989141,,0.013961
ARES,2022-12-31,0.509534,0.100266,0.054834,0.436881,-0.251979,0.105422,0.007615,0.017868,0.053469,245.15707,13.44285,25.844987,-53.34905,35.432927,15.479961,-61.433493,0.004079,8.390328,0.606023,9.011399,2.058189,0.642823,,0.138866,25.271854,,-4.381686,0.011715,0.065585
ARES,2023-12-31,0.590654,0.22964,0.130601,0.667877,-0.082724,0.250516,0.01918,0.041882,0.104776,86.594158,11.309244,21.693188,-136.710537,19.499152,13.023031,-157.427468,0.011548,8.321516,0.637106,5.746331,2.548496,0.730896,,0.146858,28.207493,,-0.491774,0.018498,0.070477
ARES,2024-12-31,0.554223,0.243538,0.119374,0.620944,0.694928,0.130866,0.018636,0.056471,0.109655,88.5705,10.573018,11.590848,15.214541,19.607632,12.175239,17.520133,0.01129,3.710294,0.528364,4.050457,2.30364,2.809921,,0.156114,22.985918,,6.018765,0.023556,0.090829
ARES,2025-12-31,0.541974,0.159371,0.094147,0.41016,0.570346,0.123346,0.018418,0.046127,0.097156,77.885514,7.332677,9.60688,12.85655,20.586767,8.443861,14.804814,0.012839,3.326486,0.496703,5.268454,2.676821,1.184369,,0.195628,29.773104,,6.194908,0.012886,0.132206
ATO,2022-09-30,0.430507,0.219195,0.184308,0.354711,-0.349109,0.082216,0.034894,0.047659,0.051356,34.980549,6.447179,2.875953,-18.46755,24.75337,8.780282,-25.150582,0.028587,0.888622,0.377147,5.431869,9.286156,0.84597,0.73943,0.189324,16.264519,41.557022,1.262379,0.581775,0.002557
ATO,2023-09-30,0.481428,0.249604,0.207202,0.407276,0.152916,0.081496,0.039342,0.05324,0.053719,30.579105,6.336048,2.492061,41.434858,21.186964,8.628935,56.429293,0.032702,0.655277,0.316335,3.949596,8.281714,0.654867,0.447763,0.189873,21.486797,27.185409,3.90551,0.656313,0.002381
ATO,2024-09-30,0.579171,0.325402,0.250384,0.50331,-0.288913,0.085781,0.041394,0.057111,0.059462,25.974683,6.503638,2.22813,-22.510689,17.597849,8.857172,-30.65685,0.038499,0.668649,0.322659,3.607664,7.482521,0.938998,0.784364,0.165322,18.858178,-13.021123,1.662436,0.70516,0.002571
ATO,2025-09-30,0.58131,0.331714,0.254905,0.507034,-0.321502,0.088411,0.042434,0.056095,0.061357,22.59752,5.760212,1.997868,-17.916593,15.471774,7.844716,-24.400245,0.044253,0.686155,0.329333,3.687741,9.609338,0.772555,0.631773,0.166472,22.011388,-18.484254,1.709655,0.757301,0.002707
AVB,2022-12-31,0.645601,0.302798,0.438326,0.846802,0.480915,0.101015,0.055567,0.039618,0.06976,23.121016,10.134544,2.33558,21.073464,16.188469,13.708433,28.504899,0.043251,0.753431,0.41445,3.507459,6.003103,1.113995,,0.126771,,,1.250847,0.067364,0.013058
AVB,2023-12-31,0.643004,0.320198,0.335569,0.708675,0.492341,0.078825,0.044918,0.044355,0.057276,28.297465,9.495758,2.23056,19.286954,18.124502,12.844382,26.088387,0.035339,0.690387,0.393412,3.866299,5.556444,0.764462,,0.133856,,,1.679573,0.071272,0.009806
AVB,2024-12-31,0.63159,0.314285,0.37134,0.739959,0.483861,0.090611,0.051522,0.045727,0.064638,24.291625,9.020448,2.201088,18.642661,16.489359,12.201457,25.216888,0.041166,0.690936,0.392869,3.695939,5.777902,0.357874,,0.138745,,,1.486032,0.067962,0.008708
AVB,2025-12-31,0.631366,0.302479,0.34574,0.732727,0.462443,0.090541,0.047373,0.043924,0.063666,25.000826,8.643792,2.263597,18.691569,15.956797,11.691975,25.283043,0.039999,0.817628,0.427798,4.102887,5.072305,0.228831,,0.137018,,,1.589559,0.087131,0.008701
AVGO,2022-10-31,0.665452,0.430142,0.346204,0.576906,0.491281,0.506187,0.15693,0.212393,0.214073,148.507849,51.41396,75.172739,104.652876,90.970599,52.481457,106.825761,0.006734,1.740059,0.539461,1.411642,8.158319,2.623936,2.350964,0.453289,11.224814,62.977721,1.455937,0.01277,0.046171
AVGO,2023-10-31,0.689299,0.459281,0.393143,0.57383,0.492281,0.587044,0.193272,0.242923,0.255423,121.225516,47.659,71.164654,96.812665,84.77872,48.648533,98.822765,0.008249,1.635359,0.538409,1.21587,10.307645,2.81526,2.558947,0.491607,11.35669,54.704118,1.284264,0.012619,0.06061
AVGO,2024-10-31,0.630337,0.290767,0.114302,0.463005,0.37643,0.087104,0.035588,0.068991,0.093113,289.584007,33.099967,25.22382,87.931272,72.973819,33.787215,89.75697,0.003453,0.998345,0.407896,2.436409,3.508475,1.173564,1.068156,0.311353,11.678895,33.12917,3.38626,0.010626,0.111316
AVGO,2025-10-31,0.677665,0.408143,0.361983,0.543366,0.421275,0.284481,0.135167,0.178074,0.170005,73.81725,26.72058,20.999578,63.427871,50.197091,27.275374,64.74481,0.013547,0.80126,0.380707,1.410324,8.080685,1.705358,1.582748,0.373407,8.941498,53.405276,1.190738,0.009752,0.118459
AVY,2022-12-31,0.265972,0.118748,0.083756,0.152014,0.073291,0.372552,0.095227,0.158394,0.21034,16.78831,1.40613,6.254517,19.185554,11.731991,1.783427,24.333478,0.059565,1.526474,0.390177,2.135871,12.882283,0.993642,0.632938,1.136947,6.576906,37.376767,1.269317,0.033022,0.005244
AVY,2023-12-31,0.272288,0.115228,0.060137,0.132958,0.064668,0.236383,0.061268,0.129899,0.147669,25.269244,1.519605,5.973227,23.498668,14.495935,1.927349,29.8039,0.039574,1.524649,0.395174,2.723946,6.837815,1.035747,0.694684,1.018819,5.911584,40.371361,1.642147,0.034085,0.002666
AVY,2024-12-31,0.289035,0.127391,0.080508,0.15792,0.079834,0.304848,0.083875,0.150899,0.193175,18.031536,1.451675,5.496877,18.183733,11.659022,1.841193,23.062846,0.055458,1.363231,0.375074,2.04173,9.149573,1.075491,0.733808,1.041824,5.971696,39.860786,1.33182,0.027388,0.003278
AVY,2025-12-31,0.287539,0.126904,0.077692,0.156818,0.076901,0.306855,0.078167,0.139878,0.172492,18.474462,1.435315,5.668984,18.664361,11.608648,1.820443,23.672437,0.054129,1.664912,0.424111,2.542018,7.832349,1.126884,0.759157,1.006112,5.888357,45.446837,1.281105,0.02263,0.003151
AWK,2022-12-31,0.58096,0.335707,0.216245,0.55116,-0.345992,0.10659,0.02951,0.051585,0.057695,32.935694,7.12217,3.510629,-20.584809,20.501564,11.299649,-32.658741,0.030362,1.618614,0.448123,5.883732,3.327945,0.444682,0.409819,0.136467,11.353293,-3.684596,1.35122,0.638186,
AWK,2023-12-31,0.593765,0.35522,0.222957,0.557393,-0.203118,0.096356,0.031157,0.053555,0.058834,28.609395,6.378665,2.756688,-31.403801,18.156046,10.120044,-49.823568,0.034954,1.269981,0.410654,5.101271,3.6,0.645746,0.593677,0.139745,12.489676,-9.397955,1.985169,0.645725,
AWK,2024-12-31,0.60333,0.366781,0.224381,0.570026,-0.205594,0.101723,0.032013,0.054528,0.06341,25.696735,5.765856,2.613944,-28.044931,16.048041,9.147794,-44.494567,0.038915,1.36566,0.42979,5.220225,3.59847,0.385714,0.353016,0.142674,11.259615,-15.320076,1.945766,0.642186,
AWK,2025-12-31,0.607198,0.365564,0.216148,0.570233,-0.241634,0.102519,0.031347,0.055022,0.066363,24.308973,5.254332,2.492135,-21.744983,14.618993,8.336239,-34.499411,0.041137,1.468857,0.449128,5.372228,3.312195,0.461555,0.437961,0.145026,13.012658,-20.038552,1.853285,0.642218,
AXON,2022-12-31,0.611647,0.078317,0.123768,0.097789,0.151253,0.115831,0.05152,0.035837,0.041335,247.56597,30.640679,28.6757,202.578918,323.311754,31.61619,209.028443,0.004039,0.560595,0.249347,2.758944,190.518443,2.995586,2.659616,0.416265,3.314283,222.989401,1.601858,0.047005,0.089438
AXON,2023-12-31,0.612196,0.1005,0.112631,0.117493,0.083058,0.108792,0.051562,0.068407,0.061963,206.930522,23.30678,22.512474,280.609652,204.683065,24.0488,289.543449,0.004833,0.439831,0.208456,0.428465,23.453324,3.143164,2.788809,0.457794,3.779289,219.605177,1.076685,0.03821,0.084166
AXON,2024-12-31,0.596093,0.02811,0.181046,0.209854,0.158234,0.161979,0.084261,0.019234,0.13895,96.47636,17.466705,15.627192,110.385091,85.882424,18.022795,113.899432,0.010365,0.310041,0.161282,0.515861,54.748098,1.36928,1.211154,0.465412,3.8032,179.877293,1.082958,0.037831,0.183721
AXON,2025-12-31,0.596547,-0.022333,0.044848,0.07065,0.027012,0.038443,0.017807,-0.012284,0.020472,291.801983,13.086669,11.217609,484.475007,191.130849,13.503311,499.899285,0.003427,0.588919,0.272797,3.104169,1.201341,2.525633,2.293132,0.397059,3.57503,168.080539,1.695378,0.049022,0.228179
AXP,2022-12-31,,,0.142144,,0.363664,0.304075,0.032905,,,28.001002,3.980166,8.514408,10.944628,,4.232521,11.638552,0.035713,1.777387,0.192337,,,,,0.231491,,,2.805297,0.035091,0.007094
AXP,2023-12-31,,,0.138379,,0.280856,0.298464,0.032071,,,25.125332,3.476816,7.499003,12.379356,,3.697257,13.164246,0.0398,1.752112,0.188271,,,,,0.231762,,,2.216265,0.025828,0.007436
AXP,2024-12-31,,,0.153588,,0.184066,0.334688,0.037313,,,20.771994,3.190337,6.952139,17.332525,,3.392614,18.431463,0.048142,1.688111,0.1882,,,,,0.242941,,,1.387106,0.028977,0.007642
AXP,2025-12-31,,,0.149979,,0.221556,0.323624,0.036104,,,19.422092,2.912911,6.285461,13.147505,,3.097598,13.981099,0.051488,1.725488,0.192497,,,,,0.240725,,,1.701098,0.033573,0.007628
AZO,2022-08-31,0.521322,0.201248,0.149494,0.22883,0.156209,-0.68654,0.159057,0.999086,0.490048,,,,,15.980092,3.656727,23.409198,,-2.626894,0.608597,1.575077,16.575665,0.771737,0.11527,1.063973,32.1899,-66.701267,1.32167,0.041372,0.004345
AZO,2023-08-31,0.51958,0.199,0.144836,0.228193,0.122822,-0.581262,0.158166,0.835572,0.466421,,,,,14.918593,3.404322,27.717505,,-2.512651,0.683714,1.855473,10.947724,0.796469,0.119279,1.092039,33.546718,-51.665101,1.16309,0.045635,0.005332
AZO,2024-08-31,0.530931,0.204903,0.143991,0.235247,0.104456,-0.560556,0.155004,0.707104,0.449053,,,,,13.662767,3.214121,30.770087,,-2.603784,0.719992,2.006129,8.209337,0.838485,0.132145,1.076484,33.89134,-39.750912,1.128337,0.058014,0.005746
AZO,2025-08-31,0.526249,0.190623,0.131912,0.22358,0.09452,-0.731698,0.129073,0.53431,0.368153,,,,,14.035279,3.138014,33.199612,,-3.5992,0.634905,2.014009,7.438697,0.876251,0.138212,0.978476,28.260963,-27.761692,1.24781,0.070082,0.006585
BA,2022-12-31,0.052997,-0.052681,-0.07409,-0.007236,0.03438,0.31071,-0.035996,-0.085769,-0.052308,-31.742926,2.35184,-9.862831,68.406699,-385.35134,2.788544,81.108885,-0.031503,-3.606183,0.417775,-87.512448,-0.960953,1.21622,0.348376,0.485835,25.34551,407.598522,-0.711651,0.018346,0.010885
BA,2023-12-31,0.099288,-0.010554,-0.028563,0.029758,0.056984,0.128939,-0.016218,-0.023578,0.011023,-70.500153,2.013669,-9.090196,35.337546,80.232979,2.387579,41.899243,-0.014184,-3.052457,0.38393,17.003456,0.184628,1.140336,0.308201,0.56779,28.67453,365.784654,-2.682268,0.019629,0.00887
BA,2024-12-31,-0.029932,-0.162725,-0.177654,-0.114993,-0.216456,3.023797,-0.075574,-0.210944,-0.15999,-13.256439,2.355057,-40.084785,-10.880076,-24.282827,2.792359,-12.900357,-0.075435,-13.865916,0.346553,-5.206432,-3.480734,1.318507,0.416655,0.425401,24.481781,420.816239,1.022256,0.034848,0.006119
BA,2025-12-31,0.047942,-0.060539,0.024982,0.082257,-0.021081,0.409791,0.013285,-0.077577,0.08992,70.090085,1.751018,28.722285,-83.060095,25.239753,2.076158,-98.483216,0.014267,9.980381,0.323553,5.833265,1.95092,1.18817,0.404939,0.531774,32.262171,318.015722,0.47651,0.032986,0.004762
BAC,2022-12-31,,,0.289921,,-0.066635,0.100762,0.009022,,,14.664755,4.251621,1.477657,-63.804548,,3.681204,-55.244248,0.068191,1.108775,0.099271,,,,,0.031117,1.405771,,-0.229839,,0.030142
BAC,2023-12-31,,,0.255962,,0.4377,0.090195,0.008272,,,15.346564,3.928143,1.384183,8.974509,,3.401126,7.770449,0.065161,1.14626,0.105121,,,,,0.032316,1.255102,,1.710017,,0.028627
BAC,2024-12-31,,,0.254808,,-0.083179,0.091756,0.008271,,,14.966499,3.81359,1.373273,-45.84797,,3.301942,-39.696804,0.066816,1.111262,0.100166,,,,,0.032458,1.28705,,-0.326438,,0.032431
BAC,2025-12-31,,,0.26976,,0.111524,0.100609,0.008942,,,13.231878,3.569426,1.331247,32.005976,,3.090536,27.711913,0.075575,1.206636,0.107249,,,,,0.033149,1.151865,,0.413419,,0.035377
BALL,2022-12-31,0.168262,0.082336,0.053769,0.126982,-0.100957,0.207743,0.036114,0.071553,0.079529,22.144517,1.19069,4.600378,-11.794006,13.559427,1.7218,-17.054746,0.045158,2.58538,0.449445,4.946996,3.277955,0.783248,0.472317,0.671656,9.739257,-34.853325,0.418637,0.123467,
BALL,2023-12-31,0.191345,0.097082,0.058614,0.145913,0.067816,0.187583,0.036626,0.072342,0.081872,22.520379,1.320006,4.224438,19.464435,13.081765,1.908797,28.146585,0.044404,2.273547,0.443921,4.473864,2.334783,0.789491,0.541956,0.624877,10.353648,-44.452487,2.635078,0.086636,
BALL,2024-12-31,0.206952,0.100297,0.339805,0.122764,-0.031284,0.683726,0.227366,0.077223,0.064784,3.972532,1.349886,2.716122,-43.148801,15.900488,1.952006,-62.395411,0.251729,0.967758,0.321818,3.290055,2.825939,0.998762,0.694038,0.669106,9.375994,-36.810049,0.028693,0.041034,
BALL,2025-12-31,0.195882,0.105615,0.069296,0.156827,0.059874,0.168235,0.046712,0.088012,0.102729,17.458232,1.209779,2.937079,20.205467,11.154994,1.749404,29.218156,0.05728,1.293488,0.359148,2.810078,4.592357,1.114088,0.747221,0.674093,9.334043,-45.015171,1.383772,0.036016,
BAX,2022-12-31,0.352889,-0.003281,-0.241921,-0.175301,0.057274,-0.41711,-0.086011,-0.001408,-0.120423,-4.844845,1.17207,2.020831,20.464425,-10.934492,1.916825,33.467897,-0.206405,2.949254,0.608159,-8.461713,-6.864407,1.688303,1.123709,0.355534,3.911708,181.306716,-0.497739,0.06314,0.013921
BAX,2023-12-31,0.400579,0.068243,0.256371,0.167375,0.124517,0.316115,0.093931,0.023864,0.034446,4.438068,1.13779,1.402941,9.137604,11.117364,1.860763,14.943805,0.225323,1.679719,0.499116,6.158016,1.476378,1.476242,1.181301,0.366388,6.02676,121.51411,0.649849,0.042085,0.0111
BAX,2024-12-31,0.374577,0.041275,-0.061019,0.104927,0.052557,-0.093194,-0.025173,0.021852,0.006175,-18.162571,1.108265,1.692635,21.086778,17.273753,1.812477,34.485704,-0.055058,1.931218,0.521643,10.181004,0.291667,1.359699,1.045462,0.412536,6.334723,116.769567,-1.570108,0.043249,0.010718
BAX,2025-12-31,0.300516,0.015742,-0.085112,0.068125,0.028726,-0.156143,-0.047719,0.011343,-0.012584,-12.317146,1.048338,1.923235,36.493835,25.16646,1.714471,59.682689,-0.081188,1.595693,0.487659,9.804178,-0.741379,2.313805,1.56229,0.560658,6.041913,117.632564,-0.882968,0.046425,0.010406
BBY,2023-01-31,0.214091,0.041946,0.030649,0.059203,0.01931,0.507692,0.089793,0.389414,0.267145,13.723196,0.420606,6.967161,21.78212,7.735942,0.457994,23.718362,0.072869,1.423256,0.251724,,52.085714,0.980287,0.407841,2.929697,40.576687,3.508175,1.285412,0.020087,0.002981
BBY,2024-01-31,0.221002,0.039745,0.02856,0.059744,0.015534,0.406485,0.082916,0.31417,0.237036,15.691552,0.448155,6.378387,28.849208,8.168034,0.487992,31.413653,0.063729,1.304291,0.266052,,32.173077,0.998483,0.371602,2.903187,46.27476,11.349071,1.184529,0.018296,0.003337
BBY,2025-01-31,0.225992,0.041755,0.022322,0.053265,0.03352,0.330128,0.062711,0.312726,0.198936,21.006705,0.468918,6.934906,13.989379,9.585993,0.5106,15.232914,0.047604,1.443376,0.274185,,26.392157,1.025948,0.391592,2.809363,39.777778,10.368306,2.263215,0.017001,0.003347
BBY,2026-01-31,0.224821,0.041975,0.025641,0.054736,0.030174,0.360661,0.07287,0.3221,0.207553,18.216291,0.467084,6.569911,15.479504,9.291944,0.508604,16.855497,0.054896,1.394399,0.281731,,30.87234,1.107436,0.426358,2.841922,39.972196,14.608945,1.83536,0.016886,0.003334
BDX,2022-09-30,0.449232,0.131161,0.094277,0.233704,0.08797,0.070366,0.033608,0.054893,0.048335,27.704144,2.611853,1.949437,29.690164,14.826456,3.465006,39.388355,0.036096,0.635432,0.303491,3.414739,5.479899,1.042248,0.629497,0.356482,8.612506,95.937916,1.480045,0.051563,0.012348
BDX,2023-09-30,0.421743,0.125129,0.076605,0.227235,0.109178,0.057526,0.028117,0.053544,0.045818,33.21137,2.544171,1.91052,23.302919,14.853401,3.375215,30.914737,0.03011,0.615537,0.300853,3.285552,4.676991,1.30643,0.813582,0.367033,7.64483,100.920902,2.014151,0.045117,0.01337
BDX,2024-09-30,0.452225,0.14154,0.084498,0.238824,0.152245,0.065858,0.029763,0.052798,0.052411,28.906553,2.442545,1.90373,16.043513,13.568099,3.240394,21.284072,0.034594,0.776778,0.351046,3.816767,4.797348,1.168825,0.739728,0.352233,6.652819,119.159175,2.226979,0.03593,0.012241
BDX,2025-09-30,0.454441,0.136722,0.076832,0.226923,0.122299,0.066089,0.03033,0.059764,0.05305,29.371676,2.25667,1.941145,18.452143,13.193033,2.993804,24.479472,0.034046,0.755455,0.346697,3.74092,4.068515,1.113316,0.644894,0.394758,7.294589,108.853706,2.044696,0.034799,0.011813
BEN,2022-09-30,0.827632,0.235073,0.156115,0.266504,0.225539,0.112588,0.04604,0.073842,0.069163,12.982133,2.026708,1.46163,8.986079,9.220966,2.457424,10.895799,0.077029,0.815933,0.333653,1.837127,18.610998,3.695942,,0.294908,6.542774,,1.514591,0.010912,0.025159
BEN,2023-09-30,0.808966,0.183059,0.112467,0.242961,0.119805,0.07408,0.029308,0.047476,0.050881,18.998208,2.136675,1.407381,17.834557,10.663268,2.590761,21.624754,0.052637,0.986196,0.39017,3.608725,11.816492,4.127763,,0.260594,5.82127,,1.233802,0.018957,0.023263
BEN,2024-09-30,0.801062,0.136577,0.054824,0.162196,0.093678,0.03716,0.014317,0.034716,0.030034,36.083515,1.978252,1.340861,21.117625,14.788684,2.398669,25.605539,0.027713,1.046274,0.403114,5.608974,9.469136,3.236588,,0.261147,5.731864,,2.089716,0.020889,0.029028
BEN,2025-09-30,0.803436,0.125395,0.059847,0.161162,0.103937,0.04346,0.016216,0.031475,0.028925,31.952025,1.912233,1.388632,18.398001,14.386925,2.31862,22.307941,0.031297,1.101186,0.410893,6.172904,9.290832,2.712551,,0.270966,5.68898,,2.031054,0.017615,0.024491
BG,2022-12-31,0.054766,0.034403,0.023947,0.042792,-0.09079,0.174545,0.0655,0.135396,0.16482,13.792005,0.330276,2.407321,-3.6378,13.880823,0.59399,-6.542452,0.072506,0.609605,0.228763,1.232881,6.126551,1.745625,0.869792,2.735232,23.765288,38.458928,-3.446584,0.008255,0.000967
BG,2023-12-31,0.081374,0.05257,0.037672,0.067484,0.036715,0.206709,0.088405,0.152387,0.201696,9.899745,0.372945,2.046367,10.157881,9.939056,0.670728,18.268585,0.101013,0.530458,0.226864,0.567446,6.912791,2.126968,1.20268,2.346681,22.970679,38.85289,1.474811,0.018844,0.001159
BG,2024-12-31,0.063889,0.030447,0.021409,0.046377,0.009867,0.114698,0.045664,0.078044,0.114235,19.529577,0.418113,2.240001,42.3762,16.214018,0.751961,76.212075,0.051204,0.718148,0.285915,1.188388,4.235669,2.146335,1.273302,2.132937,24.724395,42.030373,1.671064,0.025909,0.001224
BG,2025-12-31,0.048472,0.018428,0.011603,0.03505,-0.012498,0.051308,0.018326,0.032054,0.05993,27.212168,0.315732,1.396198,-25.261807,16.200863,0.567833,-45.432455,0.036748,0.996919,0.356068,5.324138,2.805732,1.612415,0.739935,1.579433,18.172868,65.448082,1.034314,0.024499,0.001038
BIIB,2022-12-31,0.776053,0.285244,0.299497,0.428254,0.112165,0.227416,0.124089,0.121483,0.180365,10.45029,3.129828,2.376566,27.903766,8.931116,3.824787,34.099629,0.095691,0.493659,0.269364,0.656835,15.565288,2.991689,2.580909,0.414326,4.761936,213.290195,0.454331,0.023905,0.024977
BIIB,2023-12-31,0.742425,0.187858,0.118051,0.207257,0.125646,0.078456,0.043252,0.076132,0.06594,27.423122,3.23732,2.151505,25.765486,19.088097,3.956148,31.486557,0.036466,0.495844,0.273356,2.888545,6.252329,1.997292,1.261363,0.366388,4.683619,383.961227,1.332529,0.03166,0.026862
BIIB,2024-12-31,0.761221,0.235678,0.168687,0.292428,0.259996,0.097643,0.05819,0.084862,0.095748,19.508018,3.290752,1.904821,12.656909,13.75193,4.021444,15.4673,0.051261,0.396644,0.23638,1.385687,8.614862,1.348719,0.903686,0.34496,5.177601,392.1933,1.761733,0.037185,0.030095
BIIB,2025-12-31,0.756921,0.249631,0.13072,0.26327,0.199098,0.070817,0.043917,0.08356,0.069912,24.627571,3.219318,1.744062,16.169504,14.943387,3.934148,19.759845,0.040605,0.36026,0.223414,1.258996,6.818692,2.679316,2.032006,0.335964,5.29759,332.469884,1.705159,0.0238,0.029402
BK,2022-12-31,,,0.157914,,0.84777,0.062749,0.006299,,,,,,,,,,,0.757475,0.076038,,,,,0.039888,2.799377,,5.895149,0.083158,
BK,2023-12-31,,,0.190383,,0.270526,0.080991,0.008056,,,,,,,,,,,0.778416,0.077428,,,,,0.042315,2.247506,,1.79043,0.070341,
BK,2024-12-31,,,0.24811,,-0.042831,0.109637,0.010888,,,,,,,,,,,0.759475,0.075421,,,,,0.043883,2.933483,,0.151656,0.080458,
BK,2025-12-31,,,0.280834,,0.262007,0.125223,0.011749,,,,,,,,,,,0.773994,0.072619,,,,,0.041836,3.154374,,1.212831,0.078597,
BKNG,2021-12-31,,,,,,,,,,,,,,54.156291,,,,,,,,,,,,,,,
BKNG,2022-12-31,,0.298537,0.178935,0.287946,0.361966,1.099209,0.120579,0.260499,0.255463,41.254668,7.381906,45.347511,20.393918,26.390324,7.598993,20.993661,0.02424,4.686197,0.514057,0.053648,11.033248,1.864291,,0.673869,7.667115,,2.143231,0.021533,0.02364
BKNG,2023-12-31,,0.27311,0.200749,0.329651,0.327592,-1.563047,0.176198,0.399127,0.579186,29.41403,5.904834,-45.975501,18.024971,18.439129,6.078483,18.555049,0.033997,-5.387391,0.607304,0.294903,7.110368,1.277869,,0.877701,6.567784,,1.712287,0.016148,0.024807
BKNG,2024-12-31,,0.318253,0.247778,0.393361,0.332533,-1.463184,0.212285,0.484508,0.711964,21.447939,5.314326,-31.382282,15.98135,13.907345,5.470609,16.451328,0.046625,-4.249005,0.616465,0.046477,6.630888,1.30958,,0.856756,7.420756,,1.414995,0.018072,0.025233
BKNG,2025-12-31,,0.344838,0.200765,0.342423,0.337593,-0.968806,0.184664,0.557981,0.67237,23.345073,4.686881,-22.616848,13.883215,14.089919,4.824712,14.291492,0.042836,-3.458767,0.659274,0.166323,5.225108,1.333333,,0.919799,7.046335,,1.741118,0.011963,0.022922
BKR,2022-12-31,0.207979,0.089336,-0.028408,0.063103,0.042494,-0.041754,-0.017583,0.0,0.011859,-94.560052,2.686264,3.948214,63.21534,42.124037,2.658139,62.553492,-0.010575,0.462554,0.194787,3.123596,1.087302,1.317443,0.903304,0.61894,4.162109,93.991282,-3.141431,0.046748,0.009784
BKR,2023-12-31,0.231397,0.103505,0.076178,0.155179,0.072061,0.126432,0.052592,0.091583,0.119855,29.248889,2.228126,3.697982,30.919799,14.208082,2.204798,30.596077,0.034189,0.391788,0.162972,0.852703,13.291667,1.254792,0.862674,0.690378,4.227747,97.93381,1.575914,0.047989,0.007724
BKR,2024-12-31,0.232958,0.121528,0.107047,0.165259,0.073808,0.176324,0.077653,0.135954,0.136489,19.07707,2.042136,3.363752,27.668253,12.227786,2.020755,27.378573,0.052419,0.356496,0.157,0.578169,17.489899,1.32484,0.943499,0.725413,4.681077,85.018396,1.118496,0.045923,0.007259
BKR,2025-12-31,0.235964,0.128259,0.093318,0.154581,0.091479,0.137411,0.063306,0.130179,0.114761,21.95927,2.049205,3.017447,22.400706,13.117702,2.02775,22.166176,0.045539,0.323192,0.148896,0.553301,13.959459,1.356777,0.999784,0.678384,4.989745,79.609758,1.472179,0.045902,0.00732
BLDR,2022-12-31,0.340765,0.165895,0.120977,0.18777,0.143405,0.554022,0.259493,0.365188,0.430763,2.274524,0.275165,1.260136,1.918795,2.677559,0.502766,3.50592,0.439652,0.703148,0.329341,0.680459,19.005641,1.898028,1.124091,2.144981,15.693534,38.428933,1.309112,0.014967,0.001379
BLDR,2023-12-31,0.351653,0.12729,0.090105,0.159943,0.107066,0.325537,0.146727,0.213525,0.252005,4.059255,0.365759,1.321437,3.416214,4.178342,0.668296,6.241922,0.246351,0.784675,0.353672,1.139074,11.32821,1.771312,1.112172,1.628402,11.89862,42.097712,1.497429,0.02786,0.002838
BLDR,2024-12-31,0.328225,0.097268,0.065724,0.131531,0.09098,0.25088,0.101851,0.154897,0.181159,5.801575,0.3813,1.455499,4.191012,5.296767,0.696691,7.657592,0.172367,1.008462,0.40941,1.645895,7.679657,1.767446,1.085292,1.549689,14.100103,37.29344,1.737355,0.023205,0.003848
BLDR,2025-12-31,0.303857,0.051761,0.028649,0.090695,0.056172,0.099994,0.038727,0.075945,0.081373,14.369302,0.411668,1.436844,7.328751,8.293535,0.752178,13.390699,0.069593,1.17187,0.453861,3.091812,2.870731,1.858662,1.163599,1.351777,14.317135,38.609041,2.793862,0.02387,0.003523
BLK,2022-12-31,0.485873,0.362334,0.289711,0.387176,0.247468,0.137187,0.04402,0.115809,0.055891,33.567747,9.724937,4.605071,39.297715,25.105208,9.720139,39.278327,0.029791,0.22491,0.072168,,30.669811,14.081144,,0.151945,5.475797,,0.957126,0.029822,0.039613
BLK,2023-12-31,0.480542,0.354947,0.30808,0.440898,0.213954,0.139833,0.044655,0.106393,0.061055,31.59102,9.73256,4.41746,45.489085,22.063505,9.727758,45.466642,0.031655,0.246575,0.078743,,25.503425,15.627419,,0.144946,4.560521,,0.756997,0.019262,0.035276
BLK,2024-12-31,0.494242,0.369383,0.312099,0.458764,0.230362,0.134098,0.045947,0.098944,0.064437,27.290594,8.517361,3.659623,36.973791,18.556723,8.513159,36.95555,0.036643,0.299442,0.102601,,16.418216,16.35026,,0.147221,4.741403,,0.778144,0.012496,0.036899
BLK,2025-12-31,0.467047,0.326602,0.229311,0.38648,0.14668,0.099359,0.032665,0.089842,0.048931,31.300881,7.177643,3.110038,48.934063,18.562671,7.174101,48.909921,0.031948,0.268322,0.088213,0.138904,13.408795,15.76092,,0.142449,4.694843,,0.707185,0.015486,0.053973
BMY,2022-12-31,0.78039,0.197231,0.13707,0.416409,0.258844,0.203696,0.065348,0.106411,0.119378,20.359347,2.790649,4.147117,10.781184,8.469881,3.52693,13.625677,0.049117,1.310872,0.420543,1.571042,7.260552,1.245911,1.139059,0.476751,5.662986,39.212925,2.065118,0.024221,0.009901
BMY,2023-12-31,0.762409,0.182087,0.17831,0.430298,0.281096,0.272681,0.084333,0.112809,0.131775,16.051538,2.862143,4.376948,10.182087,8.406464,3.617286,12.868515,0.062299,1.408902,0.435734,1.461737,8.238422,1.427095,1.30752,0.472956,5.067102,51.655,1.727103,0.026863,0.01151
BMY,2024-12-31,0.710807,0.121884,-0.185259,0.06559,0.288654,-0.547781,-0.096628,0.089219,-0.093449,-14.395797,2.666948,7.885742,9.239247,51.388757,3.370592,11.676917,-0.069465,3.134374,0.552898,12.40625,-3.303544,1.252629,1.145074,0.521581,5.359521,40.796047,-1.697586,0.025839,0.010497
BMY,2025-12-31,0.710841,0.28476,0.146364,0.316008,0.266521,0.381855,0.078345,0.163269,0.1684,18.26107,2.672758,6.973074,10.028306,10.689401,3.377935,12.67416,0.054761,2.551778,0.523546,2.291661,5.93284,1.255071,1.140197,0.535274,5.0245,49.464874,2.006805,0.027202,0.011474
BNY,2022-12-31,,,0.157914,,0.84777,0.062749,0.006299,,,40.824393,6.446753,2.561672,7.604369,,-1.340717,-1.581464,0.024495,0.757475,0.076038,,,,,0.039888,2.799377,,5.895149,0.083158,
BNY,2023-12-31,,,0.190383,,0.270526,0.080991,0.008056,,,31.601196,6.016325,2.55941,22.239375,,-1.251202,-4.625074,0.031644,0.778416,0.077428,,,,,0.042315,2.247506,,1.79043,0.070341,
BNY,2024-12-31,,,0.24811,,-0.042831,0.109637,0.010888,,,23.034691,5.715147,2.525465,-133.436251,,-1.188567,27.750445,0.043413,0.759475,0.075421,,,,,0.043883,2.933483,,0.151656,0.080458,
BNY,2025-12-31,,,0.280834,,0.262007,0.125223,0.011749,,,18.804676,5.280993,2.354775,20.15591,,-1.098277,-4.19178,0.053178,0.773994,0.072619,,,,,0.041836,3.154374,,1.212831,0.078597,
BR,2022-06-30,0.278888,0.133103,0.094428,0.191361,0.064879,0.280898,0.065995,0.10669,0.110845,34.502646,3.258023,9.691734,50.216999,19.87833,3.80394,58.631415,0.028983,2.118695,0.497772,3.266178,8.664766,1.011498,,0.698891,6.029253,,0.822667,0.012804,0.011981
BR,2023-06-30,0.294577,0.154499,0.104044,0.204161,0.123431,0.281442,0.076592,0.13139,0.160846,29.496315,3.068913,8.301516,24.863489,17.550571,3.583144,29.029643,0.033903,1.630188,0.443643,2.554469,6.531663,0.580741,,0.736154,6.22269,,1.305582,0.012407,0.012061
BR,2024-06-30,0.297212,0.156313,0.107288,0.207122,0.144956,0.321957,0.084696,0.146513,0.150663,26.644286,2.858606,8.578322,19.720501,16.114177,3.337597,23.02489,0.037531,1.649633,0.433963,2.263634,6.841545,1.083691,,0.78943,6.106231,,1.512964,0.017366,0.01085
BR,2025-06-30,0.310171,0.172533,0.121859,0.2209,0.153344,0.316172,0.098245,0.159544,0.178718,22.156494,2.699972,7.005264,17.607323,14.270651,3.152382,20.557626,0.045133,1.302727,0.404798,1.768169,8.796024,0.976253,,0.806214,6.395971,,1.395235,0.016679,0.010655
BR,2026-06-30,0.317796,0.173951,0.150372,0.253972,0.16491,0.395797,0.125686,0.165917,0.206839,16.543962,2.487746,6.548045,15.085463,11.436661,2.904595,17.6132,0.060445,1.23833,0.393234,1.501764,13.932021,1.235581,,0.835836,6.620152,,1.196834,0.01506,0.012559
BRO,2022-12-31,0.490036,0.270278,0.188605,0.339601,0.232669,0.145878,0.048091,0.086415,0.109205,32.375543,6.106193,4.722868,26.244107,23.908567,8.119384,34.896702,0.030888,0.908045,0.299352,2.720744,6.918919,1.08689,,0.254983,2.417396,,1.311012,0.014594,0.018524
BRO,2023-12-31,0.479162,0.275304,0.20743,0.36723,0.224101,0.156121,0.058523,0.093717,0.134582,24.978605,5.181321,3.899689,23.120473,18.760938,6.889585,30.743216,0.040034,0.720559,0.270107,2.007782,7.031579,1.035109,,0.282134,4.589071,,1.159587,0.016432,0.021196
BRO,2024-12-31,0.488629,0.290542,0.211052,0.366844,0.232094,0.154673,0.056382,0.102618,0.133121,21.909733,4.624095,3.388842,19.923411,16.76093,6.148643,26.492093,0.045642,0.632399,0.230525,1.82445,7.482587,1.096611,,0.267147,1.942609,,1.182276,0.017428,0.021467
BRO,2025-12-31,0.490717,0.260628,0.182891,0.354676,0.239806,0.084004,0.035144,0.057984,0.077292,20.641712,3.77518,1.733989,15.742666,14.15331,5.019845,20.932971,0.048446,0.631067,0.264013,3.196673,5.480392,1.038582,,0.192158,2.764029,,1.375712,0.011799,0.016137
BSX,2022-12-31,0.688141,0.160385,0.055039,0.216606,0.072071,0.039718,0.021497,0.046947,0.056199,89.985112,4.952658,3.574008,68.719484,27.352241,5.924665,82.206353,0.011113,0.528167,0.285873,2.912996,3.42766,1.514594,1.023666,0.390588,6.437563,149.424709,2.186246,0.048257,0.017347
BSX,2023-12-31,0.694874,0.169733,0.111868,0.241994,0.119593,0.08262,0.045338,0.068309,0.074496,39.428505,4.410787,3.257591,36.881743,21.804006,5.276447,44.120145,0.025362,0.492298,0.27015,2.388857,8.490566,1.320495,0.816947,0.405282,6.391382,186.643244,1.571249,0.05618,0.016362
BSX,2024-12-31,0.686093,0.179256,0.110706,0.23025,0.141219,0.085163,0.047062,0.074975,0.078403,33.87789,3.750499,2.885145,26.557974,19.485634,4.486571,31.770235,0.029518,0.493615,0.272776,2.646784,8.481967,1.081419,0.642288,0.425105,6.546912,184.199262,1.852751,0.063892,0.015883
BSX,2025-12-31,0.690097,0.197818,0.144366,0.25416,0.169573,0.119594,0.066357,0.095452,0.097662,21.673433,3.128903,2.592011,18.451706,14.726893,3.742981,22.073034,0.046139,0.471938,0.261855,1.831831,10.69914,1.616841,1.075749,0.459643,6.86056,158.754008,1.564527,0.056292,0.014895
BX,2022-12-31,,,0.245019,,0.85533,0.228272,0.041097,,,85.466788,20.940995,19.509685,24.482934,,17.667991,20.656338,0.0117,1.746499,0.314433,,,,,0.167731,,,3.625624,0.033017,
BX,2023-12-31,,,0.198509,,0.547005,0.204037,0.034524,,,107.388422,21.317524,21.911227,38.971321,,17.985671,32.880242,0.009312,1.803469,0.305154,,,,,0.173916,,,2.916791,0.032003,
BX,2024-12-31,,,0.254014,,0.312908,0.338091,0.063872,,,53.795778,13.66487,18.187843,43.670573,,11.529099,36.845017,0.018589,1.49613,0.282649,,,,,0.251451,,,1.253972,0.005618,
BX,2025-12-31,,,0.243289,,0.366435,0.348417,0.063284,,,49.471289,12.035799,17.236623,32.845693,,10.154646,27.712027,0.020214,1.535529,0.278903,,,,,0.260119,,,1.544495,0.009323,
BXP,2022-12-31,0.634705,0.341452,0.273098,0.710911,0.412535,0.138276,0.035069,0.052082,0.061989,13.459058,3.675641,1.861058,8.909884,12.906934,9.175684,22.242185,0.074299,2.3934,0.607012,6.131431,3.33469,3.159376,,0.128413,38.194117,,1.510576,,0.016736
BXP,2023-12-31,0.628487,0.317285,0.058106,0.520456,0.397584,0.032322,0.007309,0.047773,0.034477,60.069009,3.490388,1.941524,8.778986,16.741525,8.713229,21.915419,0.016648,2.824881,0.638767,8.407823,1.502826,4.185573,,0.12578,26.743315,,6.842363,,0.015725
BXP,2024-12-31,0.61202,0.299887,0.004188,0.475027,0.362266,0.002632,0.000547,0.047217,0.02931,800.590422,3.352984,2.107019,9.255583,17.620519,8.37022,23.105171,0.001249,3.131951,0.651105,9.245123,1.1305,2.509237,,0.130639,31.713577,,86.498108,,0.012897
BXP,2025-12-31,0.606388,0.291289,0.079488,0.55983,0.35757,0.053698,0.010579,0.046606,0.042011,41.278997,3.281192,2.216611,9.176374,14.631226,8.191003,22.907438,0.024225,3.367537,0.663404,7.761679,1.587923,2.20846,,0.133083,37.595455,,4.4984,,0.012731
C,2022-12-31,,,0.199315,,0.260969,0.073786,0.006143,,,14.889583,2.967721,1.098648,11.371912,,0.388303,1.487927,0.067161,1.584093,0.131876,,,,,0.030819,1.374373,,1.688717,0.075618,
C,2023-12-31,,,0.118171,,-1.024446,0.044915,0.003826,,,23.952737,2.830527,1.075846,-2.762983,,0.370353,-0.361515,0.041749,1.577373,0.134369,,,,,0.032378,1.448391,,-7.955787,0.0843,
C,2024-12-31,,,0.157204,,-0.324388,0.060796,0.00539,,,17.429101,2.739933,1.059626,-8.446477,,0.358499,-1.105157,0.057375,1.609819,0.142717,,,,,0.034286,1.586751,,-1.550938,0.080573,
C,2025-12-31,,,0.167885,,-0.870196,0.067389,0.005384,,,15.45057,2.593922,1.041193,-2.980848,,0.339395,-0.390021,0.064723,1.73208,0.138381,,,,,0.032069,1.359514,,-4.727527,0.076514,
CAG,2022-05-31,0.246084,0.116679,0.076994,0.167833,0.061798,0.101073,0.03959,0.057086,0.082506,8.152103,0.627666,0.823958,10.156681,7.488145,1.256755,20.33637,0.122668,1.044551,0.409145,4.595062,4.085602,0.862141,0.303228,0.51419,13.299401,31.72978,1.32549,0.040257,0.002263
CAG,2023-05-31,0.265928,0.149295,0.055681,0.137273,0.051576,0.078244,0.030999,0.077263,0.074688,10.59201,0.589777,0.828759,11.435088,8.602503,1.180891,22.89608,0.094411,1.078106,0.427124,5.423545,3.181137,0.762267,0.264103,0.556714,12.885181,56.138915,1.456115,0.029502,0.006451
CAG,2024-05-31,0.27661,0.153175,0.028811,0.120099,0.135052,0.041135,0.016642,0.062305,0.059385,20.854545,0.600843,0.857862,4.448969,10.017134,1.203047,8.908017,0.047951,1.000107,0.40462,5.77876,2.3989,0.971528,0.360294,0.57764,13.82301,46.829337,5.8053,0.032205,0.002556
CAG,2025-05-31,0.258637,0.126257,0.099235,0.169262,0.112169,0.129009,0.055049,0.08597,0.094807,6.283146,0.62351,0.810583,5.55865,7.375762,1.248433,11.129893,0.159156,0.903154,0.385384,4.069801,3.758111,0.711374,0.236901,0.554737,15.081558,43.627596,1.468153,0.033523,0.003574
CAG,2026-05-31,0.239186,0.111598,-0.169852,-0.092035,0.086752,-0.301403,-0.110927,0.092397,-0.101822,-3.778675,0.641815,1.138904,7.398281,-13.963015,1.285084,14.813322,-0.264643,1.143262,0.420761,-6.79033,-3.67675,0.904046,0.306368,0.653082,17.140079,37.969144,-0.731709,0.03753,0.004849
CAH,2022-06-30,0.035759,0.009089,-0.005173,0.000303,0.015376,1.32299,-0.021377,0.357794,-0.047794,-55.882641,0.289081,-73.932182,18.801261,1049.434894,0.318316,20.702625,-0.017895,-7.496474,0.121131,10.872727,-4.333333,1.078069,0.566252,4.132504,17.169397,-2.731934,-3.384861,0.002134,0.000447
CAH,2023-06-30,0.033535,0.008728,0.00161,0.00702,0.011528,-0.111562,0.007613,0.512422,0.07774,158.842173,0.255723,-17.720729,22.182783,40.110437,0.281585,24.426119,0.006296,-1.589249,0.108445,0.434329,8.892857,0.999911,0.52217,4.728575,18.453277,-5.673863,8.618182,0.002347,0.000468
CAH,2024-06-30,0.032686,0.00939,0.003756,0.00865,0.014333,-0.265173,0.018883,0.805117,0.132054,61.523377,0.231092,-16.314322,16.123629,29.418409,0.254462,17.754205,0.016254,-1.584812,0.112852,,24.54902,0.978788,0.559119,5.027083,18.770854,-8.505583,4.415493,0.002253,0.000533
CAH,2025-06-30,0.036697,0.010432,0.007013,0.013955,0.008312,-0.561309,0.029385,0.301782,0.162812,33.579703,0.235504,-18.848586,28.334009,18.583039,0.25932,31.199416,0.02978,-3.066163,0.160517,1.498068,10.772093,0.935111,0.502404,4.18994,16.808488,-8.726132,1.535554,0.002458,0.001096
CAH,2026-06-30,0.038443,0.01248,0.006741,0.01368,0.017798,-0.59452,0.029913,0.41454,0.188279,30.582215,0.206168,-18.181726,11.58407,16.595434,0.227018,12.755562,0.032699,-3.082206,0.155081,1.158712,7.247126,0.882676,0.488703,4.437215,18.403764,-11.499226,3.01867,0.002553,0.001443
CARR,2022-12-31,0.248554,0.110134,0.204419,0.129107,0.082485,0.45553,0.135475,0.096217,0.094944,12.567809,2.569102,5.725011,31.146309,24.995356,3.227073,39.123165,0.079568,1.207914,0.359235,2.384409,6.304636,1.637765,1.200099,0.662731,6.102365,54.390276,0.493209,0.018336,0.00376
CARR,2023-12-31,0.272387,0.108807,0.071184,0.147538,0.1144,0.155468,0.0411,0.066373,0.089199,32.924119,2.343657,5.118663,20.486456,19.953374,2.943889,25.733226,0.030373,1.685606,0.445616,1.58834,7.53268,2.804183,2.543045,0.577387,9.111058,22.590763,1.932543,0.023165,0.003747
CARR,2024-12-31,0.265988,0.093302,0.249222,0.181713,0.001957,0.397983,0.149828,0.042287,0.09671,7.925524,1.975213,3.154225,1009.423546,13.653851,2.481083,1267.946217,0.126175,0.9086,0.342058,2.054087,4.92069,1.253294,0.961987,0.601182,8.482082,39.515679,0.100464,0.023081,0.003825
CARR,2025-12-31,0.25861,0.08769,0.068239,0.162321,0.097531,0.107505,0.039903,0.064456,0.07501,29.929,2.042334,3.217519,20.940422,15.804429,2.565394,26.303458,0.033412,0.887496,0.329417,2.911615,4.925764,1.199466,0.850436,0.584754,8.240621,39.334952,1.693396,0.018025,0.003403
CASY,2022-04-30,0.213294,0.038425,0.026233,0.06186,0.035689,0.151635,0.061716,0.097669,0.108171,64.990027,1.704906,9.854778,47.771113,30.511481,1.887425,52.885243,0.015387,0.753231,0.306566,1.908279,,0.801429,0.363484,2.352566,119.900341,-3.854136,2.32126,0.025205,0.002932
CASY,2023-04-30,0.203545,0.042355,0.029593,0.0631,0.026856,0.167887,0.075159,0.112155,0.127455,49.436773,1.462983,8.299787,54.474315,25.667164,1.619603,60.306056,0.020228,0.628931,0.281558,1.359112,,0.993345,0.587699,2.539759,125.216513,-2.685438,1.97441,0.031572,0.003115
CASY,2024-04-30,0.225253,0.047743,0.033773,0.071278,0.024958,0.166471,0.079083,0.11671,0.131555,43.992417,1.485776,7.32344,59.530991,23.07636,1.644836,65.904072,0.022731,0.580725,0.275877,1.349311,,0.870355,0.420709,2.341563,97.915668,-0.735508,1.77889,0.035121,0.002784
CASY,2025-04-30,0.235395,0.04996,0.034284,0.075281,0.036675,0.155763,0.066583,0.101529,0.112068,40.406502,1.385302,6.293827,37.772542,20.371744,1.533605,41.816276,0.024748,0.843026,0.360363,1.818165,,0.91936,0.483637,1.942089,88.195031,-0.066291,1.996,0.031756,0.002994
CASY,2026-04-30,0.246058,0.058861,0.040684,0.084483,0.041092,0.180794,0.079951,0.123467,0.136268,30.909123,1.257493,5.588191,30.601925,16.478028,1.392114,33.87801,0.032353,0.735142,0.325096,1.286454,,1.009926,0.597407,1.965196,72.118919,-2.289965,1.928118,0.037351,0.003611
CAT,2022-12-31,0.294681,0.148569,0.112828,0.192068,0.086947,0.422522,0.081825,0.127304,0.182397,55.461949,6.257633,23.433888,71.970653,36.014754,6.917267,79.557267,0.01803,2.331149,0.451448,2.6372,20.756208,1.388633,0.872633,0.725224,3.325704,175.767311,1.15824,0.043734,
CAT,2023-12-31,0.346898,0.193349,0.154116,0.234193,0.146033,0.530163,0.118147,0.177649,0.25709,35.981845,5.545368,19.076247,37.973284,26.174619,6.129919,41.976146,0.027792,1.943059,0.43301,1.97141,26.53816,1.351906,0.874914,0.76661,3.563231,174.598409,1.246734,0.046108,
CAT,2024-12-31,0.359888,0.2017,0.16652,0.247466,0.136092,0.553691,0.122966,0.181063,0.250216,34.458151,5.737974,19.079184,42.1624,25.631151,6.342829,46.606848,0.029021,1.970602,0.43764,1.971755,27.119141,1.41553,0.894119,0.738446,3.438691,186.667656,1.115178,0.049607,
CAT,2025-12-31,0.317774,0.164982,0.131442,0.211647,0.110269,0.416737,0.090115,0.131131,0.194157,41.858664,5.501966,17.444055,49.895662,28.736274,6.081942,55.155293,0.02389,2.032555,0.439519,2.330933,23.99004,1.435664,0.939603,0.685591,3.133618,189.041845,1.321364,0.063413,
CB,2022-12-31,,,0.121844,,0.26148,0.103842,0.02636,,,25.051253,3.052349,2.601375,11.673377,,3.575377,13.673643,0.039918,0.294483,0.074752,,12.377193,,,0.216338,1.384672,,2.146016,,
CB,2023-12-31,,,0.181191,,0.253522,0.151713,0.039136,,,14.556809,2.637556,2.208461,10.403647,,3.089509,12.186342,0.068696,0.243585,0.062835,,15.175595,,,0.215994,1.482431,,1.399202,,
CB,2024-12-31,,,0.165542,,0.288913,0.144827,0.037607,,,14.173735,2.346347,2.052746,8.1213,,2.7484,9.512908,0.070553,0.237094,0.061566,,16.458839,,,0.227177,1.623855,,1.745255,,
CB,2025-12-31,,,0.172457,,0.214375,0.139783,0.037859,,,12.746738,2.198265,1.781782,10.254282,,2.574944,12.011382,0.078451,0.233564,0.063259,,18.073298,,,0.219527,1.634845,,1.243065,,
CBOE,2022-12-31,0.348288,0.245143,0.059366,0.166654,0.149375,0.067815,0.033577,0.101162,0.089266,121.255509,7.198445,8.222966,48.190503,42.020384,7.002867,46.88119,0.008247,0.540011,0.267371,1.98469,8.215,1.053344,,0.565589,10.704435,,2.770638,0.015107,0.007755
CBOE,2023-12-31,0.395442,0.282311,0.201776,0.336028,0.273115,0.191066,0.101689,0.142743,0.181845,37.42454,7.551357,7.150576,27.648986,21.861867,7.34619,26.897775,0.02672,0.404216,0.215132,0.706625,17.788462,1.43075,,0.503973,11.18737,,1.412661,0.011925,0.010945
CBOE,2024-12-31,0.39321,0.288362,0.186812,0.309757,0.253926,0.178732,0.098201,0.145664,0.17756,37.253294,6.959347,6.658343,27.406987,21.856696,6.770264,26.662352,0.026843,0.373703,0.205325,0.41055,22.04466,1.776878,,0.52567,9.209402,,1.438881,0.014874,0.010209
CBOE,2025-12-31,0.409041,0.321179,0.233338,0.369373,0.35671,0.214079,0.118212,0.161541,0.23317,25.904586,6.044513,5.545617,16.945198,15.919627,5.880287,16.484805,0.038603,0.309577,0.170946,,30.954111,1.871651,,0.506615,12.044456,,1.593273,0.015061,0.010691
CBRE,2022-12-31,0.213734,0.043045,0.04564,0.06293,0.044408,0.179167,0.068591,0.113563,0.108141,28.710558,1.310359,5.14399,29.507491,26.025131,1.637756,36.880025,0.03483,0.444798,0.170282,0.445876,,1.034822,,1.502852,5.787122,,1.157783,0.008434,0.00519
CBRE,2023-12-31,0.196375,0.034117,0.030862,0.053585,0.005477,0.119269,0.043729,0.074529,0.076197,40.969326,1.264382,4.886386,230.832889,29.491095,1.580292,288.507167,0.024409,0.583767,0.214032,1.30257,,1.172631,,1.416933,5.015542,,0.486815,0.009546,0.003005
CBRE,2024-12-31,0.194481,0.035536,0.027064,0.05438,0.03917,0.115087,0.0397,0.085814,0.084194,41.731152,1.129414,4.802729,28.833516,25.958228,1.411602,36.037655,0.023963,0.676971,0.233523,1.579949,,1.073544,,1.466883,5.105924,,1.764463,0.008583,0.004082
CBRE,2025-12-31,0.186584,0.031911,0.028533,0.049889,0.02942,0.130322,0.037471,0.062965,0.069731,34.914223,0.996196,4.550096,33.86065,24.957367,1.245099,42.320833,0.028642,1.125366,0.323574,2.828473,,1.094886,,1.313275,4.894978,,1.34745,0.009026,0.002959
CCI,2022-12-31,0.703979,0.348268,0.239765,0.582737,0.224449,0.224862,0.043036,0.082596,0.065322,19.061026,4.570172,4.286108,20.361746,13.128414,7.650412,34.085316,0.052463,3.753524,0.718378,5.299189,3.51263,0.445624,,0.179492,9.702778,,1.718209,0.187518,0.02233
CCI,2023-12-31,0.732784,0.460499,0.317279,0.605196,0.608999,0.235386,0.038986,0.073156,0.057815,21.25647,6.744237,5.003482,11.074304,18.654721,11.289771,18.53825,0.047044,4.515593,0.747891,7.9637,2.534146,0.399226,,0.122875,7.929648,,2.081225,0.051331,0.021546
CCI,2024-12-31,0.755605,0.493049,-0.875112,0.63139,0.620404,29.345865,-0.119227,0.090525,0.068065,-8.180174,7.158569,-240.054272,11.538568,18.979324,11.983358,19.315423,-0.122247,-220.902256,0.897483,8.506392,2.311111,0.500689,,0.136241,15.221843,,-0.754035,0.039462,0.018834
CCI,2025-12-31,0.740854,0.489212,0.104128,0.644934,0.67425,-0.27156,0.014087,0.090572,0.076186,71.908149,7.487622,-19.527351,11.105119,19.434827,12.534187,18.589835,0.013907,-18.08318,0.938067,8.813818,2.18916,0.255414,,0.135288,12.578171,,6.885135,0.042683,0.01712
CCL,2022-11-30,0.033857,-0.359767,-0.500698,-0.180459,-0.543183,-0.862542,-0.117846,-0.105215,-0.108789,-4.909427,2.458143,4.234589,-4.525437,-24.524653,4.425683,-8.147676,-0.20369,5.079417,0.693983,-13.89663,-2.778745,0.706459,0.666101,0.235364,30.807595,-7.46247,0.274085,0.40595,0.0083
CCL,2023-11-30,0.336961,0.090585,-0.003427,0.202566,0.046172,-0.010751,-0.001507,0.052223,0.053243,-404.231583,1.385316,4.345945,30.003147,12.312789,2.494148,54.018192,-0.002474,4.633299,0.649247,6.437357,0.96999,0.458671,0.412682,0.439597,38.836331,-6.917851,-57.851351,0.152086,0.002454
CCL,2024-11-30,0.375005,0.14284,0.076576,0.248871,0.051836,0.20709,0.039057,0.097315,0.098024,15.612285,1.195521,3.233154,23.063329,8.64881,2.152437,41.523622,0.064052,3.121055,0.588621,4.217761,2.091168,0.290781,0.247138,0.510039,42.408475,-6.004433,3.091336,0.184885,0.002478
CCL,2025-11-30,0.400962,0.168363,0.103678,0.259607,0.09793,0.224683,0.053398,0.114649,0.106775,10.838093,1.123667,2.43513,11.474161,7.792814,2.02307,20.65828,0.092267,2.278818,0.541587,3.575749,3.054855,0.322258,0.283685,0.515042,39.264012,-7.641311,2.252899,0.135645,0.003681
CDNS,2022-12-31,0.895662,0.301467,0.238355,0.337962,0.313803,0.309259,0.16526,0.249628,0.281919,91.770409,21.873903,28.380862,69.705767,65.652933,22.188227,70.707428,0.010897,0.323271,0.172747,,46.581364,1.266433,1.171453,0.693336,11.319043,111.696899,1.462855,0.034875,0.075929
CDNS,2023-12-31,0.893633,0.308617,0.254559,0.357912,0.304811,0.305835,0.18364,0.252917,0.323175,74.829872,19.04864,22.885567,62.49327,53.9864,19.322366,63.391288,0.013364,0.224546,0.134829,,36.427,1.242226,1.128036,0.721403,13.641745,102.658047,1.295859,0.025062,0.079612
CDNS,2024-12-31,0.86049,0.297947,0.227413,0.359133,0.240885,0.225841,0.117609,0.146253,0.193549,73.81322,16.786089,16.670027,69.685193,47.412193,17.027303,70.686558,0.013548,0.553126,0.288047,,19.366281,2.93122,2.743124,0.517162,11.809321,173.049341,1.194287,0.030712,0.084291
CDNS,2025-12-31,0.863643,0.31147,0.209352,0.353504,0.2996,0.202567,0.109216,0.151107,0.19237,70.258378,14.708744,14.232023,49.094575,42.206273,14.920106,49.800056,0.014233,0.47796,0.257697,,14.060151,2.855561,2.669939,0.521686,10.747552,140.115346,1.559022,0.026784,0.085935
CDW,2022-12-31,0.197341,0.073065,0.046929,0.084809,0.05087,0.695129,0.084872,0.172711,0.210584,16.398651,0.76957,11.399175,15.128132,12.086787,1.025067,20.150649,0.060981,3.803343,0.464372,2.784122,7.312261,1.326838,1.165087,1.808529,5.323269,29.866983,1.198654,0.005381,0.003836
CDW,2023-12-31,0.217646,0.078635,0.051661,0.091107,0.067856,0.540661,0.083126,0.166503,0.213807,16.550119,0.854991,8.948003,12.599998,12.500128,1.138847,16.783177,0.060423,2.844015,0.437266,2.596252,7.399823,1.232084,1.109316,1.609081,4.680022,29.693562,1.447704,0.006933,0.004383
CDW,2024-12-31,0.219175,0.078638,0.051327,0.091682,0.054989,0.458112,0.073428,0.151292,0.179259,16.957039,0.870354,7.768222,15.827745,12.644919,1.15931,21.082531,0.058973,2.546819,0.408212,2.773374,7.691841,1.346833,1.236263,1.430585,4.088691,27.473753,1.185099,0.005838,0.003081
CDW,2025-12-31,0.217329,0.073831,0.047565,0.086978,0.048524,0.409271,0.066545,0.15021,0.188001,17.135099,0.815029,7.012892,16.796523,12.481541,1.085618,22.372942,0.05836,2.22079,0.361089,2.569268,7.277045,1.176361,1.098393,1.39904,3.552389,26.699766,1.129946,0.005222,0.003728
CEG,2022-12-31,0.087439,-0.016694,-0.006547,0.063748,-0.165385,-0.014522,-0.003411,-0.006906,-0.007448,-564.035226,3.692538,8.190746,-22.326976,73.551756,4.688774,-28.350726,-0.001773,0.523507,0.122961,3.431322,-1.159363,1.19403,1.002041,0.521009,9.454545,16.954198,14.70625,0.069108,
CEG,2023-12-31,0.129705,0.095754,0.065134,0.191067,-0.309937,0.148558,0.031975,0.076707,0.064763,55.604212,3.621705,8.26047,-11.685308,24.069237,4.59883,-14.837969,0.017984,0.847689,0.182454,1.867885,6.677494,1.313341,1.075961,0.490918,12.884178,,-3.266174,0.097199,
CEG,2024-12-31,0.254158,0.205703,0.159072,0.298243,-0.213383,0.284749,0.070835,0.186166,0.108984,24.071922,3.82916,6.854446,-17.945046,16.302979,4.862255,-22.786565,0.041542,0.638918,0.158939,0.766823,9.924901,1.574058,1.340345,0.445301,7.563543,32.289836,-0.657242,0.108834,
CEG,2025-12-31,0.183801,0.164415,0.090824,0.233384,0.050445,0.159744,0.040507,0.118199,0.081574,38.915755,3.534471,6.216549,70.066488,19.230347,4.48806,88.970215,0.025697,0.619412,0.157068,0.897969,7.870841,1.525554,1.307024,0.445999,7.138105,32.271019,1.827081,0.115498,
CF,2022-12-31,0.523959,0.498033,0.299124,0.561505,0.303326,0.662443,0.251333,0.537028,0.440899,5.775815,1.727684,3.826149,5.695809,3.76228,2.112541,6.964597,0.173136,0.638487,0.242244,0.102213,16.16369,3.691457,3.215075,0.840231,20.638376,45.857331,1.152122,0.041302,0.003665
CF,2023-12-31,0.383803,0.339617,0.22998,0.491781,0.155783,0.266748,0.10608,0.212006,0.176193,12.672707,2.914474,3.380423,18.708498,7.246513,3.563698,22.875972,0.07891,0.565331,0.224819,0.287029,16.611111,3.8125,3.43875,0.461255,14.446623,41.791362,1.807869,0.259991,0.00558
CF,2024-12-31,0.346361,0.288241,0.205189,0.476078,0.294811,0.244333,0.09045,0.180273,0.1503,15.866895,3.255707,3.876806,11.043359,8.361953,3.980943,13.503359,0.063024,0.651153,0.241052,0.480184,13.676259,3.080685,2.696822,0.440814,15.703704,41.022564,1.864532,0.08777,0.006065
CF,2025-12-31,0.384529,0.335263,0.205392,0.463298,0.254235,0.300744,0.103279,0.236833,0.180592,13.282391,2.728103,3.994601,10.730638,7.200146,3.33581,13.120977,0.075288,0.75155,0.258092,0.375686,16.441379,3.365276,2.933484,0.502839,15.954955,42.550071,1.891409,0.134246,0.006352
CFG,2022-12-31,,,0.258447,,0.497818,0.087505,0.009143,,,13.620692,3.520221,1.191882,7.071298,,4.092843,8.221561,0.073418,0.670747,0.070082,,,,,0.035376,,,1.986975,0.015709,0.010473
CFG,2023-12-31,,,0.195525,,0.339129,0.066059,0.007244,,,17.559511,3.433329,1.159958,10.123949,,3.991816,11.770775,0.056949,0.573987,0.062947,,,,,0.037051,,,1.841418,0.020914,0.010579
CFG,2024-12-31,,,0.193239,,0.24062,0.062217,0.006937,,,18.711527,3.615789,1.164166,15.026979,,4.203956,17.471364,0.053443,0.511297,0.057011,,,,,0.0359,,,1.326044,0.015623,0.012422
CFG,2025-12-31,,,0.22202,,0.246999,0.069575,0.008089,,,15.420914,3.423753,1.072907,13.861411,,3.980683,16.116197,0.064847,0.428696,0.049843,,,,,0.036435,,,1.207537,0.021099,0.014551
CHD,2022-12-31,0.418558,0.187663,0.076996,0.154755,0.131409,0.118599,0.049595,0.129458,0.085579,54.300723,4.180942,6.440033,31.81635,29.629247,4.585269,34.89322,0.018416,0.766068,0.320348,2.888809,6.840402,1.179169,0.632962,0.644124,12.738389,26.306316,2.138681,0.033261,0.006009
CHD,2023-12-31,0.441129,0.180201,0.128768,0.222141,0.137545,0.195985,0.088176,0.131903,0.15087,29.744666,3.830173,5.829504,27.846697,18.909529,4.200578,30.539674,0.033619,0.62406,0.280773,1.581511,9.723174,1.075738,0.644444,0.684766,11.136648,30.849168,1.363949,0.038089,0.010839
CHD,2024-12-31,0.456862,0.190631,0.095839,0.178546,0.159879,0.134218,0.065889,0.137231,0.112499,38.39923,3.680154,5.153887,23.018301,22.605072,4.036052,25.244337,0.026042,0.505549,0.248179,1.137656,8.961053,1.702713,1.236644,0.687496,10.164947,25.806116,1.975397,0.029441,0.009694
CHD,2025-12-31,0.447318,0.173717,0.118777,0.209489,0.176199,0.184099,0.082671,0.133671,0.141894,30.503623,3.623141,5.615679,20.562735,18.967734,3.973525,22.5513,0.032783,0.550972,0.247419,1.382147,11.051471,1.066302,0.709221,0.696019,10.453657,13.878793,1.649566,0.019732,0.00935
CHRW,2022-12-31,0.075727,0.051294,0.038083,0.05505,0.061615,0.694923,0.15795,0.306916,0.481353,19.007568,0.723867,13.208795,11.748294,14.486366,0.79748,12.943019,0.052611,1.744591,0.396531,1.29176,12.665667,1.080168,,4.147512,8.254901,,1.754523,0.005203,0.003672
CHRW,2023-12-31,0.064722,0.029245,0.018477,0.03487,0.036816,0.229174,0.062222,0.136335,0.162168,54.984557,1.015948,12.601051,27.595104,32.097966,1.119263,30.401344,0.018187,1.376264,0.373664,2.338627,4.881447,1.403852,,3.36756,7.38737,,2.251248,0.00478,0.003306
CHRW,2024-12-31,0.073837,0.037751,0.026273,0.043233,0.02453,0.270428,0.0879,0.173565,0.225071,38.388357,1.008582,10.381269,41.116004,25.70146,1.111148,45.297231,0.02605,1.01108,0.328644,1.607576,7.440108,1.277305,,3.345641,7.435872,,1.093182,0.004191,0.004772
CHRW,2025-12-31,0.083735,0.048973,0.036166,0.055307,0.051992,0.31809,0.116061,0.220095,0.246371,30.450779,1.101296,9.686074,21.18197,21.937531,1.21329,23.336037,0.03284,0.756042,0.275856,1.034294,10.964374,1.527837,,3.209083,6.875874,,1.557739,0.004346,0.004933
CHTR,2022-12-31,0.546277,0.22663,0.093573,0.387268,0.102717,0.554337,0.034977,0.089921,0.090731,3.295087,0.308331,1.826589,3.001742,5.565594,2.155377,20.983564,0.303482,10.703257,0.675346,4.634482,2.63784,0.332947,,0.373795,18.494351,,2.952522,0.173559,0.0087
CHTR,2023-12-31,0.547677,0.229018,0.083451,0.379768,0.060761,0.411059,0.030959,0.087836,0.08988,3.655182,0.305028,1.502496,5.020092,5.614707,2.132287,35.092765,0.273584,8.8582,0.667165,4.701177,2.321126,0.312699,,0.370989,18.417201,,3.167215,0.203545,0.012672
CHTR,2024-12-31,0.557974,0.240447,0.092276,0.388563,0.057384,0.326105,0.033882,0.092803,0.093244,3.276936,0.302381,1.068625,5.269429,5.440002,2.113784,36.835747,0.305163,6.143774,0.638335,4.452626,2.434691,0.313881,,0.367184,17.786568,,2.838875,0.204575,0.011818
CHTR,2025-12-31,0.565378,0.243254,0.091047,0.387246,0.080659,0.310639,0.032338,0.09102,0.088711,3.340017,0.304098,1.03754,3.770182,5.4895,2.125786,26.355318,0.2994,6.049645,0.629785,4.556315,2.479175,0.386593,,0.355184,14.884239,,3.223782,0.212856,0.012287
CI,2021-12-31,,,,,,,,,,,,,,8.941592,,,,,,,,,,,,,,,
CI,2022-12-31,0.12458,0.040672,0.037377,0.070037,0.04104,0.150062,0.046593,0.077763,0.093756,10.850256,0.405547,1.628206,9.881826,7.773533,0.544433,13.266013,0.092164,0.695982,0.216096,2.003582,7.837948,0.730673,0.614797,1.246572,10.41718,-24.184904,1.291169,0.00722,
CI,2023-12-31,0.123705,0.03797,0.026605,0.051489,0.052757,0.111719,0.033804,0.093081,0.066885,14.086003,0.374758,1.573678,7.103527,9.770975,0.5031,9.536242,0.070992,0.669147,0.202473,2.312187,4.812586,0.766709,0.650833,1.270606,10.952432,-27.269201,2.287568,0.008104,
CI,2024-12-31,0.101528,0.034305,0.013951,0.038509,0.036389,0.083689,0.02203,0.082933,0.068477,21.182329,0.295514,1.772722,8.121036,10.301838,0.396717,10.902213,0.047209,0.779178,0.205105,2.576432,4.671777,0.842891,0.72747,1.579076,10.160069,-24.24079,3.017764,0.005712,
CI,2025-12-31,0.089515,0.029775,0.021752,0.043688,0.030633,0.142809,0.037722,0.090049,0.090463,12.210864,0.265616,1.743824,8.670893,8.16208,0.356581,11.640377,0.081894,0.754273,0.199235,1.988215,6.526278,0.848639,0.718398,1.734142,9.519397,-19.2808,1.611717,0.004426,
CIEN,2022-10-31,0.429532,0.07081,0.042091,0.103416,-0.07118,0.056362,0.03016,0.056998,0.058443,323.493562,13.616138,18.232712,-191.290743,133.410054,13.796688,-193.827256,0.003091,0.43729,0.234002,0.196189,4.445701,3.253845,2.344038,0.716553,3.945234,168.373472,-1.097147,0.025,0.02894
CIEN,2023-10-31,0.428321,0.087735,0.058093,0.127414,0.014165,0.089464,0.045493,0.068812,0.089245,194.1035,11.27602,17.365359,796.053958,89.67268,11.425539,806.60962,0.005152,0.581796,0.295843,0.974201,4.477373,3.836586,2.709103,0.783103,4.369612,190.222374,0.660574,0.02421,0.02974
CIEN,2024-10-31,0.428296,0.047624,0.020911,0.087655,0.094121,0.029812,0.014882,0.030715,0.047067,589.151611,12.319643,17.564059,130.891746,142.41015,12.483001,132.627368,0.001697,0.579607,0.289338,1.733036,2.215369,3.544983,2.724422,0.711703,4.418851,145.734658,6.128591,0.034033,0.038955
CIEN,2025-10-31,0.420361,0.065162,0.02586,0.081432,0.139489,0.04519,0.021031,0.057507,0.054442,401.034658,10.370634,18.122741,74.347524,129.042503,10.508149,75.333371,0.002494,0.595589,0.277178,1.142633,2.703141,2.725102,2.093614,0.813261,4.887511,112.095744,6.535642,0.029521,0.038688
CINF,2022-12-31,,,-0.074204,,0.310376,-0.046109,-0.01638,,,-53.260351,3.952124,2.455765,12.733329,,3.797317,12.234556,-0.018776,0.084359,0.029968,,-12.09434,,,0.220739,2.197188,,-4.213552,0.002286,
CINF,2023-12-31,,,0.184061,,0.203136,0.152339,0.056242,,,14.073679,2.590412,2.143973,12.75211,,2.488943,12.252601,0.071055,0.072243,0.026672,,43.148148,,,0.305563,3.087573,,1.113402,0.001798,
CINF,2024-12-31,,,0.20217,,0.231719,0.164478,0.062793,,,11.316663,2.287888,1.861341,9.873541,,2.19827,9.486787,0.088365,0.062792,0.023972,,54.924528,,,0.310594,3.246564,,1.155759,0.001941,
CINF,2025-12-31,,,0.189455,,0.244795,0.150399,0.058363,,,10.839027,2.053503,1.63018,8.388678,,1.973066,8.060087,0.092259,0.055685,0.021609,,57.226415,,,0.308058,3.326574,,1.30046,0.001583,
CL,2022-12-31,0.570379,0.201314,0.099349,0.187677,0.103523,4.451372,0.11347,0.291772,0.241068,39.063701,3.880932,173.887049,37.488552,22.675774,4.255731,41.108984,0.025599,23.119701,0.589346,2.36981,16.928144,1.276973,0.758991,1.14214,11.946144,55.284328,1.431933,0.038738,0.006957
CL,2023-12-31,0.582104,0.20995,0.118209,0.218225,0.156242,3.776683,0.140304,0.32284,0.31574,30.316829,3.583734,114.497055,22.937075,18.008175,3.92983,25.152207,0.032985,14.883415,0.552919,1.785916,12.818815,1.113478,0.705547,1.186909,12.26797,40.346297,1.628261,0.036234,0.00627
CL,2024-12-31,0.604995,0.215412,0.143724,0.241431,0.176409,13.627358,0.180045,0.408927,0.412948,24.135932,3.468917,328.908993,19.664046,15.755762,3.803926,21.563088,0.041432,40.150943,0.530475,1.412116,14.547945,0.923251,0.578225,1.252711,13.215648,35.985274,1.421599,0.027909,0.006716
CL,2025-12-31,0.60107,0.207683,0.104602,0.194093,0.178295,39.481481,0.130557,0.38905,0.350955,32.705772,3.421092,1291.272344,19.187866,19.328289,3.751482,21.040922,0.030576,158.407407,0.523821,1.69363,12.456929,0.833066,0.536553,1.248132,12.168358,27.437104,1.969043,0.027671,0.007605
CLX,2022-06-30,0.358098,0.101168,0.065006,0.131842,0.075278,0.830935,0.075024,0.17077,0.163009,21.751877,1.41401,18.074401,18.783864,16.719708,2.204357,29.282928,0.045973,5.580935,0.503897,2.697972,6.726415,0.966928,0.543722,1.154108,10.436123,18.572875,1.701299,0.035317,0.007317
CLX,2023-06-30,0.393558,0.111382,0.020165,0.07633,0.125863,0.677273,0.025063,0.20267,0.08143,67.445416,1.360044,45.678941,10.805771,27.777246,2.120228,16.845555,0.014827,13.290909,0.491842,3.829787,3.644444,0.953573,0.590506,1.242893,10.739826,7.512769,7.771812,0.030857,0.00988
CLX,2024-06-30,0.429719,0.101931,0.039476,0.101931,0.068095,0.853659,0.048687,0.188568,0.11683,35.890597,1.416801,30.638314,20.806143,21.668557,2.208708,32.435541,0.027862,8.85061,0.504782,3.157676,5.422222,1.030496,0.625794,1.233351,10.763278,5.668092,2.482143,0.029889,0.010433
CLX,2025-06-30,0.45228,0.165681,0.11402,0.194961,0.107123,2.523364,0.145657,0.320282,0.320154,12.406626,1.414607,31.306439,13.205476,11.311456,2.205288,20.586553,0.080602,8.971963,0.517892,1.675812,13.25,0.837936,0.565399,1.277468,8.824845,11.811542,1.211111,0.030968,0.011402
CLX,2026-06-30,0.423214,0.131845,0.087351,0.17381,0.060268,6.522222,0.075314,0.130512,0.18343,17.119876,1.495442,111.659634,24.813252,13.412985,2.331305,38.682386,0.058412,61.333333,0.708237,4.21661,7.084615,0.657771,0.377569,0.862202,8.738622,21.145536,1.042589,0.030804,0.007143
CMCSA,2022-12-31,0.685301,0.186318,0.044224,0.222364,0.104145,0.066343,0.020873,0.066335,0.057457,15.027188,0.664564,0.996948,6.381148,6.059331,1.347377,12.93753,0.066546,1.235227,0.388623,3.527055,3.382957,0.782659,,0.471974,9.583064,,4.918622,0.113377,0.011002
CMCSA,2023-12-31,0.697611,0.191763,0.126575,0.319983,0.106612,0.186063,0.058109,0.095657,0.109366,5.244086,0.663771,0.975732,6.226063,4.205753,1.34577,12.6231,0.190691,1.17396,0.366639,2.336058,6.010521,0.596721,,0.45909,8.801274,,1.852158,0.127825,0.010208
CMCSA,2024-12-31,0.700754,0.188296,0.130865,0.303958,0.101373,0.189247,0.060824,0.107279,0.100635,4.983696,0.652189,0.943151,6.433549,4.350235,1.322288,13.04377,0.200654,1.15817,0.372235,2.440134,5.516933,0.677118,,0.464785,9.057243,,1.709054,0.122281,0.01041
CMCSA,2025-12-31,0.71747,0.167088,0.161656,0.374967,0.155488,0.206371,0.073352,0.080533,0.126199,4.035204,0.652316,0.83275,4.195269,3.527099,1.322544,8.505745,0.247819,1.02099,0.362897,1.928513,6.843956,0.881965,,0.453753,8.919677,,1.682318,0.116469,0.010412
CME,2022-12-31,0.849962,0.600849,0.53612,0.800016,0.590967,0.100116,0.01545,0.076697,0.100115,36.881261,19.772776,3.692421,33.45834,25.112156,20.090125,33.995339,0.027114,0.127923,0.019741,0.178877,22.452366,1.010101,,0.028818,10.387831,,1.135637,0.017871,0.016795
CME,2023-12-31,0.851476,0.615838,0.578286,0.836294,0.605388,0.12066,0.024873,0.088471,0.118851,30.762963,17.789792,3.711865,29.385762,21.613592,18.075315,29.857397,0.032507,0.12811,0.026409,0.110039,27.057716,1.015771,,0.043012,10.416169,,1.070547,0.013694,0.01486
CME,2024-12-31,0.861291,0.641344,0.575162,0.822026,0.586695,0.133115,0.025652,0.102033,0.133842,28.148923,16.190188,3.74704,27.595571,20.011584,16.450037,28.038475,0.035525,0.129422,0.024941,0.106289,29.224984,1.007033,,0.0446,10.696388,,1.046713,0.015334,0.0146
CME,2025-12-31,0.860902,0.648637,0.624513,0.894826,0.643131,0.141749,0.020523,0.100499,0.144355,24.371954,15.220604,3.454706,23.666414,17.282576,15.464892,24.046255,0.041031,0.119127,0.017247,,31.741061,1.031583,,0.032862,10.201189,,1.050317,0.012806,0.014539
CMG,2022-12-31,0.238819,0.140261,0.104127,0.173479,0.097747,0.379684,0.129787,0.389187,0.201661,47.050245,4.899204,17.864236,50.121056,31.406225,5.44831,55.738659,0.021254,1.575749,0.538637,,,1.275477,1.236787,1.24643,80.788286,-3.750941,1.471669,0.055493,0.011353
CMG,2023-12-31,0.261972,0.165435,0.124471,0.197789,0.123864,0.401259,0.152745,0.404381,0.232845,34.427972,4.285294,13.814521,34.596656,24.094275,4.765593,38.474273,0.029046,1.323106,0.50366,,,1.572554,1.534413,1.227151,85.442931,-3.660687,1.451472,0.056802,0.012563
CMG,2024-12-31,0.266725,0.175464,0.135596,0.205077,0.133595,0.419666,0.166672,0.414437,0.247048,27.574895,3.739038,11.572258,27.987879,20.275873,4.158112,31.12478,0.036265,1.242118,0.493311,,,1.523473,1.481599,1.229182,78.588617,-2.472087,1.372181,0.052467,0.011643
CMG,2025-12-31,0.253757,0.16878,0.128778,0.199083,0.121385,0.542555,0.170744,0.543443,0.257841,27.545251,3.547236,14.944824,29.223,19.814869,3.944813,32.498334,0.036304,1.793189,0.564322,,,1.234661,1.192993,1.325872,76.218482,-1.908931,1.376468,0.055874,0.010024
CMI,2022-12-31,0.239332,0.0919,0.076619,0.135428,0.037259,0.239666,0.070992,0.118712,0.159869,34.062839,2.609858,8.163695,70.047004,20.697047,2.802956,75.229611,0.029358,0.930919,0.275752,1.513414,15.165829,1.265301,0.774713,0.926565,5.39677,90.724355,0.912134,0.032628,
CMI,2023-12-31,0.242155,0.037517,0.021576,0.088801,0.080816,0.083051,0.022965,0.042469,0.104753,99.68594,2.150864,8.279002,26.614299,26.01328,2.310001,28.583426,0.010032,0.814463,0.225215,1.493223,5.336,1.177866,0.73789,1.064365,6.101558,79.855065,5.395918,0.035608,
CMI,2024-12-31,0.247463,0.09888,0.115712,0.185854,0.008181,0.384188,0.125111,0.161439,0.259677,18.567959,2.14853,7.133596,262.613498,12.415616,2.307494,282.043631,0.053856,0.739753,0.2409,0.85011,14.251351,1.313156,0.80203,1.08123,6.582127,80.926254,0.376837,0.035423,
CMI,2025-12-31,0.252925,0.114791,0.084437,0.160291,0.070864,0.230221,0.083637,0.144911,0.176031,25.771778,2.176096,5.933206,30.707949,14.580354,2.3371,32.979955,0.038802,0.657057,0.238703,0.872151,13.045593,1.761186,1.155359,0.990527,5.787212,92.410555,1.273655,0.03668,
CMS,2022-12-31,0.321312,0.142392,0.097371,0.296301,-0.189158,0.119316,0.026696,0.052197,0.050092,24.479247,2.383566,2.92076,-12.600941,15.861064,4.699643,-24.845099,0.040851,2.039772,0.456384,5.526894,2.737958,1.150084,0.775879,0.274168,5.496164,78.234607,1.021505,0.288623,
CMS,2023-12-31,0.383543,0.165505,0.118869,0.372152,-0.144331,0.117577,0.026464,0.045618,0.052152,23.099357,2.745796,2.71595,-19.024262,14.547401,5.413848,-37.509871,0.043291,2.073568,0.466718,5.528988,2.48367,0.980656,0.656649,0.222633,7.997856,56.428533,2.603157,0.453766,
CMS,2024-12-31,0.427013,0.197871,0.133466,0.408649,-0.107518,0.121871,0.027923,0.051265,0.056514,20.427846,2.726431,2.489566,-25.357834,13.154715,5.375666,-49.997687,0.048953,2.01288,0.461192,5.324324,2.586158,0.792389,0.573985,0.209215,7.163966,24.163554,2.362911,0.422888,
CMS,2025-12-31,0.415271,0.202249,0.125425,0.392552,-0.211149,0.117126,0.026815,0.050088,0.05622,19.13084,2.399477,2.240719,-11.36391,12.051948,4.731014,-22.406063,0.052272,2.06671,0.473148,5.445704,2.56391,0.978579,0.755637,0.21379,6.538285,11.671223,2.086835,0.472889,
CNC,2022-12-31,0.115229,0.025154,0.008316,0.028074,0.036369,0.049965,0.015637,0.05294,0.05427,26.758749,0.222516,1.336992,6.118322,5.25062,0.147405,4.053075,0.037371,0.886769,0.27752,1.465254,3.950376,1.05846,,1.880408,10.891124,,5.208819,0.006946,0.001619
CNC,2023-12-31,0.112436,0.022461,0.017546,0.036468,0.047104,0.104567,0.031923,0.059418,0.090203,11.903781,0.208859,1.244737,4.43397,3.793984,0.138358,2.937278,0.084007,0.730534,0.223024,0.113248,5.962759,1.110034,,1.819437,9.91495,,2.980385,0.005188,0.001403
CNC,2024-12-31,0.1032,0.01955,0.020267,0.03802,-0.003005,0.125142,0.040087,0.054888,0.102918,9.731926,0.197239,1.217873,-65.640849,3.436615,0.130661,-43.483704,0.102755,0.735668,0.23566,0.720968,7.064103,1.109104,,1.977937,8.272257,,0.046596,0.003949,0.0013
CNC,2025-12-31,0.071194,-0.001602,-0.034265,-0.024515,0.022184,-0.334486,-0.086961,-0.008289,-0.151057,-4.819301,0.165133,1.611989,7.443651,-4.462202,0.109392,4.931038,-0.207499,0.910239,0.236648,,-8.923304,1.10012,,2.53791,10.758188,,-0.762361,0.003938,0.001047
CNP,2022-12-31,0.364446,0.168008,0.1134,0.346422,-0.279906,0.105226,0.027422,0.044738,0.058056,23.818628,2.701029,2.50635,-9.649785,15.288105,5.296137,-18.921154,0.041984,1.678049,0.437296,5.197275,3.704198,0.91903,0.747702,0.241815,10.484814,5.484095,1.712394,0.474091,
CNP,2023-12-31,0.423873,0.202392,0.105451,0.36672,-0.060258,0.094859,0.02309,0.052492,0.049873,27.455059,2.895157,2.604354,-48.046354,15.479865,5.676781,-94.208571,0.036423,1.925934,0.46879,5.809972,2.550642,0.783385,0.58411,0.21896,12.247887,19.091477,4.227917,0.506095,
CNP,2024-12-31,0.460025,0.230244,0.117899,0.403911,-0.274673,0.095537,0.023282,0.052811,0.051658,24.706859,2.912911,2.360425,-10.605008,14.140731,5.711592,-20.794141,0.040475,1.965404,0.478957,5.997995,2.448687,1.083066,0.906551,0.197473,12.054393,-17.115055,2.099117,0.522157,
CNP,2025-12-31,0.450572,0.2255,0.112429,0.393288,-0.254783,0.094324,0.022607,0.05215,0.053384,23.931834,2.690637,2.257356,-10.560524,13.414481,5.275761,-20.706917,0.041785,2.060432,0.493832,6.234239,2.380952,0.910703,0.79377,0.201079,11.609181,-8.886152,2.363118,0.520466,
COF,2022-12-31,,,0.214891,,0.375912,0.139972,0.016167,,,16.873334,3.625919,2.361792,9.64565,,3.718445,9.891785,0.059265,0.909665,0.105068,,,,,0.075234,16.278517,,1.876223,0.02727,0.009168
COF,2023-12-31,,,0.132846,,0.533177,0.08413,0.010214,,,25.411856,3.375859,2.137887,6.331587,,3.462004,6.493154,0.039352,0.849008,0.103076,,,,,0.076886,14.84544,,4.210149,0.026123,0.013945
COF,2024-12-31,,,0.121446,,0.433499,0.078146,0.009691,,,26.144787,3.175183,2.043099,7.32455,,3.256206,7.511456,0.038249,0.740145,0.091787,,,,,0.079797,15.447077,,3.822947,0.030783,0.014548
COF,2025-12-31,,,0.045907,,0.489202,0.02159,0.003667,,,50.626881,2.324133,1.093048,4.75087,,2.38344,4.872101,0.019752,0.443714,0.075355,,,,,0.07987,15.301833,,11.299633,0.029532,0.014523
COHR,2022-06-30,0.381562,0.124915,0.070783,0.207995,0.02985,0.053558,0.029925,0.063076,0.061275,264.736673,18.738774,14.17873,627.770875,92.842795,19.31085,646.9361,0.003777,0.556254,0.310805,1.026405,3.324105,3.398052,2.685669,0.422776,4.735784,160.290402,1.760665,0.094775,0.022075
COHR,2023-06-30,0.313615,0.015887,-0.050282,0.118796,0.038365,-0.035891,-0.018923,0.006758,-0.005437,-239.535172,12.044208,8.597262,313.940932,104.480537,12.411906,323.525239,-0.004175,0.620949,0.327385,5.690836,-0.239431,3.014604,1.835151,0.376344,5.723708,153.120636,-2.443652,0.084506,0.028851
COHR,2024-06-30,0.309274,0.026165,-0.03317,0.148818,0.042253,-0.020615,-0.010778,0.01323,0.010714,-398.000158,13.201664,8.204653,312.441579,91.418326,13.604698,321.980112,-0.002513,0.568081,0.297002,4.530738,0.488181,2.72376,1.766448,0.324923,5.547973,139.296169,-3.494826,0.07367,0.026775
COHR,2025-06-30,0.351684,0.092072,0.008496,0.153358,0.033177,0.006073,0.003311,0.018296,0.025727,1259.000823,10.696745,7.646535,322.411429,71.879369,11.023306,332.254331,0.000794,0.479056,0.261128,3.117427,1.387176,2.188023,1.387041,0.389655,6.026771,117.796934,12.835265,0.075874,0.027579
COHR,2026-06-30,0.374961,0.126651,0.11309,0.219142,-0.14478,0.073829,0.043989,0.05924,0.067202,77.204312,8.731067,5.699945,-60.305828,41.058324,8.997618,-62.146905,0.012953,0.324523,0.193359,1.320734,5.455491,2.426654,1.522272,0.388975,5.299112,124.311597,0.098775,0.15595,0.026196
COIN,2022-12-31,0.802806,-0.609633,-0.821784,-0.883353,-0.496342,-0.48124,-0.029256,-0.188074,-0.333987,-19.524312,16.044767,9.395873,-32.326043,-17.411951,15.380893,-30.988509,-0.051218,0.639785,0.038894,,-33.471851,1.069701,,0.0356,15.73424,,0.603981,0.020027,0.490207
COIN,2023-12-31,0.634681,-0.01729,0.030521,0.046829,0.216632,0.015103,0.00643,-0.0,0.000639,540.210638,16.487776,8.158737,76.109519,337.515516,15.805572,72.960383,0.001851,0.474999,0.202237,,0.071539,2.070489,,0.210682,38.145285,,7.097806,0.020333,0.251149
COIN,2024-12-31,0.747823,0.340558,0.392909,0.480011,0.47287,0.250959,0.114412,0.131623,0.207066,19.87166,7.807755,4.986972,16.511404,15.592758,7.484699,15.828222,0.050323,0.456769,0.20824,,37.488859,2.280811,,0.291192,51.783526,,1.203511,,0.139067
COIN,2025-12-31,0.746395,0.202768,0.175501,0.25008,0.337874,0.085197,0.042476,0.053704,0.076654,40.664307,7.136611,3.464485,21.122108,27.356538,6.841324,20.248152,0.024592,0.529401,0.263936,,18.820063,2.343154,,0.242025,40.554357,,1.925201,,0.116892
COO,2022-10-31,0.646717,0.153428,0.116612,0.265597,0.136138,0.053774,0.03357,0.041545,0.052154,27.25165,3.177876,1.465424,23.342999,14.97711,3.97787,29.219331,0.036695,0.38517,0.240457,2.964152,9.294939,1.197938,0.706843,0.28788,5.931158,180.176906,1.794712,0.073147,0.016383
COO,2023-10-31,0.656212,0.148364,0.081877,0.246549,0.059835,0.038963,0.025234,0.03755,0.048476,35.736528,2.925995,1.392394,48.900868,14.855386,3.662581,61.2111,0.027983,0.340255,0.220364,2.758776,4.921178,1.759443,1.00031,0.308194,5.89339,201.900197,2.064922,0.109234,0.017283
COO,2024-10-31,0.66635,0.181162,0.100709,0.275119,0.073959,0.048532,0.031855,0.044585,0.061688,26.800119,2.699,1.300652,36.493185,12.279917,3.378443,45.679926,0.037313,0.31963,0.209798,2.307176,6.094488,1.907998,1.123191,0.316308,5.432915,219.451303,1.808055,0.108128,0.019279
COO,2025-10-31,0.655386,0.16687,0.091609,0.255083,0.105977,0.045504,0.030247,0.042073,0.059076,28.043976,2.569076,1.276103,24.241841,12.606942,3.215811,30.344447,0.035658,0.304082,0.202125,2.291599,6.665,1.892883,1.132638,0.330171,4.93655,215.145111,2.1235,0.088554,0.017227
COP,2022-12-31,0.38236,0.324381,0.23798,0.472992,0.231292,0.389142,0.199086,0.266077,0.361599,8.478175,2.017636,3.299217,8.723344,4.685817,2.216352,9.582502,0.11795,0.346707,0.177376,0.238775,27.756398,1.459407,1.364521,0.836564,11.07421,-4.262543,1.515739,0.129424,
COP,2023-12-31,0.324237,0.267648,0.195169,0.459254,0.15527,0.222346,0.114226,0.150671,0.201946,14.453985,2.820974,3.213789,18.168213,6.747482,3.098811,19.957592,0.069185,0.384281,0.197417,0.472133,16.322672,1.432284,1.292554,0.585265,10.255937,-0.191211,1.822123,0.200353,
COP,2024-12-31,0.29926,0.233501,0.168874,0.446159,0.146242,0.142679,0.075297,0.098025,0.133567,17.130591,2.892909,2.444168,19.781703,7.122634,3.17783,21.729993,0.058375,0.375394,0.19811,0.72782,13.33935,1.290581,1.141372,0.445879,8.176998,4.342978,2.176744,0.221354,
COP,2025-12-31,0.250882,0.19242,0.135518,0.433802,0.122879,0.12387,0.065508,0.082161,0.126302,19.826279,2.686827,2.45588,21.865569,6.803689,2.951451,24.019098,0.050438,0.363546,0.19226,0.631443,11.264396,1.297361,1.140912,0.483389,10.140031,0.079535,2.478217,0.212965,
COR,2022-09-30,0.034773,0.011541,0.00712,0.013008,0.009249,-8.030006,0.030035,0.382793,0.18297,34.685025,0.246969,-278.520953,26.701294,22.799428,0.296577,32.06474,0.028831,-26.95623,0.100827,0.745802,11.362301,0.910571,0.552771,4.218253,12.92967,-10.818061,1.591156,0.00208,0.000391
COR,2023-09-30,0.034174,0.010244,0.006657,0.012856,0.013171,3.343454,0.027898,0.405567,0.174085,33.761445,0.224751,112.879838,17.064593,20.993055,0.269896,20.492331,0.02962,9.171321,0.076527,0.651337,10.438809,0.876465,0.519014,4.190835,12.537535,-11.798137,2.241076,0.001748,0.000475
COR,2024-09-30,0.033712,0.010739,0.005134,0.011469,0.010197,2.336323,0.02249,0.475441,0.175651,39.045016,0.200449,91.22178,19.657507,20.987551,0.240712,23.606079,0.025611,6.793339,0.065394,0.372365,9.058384,0.879153,0.529118,4.380794,12.314045,-11.405955,2.309084,0.001657,0.000503
COR,2025-09-30,0.035722,0.012242,0.004837,0.011659,0.009981,1.030603,0.020292,0.297842,0.142682,37.913261,0.183373,39.073522,18.372641,18.886804,0.220206,22.063124,0.026376,5.080024,0.100023,0.882058,6.380155,0.903469,0.549054,4.195487,12.738514,-11.665551,2.493371,0.002079,0.00046
COST,2022-08-31,0.121487,0.034337,0.02575,0.043612,0.015426,0.283112,0.091076,0.216168,0.248632,67.94165,1.749478,19.235103,113.410741,38.925742,1.697644,110.050556,0.014719,0.437894,0.140869,,50.620253,1.021814,0.462185,3.536982,101.273539,3.712109,1.264887,0.017144,0.00319
COST,2023-08-31,0.122597,0.033489,0.025969,0.044261,0.027839,0.251097,0.091196,0.19087,0.24419,63.104101,1.638743,15.845279,58.865975,35.927545,1.590189,57.121867,0.015847,0.354537,0.128765,,54.04375,1.068368,0.572552,3.511755,106.035011,2.013755,1.759059,0.017842,0.003195
COST,2024-08-31,0.126133,0.03649,0.028952,0.047734,0.026052,0.31187,0.105498,0.238743,0.288329,53.895887,1.56041,16.808526,59.896063,31.721307,1.514177,58.121436,0.018554,0.345822,0.116982,,58.633136,0.965655,0.439855,3.64384,93.514517,2.632619,1.539161,0.01851,0.003215
COST,2025-08-31,0.128432,0.037724,0.029426,0.048678,0.028474,0.277705,0.105047,0.222878,0.274362,49.024695,1.442589,13.614422,50.663647,28.757053,1.399847,49.162562,0.020398,0.280243,0.106007,,71.246753,1.034278,0.546082,3.569891,85.930378,1.711191,1.6465,0.019976,0.003125
CPAY,2022-12-31,0.776867,0.422115,0.278463,0.514309,0.176057,0.375499,0.067734,0.112988,0.179015,27.366682,7.620595,10.27615,43.284895,19.309682,9.931147,56.408803,0.036541,2.768803,0.499451,3.1781,8.747143,1.010374,,0.243244,1.659832,,0.790921,0.044185,0.035428
CPAY,2023-12-31,0.781807,0.440925,0.261299,0.534956,0.518216,0.299142,0.063445,0.122717,0.19347,26.598462,6.950164,7.956705,13.411713,16.931177,9.057442,17.478123,0.037596,2.048193,0.434401,2.653077,4.800856,1.037873,,0.242805,1.738408,,2.139885,0.040935,0.030893
CPAY,2024-12-31,0.78134,0.441768,0.252541,0.533198,0.444169,0.321472,0.055897,0.11444,0.19117,26.019295,6.570934,8.364479,14.793773,16.060125,8.563231,19.27922,0.038433,2.560924,0.44529,3.03997,4.616077,0.996324,,0.221339,1.901262,,1.933323,0.044074,0.029368
CPAY,2025-12-31,0.785978,0.431023,0.236248,0.51648,0.286888,0.275454,0.040511,0.097738,0.160635,24.41216,5.767323,6.724428,20.10304,14.552286,7.515966,26.198248,0.040963,2.57519,0.378735,3.246747,4.817473,0.976677,,0.171478,2.110476,,1.402005,0.044333,0.022665
CPB,2022-07-31,0.306821,0.134081,0.088414,0.17531,0.109671,0.227259,0.063656,0.109904,0.129247,8.150445,0.720613,1.852263,6.5707,8.803877,1.543403,14.073077,0.122693,1.515461,0.424487,3.111259,6.15873,0.68018,0.248441,0.71998,17.473469,15.476848,1.560106,0.028264,0.006891
CPB,2023-07-31,0.311745,0.140216,0.091696,0.182003,0.082612,0.234362,0.071156,0.119918,0.133794,7.191011,0.659387,1.685301,7.981743,7.759612,1.412271,17.095239,0.139063,1.356733,0.411926,2.625954,7.0,0.927543,0.346535,0.775999,18.941296,18.41991,1.332168,0.039543,0.006733
CPB,2024-07-31,0.308323,0.127231,0.058842,0.147053,0.069323,0.149446,0.037217,0.084192,0.086285,10.881635,0.640295,1.626222,9.236358,9.325773,1.37138,19.782365,0.091898,1.987876,0.495044,4.943543,4.040161,0.612416,0.224832,0.632491,16.415673,26.342125,2.089947,0.053653,0.010274
CPB,2025-07-31,0.304204,0.131961,0.058715,0.153614,0.06876,0.15428,0.040414,0.095729,0.095163,10.248982,0.601764,1.581211,8.751613,8.390235,1.288854,18.744141,0.097571,1.848283,0.484157,4.225397,3.307246,0.768066,0.278045,0.688306,18.951941,23.966278,1.878738,0.041549,0.005559
CPRT,2022-07-31,0.4588,0.392753,0.311384,0.432344,0.239718,0.235673,0.205341,0.241552,0.282458,24.866539,7.743037,5.860378,32.30056,15.036761,6.501053,27.119546,0.040215,0.025829,0.022504,,82.394355,4.995486,4.86214,0.659448,25.508922,-10.42255,1.079397,0.096388,0.01113
CPRT,2023-07-31,0.448891,0.384174,0.31987,0.425441,0.219039,0.206723,0.183699,0.197352,0.238037,21.900996,7.005462,4.527437,31.982765,13.825136,5.881785,26.852725,0.04566,0.020118,0.017877,,,6.62096,6.539841,0.574293,24.633589,-9.152375,1.102177,0.133514,0.010253
CPRT,2024-07-31,0.450161,0.371038,0.321708,0.415944,0.226956,0.181156,0.16173,0.16601,0.201562,19.888013,6.398134,3.602834,28.191029,12.914908,5.371872,23.669184,0.050282,0.015781,0.014088,,,7.028979,6.959552,0.502722,24.398354,-8.494211,1.080369,0.120607,0.008316
CPRT,2025-07-31,0.451832,0.365124,0.334079,0.41199,0.264853,0.168983,0.153846,0.150856,0.180355,17.461289,5.833442,2.950654,22.02522,11.888062,4.897757,18.492372,0.05727,0.011292,0.01028,,,8.422052,8.364007,0.46051,23.12276,-9.252998,1.159297,0.122444,0.008178
CPT,2022-12-31,0.628047,0.183667,0.459399,0.952319,0.207542,0.131073,0.07007,0.030014,0.087647,17.550773,8.062811,2.300439,38.849141,11.121618,10.591331,51.032338,0.056978,0.738155,0.39461,2.708808,6.858319,0.068063,,0.152526,106.461838,,1.139378,0.315888,0.009012
CPT,2023-12-31,0.621055,0.209994,0.261545,0.72788,0.249033,0.080973,0.04298,0.036908,0.061155,28.443236,7.439178,2.303147,29.872227,13.425456,9.772125,39.24024,0.035158,0.745958,0.395944,3.078863,4.105086,0.651744,,0.16433,129.527677,,1.971069,0.266489,0.009411
CPT,2024-12-31,0.611789,0.192548,0.105771,0.573631,0.246879,0.034928,0.018447,0.035813,0.035948,70.25049,7.430432,2.453674,30.097479,17.015543,9.760636,39.536131,0.014235,0.745549,0.393757,3.912111,2.338566,0.101165,,0.174403,171.70971,,4.745317,0.255036,0.009824
CPT,2025-12-31,0.614097,0.183602,0.244329,0.729678,0.245445,0.088128,0.042515,0.03461,0.062551,29.837574,7.290176,2.629536,29.701836,13.124133,9.576396,39.016413,0.033515,0.894159,0.431361,3.375415,3.885705,0.101278,,0.174007,177.121117,,2.150072,0.279879,0.010778
CRH,2022-12-31,0.330501,0.114873,0.118021,0.164471,0.069584,0.174302,0.085218,0.092205,0.102071,14.840564,1.751498,2.586734,25.170953,14.047243,2.310371,33.202575,0.067383,0.49077,0.239944,0.688406,11.061047,1.844671,1.323094,0.722059,8.356231,64.738954,0.983946,0.046542,0.003087
CRH,2023-12-31,0.342299,0.128387,0.090246,0.172337,0.091562,0.151242,0.066443,0.106263,0.117204,18.171927,1.63994,2.748358,17.910706,12.55226,2.163217,23.625708,0.05503,0.624437,0.274326,0.880126,11.675532,1.686308,1.257765,0.736249,9.778679,55.460185,1.590679,0.05199,0.003519
CRH,2024-12-31,0.35705,0.138367,0.097211,0.20027,0.067778,0.160041,0.068322,0.106514,0.132103,16.574395,1.611218,2.652578,23.771986,10.612334,2.125331,31.357223,0.060334,0.720322,0.30751,1.438518,8.702614,1.367813,0.905983,0.702823,9.290154,63.993555,1.442741,0.072473,0.003514
CRH,2025-12-31,0.361257,0.142148,0.099607,0.20752,0.077763,0.155391,0.063948,0.1001,0.113263,15.365753,1.530543,2.387696,19.682094,9.728769,2.018914,25.962316,0.06508,0.820905,0.337825,1.744563,6.932099,1.742518,1.142678,0.641996,8.716713,72.210134,1.508043,0.072449,0.003819
CRL,2022-12-31,0.367864,0.163724,0.122288,0.248021,0.074171,0.163366,0.063954,0.090562,0.104786,27.545871,3.36854,4.500067,45.416076,16.392525,4.065697,54.815436,0.036303,1.040649,0.407388,2.508365,11.507278,1.318296,1.083949,0.522975,7.107596,58.599174,1.274387,0.081672,0.018515
CRL,2023-12-31,0.363867,0.149479,0.114938,0.249943,0.08848,0.131954,0.057916,0.081694,0.100561,28.219219,3.243447,3.723647,36.657412,15.662411,3.914714,44.24407,0.035437,0.852511,0.374177,2.296613,5.251949,1.52468,1.164273,0.503894,7.143355,80.459535,1.440926,0.077136,0.017448
CRL,2024-12-31,0.328846,0.109222,0.002542,0.143492,0.123855,0.002975,0.001368,0.021167,0.033577,1300.720461,3.307051,3.869278,26.70106,27.816658,3.991481,32.22714,0.000769,0.78694,0.361832,3.475787,1.737315,1.411397,1.1312,0.537965,7.674722,66.117388,71.338934,0.057523,0.017257
CRL,2025-12-31,0.329551,0.0999,-0.035946,0.102316,0.129127,-0.04561,-0.020228,0.076025,0.001251,-92.792741,3.335553,4.232254,25.831579,39.347519,4.025882,31.177711,-0.010777,0.81223,0.360232,4.619685,0.070317,1.291645,1.024664,0.562739,7.740824,67.530916,-5.110546,0.054578,0.017703
CRM,2023-01-31,0.73335,0.059263,0.006634,0.18002,0.201359,0.003564,0.002104,0.008491,0.025467,941.385413,6.245476,3.355235,31.016659,40.18093,7.233388,35.922884,0.001062,0.241402,0.14252,0.635188,,1.019466,,0.317171,2.915109,,34.1875,0.025453,0.104587
CRM,2024-01-31,0.75497,0.172103,0.118656,0.285681,0.272485,0.069342,0.041433,0.072569,0.081963,47.3424,5.61747,3.282838,20.615726,22.773767,6.506044,23.876729,0.021123,0.211045,0.126103,0.095802,,1.091735,,0.349188,3.053881,,2.474371,0.021115,0.079955
CRM,2025-01-31,0.771922,0.202296,0.163531,0.294049,0.328117,0.101303,0.060207,0.091759,0.102284,31.597251,5.167124,3.200892,15.747802,20.351895,5.984461,18.238794,0.031648,0.186226,0.110679,,,1.062437,,0.36817,3.172457,,2.112635,0.017364,0.083995
CRM,2026-01-31,0.776761,0.214738,0.179579,0.302179,0.346827,0.126086,0.0664,0.094925,0.118598,26.258303,4.715428,3.310814,13.595901,18.073093,5.461316,15.746505,0.038083,0.29042,0.152941,0.566784,,0.760332,,0.369752,2.895948,,2.010996,0.014305,0.084503
CRWD,2023-01-31,0.731741,-0.084825,-0.081761,-0.018184,0.300981,-0.125198,-0.036455,-0.086232,-0.046124,-1327.938646,108.573179,166.25533,360.730713,-5868.926976,106.718904,354.569948,-0.000753,0.535389,0.155896,,-5.314744,1.726004,,0.44588,3.579214,,-5.13524,0.118879,0.234917
CRWD,2024-01-31,0.751623,-0.006264,0.023623,0.09055,0.304068,0.031329,0.01086,-0.004367,0.033279,3371.221196,79.637944,105.617794,261.908758,864.469371,78.277841,257.43573,0.000297,0.344137,0.119292,,5.102772,1.763743,,0.459723,3.581687,,16.156703,0.0776,0.21229
CRWD,2025-01-31,0.749553,-0.029441,-0.003855,0.075584,0.270108,-0.004647,-0.001752,-0.0,0.016196,-15966.020413,61.548118,74.199897,227.864734,800.393031,60.496964,223.973131,-6.3e-05,0.240556,0.090662,,3.225837,1.766327,,0.454357,3.503234,,-90.658553,0.079376,0.217874
CRWD,2026-01-31,0.74669,-0.06095,-0.03377,0.037922,0.257998,-0.036696,-0.014657,-0.056687,-0.014338,-1497.446906,50.568966,54.949568,196.004895,1310.709765,49.70532,192.657412,-0.000668,0.185186,0.07397,,-3.531922,1.773131,,0.434035,3.533448,,-9.922026,0.07707,0.227905
CSCO,2022-07-31,0.625482,0.271059,0.229106,0.325737,0.24728,0.296985,0.125657,0.231343,0.217036,36.552041,8.374279,10.855422,33.865614,26.617821,8.670397,35.063117,0.027358,0.239233,0.101221,0.145052,41.213889,1.43202,1.331864,0.548467,7.785714,52.305924,1.119709,0.009252,0.036581
CSCO,2023-07-31,0.627268,0.273027,0.221288,0.30652,0.333994,0.284378,0.123837,0.242945,0.223197,34.23077,7.574875,9.734465,22.679661,25.586382,7.842726,23.481624,0.029213,0.189187,0.082384,,36.873536,1.384522,1.268134,0.559616,9.73659,60.354719,1.576627,0.014895,0.041282
CSCO,2024-07-31,0.647324,0.241065,0.191811,0.292679,0.189766,0.227028,0.08295,0.143149,0.157941,41.836503,8.024696,9.498047,42.287239,28.387609,8.308453,43.782535,0.023903,0.681369,0.248953,1.490125,13.161034,0.908289,0.825177,0.432455,8.048317,65.914205,1.054264,0.012453,0.057134
CSCO,2025-07-31,0.64938,0.220708,0.179687,0.273661,0.234547,0.217322,0.083244,0.153032,0.145517,42.411857,7.620869,9.217017,32.491926,28.832539,7.890346,33.640855,0.023578,0.599727,0.229723,1.273671,7.967985,0.997775,0.90754,0.463272,8.454559,54.858442,1.394204,0.015974,0.064267
CSCO,2026-07-31,0.645243,0.253628,0.209507,0.316131,0.201611,0.263836,0.10234,0.166756,0.198373,32.543356,6.818045,8.586113,33.817867,22.329771,7.059134,35.013682,0.030728,0.587312,0.227813,1.114691,11.890476,0.931126,0.794004,0.488479,8.477242,80.880626,1.068591,0.022266,0.060482
CSGP,2022-12-31,0.810301,0.206653,0.169309,0.269841,0.176365,0.053785,0.043975,0.043584,0.056166,31.900402,5.401026,1.715749,30.624054,19.849206,5.356121,30.36944,0.031348,0.160932,0.13158,,,13.914408,,0.259732,14.180637,,1.295535,0.04298,0.034457
CSGP,2023-12-31,0.8,0.114868,0.152749,0.158859,0.141344,0.0511,0.042042,0.025292,0.033318,31.432529,4.801303,1.606192,33.968872,29.972301,4.761384,33.686448,0.031814,0.15131,0.124488,,,12.014261,,0.275233,12.921053,,1.306667,0.058248,0.034623
CSGP,2024-12-31,0.796053,0.001827,0.050804,0.055556,-0.089547,0.018403,0.015016,0.000387,0.000574,84.799989,4.308187,1.560598,-48.111014,76.902616,4.272368,-47.71101,0.011792,0.15239,0.124338,,,8.967391,,0.29556,14.553191,,2.827338,0.233187,0.032529
CSGP,2025-12-31,0.788728,-0.022174,0.002156,0.058824,0.012627,0.00084,0.000664,-0.001801,-0.007353,1683.885495,3.630181,1.414351,287.492645,61.199987,3.599999,285.10238,0.000594,0.142069,0.112355,,,2.840483,,0.308123,13.876068,,61.428571,0.119803,0.059747
CSX,2022-12-31,0.384838,0.390157,0.276981,0.510941,0.229785,0.32612,0.098158,0.145469,0.154332,21.208451,5.87434,6.916494,25.564479,13.876775,7.090207,30.8558,0.047151,1.469283,0.442236,2.120042,8.203504,1.557669,1.419668,0.354385,14.132255,-5.691109,1.343218,0.142261,
CSX,2023-12-31,0.375179,0.377158,0.250256,0.494303,0.222215,0.306177,0.086895,0.137612,0.144605,23.787232,5.952894,7.283102,26.788937,14.535659,7.185021,32.333696,0.042039,1.58798,0.450678,2.371291,6.969098,1.042197,0.905678,0.347224,14.243926,-6.140166,1.503272,0.153988,
CSX,2024-12-31,0.368157,0.371596,0.238652,0.484525,0.186933,0.277556,0.081143,0.132753,0.136421,25.144544,6.000796,6.979009,32.101386,14.94831,7.242837,38.745713,0.03977,1.518877,0.444042,2.493967,6.47476,0.860806,0.734432,0.340006,14.598394,-2.967207,1.512104,0.173934,
CSX,2025-12-31,0.332458,0.3348,0.20501,0.446565,0.121416,0.219612,0.066137,0.112914,0.113764,30.201304,6.191567,6.632578,50.994487,16.734601,7.473094,61.549297,0.033111,1.471076,0.44302,2.892579,5.46564,0.813916,0.689435,0.322604,15.50275,-5.905668,1.596746,0.205932,
CTAS,2022-05-31,0.462444,0.202098,0.157332,0.253017,0.165123,0.373544,0.151678,0.214429,0.23645,64.000865,10.069378,23.907144,60.98102,41.013394,10.377093,62.844568,0.015625,0.897299,0.364349,1.361152,17.869659,1.836835,0.867566,0.964062,7.805906,145.080767,1.244278,0.030641,0.013917
CTAS,2023-05-31,0.473398,0.204482,0.152909,0.252244,0.142372,0.348865,0.157729,0.226002,0.246625,58.671313,8.971369,20.468376,63.01356,36.653133,9.245529,64.939222,0.017044,0.69058,0.312226,1.062297,16.221771,2.388871,1.154362,1.031524,7.645987,143.361247,1.176718,0.037559,0.011754
CTAS,2024-05-31,0.488341,0.215559,0.163765,0.263764,0.172877,0.3641,0.171406,0.24253,0.282601,50.324459,8.241397,18.323147,47.672115,32.200143,8.49325,49.12895,0.019871,0.61813,0.290995,0.842871,20.591374,1.74196,0.94878,1.046658,7.713192,129.921094,1.316181,0.042668,0.01219
CTAS,2025-05-31,0.500394,0.228209,0.175266,0.276542,0.169922,0.386869,0.184452,0.265665,0.289132,43.640868,7.648756,16.883304,45.013416,28.503812,7.882498,46.389002,0.022914,0.566654,0.27017,0.755737,23.393896,2.089489,1.125812,1.05241,7.295273,127.727827,1.195126,0.039543,0.012411
CTAS,2026-05-31,0.506695,0.23273,0.177542,0.277366,0.166996,0.389107,0.189946,0.276537,0.333022,39.545391,7.020967,15.387404,42.042615,26.08653,7.235524,43.327416,0.025287,0.526462,0.256997,0.684615,24.571849,1.433979,0.792879,1.069865,7.243334,133.247489,1.138158,0.035074,0.01137
CTRA,2022-12-31,0.663021,0.575627,0.449122,0.760579,0.413877,0.321115,0.201697,0.276095,0.276831,,,,,,,,,0.205308,0.128957,0.219059,65.6125,1.853311,1.800503,0.449092,8.482662,47.337144,1.342189,0.188929,0.008065
CTRA,2023-12-31,0.462631,0.362191,0.274772,0.649645,0.263612,0.124626,0.079598,0.107611,0.117355,,,,,,,,,0.193727,0.123733,0.313639,30.150685,1.213855,1.178313,0.289689,8.179806,44.507231,2.251077,0.354921,0.009638
CTRA,2024-12-31,0.365519,0.253939,0.205387,0.606083,0.187615,0.085429,0.051838,0.069351,0.071404,,,,,,,,,0.289742,0.175815,0.452539,12.398305,2.923415,2.882923,0.252393,6.656098,53.466737,2.49331,0.324478,0.011176
CTRA,2025-12-31,0.415435,0.320078,0.224591,0.634794,0.213734,0.115716,0.07083,0.099518,0.10946,,,,,,,,,0.270724,0.165711,0.763239,11.286364,1.18754,1.156712,0.315375,7.897727,42.78553,2.341875,0.31223,0.00811
CTSH,2022-12-31,0.359275,0.152769,0.117871,0.185505,0.115092,0.186043,0.128277,0.173649,0.209238,11.776461,1.388105,2.190925,12.060865,7.772224,1.44179,12.527323,0.084915,0.124624,0.085929,,159.736842,2.170899,,1.088281,5.118019,,1.121397,0.017089,0.013434
CTSH,2023-12-31,0.345631,0.150778,0.109854,0.174805,0.104015,0.160732,0.115025,0.160003,0.186667,12.684899,1.393484,2.038867,13.396967,8.279957,1.447377,13.915099,0.078834,0.099418,0.071146,,68.97561,2.252025,,1.04707,5.028059,,1.095955,0.01638,0.009094
CTSH,2024-12-31,0.343433,0.153324,0.113498,0.179064,0.092572,0.155469,0.112191,0.149624,0.182651,12.039328,1.366442,1.871744,14.760862,7.926173,1.419289,15.331743,0.083061,0.102721,0.074126,,55.407407,2.093166,,0.98848,4.862281,,0.948214,0.015049,0.008867
CTSH,2025-12-31,0.337171,0.157618,0.105647,0.192628,0.122939,0.148518,0.107771,0.13623,0.206423,12.093316,1.277624,1.796077,10.392329,6.889103,1.327037,10.794256,0.08269,0.076723,0.055674,,95.027027,2.136649,,1.020104,4.755125,,1.292825,0.013644,0.008575
CTVA,2022-12-31,0.40212,0.110455,0.065712,0.156288,0.015296,0.045332,0.026914,0.061793,0.047217,46.843327,3.078161,2.12352,201.23332,20.70502,3.235938,211.547922,0.021348,0.051656,0.030668,,19.050633,1.563198,0.929263,0.409569,4.096456,156.113669,0.760244,0.034661,
CTVA,2023-12-31,0.424126,0.122489,0.042668,0.147277,0.068153,0.029357,0.017095,0.065997,0.040691,73.101084,3.119081,2.145996,45.766011,22.263814,3.278956,48.111836,0.01368,0.099413,0.057889,,5.690987,1.56211,0.899318,0.400642,3.97921,188.091166,2.406803,0.034541,
CTVA,2024-12-31,0.436421,0.123965,0.053643,0.161758,0.091554,0.038127,0.022217,0.053552,0.049542,59.238475,3.177744,2.258577,34.708848,20.652028,3.340625,36.487917,0.016881,0.113624,0.066209,,6.472103,1.453591,0.93058,0.414158,3.663705,152.983562,2.364939,0.035309,
CTVA,2025-12-31,0.472904,0.150509,0.06287,0.176484,0.161772,0.045311,0.025534,0.069902,0.060807,49.112702,3.087713,2.225368,19.086784,18.392476,3.24598,20.065114,0.020361,0.106859,0.060217,,10.377778,1.429691,0.962309,0.406138,3.456694,156.092098,3.113346,0.033964,
CVNA,2022-12-31,0.091591,-0.110556,-0.116657,-0.157748,-0.13496,3.063707,-0.182456,-0.193043,-0.394202,-45.477049,5.30521,-139.328334,-39.30941,-23.554873,3.715727,-27.532002,-0.021989,-17.019305,1.013566,-3.669618,-4.952675,1.772377,1.048611,1.564038,53.770751,55.817046,0.834279,0.037636,0.005072
CVNA,2023-12-31,0.160059,-0.007427,0.041779,0.107604,0.066475,1.851852,0.06364,-0.010524,0.145799,160.382393,6.700592,297.004432,100.79899,43.614113,4.693042,70.598822,0.006235,27.596708,0.948381,4.955134,1.276899,2.162109,1.413411,1.523264,40.492481,46.090951,1.784444,0.008077,0.006777
CVNA,2024-12-31,0.210342,0.072405,0.015359,0.099174,0.060484,0.166667,0.024752,0.143645,0.147075,343.676557,5.278438,57.279426,87.269743,37.277844,3.696976,61.123043,0.00291,4.798413,0.712636,2.887906,1.614439,3.639013,2.43722,1.611622,45.125413,54.469971,4.371429,0.006655,0.006655
CVNA,2025-12-31,0.206279,0.09256,0.069235,-0.005413,0.043746,0.408893,0.106583,0.0,-0.032957,51.295009,3.551426,20.974158,81.183439,-459.53415,2.487391,56.860244,0.019495,1.604475,0.418226,-25.345455,-0.762376,4.311389,2.726136,1.539429,82.946939,53.549815,0.736318,0.007234,0.004724
CVS,2022-12-31,0.169016,0.050517,0.013369,0.038289,0.04171,0.06032,0.018885,0.097621,0.051135,26.356697,0.352358,1.589832,8.44786,14.26814,0.546316,13.098047,0.037941,0.989688,0.309854,3.183688,3.551815,0.945434,0.670446,1.412625,27.658204,18.988534,3.752494,0.008457,0.001386
CVS,2023-12-31,0.152137,0.040805,0.023322,0.050861,0.029054,0.109128,0.033412,0.07919,0.081102,13.617416,0.317583,1.486035,10.930613,9.681196,0.4924,16.947449,0.073435,1.038242,0.317886,2.935319,5.203536,0.856912,0.629292,1.432663,22.902061,19.701197,1.60906,0.008472,0.001643
CVS,2024-12-31,0.137875,0.026005,0.012376,0.036756,0.016968,0.061064,0.018222,0.050989,0.054008,24.62586,0.304777,1.503755,17.961385,12.856216,0.472544,27.848361,0.040608,1.097406,0.327469,4.209589,3.078431,0.81132,0.597312,1.472302,25.513893,16.821348,1.973775,0.00746,0.001448
CVS,2025-12-31,0.137693,0.025829,0.004397,0.024526,0.019417,0.023506,0.006973,0.060102,0.031878,64.26681,0.282599,1.510672,14.554082,17.865199,0.438158,22.565484,0.01556,1.062967,0.315337,5.690802,1.684835,0.842398,0.6254,1.585825,24.642498,16.501503,6.017534,0.007044,0.001331
CVX,2022-12-31,0.313859,0.169483,0.150456,0.277812,0.159632,0.222655,0.137616,0.1572,0.224563,11.5882,1.743512,2.580175,10.922066,6.798435,1.888687,11.831496,0.086295,0.146526,0.090563,0.079606,97.267442,1.471673,1.230589,0.914663,11.523123,7.509862,1.398618,0.050798,
CVX,2023-12-31,0.306689,0.133201,0.10852,0.242823,0.10045,0.132762,0.081676,0.104786,0.131022,19.232323,2.087092,2.553325,20.777326,9.310792,2.260874,22.507357,0.051996,0.129451,0.079639,0.251469,64.078891,1.274971,1.007998,0.752633,9.884695,5.348336,1.666386,0.080386,
CVX,2024-12-31,0.294322,0.097806,0.091312,0.236855,0.077781,0.115948,0.068736,0.069256,0.128675,23.270228,2.124849,2.698141,27.318233,9.718092,2.301775,29.592895,0.042973,0.161117,0.095513,0.374495,47.306397,1.061025,0.825691,0.752765,9.350899,4.255347,1.783138,0.08504,
CVX,2025-12-31,0.304101,0.090407,0.066686,0.224565,0.089963,0.065964,0.037958,0.046705,0.07212,33.415359,2.228331,2.204213,24.769497,10.749101,2.413874,26.831938,0.029926,0.2186,0.125792,0.797257,17.222679,1.154701,0.863839,0.569213,10.203707,8.558273,2.759493,0.094056,
D,2022-12-31,0.457526,0.233893,0.08545,0.318769,-0.279165,0.04306,0.011365,0.039912,0.01456,46.952362,4.012072,2.021775,-14.371694,25.936138,8.267632,-29.61559,0.021298,1.489678,0.393177,9.226424,1.327345,0.732342,0.618736,0.133003,6.461752,74.106249,3.106633,0.544626,
D,2023-12-31,0.485305,0.258528,0.136316,0.523727,-0.252831,0.071172,0.017987,0.040718,0.052125,28.501663,3.88524,2.028522,-15.366931,15.287113,8.006271,-31.666463,0.035086,1.604926,0.405601,5.819448,2.626563,1.039181,0.969807,0.131949,6.394047,95.367959,3.349643,0.709442,
D,2024-12-31,0.478802,0.266063,0.140674,0.465247,-0.496577,0.075718,0.01986,0.046384,0.043898,27.492755,3.867506,2.081683,-7.788337,17.130111,7.969725,-16.04934,0.036373,1.554182,0.407655,6.128438,2.159535,0.711917,0.522015,0.14118,6.666206,84.540809,2.46706,0.843627,
D,2025-12-31,0.490185,0.29874,0.181631,0.503877,-0.441052,0.103084,0.025877,0.054892,0.053437,18.652523,3.387875,1.922782,-7.681355,13.855267,6.981356,-15.828882,0.053612,1.682804,0.422426,5.801972,2.785856,0.772788,0.585408,0.142469,6.521533,82.817515,1.788192,0.765843,
DAL,2022-12-31,0.209501,0.072378,0.026057,0.099838,-5.9e-05,0.200243,0.018233,0.085134,0.063498,39.726818,1.03515,7.955021,-17453.315413,13.563571,1.354158,-22832.011947,0.025172,4.650562,0.423445,3.913663,2.860058,0.501581,0.446685,0.699729,15.926322,-10.69282,4.827769,0.125855,
DAL,2023-12-31,0.243505,0.095111,0.0794,0.151306,0.019656,0.415038,0.062585,0.145624,0.136408,11.36037,0.902011,4.714988,45.889523,7.798706,1.17999,60.031583,0.088025,2.456641,0.370444,1.971194,7.724221,0.388712,0.338973,0.788224,18.545687,-6.351712,1.402473,0.0917,
DAL,2024-12-31,0.246062,0.097254,0.056081,0.128449,0.046802,0.226051,0.045866,0.141305,0.110981,15.146065,0.849406,3.423785,18.149028,8.650674,1.111173,23.742127,0.066024,1.488982,0.302115,1.657616,7.235609,0.369104,0.315561,0.81785,19.120037,-6.214651,2.321377,0.083383,
DAL,2025-12-31,0.241651,0.091882,0.078988,0.146882,0.06065,0.240013,0.061549,0.134742,0.127838,10.461528,0.826336,2.510907,13.624758,7.359626,1.080993,17.823585,0.095588,0.972234,0.249321,1.053186,10.108984,0.397046,0.339089,0.779222,22.232982,-11.118224,1.666733,0.071002,
DASH,2022-12-31,0.45496,-0.156767,-0.207352,-0.100714,0.00319,-0.202102,-0.139442,-0.149413,-0.142443,-61.245793,12.699454,12.377925,3980.976518,-123.030261,12.390865,3884.241091,-0.016328,0.075659,0.052201,,-516.0,1.855346,,0.67249,16.4575,,-0.268864,0.05256,0.135045
DASH,2023-12-31,0.468558,-0.066821,-0.064621,-0.007875,0.156225,-0.081986,-0.051481,-0.084778,-0.077669,-149.821697,9.681587,12.283354,61.972207,-1199.545043,9.44633,60.466318,-0.006675,0.076697,0.048159,,,1.641349,,0.79666,16.20075,,-2.998208,0.037522,0.125999
DASH,2024-12-31,0.483119,-0.003544,0.011472,0.048778,0.168066,0.015763,0.009576,-0.003652,-0.00452,679.678918,7.7971,10.713893,46.393178,155.963791,7.607635,45.265851,0.001471,0.068692,0.041728,,,1.664263,,0.834722,14.647541,,17.333333,0.030778,0.1025
DASH,2025-12-31,0.508785,0.052854,0.068164,0.107312,0.133119,0.093192,0.047561,0.056408,0.053656,89.412307,6.094664,8.332553,45.78341,55.413766,5.946567,44.6709,0.011184,0.327918,0.167353,,,1.406052,,0.697747,12.379964,,2.6,0.044106,0.07662
DD,2022-12-31,0.354536,0.155335,0.450795,0.23623,0.045095,0.220859,0.141893,0.042767,0.051566,2.968966,1.338395,0.655723,29.679546,6.170047,1.457547,32.321794,0.336818,0.303888,0.195236,1.434797,3.943089,3.01902,2.395125,0.314762,8.306956,53.75698,0.212849,0.050857,0.005762
DD,2023-12-31,0.328394,0.124282,0.063955,0.105383,-0.184155,0.017422,0.010972,0.005696,0.0033,41.18651,2.634093,0.71757,-14.303689,27.220794,2.868596,-15.577088,0.02428,0.321265,0.202324,7.74462,0.295455,2.425436,1.732408,0.17156,4.371447,122.280703,1.997636,0.311914,0.008618
DD,2024-12-31,0.330406,0.111177,0.104629,0.166394,0.023813,0.030107,0.019189,0.0,0.015511,24.78221,2.59293,0.74612,108.886835,16.970387,2.823767,118.580582,0.040352,0.307109,0.195736,4.80322,1.319672,3.780022,3.574418,0.183399,8.515843,49.027104,1.088193,0.090043,0.008335
DD,2025-12-31,0.345014,0.125566,-0.113739,0.169368,0.025113,-0.055967,-0.036107,0.024638,0.026622,-22.364433,2.543713,1.251663,101.290079,16.355942,2.77017,110.307519,-0.044714,0.229471,0.148042,2.12931,1.638978,2.418655,1.910195,0.317451,7.526374,62.897602,-0.71887,0.056651,0.005548
DDOG,2022-12-31,0.793002,-0.03504,-0.029944,0.007817,0.211043,-0.035562,-0.016693,-0.027308,-0.009592,-1645.903617,49.285729,58.531182,233.534149,6021.910171,47.072349,223.046328,-0.000608,0.593774,0.278723,30.537804,-1.302389,3.085542,,0.557465,4.192456,,-8.341447,0.038737,0.216795
DDOG,2023-12-31,0.807407,-0.015723,0.022819,0.052154,0.280755,0.02398,0.012339,-0.009749,0.022685,1699.854337,38.789756,40.762516,138.162165,710.355595,37.04774,131.957419,0.000588,0.445521,0.229248,3.710708,10.558077,3.168467,,0.540732,4.179161,,13.588247,0.029321,0.226607
DDOG,2024-12-31,0.807944,0.020223,0.068453,0.099074,0.288757,0.067694,0.031761,0.011301,0.053793,449.307878,30.756359,30.415433,106.512974,296.497688,29.375117,101.729566,0.002226,0.678679,0.318422,1.377456,29.85399,2.636539,,0.463979,4.481866,,4.738079,0.035578,0.212473
DDOG,2025-12-31,0.799555,-0.012947,0.031437,0.056559,0.266902,0.028868,0.016217,-0.007981,0.027329,766.268416,24.089501,22.12057,90.255812,406.791782,23.007662,86.2025,0.001305,0.342694,0.19251,3.003281,12.485758,3.382102,,0.51584,4.62341,,9.746847,0.039513,0.219036
DE,2022-10-31,0.306735,0.176007,0.139055,0.235638,0.017765,0.35194,0.079207,0.097605,0.171091,25.861881,3.596215,9.10182,202.43806,20.035591,4.721151,265.762994,0.038667,2.5763,0.579818,3.898047,9.594162,2.102832,1.822653,0.56961,8.000312,93.311818,0.658954,0.073866,0.001658
DE,2023-10-31,0.370236,0.242182,0.168736,0.290068,0.068401,0.466651,0.097668,0.133535,0.233346,18.140967,3.061032,8.465507,44.751534,13.853862,4.018558,58.750324,0.055124,2.923663,0.611911,3.200275,6.307379,2.021306,1.803769,0.578823,7.784985,92.599109,0.844875,0.07416,0.002158
DE,2024-10-31,0.385902,0.226197,0.140544,0.290431,0.087672,0.310913,0.066157,0.100321,0.175925,25.974799,3.650601,8.075892,41.639438,16.501505,4.792551,54.66473,0.038499,2.866658,0.60998,3.94193,3.749701,2.159816,1.959622,0.470723,9.369065,91.91435,1.300141,0.095055,0.004117
DE,2025-10-31,0.364827,0.188425,0.112549,0.260965,0.072339,0.193719,0.047426,0.074823,0.128187,36.68611,4.128984,7.106785,57.078636,20.771284,5.420577,74.933484,0.027258,2.475915,0.606155,4.771877,2.973817,2.307872,2.076537,0.421384,8.292796,102.205681,1.483788,0.09466,0.003381
DECK,2022-03-31,0.510279,0.179253,0.14346,0.193503,0.038515,0.293697,0.193782,0.293733,0.316504,23.632629,3.390347,6.940843,88.026166,15.696733,3.03736,78.861284,0.042314,0.144311,0.095217,,272.069611,3.234594,2.299001,1.350772,10.407875,77.491359,0.381355,0.016194,0.008512
DECK,2023-03-31,0.503233,0.179956,0.142482,0.197632,0.125823,0.292695,0.202183,0.286837,0.325197,20.666192,2.944555,6.0489,23.402307,13.347924,2.637981,20.965766,0.048388,0.139595,0.096427,,194.515979,3.840631,2.769313,1.419013,12.03036,84.474036,1.039859,0.022338,0.007415
DECK,2024-03-31,0.556348,0.216317,0.177147,0.242339,0.220119,0.360415,0.24224,0.341481,0.406322,14.061695,2.490983,5.068045,11.316516,9.208725,2.231633,10.138292,0.071115,0.126635,0.085113,,382.802262,3.393759,2.734988,1.367455,14.458088,43.628594,1.360235,0.020842,0.008696
DECK,2025-03-31,0.578798,0.236499,0.193776,0.263993,0.192224,0.384435,0.270595,0.364582,0.445242,11.055628,2.142313,4.250174,11.144906,7.270125,1.919265,9.984549,0.090452,0.110216,0.077579,,354.511231,3.715187,3.071987,1.396431,14.977565,37.800544,1.081185,0.017284,0.00761
DECK,2026-03-31,0.577039,0.230781,0.187137,0.256685,0.200525,0.409688,0.277694,0.390088,0.460828,10.42969,1.951785,4.272916,9.733374,6.812125,1.748574,8.71998,0.09588,0.150099,0.10174,,525.251383,3.544972,2.939284,1.483906,17.155716,37.437883,1.154173,0.015464,0.008193
DELL,2023-01-31,0.221757,0.056412,0.023871,0.074897,0.005494,-0.782191,0.027251,0.16376,0.118713,147.903266,3.53056,-115.688589,642.668639,50.234114,3.762366,684.864377,0.006761,-9.477258,0.330183,2.738319,3.517564,0.819898,0.727436,1.141612,8.195882,-18.833273,1.459869,0.029355,0.009101
DELL,2024-01-31,0.23827,0.067096,0.038315,0.100548,0.066949,-1.521329,0.041254,0.20596,0.165463,106.605601,4.084589,-162.182207,61.010097,43.290269,4.352771,65.015841,0.00938,-11.672205,0.316514,2.095152,3.722851,0.744178,0.669272,1.076699,9.464305,-45.991615,2.560803,0.031168,0.009929
DELL,2025-01-31,0.222357,0.069647,0.04805,0.100296,0.019557,-3.098516,0.057583,0.261367,0.194527,78.654132,3.779336,-243.711049,193.247606,40.155846,4.027476,205.935677,0.012714,-16.576923,0.308066,2.184038,4.570014,0.778666,0.63432,1.198392,9.280151,-29.99797,0.984538,0.02775,0.008214
DELL,2026-01-31,0.199995,0.074389,0.052282,0.104388,0.075323,-2.403239,0.058606,0.237759,0.23208,60.845649,3.181136,-146.22663,42.233369,32.475007,3.39,45.006289,0.016435,-12.754251,0.31103,1.68537,5.655769,0.91043,0.745468,1.120964,6.456525,-36.668,1.884265,0.02319,0.006368
DG,2023-01-31,0.31233,0.087946,0.063839,0.107089,0.011203,0.43596,0.083071,0.205566,0.143471,11.177908,0.71359,4.873117,63.69675,10.16324,1.08837,97.150555,0.089462,3.186905,0.607258,1.635383,15.751596,1.287586,0.139319,1.301255,,,0.821426,0.041236,0.001921
DG,2024-01-31,0.302883,0.063226,0.042936,0.085163,0.017874,0.246147,0.053945,0.139455,0.101633,16.256019,0.697973,4.001367,39.049507,12.500167,1.064552,59.558475,0.061516,2.680463,0.587447,1.961371,7.486053,1.191062,0.15113,1.256401,,,1.439737,0.043943,0.001341
DG,2025-01-31,0.295908,0.042206,0.027707,0.066132,0.041519,0.15178,0.036144,0.098127,0.070643,23.999671,0.664963,3.642672,16.015945,15.336051,1.014205,24.427588,0.041667,2.355554,0.560933,1.975559,6.248447,1.188569,0.211493,1.304489,,,2.662569,0.032253,0.001446
DG,2026-01-31,0.306609,0.051579,0.035397,0.07587,0.056018,0.177669,0.048841,0.129569,0.091455,17.857241,0.632091,3.172677,11.283698,12.706927,0.964068,17.209944,0.056,1.846655,0.507647,1.061794,9.520699,1.134557,0.224955,1.37982,,,2.403276,0.02905,0.002141
DGX,2022-12-31,0.347364,0.144491,0.09572,0.184155,0.132956,0.160529,0.073693,0.112669,0.122541,28.754243,2.752354,4.615903,20.701304,18.331052,3.375748,25.390041,0.034777,0.799932,0.36722,2.064286,9.344595,1.223727,1.099936,0.769884,8.270293,36.664099,1.816068,0.040878,0.007791
DGX,2023-12-31,0.329983,0.136403,0.092304,0.187203,0.093385,0.135405,0.060904,0.088351,0.105923,31.851889,2.940068,4.312908,31.483233,19.262421,3.605979,38.614021,0.031395,0.87173,0.392098,2.399538,7.932515,1.306887,1.202204,0.65982,7.646281,36.666097,1.489461,0.044099,0.008323
DGX,2024-12-31,0.328606,0.136345,0.088229,0.191856,0.092079,0.128504,0.053922,0.078534,0.100186,31.230211,2.755421,4.013206,29.924657,17.614844,3.379509,36.702436,0.03202,1.045589,0.438742,3.078141,6.199115,1.102812,1.016136,0.611156,7.570552,42.761257,1.531573,0.043051,0.008914
DGX,2025-12-31,0.332125,0.141006,0.089896,0.196194,0.123154,0.138354,0.06114,0.090869,0.114362,27.420881,2.465022,3.793795,20.01583,15.409937,3.023336,24.549311,0.036469,0.91841,0.405855,2.519169,5.758123,1.043898,0.960931,0.680123,7.837358,40.727855,1.90121,0.047757,0.007975
DHI,2022-09-30,0.313743,0.226117,0.174955,0.228548,0.012354,0.301991,0.192991,0.229735,0.268852,6.590588,1.153058,1.990296,93.337451,5.789562,1.323195,107.109697,0.151732,0.315256,0.201469,0.460859,,13.133659,3.258288,1.10309,,,0.095911,0.004427,0.003139
DHI,2023-09-30,0.263686,0.172068,0.133831,0.174651,0.117187,0.209097,0.145652,0.166724,0.20006,8.1346,1.088661,1.700918,9.289946,7.153099,1.249297,10.660708,0.122932,0.226584,0.157834,0.197136,,14.961747,4.223422,1.08833,,,0.906947,0.004191,0.003136
DHI,2024-09-30,0.259104,0.161295,0.129245,0.163662,0.055011,0.187905,0.131741,0.145347,0.174238,8.1163,1.048992,1.525093,19.068595,7.355233,1.203774,21.882228,0.123209,0.235889,0.165382,0.232658,,17.061576,4.833145,1.019308,,,0.46039,0.004492,0.003209
DHI,2025-09-30,0.236967,0.129172,0.104676,0.13213,0.095867,0.148208,0.101074,0.112075,0.132033,10.767703,1.127122,1.595855,11.757079,9.7891,1.293432,13.491875,0.09287,0.249318,0.170028,0.658513,,17.394009,4.511386,0.965583,,,0.954173,0.004012,0.003825
DHR,2022-12-31,0.607589,0.282851,0.270578,0.355891,0.277784,0.143944,0.085465,0.098006,0.09676,20.654665,5.58869,2.973114,20.118833,18.183978,6.471512,23.296917,0.048415,0.411645,0.24441,1.442945,36.029412,1.893313,1.563714,0.315862,6.495124,87.930576,1.181717,0.041962,0.011072
DHR,2023-12-31,0.587442,0.217748,0.199414,0.313771,0.241984,0.08907,0.056387,0.060556,0.069935,31.255138,6.232712,2.783896,25.756699,23.001665,7.217266,29.825373,0.031995,0.365254,0.231228,1.672625,18.636364,1.684433,1.370921,0.282762,6.09128,90.58528,1.503778,0.05789,0.012809
DHR,2024-12-31,0.595016,0.203686,0.163309,0.304754,0.221822,0.078699,0.050282,0.062261,0.069603,38.189146,6.236627,3.005459,28.115461,23.697152,7.2218,32.556737,0.026185,0.346083,0.221119,1.914101,17.71223,1.397029,1.054281,0.307898,6.750071,75.854974,1.715312,0.058304,0.012063
DHR,2025-12-31,0.591135,0.190899,0.147102,0.282685,0.2141,0.068794,0.0433,0.056216,0.058677,41.200741,6.060708,2.834345,28.307886,24.826563,7.018092,32.779559,0.024271,0.374919,0.235982,1.987473,16.973585,1.873953,1.5083,0.294354,6.278559,81.571395,1.775318,0.047053,0.01213
DIS,2022-09-30,0.342364,0.08184,0.038019,0.145028,0.012899,0.033102,0.015445,0.031744,0.03915,56.368503,2.143069,1.865937,166.147088,18.7501,2.719288,210.820007,0.01774,0.543196,0.253439,3.063599,4.411879,1.00086,0.940942,0.406235,7.651651,-49.336443,1.91097,0.059754,0.011811
DIS,2023-09-30,0.334057,0.10115,0.02648,0.136235,0.055086,0.023711,0.011451,0.043868,0.038649,75.309662,1.994184,1.7857,36.20154,18.573606,2.530371,45.935256,0.013279,0.502584,0.242705,2.662786,3.417131,1.052153,0.989113,0.432427,8.733471,-39.356239,4.191164,0.055896,0.012857
DIS,2024-09-30,0.357516,0.130406,0.054421,0.160123,0.093683,0.049376,0.025339,0.062023,0.05964,35.655459,1.940423,1.760536,20.712577,15.376646,2.462155,26.281686,0.028046,0.484061,0.248411,2.721512,4.656522,0.72953,0.671089,0.465607,8.834832,-38.118434,2.809936,0.059238,0.014952
DIS,2025-09-30,0.377644,0.146487,0.131364,0.202711,0.10672,0.112898,0.062801,0.091063,0.084572,14.292079,1.877458,1.613548,17.592433,11.751996,2.38226,22.322611,0.069969,0.408459,0.227209,1.898072,7.624172,0.710351,0.647884,0.478067,9.049741,-39.920648,1.459287,0.084977,0.014435
DLR,2022-12-31,0.569984,0.14104,0.080498,0.487856,0.353676,0.02148,0.009104,0.018268,0.019356,182.110214,14.659537,3.911665,41.449085,38.621328,18.841652,53.2738,0.005491,1.027555,0.435527,7.18893,2.3769,0.233775,,0.113097,6.263964,,4.393588,,0.019707
DLR,2023-12-31,0.525645,0.132835,0.173239,0.576676,0.298478,0.049632,0.021509,0.018819,0.03724,72.488785,12.557851,3.59775,42.073009,27.988651,16.140391,54.075719,0.013795,0.992178,0.429984,5.002519,3.343603,0.703122,,0.124159,5.754727,,1.722928,,0.014704
DLR,2024-12-31,0.546511,0.136265,0.10846,0.516244,0.407109,0.028232,0.013305,0.018554,0.026955,114.15976,12.38173,3.223001,30.413802,30.826546,15.914026,39.090339,0.00876,0.843874,0.397685,4.47864,2.420132,1.108597,,0.122671,6.129539,,3.753551,,0.013611
DLR,2025-12-31,0.553922,0.150856,0.214077,0.601664,0.394611,0.05708,0.026484,0.022174,0.039867,52.560517,11.252017,3.000136,28.514194,24.036705,14.462025,36.648806,0.019026,0.857352,0.397797,4.065076,4.071616,1.101817,,0.123712,5.760642,,1.843311,,0.01534
DLTR,2023-01-31,0.375129,0.136216,0.104818,0.159894,0.063011,0.184585,0.070167,0.131206,0.111662,13.004265,1.363079,2.400399,21.632262,11.20842,1.792154,28.441756,0.076898,1.157116,0.43986,1.127668,16.500786,1.506935,0.21722,0.669422,,,0.999629,0.041768,0.005937
DLTR,2024-01-31,0.358719,0.105744,-0.059496,0.129604,0.088772,-0.136522,-0.045333,0.125851,0.102408,-21.040755,1.25183,2.872529,14.101557,12.699337,1.645887,18.540504,-0.047527,1.007562,0.33457,1.37988,15.772444,1.305747,0.774352,0.761963,,,-2.688802,0.071199,0.004547
DLTR,2025-01-31,0.358074,0.08317,-0.172375,0.114799,0.088859,-0.761829,-0.162524,0.148688,0.148249,-6.932804,1.195044,5.281614,13.448841,13.686714,1.571226,17.682323,-0.144242,1.968774,0.420006,1.077651,13.870698,1.060716,0.749508,0.94285,,,-0.944688,0.073982,0.006081
DLTR,2026-01-31,0.364047,0.08516,0.066068,0.121735,0.072121,0.341554,0.095238,0.200926,0.16752,16.379797,1.082181,5.59458,15.005064,11.687948,1.422835,19.728421,0.061051,1.879038,0.523949,0.725276,20.05848,1.067398,0.294493,1.44152,,,1.975828,0.058418,0.003034
DOC,2022-12-31,0.581312,0.173001,0.242798,0.674684,0.43677,0.075202,0.031732,0.027112,0.04858,28.799934,6.992554,2.165822,16.009689,17.510782,11.814237,27.049096,0.034722,1.007728,0.425213,4.620583,3.932336,0.341373,,0.130692,38.572835,,1.798907,,0.012835
DOC,2023-12-31,0.586401,0.19895,0.140307,0.580085,0.438441,0.048187,0.019492,0.032806,0.03598,47.09959,6.608381,2.269588,15.072438,19.247441,11.165159,25.465569,0.021232,1.115361,0.451182,5.342108,2.572078,0.407336,,0.138928,39.072071,,3.124882,,0.006639
DOC,2024-12-31,0.60197,0.174497,0.090038,0.596495,0.396414,0.028941,0.012195,0.027091,0.029041,59.277699,5.337223,1.715561,13.463745,15.117458,9.017481,22.747608,0.01687,1.074036,0.452561,5.336612,1.974104,1.056584,,0.135441,35.157519,,4.402765,,0.011763
DOC,2025-12-31,0.599967,0.192783,0.025278,0.583996,0.443562,0.009513,0.003508,0.030342,0.031817,202.011273,5.106408,1.921696,11.512277,14.773221,8.627509,19.450514,0.00495,1.352537,0.498827,5.690849,1.931568,0.720002,,0.138794,36.034982,,17.547465,,0.005105
DOV,2022-12-31,0.370333,0.163133,0.135817,0.204269,0.075807,0.24855,0.097772,0.133628,0.160854,23.692826,3.2179,5.88885,42.448609,16.691922,3.409637,44.977885,0.042207,0.906753,0.35669,2.057903,11.220195,1.234449,0.741671,0.719879,5.171286,92.638034,0.756282,0.026909,0.003834
DOV,2023-12-31,0.373161,0.158676,0.137528,0.202922,0.150035,0.206953,0.093125,0.119631,0.140385,23.884462,3.284774,4.942965,21.893411,17.15188,3.480496,23.197918,0.041868,0.720407,0.324169,1.963305,9.552672,1.404539,0.930555,0.677135,5.816695,84.696491,1.264487,0.023867,0.004004
DOV,2024-12-31,0.381959,0.155741,0.3482,0.287381,0.074987,0.387853,0.215612,0.097255,0.183095,9.358765,3.258722,3.629822,43.456902,12.015021,3.452892,46.046257,0.106852,0.453545,0.252131,0.487202,14.394851,2.041631,1.520427,0.619219,5.719809,86.44485,0.277473,0.021629,0.00521
DOV,2025-12-31,0.39767,0.169706,0.13518,0.230285,0.137572,0.147728,0.081502,0.10218,0.1361,23.073842,3.119128,3.408652,22.672681,14.351669,3.30498,24.02362,0.043339,0.482742,0.266331,0.886007,13.519149,1.789541,1.284165,0.602914,5.901163,91.587906,1.219039,0.027218,0.005435
DOW,2022-12-31,0.150504,0.100207,0.080524,0.167129,0.095199,0.22116,0.075607,0.122896,0.137035,4.529212,0.364712,1.001682,3.831059,3.938996,0.658322,6.915239,0.220789,0.806352,0.275663,1.129968,10.199396,1.807166,1.190451,0.93893,10.141151,51.456407,1.631384,0.036167,
DOW,2023-12-31,0.109363,0.047062,0.0132,0.089933,0.060934,0.031655,0.010161,0.063985,0.029202,35.234039,0.465081,1.115325,7.63253,9.334625,0.839493,13.777068,0.028382,0.883915,0.28373,2.797408,1.879357,1.769007,1.158783,0.769783,9.457821,52.800415,8.821732,0.055511,
DOW,2024-12-31,0.107206,0.044339,0.025975,0.123475,-0.003515,0.064304,0.019472,0.04365,0.051272,18.595743,0.483029,1.195785,-137.436085,7.061235,0.871889,-248.078472,0.053776,1.01671,0.307876,2.491046,2.972873,1.612558,0.976477,0.749651,9.033642,56.552525,2.611111,0.071339,
DOW,2025-12-31,0.063376,0.003953,-0.065628,0.029724,-0.036204,-0.163856,-0.044809,0.004654,-0.03335,-7.911875,0.519237,1.296405,-14.341983,31.53186,0.937246,-25.88794,-0.126392,1.224263,0.334791,11.127104,-1.90289,1.966895,1.24872,0.68277,8.393112,67.317612,-0.393443,0.062025,
DPZ,2022-12-31,0.363357,0.164586,0.09968,0.187637,0.085534,-0.107963,0.282273,0.707631,0.723618,21.519883,2.145098,-2.323346,25.078777,17.255971,3.237856,37.854437,0.046469,-1.253825,3.278171,5.828328,3.889389,1.473394,1.321387,2.831793,17.620579,19.685207,1.050975,0.019227,0.006328
DPZ,2023-12-31,0.385639,0.182988,0.115891,0.20752,0.108379,-0.127536,0.30994,0.708838,0.752885,18.748429,2.172777,-2.391098,20.047968,15.803974,3.279636,30.260828,0.053338,-1.279812,3.110221,5.245876,4.320728,1.493178,1.341604,2.674405,15.83881,19.953899,1.138207,0.023529,0.008375
DPZ,2024-12-31,0.392762,0.1868,0.124122,0.213712,0.10879,-0.147432,0.336307,0.701956,7.371157,16.660641,2.067953,-2.456318,19.00863,14.605702,3.121412,28.69203,0.060022,-1.311676,2.992056,4.761514,4.687216,0.561426,0.517444,2.709488,15.225995,22.05911,1.069718,0.023985,0.009191
DPZ,2025-12-31,0.399507,0.192297,0.121803,0.213591,0.135932,-0.154238,0.35055,0.810327,0.822505,16.175141,1.970174,-2.49482,14.493803,13.922991,2.973822,21.877254,0.061823,-1.294053,2.941104,4.446,4.930857,1.650972,1.504764,2.878015,15.63497,16.474362,1.316365,0.024404,0.009036
DRI,2022-05-31,0.207165,0.120478,0.098941,0.159138,0.08864,0.433446,0.094003,0.323911,0.140451,24.939148,2.4675,10.809763,27.837418,20.685963,3.291925,37.138282,0.040098,2.223319,0.482182,0.331746,16.488669,0.638376,0.491908,0.950098,243.797468,-3.106588,1.318325,0.041796,0.006282
DRI,2023-05-31,0.201119,0.116049,0.093623,0.15231,0.090705,0.446014,0.095875,0.34111,0.145663,24.200041,2.265682,10.793559,24.978472,19.845523,3.022678,33.324123,0.041322,2.177561,0.468086,0.352135,13.575758,0.514969,0.366367,1.024049,256.425428,-4.601469,1.574091,0.056666,0.006436
DRI,2024-05-31,0.21374,0.118604,0.090219,0.156155,0.086356,0.458239,0.090753,0.315677,0.144428,23.123803,2.086218,10.596219,24.158215,17.823703,2.783252,32.229807,0.043245,2.420424,0.479361,0.738896,9.208799,0.375279,0.242782,1.005917,272.488038,-3.103013,1.568606,0.055162,0.006014
DRI,2025-05-31,0.218818,0.118931,0.086911,0.155821,0.085007,0.454117,0.083388,0.283809,0.132086,22.63912,1.967592,10.280803,23.146328,16.846231,2.624992,30.879834,0.044171,2.695323,0.494931,1.025029,7.65098,0.417219,0.278576,0.959458,286.177725,-3.676816,1.618236,0.055636,0.00655
DRI,2026-05-31,0.216677,0.121612,0.091341,0.162442,0.082349,0.546636,0.093816,0.306952,0.160789,19.691738,1.798668,10.764222,21.8421,14.772245,2.399627,29.139845,0.050783,2.865187,0.491736,1.000839,8.073867,0.313735,0.205164,1.027094,296.20852,-2.344255,1.531698,0.057559,0.005987
DTE,2022-12-31,0.190763,0.092157,0.056324,0.169284,-0.072862,0.104165,0.025373,0.058412,0.047641,24.693886,1.390861,2.57223,-19.08885,16.75775,2.836825,-38.933959,0.040496,1.850534,0.450765,5.872504,2.647407,0.808042,0.625942,0.450484,8.812099,25.891404,1.825485,0.175681,
DTE,2023-12-31,0.339506,0.180541,0.109612,0.310945,-0.056022,0.126425,0.031214,0.064384,0.060635,19.143506,2.098351,2.420224,-37.455852,13.763936,4.279833,-76.395626,0.052237,1.897738,0.468551,5.250063,2.979772,0.601564,0.422404,0.284773,7.132065,37.865968,2.304939,0.30867,
DTE,2024-12-31,0.348238,0.177009,0.112708,0.325359,-0.066148,0.12001,0.028743,0.063482,0.053064,19.048061,2.146863,2.285963,-32.455678,13.458297,4.378781,-66.197181,0.052499,1.98658,0.475801,5.677523,2.440589,0.706424,0.462593,0.255026,6.818281,47.148761,2.594729,0.358594,
DTE,2025-12-31,0.303086,0.159858,0.09245,0.281207,-0.0645,0.118833,0.027041,0.062238,0.053559,18.292393,1.691127,2.173736,-26.219096,12.265904,3.449252,-53.476938,0.054668,2.136877,0.486258,5.801889,2.467803,0.803845,0.549639,0.292494,7.358772,37.081843,2.331737,0.280068,
DUK,2022-12-31,0.451057,0.223304,0.08864,0.429644,-0.189099,0.051701,0.014319,0.04916,0.040933,35.936627,3.185428,1.857962,-16.845294,15.069287,6.47443,-34.238307,0.027827,1.512084,0.418781,5.929935,2.671997,0.700578,0.510677,0.16154,6.515968,28.97406,2.324314,0.395127,
DUK,2023-12-31,0.473365,0.244425,0.097763,0.477116,-0.093806,0.057849,0.016061,0.050915,0.04875,32.255684,3.15342,1.865944,-33.616434,13.433566,6.409373,-68.325896,0.031002,1.638268,0.454834,5.7185,2.581619,0.738818,0.490482,0.16428,7.034616,53.412668,3.476945,0.433723,
DUK,2024-12-31,0.500609,0.261488,0.149027,0.494021,0.001581,0.090251,0.024278,0.052735,0.05137,20.256056,3.018691,1.828125,1909.133312,12.419577,6.135534,3880.341504,0.049368,1.700281,0.457382,5.598386,2.53487,0.669009,0.436741,0.162909,6.585033,32.796805,2.725022,0.40452,
DUK,2025-12-31,0.511772,0.266061,0.154109,0.528895,-0.052548,0.09583,0.025381,0.054106,0.053501,18.445732,2.842647,1.767648,-54.095867,10.924129,5.777721,-109.950645,0.054213,1.752807,0.464243,5.254604,2.571822,0.551765,0.33468,0.164696,7.62104,32.726941,2.481884,0.435028,
DVA,2022-12-31,0.292883,0.113054,0.048269,0.177082,0.082786,0.786718,0.033104,0.108285,0.092483,20.931956,1.010368,16.467556,12.204524,12.78876,2.264654,27.355402,0.047774,16.597022,0.698388,4.221966,3.706517,1.204426,1.162773,0.685829,5.445362,50.549911,2.791881,0.051975,0.008219
DVA,2023-12-31,0.314694,0.131877,0.056963,0.191191,0.122819,0.654803,0.040935,0.13777,0.110561,16.962653,0.966238,11.107188,7.86714,11.327618,2.16574,17.633526,0.058953,10.525947,0.658026,3.451644,3.953434,1.187605,1.133444,0.718625,6.11023,43.440714,2.977479,0.046786,0.009256
DVA,2024-12-31,0.329056,0.152536,0.073063,0.212611,0.114439,7.730569,0.05417,0.166976,0.139804,12.52776,0.915315,96.846718,7.998301,9.649571,2.051601,17.927511,0.079823,99.625469,0.698099,3.17531,4.252909,1.259857,1.214603,0.741415,5.969119,43.631785,2.159508,0.043341,0.008021
DVA,2025-12-31,0.322478,0.147373,0.054739,0.193659,0.096066,-1.147018,0.042723,0.163483,0.134376,15.707313,0.859797,-18.016576,8.950058,9.951337,1.927162,20.060793,0.063665,-19.773747,0.736513,3.632248,3.322405,1.291685,1.240557,0.780491,5.650029,43.455152,2.526101,0.042209,0.010258
DVN,2022-12-31,0.43659,0.413167,0.313788,0.540873,0.177631,0.538641,0.253573,0.349269,0.395081,8.88961,2.789452,4.788305,15.703672,6.21277,3.360321,18.917474,0.112491,0.599713,0.282324,0.480903,22.013514,1.25314,1.188406,0.808103,10.848331,11.407767,1.418121,0.267359,0.004591
DVN,2023-12-31,0.35175,0.323699,0.245576,0.49456,0.170206,0.310671,0.153001,0.221811,0.231744,14.27035,3.504457,4.433381,20.589527,8.536178,4.221654,24.803234,0.070075,0.534782,0.263373,0.699708,13.528455,1.070532,0.986097,0.62303,9.699936,18.772071,1.746464,0.258684,0.006095
DVN,2024-12-31,0.295483,0.262359,0.181368,0.462233,-0.053513,0.199434,0.094821,0.141773,0.151325,18.495677,3.354517,3.688673,-62.685818,8.742399,4.041029,-75.514653,0.054067,0.634865,0.301847,1.090798,10.256858,1.03566,0.946812,0.522812,8.083164,28.514444,2.282947,0.467566,0.006211
DVN,2025-12-31,0.255469,0.224343,0.153712,0.439725,0.16273,0.170144,0.08361,0.124709,0.144041,20.238835,3.11095,3.443522,19.117269,8.522625,3.747615,23.029674,0.04941,0.552937,0.271717,0.920217,7.973843,0.980421,0.898189,0.543941,9.591518,25.105328,2.540121,0.227717,0.00576
DXCM,2022-12-31,0.647158,0.134442,0.117259,0.194275,0.104715,0.160053,0.063282,0.083262,0.115246,98.819415,11.587458,15.816298,110.656989,58.674305,11.398923,108.85653,0.010119,1.006192,0.397834,2.349195,22.010753,1.994672,1.827924,0.539681,4.07935,113.933996,1.962192,0.125369,0.043474
DXCM,2023-12-31,0.631891,0.165006,0.149491,0.253071,0.141319,0.261771,0.086439,0.10118,0.155187,62.266269,9.308225,16.299519,65.866741,36.182595,9.156775,64.795047,0.01606,1.253988,0.414079,2.037635,35.995074,2.844409,2.484769,0.578227,3.719376,175.656873,1.382271,0.065318,0.041631
DXCM,2024-12-31,0.604562,0.148773,0.142871,0.23449,0.156385,0.274042,0.088858,0.10731,0.204926,58.51646,8.360323,16.035948,53.459941,35.073051,8.224296,52.590114,0.017089,1.230572,0.399013,1.940679,38.315789,1.467053,1.281992,0.621945,4.010142,136.175035,1.717286,0.088966,0.042251
DXCM,2025-12-31,0.601008,0.195581,0.179387,0.291399,0.23106,0.304552,0.131911,0.175727,0.263663,40.317093,7.232343,12.278654,31.300765,24.415594,7.114669,30.791482,0.024803,0.506082,0.219199,0.237909,60.47541,1.88252,1.588891,0.735343,3.833566,151.096772,1.722707,0.077971,0.034234
EA,2022-03-31,0.734087,0.161493,0.112859,0.232442,0.244743,0.103475,0.057174,0.086713,0.110722,67.079393,7.570539,6.941068,30.932578,32.241625,7.494298,30.621064,0.014908,0.256918,0.141957,,19.637931,1.181611,,0.506594,10.755385,,2.406844,0.026892,0.075526
EA,2023-03-31,0.758686,0.194317,0.107999,0.258551,0.180851,0.109968,0.059588,0.095145,0.136033,65.992071,7.127073,7.257047,39.408519,27.287834,7.055298,39.011646,0.015153,0.266831,0.144587,,23.862069,1.208219,,0.55175,10.856725,,1.932668,0.027875,0.073795
EA,2024-03-31,0.773869,0.208939,0.168342,0.271225,0.27982,0.16944,0.094858,0.13473,0.159439,41.575523,6.998895,7.044542,25.012118,25.544925,6.928411,24.760227,0.024053,0.259284,0.145156,,28.396552,1.374434,,0.563487,13.384071,,1.818539,0.026316,0.077228
EA,2025-03-31,0.793247,0.211309,0.150208,0.270535,0.248962,0.17554,0.090637,0.133185,0.186665,47.212882,7.091738,8.287761,28.485275,25.949797,7.020319,28.198407,0.021181,0.305512,0.157746,,28.672414,0.947095,,0.603412,10.991163,,1.854594,0.029613,0.086024
EA,2026-03-31,0.789669,0.154296,0.11778,0.206613,0.308458,0.131135,0.06755,0.105888,0.132098,59.668141,7.027704,7.824607,22.783315,33.671363,6.95693,22.55387,0.016759,0.228859,0.117889,,23.264151,1.046352,,0.573528,11.916139,,2.878241,0.03054,0.087107
EBAY,2022-12-31,0.726391,0.239918,-0.129556,-0.094334,0.184278,-0.246264,-0.060863,0.133344,-0.082393,-39.218913,5.081041,9.658219,27.572743,-58.008443,5.472159,29.695181,-0.025498,1.828061,0.451799,-7.269481,-5.812766,2.175135,,0.469784,108.833333,,-1.776202,0.04584,0.050434
EBAY,2023-12-31,0.719838,0.19195,0.273635,0.432456,0.194818,0.432614,0.127983,0.102911,0.232164,17.986556,4.921756,7.781238,25.26335,12.256986,5.300613,27.208021,0.055597,1.286429,0.380574,1.312143,15.095057,2.437168,,0.467715,17.586087,,0.876762,0.045095,0.056863
EBAY,2024-12-31,0.719926,0.225421,0.192065,0.278226,0.190217,0.3829,0.101988,0.160199,0.191226,25.199393,4.839911,9.648856,25.444172,18.734639,5.212467,27.402761,0.039683,1.524428,0.406042,1.744844,9.795367,1.240899,,0.53101,11.80597,,1.222278,0.04454,0.057182
EBAY,2025-12-31,0.714505,0.205135,0.182973,0.266667,0.129189,0.440087,0.115332,0.173404,0.196793,24.504579,4.483676,10.784139,34.706276,18.108041,4.828811,37.377825,0.040809,1.555796,0.407723,1.648311,10.378049,1.09683,,0.630324,9.635417,,0.964549,0.047297,0.054685
ECHO,2022-12-31,0.344729,0.119863,0.132966,0.246289,-0.408949,0.115309,0.042175,0.038277,0.06528,10.957357,1.456955,1.263483,-3.562682,9.647114,2.37598,-5.809968,0.091263,1.196264,0.437543,4.444703,43.103362,1.048909,0.951746,0.317188,15.757055,11.280279,1.461501,0.603279,0.004454
ECHO,2023-12-31,0.297978,0.028397,-0.100029,-0.014305,-0.10771,-0.085616,-0.029804,0.009589,-0.037509,-15.950854,1.595551,1.365645,-14.813354,-181.897594,2.602001,-24.15739,-0.062693,1.302062,0.453261,-86.040262,-20.378355,0.610059,0.527106,0.29795,15.163539,20.745136,-1.429239,0.250676,0.003027
ECHO,2024-12-31,0.256102,-0.019214,-0.007554,0.147625,-0.078672,-0.005921,-0.001962,-0.006498,0.007368,-227.103064,1.715537,1.344597,-21.806094,18.951181,2.797672,-35.561044,-0.004403,1.476607,0.489258,9.544343,0.843093,1.388387,1.310323,0.259696,13.201891,18.786941,-10.478786,0.157829,0.002299
ECHO,2025-12-31,0.258225,-0.006074,-0.966157,-1.052054,-0.116056,-2.514347,-0.337016,-0.002204,-0.566719,-1.872727,1.809349,4.708685,-15.590346,-2.804666,2.950659,-25.424498,-0.533981,5.223425,0.700132,-1.526461,-11.41582,0.41519,0.384402,0.348821,11.779252,25.70503,0.006855,0.109433,0.002417
ECL,2022-12-31,0.377564,0.120033,0.076946,0.178618,0.075812,0.150869,0.050861,0.088877,0.092472,69.192399,5.324105,10.438958,70.228098,33.284566,5.945231,78.421111,0.014452,1.247426,0.420535,3.149633,6.328838,1.304912,0.879109,0.660995,5.258441,72.082232,1.638179,0.05024,0.006188
ECL,2023-12-31,0.402429,0.137315,0.089575,0.197648,0.106852,0.170584,0.062815,0.102875,0.120246,55.044336,4.930572,9.389703,46.143764,27.856588,5.505786,51.527029,0.018167,1.085609,0.39976,2.398382,6.031528,1.298748,0.954232,0.701262,5.405476,64.769146,1.757487,0.050574,0.006207
ECL,2024-12-31,0.434631,0.166027,0.134194,0.244381,0.115581,0.241216,0.094355,0.132762,0.165473,35.759015,4.798642,8.625643,41.517721,21.92668,5.358465,46.361299,0.027965,0.945805,0.369965,1.639788,8.555686,1.25724,0.951594,0.703124,5.49438,52.278057,1.332087,0.063177,0.008563
ECL,2025-12-31,0.444643,0.179868,0.12907,0.238197,0.118418,0.212429,0.084045,0.131971,0.148949,36.393015,4.697245,7.730927,39.666724,22.020558,5.24524,44.294359,0.027478,0.920856,0.364326,1.981491,9.321032,1.076047,0.806765,0.651158,4.948975,50.023638,1.422528,0.065188,0.008494
ED,2022-12-31,0.490428,0.167454,0.105935,0.325782,-0.014869,0.080244,0.024035,0.044946,0.052816,23.488574,2.48826,1.884808,-167.343486,12.897362,4.201725,-282.579542,0.042574,1.18021,0.353508,4.418022,3.206099,1.144319,1.100917,0.226888,7.148723,-15.816692,2.370482,0.265986,
ED,2023-12-31,0.505013,0.158972,0.171793,0.413081,-0.159449,0.119057,0.037976,0.042807,0.067247,15.478774,2.659144,1.842851,-16.677088,10.870238,4.490284,-28.161263,0.064605,1.182059,0.377048,3.842826,3.935484,1.011606,0.939028,0.221058,6.064103,-5.487598,0.855895,0.306486,
ED,2024-12-31,0.53533,0.179077,0.119297,0.359203,-0.075839,0.08287,0.025793,0.04719,0.051849,21.423644,2.555783,1.775386,-33.700114,12.014787,4.315747,-56.906684,0.046677,1.266961,0.394334,4.743978,2.801179,1.035909,0.960516,0.216207,6.252459,-2.945439,1.985714,0.312729,
ED,2025-12-31,0.53251,0.177326,0.119577,0.363577,0.002128,0.08363,0.027117,0.044884,0.056333,19.273867,2.304707,1.611866,1083.084231,10.704119,3.891774,1828.917589,0.051884,1.173047,0.38036,4.267111,3.106245,1.020562,0.940429,0.226774,6.549748,-9.667155,2.372714,0.281594,
EFX,2022-12-31,0.574948,0.206161,0.135918,0.328238,0.025887,0.175964,0.060288,0.081623,0.116725,26.809573,3.643908,4.717509,140.760368,14.335054,4.705307,181.761127,0.0373,1.462732,0.501156,3.272527,6.080328,0.680081,,0.443561,5.972018,,1.087475,0.12192,0.012221
EFX,2023-12-31,0.556503,0.177315,0.103567,0.299913,0.097907,0.120266,0.044406,0.070029,0.09349,34.228544,3.544941,4.116545,36.207226,15.262824,4.577514,46.753687,0.029215,1.259611,0.465081,3.47945,3.973902,0.671768,,0.428762,5.797401,,2.048047,0.114203,0.013637
EFX,2024-12-31,0.556653,0.183433,0.106335,0.302793,0.143106,0.125936,0.051372,0.079617,0.104504,30.896912,3.285424,3.891018,22.957964,14.010886,4.242405,29.645173,0.032366,1.044529,0.426085,2.813975,4.537756,0.75109,,0.483111,5.932644,,2.192518,0.090035,0.014363
EFX,2025-12-31,0.564474,0.180295,0.1087,0.301934,0.186731,0.143409,0.055655,0.083834,0.116195,28.267189,3.072652,4.053781,16.454928,13.140791,3.967656,21.247929,0.035377,1.106205,0.4293,2.678425,5.215261,0.604693,,0.512002,5.998321,,2.446918,0.079249,0.012906
EG,2022-12-31,,,0.049812,,0.308302,0.070726,0.014938,,,24.075,1.19923,1.702734,3.88979,,1.196644,3.8814,0.041537,0.36536,0.077166,,6.821782,,,0.29988,2.045222,,6.18928,,0.003755
EG,2023-12-31,,,0.174018,,0.314782,0.190653,0.050952,,,5.71028,0.993693,1.088682,3.15677,,0.99155,3.149961,0.175123,0.256476,0.068544,,17.074627,,,0.292799,2.057468,,1.808899,,0.003388
EG,2024-12-31,,,0.080405,,0.29029,0.098948,0.024369,,,10.468154,0.841694,1.035801,2.899491,,0.839879,2.893237,0.095528,0.258504,0.063666,,11.020134,,,0.303083,2.008941,,3.610342,,0.003689
EG,2025-12-31,,,0.092403,,0.178186,0.102911,0.02545,,,9.033799,0.834753,0.929675,4.684738,,0.832952,4.674633,0.110695,0.232147,0.057411,,13.496689,,,0.275426,1.588816,,1.928347,,0.003543
EIX,2022-12-31,0.355459,0.088966,0.047851,0.259233,-0.14878,0.05275,0.010559,0.033821,0.027048,25.830171,1.236008,1.362529,-8.307596,14.836259,3.846055,-25.850531,0.038714,2.118686,0.424085,6.886201,1.566296,0.68329,0.637479,0.220653,10.159292,-26.062119,3.902913,0.33554,
EIX,2023-12-31,0.410944,0.160852,0.086118,0.352675,-0.125291,0.090768,0.017209,0.050934,0.042742,15.127265,1.302734,1.373077,-10.397685,11.49411,4.053682,-32.354206,0.066106,2.277982,0.431897,5.856473,1.939826,0.792161,0.730868,0.199834,8.104167,-10.181722,2.4172,0.333456,
EIX,2024-12-31,0.410137,0.166487,0.087846,0.357861,-0.039377,0.099325,0.018065,0.057388,0.044491,13.767181,1.20939,1.367431,-30.712931,10.515888,3.763229,-95.568629,0.072637,2.42602,0.441241,5.777707,1.836276,0.847849,0.784098,0.205646,8.113877,-6.419831,3.243208,0.32428,
EIX,2025-12-31,0.480716,0.271264,0.243361,0.557436,-0.037014,0.267421,0.049997,0.071533,0.090202,4.52756,1.101831,1.210766,-29.767918,6.150544,3.428538,-92.628055,0.22087,2.363559,0.441888,3.73607,4.893437,0.729499,0.678721,0.205443,13.203691,-38.180659,1.23378,0.337268,
EL,2022-06-30,0.757287,0.199808,0.134747,0.221571,0.112759,0.427549,0.114299,0.255492,0.212189,14.143448,1.905781,6.04702,16.90142,10.063827,2.22985,19.77542,0.070704,1.367621,0.365615,0.370229,19.179641,1.598968,1.096819,0.848254,10.888275,126.616375,1.271967,0.058634,0.018662
EL,2023-06-30,0.713136,0.111314,0.063231,0.150597,-0.097926,0.180125,0.042964,0.093466,0.096186,33.601233,2.124629,6.052433,-21.696303,16.507029,2.485911,-25.385649,0.029761,1.82077,0.434294,1.704925,6.478431,1.464583,0.987179,0.679479,10.9573,137.996708,1.720676,0.206725,0.016782
EL,2024-06-30,0.716556,0.100141,0.024987,0.126538,0.092324,0.073391,0.017991,0.063284,0.071987,86.673949,2.165738,6.361091,23.457904,20.025742,2.534011,27.446801,0.011537,1.849078,0.453292,2.215696,3.042328,1.389337,1.007892,0.720026,9.037638,101.027483,6.051282,0.05888,0.020823
EL,2025-06-30,0.739704,0.079645,-0.079087,0.010191,0.046768,-0.293144,-0.056958,0.102039,-0.047244,-29.83481,2.359545,8.745884,50.452,270.89617,2.760773,59.031106,-0.033518,2.449418,0.47592,30.109589,-1.913165,1.300644,0.919043,0.720189,9.363399,95.45918,-1.122683,0.042021,0.02122
EL,2026-06-30,0.755,0.111436,0.012094,0.109442,0.087448,0.047819,0.00921,0.053128,0.062893,185.72989,2.246185,8.881461,25.686049,24.013868,2.628137,30.05383,0.005384,2.429322,0.467868,2.312083,2.547904,1.221634,0.900818,0.761512,9.913702,78.495244,9.741758,0.030367,0.020599
ELV,2022-12-31,,,0.037638,,0.046279,0.162625,0.05736,,,15.120875,0.569127,2.459025,12.297839,,0.528698,11.424235,0.066134,0.665342,0.234675,,9.93067,,,1.523965,22.10857,,1.425008,0.007357,0.001686
ELV,2023-12-31,,,0.034942,,0.039483,0.152318,0.054963,,,14.885993,0.52015,2.2674,13.174049,,0.4832,12.238201,0.067177,0.639088,0.230611,,8.490291,,,1.572966,21.683118,,1.346417,0.007564,0.001687
ELV,2024-12-31,,,0.033822,,0.025745,0.144742,0.05116,,,14.903418,0.504058,2.157145,19.578743,,0.468251,18.187924,0.067099,0.755948,0.267194,,7.670042,,,1.512632,22.070903,,0.971237,0.007104,0.00108
ELV,2025-12-31,,,0.028434,,0.01594,0.129028,0.046603,,,15.740452,0.44757,2.030957,28.078903,,0.415776,26.084257,0.063531,0.730277,0.263766,,5.78602,,,1.63897,19.768192,,0.757683,0.005605,0.001386
EME,2022-12-31,0.144779,0.051,0.036666,0.061444,0.040506,0.205778,0.073511,0.184879,0.206399,81.469106,2.987183,16.764583,73.747551,48.064901,2.953295,72.910925,0.012275,0.271168,0.096871,,43.332752,1.257289,1.226187,2.00487,4.314188,55.179509,1.226068,0.00445,0.001095
EME,2023-12-31,0.166046,0.069786,0.050306,0.08019,0.065267,0.256296,0.095767,0.257975,0.287915,52.269684,2.629479,13.396506,40.2878,32.41873,2.599649,39.830757,0.019132,0.137652,0.051435,,51.750218,1.263935,1.23245,1.903692,3.927864,64.222869,1.421269,0.006231,0.001092
EME,2024-12-31,0.189828,0.092328,0.069143,0.103998,0.09151,0.34284,0.130519,0.334745,0.387682,32.851671,2.271463,11.262852,24.822045,21.593718,2.245695,24.540453,0.03044,0.116699,0.044427,,365.483197,1.297392,1.274361,1.887665,4.071549,63.621853,1.397906,0.005146,0.001372
EME,2025-12-31,0.193271,0.092341,0.074931,0.113035,0.070016,0.346444,0.136989,0.315639,0.391655,25.994622,1.947814,9.005689,27.819755,17.036437,1.925717,27.504155,0.038469,0.12744,0.050392,,144.22995,1.220435,1.194484,1.828188,4.00512,61.802805,1.022977,0.006638,0.001212
EMR,2022-09-30,0.456824,0.170675,0.234063,0.253695,0.190017,0.311752,0.090575,0.087962,0.095358,25.882197,6.058054,8.068832,31.881578,27.202278,6.90107,36.3181,0.038637,1.031069,0.299563,2.447173,11.666667,1.093738,0.869744,0.38697,6.105263,82.469199,0.904364,0.02166,0.009055
EMR,2023-09-30,0.489746,0.181932,0.871678,0.277943,0.018068,0.638939,0.309245,0.074494,0.083895,6.32615,5.514367,4.042021,305.202109,22.600801,6.281726,347.672905,0.158074,0.413795,0.200276,0.025148,12.122605,2.746224,2.347576,0.35477,6.022637,95.085814,0.048188,0.023937,0.016485
EMR,2024-09-30,0.507946,0.152413,0.112509,0.230505,0.166533,0.09096,0.044479,0.07224,0.060851,42.49257,4.780779,3.865103,28.707648,23.626581,5.446054,32.702498,0.023534,0.386208,0.188853,1.016617,7.25387,1.774991,1.395333,0.395335,5.976085,96.910983,1.693089,0.023954,0.014864
EMR,2025-09-30,0.528364,0.196048,0.127276,0.268595,0.148035,0.113056,0.054642,0.080668,0.103242,36.469855,4.641728,4.123133,31.355597,19.686377,5.287654,35.718926,0.02742,0.678385,0.327876,2.391403,8.581395,0.876085,0.650199,0.42932,5.809739,98.436348,1.351068,0.023923,0.014598
EOG,2022-12-31,0.780958,0.483385,0.263088,0.461888,0.206598,0.313128,0.187547,0.376892,0.281109,9.750334,2.565199,3.053103,12.416353,5.799137,2.678552,12.965016,0.102561,0.216877,0.129898,,56.312849,1.900054,1.708144,0.712867,10.631579,-48.951599,1.429695,0.169538,0.00451
EOG,2023-12-31,0.716763,0.383573,0.327582,0.574972,0.222371,0.270345,0.173154,0.219811,0.247266,9.962186,3.26343,2.69323,14.675624,5.926614,3.407637,15.32412,0.10038,0.146814,0.094033,,66.466216,2.438635,2.125675,0.528582,8.535346,-21.831532,1.493284,0.266802,0.007635
EOG,2024-12-31,0.683378,0.353024,0.27389,0.533151,0.246856,0.218153,0.135697,0.189387,0.199751,11.815218,3.23607,2.577522,13.109139,6.33792,3.379068,13.688415,0.084637,0.172635,0.107384,,60.550725,2.097497,1.913523,0.495444,8.821887,-31.556596,1.896455,0.272564,0.008512
EOG,2025-12-31,0.633779,0.321052,0.22053,0.489682,0.152777,0.166929,0.096141,0.150725,0.14004,15.191334,3.350139,2.535878,21.92836,7.143773,3.498177,22.897345,0.065827,0.281836,0.16232,0.399982,28.07234,1.632061,1.415903,0.435954,8.422977,-40.082111,2.016867,0.292002,0.009565
EPAM,2022-12-31,0.31878,0.118757,0.086931,0.147784,0.079274,0.139734,0.104615,0.156392,0.175667,14.021678,1.218919,1.959305,15.375949,7.355166,1.086979,13.711599,0.071318,0.063422,0.047482,,,3.69189,,1.203421,5.17324,,1.106548,0.016919,0.020708
EPAM,2023-12-31,0.305727,0.112388,0.08892,0.14068,0.113893,0.120166,0.095829,0.117174,0.14219,14.100109,1.253782,1.694353,11.008437,7.947625,1.118068,9.816843,0.070921,0.049539,0.039506,,,4.793313,,1.077699,5.228955,,1.348974,0.006058,0.031495
EPAM,2024-12-31,0.306781,0.115184,0.096138,0.142068,0.11147,0.125243,0.095682,0.115903,0.138591,12.93837,1.243864,1.620439,11.158768,7.807708,1.109224,9.950901,0.077289,0.044983,0.034366,,,2.955095,,0.995257,4.717679,,1.230203,0.006799,0.035385
EPAM,2025-12-31,0.288346,0.09529,0.069209,0.125724,0.112275,0.102707,0.077044,0.104914,0.132478,15.571243,1.077672,1.599281,9.598502,7.64388,0.961021,8.559525,0.064221,0.039079,0.029315,,,2.593693,,1.1132,4.924247,,1.734107,0.007741,0.032392
EQIX,2022-12-31,0.483547,0.168801,0.097067,0.402313,0.094314,0.061273,0.023259,0.042963,0.041619,142.946589,13.875443,8.758704,147.120212,42.152752,16.958604,179.810717,0.006996,1.431393,0.543357,3.715152,3.328652,1.797997,,0.239618,8.490963,,4.202837,0.313644,0.055624
EQIX,2023-12-31,0.483635,0.177211,0.118344,0.411578,0.053249,0.077588,0.029677,0.047708,0.051748,104.001388,12.307932,8.069289,231.1407,36.549063,15.042787,282.500782,0.009615,1.39755,0.534562,3.452522,3.79602,1.1284,,0.250773,8.155378,,3.319917,0.339643,0.049707
EQIX,2024-12-31,0.489369,0.185642,0.093164,0.393576,0.020919,0.060245,0.023229,0.047177,0.045122,123.653184,11.520044,7.449538,550.695874,35.774133,14.079829,673.061972,0.008087,1.401611,0.54043,3.52309,3.133479,1.626456,,0.249337,9.218124,,3.986503,0.35048,0.052812
EQIX,2025-12-31,0.510904,0.213302,0.146468,0.444939,-0.043398,0.095366,0.033631,0.053145,0.056141,74.649885,10.933855,7.119055,-251.943363,30.034221,13.363387,-307.925852,0.013396,1.605397,0.566154,4.190441,3.86148,1.316465,,0.229616,9.207792,,2.897037,0.467723,0.054031
EQR,2022-12-31,0.640762,0.296771,0.284044,0.72762,0.44696,0.069532,0.038426,0.043682,0.055679,31.678637,8.998121,2.202677,20.131844,16.474369,11.987076,26.819148,0.031567,0.692219,0.382549,3.70413,3.873342,0.255482,,0.135283,,,1.872487,0.084909,0.01079
EQR,2023-12-31,0.635871,0.305517,0.290692,0.711934,0.417284,0.075361,0.0417,0.047556,0.059572,29.459375,8.563601,2.220085,20.522258,16.024255,11.408219,27.339247,0.033945,0.694769,0.38444,3.587215,4.246131,0.170423,,0.14345,,,1.834724,0.116056,0.01107
EQR,2024-12-31,0.63271,0.292506,0.347582,0.783085,0.421098,0.093787,0.049718,0.045469,0.068851,23.760132,8.258587,2.22838,19.612024,14.049409,11.001887,26.126656,0.042087,0.762968,0.404462,3.453535,4.783943,0.163319,,0.143039,,,1.519173,0.106939,0.010499
EQR,2025-12-31,0.628784,0.281113,0.362025,0.808854,0.416846,0.101444,0.053991,0.04524,0.075059,21.972791,7.954689,2.228998,19.083047,13.101298,10.597041,25.421966,0.045511,0.767974,0.408733,3.244318,4.821827,0.153159,,0.149135,,,1.471993,0.116052,0.010411
EQT,2022-12-31,0.663829,0.638968,0.145871,0.350087,0.1701,0.158511,0.07812,0.351163,0.136464,17.660317,2.576129,2.799362,15.144809,9.51071,3.32958,19.574276,0.056624,0.511473,0.25207,0.992952,10.351553,1.075617,,0.535539,7.54972,,1.956877,0.115352,0.003723
EQT,2023-12-31,0.185716,0.129902,0.342256,0.799865,0.228761,0.117458,0.068627,0.026404,0.099928,18.023989,6.168819,2.117064,26.966246,9.967985,7.97304,34.853179,0.055482,0.395411,0.231025,1.409054,10.576154,0.988283,,0.200513,6.155169,,1.831945,0.398234,0.009829
EQT,2024-12-31,0.146915,0.053028,0.044153,0.551755,0.109775,0.011194,0.005789,0.008481,0.019241,135.641467,5.989018,1.518418,54.557416,14.029154,7.740652,70.514056,0.007372,0.454715,0.235149,3.165885,1.58087,0.696585,,0.131111,4.610767,,12.260429,0.431564,0.030321
EQT,2025-12-31,0.45875,0.360868,0.244127,0.720277,0.339693,0.085853,0.048794,0.074619,0.086909,15.336937,3.744163,1.316727,11.022204,6.718577,4.839234,14.245916,0.065202,0.330845,0.188033,1.278047,7.787271,0.762685,,0.199872,5.729391,,2.513649,0.273957,0.007276
ERIE,2021-12-31,,,,,,,,,,,,,,,,,,,,,92.094869,,,,,,,,
ERIE,2022-12-31,,,0.104717,,0.10485,0.206136,0.133322,,,41.866012,4.384078,8.630091,41.812935,,4.299254,41.003923,0.023886,0.0,0.0,,188.382778,,,1.273167,5.431513,,1.226356,0.02357,
ERIE,2023-12-31,,,0.134794,,0.087198,0.268253,0.180448,,,28.022834,3.777297,7.517218,43.318478,,3.704213,42.480336,0.035685,,,,,,,1.338699,,,0.854603,0.027997,
ERIE,2024-12-31,,,0.155425,,0.125933,0.302082,0.207821,,,20.822258,3.236299,6.29002,25.698582,,3.173682,25.201357,0.048026,,,,,,,1.337113,,,1.018215,0.032323,
ERIE,2025-12-31,,,0.134826,,0.137629,0.24496,0.166693,,,22.347776,3.013061,5.474308,21.892574,,2.954763,21.468988,0.044747,,,,,,,1.236356,,,1.227631,0.027887,
ES,2022-12-31,0.848216,0.178867,0.114317,0.340733,-0.084672,0.090794,0.026392,0.043314,0.054795,18.157071,2.075654,1.648559,-24.514146,12.812893,4.365773,-51.561181,0.055075,1.482569,0.430953,5.388912,3.751053,0.621124,0.566059,0.230868,8.100342,-295.319625,1.709257,0.280068,
ES,2023-12-31,0.84084,0.201444,-0.03713,0.117216,-0.225905,-0.031201,-0.007952,0.058623,0.01178,-57.680028,2.141638,1.799676,-9.480258,38.429492,4.504557,-19.940049,-0.017337,1.887582,0.481088,19.124696,0.678485,0.669883,0.589885,0.214174,8.320256,-218.349849,-3.722325,0.364114,
ES,2024-12-31,0.830858,0.227355,0.068201,0.347165,-0.195011,0.053968,0.01362,0.040357,0.044543,31.427735,2.143419,1.696107,-10.991254,12.986069,4.508303,-23.118165,0.031819,1.935907,0.488549,7.040523,2.119226,0.75526,0.666791,0.199696,7.206824,-156.480994,2.660912,0.376489,
ES,2025-12-31,0.846923,0.220605,0.124924,0.405096,-0.003329,0.104485,0.026532,0.059612,0.055083,15.072582,1.882923,1.574859,-565.634421,9.776446,3.960396,-1189.712205,0.066346,1.859258,0.472119,5.462815,2.480115,0.650212,0.587255,0.212383,7.334355,-191.028344,2.430655,0.306975,
ESS,2022-12-31,0.683863,0.319378,0.254115,0.744418,0.505632,0.071429,0.033001,0.043957,0.054813,45.590597,11.585239,3.256493,22.91241,20.253644,15.077187,29.818519,0.021934,1.054319,0.487103,4.953332,2.934368,0.662981,,0.129866,132.095857,,2.389452,0.101563,0.004485
ESS,2023-12-31,0.68171,0.314746,0.243097,0.714062,0.502992,0.074838,0.03283,0.045185,0.053596,45.870325,11.150941,3.432823,22.169203,20.323153,14.511985,28.8513,0.021801,1.156393,0.50729,4.877296,3.023006,1.878783,,0.135049,178.487651,,2.414992,0.084085,0.004811
ESS,2024-12-31,0.680569,0.297846,0.417888,0.916935,0.525182,0.13392,0.057361,0.04354,0.084443,25.104211,10.490758,3.36196,19.975453,14.889622,13.652813,25.996324,0.039834,1.20174,0.514729,4.01635,4.444612,0.6642,,0.137263,192.144017,,1.440692,0.076866,0.004034
ESS,2025-12-31,0.677834,0.31892,0.354819,0.831178,0.494915,0.120848,0.05089,0.048771,0.07545,27.797924,9.863234,3.359335,19.929154,15.443323,12.836145,25.93607,0.035974,1.236473,0.520689,4.286318,3.719668,0.774781,,0.143426,183.969685,,1.604416,0.074363,0.005108
ETN,2022-12-31,0.331872,0.144323,0.118639,0.193186,0.093244,0.144501,0.070315,0.098749,0.106617,67.010833,7.950109,9.683101,85.261328,46.309971,8.946447,95.946601,0.014923,0.534922,0.260296,2.085557,21.215278,1.375157,0.835849,0.592677,5.091266,81.115853,1.028838,0.028816,
ETN,2023-12-31,0.363597,0.167486,0.138731,0.211416,0.123599,0.169048,0.083732,0.115593,0.12964,51.268077,7.112462,8.666772,57.544705,37.858212,8.003823,64.756426,0.019505,0.514919,0.255048,1.790579,26.344371,1.507035,1.024397,0.60356,5.183464,79.663628,1.126165,0.032635,
ETN,2024-12-31,0.381984,0.186189,0.152504,0.225782,0.14145,0.205214,0.098851,0.139396,0.153846,43.484626,6.631589,8.923662,46.882828,33.052639,7.462685,52.758361,0.022997,0.531209,0.255882,1.530532,36.123077,1.501973,0.963981,0.648185,5.386014,80.801279,1.140485,0.032478,
ETN,2025-12-31,0.375874,0.189777,0.1489,0.225117,0.129445,0.210399,0.099076,0.147366,0.16226,40.367181,6.010663,8.493213,46.434188,30.046395,6.763942,52.253496,0.024773,0.542188,0.255315,1.500728,21.46473,1.31857,0.814728,0.66539,5.095229,83.418079,1.094201,0.033481,
ETR,2022-12-31,0.383265,0.137117,0.079709,0.307779,-0.204112,0.084382,0.018724,0.047507,0.039176,44.422928,3.540922,3.748511,-17.347958,18.573619,5.716578,-28.007103,0.022511,2.05816,0.456696,6.263886,2.071209,0.642917,0.43396,0.234904,18.16591,0.887793,2.356577,0.391953,
ETR,2023-12-31,0.43873,0.219031,0.19447,0.405244,-0.037242,0.161166,0.039567,0.065102,0.050241,20.631536,4.012219,3.325096,-107.734422,15.984109,6.477456,-173.929924,0.048469,1.790606,0.439608,5.304758,2.661134,0.572324,0.320348,0.203463,18.036086,22.647511,1.817851,0.39076,
ETR,2024-12-31,0.483035,0.232181,0.089328,0.423968,-0.124684,0.070189,0.016379,0.046122,0.04419,45.928023,4.102652,3.223651,-32.904458,15.622531,6.623454,-53.122017,0.021773,1.912763,0.446348,5.571064,2.253203,0.719393,0.425259,0.183356,17.902233,12.561307,4.229719,0.502516,
ETR,2025-12-31,0.477169,0.248332,0.136972,0.474644,-0.215553,0.104571,0.024667,0.052451,0.056314,27.483964,3.764522,2.874034,-17.464465,12.804467,6.077565,-28.195195,0.036385,1.824201,0.430305,4.72021,2.699232,0.742282,0.506775,0.180088,18.405604,-19.164866,2.904511,0.613389,
EVRG,2022-12-31,0.448806,0.222235,0.128467,0.374477,-0.062228,0.079368,0.025524,0.056938,0.046515,24.438221,3.139501,1.939607,-50.451587,15.917027,5.960565,-95.785926,0.04092,1.269135,0.408143,5.474181,2.993069,0.52722,0.334621,0.198682,658.325843,8.703221,2.393915,0.369767,0.003209
EVRG,2023-12-31,0.50207,0.232817,0.132766,0.43871,-0.064232,0.07568,0.023609,0.055054,0.04652,25.153355,3.339503,1.903597,-51.991658,14.45212,6.340283,-98.709861,0.039756,1.360547,0.424427,5.429092,2.429821,0.509338,0.288362,0.177821,2118.538462,21.372019,2.707781,0.423732,0.003213
EVRG,2024-12-31,0.518975,0.251056,0.149385,0.451764,-0.060353,0.087745,0.027058,0.059085,0.051402,21.058556,3.145836,1.84778,-52.124252,13.220604,5.972594,-98.9616,0.047487,1.41331,0.43583,5.3178,2.612502,0.502212,0.265372,0.181131,2165.666667,33.077844,2.270979,0.399603,0.002599
EVRG,2025-12-31,0.522662,0.257129,0.143519,0.457159,-0.12609,0.083708,0.025203,0.058271,0.049824,21.499122,3.085522,1.799639,-24.470731,12.8141,5.858083,-46.459424,0.046514,1.487306,0.447802,5.570705,2.445724,0.491301,0.267026,0.175607,596.16,23.007093,2.390369,0.469153,0.003472
EW,2022-12-31,0.837881,0.34478,0.340927,0.375963,0.213575,0.262094,0.183527,0.209445,0.211648,33.427338,11.396296,8.761098,53.359624,28.261731,10.625373,49.750014,0.029916,0.119052,0.083364,,80.140625,3.027973,2.171655,0.538318,6.942457,392.306978,0.800447,0.059319,0.028405
EW,2023-12-31,0.804711,0.296647,0.27992,0.306367,0.125649,0.210887,0.149778,0.182305,0.17018,36.275717,10.154304,7.650085,80.815036,30.90212,9.467398,75.348155,0.027567,0.103023,0.073169,,78.977273,3.376025,2.620211,0.535073,6.493843,323.652405,0.638762,0.053154,0.027824
EW,2024-12-31,0.794558,0.272102,0.76746,0.316775,0.04778,0.417527,0.319763,0.12596,0.135748,12.186333,9.352526,5.088121,195.740921,27.526936,8.719857,182.499668,0.082059,0.070011,0.053618,,79.186869,4.175791,3.453827,0.416651,8.930389,331.336556,0.129905,0.051917,0.029837
EW,2025-12-31,0.780111,0.269662,0.176923,0.238958,0.220021,0.103844,0.078374,0.124123,0.108832,47.389907,8.38438,4.921168,38.107165,32.713748,7.817203,35.529336,0.021102,0.068236,0.0515,,63.397059,3.715554,3.094613,0.442981,9.198908,285.537937,1.48598,0.042884,0.026056
EXC,2022-12-31,0.421008,0.173865,0.113744,0.376088,-0.119352,0.087698,0.022758,0.043758,0.045434,19.973632,2.271872,1.751648,-19.035038,13.141034,4.942181,-41.408398,0.050066,1.618574,0.420036,5.525157,2.660677,0.691358,0.620205,0.200086,8.605323,-44.390021,2.24424,0.37462,
EXC,2023-12-31,0.410871,0.184701,0.107148,0.365306,-0.124499,0.09039,0.022856,0.049561,0.048187,18.618034,1.994881,1.682888,-16.02321,11.879416,4.33962,-34.856533,0.053711,1.708717,0.432061,5.488598,2.562753,0.816786,0.735885,0.213311,9.277114,-18.970319,2.020189,0.340958,
EXC,2024-12-31,0.408416,0.187033,0.106826,0.355003,-0.066354,0.091378,0.022823,0.053999,0.046663,17.619017,1.882177,1.609999,-28.365695,11.533568,4.094447,-61.706101,0.056757,1.732811,0.432801,5.66263,2.393417,0.872334,0.783581,0.21365,8.410519,-13.965613,2.263821,0.30819,
EXC,2025-12-31,0.429302,0.212095,0.114107,0.373403,-0.093783,0.096118,0.023745,0.054862,0.050998,15.65852,1.786742,1.505062,-19.051773,10.409243,3.886838,-41.444801,0.063863,1.73901,0.429613,5.459704,2.54725,0.924015,0.839996,0.208098,7.357598,-25.611368,2.259393,0.351595,
EXE,2022-12-31,0.71275,0.325701,0.431355,0.486236,0.201171,0.540991,0.31911,0.305067,0.298574,4.103376,1.770014,2.219889,8.798551,4.191098,2.037863,10.130003,0.243702,0.348422,0.205521,0.532531,23.81875,0.997781,,0.739785,9.77199,,0.835697,0.159311,0.001923
EXE,2023-12-31,0.648103,0.304566,0.311125,0.610675,0.070868,0.225464,0.168267,0.144056,0.246593,8.372991,2.60505,1.887806,36.759102,4.911387,2.999263,42.321719,0.119432,0.19685,0.146912,0.199874,30.971154,1.98554,,0.540832,19.150246,,0.983878,0.235241,0.004244
EXE,2024-12-31,0.270315,-0.165127,-0.169154,0.241175,0.001895,-0.040649,-0.025597,-0.025457,-0.028703,-28.367318,4.798452,1.153104,2531.783168,22.906942,5.524584,2914.908416,-0.035252,0.327412,0.206173,5.268173,-5.469231,0.639449,,0.151323,4.106031,,-2.191877,0.36887,0.009003
EXE,2025-12-31,0.508491,0.227336,0.149233,0.45098,0.134876,0.097912,0.064305,0.093644,0.099149,11.134835,1.661684,1.090229,12.320113,4.242181,1.91314,14.184469,0.089808,0.272365,0.178881,0.799163,10.710638,1.005171,,0.430905,8.942773,,2.515118,0.240463,0.003774
EXPD,2022-12-31,0.12718,0.106868,0.079514,0.110227,0.119666,0.43646,0.242807,0.434745,0.515887,18.285272,1.453928,7.980785,12.149888,12.944944,1.426877,11.923834,0.054689,0.166708,0.092741,,78.376552,2.19956,,3.05366,8.099696,,1.568938,0.005086,0.003772
EXPD,2023-12-31,0.133921,0.101067,0.080954,0.108353,0.109018,0.314968,0.166427,0.291238,0.333381,32.967155,2.66883,10.383588,24.480692,24.172657,2.619175,24.025219,0.030333,0.220776,0.116657,,195.819375,2.015473,,2.055814,6.068195,,1.398877,0.004227,0.006279
EXPD,2024-12-31,0.127262,0.098233,0.076418,0.103996,0.064421,0.364403,0.170382,0.347271,0.387399,30.639721,2.341434,11.165217,36.345866,22.095727,2.297871,35.669637,0.032637,0.255931,0.119664,,,1.771025,,2.229595,5.305988,,0.892958,0.003817,0.006072
EXPD,2025-12-31,0.12922,0.095089,0.073207,0.100218,0.086132,0.343998,0.165589,0.331645,0.373133,30.629927,2.242334,10.53662,26.033575,21.958251,2.200614,25.54921,0.032648,0.242223,0.116598,,,1.811853,,2.261918,5.474588,,1.242085,0.004797,0.006254
EXPE,2022-12-31,0.857975,0.101911,0.030171,0.137739,0.238107,0.154183,0.016326,0.088941,0.075582,95.250479,2.873761,14.686013,12.069175,20.754451,2.858696,12.005905,0.010499,2.869908,0.303882,1.334163,2.942238,0.815643,,0.541116,5.614533,,9.772727,0.056741,0.032056
EXPE,2023-12-31,0.877483,0.11948,0.062076,0.161228,0.143625,0.519557,0.036827,0.133136,0.128106,42.067965,2.611431,21.856694,18.182304,16.112272,2.597741,18.086986,0.023771,4.280965,0.303438,0.97971,5.155102,0.783332,,0.593245,4.608399,,3.375157,0.065893,0.032168
EXPE,2024-12-31,0.894602,0.121978,0.090132,0.191805,0.170112,0.79255,0.055119,0.169449,0.203714,27.170315,2.44892,21.533827,14.39595,12.700839,2.436082,14.320482,0.036805,4.194605,0.291719,0.793222,7.268293,0.721108,,0.611533,4.261127,,2.5,0.055219,0.033453
EXPE,2025-12-31,0.901174,0.146813,0.08783,0.188488,0.211091,1.007788,0.05292,0.237574,0.242463,25.910486,2.275719,26.112281,10.780762,12.010228,2.263789,10.724245,0.038594,4.996106,0.262351,0.269355,6.32107,0.732365,,0.602527,3.536486,,2.998454,0.052264,0.027014
EXR,2022-12-31,0.756309,0.539298,0.447304,0.753347,0.631601,0.264047,0.070737,0.095803,0.105728,35.055962,15.680655,9.256434,24.826851,30.022865,22.61764,35.810033,0.028526,2.319458,0.62137,4.993622,5.298383,0.668934,,0.158141,22.390472,,1.438546,0.011866,0.011114
EXR,2023-12-31,0.737951,0.483107,0.313719,0.709263,0.541542,0.055813,0.029254,0.047478,0.049674,37.565141,11.78491,2.096617,21.761761,23.966364,16.998452,31.388974,0.02662,0.78197,0.409861,6.012319,2.991709,0.854847,,0.093248,19.004751,,1.746112,0.006247,0.010344
EXR,2024-12-31,0.72199,0.430172,0.262421,0.709818,0.573218,0.061278,0.029627,0.051421,0.056488,35.302348,9.264094,2.163267,16.161545,18.825181,13.362448,23.311271,0.028327,0.934062,0.451605,5.270247,2.569065,0.931416,,0.112899,25.101751,,2.208344,0.006299,0.008901
EXR,2025-12-31,0.707769,0.440853,0.288375,0.714841,0.541534,0.072507,0.033283,0.053663,0.061547,30.977697,8.933196,2.246101,16.496094,18.025214,12.885165,23.793821,0.032281,1.041583,0.478121,5.42234,2.675395,1.144506,,0.115416,23.765424,,1.899584,0.006259,0.010522
F,2022-12-31,0.108594,0.039707,-0.012533,0.030109,-8.2e-05,-0.045812,-0.007742,0.024576,-0.010904,-26.590682,0.333273,1.218171,-4052.01085,40.741362,1.226698,-14914.472409,-0.037607,3.248555,0.548975,23.919941,-1.352574,1.202445,1.057089,0.61769,2.902845,95.881844,-3.459364,0.04344,0.002126
F,2023-12-31,0.091719,0.030978,0.024672,0.067018,0.037925,0.10163,0.015905,0.028426,0.030766,12.117815,0.298972,1.231528,7.88329,16.420066,1.100443,29.016483,0.082523,3.532766,0.552878,10.532605,4.009863,1.196492,1.042342,0.644656,2.840599,104.908184,3.431792,0.046745,0.002611
F,2024-12-31,0.08382,0.028212,0.03178,0.076955,0.036429,0.131125,0.020614,0.020913,0.046928,8.960051,0.284748,1.174889,7.816611,13.619566,1.048089,28.771055,0.111607,3.587867,0.56404,9.524234,7.367077,1.164843,1.02493,0.648649,2.778784,111.589096,2.623405,0.046943,0.002762
F,2025-12-31,0.008971,-0.048962,-0.043692,0.019427,0.066573,-0.227581,-0.028296,-0.031743,-0.060234,-6.438052,0.281289,1.46518,4.225246,53.295256,1.035357,15.552109,-0.155326,4.60998,0.573171,38.477185,-7.874719,1.074828,0.941788,0.647624,2.902105,105.072904,-2.601076,0.047072,0.002723
FANG,2022-12-31,0.700502,0.68179,0.458499,0.755593,0.283504,0.292225,0.167347,0.24402,0.240232,12.284862,5.632595,3.58994,19.867775,9.977765,7.539127,26.592658,0.081401,0.425012,0.24339,0.842695,39.756757,0.811189,0.772145,0.364989,13.249307,19.904631,1.442088,0.377692,0.00575
FANG,2023-12-31,0.575369,0.548027,0.376904,0.739777,0.144622,0.189053,0.108376,0.154254,0.164467,17.143304,6.461375,3.240987,44.677782,11.690596,8.648434,59.800404,0.058332,0.409083,0.234509,0.982169,25.274286,0.768975,0.739089,0.287542,9.856974,16.620131,1.883551,0.565296,0.006476
FANG,2024-12-31,0.453053,0.398803,0.302821,0.693006,-0.487526,0.088457,0.049605,0.07128,0.076647,16.141823,4.888089,1.427852,-10.026313,9.440933,6.542619,-13.420039,0.061951,0.353217,0.198077,1.677445,16.628472,0.438578,0.414467,0.163808,6.954574,2.416268,1.92121,1.06931,0.005897
FANG,2025-12-31,0.349722,0.329426,0.111461,0.480742,-0.04709,0.045007,0.023417,0.078892,0.032185,32.380652,3.609177,1.457357,-76.644958,10.048668,4.830818,-102.587892,0.030883,0.40244,0.209389,2.004319,8.071698,0.416304,0.397609,0.210093,10.771284,-6.794486,5.263221,0.633733,
FAST,2022-12-31,0.460677,0.208234,0.155703,0.233633,0.109905,0.343608,0.238953,0.29508,0.386905,51.742436,8.05645,17.779102,73.304033,34.628522,8.090373,73.612691,0.019326,0.253572,0.17634,0.199215,101.699301,3.956445,1.793872,1.53467,6.889657,193.847336,0.865765,0.024898,0.001031
FAST,2023-12-31,0.4566,0.20808,0.157213,0.232771,0.171492,0.3449,0.2588,0.32146,0.403199,48.691649,7.654982,16.793733,44.637554,33.024768,7.687214,44.825507,0.020537,0.159759,0.119877,0.02263,141.925926,4.568123,2.265538,1.646172,6.754965,169.105968,1.240433,0.023521,0.000994
FAST,2024-12-31,0.450822,0.200106,0.152478,0.224066,0.12547,0.318171,0.244913,0.301876,0.37782,48.87785,7.452803,15.55149,59.398874,33.401737,7.484184,59.648982,0.020459,0.134226,0.103321,,207.589041,4.674574,2.280454,1.606215,6.806783,173.169925,1.019729,0.030016,0.00106
FAST,2025-12-31,0.450119,0.201902,0.153454,0.224425,0.128114,0.319099,0.249045,0.309426,0.383003,44.690761,6.857979,14.260791,53.530225,30.68662,6.886855,53.755622,0.022376,0.112055,0.087455,,267.935484,4.852012,2.409307,1.622929,6.58516,171.274462,1.0298,0.029913,0.001024
FCX,2022-12-31,0.337577,0.30878,0.152239,0.407989,0.07331,0.222951,0.067876,0.178006,0.162577,29.623037,4.509776,6.60448,61.516583,13.032569,5.317151,72.529756,0.033758,0.704082,0.214354,0.266193,12.991071,2.460678,1.644287,0.445854,17.050898,81.369055,1.481834,0.152283,0.00417
FCX,2023-12-31,0.313279,0.272369,0.080858,0.375804,0.019908,0.110705,0.035196,0.148276,0.139663,55.591284,4.494977,6.154238,225.78614,14.102304,5.299702,266.208114,0.017988,0.590247,0.187655,0.54302,12.662136,2.418745,1.376612,0.435284,18.904053,102.889424,2.856602,0.21107,0.004769
FCX,2024-12-31,0.300923,0.269652,0.074209,0.371911,0.092398,0.107446,0.034441,0.164224,0.146418,54.384697,4.035855,5.843393,43.678866,12.794411,4.758385,51.498594,0.018388,0.553893,0.177545,0.530791,22.652038,2.419214,1.180495,0.464101,44.039792,90.723194,3.790365,0.188882,0.004282
FCX,2025-12-31,0.281574,0.250897,0.085047,0.34671,0.043064,0.11662,0.037891,0.149787,0.129267,46.61193,3.964217,5.43588,92.054385,13.480767,4.673922,108.53467,0.021454,0.555162,0.180377,0.618253,18.268293,2.291078,1.046187,0.445528,26.525077,102.863851,2.545372,0.173413,0.004669
FDS,2022-08-31,0.527572,0.292725,0.21526,0.330283,0.264181,0.298118,0.098876,0.14574,0.134029,25.432439,5.474598,7.581874,20.722916,18.654946,6.16141,23.322694,0.03932,1.667581,0.55308,2.428795,13.426646,1.985792,,0.45933,9.034169,,1.356145,0.027743,0.030372
FDS,2023-08-31,0.533339,0.301704,0.224489,0.377846,0.280405,0.289008,0.118138,0.156051,0.186931,21.561618,4.84034,6.231484,17.261956,14.417461,5.447581,19.427542,0.046379,1.135803,0.464284,1.506668,9.805229,1.590363,,0.526255,8.77499,,1.37892,0.029147,0.029747
FDS,2024-08-31,0.540663,0.31833,0.24381,0.396211,0.279002,0.280856,0.132459,0.176359,0.211714,18.793667,4.582075,5.278316,16.42309,13.015579,5.156916,18.483437,0.053209,0.82332,0.388299,1.080331,10.904573,1.253021,,0.543288,9.660238,,1.303862,0.038892,0.028824
FDS,2025-08-31,0.527174,0.322302,0.257151,0.416046,0.265944,0.273068,0.138709,0.17433,0.205469,16.90769,4.347831,4.616954,16.348695,11.76139,4.893285,18.399709,0.059145,0.712815,0.362084,1.066933,13.800192,1.399867,,0.539406,8.577337,,1.216434,0.046864,0.026372
FDX,2022-05-31,0.215662,0.069756,0.040915,0.102179,0.032819,0.153414,0.044491,0.113947,0.077872,18.783318,0.768511,2.88163,23.416414,10.594545,1.082544,32.984972,0.053239,1.491399,0.432519,1.349974,8.105951,1.42672,1.382093,1.087425,7.88266,29.418964,2.569786,0.072322,0.002032
FDX,2023-05-31,0.212589,0.059209,0.044057,0.113505,0.02966,0.152254,0.04558,0.084717,0.082344,18.092894,0.797127,2.754714,26.875458,9.892591,1.122854,37.857471,0.05527,1.469335,0.439875,1.341053,8.727666,1.369792,1.325335,1.034564,8.849136,24.567478,2.227593,0.068482,0.002019
FDX,2024-05-31,0.216118,0.071819,0.049388,0.123932,0.035761,0.157023,0.049778,0.09781,0.089353,16.59316,0.819506,2.605503,22.916127,9.314582,1.154378,32.280255,0.060266,1.367522,0.433517,1.260766,8.833557,1.36331,1.317334,1.007884,8.693665,28.311895,1.919187,0.059024,0.001859
FDX,2025-05-31,0.216034,0.068603,0.046539,0.11935,0.033904,0.145758,0.046698,0.093241,0.086269,17.562311,0.817335,2.559841,24.107674,9.646548,1.151319,33.958698,0.05694,1.332763,0.426992,1.436726,7.896071,1.193044,1.153981,1.003412,7.734518,30.829033,1.719453,0.046118,0.001751
FDX,2026-05-31,0.217715,0.069922,0.046801,0.117525,0.054012,0.140076,0.044806,0.088355,0.084511,16.211364,0.75871,2.270831,14.047102,9.093683,1.068738,19.787115,0.061685,1.356937,0.434044,1.114175,6.972165,1.475412,1.440038,0.957377,7.474747,30.812106,2.013309,0.040213,0.001869
FDXF,2023-05-31,0.360571,0.187822,0.156783,0.2262,0.118405,,,,,11.360919,1.781199,,15.043227,10.554851,2.387506,20.163831,0.088021,,,,,,,,,,1.108159,0.055335,0.001289
FDXF,2024-05-31,0.347411,0.186014,0.16702,0.263476,0.114601,0.741055,0.311807,0.624853,0.51988,11.411444,1.905944,8.456503,16.631123,9.69618,2.554713,22.292235,0.087631,0.683145,0.287441,,,0.290753,0.266921,1.866878,67.798561,-1.500958,0.979034,0.048918,0.001273
FDXF,2025-05-31,0.31489,0.157895,0.151372,0.249438,0.123032,0.562474,0.268021,0.42527,0.4241,13.344438,2.019975,7.505898,16.418294,10.85465,2.707559,22.00696,0.074938,0.59883,0.285344,,,0.3674,0.340233,1.770609,67.363636,-2.310635,1.137444,0.049145,0.001125
FDXF,2026-05-31,0.289824,0.117339,0.074474,0.158044,-0.024105,-1.317907,0.095148,0.189742,0.159735,27.42231,2.042253,-36.140067,-84.724591,17.320586,2.737421,-113.564218,0.036467,-12.806841,0.924608,3.076259,16.508772,1.516616,,1.2776,7.621317,,0.254962,0.043093,0.001478
FE,2022-12-31,0.631351,0.153303,0.032587,0.302512,-0.013243,0.039937,0.008805,0.018312,0.056797,64.505523,2.102034,2.57616,-158.722681,15.017311,4.54292,-343.031783,0.015503,2.130041,0.469637,5.702839,2.506806,0.610157,0.50379,0.270213,18.485163,-66.239629,6.608374,0.22859,
FE,2023-12-31,0.639005,0.177234,0.085625,0.307071,-0.152991,0.105586,0.022597,0.052763,0.057421,23.765193,2.034906,2.509269,-13.300783,14.321924,4.397843,-28.74568,0.042078,2.386701,0.510796,6.268472,2.425511,0.476792,0.38173,0.263908,17.949791,-46.443375,1.258621,0.260761,
FE,2024-12-31,0.675178,0.184828,0.072595,0.304038,-0.084546,0.078523,0.018792,0.05115,0.053457,26.778366,1.943976,2.102709,-22.993189,13.818419,4.201325,-49.692927,0.037344,1.928784,0.46159,5.837891,2.487636,0.555533,0.445667,0.258858,15.538639,-62.088323,2.956033,0.299139,
FE,2025-12-31,0.653082,0.18774,0.067594,0.281975,-0.0666,0.081535,0.018246,0.059122,0.051172,25.675728,1.735536,2.093465,-26.058948,13.302055,3.750845,-56.318651,0.038947,2.122782,0.475029,6.227732,2.510659,0.565168,0.455701,0.269927,16.070288,-76.642577,3.627451,0.311796,
FERG,2022-07-31,0.306518,0.098719,0.074284,0.109221,0.030071,0.454877,0.135496,0.254342,0.285845,19.548569,1.452148,8.892189,48.29111,15.362842,1.677941,55.799846,0.051155,1.09925,0.327438,1.012179,25.396396,1.647008,0.89981,1.824021,7.913019,59.503092,0.54147,0.010152,0.001995
FERG,2023-07-31,0.303525,0.09363,0.06353,0.099852,0.076747,0.375025,0.118107,0.242454,0.250639,21.959801,1.395105,8.23547,18.177942,16.144179,1.612029,21.004412,0.045538,1.043875,0.328748,1.066015,14.391304,1.671947,0.953951,1.859072,8.266333,52.791349,1.441503,0.014832,0.001715
FERG,2024-07-31,0.305483,0.090434,0.058546,0.100489,0.05065,0.308939,0.104695,0.197809,0.23274,23.908971,1.399766,7.386407,27.636285,16.095389,1.617414,31.933423,0.041825,0.982372,0.332911,1.125923,14.765363,1.804064,1.00115,1.788257,8.227374,58.161104,1.079539,0.012553,0.001653
FERG,2025-07-31,0.30671,0.087316,0.060334,0.097068,0.05211,0.318244,0.104687,0.206075,0.223314,22.35025,1.348484,7.112837,25.877769,16.052267,1.558158,29.901477,0.044742,1.022977,0.336511,1.164769,13.752632,1.683145,0.937956,1.735123,7.760343,62.69373,1.028017,0.009915,0.00091
FFIV,2022-09-30,0.79983,0.152717,0.119502,0.195601,0.151718,0.130483,0.061059,0.122094,0.119811,75.939415,9.074944,9.908813,59.814727,43.828563,8.572911,56.505731,0.013168,0.269209,0.125975,,,1.03928,1.002124,0.510945,5.736097,33.320915,1.373948,0.012473,0.092444
FFIV,2023-09-30,0.789096,0.191228,0.140393,0.23129,0.213007,0.141041,0.075252,0.156123,0.142484,61.943957,8.696471,8.736648,40.827138,35.519796,8.215376,38.568551,0.016144,0.100344,0.053538,,,1.255294,1.230936,0.536012,6.185073,42.131488,1.654418,0.019261,0.084122
FFIV,2024-09-30,0.80198,0.236938,0.201262,0.27493,0.270588,0.181115,0.100976,0.173766,0.161821,43.164417,8.687358,7.817733,32.105535,29.850343,8.206767,30.329432,0.023167,0.079749,0.044462,,,1.416082,1.36481,0.501714,7.238936,55.974855,1.398112,0.010799,0.077805
FFIV,2025-09-30,0.814131,0.256287,0.224211,0.286208,0.293518,0.192756,0.109563,0.188725,0.168143,35.334126,7.922303,6.810871,26.990821,26.148906,7.484035,25.497668,0.028301,0.072882,0.041426,,,1.561907,1.514015,0.488658,7.451318,44.696663,1.371597,0.014009,0.074963
FICO,2022-09-30,0.780599,0.393833,0.271218,0.407139,0.365521,-0.465793,0.259038,0.408754,0.486483,54.909214,14.892391,-25.576307,40.742923,46.118274,18.776571,51.369346,0.018212,-2.384484,1.326064,3.068203,7.833834,1.462368,,0.955088,4.271797,,1.36384,0.004378,0.083756
FICO,2023-09-30,0.794489,0.423432,0.283686,0.438575,0.307011,-0.624101,0.27257,0.423506,0.537574,47.769066,13.551418,-29.812705,44.139905,38.957661,17.08585,55.652317,0.020934,-2.764425,1.207338,2.598462,6.794319,1.51337,,0.960817,3.901453,,1.092087,0.002799,0.081825
FICO,2024-09-30,0.797263,0.427143,0.298575,0.443364,0.353656,-0.532692,0.298513,0.470159,0.558959,39.996886,11.942086,-21.306004,33.76754,33.960272,15.056778,42.574669,0.025002,-2.317474,1.298681,2.703061,7.077595,1.623553,,0.999792,4.025684,,1.234303,0.014877,0.087008
FICO,2025-09-30,0.822328,0.470032,0.327468,0.477778,0.371396,-0.37344,0.348983,0.58029,0.918859,31.460954,10.302457,-11.748786,27.739847,27.187311,12.989507,34.974854,0.031785,-1.761316,1.645963,3.071461,7.005335,0.830373,,1.0657,3.762405,,1.194588,0.019794,0.078693
FIS,2022-12-31,0.35607,0.131584,-1.723457,0.316255,0.064403,-0.615475,-0.264737,0.017582,0.025418,-1.096552,1.88986,0.674901,29.344159,12.649462,4.000457,62.115729,-0.911949,0.749835,0.322529,6.387443,4.013423,0.790064,,0.153608,5.299891,,-0.096824,0.102469,0.019444
FIS,2023-12-31,0.371885,0.158682,-0.67694,0.317262,0.361611,-0.349344,-0.121059,0.031211,0.037421,-2.760247,1.868522,0.964275,5.167213,12.466959,3.955289,10.93796,-0.362286,1.015276,0.351827,5.975633,1.928471,0.749136,,0.178833,5.656502,,-0.65139,0.079341,0.012206
FIS,2024-12-31,0.37563,0.173892,0.143182,0.334255,0.123827,0.092368,0.04292,0.047039,0.059516,12.668582,1.813908,1.170177,14.648679,11.487281,3.839681,31.00833,0.078935,0.735189,0.341611,3.088922,4.695157,0.851001,,0.299757,5.398188,,1.428276,0.080675,0.018367
FIS,2025-12-31,0.368643,0.164747,0.035778,0.323124,0.171115,0.027484,0.011407,0.050503,0.060567,48.087549,1.720469,1.321638,10.05443,11.270854,3.641889,21.283222,0.020795,0.959134,0.398083,3.618261,4.007673,0.589286,,0.318831,5.492284,,7.371728,0.092629,0.016952
FISV,2022-12-31,0.549416,0.207814,0.14264,0.384958,0.176975,0.082068,0.030166,0.058106,0.063733,9.918605,1.414787,0.814003,7.994288,,,,0.100821,0.69878,0.256853,2.886204,4.904826,1.041046,,0.211485,4.947559,,1.825296,0.083385,0.018211
FISV,2023-12-31,0.598282,0.253863,0.160687,0.420206,0.197664,0.102756,0.033755,0.075167,0.085493,8.179293,1.314307,0.840475,6.649197,,,,0.12226,0.778243,0.25565,2.611118,4.88247,1.037524,,0.210067,5.330262,,1.682529,0.072697,0.017912
FISV,2024-12-31,0.608281,0.287397,0.15306,0.432098,0.247458,0.115672,0.04057,0.09902,0.1044,8.014714,1.226734,0.927075,4.957343,,,,0.124771,0.921974,0.323365,2.559339,4.639742,1.059575,,0.265056,5.491544,,2.117854,0.076701,0.017941
FISV,2025-12-31,0.593639,0.268862,0.164205,0.422592,0.20285,0.134926,0.043428,0.087595,0.103035,7.21094,1.184074,0.97294,5.837188,,,,0.138678,1.129149,0.363433,2.912796,3.785108,1.03198,,0.264473,5.323537,,1.741954,0.083188,0.016845
FITB,2022-12-31,,,0.301901,,0.708837,0.141167,0.011791,,,19.617206,5.922449,2.769301,8.35516,,8.194975,11.56115,0.050976,1.04115,0.08696,,,,,0.039055,2.468617,,2.627964,0.084547,0.020365
FITB,2023-12-31,,,0.278681,,0.473722,0.122522,0.010947,,,20.427282,5.69269,2.5028,12.016951,,7.877054,16.62802,0.048954,0.98623,0.088119,,,,,0.039282,3.006063,,1.91954,0.061217,0.02005
FITB,2024-12-31,,,0.279671,,0.291274,0.117791,0.010868,,,20.736251,5.799334,2.442539,19.910243,,8.024617,27.550077,0.048225,0.941461,0.086861,,,,,0.038858,2.604344,,1.220398,0.050036,0.019821
FITB,2025-12-31,,,0.285909,,0.431357,0.116093,0.011764,,,19.026045,5.43971,2.208787,12.610693,,7.527002,17.449589,0.05256,0.642561,0.065115,,,,,0.041147,2.724212,,1.789849,0.080376,0.018479
FIX,2022-12-31,0.179117,0.060928,0.059402,0.079535,0.061147,0.245966,0.094687,0.20082,0.1738,236.306427,14.037137,58.123332,229.562735,171.533793,13.642905,223.115481,0.004232,0.38917,0.149815,0.604401,20.495619,1.116902,1.086744,1.593994,4.043,57.838869,1.226,0.01168,0.002544
FIX,2023-12-31,0.190235,0.079913,0.062111,0.091925,0.10462,0.253084,0.097834,0.262196,0.250614,179.713099,11.162192,45.482499,106.692961,118.016749,10.848703,103.696496,0.005564,0.200946,0.077679,,44.754959,1.110327,1.07225,1.575143,3.947727,61.77585,1.97765,0.018214,0.002485
FIX,2024-12-31,0.210091,0.106203,0.074341,0.116272,0.105014,0.306471,0.110894,0.329925,0.31556,111.246527,8.270232,34.093785,78.753332,69.130913,8.037963,76.54155,0.008989,0.181031,0.065505,,132.992277,1.080329,1.057398,1.491689,3.775753,57.49907,1.625198,0.015805,0.002369
FIX,2025-12-31,0.241264,0.144217,0.112349,0.158476,0.113326,0.41758,0.158753,0.400041,0.426747,56.836734,6.385536,23.733859,56.346587,39.161721,6.206199,54.764097,0.017594,0.197388,0.075042,,186.281908,1.211177,1.186407,1.413042,3.530699,71.017059,1.160185,0.017019,0.002396
FLEX,2023-03-31,0.069328,0.035822,0.027823,0.053961,0.011052,0.148197,0.037044,0.095535,0.098387,50.547186,1.406355,7.490921,127.250536,28.071467,1.514768,137.060053,0.019783,0.784526,0.196104,0.344603,4.508696,1.475384,0.795528,1.331434,8.19023,67.462074,1.197982,0.022279,0.004666
FLEX,2024-03-31,0.070604,0.033049,0.038084,0.053379,0.030134,0.18892,0.055102,0.101677,0.089833,39.84485,1.517468,7.527496,50.356682,30.619799,1.634447,54.238589,0.025097,0.704413,0.205455,0.558156,4.217391,1.52149,0.794824,1.446842,8.709199,67.734761,1.318091,0.020064,0.005754
FLEX,2025-03-31,0.08364,0.045907,0.032464,0.068958,0.041336,0.167533,0.045591,0.111652,0.145469,47.832839,1.552858,8.013578,37.566934,24.255009,1.672565,40.462902,0.020906,0.829268,0.225668,0.788202,5.692661,1.303655,0.788832,1.404331,7.031599,50.735794,1.795943,0.016968,0.004843
FLEX,2026-03-31,0.091961,0.051838,0.031525,0.068819,0.037687,0.171073,0.039891,0.125245,0.135205,45.549908,1.435979,7.792364,38.102584,22.474709,1.546676,41.039845,0.021954,0.839036,0.195648,0.709006,6.316279,1.359188,0.872753,1.265367,5.965805,29.357744,1.914773,0.022677,0.005087
FOX,2022-06-30,,0.184199,0.086232,0.174181,0.112852,0.10627,0.054316,0.101026,0.104128,20.205342,1.742338,2.14723,15.439085,11.413147,1.987949,17.615473,0.049492,0.68066,0.347893,0.824158,5.493369,3.606707,3.262195,0.629885,6.566729,,1.563485,0.021969,0.007299
FOX,2023-06-30,,0.185342,0.083082,0.167371,0.096761,0.119387,0.056663,0.113429,0.115174,19.650877,1.632632,2.346063,16.872791,11.129648,1.862777,19.251282,0.050888,0.790807,0.375332,1.177083,5.974212,1.928514,1.784215,0.682018,6.850253,,1.452785,0.023939,0.004962
FOX,2024-06-30,,0.177253,0.107368,0.207296,0.106938,0.140097,0.068314,0.102185,0.131914,16.220811,1.741591,2.272488,16.285911,9.585783,1.987096,18.581672,0.061649,0.760874,0.371018,0.993099,6.195062,2.540989,2.32893,0.636264,5.913706,,1.225849,0.024678,0.006438
FOX,2025-06-30,,0.198098,0.138834,0.236135,0.18362,0.189182,0.097564,0.130298,0.170657,10.75892,1.493708,2.035399,8.134794,7.217355,1.70427,9.281524,0.092946,0.62406,0.321837,0.325019,8.595533,2.909562,2.760442,0.702738,6.593851,,1.468847,0.020307,0.008282
FOX,2026-06-30,,0.204134,0.098388,0.180369,0.085718,0.144909,0.074949,0.145354,0.135201,14.449518,1.421665,2.093863,16.585448,8.993072,1.622072,18.923434,0.069206,0.650843,0.336625,0.777274,6.680798,3.169479,2.986877,0.761765,4.956874,,1.169139,0.029312,0.007708
FOXA,2022-06-30,,0.184199,0.086232,0.174181,0.112852,0.10627,0.054316,0.101026,0.104128,22.553414,1.944816,2.39676,17.233268,12.57003,2.189456,19.401048,0.044339,0.68066,0.347893,0.824158,5.493369,3.606707,3.262195,0.629885,6.566729,,1.563485,0.021969,0.007299
FOXA,2023-06-30,,0.185342,0.083082,0.167371,0.096761,0.119387,0.056663,0.113429,0.115174,21.934515,1.822361,2.6187,18.833585,12.257794,2.051596,21.20267,0.04559,0.790807,0.375332,1.177083,5.974212,1.928514,1.784215,0.682018,6.850253,,1.452785,0.023939,0.004962
FOXA,2024-06-30,,0.177253,0.107368,0.207296,0.106938,0.140097,0.068314,0.102185,0.131914,18.105839,1.943982,2.536575,18.178504,10.557437,2.188516,20.465186,0.055231,0.760874,0.371018,0.993099,6.195062,2.540989,2.32893,0.636264,5.913706,,1.225849,0.024678,0.006438
FOXA,2025-06-30,,0.198098,0.138834,0.236135,0.18362,0.189182,0.097564,0.130298,0.170657,12.00922,1.667292,2.271933,9.080142,7.948936,1.877022,10.222336,0.083269,0.62406,0.321837,0.325019,8.595533,2.909562,2.760442,0.702738,6.593851,,1.468847,0.020307,0.008282
FOXA,2026-06-30,,0.204134,0.098388,0.180369,0.085718,0.144909,0.074949,0.145354,0.135201,16.128703,1.586877,2.337192,18.51285,9.904646,1.786491,20.841589,0.062001,0.650843,0.336625,0.777274,6.680798,3.169479,2.986877,0.761765,4.956874,,1.169139,0.029312,0.007708
FRT,2022-12-31,0.667918,0.337452,0.358804,0.777249,0.09314,0.130497,0.046817,0.050894,0.067212,25.151217,9.024354,3.282169,96.889794,17.707014,13.762755,147.763534,0.03976,1.51482,0.543454,5.082078,3.888268,0.946786,,0.130481,5.435815,,1.340548,0.387853,0.012755
FRT,2023-12-31,0.679288,0.350296,0.209322,0.650785,0.216146,0.079968,0.02809,0.053572,0.050994,40.912158,8.563824,3.271651,39.620644,20.068705,13.060415,60.424181,0.024443,1.581813,0.555646,5.90176,2.473205,1.550395,,0.134197,5.612141,,2.345423,0.274804,0.012638
FRT,2024-12-31,0.674167,0.347886,0.245505,0.683942,0.272612,0.093079,0.034629,0.055884,0.058417,32.843175,8.063164,3.057002,29.577423,17.979399,12.296874,45.107584,0.030448,1.438158,0.535059,5.289617,2.734334,1.161881,,0.141054,5.249048,,1.946299,0.205214,0.013603
FRT,2025-12-31,0.672485,0.359282,0.321411,0.762411,0.258832,0.126535,0.045023,0.05721,0.069169,23.585771,7.580733,2.984417,29.288206,15.163922,11.561134,44.666509,0.042398,1.547776,0.550718,4.959148,3.307275,1.043425,,0.140078,5.120919,,1.514018,0.22779,0.011422
FSLR,2022-12-31,0.02667,-0.107183,-0.016862,0.110925,-0.011543,-0.007568,-0.005353,-0.0,0.002887,-476.832419,8.040174,3.608564,-696.513448,67.207116,7.454925,-645.813798,-0.002097,0.040118,0.028375,,1.703313,3.652452,2.897867,0.317446,8.075918,108.459965,-19.774691,0.344977,0.01094
FSLR,2023-12-31,0.391936,0.266972,0.250339,0.365289,-0.236399,0.124229,0.080151,0.113941,0.099819,25.349499,6.34598,3.149141,-26.844331,16.107933,5.884052,-24.890316,0.039449,0.093367,0.060239,,69.745854,3.548429,2.773552,0.32017,5.02228,218.271856,0.724936,0.417879,0.010311
FSLR,2024-12-31,0.441687,0.331346,0.30717,0.444265,-0.073242,0.161959,0.106566,0.149111,0.143846,16.299585,5.006736,2.639872,-68.358821,10.449384,4.642293,-63.38294,0.061351,0.090103,0.059286,,37.180551,2.449663,1.800558,0.346929,3.335548,244.068817,0.942692,0.362808,0.006681
FSLR,2025-12-31,0.406244,0.305949,0.292799,0.412743,0.227466,0.160225,0.114721,0.153802,0.146834,13.780514,4.034923,2.207989,17.738585,9.064285,3.741218,16.447383,0.072566,0.068708,0.049194,,36.823186,2.674605,2.198616,0.391807,4.033396,169.070752,1.346071,0.166663,0.003683
FTNT,2022-12-31,0.754403,0.219496,0.194073,0.24399,0.328112,-3.044389,0.137653,1.323851,0.309087,145.356266,28.20979,-442.521047,85.976216,112.363822,27.415613,83.555766,0.00688,-3.517045,0.159024,,54.083333,1.237786,1.151832,0.709281,3.501149,111.383937,2.018663,0.063657,0.049192
FTNT,2023-12-31,0.766777,0.233958,0.21637,0.276749,0.326384,-2.47691,0.158123,2.093561,0.382694,108.567631,23.490787,-268.912229,71.972928,82.49147,22.829462,69.946706,0.009211,-2.141347,0.136701,,64.509524,1.190723,1.060366,0.730799,3.783738,179.21886,1.686269,0.038475,0.046939
FTNT,2024-12-31,0.805635,0.302797,0.293025,0.369606,0.315524,1.168296,0.178755,0.624847,0.364496,71.403809,20.923121,83.420757,66.312222,55.015549,20.334082,64.445364,0.014005,0.665618,0.101843,,103.925,1.470559,1.392863,0.610032,4.069837,128.971492,1.293892,0.063619,0.043302
FTNT,2025-12-31,0.804562,0.306592,0.272575,0.360948,0.327343,1.497697,0.178397,0.753693,0.429919,67.235312,18.326656,100.698123,55.986129,49.344305,17.810713,54.409977,0.014873,0.805091,0.095898,,114.542289,1.17207,1.09271,0.654487,4.020577,137.118678,1.397755,0.05365,0.041105
FTV,2022-12-31,0.577338,0.172563,0.129632,0.246734,0.207254,0.077989,0.047525,0.067195,0.073825,21.995416,2.851321,1.715403,13.75761,13.80523,3.406224,16.435015,0.045464,0.353254,0.215266,1.76854,9.886063,0.908291,0.711488,0.366613,6.077934,47.260584,1.725636,0.016444,0.016101
FTV,2023-12-31,0.632898,0.146657,0.221212,0.251105,0.345844,0.083904,0.051195,0.038758,0.036811,19.185652,4.244088,1.609759,12.271674,20.190921,5.070042,14.659897,0.052122,0.369235,0.225292,1.788156,4.506883,2.049685,1.749958,0.23143,4.073585,71.387241,1.56341,0.027543,0.024145
FTV,2024-12-31,0.641795,0.175525,0.204097,0.267098,0.374133,0.081748,0.048948,0.049124,0.044601,19.943496,4.07041,1.630345,10.879577,18.205172,4.862564,12.996881,0.050142,0.363867,0.21787,2.655046,4.313482,1.158104,1.037571,0.239826,6.171027,20.295269,1.833113,0.029503,0.022078
FTV,2025-12-31,0.635017,0.173162,0.139261,0.278979,0.260441,0.089751,0.049345,0.065955,0.076145,28.679105,3.993878,2.573982,15.335061,17.102161,4.771137,18.319458,0.034869,0.512381,0.281708,2.439455,5.99751,0.714724,0.584839,0.354337,6.084114,25.223531,1.870166,,0.028083
GD,2022-12-31,0.168041,0.106859,0.086025,0.134773,0.087929,0.182572,0.065717,0.121697,0.122144,28.177053,2.42394,5.144346,27.56716,18.927231,2.55088,29.01083,0.03549,0.652413,0.234836,1.742421,11.322251,1.372987,0.960889,0.763924,13.100731,60.414342,1.350737,0.028269,0.004187
GD,2023-12-31,0.157835,0.100421,0.078421,0.124101,0.090036,0.155641,0.060482,0.115582,0.114206,28.814543,2.259657,4.484727,25.09727,19.161747,2.377993,26.411593,0.034705,0.520353,0.202208,1.400686,10.984962,1.437135,0.915105,0.771246,14.071904,82.154361,1.420814,0.021385,0.004282
GD,2024-12-31,0.15433,0.100511,0.079261,0.121951,0.06698,0.171418,0.067681,0.129611,0.129625,25.256534,2.001849,4.32943,29.887425,17.27488,2.106684,31.452605,0.039594,0.483887,0.191052,1.214126,12.552163,1.368155,0.822599,0.853901,16.028216,80.481996,1.087255,0.019197,0.003835
GD,2025-12-31,0.151304,0.101922,0.080114,0.122341,0.075338,0.164312,0.073538,0.131373,0.136084,22.688886,1.817701,3.728054,24.127358,15.635795,1.912893,25.390888,0.044074,0.382054,0.17099,0.883497,13.69403,1.443677,0.894022,0.91792,21.84123,70.349711,1.216152,0.022093,0.00373
GDDY,2022-12-31,0.637157,0.125755,0.086085,0.170459,0.22477,-1.061483,0.050505,0.145545,0.111394,35.04567,3.01691,-37.200377,13.422233,21.482629,3.661913,16.29185,0.028534,-11.99789,0.570861,4.383568,3.436774,0.643386,,0.586692,68.074875,,2.781658,0.01469,0.064625
GDDY,2023-12-31,0.630098,0.15002,0.323171,0.177264,0.228062,22.102894,0.181734,0.164544,0.119382,8.978095,2.901456,198.441882,12.722207,19.867372,3.521776,15.442162,0.111382,63.27492,0.520258,4.45246,3.255866,0.468078,,0.562347,55.536554,,0.762002,0.018194,0.06965
GDDY,2024-12-31,0.638765,0.203993,0.204867,0.231567,0.275759,1.353706,0.113765,0.207907,0.166823,13.174389,2.699004,17.834251,9.787555,14.147295,3.27604,11.880093,0.075905,5.627366,0.472922,2.555241,5.835123,0.723318,,0.55531,50.19978,,1.374426,0.005816,0.065578
GDDY,2025-12-31,0.636141,0.229929,0.176728,0.260063,0.318212,4.067875,0.1089,0.244423,0.232369,14.106383,2.492999,57.383008,7.834392,11.63559,3.025991,9.509353,0.07089,17.957229,0.480728,2.096459,7.754967,0.614555,,0.616199,59.580024,,1.827886,0.004827,0.064188
GE,2022-12-31,0.259446,0.123408,0.011531,0.138817,0.180342,0.009972,0.001779,0.055355,0.02052,970.460599,11.190321,9.676958,62.050383,83.210573,11.551075,64.050765,0.00103,0.775997,0.138458,2.039308,2.136669,1.181152,0.879886,0.154296,1.964736,267.946685,17.610119,0.022719,
GE,2023-12-31,0.269407,0.133445,0.268247,0.357842,0.122411,0.346021,0.054714,0.089049,0.081233,34.388817,9.224702,11.899236,75.358161,26.609753,9.522088,77.787559,0.029079,0.749006,0.118436,0.420666,11.146744,1.325649,1.067597,0.20397,5.525715,108.370771,0.547247,0.024386,
GE,2024-12-31,0.309157,0.174694,0.169397,0.252959,0.095034,0.338952,0.05324,0.152983,0.096971,49.736846,8.425269,16.858379,88.655454,34.380671,8.696883,91.513531,0.020106,0.996433,0.156513,0.577528,8.728195,1.094295,0.810421,0.314293,5.240623,140.608676,0.718426,0.026665,
GE,2025-12-31,0.314862,0.189292,0.189816,0.263068,0.158412,0.466028,0.066867,0.190454,0.118908,37.462633,7.110997,17.458626,44.889147,27.90241,7.340241,46.336284,0.026693,1.097339,0.157449,0.671723,12.862396,1.041405,0.736949,0.352273,4.947136,145.044351,0.980813,0.027761,
GEHC,2022-12-31,0.391418,0.137506,0.104465,0.176163,0.098304,0.204766,0.069574,0.111142,0.127678,15.118287,1.579338,3.095718,16.0658,11.659437,2.053958,20.893866,0.066145,0.922839,0.313555,2.107397,30.209302,1.156724,0.857044,0.666001,5.893638,36.130709,1.102818,0.016902,0.003653
GEHC,2023-12-31,0.405176,0.12454,0.080196,0.179675,0.087664,0.219823,0.048315,0.100676,0.123674,18.473621,1.481518,4.060933,16.900022,10.723496,1.926741,21.978787,0.054131,1.382728,0.303907,1.977797,5.356089,1.047768,0.829529,0.602453,5.855645,31.356655,1.339923,0.019793,0.005831
GEHC,2024-12-31,0.41709,0.133438,0.101312,0.186356,0.078792,0.23597,0.060231,0.119845,0.131118,14.534188,1.472481,3.429628,18.688153,10.275952,1.914988,24.304285,0.068803,1.110111,0.283357,1.657665,6.110891,1.036428,0.833455,0.594518,5.816677,27.864415,0.978926,0.020384,0.006354
GEHC,2025-12-31,0.399855,0.133915,0.101042,0.183564,0.07297,0.20079,0.056468,0.105452,0.115392,13.899538,1.404443,2.790889,19.246935,9.950249,1.826504,25.030991,0.071945,1.008093,0.283504,1.455626,7.290909,1.372982,1.127622,0.558852,5.545846,35.855425,0.953455,0.02337,0.006303
GEN,2022-03-31,0.854077,0.370529,0.298999,0.467811,0.346209,-8.989247,0.120409,0.22816,0.301186,20.771541,6.210661,-186.72052,17.939058,19.119273,8.944209,25.83472,0.048143,-41.172043,0.551491,1.413609,9.269841,0.737357,,0.402708,23.3,,1.165072,0.002146,0.025036
GEN,2023-03-31,0.82243,0.384383,0.402171,0.456135,0.226409,0.606364,0.083652,0.106588,0.090395,13.017248,5.235155,7.893186,23.122514,16.528757,7.539346,33.299613,0.076821,4.463182,0.615727,5.956378,2.952618,0.432783,,0.208002,19.744048,,0.567466,0.001809,0.040398
GEN,2024-03-31,0.807632,0.307105,0.159737,0.421316,0.537895,0.283645,0.038435,0.108619,0.085406,28.607922,4.569739,8.11449,8.495601,15.620243,6.581055,12.234838,0.034955,4.044393,0.548028,4.845721,1.668161,0.498166,,0.240613,23.312883,,3.400329,0.005263,0.036316
GEN,2025-03-31,0.802795,0.41169,0.163405,0.514867,0.30648,0.283385,0.041497,0.096153,0.127096,27.006234,4.412963,7.653155,14.398846,12.343539,6.355276,20.736326,0.037028,3.66461,0.536625,3.579961,2.780277,0.506489,,0.253953,23.011696,,1.898911,0.003812,0.033799
GEN,2026-03-31,0.7846,0.431,0.1946,0.5146,0.3046,0.372654,0.062416,0.128408,0.161503,17.846874,3.473002,6.650712,11.401844,9.719397,5.001602,16.420229,0.056032,3.163539,0.529861,3.029149,3.655536,0.398893,,0.320739,23.148148,,1.587873,0.0044,0.0474
GEV,2022-12-31,0.116612,-0.097154,-0.092264,-0.017738,-0.021144,-0.256901,-0.061523,-0.258827,-0.126051,-91.535623,8.445453,23.515631,-399.428175,-461.215705,8.181003,-386.92099,-0.010925,0.107418,0.025725,,-15.384106,0.994586,0.735543,0.666817,4.562154,115.006833,0.041667,0.0173,
GEV,2023-12-31,0.14495,-0.027769,-0.013177,0.028039,0.013298,-0.059061,-0.009497,-0.117505,-0.001903,-571.784169,7.534567,33.770424,566.609651,260.299851,7.298639,548.867559,-0.001749,0.156014,0.025086,,-0.326531,0.935918,0.690268,0.720691,5.584509,97.440223,-2.707763,0.022383,
GEV,2024-12-31,0.174181,0.013482,0.044425,0.04703,0.048662,0.162581,0.030145,0.0298,0.023788,161.366924,7.168784,26.235226,147.318509,147.656397,6.94431,142.705565,0.006197,0.10926,0.020258,,,1.077892,0.83115,0.678547,5.534696,102.030113,1.664304,0.025276,
GEV,2025-12-31,0.197935,0.036487,0.128297,0.058895,0.097457,0.43693,0.077504,0.12072,0.06301,51.277941,6.578792,22.404855,67.504438,108.206718,6.372792,65.39069,0.019502,0.104849,0.018598,,,0.981548,0.746168,0.604101,4.839563,122.316674,1.021089,0.033545,
GILD,2022-12-31,0.79264,0.402258,0.168322,0.324475,0.305854,0.216196,0.072692,0.185461,0.129956,40.533467,6.822685,8.763168,22.307008,23.430827,7.602715,24.857344,0.024671,1.187853,0.399392,2.238816,7.218182,1.285193,1.151095,0.43186,5.710906,102.754939,1.97561,0.026685,0.02335
GILD,2023-12-31,0.760363,0.325933,0.208917,0.387078,0.273676,0.248106,0.091187,0.151217,0.153466,32.856077,6.864201,8.151784,25.081482,19.76083,7.648978,27.94902,0.030436,1.094337,0.402205,1.800877,8.26589,1.425975,1.267553,0.436475,5.818884,132.210491,1.413239,0.021574,0.028249
GILD,2024-12-31,0.782604,0.368505,0.016693,0.154205,0.358385,0.024832,0.008136,0.159766,0.035475,387.770163,6.473175,9.629057,18.062075,46.777103,7.213246,20.127091,0.002579,1.381842,0.452767,3.770862,1.706244,1.597218,1.454765,0.487397,6.50543,107.315583,22.558333,0.018189,0.029039
GILD,2025-12-31,0.788262,0.397425,0.289043,0.461246,0.321174,0.374857,0.144181,0.213378,0.229189,21.871878,6.32191,8.198823,19.683765,15.273172,7.044687,21.934187,0.045721,1.098405,0.422479,1.279234,10.566406,1.552696,1.402523,0.498822,5.992673,122.912048,1.177321,0.019122,0.030365
GIS,2022-05-31,0.337086,0.171391,0.142543,0.219204,0.144655,0.256801,0.087079,0.120047,0.155742,7.172364,1.022374,1.841871,7.067679,7.898323,1.731345,11.968803,0.139424,1.135927,0.385184,2.654385,9.371414,0.634646,0.401813,0.610895,11.224396,-28.795145,1.224873,0.029943,0.005197
GIS,2023-05-31,0.325756,0.151556,0.129087,0.203203,0.103965,0.24823,0.082472,0.11066,0.147876,7.485925,0.966336,1.858228,9.294788,8.053264,1.636447,15.740314,0.133584,1.154571,0.383598,2.723452,8.928553,0.686917,0.398689,0.638891,11.938094,-23.904584,1.071206,0.034313,0.005559
GIS,2024-05-31,0.349098,0.184976,0.125728,0.205417,0.127334,0.265689,0.079333,0.132219,0.144303,7.777674,0.977869,2.066443,7.67955,8.061557,1.655978,13.004979,0.128573,1.416997,0.423106,3.067443,7.080924,0.651334,0.381439,0.63099,11.706874,-27.831261,1.322839,0.038983,0.004799
GIS,2025-05-31,0.345519,0.16869,0.117784,0.201308,0.117665,0.2495,0.069402,0.108897,0.134204,8.460152,0.996466,2.110808,8.468639,8.382556,1.687472,14.341266,0.118201,1.662829,0.46254,3.700087,6.165816,0.671439,0.428251,0.589233,10.850604,-26.424792,1.271436,0.032089,0.004706
GIS,2026-05-31,0.336273,0.152362,-0.004755,0.083057,0.088268,-0.011889,-0.002918,0.0,0.041953,-221.663714,1.053903,2.635272,11.939827,21.488002,1.784738,20.219572,-0.004511,1.891917,0.464421,8.550088,1.711903,0.681758,0.398636,0.613812,11.188122,-21.447538,-24.728311,0.029303,0.004309
GL,2022-12-31,,,0.171117,,0.266756,0.226451,0.034417,,,14.900983,2.549817,3.374344,9.558607,,3.118406,11.690101,0.06711,0.525893,0.079927,,13.192168,,,0.201131,,,1.590134,0.005343,
GL,2023-12-31,,,0.178201,,0.263031,0.216358,0.034606,,,13.728728,2.446471,2.970318,9.301062,,2.992015,11.375126,0.07284,0.471532,0.075421,,12.672329,,,0.194198,,,1.527085,0.009096,
GL,2024-12-31,,,0.185315,,0.230422,0.20182,0.036826,,,12.446492,2.30652,2.511956,10.009975,,2.820856,12.242121,0.080344,0.516378,0.094223,,11.438399,,,0.198722,,,1.309759,0.012296,
GL,2025-12-31,,,0.193723,,0.209183,0.194363,0.037686,,,11.476744,2.223311,2.230656,10.628564,,2.719092,12.998651,0.087133,0.439437,0.085204,,11.168282,,,0.194534,,,1.202502,0.02377,
GLW,2022-12-31,0.31757,0.101346,0.092748,0.24956,0.071252,0.109594,0.044612,0.058624,0.085882,98.267659,9.114119,10.769507,127.913194,38.622488,9.638609,135.274212,0.010176,0.650983,0.264992,1.479808,7.15411,1.440193,0.879034,0.480999,8.244625,85.735689,1.987082,0.113045,0.012333
GLW,2023-12-31,0.312282,0.070702,0.046155,0.199714,0.048856,0.050299,0.020386,0.037048,0.047351,222.582167,10.273295,11.195588,210.276812,54.40025,10.864492,222.377608,0.004493,0.734482,0.297684,2.285998,3.480243,1.669831,1.052558,0.441684,8.007634,96.176401,3.450947,0.110423,0.017318
GLW,2024-12-31,0.325964,0.086522,0.038573,0.189968,0.074249,0.047352,0.018244,0.046179,0.050053,255.573595,9.858228,12.101838,132.772319,54.880509,10.42554,140.412966,0.003913,0.757159,0.291725,2.184189,3.471125,1.62472,1.070949,0.472976,6.389674,108.806295,3.832016,0.073563,0.020811
GLW,2025-12-31,0.359652,0.145819,0.102118,0.238979,0.090409,0.135174,0.051524,0.095584,0.094209,81.027719,8.274377,10.952845,91.521754,36.616393,8.750543,96.788555,0.012341,0.79419,0.302718,1.849531,7.107143,1.587775,1.041045,0.504552,5.623965,104.945789,1.688596,0.082027,0.018299
GM,2022-12-31,0.133863,0.065805,0.063381,0.152321,-0.03282,0.146536,0.037624,0.047317,0.072797,7.483986,0.474341,1.096677,-14.452938,7.448292,1.13453,-34.56853,0.133619,1.70619,0.438067,4.002094,12.749747,1.101763,0.933226,0.59361,3.337912,76.762909,1.614959,0.135177,
GM,2023-12-31,0.11137,0.054108,0.058932,0.135019,-0.021415,0.15753,0.037087,0.047277,0.063342,7.341356,0.432641,1.156487,-20.202694,7.664017,1.034791,-48.320792,0.136215,1.907849,0.449155,4.434445,12.419319,1.075949,0.901657,0.62931,3.339721,81.437042,2.066752,0.143213,
GM,2024-12-31,0.124865,0.068202,0.032053,0.116057,-0.031903,0.095256,0.021475,0.046412,0.051037,12.374486,0.396634,1.178747,-12.432427,8.174153,0.94867,-29.735872,0.080811,2.072124,0.467159,5.050106,11.06974,1.127565,0.976274,0.670008,3.166838,90.522608,3.350366,0.139291,
GM,2025-12-31,0.062675,0.015723,0.014577,0.099622,0.009572,0.044127,0.009588,0.013551,0.020453,27.566153,0.401829,1.216412,41.979624,9.64738,0.961093,100.406842,0.036276,2.148464,0.466831,5.931641,5.287483,1.165253,1.010263,0.657766,3.172479,95.158528,9.961809,0.13564,
GNRC,2022-12-31,0.333426,0.124066,0.076733,0.157607,-0.006062,0.155165,0.067757,0.12449,0.134842,34.979668,2.684103,5.427628,-442.766099,18.59757,2.931101,-483.510619,0.028588,0.708785,0.30951,1.76252,10.274176,2.19985,0.783195,0.88302,8.737041,156.855893,0.167061,0.018881,0.006458
GNRC,2023-12-31,0.339434,0.096006,0.050486,0.137851,0.097599,0.086781,0.039874,0.075138,0.092089,60.329331,3.045796,5.235429,31.20711,24.128054,3.326078,34.078872,0.016576,0.74076,0.340361,2.349589,3.973563,2.268117,0.942592,0.789794,7.486594,162.318892,2.568677,0.032083,0.008823
GNRC,2024-12-31,0.387731,0.124945,0.075714,0.156179,0.140734,0.130401,0.063659,0.110451,0.122456,37.669477,2.852118,4.912132,20.26608,19.942356,3.114577,22.131019,0.026547,0.591649,0.288832,1.470505,5.563865,1.966961,0.968418,0.840782,7.01811,131.518449,2.279131,0.031829,0.011464
GNRC,2025-12-31,0.382913,0.068705,0.037906,0.110377,0.063701,0.060611,0.028626,0.0605,0.061895,76.79045,2.910857,4.654354,45.695427,28.79883,3.178721,49.900443,0.013022,0.569158,0.26881,1.938772,3.815678,2.026154,0.998572,0.755183,6.983366,166.412943,2.745014,0.040353,0.011866
GOOG,2022-12-31,0.553794,0.264613,0.212038,0.301093,0.212172,0.234134,0.164188,0.233927,0.242209,70.234642,14.892418,16.444312,70.190168,48.24418,14.525995,68.463163,0.014238,0.115868,0.081254,,200.798319,2.377994,2.339466,0.774333,7.025585,44.844026,1.525629,0.111319,0.068457
GOOG,2023-12-31,0.56625,0.274218,0.240066,0.318715,0.226078,0.260411,0.183391,0.245789,0.268343,57.078555,13.702649,14.863882,60.610288,41.935618,13.3655,59.118993,0.01752,0.095706,0.067399,,279.301948,2.096585,,0.763917,6.408848,,1.378765,0.104917,0.073066
GOOG,2024-12-31,0.582004,0.321098,0.286037,0.38682,0.207886,0.307976,0.222358,0.279532,0.332516,42.071475,12.033987,12.956996,57.887306,30.344582,11.737895,56.463009,0.023769,0.069441,0.050136,,448.070896,1.836931,,0.777376,6.68739,,1.251513,0.150092,0.065097
GOOG,2025-12-31,0.596523,0.320326,0.328099,0.448565,0.181876,0.318279,0.22203,0.232524,0.32396,31.868896,10.456146,10.14319,57.490677,22.73669,10.198876,56.076139,0.031379,0.142779,0.099602,0.087655,216.796196,2.005334,,0.676716,6.405814,,1.246221,0.227008,0.061943
GOOGL,2022-12-31,0.553794,0.264613,0.212038,0.301093,0.212172,0.234134,0.164188,0.233927,0.242209,71.280792,15.114242,16.689252,71.235655,48.980908,14.747819,69.50865,0.014029,0.115868,0.081254,,200.798319,2.377994,2.339466,0.774333,7.025585,44.844026,1.525629,0.111319,0.068457
GOOGL,2023-12-31,0.56625,0.274218,0.240066,0.318715,0.226078,0.260411,0.183391,0.245789,0.268343,57.928744,13.906751,15.08528,61.513083,42.576008,13.569602,60.021787,0.017263,0.095706,0.067399,,279.301948,2.096585,,0.763917,6.408848,,1.378765,0.104917,0.073066
GOOGL,2024-12-31,0.582004,0.321098,0.286037,0.38682,0.207886,0.307976,0.222358,0.279532,0.332516,42.698133,12.213234,13.149991,58.749542,30.807969,11.917142,57.325245,0.02342,0.069441,0.050136,,448.070896,1.836931,,0.777376,6.68739,,1.251513,0.150092,0.065097
GOOGL,2025-12-31,0.596523,0.320326,0.328099,0.448565,0.181876,0.318279,0.22203,0.232524,0.32396,32.343585,10.611891,10.294274,58.347005,23.083897,10.354621,56.932467,0.030918,0.142779,0.099602,0.087655,216.796196,2.005334,,0.676716,6.405814,,1.246221,0.227008,0.061943
GPC,2022-12-31,0.350295,0.073054,0.053526,0.090257,0.05102,0.312028,0.071699,0.170523,0.186904,14.929452,0.799108,4.658413,15.662616,11.918181,1.075695,21.08374,0.066982,1.098798,0.252485,1.341498,22.283879,1.1471,0.56922,1.339525,10.094703,10.353574,1.240357,0.015371,0.001722
GPC,2023-12-31,0.35905,0.075661,0.057016,0.09343,0.03997,0.299139,0.073269,0.158906,0.178163,13.411892,0.764687,4.012018,19.131442,11.017483,1.029359,25.753193,0.074561,1.110228,0.27193,1.299848,28.026137,1.227254,0.629756,1.285064,10.385126,14.853076,1.090455,0.022203,0.002478
GPC,2024-12-31,0.362914,0.061428,0.038493,0.071563,0.029119,0.208437,0.046885,0.128647,0.118319,19.530524,0.751795,4.070883,25.817763,14.141423,1.012005,34.753774,0.051202,1.324002,0.297818,2.263455,13.145042,1.155677,0.508852,1.218012,10.759559,23.940079,1.384011,0.024156,0.001733
GPC,2025-12-31,0.367928,0.049984,0.002714,0.031016,0.017322,0.01491,0.003171,0.131755,0.019593,267.75461,0.726624,3.992113,41.948375,31.535913,0.978123,56.467492,0.003735,1.477559,0.314261,5.729852,1.319059,1.079388,0.459019,1.168527,10.249163,36.09065,13.50765,0.019335,0.00201
GPN,2022-12-31,0.579008,0.18632,0.012422,0.260287,0.181426,0.004999,0.002488,0.011767,0.017772,201.882087,2.50776,1.009188,13.822529,17.769905,4.625276,25.494065,0.004953,0.640522,0.318817,5.22561,1.499122,0.915268,,0.200306,8.990511,,20.127183,0.068592,0.01819
GPN,2023-12-31,0.719735,0.196802,0.13364,0.43406,0.25633,0.042881,0.019502,0.027444,0.033611,22.822639,3.050013,0.978661,11.898758,12.959945,5.625399,21.945891,0.043816,0.755496,0.343598,4.746784,2.212033,0.993604,,0.145932,6.588634,,2.585398,0.089182,0.02832
GPN,2024-12-31,0.737141,0.219929,0.202995,0.516486,0.307998,0.070481,0.03349,0.036852,0.052493,14.333253,2.909582,1.010222,9.446746,10.390187,5.36639,17.423437,0.069768,0.747778,0.355319,3.56517,3.538359,0.964578,,0.16498,9.821122,,1.947052,0.087244,0.021231
GPN,2025-12-31,0.725744,0.191006,0.181693,0.431507,0.26458,0.06117,0.026249,0.026357,0.041624,16.076228,2.920944,0.983384,11.039918,12.484961,5.387346,20.361861,0.062204,0.955289,0.409936,4.051232,2.93971,1.690081,,0.144471,9.826745,,1.897421,0.080169,0.019939
GRMN,2022-12-31,0.577492,0.211478,0.200314,0.245191,0.111922,0.15692,0.12593,0.151449,0.157656,54.287161,10.874497,8.518741,97.161378,42.304203,10.372607,92.677089,0.018421,0.018461,0.014815,,,3.264309,2.013895,0.628661,7.399419,280.86298,0.809646,0.050262,0.015802
GRMN,2023-12-31,0.574753,0.208896,0.246667,0.24286,0.226221,0.183917,0.149895,0.155755,0.149757,40.983011,10.109147,7.537466,44.687016,39.704311,9.642579,42.624577,0.0244,0.01612,0.013138,,,3.405954,2.379046,0.607684,6.413121,236.215948,1.067173,0.037015,0.019399
GRMN,2024-12-31,0.587043,0.253139,0.224148,0.281683,0.196748,0.179837,0.146559,0.169081,0.19624,37.446378,8.393518,6.734262,42.661366,28.422512,8.006132,40.692416,0.026705,0.017186,0.014006,,,3.538896,2.561365,0.653848,6.40317,213.456592,1.014903,0.030741,0.021782
GRMN,2025-12-31,0.587439,0.258929,0.229644,0.284981,0.188104,0.185442,0.15135,0.172696,0.202303,31.764877,7.2946,5.890531,38.77956,24.41543,6.957933,36.989767,0.031481,0.018371,0.014994,,,3.632534,2.602194,0.659063,5.782468,237.093495,0.981653,0.037326,0.022911
GS,2022-12-31,,,0.237749,,0.104719,0.096093,0.00781,,,24.356935,5.790847,2.340522,55.299082,,0.841295,8.033856,0.041056,2.766463,0.224857,,,,,0.032851,0.349691,,0.773288,0.07913,0.086203
GS,2023-12-31,,,0.184114,,-0.322199,0.072845,0.005188,,,32.208014,5.92994,2.346208,-18.404579,,0.861502,-2.673819,0.031048,2.850588,0.203003,,,,,0.028176,0.3491,,-1.478041,0.050071,0.045077
GS,2024-12-31,,,0.266781,,-0.285973,0.11702,0.008518,,,19.212906,5.125644,2.248299,-17.923508,,0.744654,-2.603929,0.052048,2.80792,0.204392,,,,,0.031929,0.400188,,-0.925469,0.039075,0.049765
GS,2025-12-31,,,0.2947,,-0.81015,0.137439,0.009493,,,15.968994,4.706063,2.194759,-5.808875,,0.683697,-0.843914,0.062621,3.089892,0.213423,,,,,0.032213,0.313616,,-2.628901,0.035413,0.059108
GWW,2022-12-31,0.384095,0.145456,0.101589,0.160494,0.070725,0.634016,0.203875,0.349835,0.401398,38.564012,3.917686,24.450216,55.393247,25.469937,4.087768,57.798074,0.025931,1.108607,0.356484,0.815876,24.075269,2.476119,1.355224,2.006853,7.139241,98.059462,0.861668,0.016811,0.003152
GWW,2023-12-31,0.394223,0.155662,0.110996,0.170348,0.09625,0.587159,0.2245,0.360568,0.410545,32.618112,3.620496,19.152015,37.615717,22.176176,3.777675,39.248755,0.030658,0.883467,0.337793,0.584254,27.88172,2.880393,1.642818,2.022585,7.517336,96.52879,1.110443,0.027006,0.003763
GWW,2024-12-31,0.393639,0.1536,0.111195,0.168802,0.091449,0.568493,0.216219,0.330801,0.407879,31.251193,3.474984,17.766089,37.999062,21.479823,3.625846,39.648743,0.031999,0.947886,0.360516,0.601104,34.558442,2.488937,1.488503,1.944501,7.691756,94.927945,1.105815,0.031512,0.003611
GWW,2025-12-31,0.390648,0.139059,0.095084,0.154108,0.074183,0.456638,0.190359,0.298259,0.35759,34.969828,3.325077,15.968556,44.822334,22.513029,3.469431,46.768239,0.028596,0.76606,0.319348,0.688246,31.0,2.826804,1.592784,2.002008,7.703736,95.153782,1.181125,0.038123,0.003567
HAL,2022-12-31,0.163226,0.151402,0.07745,0.174509,0.060649,0.197786,0.067598,0.146319,0.145282,17.828566,1.38082,3.526234,22.767267,9.661069,1.685939,27.798136,0.05609,1.125189,0.384562,1.575946,5.288618,2.049018,1.502152,0.872802,4.386644,78.951943,1.426209,0.04981,
HAL,2023-12-31,0.189417,0.177383,0.114606,0.206621,0.090321,0.280907,0.106875,0.189811,0.197012,10.624149,1.217591,2.984401,13.480762,7.195018,1.486641,16.459599,0.094125,0.938026,0.356885,1.129521,9.513924,2.05831,1.48306,0.932545,4.736214,78.611224,1.310842,0.05991,
HAL,2024-12-31,0.187456,0.171635,0.109005,0.203365,0.105605,0.238054,0.097745,0.169762,0.1836,11.20612,1.221518,2.667667,11.566861,7.333799,1.491436,14.122784,0.089237,0.81877,0.336186,1.055079,10.161473,2.046612,1.544132,0.896705,4.483877,78.485583,1.545382,0.062849,
HAL,2025-12-31,0.15705,0.139335,0.057834,0.146908,0.07537,0.122646,0.051299,0.127986,0.109309,21.844509,1.263366,2.679142,16.762264,10.500002,1.542531,20.466212,0.045778,0.777459,0.32519,1.519485,6.03125,2.039728,1.507158,0.887005,4.488871,78.247768,2.280592,0.056527,
HAS,2022-12-31,0.589393,0.073386,0.034747,0.208411,0.033927,0.071837,0.021891,0.049069,0.060862,60.694171,2.108912,4.36009,62.160361,12.187747,2.540059,74.868464,0.016476,1.41429,0.430986,2.841389,2.52924,1.36964,1.060556,0.63003,5.171936,108.442243,1.832432,0.029744,0.01424
HAS,2023-12-31,0.573422,0.038255,-0.297664,-0.172526,0.103192,-1.402486,-0.22769,0.036799,-0.33957,-8.293335,2.468623,11.631287,23.922649,-17.233971,2.97331,28.81341,-0.120579,3.292495,0.534529,-3.38392,-8.173913,1.129936,0.968489,0.764925,4.860876,73.618601,-0.487209,0.041832,0.01447
HAS,2024-12-31,0.646065,0.175892,0.093241,0.212913,0.157151,0.333103,0.060817,0.127189,0.135291,32.031286,2.986643,10.669716,19.004868,16.895359,3.597235,22.890235,0.031219,2.946268,0.537924,3.050653,3.903037,1.6003,1.404624,0.652256,4.496086,64.39925,2.197614,0.047757,0.012284
HAS,2025-12-31,0.645821,0.225044,-0.068577,0.049497,0.14781,-0.5987,-0.058069,0.278172,0.016681,-38.310371,2.627202,22.936423,17.77416,63.929367,3.164309,21.40792,-0.026103,6.119777,0.59357,10.694886,0.375765,1.380845,1.241997,0.846776,4.436026,65.708881,-2.770471,0.04218,0.017102
HBAN,2022-12-31,,,0.308519,,0.525641,0.12622,0.012236,,,14.336098,4.422965,1.809497,8.414421,,5.653321,10.755098,0.069754,0.646326,0.062655,,,,,0.03966,,,1.799374,0.029501,0.014475
HBAN,2023-12-31,,,0.265082,,0.341984,0.100811,0.010303,,,16.444996,4.359265,1.65784,12.746995,,5.571901,16.292884,0.060809,0.640521,0.06546,,,,,0.038866,,,1.361866,0.019022,0.013179
HBAN,2024-12-31,,,0.26298,,0.229497,0.098278,0.009499,,,16.538241,4.349219,1.625339,18.951085,,5.55906,24.222793,0.060466,0.832371,0.080453,,,,,0.036121,,,0.946392,0.019385,0.014369
HBAN,2025-12-31,,,0.271922,,0.272414,0.090831,0.009822,,,14.511166,3.945909,1.318059,14.48496,,5.04356,18.514306,0.068912,0.75836,0.082006,,,,,0.036121,,,1.122569,0.032837,0.013897
HCA,2022-12-31,0.384789,0.1503,0.093686,0.220643,0.068517,-2.039393,0.107613,0.204172,0.242642,16.409685,1.537361,-33.465794,22.43757,11.019929,2.431472,35.487002,0.06094,-14.52837,0.76662,2.797291,5.928202,1.377802,1.168956,1.148652,6.774604,32.493435,1.51019,0.072967,0.005661
HCA,2023-12-31,0.393717,0.148181,0.080686,0.195804,0.072143,-2.954904,0.093256,0.201206,0.221416,17.664985,1.425315,-52.198339,19.756743,11.512841,2.254261,31.247036,0.056609,-23.595829,0.744676,3.038912,4.976264,1.179534,1.019834,1.155788,6.524202,35.447942,1.799122,0.073021,0.004033
HCA,2024-12-31,0.406187,0.149385,0.081583,0.196819,0.079869,-2.304922,0.096786,0.203244,0.238722,16.076363,1.311557,-37.054763,16.421325,10.539353,2.074343,25.971778,0.062203,-18.102041,0.76012,2.957542,5.135371,1.081505,0.96699,1.186346,6.56711,33.484118,1.825347,0.069048,0.005099
HCA,2025-12-31,0.415,0.158267,0.089735,0.206389,0.101746,-1.125601,0.111726,0.234036,0.272256,13.649742,1.224866,-15.36417,12.038462,9.386327,1.937234,19.039893,0.073261,-8.079808,0.801993,2.91303,5.373665,0.965321,0.864281,1.245059,6.956842,27.649373,1.862618,0.065397,0.005304
HD,2023-01-31,0.335305,0.152723,0.10867,0.171973,0.073035,10.950704,0.223756,0.408752,0.451748,17.497043,1.901405,191.604943,26.034005,13.313751,2.2896,31.349159,0.057153,32.243278,0.658827,1.493812,14.900433,1.405063,0.328213,2.059036,55.777108,53.441824,0.854429,0.019815,0.002325
HD,2024-01-31,0.333794,0.142066,0.099188,0.1645,0.117548,14.504789,0.19787,0.365064,0.401119,19.764044,1.960365,286.673296,16.677082,14.350161,2.360597,20.081909,0.050597,50.041188,0.682647,1.606713,11.254246,1.352487,0.399682,1.994891,55.455503,45.838311,1.398138,0.021131,0.002489
HD,2025-01-31,0.33419,0.134947,0.092819,0.159785,0.102342,2.229819,0.154038,0.27362,0.322082,20.213894,1.876242,45.073332,18.333043,14.139593,2.2593,22.075953,0.049471,9.381024,0.648051,2.029347,9.361051,1.105439,0.28722,1.659547,36.933086,49.449664,1.337971,0.021848,0.002771
HD,2026-01-31,0.333155,0.12685,0.085959,0.152627,0.07679,1.104815,0.134697,0.231788,0.289166,21.142054,1.817352,23.358068,23.666529,14.338171,2.188386,28.498334,0.047299,5.100289,0.621818,2.163636,8.712272,1.060665,0.264434,1.566992,32.740159,58.763442,1.153221,0.02234,0.00317
HIG,2022-12-31,,,0.083234,,0.175391,0.133007,0.024915,,,19.640081,1.634726,2.612263,9.320456,,1.667992,9.510124,0.050916,0.318587,0.059678,,11.619718,,,0.299337,1.834467,,2.203408,0.008008,
HIG,2023-12-31,,,0.102918,,0.164612,0.163372,0.032613,,,14.267295,1.468364,2.330874,8.920177,,1.498245,9.1017,0.07009,0.284596,0.056812,,16.517588,,,0.316879,1.91409,,1.685304,0.008837,
HIG,2024-12-31,,,0.117912,,0.218466,0.189153,0.038447,,,11.483545,1.354052,2.172147,6.198006,,1.381607,6.324134,0.087081,0.265459,0.053957,,20.341709,,,0.326063,2.00822,,1.899389,0.005496,
HIG,2025-12-31,,,0.136653,,0.204945,0.202118,0.044606,,,9.313167,1.272677,1.88236,6.209857,,1.298575,6.336226,0.107375,0.230307,0.050827,,24.919598,,,0.326418,2.078256,,1.543796,0.00602,
HII,2022-12-31,0.134882,0.048426,0.054234,0.110435,0.045148,0.16595,0.05333,0.065113,0.103115,18.569842,1.007113,3.081668,22.306926,11.59876,1.280905,28.371241,0.053851,0.903124,0.290228,2.067854,8.04902,0.948532,0.88532,0.983329,16.786164,3.604753,1.322971,0.026602,0.003372
HII,2023-12-31,0.143705,0.064955,0.059455,0.113061,0.059193,0.166382,0.060722,0.09085,0.11585,15.788456,0.938706,2.626909,15.858316,10.559798,1.193901,20.169526,0.063337,0.653066,0.238342,1.555985,9.978947,0.949868,0.888522,1.021311,24.845987,0.995558,1.424376,0.025493,0.002968
HII,2024-12-31,0.125704,0.042133,0.047681,0.092241,0.002254,0.117874,0.045301,0.052829,0.080656,19.548979,0.932114,2.304316,413.536098,12.852386,1.185517,525.959168,0.051154,0.73039,0.280702,2.229323,7.768421,1.079238,1.009696,0.950086,54.410377,-7.406743,0.714545,0.031816,0.001994
HII,2025-12-31,0.126963,0.048943,0.048462,0.097004,0.063601,0.119259,0.047455,0.061205,0.09089,17.771799,0.861257,2.119444,13.541484,11.29227,1.095397,17.222844,0.056269,0.576188,0.229273,1.590421,8.4,1.133333,1.061412,0.979214,36.825959,-1.374411,1.97686,0.032201,0.004326
HLT,2022-12-31,0.307534,0.238687,0.143053,0.263422,0.179984,-1.138838,0.080905,0.198557,0.177018,54.827966,7.84328,-62.440197,43.577642,35.420205,9.330456,51.840465,0.018239,-8.794011,0.624742,3.261791,5.178313,0.851127,,0.565562,6.611153,,1.339442,0.011627,0.018466
HLT,2023-12-31,0.286273,0.221104,0.11148,0.225012,0.165999,-0.483475,0.074086,0.225194,0.184605,60.305957,6.722921,-29.156397,40.499763,35.543245,7.997664,48.178984,0.016582,-4.288136,0.6571,3.64568,4.646552,0.702311,,0.664567,6.882986,,1.705521,0.024133,0.016512
HLT,2024-12-31,0.274118,0.211652,0.137372,0.223555,0.162431,-0.411859,0.092906,0.274967,0.198951,44.826773,6.157965,-18.462328,37.911348,32.768653,7.325586,45.099776,0.022308,-3.18916,0.719404,3.943155,4.133568,0.69617,,0.67631,7.058749,,1.311401,0.01772,0.015751
HLT,2025-12-31,0.282,0.22369,0.121023,0.238309,0.161475,-0.270416,0.086861,0.27224,0.219468,47.22656,5.715516,-12.770805,35.395626,28.531228,6.799244,42.107044,0.021175,-2.43003,0.780553,3.989195,4.341935,0.664596,,0.717718,7.123669,,1.461222,0.015367,0.014121
HOLX,2022-09-30,0.616394,0.335362,0.267747,0.434606,0.410977,0.267011,0.143531,0.173635,0.206959,,,,,,,,,0.599155,0.322074,0.228968,17.700315,4.118588,3.45345,0.53607,7.873705,129.711608,1.632642,0.026158,0.013716
HOLX,2023-09-30,0.513969,0.188939,0.11314,0.275556,0.223551,0.090893,0.049894,0.065551,0.099244,,,,,,,,,0.578863,0.31776,0.08617,7.085509,3.465999,2.954444,0.440997,6.442455,139.087396,2.305263,0.037267,0.01975
HOLX,2024-09-30,0.552763,0.231,0.195891,0.321614,0.284098,0.153899,0.086228,0.110853,0.121594,,,,,,,,,0.518129,0.290301,0.288844,8.085176,3.686174,3.030756,0.440181,6.712692,150.762962,1.627866,0.034786,0.02042
HOLX,2025-09-30,0.516498,0.191538,0.137959,0.267797,0.220632,0.112066,0.062752,0.086322,0.099319,,,,,,,,,0.520375,0.291384,0.499408,6.81725,3.753684,3.058432,0.454858,6.825067,142.952751,1.868658,0.037166,0.020558
HON,2022-12-31,0.369904,0.181216,0.140021,0.225484,0.127108,0.297419,0.079743,0.137987,0.160451,13.176688,1.845019,3.918994,14.515403,11.443596,2.580343,20.300452,0.075892,1.229981,0.329779,1.243341,16.408213,1.252984,0.975223,0.569506,4.766935,63.649477,1.062022,0.021598,0.005301
HON,2023-12-31,0.374807,0.185101,0.171408,0.240662,0.139326,0.356837,0.091963,0.134012,0.161448,11.565118,1.982351,4.126856,14.228188,11.519944,2.772409,19.898769,0.086467,1.358224,0.350037,1.57578,9.265688,1.267706,0.934462,0.536514,4.383665,71.395894,0.943796,0.022448,0.005968
HON,2024-12-31,0.384739,0.192067,0.164329,0.243224,0.150531,0.306407,0.075868,0.107421,0.135187,11.46984,1.884824,3.514444,12.521132,10.837806,2.636012,17.511373,0.087185,1.72281,0.426579,2.502605,6.958015,1.312947,1.036131,0.461687,4.790534,72.34712,1.068712,0.025089,0.005444
HON,2025-12-31,0.369345,0.175391,0.126302,0.219219,0.144811,0.340118,0.064182,0.110514,0.135675,13.837055,1.747648,4.706231,12.068505,11.14942,2.444165,16.878354,0.07227,2.557753,0.482662,2.691642,5.074405,1.297813,1.034637,0.508164,4.913004,71.927628,1.355043,0.026334,0.005235
HONA,2023-12-31,0.383104,0.258448,0.209282,0.280348,0.188325,,,,,17.967245,3.760222,,19.96668,17.335609,4.860005,25.806494,0.055657,,,,,,,,,,1.033957,0.028064,0.005294
HONA,2024-12-31,0.356232,0.227193,0.182389,0.249595,0.132729,0.322459,0.167231,0.339775,0.318248,18.407337,3.357298,5.935608,25.294374,17.385075,4.339234,32.692422,0.054326,0.027129,0.014069,,,1.318096,0.649768,0.916889,7.649827,85.01009,0.900958,0.031596,0.004791
HONA,2025-12-31,0.348368,0.187141,0.102275,0.206045,0.183923,0.21193,0.10065,0.298739,0.28574,29.131162,2.979399,6.173767,16.199146,18.689198,3.850808,20.93704,0.034328,0.032266,0.015324,,3.880196,1.275658,0.620192,0.984111,8.072356,83.128925,2.081461,0.028959,0.004769
HOOD,2022-12-31,0.56701,-0.71134,-0.756996,-0.666421,-0.669367,-0.147786,-0.04405,-0.109898,-0.136364,-104.793817,79.328457,15.487068,-118.5127,-118.02104,78.651724,-117.501695,-0.009543,0.263657,0.078588,,,1.410017,,0.058191,0.412265,,0.828794,0.041973,0.481591
HOOD,2023-12-31,0.921716,-0.287399,-0.29008,-0.24933,0.621984,-0.080795,-0.030697,-0.052328,-0.078975,-199.127623,57.763026,16.088418,92.869003,-229.696862,57.270263,92.076759,-0.005022,0.529719,0.20126,,,1.576266,,0.105822,0.520368,,-2.182994,0.01126,0.467024
HOOD,2024-12-31,0.794307,0.357167,0.478143,0.38326,-0.070146,0.176994,0.053882,0.068286,0.130397,76.34872,36.505606,13.513302,-520.425333,94.437702,36.194185,-515.985705,0.013098,0.936152,0.284989,2.768347,,1.3866,,0.11269,0.338806,,-0.111269,0.016943,0.103016
HOOD,2025-12-31,0.833445,0.468142,0.42097,0.487369,0.354125,0.206018,0.049375,0.090075,0.223575,57.210857,24.08407,11.786438,68.010129,48.994973,23.878614,67.42995,0.017479,1.271991,0.304848,3.37844,,1.261861,,0.117288,0.242834,,0.869888,0.012072,0.068187
HPE,2022-10-31,0.333591,0.078151,0.03046,0.165181,0.051621,0.043697,0.015195,0.068256,0.065598,92.922536,2.830459,4.060449,54.831245,20.145264,3.327617,64.462107,0.010762,0.678816,0.236052,1.763756,18.404959,0.884871,0.662164,0.498853,7.342438,-18.637592,5.291475,0.109559,0.013721
HPE,2023-10-31,0.351433,0.083817,0.069504,0.173606,0.054917,0.0956,0.035431,0.066121,0.069235,39.830499,2.76838,3.807797,50.410476,18.747283,3.254634,59.26485,0.025106,0.638042,0.236471,1.598458,23.480769,0.865917,0.655379,0.509772,8.953596,-8.085069,2.186667,0.097065,0.01469
HPE,2024-10-31,0.327879,0.082783,0.085604,0.167889,0.065523,0.103925,0.03619,0.050581,0.055069,31.274432,2.677225,3.250192,40.859555,18.747283,3.147468,48.036353,0.031975,0.798517,0.278072,0.672202,21.316239,1.288145,0.987449,0.422764,9.309951,-19.449878,1.683211,0.078567,0.014273
HPE,2025-10-31,0.302572,0.047936,0.001662,0.127741,0.018282,0.002309,0.000751,0.0,0.03207,1415.030892,2.351783,3.267043,128.639172,21.644319,2.764864,151.234067,0.000707,0.975251,0.317195,3.787263,,1.014243,0.756483,0.451822,6.976404,31.275908,51.210526,0.06683,0.018749
HPQ,2022-10-31,0.194929,0.081338,0.049785,0.086838,0.058782,-1.035372,0.081363,0.463937,0.380577,9.904729,0.493111,-10.255078,8.388754,6.80791,0.591188,10.057223,0.100962,-4.064132,0.319374,1.440417,13.044568,0.753599,0.462866,1.634281,13.838539,-29.037044,1.424968,0.01216,0.005452
HPQ,2023-10-31,0.21423,0.078614,0.060743,0.083231,0.055438,-3.052385,0.08818,0.501842,0.28931,9.507083,0.57749,-29.019281,10.416928,8.31841,0.692349,12.488788,0.105185,-10.045837,0.290212,1.426303,5.29386,0.734115,0.453896,1.451681,12.67831,-33.332446,1.094392,0.011039,0.008154
HPQ,2024-10-31,0.220654,0.078456,0.051812,0.088052,0.058944,-2.097506,0.069533,0.426088,0.346284,11.178959,0.579204,-23.44793,9.826294,7.886262,0.694404,11.780681,0.089454,-8.238095,0.273096,1.363656,6.401977,0.723673,0.454561,1.342028,10.466875,-45.427908,1.350991,0.011053,0.008439
HPQ,2025-10-31,0.206022,0.065539,0.045737,0.074853,0.050637,-7.309249,0.060547,0.368583,0.257613,12.266355,0.56102,-89.657835,11.079147,8.985651,0.672603,13.282718,0.081524,-31.450867,0.260528,1.443827,5.807207,0.767414,0.476485,1.323829,9.714512,-41.732517,1.461843,0.016222,0.00944
HRL,2022-10-31,0.173747,0.103174,0.080263,0.126537,0.068711,0.132707,0.075148,0.092846,0.113289,11.463956,0.920137,1.52135,13.391375,8.542131,1.080898,15.731036,0.08723,0.437853,0.247942,1.46986,21.444741,2.46875,1.303951,0.936265,14.360197,57.309577,1.134992,0.022387,0.002002
HRL,2023-10-31,0.16514,0.087339,0.06553,0.110668,0.064214,0.102596,0.059007,0.074927,0.097591,14.445831,0.946639,1.482091,14.741868,10.048385,1.11203,17.317478,0.069224,0.427834,0.246063,1.919672,14.807144,1.426284,0.699394,0.900455,14.815443,57.453739,1.320418,0.022313,0.001988
HRL,2024-10-31,0.169631,0.0853,0.067532,0.115268,0.084751,0.100713,0.059922,0.072813,0.092753,14.240082,0.961664,1.434155,11.346967,9.800489,1.129681,13.329441,0.070224,0.357639,0.212789,1.540572,13.799886,2.320073,1.19358,0.887312,14.574741,56.042884,1.573513,0.021512,0.001949
HRL,2025-10-31,0.156269,0.073945,0.0395,0.083048,0.044139,0.060522,0.035705,0.059919,0.061727,23.97298,0.94694,1.4509,21.453782,13.394525,1.112384,25.202058,0.041714,0.361646,0.21335,2.175026,9.501615,2.466444,1.20103,0.903909,15.425554,59.957157,1.767579,0.025681,0.002115
HSIC,2022-12-31,0.302918,0.069424,0.04254,0.075117,0.037479,0.156123,0.062507,0.146024,0.11844,17.574581,0.747618,2.743797,19.94752,15.449605,1.160522,30.964399,0.0569,0.434417,0.173928,1.086316,21.6,1.793165,0.910522,1.469385,8.770458,81.321499,1.118959,0.010121,0.00427
HSIC,2023-12-31,0.312829,0.056325,0.033714,0.068968,0.025367,0.113817,0.039346,0.090097,0.079721,22.728665,0.76628,2.586901,30.208065,17.246916,1.189491,46.891774,0.043997,0.749932,0.259245,2.561692,7.229885,1.672754,0.996273,1.167029,6.623188,89.332195,1.201923,0.015155,0.003161
HSIC,2024-12-31,0.316894,0.057682,0.030774,0.071964,0.052158,0.114943,0.038168,0.092529,0.086851,24.243909,0.746084,2.786656,14.304273,16.093339,1.158141,22.204425,0.041247,0.845859,0.280877,2.64693,4.916031,1.420978,0.775241,1.240262,8.551282,78.437383,2.174359,0.014756,0.003077
HSIC,2025-12-31,0.311362,0.057494,0.030188,0.073119,0.039518,0.12265,0.035488,0.091123,0.085514,23.756594,0.717167,2.913752,18.148032,15.225234,1.113253,28.171065,0.042094,1.05886,0.306375,3.061203,4.553333,1.3829,0.762701,1.175568,7.985463,79.799916,1.788945,0.014487,0.002958
HST,2022-12-31,0.552272,0.154473,0.128999,0.303444,0.185857,0.094337,0.051593,0.066686,0.076135,23.969709,3.092078,2.261226,16.636871,12.683087,3.848607,20.707364,0.041719,0.712817,0.389844,2.382807,5.288462,0.958828,,0.399951,,,2.236967,0.10271,0.005299
HST,2023-12-31,0.536622,0.139522,0.139333,0.315571,0.149689,0.111563,0.060443,0.065223,0.090799,20.503819,2.856868,2.287476,19.085316,11.267969,3.555849,23.754863,0.048771,0.719433,0.389774,1.828759,5.125654,1.068446,,0.433799,,,1.947297,0.121634,0.005649
HST,2024-12-31,0.533603,0.135644,0.122625,0.298733,0.167136,0.105462,0.053418,0.064662,0.080336,21.768761,2.669392,2.295782,15.971396,11.121976,3.322505,19.879069,0.045937,0.853836,0.43248,2.667256,4.353488,0.652112,,0.435622,,,2.149211,0.096411,0.004222
HST,2025-12-31,0.526006,0.135918,0.125123,0.302257,0.141642,0.116651,0.058625,0.067755,0.090604,19.83376,2.481653,2.313636,17.520584,10.219219,3.088832,21.807293,0.050419,0.860018,0.432217,2.33171,4.480851,0.786265,,0.468542,,,1.973856,0.105332,0.004253
HSY,2022-12-31,0.431774,0.217172,0.157863,0.233809,0.173558,0.498498,0.150228,0.242151,0.267454,20.74101,3.27423,10.339358,18.865293,16.11053,3.766787,21.703285,0.048214,1.551118,0.467446,1.746206,14.684079,0.804508,0.444341,0.951636,14.650239,37.402176,1.415256,0.049858,0.006334
HSY,2023-12-31,0.447633,0.229405,0.166752,0.246591,0.139013,0.454196,0.156414,0.248466,0.262336,18.323882,3.055548,8.322628,21.980274,14.255197,3.515208,25.286867,0.054574,1.250428,0.430617,1.574807,14.447158,0.968006,0.522248,0.938003,13.556049,68.973329,1.247828,0.069065,0.007257
HSY,2024-12-31,0.473198,0.26131,0.198285,0.277043,0.171899,0.471135,0.171566,0.269759,0.293684,15.35862,3.045382,7.235985,17.716145,12.646098,3.503512,20.381266,0.06511,1.155451,0.420763,1.384757,15.192167,0.956728,0.637579,0.865249,13.995796,53.675242,1.139722,0.054091,0.003965
HSY,2025-12-31,0.335486,0.125047,0.07554,0.166149,0.149595,0.190491,0.064278,0.10672,0.134119,38.624193,2.917678,7.35756,19.503876,20.202277,3.356597,22.437933,0.025891,1.237629,0.417615,2.266775,6.401137,1.191575,0.717038,0.850908,16.027173,50.867965,2.578368,0.045176,0.005598
HUBB,2022-12-31,0.297419,0.143313,0.11033,0.172821,0.091736,0.231225,0.101044,0.14665,0.163789,43.253224,4.772112,10.001243,52.020125,33.662651,5.817606,63.416904,0.02312,0.659918,0.28838,1.17191,14.245968,1.857051,1.176573,0.915837,6.359769,79.525328,1.068328,0.026132,0.004952
HUBB,2023-12-31,0.349346,0.191219,0.13985,0.215638,0.133094,0.261175,0.108678,0.159561,0.180464,31.423922,4.394635,8.207138,33.019067,24.844582,5.357429,40.253018,0.031823,0.795968,0.331212,1.557483,27.490463,1.6376,1.008236,0.777104,6.670267,82.84797,1.172212,0.03084,0.004932
HUBB,2024-12-31,0.338563,0.194208,0.138403,0.22967,0.144053,0.229374,0.113761,0.171618,0.193882,30.310571,4.195067,6.952457,29.121774,22.267295,5.114139,35.501891,0.032992,0.506331,0.251121,0.958459,14.642276,1.772014,0.979046,0.821955,7.215101,96.54056,1.272401,0.032051,0.005437
HUBB,2025-12-31,0.353164,0.206823,0.151781,0.237707,0.14966,0.230541,0.107804,0.156057,0.176069,26.616993,4.039957,6.136317,26.994323,20.719019,4.925048,32.908349,0.03757,0.646405,0.302268,1.326495,18.458658,1.719361,1.000994,0.710262,6.646122,104.477369,1.160861,0.026537,0.005646
HUM,2022-12-31,,,0.030214,,0.037149,0.183267,0.065172,,,16.527945,0.49938,3.029026,13.442729,,0.401792,10.815773,0.060504,0.726667,0.258414,,9.897756,,,2.157008,55.477897,,1.634711,0.012243,0.002326
HUM,2023-12-31,,,0.023399,,0.027986,0.153056,0.052884,,,18.632951,0.435984,2.851889,15.578574,,0.350785,12.534235,0.053668,0.716763,0.247657,,7.862069,,,2.260151,52.272236,,1.599438,0.009438,0.001645
HUM,2024-12-31,,,0.01025,,0.020304,0.07371,0.025969,,,38.423707,0.393827,2.832209,19.39666,,0.316866,15.606197,0.026026,0.715786,0.252178,,3.607576,,,2.533639,43.550666,,2.457332,0.004883,0.001758
HUM,2025-12-31,,,0.009162,,0.002892,0.067282,0.02429,,,39.038228,0.357674,2.626574,123.673106,,0.287778,99.505111,0.025616,0.700515,0.252898,,3.464342,,,2.651128,39.652599,,0.775253,0.004211,0.001859
HWM,2022-12-31,0.275472,0.17217,0.082818,0.194243,0.095356,0.130242,0.045734,0.097896,0.095178,195.293647,16.173887,25.435357,169.616149,86.994289,16.898061,177.210588,0.00512,1.187726,0.417065,3.064545,3.646288,2.120783,1.035088,0.552218,11.1917,90.170122,1.5629,0.034081,0.009536
HWM,2023-12-31,0.281175,0.184639,0.115211,0.220633,0.102711,0.189497,0.07336,0.125122,0.138015,119.729046,13.794084,22.688313,134.300177,65.319944,14.411704,140.313369,0.008352,0.949963,0.36776,2.113311,5.472477,1.858744,0.869395,0.636747,9.837037,96.982104,1.177778,0.032982,0.00753
HWM,2024-12-31,0.311036,0.222611,0.155451,0.247914,0.131494,0.253623,0.109801,0.176775,0.17447,79.301057,12.327419,20.112587,93.748946,51.950987,12.87937,97.946487,0.01261,0.762187,0.329974,1.493485,8.598901,2.170433,0.982569,0.706341,10.783745,97.449507,1.12381,0.043203,0.008479
HWM,2025-12-31,0.341735,0.258119,0.182744,0.27557,0.173413,0.281711,0.134896,0.207744,0.211628,60.737878,11.099457,17.11054,64.006094,42.08167,11.596427,66.87192,0.016464,0.600224,0.287414,1.014952,13.18543,2.133823,1.08978,0.73817,10.593068,101.919677,1.249337,0.054896,0.008846
IBKR,2022-12-31,0.814408,0.745706,0.090649,0.740935,0.930105,0.133427,0.0033,1.005558,0.145693,406.629063,36.860459,54.255282,39.630429,-8.900303,-6.594547,-7.09011,0.002459,0.00632,0.000156,1.777849,2.962672,1.091072,,0.036407,0.108153,,10.442105,0.01646,0.021947
IBKR,2023-12-31,0.882753,0.837678,0.077051,0.84808,0.577244,0.167411,0.004678,1.65975,0.254032,257.53174,19.843206,43.113573,34.375761,-4.185999,-3.550063,-6.15002,0.003883,0.004743,0.000133,1.152483,1.89319,1.115847,,0.060717,0.175099,,7.573333,0.006293,0.012842
IBKR,2024-12-31,0.890404,0.84167,0.081043,0.857342,0.931194,0.176402,0.005029,1.683709,0.237975,204.660986,16.586415,36.10258,17.811994,-3.461167,-2.967404,-3.186667,0.004886,0.003271,9.3e-05,,1.881651,1.155772,,0.062048,0.144587,,11.554967,0.00526,0.012022
IBKR,2025-12-31,0.897672,0.859812,0.096263,0.888965,1.540207,0.183479,0.004842,1.491331,0.195592,157.031549,15.116322,28.812054,9.814472,-3.042186,-2.704396,-1.755865,0.006368,0.003543,9.3e-05,,2.130837,1.13234,,0.050295,0.112981,,16.068089,0.006554,0.011544
IBM,2022-12-31,0.540013,0.13504,0.027094,0.11852,0.139815,0.074736,0.012889,0.112137,0.024776,131.870091,3.572889,9.855402,25.554407,38.123216,4.518354,32.316667,0.007583,2.461402,0.424487,6.002648,1.950658,0.924234,0.874972,0.475704,9.253937,6.681557,6.362805,0.032579,0.016306
IBM,2023-12-31,0.554478,0.151665,0.121274,0.23752,0.195942,0.332934,0.055471,0.102584,0.101831,28.827906,3.496071,9.597788,17.842336,18.61403,4.421208,22.563811,0.034689,2.659877,0.443172,2.959164,6.407592,0.964422,0.930397,0.457406,8.574993,3.218208,1.856971,0.02926,0.018316
IBM,2024-12-31,0.566523,0.160534,0.095979,0.194031,0.187401,0.220566,0.043907,0.122436,0.072179,35.906849,3.44632,7.919836,18.390047,22.461888,4.358293,23.256458,0.02785,2.138499,0.425704,3.369415,4.386098,1.040432,1.001539,0.457467,9.222957,2.767873,2.232276,0.026851,0.020891
IBM,2025-12-31,0.581867,0.184968,0.15685,0.255923,0.169613,0.324461,0.069746,0.133024,0.108309,20.416025,3.202247,6.624202,18.879699,15.823649,4.049632,23.875683,0.048981,1.978896,0.425382,2.758216,6.337468,0.955662,0.924104,0.444667,8.325444,-1.862661,1.245445,0.025734,0.025394
ICE,2022-12-31,0.539851,0.387194,0.150062,0.358551,0.318804,0.063684,0.007441,0.075715,0.053668,60.359613,9.0577,3.843918,28.411459,30.923588,11.087692,34.778971,0.016567,0.809302,0.094557,4.724457,3.935065,1.052128,,0.049584,8.242943,,2.457815,0.050021,0.016086
ICE,2023-12-31,0.571443,0.400182,0.239119,0.496516,0.30829,0.092079,0.017401,0.069078,0.071942,36.858109,8.813491,3.393864,28.588274,21.728899,10.788751,34.995414,0.027131,0.890928,0.168367,4.416107,4.581683,1.0041,,0.072771,7.249634,,1.495777,0.049379,0.025952
ICE,2024-12-31,0.554545,0.375223,0.234164,0.516538,0.327948,0.099613,0.019752,0.070984,0.090987,31.692085,7.421138,3.156943,22.628987,17.586996,9.084346,27.700544,0.031554,0.748834,0.148485,3.213827,4.986813,0.994886,,0.084352,7.893289,,1.673566,0.06394,0.019641
ICE,2025-12-31,0.561551,0.395491,0.262263,0.530775,0.30625,0.114646,0.024217,0.079828,0.097573,26.328809,6.905063,3.018503,22.547146,15.925026,8.452611,27.600361,0.037981,0.701331,0.148144,2.803249,6.412204,1.019758,,0.092339,8.14433,,1.406335,0.062579,0.018829
IDXX,2022-12-31,0.595232,0.266908,0.20167,0.300455,0.11408,1.11557,0.247232,0.362639,0.595535,59.356519,11.970443,66.216378,104.92979,40.729745,12.237464,107.270426,0.016847,2.41489,0.535187,1.221495,22.575894,0.891305,0.593666,1.225924,8.405303,112.409337,0.799577,0.04717,0.01478
IDXX,2023-12-31,0.598197,0.299684,0.230826,0.332609,0.211114,0.569232,0.259221,0.359179,0.477719,47.699829,11.010346,27.15227,52.153518,33.841414,11.25595,53.31689,0.020964,0.718984,0.327416,0.405652,26.520695,1.571393,1.171747,1.123018,8.003045,112.514079,1.07274,0.036502,0.016318
IDXX,2024-12-31,0.610372,0.289502,0.227804,0.326099,0.204767,0.556547,0.269586,0.36651,0.512704,45.399096,10.342096,25.26674,50.506728,32.42204,10.572793,51.633366,0.022027,0.618655,0.299671,0.455798,36.565807,1.310868,0.953277,1.183413,8.229961,108.685436,1.046329,0.033591,0.01547
IDXX,2025-12-31,0.617975,0.316014,0.246175,0.350448,0.242484,0.659945,0.316186,0.443556,0.619017,38.045992,9.365974,25.108251,38.625115,27.321873,9.574897,39.486713,0.026284,0.607993,0.291296,0.442751,35.082904,1.230684,0.901861,1.284396,7.791226,106.199587,1.115474,0.032118,0.013945
IEX,2022-12-31,0.448443,0.243314,0.18445,0.28593,0.153807,0.193104,0.106479,0.134453,0.159028,28.101236,5.18326,5.426452,33.699664,19.515734,5.58013,36.279964,0.035586,0.522127,0.287904,1.14146,19.412776,2.574135,1.707873,0.577278,7.377463,103.965028,0.949736,0.021371,0.006788
IEX,2023-12-31,0.44195,0.227069,0.182076,0.294481,0.191454,0.168323,0.101633,0.119653,0.151354,27.667532,5.037605,4.657089,26.312405,18.416569,5.423322,28.327081,0.036143,0.380556,0.229779,0.820869,15.705996,2.890865,2.04977,0.558191,7.813604,94.880614,1.202315,0.02746,0.006659
IEX,2024-12-31,0.442119,0.210016,0.154491,0.26291,0.184471,0.13308,0.074867,0.094155,0.111812,32.658645,5.045465,4.346224,27.350938,20.660245,5.431784,29.445132,0.03062,0.523441,0.294472,1.558529,15.366292,2.5293,1.846911,0.484604,7.375451,95.904104,1.32297,0.019916,0.007893
IEX,2025-12-31,0.445061,0.208243,0.139754,0.261316,0.178395,0.119975,0.069756,0.093901,0.109736,34.132069,4.770099,4.095001,26.739001,19.651815,5.135333,28.78634,0.029298,0.458994,0.266869,1.373326,10.822981,2.855753,2.022593,0.499134,7.246908,98.818643,1.408113,0.018395,0.007896
IFF,2022-12-31,0.333682,0.084646,-0.150161,-0.008842,-0.008762,-0.105806,-0.052587,0.036786,-0.040542,-11.3315,1.701547,1.198937,-194.194874,-244.638552,2.163203,-246.882943,-0.08825,0.664288,0.330162,-95.336364,-3.83631,1.993562,1.108637,0.350206,6.842684,136.170087,-0.212527,0.040675,0.003939
IFF,2023-12-31,0.320673,0.050353,-0.225717,-0.086767,0.082934,-0.177332,-0.08364,0.023418,-0.078545,-8.169526,1.843997,1.44872,22.234497,-27.018314,2.344302,28.26706,-0.122406,0.739032,0.34857,-9.405622,-5.626316,1.674561,0.972592,0.370553,6.650637,113.858619,-0.561559,0.043819,0.005663
IFF,2024-12-31,0.359108,0.073842,0.022901,0.141762,0.052421,0.019011,0.009156,0.032226,0.025153,80.483807,1.843194,1.530088,35.16153,16.529632,2.343281,44.701397,0.012425,0.694593,0.33454,5.226044,2.009836,1.830882,1.3125,0.399819,7.071429,99.869558,4.068441,0.040752,0.006705
IFF,2025-12-31,0.361616,0.077319,-0.03315,0.071534,0.023324,-0.025505,-0.014135,0.036415,-0.00847,-58.635017,1.943732,1.495495,83.335595,34.544597,2.471096,105.94583,-0.017055,0.467642,0.259172,6.937099,-0.799127,1.422324,0.821256,0.426407,6.291161,114.563505,-2.354571,0.054729,0.008081
INCY,2022-12-31,0.939021,0.174283,0.100352,0.176643,0.262799,0.077952,0.058322,0.087161,0.113534,74.561304,7.482411,5.812211,28.471949,34.858727,6.157535,23.430551,0.013412,0.009486,0.007098,,199.468117,3.537232,3.500938,0.581175,5.263988,-346.00448,2.847241,0.022928,0.055505
INCY,2023-12-31,0.931003,0.177332,0.161703,0.248786,0.121494,0.115148,0.088114,0.09046,0.150994,42.503508,6.872962,4.894191,56.57015,22.734382,5.655998,46.553532,0.023527,0.007377,0.005645,,328.014896,3.745147,3.694379,0.544912,4.97023,6.691163,0.830803,0.012849,0.058417
INCY,2024-12-31,0.926413,0.023883,0.00769,0.096236,0.05545,0.00946,0.005991,0.003026,0.083869,778.784417,5.98886,7.3674,108.005365,51.211987,4.92844,88.881349,0.001284,0.01263,0.007998,,139.872807,1.972796,1.936939,0.779017,4.971221,-88.661484,10.28168,0.023617,0.062732
INCY,2025-12-31,0.927624,0.26118,0.250261,0.342362,0.258621,0.24899,0.184917,0.200872,0.306254,19.74123,4.940451,4.915368,19.103085,11.875354,4.065668,15.720589,0.050655,0.00782,0.005808,,686.523476,3.315735,3.249036,0.738899,5.018749,-34.073229,1.098588,0.016313,0.048499
INTC,2022-12-31,0.426079,0.037048,0.127097,0.33779,-0.149253,0.079016,0.044008,0.016287,0.055112,71.633514,9.104434,5.660166,-60.999998,27.428021,9.264906,-62.075169,0.01396,0.414176,0.230677,1.449035,16.66129,1.567626,1.156368,0.346255,15.25623,60.527531,1.925755,0.394011,0.049608
INTC,2023-12-31,0.400365,0.000572,0.031146,0.20731,-0.263314,0.015996,0.008817,0.0002,0.010029,339.888088,10.586247,5.436793,-40.203864,51.9649,10.772837,-40.912488,0.002942,0.466578,0.257167,3.752624,1.867882,1.542402,1.14576,0.283069,15.940035,51.510583,6.791593,0.474847,0.059545
INTC,2024-12-31,0.326642,-0.088661,-0.353214,0.022655,-0.294834,-0.188939,-0.095458,-0.031538,-0.063276,-30.607325,10.810926,5.782925,-36.667794,485.610483,11.001477,-37.314091,-0.032672,0.503788,0.254528,34.714879,-9.841393,1.326866,0.98486,0.270255,15.267683,20.252215,-0.441885,0.450914,0.064217
INTC,2025-12-31,0.347662,-0.000435,-0.005052,0.271583,-0.093637,-0.002336,-0.001263,-2e-06,0.014723,-2150.078579,10.861654,5.023328,-115.997369,40.698719,11.053098,-118.04191,-0.000465,0.407636,0.220334,2.251637,2.427131,2.017039,1.649089,0.24998,13.767387,44.890025,-36.318352,0.277108,0.046052
INTU,2022-07-31,0.810938,0.201084,0.162345,0.264734,0.2876,0.125661,0.074493,0.089052,0.10882,39.217467,6.366752,4.928124,22.13751,24.412075,6.462697,22.471115,0.025499,0.45861,0.271868,1.222321,32.382716,1.390358,,0.458859,28.533632,,1.882381,0.017995,0.102782
INTU,2023-07-31,0.78125,0.218611,0.165924,0.281389,0.333101,0.138051,0.085817,0.107112,0.134931,33.986278,5.639149,4.691834,16.929228,20.342389,5.724129,17.184346,0.029424,0.387341,0.240785,0.8093,13.052419,1.466227,,0.517207,35.476543,,2.116611,0.018096,0.119154
INTU,2024-07-31,0.787228,0.236598,0.181947,0.281302,0.284556,0.160718,0.092213,0.131401,0.15389,27.345018,4.975332,4.394841,17.484525,17.953347,5.050309,17.74801,0.03657,0.356205,0.204376,0.530234,15.669421,1.29195,,0.506816,35.634573,,1.648329,0.015352,0.119128
INTU,2025-07-31,0.795656,0.262227,0.205459,0.312782,0.323031,0.196296,0.104686,0.153885,0.191101,20.941661,4.302655,4.110771,13.319626,13.963375,4.367494,13.520349,0.047752,0.336834,0.179636,0.524448,20.57085,1.360366,,0.509524,35.530189,,1.604291,0.006585,0.104509
INTU,2026-07-31,0.801706,0.287999,0.212887,0.331919,0.401762,0.240417,0.124123,0.175815,0.235623,17.744916,3.777662,4.26618,9.402726,11.552786,3.83459,9.544422,0.056354,0.443397,0.228919,0.416351,24.503906,1.506543,,0.583048,34.3168,,1.935611,0.010304,0.09586
INVH,2022-12-31,0.609366,0.29118,0.171273,0.59291,0.364376,0.037248,0.020679,0.036084,0.037566,41.462219,7.101346,1.544373,19.489074,18.390664,10.904014,29.925192,0.024118,0.754914,0.419118,5.656502,2.265403,3.414629,,0.12074,41.376957,,2.670257,0.092966,0.01294
INVH,2023-12-31,0.598671,0.287592,0.213573,0.628535,0.364262,0.051149,0.027026,0.037403,0.044925,30.595936,6.53448,1.564958,17.938964,15.963468,10.033599,27.54502,0.032684,0.841481,0.444621,5.131854,2.562504,5.705259,,0.126543,39.997994,,2.131188,0.090903,0.01213
INVH,2024-12-31,0.590383,0.283031,0.173321,0.586405,0.329297,0.046523,0.024272,0.041274,0.045933,35.014487,6.068737,1.62899,18.429346,15.890821,9.318459,28.297995,0.02856,0.840679,0.438603,5.227253,2.243929,0.824504,,0.140043,42.768711,,2.383266,0.083772,0.01066
INVH,2025-12-31,0.584246,0.275674,0.215412,0.619269,0.353013,0.061691,0.031473,0.042009,0.051529,27.033547,5.823359,1.667728,16.496143,14.43909,8.941684,25.32959,0.036991,0.879318,0.448602,4.881198,2.669584,1.51611,,0.146106,45.528483,,2.051677,0.088943,0.010197
IP,2022-12-31,0.284391,0.082888,0.071074,0.139596,0.05874,0.177004,0.062824,0.124609,0.101056,12.158276,0.864139,2.152059,14.711221,9.296902,1.297814,22.094167,0.082249,0.689891,0.244862,1.616452,4.74938,1.354,0.9656,0.883918,6.443666,38.181455,1.445479,0.043996,
IP,2023-12-31,0.281981,0.046841,0.017963,0.14046,0.043161,0.03447,0.012381,0.044735,0.042483,63.49322,1.140526,2.188635,26.424924,12.19496,1.712908,39.686487,0.01575,0.706762,0.253858,1.989343,1.961722,1.669108,1.191968,0.689265,5.643435,47.143473,6.364583,0.071166,
IP,2024-12-31,0.280265,0.036943,0.035175,0.132997,0.047805,0.068151,0.02443,0.04262,0.043199,32.829528,1.154787,2.237373,24.155941,13.040384,1.734326,36.278797,0.03046,0.712346,0.255351,2.132479,1.854167,1.50869,1.159699,0.694518,6.592423,35.382387,3.012567,0.058162,
IP,2025-12-31,0.296057,-0.000423,-0.148769,0.00275,-0.006728,-0.237135,-0.092614,-0.000341,-0.093697,-5.20081,0.773718,1.233294,-115.006586,422.508449,1.162014,-172.72358,-0.192278,0.695825,0.271757,133.630769,-5.112523,1.279402,1.024687,0.622537,6.234239,17.082836,-0.482935,0.078573,
IQV,2022-12-31,0.348924,0.126787,0.075711,0.201874,0.110062,0.189245,0.04306,0.079867,0.090035,40.19499,3.043215,7.606719,27.649896,19.992345,4.035929,36.66944,0.024879,2.256895,0.513518,3.963905,4.276442,0.892972,,0.568733,10.842739,,2.071494,0.046773,0.013463
IQV,2023-12-31,0.34964,0.137547,0.09063,0.217298,0.100107,0.222186,0.050898,0.096959,0.105547,32.292146,2.926637,7.174858,29.235156,17.861711,3.881322,38.771821,0.030967,2.27356,0.52082,3.77672,3.171131,0.862117,,0.561598,10.172437,,1.582474,0.043313,0.014482
IQV,2024-12-31,0.348913,0.14729,0.089127,0.224148,0.137228,0.226306,0.051043,0.092758,0.11729,31.939355,2.846656,7.228076,20.743961,16.842668,3.77525,27.510753,0.031309,2.333278,0.526265,3.556617,3.491045,0.837861,,0.572698,11.082734,,1.97815,0.039078,0.013372
IQV,2025-12-31,0.332925,0.140221,0.083384,0.212385,0.125751,0.209134,0.045418,0.086596,0.107378,32.244658,2.688702,6.743462,21.381148,16.789184,3.565771,28.355793,0.031013,2.45256,0.532628,3.967667,3.182442,0.74946,,0.544683,9.778177,,1.951471,0.036971,0.015144
IR,2022-12-31,0.393084,0.14864,0.102209,0.216047,0.129422,0.065758,0.040952,0.058765,0.064574,46.088968,4.710714,3.030731,36.398066,24.769754,5.351436,41.3487,0.021697,0.303639,0.189098,0.891566,8.19186,2.369952,1.757407,0.400673,5.272995,94.29805,1.422689,0.01599,0.013336
IR,2023-12-31,0.419162,0.180553,0.113247,0.239511,0.184989,0.079591,0.050034,0.076157,0.086472,35.790419,4.05317,2.848586,21.910377,19.224421,4.604456,24.890487,0.02794,0.28263,0.177672,0.684984,7.580089,2.216604,1.668746,0.441809,5.571301,83.783053,1.768846,0.015328,0.007548
IR,2024-12-31,0.438148,0.201009,0.115909,0.252661,0.17244,0.082385,0.046564,0.074803,0.083133,33.23396,3.852108,2.73799,22.33889,17.319858,4.376047,25.377284,0.03009,0.472915,0.267288,1.759464,6.313321,2.289021,1.709,0.401726,5.417852,86.351665,1.665514,0.020608,0.008127
IR,2025-12-31,0.436066,0.197362,0.075991,0.221543,0.159471,0.057623,0.031775,0.077703,0.073268,47.936015,3.642709,2.762195,22.842389,18.678879,4.138167,25.949266,0.020861,0.480634,0.265041,2.086077,4.683734,2.055849,1.488216,0.418146,5.040119,87.37559,2.331785,0.017723,0.006927
IRM,2022-12-31,0.571061,0.20501,0.109135,0.367109,0.008643,0.874837,0.034508,0.083099,0.079303,61.114004,6.669706,53.464818,771.657123,28.9132,10.61429,1228.029029,0.016363,20.869433,0.823202,5.565426,2.27272,0.806828,,0.316196,4.343781,,1.665577,0.17313,0.011141
IRM,2023-12-31,0.569767,0.202552,0.033618,0.295354,-0.042248,0.870474,0.010543,0.075332,0.054182,184.761439,6.211231,160.829958,-147.019129,33.46714,9.884664,-233.968887,0.005412,69.8677,0.846259,7.234762,1.379687,0.776118,,0.313629,4.350036,,6.044308,0.245443,0.013466
IRM,2024-12-31,0.56153,0.197225,0.029294,0.310127,-0.10687,-0.358076,0.009625,0.068931,0.06275,188.943688,5.534934,-67.656233,-51.79118,28.402518,8.808393,-82.421416,0.005293,-32.535473,0.874564,7.111465,1.332148,0.547804,,0.328571,4.76228,,6.642621,0.30146,0.01921
IRM,2025-12-31,0.553811,0.203415,0.02095,0.306423,-0.145922,-0.14739,0.006845,0.065507,0.057153,235.418104,4.931996,-34.698365,-33.798827,25.614447,7.848867,-53.788061,0.004248,-19.420387,0.901847,7.694821,1.249495,0.738685,,0.326709,4.780692,,9.267513,0.340076,0.020325
ISRG,2022-12-31,0.67436,0.253463,0.212513,0.312253,0.154029,0.119753,0.101919,0.119504,0.136523,106.57302,22.64818,12.762433,147.038297,68.901104,21.514569,139.678583,0.009383,,,,,4.397018,3.768933,0.47959,6.604607,189.685047,1.127429,0.085565,0.082479
ISRG,2023-12-31,0.663873,0.248003,0.252383,0.311843,0.10522,0.135111,0.116439,0.123169,0.128189,78.37681,19.780955,10.589551,187.995603,60.257451,18.790858,178.585851,0.012759,,,,,4.755531,4.019654,0.461361,6.303398,215.19397,1.008788,0.14938,0.083211
ISRG,2024-12-31,0.674585,0.281235,0.278086,0.341064,0.156104,0.141332,0.123917,0.124954,0.138188,60.674031,16.872583,8.575154,108.085215,46.994297,16.028059,102.675222,0.016482,,,,,4.074371,3.222254,0.445607,6.815815,227.302611,1.039783,0.133044,0.081034
ISRG,2025-12-31,0.65996,0.292657,0.283764,0.359931,0.247469,0.160233,0.139598,0.143556,0.159626,49.342263,14.00156,7.906278,56.579076,36.953557,13.30074,53.747121,0.020267,,,,,4.874639,3.957482,0.491952,6.589864,224.418156,1.061099,0.053633,0.078313
IT,2022-12-31,0.690683,0.20256,0.14752,0.245687,0.18141,3.54612,0.110661,0.324362,0.311549,14.523188,2.142466,51.500963,11.810094,10.088577,2.478632,13.663166,0.068855,13.864876,0.432672,1.310749,9.139228,0.774435,,0.750143,3.517404,,1.363485,0.019732,0.016539
IT,2023-12-31,0.677797,0.188095,0.149394,0.249029,0.178199,1.296535,0.112618,0.272299,0.315386,13.294355,1.986102,17.236601,11.145422,9.226764,2.297733,12.894204,0.07522,4.510787,0.39181,0.774503,9.639841,0.907396,,0.753831,3.689016,,1.309667,0.017458,0.021981
IT,2024-12-31,0.677216,0.184647,0.200037,0.274553,0.220695,0.922413,0.146897,0.273827,0.332574,9.357642,1.871876,8.63161,8.481741,7.88768,2.165584,9.812575,0.106865,2.133661,0.339791,0.30613,11.586924,1.057323,,0.734347,3.694917,,1.184418,0.016233,0.024697
IT,2025-12-31,0.68393,0.180956,0.112237,0.199116,0.180881,2.279502,0.090191,0.268235,0.272442,16.087929,1.805665,36.67247,9.98263,10.491277,2.088985,11.548963,0.062158,10.465353,0.414074,0.973293,8.727819,0.998587,,0.803575,3.857015,,1.769487,0.017722,0.023991
ITW,2022-12-31,0.408172,0.237886,0.190434,0.279626,0.121516,0.982513,0.196732,0.275821,0.369002,25.290316,4.816145,24.848063,39.633687,19.211406,5.372007,44.208065,0.039541,2.574158,0.515432,1.583614,19.926108,1.40583,0.945291,1.03307,5.024283,129.164316,0.773896,0.02586,0.003954
ITW,2023-12-31,0.421618,0.250823,0.183585,0.278388,0.19147,0.98174,0.190553,0.279603,0.37711,25.948873,4.763818,25.475039,24.880291,19.087157,5.313641,27.751885,0.038537,2.778884,0.539374,1.583185,15.37218,1.33369,0.968556,1.037956,5.157541,114.886736,1.196821,0.028249,0.004284
ITW,2024-12-31,0.442823,0.26821,0.219399,0.321235,0.17889,1.05187,0.231499,0.300865,0.437308,21.998514,4.826445,23.139571,26.979894,16.758726,5.383496,30.093816,0.045458,2.436068,0.536139,1.354024,16.625442,1.359331,0.986769,1.055154,5.315279,113.419338,0.940654,0.027488,0.003837
ITW,2025-12-31,0.440975,0.262777,0.191099,0.29014,0.168724,0.950698,0.189869,0.267285,0.386318,25.02636,4.782524,23.792502,28.345334,18.385996,5.334506,31.61685,0.039958,2.856124,0.570411,1.743931,14.582192,1.20952,0.885876,0.99356,4.9718,119.685094,1.019569,0.026116,0.004301
IVZ,2022-12-31,0.402982,0.221346,0.152209,0.252641,0.084362,0.060518,0.030941,0.051509,0.047176,14.639936,2.228337,0.885983,26.413852,11.579891,2.925555,34.678403,0.068306,0.562536,0.287605,4.347533,15.644366,5.823655,,0.203278,6.015813,,0.763767,0.03189,0.017557
IVZ,2023-12-31,0.350815,-0.068785,-0.016951,0.197922,0.198814,-0.006638,-0.003349,-0.01448,-0.006048,-139.102052,2.357951,0.92337,11.860087,15.641143,3.095723,15.570954,-0.007189,0.619622,0.31261,5.903924,-2.374468,7.747808,,0.197568,6.007146,,-13.424149,0.028742,0.020048
IVZ,2024-12-31,0.334135,0.137152,0.127707,0.204862,0.184754,0.053215,0.028687,0.035303,0.040617,17.396733,2.221689,0.925761,12.025148,14.237983,2.916827,15.787661,0.057482,0.5183,0.279404,4.501971,18.332759,10.118136,,0.22463,5.450544,,1.53588,0.011389,0.017241
IVZ,2025-12-31,0.352386,-0.109093,-0.044174,0.240783,0.225965,-0.023032,-0.010397,-0.016783,-0.011333,-47.848736,2.113655,1.102035,9.353913,11.524838,2.77499,12.280631,-0.020899,0.799975,0.361132,4.817975,-3.598788,12.002007,,0.235369,5.541449,,-5.414625,0.013219,0.012545
J,2022-09-30,0.263717,0.055186,0.065832,0.089822,0.035479,0.106276,0.04393,0.049103,0.050632,26.059502,1.715548,2.769502,48.353862,22.355926,2.008065,56.598635,0.038374,0.687335,0.284118,2.580049,5.766057,1.452544,,0.667312,6.987471,,0.737081,0.013044,0.005457
J,2023-09-30,0.249816,0.062341,0.061354,0.091814,0.077158,0.101704,0.045548,0.057838,0.061553,25.208644,1.546649,2.563821,20.045141,19.717766,1.810366,23.46302,0.039669,0.529658,0.237205,2.111836,4.099473,1.370422,,0.742378,9.611915,,1.464098,0.01267,0.00685
J,2024-09-30,0.246306,0.060207,0.070089,0.109129,0.081172,0.177184,0.068551,0.084929,0.123234,20.820594,1.459301,3.689077,17.977798,15.652389,1.708125,21.043176,0.048029,0.604943,0.234048,0.860149,5.597748,1.199973,,0.978054,8.992276,,1.308376,0.010531,0.006451
J,2025-09-30,0.248129,0.071791,0.024052,0.077046,0.050497,0.07947,0.025713,0.088663,0.087231,58.006385,1.395149,4.609784,27.628163,21.195703,1.633034,32.339016,0.017239,0.744301,0.240822,1.080021,4.727858,1.30094,,1.069073,8.677913,,2.373379,0.006586,0.005067
JBHT,2022-12-31,0.132981,0.089885,0.065435,0.133464,0.015937,0.264361,0.12449,0.204385,0.214305,22.695157,1.485053,5.999718,93.184573,11.834633,1.579503,99.11113,0.044062,0.344101,0.16204,0.611899,26.002888,1.410365,1.384475,1.902503,9.69455,16.104321,1.833064,0.104009,0.005234
JBHT,2023-12-31,0.132567,0.077414,0.056766,0.135528,-0.009183,0.177468,0.084801,0.136221,0.140256,30.207285,1.714743,5.360836,-186.732984,13.457039,1.823801,-198.609238,0.033105,0.384055,0.183517,0.875746,15.179349,1.350218,1.321175,1.49388,9.610869,15.177698,2.395509,0.145166,0.006172
JBHT,2024-12-31,0.129706,0.068769,0.047231,0.132345,0.05111,0.142206,0.06868,0.113759,0.126395,38.535843,1.820071,5.480021,35.610519,14.627172,1.935828,37.875355,0.02595,0.368091,0.177774,0.89438,10.611693,1.055388,1.03056,1.45414,9.873828,15.999862,2.59799,0.071594,0.005434
JBHT,2025-12-31,0.133062,0.072095,0.049861,0.132019,0.078971,0.167817,0.075472,0.129522,0.145084,36.771243,1.833436,6.170841,23.216464,14.770978,1.950043,24.693036,0.027195,0.411434,0.185034,0.915037,11.559158,0.828892,0.807082,1.51367,10.340741,13.774587,2.805152,0.060895,0.00598
JBL,2022-08-31,0.078619,0.042147,0.029751,0.068762,0.007946,0.406365,0.050515,0.214352,0.228738,31.517137,0.937663,12.807453,118.011534,14.760238,1.014937,127.737101,0.031729,1.391677,0.172998,0.606864,9.431507,1.015405,0.568008,1.697926,8.379975,21.333886,1.657631,0.04137,0.002419
JBL,2023-08-31,0.082618,0.045934,0.023572,0.06893,0.020287,0.285415,0.042113,0.179968,0.21816,38.375389,0.90459,10.95292,44.589585,14.204878,0.979139,48.264303,0.026058,1.133287,0.167216,0.447742,7.126214,1.160299,0.750217,1.786553,9.515218,32.936485,2.119804,0.029681,0.002738
JBL,2024-08-31,0.09265,0.049752,0.048056,0.090711,0.032268,0.799079,0.079995,0.246718,0.345484,22.616043,1.086835,18.072002,33.681404,12.968729,1.176404,36.457156,0.044216,1.875072,0.187713,0.25916,11.121387,1.085639,0.722713,1.66463,8.175205,17.989816,1.236311,0.027144,0.003081
JBL,2025-08-31,0.088786,0.048185,0.022046,0.057479,0.039326,0.434237,0.035431,0.240491,0.215158,47.779404,1.053321,20.747567,26.784188,19.835417,1.140127,28.991526,0.02093,2.224719,0.181524,0.55575,7.068027,1.000438,0.659107,1.607183,7.378559,5.704212,2.496195,0.015704,0.00359
JCI,2022-09-30,0.343558,0.097495,0.074236,0.099336,0.07283,0.094173,0.036339,0.079753,0.043113,56.651851,4.205584,5.335053,57.744934,46.662263,4.635249,63.644471,0.017652,0.550775,0.212534,3.38,6.031674,1.039683,0.802563,0.489516,3.603457,55.407284,1.298956,0.023598,0.004749
JCI,2023-09-30,0.349469,0.108235,0.0828,0.094756,0.079486,0.111756,0.043772,0.095274,0.044002,46.93923,3.886554,5.245732,48.896133,45.206824,4.283625,53.891628,0.021304,0.533333,0.208892,3.778828,5.313953,0.968694,0.799802,0.528644,4.064616,48.945111,1.20119,0.019972,0.004792
JCI,2024-09-30,0.351908,0.105263,0.074285,0.118465,0.069885,0.105914,0.039934,0.087523,0.061906,50.903599,3.781398,5.391392,54.108875,35.181184,4.167726,59.636933,0.019645,0.589701,0.222345,3.268481,4.994751,0.93509,0.7867,0.537581,3.793092,56.59899,1.230499,0.021523,0.004662
JCI,2025-09-30,0.36413,0.119851,0.139473,0.129725,0.040897,0.254583,0.086745,0.108568,0.081339,26.372117,3.678193,6.713904,89.938482,31.250454,4.053977,99.127088,0.037919,0.764292,0.260418,3.103888,9.674009,0.9288,0.762453,0.621946,3.763918,53.331066,0.425099,0.018393,0.005933
JKHY,2022-06-30,0.419104,0.244286,0.186792,0.335725,0.161225,0.262674,0.147793,0.243687,0.248283,29.915841,5.588052,7.858104,34.659903,16.745549,5.621902,34.869854,0.033427,0.083284,0.04686,0.101614,199.098574,1.128154,,0.791217,5.462327,,1.39049,0.098508,0.012754
JKHY,2023-06-30,0.413264,0.231356,0.176467,0.327464,0.084023,0.227941,0.132181,0.197169,0.217614,29.611498,5.225455,6.749686,62.190677,16.053992,5.257108,62.567394,0.033771,0.170966,0.099141,0.386196,32.485039,1.198952,,0.749038,5.627472,,1.040674,0.099622,0.013771
JKHY,2024-06-30,0.413472,0.22089,0.172335,0.322407,0.151483,0.207242,0.130559,0.18832,0.224565,28.434999,4.900351,5.892938,32.349092,15.291328,4.930034,32.545045,0.035168,0.081417,0.051291,0.156398,31.396667,0.997166,,0.757585,6.506543,,1.487735,0.104906,0.013032
JKHY,2025-06-30,0.427123,0.23943,0.191871,0.337317,0.172753,0.213883,0.149722,0.207561,0.237811,23.822238,4.570788,5.095164,26.458523,13.632504,4.598475,26.618794,0.041978,,,,57.144472,1.271901,,0.780326,7.316773,,1.407585,0.097321,0.011953
JKHY,2026-06-30,0.436533,0.249587,0.197606,0.342493,0.199072,0.245024,0.159829,0.233801,0.254174,21.593985,4.267095,5.291037,21.434963,12.534401,4.292943,21.564804,0.046309,0.019494,0.012716,0.032067,122.178764,1.166935,,0.808828,7.15965,,1.515506,0.100401,0.012758
JNJ,2022-12-31,0.692512,0.262695,0.224291,0.332604,0.214839,0.233595,0.095748,0.152591,0.149229,36.26601,8.134123,8.471544,37.861419,25.518758,8.487643,39.506927,0.027574,0.516145,0.211562,1.005563,71.141304,0.990896,0.806889,0.426891,5.697699,69.685234,1.181317,0.050119,0.014227
JNJ,2023-12-31,0.688195,0.258446,0.412793,0.273841,0.208762,0.511138,0.209796,0.198482,0.130562,18.509046,7.640396,9.460675,36.59852,29.113488,7.972458,38.189141,0.054028,0.426498,0.175056,0.320455,20.510363,1.155849,0.914265,0.508236,5.725745,85.039865,0.648337,0.058866,0.013645
JNJ,2024-12-31,0.690715,0.239234,0.158363,0.278999,0.203319,0.196755,0.078099,0.165657,0.134394,46.256824,7.32539,9.101252,36.029043,27.39706,7.643762,37.594914,0.021618,0.512435,0.203405,0.505589,23.101987,1.110729,0.863437,0.493165,5.984436,89.332159,1.725153,0.069882,0.01324
JNJ,2025-12-31,0.678787,0.27174,0.284565,0.43586,0.205036,0.328706,0.134551,0.162635,0.231259,24.274306,6.90761,7.979109,33.689664,16.537,7.207824,35.153863,0.041196,0.587818,0.240615,0.687468,34.554068,1.027676,0.765492,0.472833,5.483351,93.105328,0.915162,0.055386,0.014375
JPM,2022-12-31,,,0.294973,,0.838656,0.128881,0.010278,,,24.670561,7.277146,3.179563,8.677154,,6.008252,7.164144,0.040534,1.162692,0.092721,,,,,0.034843,1.020273,,2.843163,,
JPM,2023-12-31,,,0.319789,,0.083729,0.151129,0.012786,,,18.757831,5.998555,2.834859,71.642365,,4.952604,59.150296,0.053311,1.331401,0.112643,,,,,0.039984,1.443253,,0.261826,,
JPM,2024-12-31,,,0.345086,,-0.247948,0.1696,0.014607,,,15.896565,5.485679,2.696059,-22.124346,,4.529158,-18.266589,0.062907,1.317768,0.113498,,,,,0.04233,1.673918,,-0.71851,,
JPM,2025-12-31,,,0.313714,,-0.812672,0.157401,0.012892,,,16.293087,5.111374,2.564544,-6.289589,,4.220119,-5.192892,0.061376,1.379497,0.112993,,,,,0.041096,1.629468,,-2.590485,,
KDP,2022-12-31,0.52095,0.19798,0.102156,0.222025,0.17486,0.057152,0.027702,0.062632,0.055118,29.339254,2.997166,1.676796,17.140427,26.513031,5.886546,33.664431,0.034084,0.540595,0.262033,3.662929,3.480519,0.471025,0.308321,0.271177,9.472372,-172.423226,1.975627,0.026962,0.003699
KDP,2023-12-31,0.54543,0.215607,0.147226,0.268192,0.057243,0.084943,0.041838,0.065009,0.075277,19.317363,2.84401,1.640877,49.682983,20.827378,5.585741,97.579211,0.051767,0.577348,0.284366,3.252957,6.558468,0.378533,0.250449,0.284174,10.828947,-99.361317,0.609354,0.032469,0.00783
KDP,2024-12-31,0.555599,0.215556,0.09387,0.220311,0.104032,0.05944,0.02697,0.062599,0.058421,29.237453,2.744523,1.737869,26.381446,24.466934,5.390344,51.814133,0.034203,0.641587,0.29111,4.448255,3.604082,0.49425,0.333622,0.28731,10.220373,-54.493701,1.539903,0.040519,0.006384
KDP,2025-12-31,0.54201,0.22002,0.125218,0.252605,0.089622,0.081478,0.037487,0.06785,0.07295,20.265113,2.537564,1.651167,28.313958,19.729893,4.983869,55.609658,0.049346,0.632583,0.291044,3.603958,4.56366,0.635223,0.426176,0.299374,9.935966,-23.8901,0.957672,0.030296,0.005842
KEY,2022-12-31,,,0.272844,,0.620695,0.142486,0.010099,,,11.584218,3.160681,1.650583,5.092168,,5.296035,8.532434,0.086324,1.835365,0.130091,,,,,0.037015,,,2.331247,0.015371,0.017079
KEY,2023-12-31,,,0.155591,,0.444248,0.066065,0.005136,,,22.964783,3.573121,1.517179,8.043081,,5.987119,13.476981,0.043545,1.54451,0.120071,,,,,0.033009,,,3.002068,0.022848,0.019469
KEY,2024-12-31,,,-0.036624,,0.13626,-0.008858,-0.00086,,,-137.931337,5.051625,1.221773,37.073364,,8.4645,62.120107,-0.00725,0.783176,0.076055,,,,,0.023487,,,-4.124224,0.014786,0.023658
KEY,2025-12-31,,,0.251064,,0.288401,0.08974,0.00992,,,12.141578,3.048311,1.089591,10.569703,,5.107748,17.710587,0.082362,0.53913,0.059594,,,,,0.039511,,,1.207217,0.014688,0.018119
KEYS,2022-10-31,0.636531,0.246125,0.20738,0.292804,0.176937,0.270127,0.1388,0.195979,0.203856,50.740206,10.522508,13.706319,59.470272,36.03843,10.552212,59.638153,0.019708,0.48498,0.249197,,17.265823,3.00924,2.399431,0.669301,5.98895,155.437958,1.017794,0.034133,0.023063
KEYS,2023-10-31,0.646413,0.248536,0.193448,0.301428,0.221633,0.227116,0.121732,0.164048,0.21631,53.956472,10.437773,12.254403,47.094956,34.725555,10.467238,47.227901,0.018533,0.435324,0.233329,,18.397436,2.346999,1.866276,0.629276,6.071111,192.178244,1.332072,0.036054,0.024707
KEYS,2024-10-31,0.629243,0.167303,0.123318,0.244828,0.180358,0.120274,0.066242,0.085756,0.121015,92.885979,11.454507,11.171791,63.510013,46.917956,11.486842,63.689297,0.010766,0.397649,0.21901,,11.297619,2.983181,2.266994,0.537167,5.809802,203.011755,1.713355,0.03093,0.027516
KEYS,2025-10-31,0.620837,0.162977,0.15814,0.270512,0.238326,0.144533,0.075215,0.083607,0.124643,67.09646,10.610603,9.697669,44.521461,39.33493,10.640556,44.647142,0.014904,0.472369,0.245819,0.454608,12.270833,2.35027,1.782703,0.475622,5.724175,188.237173,1.657647,0.023814,0.03014
KHC,2022-12-31,0.306664,0.171682,0.08922,0.18199,0.058637,0.048543,0.026107,0.052805,0.047702,12.259702,1.093814,0.595129,18.654008,9.421924,1.714694,29.242547,0.081568,0.412301,0.221736,3.948133,4.220413,0.874723,0.470315,0.29261,12.492925,5.423857,1.044858,0.034586,0.005588
KHC,2023-12-31,0.33506,0.196471,0.10717,0.206682,0.111224,0.057646,0.031603,0.058946,0.055223,10.146996,1.08745,0.584939,9.777143,8.248034,1.704718,15.326924,0.098551,0.404474,0.221743,3.383945,4.983553,0.986562,0.536892,0.294889,12.613636,8.063899,1.392644,0.038026,0.005293
KHC,2024-12-31,0.346978,0.207073,0.106167,0.105084,0.116846,0.055789,0.03108,0.077505,0.021818,10.557462,1.120857,0.588994,9.592608,16.720793,1.757087,15.037641,0.09472,0.403965,0.22505,6.824374,1.938596,1.055425,0.589963,0.29275,12.038193,12.760028,1.524781,0.045036,0.004217
KHC,2025-12-31,0.333133,0.185911,-0.234384,-0.141528,0.146781,-0.140313,-0.071479,0.07374,-0.06161,-4.95547,1.161482,0.695317,7.91305,-12.865064,1.820771,12.404719,-0.201797,0.509289,0.259445,-5.270255,-4.749736,1.15368,0.792891,0.304967,11.065661,7.946447,-0.763257,0.032115,0.003809
KIM,2022-12-31,0.692706,0.33122,0.072916,0.44923,0.498421,0.013239,0.007067,0.0,0.015394,119.966384,8.747482,1.588237,17.550389,30.184222,13.559649,27.205213,0.008336,0.76418,0.407916,9.033207,1.195324,4.934701,,0.096919,7.663507,,6.83554,,0.015419
KIM,2023-12-31,0.687833,0.326685,0.366868,0.785791,0.600879,0.068687,0.035803,0.03077,0.049529,23.098745,8.474198,1.586577,14.103011,16.716943,13.136026,21.861363,0.043292,0.811171,0.422829,4.878247,3.573587,6.415992,,0.097592,7.368447,,1.637859,,0.018534
KIM,2024-12-31,0.686967,0.322794,0.20166,0.619877,0.493674,0.038562,0.020226,0.031912,0.032905,36.790256,7.419137,1.418711,15.028411,18.552948,11.500554,23.295843,0.027181,0.805285,0.422372,6.155478,2.141004,5.233553,,0.100297,7.907847,,2.448047,,0.017133
KIM,2025-12-31,0.690515,0.335345,0.273229,0.677964,0.523343,0.056269,0.0297,0.038549,0.042473,25.845435,7.061713,1.454304,13.493467,16.146151,10.946504,20.916496,0.038692,0.799279,0.421875,5.495995,2.494976,3.31242,,0.1087,7.60657,,1.915404,,0.015525
KKR,2022-12-31,0.360608,-0.062098,-0.093739,0.241819,-0.963928,-0.027737,-0.001895,-0.005644,0.00546,-174.940149,16.398753,4.852249,-17.01242,110.90497,26.818963,-27.82257,-0.005716,2.343447,0.160071,22.819107,0.821594,1.511388,,0.020211,33.190529,,10.120037,0.015284,0.131218
KKR,2023-12-31,0.339363,0.149282,0.260581,0.663315,-0.111863,0.163275,0.011763,0.024375,0.03434,24.45166,6.371626,3.992353,-56.958989,15.709465,10.42033,-93.15227,0.040897,2.16056,0.155652,2.998195,3.22494,4.713079,,0.045141,58.763385,,-0.400243,0.007568,0.043181
KKR,2024-12-31,0.177533,0.0428,0.142154,0.423578,0.300751,0.130065,0.008543,0.010541,0.029855,29.66603,4.217133,3.858517,14.022001,16.28228,6.896814,22.931959,0.033709,2.148544,0.141118,3.821605,2.772712,4.121546,,0.060095,42.049697,,2.161687,0.00654,0.034493
KKR,2025-12-31,0.179965,0.025521,0.123413,0.529535,0.016504,0.076708,0.00578,0.005177,0.028904,38.498799,4.751257,2.953153,287.890906,14.67387,7.770334,470.824563,0.025975,1.764834,0.132972,3.60928,3.310988,4.178288,,0.046831,39.397989,,0.201547,0.00837,0.037595
KLAC,2022-06-30,0.610021,0.396681,0.3606,0.435624,0.326251,2.370432,0.263696,0.431539,0.375239,69.614437,25.102981,165.016278,76.943871,57.93662,25.238599,77.359558,0.014365,4.834124,0.537768,1.264867,22.761624,2.496936,1.749173,0.731271,5.084166,244.876095,0.997259,0.033361,0.013778
KLAC,2023-06-30,0.598106,0.38059,0.322719,0.428851,0.317092,1.160125,0.240704,0.40532,0.395578,68.268915,22.031678,79.200441,69.480426,51.651293,22.150703,69.855791,0.014648,2.076591,0.430854,0.880395,13.760793,2.236811,1.468202,0.745863,5.986249,277.790308,1.083409,0.032545,0.016332
KLAC,2024-06-30,0.599677,0.370525,0.281474,0.39777,0.308919,0.819961,0.178954,0.314822,0.325012,83.727166,23.567051,68.652971,76.288735,59.568058,23.694371,76.700882,0.011944,2.024637,0.441871,1.192157,11.249,2.152249,1.501116,0.635773,5.352988,316.776886,1.197936,0.028269,0.021676
KLAC,2025-06-30,0.609098,0.412484,0.334122,0.439341,0.308209,0.865569,0.25278,0.414592,0.412833,56.934035,19.022922,49.28035,61.720763,43.532671,19.125693,62.054207,0.017564,1.297463,0.378909,0.712519,16.370518,2.618533,1.832358,0.756548,5.369531,279.4885,1.004988,0.027579,0.021801
KLAC,2026-06-30,0.613015,0.416863,0.355741,0.462782,0.277414,0.760773,0.269101,0.398623,0.431636,47.869321,17.029061,36.417682,61.385054,36.995915,17.12106,61.716685,0.02089,0.968801,0.342685,0.674306,20.708638,2.87619,2.028664,0.756452,4.700069,287.756431,0.857643,0.027685,0.022841
KMB,2022-12-31,0.308253,0.132887,0.095861,0.167336,0.092045,3.535649,0.107624,0.235686,0.246521,16.828431,1.613194,59.499425,17.526217,11.330919,1.896069,20.599452,0.059423,15.628885,0.475737,2.368187,9.297872,0.781156,0.471775,1.122705,9.361949,-1.39359,1.413133,0.04342,0.007435
KMB,2023-12-31,0.365625,0.150822,0.102881,0.154672,0.161904,1.927869,0.101707,0.228531,0.182351,18.450218,1.898179,35.569601,11.72413,14.424277,2.231027,13.779965,0.0542,8.86776,0.467827,2.598416,6.481229,0.822944,0.540837,0.988584,8.311197,-13.063209,2.007937,0.044675,0.009857
KMB,2024-12-31,0.374234,0.166439,0.151443,0.206427,0.149539,3.029762,0.153814,0.276789,0.281702,12.788285,1.936697,38.745459,12.951128,11.02715,2.276298,15.222118,0.078197,8.969048,0.455337,1.847218,9.955556,0.796688,0.589377,1.015653,10.184848,-27.055187,1.270727,0.042904,0.007795
KMB,2025-12-31,0.360126,0.142944,0.12288,0.189275,0.099653,1.345539,0.118201,0.192009,0.231425,16.104001,1.978852,21.668565,19.857343,12.288205,2.325846,23.339343,0.062096,4.857523,0.426717,2.081593,9.015625,0.745263,0.538246,0.961925,9.224341,-26.778649,1.374072,0.069192,0.008512
KMI,2022-12-31,0.404115,0.211719,0.132708,0.325573,0.174271,0.082883,0.036359,0.05135,0.064373,27.826289,3.69278,2.306336,21.189893,16.714667,5.441843,31.226354,0.035937,1.026869,0.450469,4.930891,,0.548773,0.457287,0.27398,10.434783,9.137894,1.949372,0.084427,
KMI,2023-12-31,0.531238,0.27801,0.155928,0.424742,0.272206,0.078895,0.033667,0.053227,0.066819,29.653443,4.623802,2.339516,16.986436,16.042282,6.813837,25.031955,0.033723,1.052432,0.449099,4.884385,,0.352029,0.279324,0.215911,9.656171,-4.905542,2.714764,0.151102,
KMI,2024-12-31,0.556887,0.290331,0.173046,0.446225,0.199073,0.085585,0.036593,0.05627,0.066118,27.134092,4.695456,2.322275,23.586621,15.506587,6.919429,34.758277,0.036854,1.037274,0.4435,4.686999,,0.494217,0.385415,0.211464,10.02656,-9.419436,2.156525,0.174106,
KMI,2025-12-31,0.528724,0.278916,0.180433,0.423747,0.170691,0.098068,0.042008,0.059409,0.069038,23.200714,4.186183,2.275251,24.524864,14.558086,6.168943,36.140914,0.043102,1.019896,0.436878,4.419535,,0.637205,0.504396,0.232817,9.881564,-1.199584,1.936191,0.178662,
KO,2022-12-31,0.581434,0.28002,0.221886,0.321551,0.2217,0.395851,0.102864,0.15592,0.172072,39.792491,8.82941,15.751917,39.825881,29.632265,9.528299,42.978284,0.02513,1.624103,0.422032,2.142754,14.249433,1.145356,0.930744,0.46359,12.332664,7.817867,1.154685,0.034508,0.008278
KO,2023-12-31,0.595227,0.28627,0.234165,0.341107,0.213031,0.413014,0.109659,0.15916,0.195314,35.439607,8.298727,14.637059,38.955571,26.254563,8.95561,42.039085,0.028217,1.621526,0.430529,2.095086,9.481991,1.134105,0.946417,0.468297,13.417595,4.223064,1.082602,0.040477,0.005551
KO,2024-12-31,0.610633,0.297954,0.225898,0.336096,0.100742,0.427704,0.10573,0.164471,0.195777,35.716297,8.068251,15.275988,80.088579,25.905985,8.70689,86.42796,0.027998,1.791197,0.442789,2.13024,8.902174,1.029625,0.84237,0.46804,13.186047,12.940545,0.640109,0.043858,0.006077
KO,2025-12-31,0.616257,0.311028,0.273399,0.390105,0.110469,0.407442,0.125048,0.157665,0.211313,28.96925,7.920151,11.803287,71.695611,21.909687,8.547067,77.37065,0.034519,1.414156,0.434018,1.883328,10.67231,1.458766,1.250834,0.457382,15.780448,-1.154505,0.565194,0.044054,0.00582
KR,2023-01-31,0.214343,0.02783,0.015136,0.047323,0.009578,0.223461,0.045221,0.149882,0.106129,15.935829,0.241201,3.561044,25.183099,8.301311,0.392842,41.015492,0.062752,2.032663,0.411342,1.464795,6.424299,0.735004,0.296438,2.987687,66.364369,-2.70692,2.004456,0.020761,0.001282
KR,2024-01-31,0.222369,0.020635,0.014423,0.046834,0.019222,0.186311,0.042847,0.108607,0.095132,16.524954,0.238338,3.078778,12.399446,8.288316,0.388179,20.194868,0.060515,1.657081,0.381091,1.181728,7.430839,0.806327,0.363868,2.970775,70.242978,-5.052219,3.136784,0.02602,0.001146
KR,2025-01-31,0.227041,0.026162,0.018114,0.051936,0.012078,0.321666,0.05065,0.127195,0.103392,13.418387,0.243062,4.316234,20.123805,7.622301,0.395873,32.775464,0.074525,3.027399,0.476699,1.563931,8.426667,0.958156,0.516625,2.796165,67.026424,-4.459328,2.174109,0.027304,0.001189
KR,2026-01-31,0.23301,0.012801,0.006882,0.039007,0.023408,0.171419,0.020339,0.073975,0.057748,35.196851,0.242208,6.033407,10.347223,10.113214,0.394481,16.85243,0.028412,4.16602,0.494305,2.177635,2.877934,0.801027,0.420422,2.955618,67.354927,-6.171726,7.195866,0.02611,0.001063
KVUE,2022-12-31,0.554181,0.179799,0.13806,0.219465,0.143813,0.103355,0.07556,0.105354,0.11274,16.574116,2.288226,1.713018,15.911151,12.71319,2.790099,19.400919,0.060335,0.005809,0.004247,2.365133,,1.496943,0.929954,0.547298,7.04524,73.549212,1.223353,0.025084,0.009164
KVUE,2023-12-31,0.559635,0.161422,0.107744,0.205581,0.17476,0.148426,0.059747,0.097155,0.113903,20.558278,2.215033,3.051376,12.674685,13.13763,2.700853,15.454604,0.048642,0.751672,0.302574,2.174488,7.117318,1.119869,0.782157,0.554522,7.450072,14.75226,1.903846,0.030368,0.012173
KVUE,2024-12-31,0.579683,0.170107,0.066645,0.159689,0.08638,0.106537,0.040233,0.105397,0.092941,33.212597,2.213457,3.538371,25.6247,16.901125,2.698931,31.244926,0.030109,0.901945,0.340612,3.006078,4.283063,0.962711,0.685485,0.603687,7.138568,13.877777,1.717476,0.028082,0.016435
KVUE,2025-12-31,0.581328,0.179516,0.097197,0.197435,0.113859,0.136554,0.054292,0.104224,0.11495,23.271411,2.2619,3.177796,19.865839,13.969182,2.757999,24.222983,0.042971,0.805759,0.320358,2.454454,5.648837,0.958284,0.678049,0.558576,6.349286,10.968298,1.494558,0.031407,0.008992
L,2022-12-31,,,0.058505,,0.188897,0.057286,0.010878,,,26.801914,1.568055,1.53538,8.30112,,1.814034,9.603307,0.037311,0.628546,0.119351,,3.94709,,,0.185928,1.633151,,4.03163,0.046975,
L,2023-12-31,,,0.091466,,0.205447,0.091314,0.018107,,,15.36344,1.405229,1.402902,6.839855,,1.625665,7.912815,0.06509,0.573293,0.113679,,6.308511,,,0.197962,1.765143,,2.724547,0.043756,
L,2024-12-31,,,0.082023,,0.138813,0.082855,0.017256,,,15.580745,1.277984,1.29094,9.206508,,1.47846,10.650721,0.064182,0.524083,0.109149,,5.249433,,,0.210378,1.768465,,2.139321,0.036661,
L,2025-12-31,,,0.091714,,0.148548,0.089211,0.019306,,,13.216061,1.212102,1.17902,8.159694,,1.402243,9.439695,0.075666,0.507813,0.109893,,6.224256,,,0.210497,1.791621,,1.967007,0.031855,
LDOS,2022-12-31,0.144762,0.078702,0.047583,0.0985,0.059947,0.159339,0.052406,0.096127,0.118917,23.392846,1.113094,3.727402,18.567902,15.44859,1.52168,25.383662,0.042748,1.277041,0.420014,3.105783,5.452261,0.922979,0.850266,1.101369,10.523392,21.462575,1.448175,0.008961,0.005071
LDOS,2023-12-31,0.145356,0.084337,0.01289,0.061277,0.06348,0.04737,0.015675,0.07565,0.063369,80.523115,1.037965,3.814354,16.351122,23.156554,1.418973,22.353163,0.012419,1.237324,0.409453,4.127907,2.900943,1.339465,1.235786,1.216069,10.902542,21.693528,5.964824,0.013408,0.004988
LDOS,2024-12-31,0.167927,0.108931,0.075261,0.127356,0.077182,0.284225,0.096387,0.152536,0.193862,12.778389,0.961715,3.631936,12.46042,10.323327,1.314734,17.034293,0.078257,1.199229,0.406687,1.80066,9.492228,1.217416,1.128933,1.280707,9.154945,32.076319,1.144338,0.008943,0.005101
LDOS,2025-12-31,0.180447,0.122278,0.084313,0.139863,0.09462,0.294548,0.107315,0.168159,0.198012,11.066367,0.933044,3.259581,9.860985,9.119942,1.275539,13.480677,0.090364,1.06489,0.387979,1.473772,10.403941,1.702865,1.581889,1.272808,9.394967,31.459824,1.208564,0.007278,0.005532
LEN,2022-11-30,0.213897,0.201587,0.137036,0.204173,0.095288,0.191453,0.121475,0.173137,0.186637,3.990273,0.546809,0.763952,5.73847,3.371316,0.688333,7.223683,0.250609,0.25722,0.163203,0.206614,,17.565057,5.127982,0.886446,23.534361,270.396569,0.707755,0.001699,0.005467
LEN,2023-11-30,0.173544,0.158899,0.115049,0.162117,0.148391,0.148172,0.100384,0.131223,0.14466,4.674766,0.537827,0.69267,3.624377,4.176153,0.677025,4.562428,0.213914,0.187506,0.127032,,,17.98763,6.403924,0.872537,23.633585,238.196247,1.315151,0.002915,0.004695
LEN,2024-11-30,0.155156,0.136845,0.110959,0.140104,0.062974,0.141102,0.095189,0.115765,0.122867,4.681872,0.519494,0.660622,8.24939,4.667576,0.653948,10.384473,0.21359,0.150313,0.101403,,,15.932818,4.890093,0.857881,23.617605,240.640944,0.611153,0.004839,0.004985
LEN,2025-11-30,0.099077,0.080452,0.060789,0.084381,0.000824,0.094637,0.060359,0.074036,0.084322,8.859495,0.538557,0.838438,653.28802,8.03436,0.677945,822.370065,0.112873,0.267539,0.170634,0.734453,,10.700528,4.167364,0.992928,26.096518,132.834726,0.104328,0.005518,0.004782
LH,2022-12-31,0.312621,0.147692,0.107814,0.164735,0.128676,0.126686,0.063463,0.092053,0.082991,20.334282,2.19233,2.576073,17.037586,16.735152,2.756866,21.424853,0.049178,0.618664,0.309917,2.568307,7.882091,1.502355,1.349488,0.58863,6.644581,37.852395,1.529122,0.036185,0.009845
LH,2023-12-31,0.276682,0.092397,0.03437,0.11066,0.071874,0.053079,0.024992,0.058113,0.056926,62.223874,2.138664,3.302804,29.75584,24.303151,2.689381,37.418122,0.016071,0.756089,0.356004,3.356888,3.8502,1.167493,1.02034,0.727147,6.356348,42.780093,3.176316,0.037298,0.010582
LH,2024-12-31,0.278609,0.087479,0.057345,0.139235,0.084242,0.092645,0.04059,0.061604,0.077601,34.865388,1.999368,3.230121,23.733534,18.057296,2.514216,29.845041,0.028682,0.903207,0.395712,2.657097,5.606337,1.443307,1.295207,0.707813,6.691477,39.666188,2.125737,0.037659,0.008971
LH,2025-12-31,0.287599,0.108675,0.062824,0.144262,0.086441,0.101684,0.047655,0.084593,0.085528,29.674363,1.864259,3.017423,21.566816,16.2504,2.344315,27.120382,0.033699,0.757094,0.354815,2.51026,5.94199,1.423942,1.234567,0.758546,6.631667,43.797961,1.871649,0.031143,0.009017
LHX,2022-12-31,0.28877,0.113058,0.062244,0.145938,0.11171,0.057334,0.031679,0.062881,0.055932,43.360653,2.698922,2.486045,24.160028,23.077515,3.367894,30.148486,0.023062,0.380338,0.210148,2.475904,5.562724,1.169321,0.94581,0.508949,13.638689,7.090904,2.032015,0.01477,0.019048
LHX,2023-12-31,0.263299,0.092693,0.063186,0.150883,0.084814,0.065388,0.029434,0.055381,0.052371,37.529759,2.371338,2.453984,27.959328,19.61195,2.959113,34.889504,0.026646,0.69944,0.314846,4.288396,3.248619,1.006372,0.822464,0.465829,15.787805,6.94338,1.708231,0.023122,0.016479
LHX,2024-12-31,0.259039,0.09449,0.070434,0.166987,0.100868,0.07697,0.035761,0.060087,0.066108,30.658465,2.159391,2.359794,21.408189,16.136763,2.694631,26.714558,0.032617,0.627037,0.291326,3.263409,3.365926,1.076641,0.902397,0.507726,19.892724,2.75605,1.703728,0.019132,0.016928
LHX,2025-12-31,0.25726,0.098331,0.073451,0.171644,0.122662,0.081793,0.038985,0.058119,0.07445,28.673109,2.106061,2.345252,17.169655,15.311221,2.628082,21.425434,0.034876,0.566132,0.269839,2.677058,4.236181,1.189178,1.020482,0.530768,15.948213,-5.027832,1.933998,0.019392,0.016739
LII,2022-12-31,0.272274,0.13956,0.105354,0.155455,0.042642,-2.447563,0.193605,0.414576,0.674555,24.975321,2.631238,-61.128666,61.705924,19.615311,3.049303,71.510093,0.04004,-8.615953,0.681531,1.953238,16.472362,0.937833,0.46594,1.837669,7.75415,81.693262,0.608127,0.021427,0.00462
LII,2023-12-31,0.310966,0.169674,0.11867,0.17682,0.097553,2.072205,0.211271,0.437557,0.445647,21.000054,2.492068,43.516411,25.545745,16.333103,2.888021,29.60459,0.047619,5.353312,0.545796,1.361903,14.194643,1.412872,0.723832,1.780331,8.378574,78.057047,1.245264,0.050222,0.006042
LII,2024-12-31,0.332784,0.195907,0.151854,0.213169,0.146425,0.843052,0.224061,0.413197,0.452378,15.30666,2.324384,12.904305,15.874226,12.636423,2.693695,18.396408,0.065331,1.54724,0.411215,0.595556,23.662132,1.547552,0.898043,1.475497,8.079413,82.354561,1.165947,0.030629,0.005336
LII,2025-12-31,0.333917,0.202722,0.155102,0.222451,0.122957,0.692804,0.197413,0.342944,0.360969,15.407337,2.389705,10.67426,19.435241,12.449451,2.769394,22.523217,0.064904,1.522397,0.433804,1.11214,22.482759,1.597416,0.630307,1.272796,8.975985,116.037274,0.940184,0.022867,0.005601
LIN,2022-12-31,0.417036,0.193622,0.124296,0.298585,0.170573,0.103602,0.05206,0.082648,0.091138,51.178022,6.361205,5.30217,37.293139,23.780292,7.100446,41.627002,0.01954,0.469446,0.235896,1.25256,26.781395,0.791735,0.671703,0.418841,7.318272,30.790075,2.137449,0.095103,0.003207
LIN,2023-12-31,0.467584,0.246698,0.188683,0.371857,0.167955,0.156067,0.07671,0.10601,0.12906,34.237015,6.459952,5.343284,38.462352,19.390953,7.210668,42.93209,0.029208,0.511455,0.251389,1.203978,20.341404,0.802952,0.668385,0.406554,6.963544,33.531493,1.501049,0.115268,0.004292
LIN,2024-12-31,0.480594,0.260415,0.198909,0.388911,0.14925,0.172346,0.081912,0.110306,0.138042,32.328295,6.430397,5.571649,43.084705,18.455848,7.177678,48.09161,0.030933,0.593537,0.282094,1.306715,18.595483,0.890058,0.756257,0.411806,7.140848,39.169851,1.435339,0.136252,0.004848
LIN,2025-12-31,0.488348,0.272289,0.202966,0.386159,0.149738,0.180363,0.079454,0.110145,0.130706,30.767651,6.244785,5.54936,41.704707,18.050844,6.970496,46.551242,0.032502,0.733926,0.323312,1.671213,20.174569,0.87676,0.741545,0.391467,6.843737,37.485769,1.500435,0.154799,0.004826
LITE,2022-06-30,0.460469,0.176457,0.116139,0.281677,0.214936,0.10608,0.047787,0.06816,0.091505,419.822125,48.757807,44.534731,226.847652,170.886037,48.134663,223.948449,0.002382,1.032533,0.465139,1.214345,3.931421,4.381298,4.03224,0.411465,6.536641,92.734097,2.309201,0.053252,0.060201
LITE,2023-06-30,0.322015,-0.049576,-0.074477,0.106791,0.029032,-0.097064,-0.02841,-0.02102,-0.016732,-634.518394,47.256718,61.589188,1627.731397,436.859694,46.652758,1606.928348,-0.001576,2.11956,0.620388,10.347642,-1.884507,4.382928,3.738246,0.381468,7.180008,123.713727,-1.366261,0.072722,0.083984
LITE,2024-06-30,0.185035,-0.265892,-0.402075,-0.060035,-0.082622,-0.570876,-0.138991,-0.104436,-0.10154,-152.79528,61.435124,87.227223,-743.567415,-1010.238042,60.649959,-734.06433,-0.006545,2.67377,0.650983,-25.324755,-11.002959,5.904567,4.425176,0.345685,6.980996,141.944906,-0.045197,0.100795,0.094762
LITE,2025-06-30,0.279574,-0.116839,0.015745,0.064924,-0.063647,0.022825,0.006139,-0.0,-0.03918,3224.039408,50.761472,73.590042,-797.541745,771.867268,50.11272,-787.348847,0.00031,2.298581,0.618247,19.218165,-6.752252,4.371945,3.175153,0.389931,6.58,130.898093,4.876448,0.140426,0.10772
LITE,2026-06-30,0.416689,0.177903,-2.300962,-2.284008,0.099569,-1.493378,-0.949039,0.082536,-1.481458,-12.040579,27.704917,17.981141,278.249319,-11.974931,27.350838,274.693183,-0.083052,0.35987,0.228697,,-328.027523,1.677847,1.399032,0.412453,5.792812,88.794347,-0.108347,0.149735,0.05647
LLY,2022-12-31,0.767713,0.290119,0.218798,0.303436,0.161183,0.586377,0.126184,0.282545,0.220638,164.635451,36.0219,96.538476,223.483928,123.968626,37.616595,233.377594,0.006074,1.52478,0.32812,1.636349,21.525935,1.052298,0.800831,0.576713,4.138834,219.169131,1.214723,0.104595,0.013002
LLY,2023-12-31,0.792463,0.302573,0.153558,0.347322,-0.092369,0.486451,0.081867,0.229322,0.281235,196.205241,30.128809,95.444208,-326.178764,90.586423,31.462615,-340.618744,0.005097,2.341769,0.394107,1.890542,21.249228,0.942616,0.731105,0.533135,3.753809,260.819716,0.80916,0.216622,0.018433
LLY,2024-12-31,0.813112,0.378305,0.235109,0.417534,0.009191,0.742012,0.134536,0.297006,0.338505,97.083613,22.8252,72.037238,2483.370686,57.086738,23.835674,2593.309859,0.0103,2.357343,0.427415,1.615143,21.829362,1.153792,0.886348,0.572229,4.092586,278.232947,0.832672,0.186577,0.014342
LLY,2025-12-31,0.830436,0.455607,0.316666,0.486246,0.091502,0.777841,0.183506,0.345035,0.384424,49.811796,15.773723,38.745636,172.386899,33.875944,16.472028,180.018491,0.020076,1.601771,0.377885,1.11176,,1.579113,1.188969,0.579493,3.669989,375.715299,0.814583,0.166449,0.009604
LMT,2022-12-31,0.125591,0.126516,0.08687,0.131956,0.092932,0.618606,0.108396,0.288691,0.197416,21.47578,1.865591,13.285039,20.074881,16.06135,2.119395,22.805964,0.046564,1.677855,0.294005,1.493052,11.722311,1.321269,1.126896,1.247806,26.340918,19.999462,1.36113,0.025309,0.003607
LMT,2023-12-31,0.125483,0.125897,0.102411,0.154563,0.092185,1.012436,0.13192,0.29923,0.25378,17.788897,1.821775,18.01012,19.762268,13.390097,2.069618,22.450822,0.056215,2.554353,0.332831,1.533608,9.840611,1.211608,1.026687,1.288146,31.693715,16.581462,1.144509,0.025026,0.003922
LMT,2024-12-31,0.097547,0.098715,0.075109,0.12408,0.07442,0.842571,0.095942,0.226151,0.200459,23.069559,1.732742,19.437734,23.283368,15.864569,1.968472,26.45095,0.043347,3.200695,0.364457,2.017811,7.003861,1.125077,0.946189,1.277361,30.218205,19.206539,1.306597,0.023718,0.003899
LMT,2025-12-31,0.101522,0.103014,0.066851,0.116286,0.092048,0.746466,0.08384,0.230448,0.19285,24.53641,1.640272,18.315603,17.819799,16.024541,1.863423,20.24409,0.040756,3.228686,0.362634,2.014323,6.296959,1.086865,0.935847,1.254144,19.238144,18.398935,1.705601,0.021973,0.004051
LNT,2022-12-31,0.406421,0.22069,0.163139,0.405232,0.115577,0.109305,0.034023,0.059968,0.058034,24.796463,4.045273,2.710385,35.000769,17.079444,6.921135,59.883482,0.040328,1.389101,0.432376,5.10446,3.178462,0.528989,0.391452,0.20855,39.299065,-53.73909,0.708455,0.088466,
LNT,2023-12-31,0.430593,0.234169,0.174572,0.434815,0.215297,0.103733,0.033103,0.057575,0.056779,24.196833,4.224081,2.510015,19.619808,16.621001,7.22706,33.567903,0.041328,1.403128,0.447756,5.395203,2.921196,0.552083,0.403212,0.189622,35.637168,-32.418155,1.233286,0.176807,
LNT,2024-12-31,0.447124,0.222557,0.173323,0.446119,0.293142,0.098515,0.030378,0.05089,0.050203,24.652715,4.27289,2.428666,14.576156,16.387034,7.310568,24.938622,0.040563,1.485722,0.458132,5.813626,2.345794,0.436096,0.32744,0.175266,37.914286,-29.675612,1.691304,0.30746,
LNT,2025-12-31,0.456671,0.234984,0.185695,0.456901,0.267996,0.110445,0.032412,0.052699,0.050157,21.000461,3.899673,2.319386,14.551218,14.602796,6.672025,24.895956,0.047618,1.652032,0.484815,5.800301,2.360082,0.799341,0.663683,0.174543,33.813953,-21.547412,1.44321,,
LOW,2023-01-31,0.332344,0.104668,0.06632,0.12546,0.069648,-0.451593,0.147273,0.367248,0.421375,16.777581,1.112697,-7.57663,15.975931,12.060136,1.513062,21.724302,0.059603,-2.665497,0.869269,2.678164,8.789655,1.09897,0.149147,2.220623,,,1.334317,0.018844,0.002298
LOW,2024-01-31,0.333931,0.133797,0.089445,0.157229,0.071501,-0.513355,0.184855,0.420458,0.444504,13.978422,1.250301,-7.1759,17.486608,10.813363,1.700178,23.778543,0.071539,-2.667442,0.960522,2.57713,7.861092,1.225013,0.139838,2.066683,,,1.053585,0.022738,0.002431
LOW,2025-01-31,0.333162,0.125081,0.083144,0.150549,0.092,-0.488862,0.161408,0.374246,0.436435,15.523543,1.290691,-7.588876,14.029266,11.658036,1.755101,19.077199,0.064418,-2.788139,0.920561,2.677304,7.218071,1.085355,0.157221,1.941302,890.148936,53.521053,1.383499,0.02303,0.002641
LOW,2026-01-31,0.334759,0.117667,0.077116,0.144496,0.08867,-0.670969,0.122895,0.257418,0.296243,16.230431,1.25162,-10.890117,14.115448,11.778656,1.701971,19.19439,0.061613,-4.505092,0.825151,3.123115,6.728225,1.076658,0.187792,1.593639,79.161468,52.543269,1.482417,0.025647,0.002863
LRCX,2022-06-30,0.456945,0.312406,0.267329,0.331549,0.148234,0.733517,0.267817,0.42458,0.425772,78.283533,20.927454,57.422275,141.178106,62.864997,20.842843,140.607318,0.012774,0.797314,0.291111,0.252198,29.107502,2.691322,1.822427,1.001826,3.993455,206.694004,0.673069,0.031696,0.015038
LRCX,2023-06-30,0.446218,0.299338,0.258825,0.323499,0.268375,0.549432,0.240178,0.349595,0.362799,79.920987,20.685528,43.911146,77.077088,63.684613,20.601896,76.765463,0.012512,0.610406,0.266832,,28.400811,3.160973,2.010128,0.927955,6.172935,223.465011,1.148086,0.028779,0.016444
LRCX,2024-06-30,0.473171,0.287285,0.256805,0.329086,0.285507,0.448246,0.204205,0.278318,0.315519,94.184831,24.1871,42.217928,84.716172,73.200607,24.089311,84.373662,0.010617,0.583566,0.265853,,24.53874,2.969553,1.997331,0.795178,5.916597,229.208064,1.215399,0.026613,0.019661
LRCX,2025-06-30,0.48705,0.320086,0.290645,0.353805,0.293675,0.543341,0.251026,0.370303,0.415267,67.283213,19.555547,36.557695,66.589003,55.048597,19.476483,66.319782,0.014863,0.454743,0.210094,,34.434504,2.210118,1.554254,0.863685,5.457431,200.189219,1.152112,0.04118,0.018625
LRCX,2026-06-30,0.50469,0.352942,0.312723,0.381398,0.210533,0.582587,0.308775,0.445272,0.478577,49.621254,15.517706,28.908696,73.706703,40.521942,15.454968,73.408704,0.020153,0.299462,0.158717,,53.666129,2.629283,1.909065,0.987375,4.35095,178.210052,0.806241,0.041597,0.016631
LULU,2023-01-31,0.553891,0.212827,0.105394,0.248804,0.040417,0.271469,0.152451,0.351646,0.419492,12.70031,1.338537,3.447735,33.117834,5.752233,1.431181,35.410015,0.078738,0.339918,0.190891,,,2.117315,1.147358,1.446489,61.024468,134.565753,1.130631,0.078744,0.009626
LULU,2024-01-31,0.583142,0.229453,0.161155,0.268893,0.170938,0.366295,0.218585,0.371588,0.404195,7.003158,1.12859,2.565221,6.602342,4.487664,1.206703,7.059309,0.142793,0.331582,0.19787,,,2.489226,1.677828,1.356367,77.096699,93.498663,1.481215,0.067767,0.009726
LULU,2025-01-31,0.592249,0.236652,0.171382,0.278824,0.149553,0.419657,0.238662,0.408192,0.43474,5.982657,1.025321,2.510663,6.855924,3.931825,1.096286,7.330442,0.16715,0.364425,0.207251,,,2.163643,1.379745,1.392571,88.107362,103.115385,1.252448,0.065095,0.008501
LULU,2026-01-31,0.566005,0.199108,0.142235,0.243803,0.083014,0.318266,0.186737,0.314235,0.336512,6.874583,0.977809,2.187943,11.778799,4.288249,1.045486,12.594044,0.145463,0.362454,0.212664,,,2.258327,1.357289,1.31287,58.233372,109.995081,1.014751,0.061319,0.005603
LUV,2022-12-31,0.199546,0.042706,0.022634,0.099941,-0.006551,0.050435,0.015239,0.040513,0.041175,37.194344,0.841847,1.875901,-128.511225,9.725106,0.971939,-148.370209,0.026886,0.882474,0.266646,,3.418605,1.426865,1.350742,0.673301,203.538462,11.616219,7.03154,0.165701,
LUV,2023-12-31,0.161857,0.008585,0.017822,0.091641,-0.013645,0.044223,0.012744,0.008884,0.035863,43.113443,0.768378,1.906586,-56.313908,9.680365,0.887116,-65.016159,0.023195,0.874941,0.252145,,3.682203,1.138626,1.072781,0.715077,250.875,10.50146,6.804301,0.134912,
LUV,2024-12-31,0.162246,0.01168,0.01692,0.089837,-0.057927,0.044928,0.013778,0.014641,0.037813,43.113443,0.72946,1.936981,-12.592809,9.374545,0.842184,-14.538789,0.023195,0.778551,0.238756,,3.794393,0.918377,0.85321,0.814311,584.744681,7.932448,0.993548,0.074737,
LUV,2025-12-31,0.174429,0.015251,0.015715,0.079678,-0.029612,0.055256,0.015175,0.026025,0.037266,45.459753,0.714384,2.511935,-24.124851,10.35141,0.824778,-27.852891,0.021997,0.749405,0.205808,0.746869,5.982301,0.516894,0.44593,0.965658,286.357143,7.355865,4.176871,0.09525,
LVS,2022-12-31,0.40146,-0.187348,0.445742,0.098783,-0.383212,0.472043,0.083125,-0.038773,-0.037768,14.134876,6.300509,6.672273,-16.441328,93.886121,9.274395,-24.201756,0.070747,4.11698,0.724988,23.810345,-0.975783,1.728344,1.721169,0.186488,15.393258,14.660866,-0.433952,0.189781,0.009489
LVS,2023-12-31,0.498168,0.227054,0.117721,0.372059,0.189934,0.296503,0.056066,0.104623,0.149401,21.208102,2.496634,6.288269,13.144717,9.877628,3.675064,19.349119,0.047152,3.406751,0.644182,2.312516,3.169927,1.306422,1.297829,0.47626,21.429752,7.986285,2.642916,0.121192,0.004242
LVS,2024-12-31,0.488671,0.218269,0.127987,0.358913,0.143742,0.501387,0.06997,0.132502,0.18076,17.908086,2.292007,8.978881,15.945254,9.400189,3.373851,23.47153,0.055841,4.768377,0.665441,2.491245,3.696011,0.739528,0.73246,0.546695,27.093525,5.700519,2.215768,0.139848,0.004868
LVS,2025-12-31,0.497887,0.237305,0.12499,0.345625,0.136744,1.02327,0.074224,0.149916,0.167194,15.915853,1.989329,16.286222,14.547805,8.472497,2.928306,21.414475,0.06283,9.927044,0.720073,2.65459,3.966488,1.144481,1.133586,0.593841,17.543127,12.764254,1.858021,0.095491,0.004148
LW,2022-05-31,0.202981,0.108419,0.049013,0.155286,0.03135,0.557282,0.048529,0.107434,0.12916,31.937971,1.565381,17.798442,49.932595,16.316007,2.53364,80.8182,0.031311,7.629404,0.66438,3.461115,2.760248,2.373909,1.552282,0.99012,9.163649,59.025946,2.083624,0.070775,0.005197
LW,2023-05-31,0.267652,0.16486,0.188558,0.2065,0.020129,0.714873,0.154744,0.128402,0.170963,6.359737,1.199181,4.546403,59.57603,9.399166,1.94093,96.426543,0.157239,2.473393,0.5354,2.857634,8.077839,1.563888,0.878694,0.820669,7.388291,76.918383,0.754981,0.122229,0.007195
LW,2024-05-31,0.273162,0.164713,0.112175,0.21215,-0.020301,0.405806,0.09848,0.142874,0.185499,8.844023,0.992074,3.588958,-48.867772,7.568791,1.605718,-79.094735,0.113071,2.154995,0.522967,2.734495,7.844624,1.286867,0.585801,0.877915,8.697687,65.631287,1.100207,0.143716,0.007236
LW,2025-05-31,0.216794,0.118596,0.055369,0.161192,0.035667,0.205559,0.048319,0.091906,0.112413,17.962874,0.994581,3.692432,27.885,9.986671,1.609775,45.133154,0.05567,2.391264,0.562089,3.904895,3.695,1.377168,0.675678,0.87267,8.253966,74.48914,2.430851,0.098926,0.006123
LW,2026-05-31,0.205632,0.105122,0.043858,0.149388,0.081696,0.158913,0.039295,0.083316,0.099101,22.125305,0.970364,3.515995,11.877709,10.513402,1.570579,19.224618,0.045197,2.160612,0.534261,3.894513,3.274792,1.423101,0.738891,0.895963,8.487101,67.702974,3.251379,0.060902,0.006987
LYB,2022-12-31,0.130899,0.102476,0.076946,0.125468,0.083824,0.307729,0.106751,0.176105,0.171018,5.153462,0.396538,1.585869,4.730608,5.025236,0.630508,7.521811,0.194044,1.044392,0.362299,1.448657,17.641115,1.752219,1.041568,1.38735,14.873526,34.70434,1.576249,0.037462,0.001387
LYB,2023-12-31,0.147018,0.096952,0.063415,0.12929,0.102322,0.163496,0.057135,0.10857,0.092998,9.463453,0.600124,1.547234,5.865066,7.38045,0.954216,9.325635,0.10567,1.005491,0.351378,1.81949,5.819706,1.839441,1.173007,0.900973,9.933254,48.939739,2.337748,0.045926,0.00273
LYB,2024-12-31,0.139067,0.085854,0.040726,0.110918,0.059292,0.109132,0.038046,0.102938,0.075135,14.710103,0.599082,1.605339,10.103909,8.587943,0.952559,16.065526,0.06798,1.036992,0.361523,2.098812,4.536383,1.829381,1.134676,0.934202,10.699776,45.869038,2.808088,0.05507,0.002725
LYB,2025-12-31,0.085464,0.027559,-0.024707,0.038537,0.012735,-0.073894,-0.02191,0.036099,-0.00818,-26.853343,0.663474,1.984303,52.098283,27.374992,1.054944,82.837867,-0.037239,1.451597,0.430403,8.171256,-0.468172,1.773209,1.196769,0.886775,12.765876,39.696976,-3.036242,0.062282,0.003018
LYV,2022-12-31,0.259791,0.041361,0.015972,0.073075,0.088828,-0.724871,0.016186,0.095173,0.09427,146.119911,2.333889,-105.918043,26.27427,35.176693,2.570538,28.938399,0.006844,-20.943703,0.467671,0.24368,2.761415,0.982682,0.978019,1.01339,11.383545,-25.057933,6.88728,0.021179,0.006597
LYV,2023-12-31,0.239176,0.047126,0.024504,0.078337,0.039061,-10.647032,0.029265,0.126179,0.139689,69.90964,1.713088,-744.330163,43.856532,24.085508,1.88679,48.303447,0.014304,-161.321556,0.44341,0.20308,3.607536,0.954821,0.9503,1.194259,11.224818,-11.585267,2.447461,0.020912,0.005102
LYV,2024-12-31,0.249389,0.035132,0.038707,0.069759,0.045346,5.172986,0.045639,0.123046,0.103633,43.437191,1.681328,224.69996,37.077604,26.545645,1.851809,40.837157,0.023022,47.740955,0.421194,0.212122,3.268359,0.992719,0.98736,1.179077,13.252111,-15.560163,1.924802,0.029157,0.004765
LYV,2025-12-31,0.255464,0.048914,0.01968,0.078783,0.012102,1.830108,0.021646,0.097542,0.113312,78.496748,1.544842,143.657504,127.655311,21.59721,1.701484,140.59916,0.012739,38.391577,0.454091,0.55678,4.260821,0.995062,0.989932,1.099896,12.54391,-12.493763,2.813296,0.043265,0.006159
MA,2022-12-31,0.763322,0.57211,0.446553,0.582498,0.454108,1.576691,0.25643,0.529892,0.497006,49.864636,22.267205,78.621124,49.035041,39.232985,22.853121,50.325298,0.020054,2.22658,0.362127,0.541573,25.908705,1.17183,,0.574243,6.492555,,1.127392,0.049332,0.013266
MA,2023-12-31,0.760061,0.582915,0.446051,0.598175,0.433979,1.615673,0.263734,0.531111,0.542851,44.230088,19.728896,71.461371,45.460507,33.849654,20.248022,46.656707,0.022609,2.263097,0.369417,0.472457,24.72,1.165826,,0.591265,6.181773,,1.070121,0.04335,0.018328
MA,2024-12-31,0.763092,0.57965,0.45706,0.596336,0.482337,1.985197,0.267756,0.55763,0.550916,38.461693,17.579289,76.354023,36.446036,30.254501,18.041852,37.405039,0.026,2.810486,0.379069,0.582485,24.613003,1.026223,,0.585824,7.465412,,1.14805,0.04239,0.018674
MA,2025-12-31,0.778872,0.595102,0.456467,0.623433,0.501144,1.9346,0.276382,0.588029,0.614748,33.080962,15.100358,63.998428,30.131798,24.858624,15.497693,30.924655,0.030229,2.455732,0.350832,0.412562,26.731302,1.034971,,0.60548,7.114558,,1.179049,0.037053,0.018206
MAA,2022-12-31,0.340474,0.311346,0.315583,0.666252,0.377403,0.105785,0.056706,0.060234,0.075047,22.195741,7.004605,2.34798,18.560027,14.572304,9.708828,25.725377,0.045054,0.73743,0.395295,3.251924,5.180947,0.109443,,0.179685,,,1.660526,0.146632,0.009307
MAA,2023-12-31,0.347913,0.320648,0.257302,0.598536,0.370479,0.090428,0.048135,0.064127,0.069084,25.593724,6.585327,2.314381,17.775153,15.250006,9.127682,24.637492,0.039072,0.74716,0.397716,3.49855,4.825167,0.05191,,0.187075,,,2.057118,0.158822,0.007307
MAA,2024-12-31,0.325542,0.299747,0.240776,0.593246,0.354137,0.088449,0.04466,0.059426,0.065118,26.819357,6.457447,2.372151,18.234308,15.087218,8.950432,25.273909,0.037287,0.839494,0.423882,3.798967,4.232776,0.075315,,0.185485,,,2.0819,0.147134,0.007206
MAA,2025-12-31,0.305209,0.2804,0.202301,0.573671,0.324987,0.078636,0.037319,0.055303,0.060554,31.658267,6.404508,2.489483,19.706972,15.474115,8.877054,27.315115,0.031587,0.955377,0.453401,4.217678,3.478103,0.090201,,0.184472,,,2.412516,0.163068,0.007622
MAR,2022-12-31,0.219419,0.167236,0.113513,0.188562,0.097771,4.151408,0.095023,0.247423,0.201247,37.480457,4.254509,155.596685,43.514976,26.982616,5.087898,52.038851,0.026681,19.538732,0.447229,2.439877,8.727047,0.451424,,0.837115,8.079736,,1.00212,0.015982,0.009243
MAR,2023-12-31,0.210011,0.165479,0.130013,0.184667,0.114621,-4.520528,0.120083,0.320018,0.220132,28.666532,3.727024,-129.587855,32.516158,24.135854,4.457087,38.885543,0.034884,-18.709677,0.497001,2.634163,6.978761,0.426565,,0.923619,8.743732,,1.028219,0.019061,0.008645
MAR,2024-12-31,0.198088,0.153147,0.094622,0.172829,0.079641,-0.793783,0.090711,0.252932,0.219358,37.212176,3.521072,-29.538408,44.211564,24.363971,4.210793,52.871889,0.026873,-5.093917,0.582117,3.23905,5.533813,0.402937,,0.958674,8.980322,,1.157474,0.02988,0.009442
MAR,2025-12-31,0.19942,0.158062,0.099328,0.18338,0.099595,-0.689737,0.094444,0.255122,0.21957,33.978822,3.375045,-23.436467,33.887621,22.009768,4.036161,40.525654,0.02943,-4.530098,0.620298,3.299875,5.195303,0.426768,,0.950835,9.001719,,1.23491,0.023066,0.009012
MAS,2022-12-31,0.312558,0.152419,0.097465,0.16659,0.070968,-1.7625,0.1631,0.375746,0.394482,15.863565,1.546149,-27.959533,21.786649,11.488642,1.913891,26.968468,0.063038,-7.177083,0.66416,1.866528,12.046296,1.559555,0.905241,1.673414,7.554395,70.276191,0.992908,0.025806,0.005645
MAS,2023-12-31,0.355968,0.171081,0.11397,0.187398,0.146856,-7.206349,0.169308,0.3744,0.366412,14.78037,1.684521,-106.512506,11.470578,11.126977,2.085173,14.198783,0.067657,-25.801587,0.606191,1.550569,12.679245,1.684956,1.082006,1.485549,7.309174,62.884035,1.556167,0.030501,0.003891
MAS,2024-12-31,0.36165,0.174119,0.105008,0.180123,0.115866,-2.935714,0.163876,0.384582,0.364583,16.326734,1.714432,-47.930628,14.796666,11.781969,2.122199,18.315961,0.061249,-11.478571,0.64075,1.641135,12.727273,1.75,1.148718,1.560606,7.563285,59.142983,1.307786,0.021461,0.004982
MAS,2025-12-31,0.354271,0.165697,0.107115,0.18302,0.11452,-4.354839,0.155739,0.343065,0.340684,16.568612,1.774739,-72.153633,15.497201,12.003307,2.19685,19.183113,0.060355,-17.284946,0.61815,1.66185,12.237624,1.805467,1.140496,1.453951,7.356031,67.259943,1.261728,0.020629,0.003967
MCD,2022-12-31,0.569709,0.446251,0.266457,0.470322,0.236735,-1.028917,0.122473,0.273118,0.193681,28.438553,7.577644,-29.260909,32.008917,21.044385,9.897633,41.808842,0.035164,-8.111903,0.965568,3.056012,7.483016,1.426633,1.412956,0.459636,10.960757,-0.663589,1.195888,0.081917,0.007204
MCD,2023-12-31,0.571249,0.460757,0.332183,0.543675,0.284566,-1.799618,0.150836,0.272958,0.241093,20.742111,6.890172,-37.327866,24.212948,16.553418,8.999683,31.626041,0.048211,-11.281555,0.945571,2.508188,8.73108,1.16431,1.156583,0.454076,10.247186,0.558697,1.134963,0.092449,0.006864
MCD,2024-12-31,0.567515,0.457215,0.317245,0.538117,0.257407,-2.166228,0.149016,0.27207,0.230919,21.362634,6.777197,-46.276327,26.328678,16.450167,8.852119,34.389527,0.046811,-13.684932,0.941394,2.677015,7.86919,1.191142,1.176638,0.469718,10.877046,1.875818,1.148851,0.10706,0.006636
MCD,2025-12-31,0.574075,0.461001,0.318505,0.545955,0.267287,-4.783799,0.14388,0.255071,0.226257,20.514415,6.533939,-98.136837,24.445441,15.632029,8.534384,31.929714,0.048746,-30.622346,0.921012,2.670595,7.888116,0.954598,0.94061,0.451735,10.902271,-1.200677,1.232162,0.125163,0.006137
MCHP,2022-03-31,0.652348,0.275492,0.188465,0.420986,0.362503,0.218074,0.079354,0.119966,0.116753,30.950016,5.832991,6.74938,16.090854,15.640832,6.584563,18.164138,0.03231,1.309832,0.476632,2.566603,7.038697,1.753109,1.142387,0.421056,6.377653,135.686151,2.211357,0.05426,0.030817
MCHP,2023-03-31,0.675211,0.368777,0.265171,0.486153,0.371479,0.343543,0.136693,0.184759,0.234242,17.779973,4.714736,6.108181,12.691797,10.947629,5.322224,14.327118,0.056243,0.993521,0.395313,1.512712,15.967593,0.984192,0.559354,0.515488,6.489311,179.830696,1.618179,0.057616,0.020193
MCHP,2024-03-31,0.654367,0.335154,0.249777,0.450121,0.341559,0.286416,0.120133,0.162929,0.191474,20.864359,5.211444,5.975885,15.257803,13.06968,5.882931,17.223749,0.047929,0.906065,0.380037,1.652922,13.386911,1.19592,0.673573,0.480962,6.68687,207.157815,1.516965,0.037344,0.02325
MCHP,2025-03-31,0.560682,0.08531,-0.000114,0.236369,0.175413,-7.1e-05,-3.3e-05,0.0,0.020416,-79572.492288,9.039042,5.620876,51.529913,43.168635,10.20371,58.169471,-1.3e-05,0.800489,0.368536,4.670031,1.154733,2.589646,1.469829,0.28629,6.434147,270.571726,-1796.2,0.028626,0.040985
MCHP,2026-03-31,0.577348,0.11241,0.0488,0.249984,0.184804,0.035756,0.016005,0.03735,0.036943,172.983679,8.44163,6.185288,45.678813,38.119715,9.529322,51.564464,0.005781,0.860519,0.385189,4.461127,2.269731,2.092405,1.181202,0.32798,5.297404,220.948365,4.183043,0.019329,0.054189
MCK,2022-03-31,0.049741,0.009823,0.00422,0.010857,0.014771,-0.490317,0.017599,0.481739,0.14199,91.54018,0.386322,-44.883698,26.154337,38.920712,0.42258,28.609069,0.010924,-3.319542,0.119151,0.818911,11.831461,0.953885,0.568006,4.170211,16.05828,-5.47661,3.980251,0.002027,
MCK,2023-03-31,0.04466,0.016559,0.012865,0.019826,0.016627,-1.917071,0.057125,0.986455,0.339623,28.644877,0.368528,-54.914249,22.163825,20.332986,0.403116,24.244025,0.03491,-3.928379,0.117057,0.16697,19.669355,0.923577,0.51298,4.440164,16.12535,-8.844085,1.449157,0.002017,
MCK,2024-03-31,0.041521,0.013501,0.009717,0.015135,0.01174,-1.523085,0.044512,0.950953,0.267864,33.969274,0.330071,-51.738083,28.115732,23.855167,0.36105,30.754552,0.029438,-3.749366,0.109574,0.223695,16.035714,0.91621,0.512463,4.58092,15.893359,-9.030157,1.437042,0.002224,
MCK,2025-03-31,0.037106,0.013413,0.009177,0.01465,0.014555,-1.588717,0.043851,1.074288,0.341608,30.948638,0.284015,-49.168641,19.513157,21.206609,0.310671,21.344577,0.032312,-3.563163,0.09835,,17.449057,0.89926,0.525891,4.778427,16.114672,-11.480957,1.846737,0.002392,
MCK,2026-03-31,0.036066,0.015998,0.011804,0.01779,0.01341,-2.192449,0.057845,1.218888,0.421273,21.414481,0.252772,-46.950166,18.849494,15.542255,0.276496,20.618625,0.046697,-3.96593,0.104637,0.355441,26.105263,0.853664,0.492457,4.900575,16.638347,-11.632438,1.292524,0.001847,
MCO,2022-12-31,0.705011,0.365216,0.25128,0.427396,0.217813,0.545455,0.095756,0.15735,0.16753,59.061774,14.841053,32.215513,68.136757,37.405166,15.986809,73.397039,0.016931,3.121477,0.547982,2.404792,8.154472,1.723789,,0.381072,3.309927,,1.07278,0.051756,0.030907
MCO,2023-12-31,0.714841,0.37593,0.271636,0.444557,0.317782,0.484328,0.109903,0.179103,0.18619,50.498368,13.717187,24.457769,43.16536,33.237975,14.776179,46.497805,0.019803,2.23478,0.507113,1.852091,7.009317,1.7364,,0.404596,3.566004,,1.338519,0.045808,0.032623
MCO,2024-12-31,0.725593,0.420006,0.29035,0.489419,0.355672,0.577279,0.132731,0.206593,0.255123,39.431913,11.449052,22.76322,32.189955,25.199156,12.332939,34.675079,0.02536,2.172791,0.499581,1.447103,8.961652,1.47067,,0.457143,3.935591,,1.379009,0.044723,0.031038
MCO,2025-12-31,0.744364,0.448562,0.318606,0.504146,0.333636,0.606561,0.155338,0.246483,0.265468,33.001577,10.514496,20.017483,31.514904,22.466172,11.326234,33.947912,0.030302,1.813271,0.464371,1.184785,12.13879,1.739685,,0.487555,3.813241,,1.179748,0.042239,0.03006
MDLZ,2022-12-31,0.359157,0.120523,0.086265,0.151226,0.095314,0.101068,0.038181,0.055781,0.067169,28.584228,2.465816,2.888939,25.870535,20.587727,3.11339,32.664672,0.034984,0.872187,0.329492,4.411085,8.542056,0.603132,0.401052,0.442602,10.199482,-39.821528,1.438351,0.028766,0.00381
MDLZ,2023-12-31,0.382163,0.155792,0.137689,0.212267,0.100011,0.175032,0.069463,0.08681,0.122761,15.66109,2.156357,2.741188,21.561173,12.826599,2.722661,27.223583,0.063853,0.703974,0.279377,2.301897,11.690909,0.615526,0.425393,0.504489,9.910842,-40.364258,0.950595,0.030875,0.004054
MDLZ,2024-12-31,0.391235,0.182898,0.126533,0.221481,0.096677,0.171209,0.067317,0.11417,0.13829,16.843059,2.131208,2.883683,22.044663,12.149591,2.690907,27.834047,0.059372,0.682162,0.268216,2.031718,13.324803,0.677375,0.48161,0.532009,9.406557,-53.434476,1.064845,0.038062,0.004034
MDLZ,2025-12-31,0.283753,0.093936,0.063601,0.128993,0.083945,0.09486,0.034286,0.056986,0.072809,31.686392,2.015293,3.00578,24.007217,19.726282,2.544551,30.312008,0.031559,0.843873,0.305007,3.838262,6.03172,0.592344,0.390231,0.539077,9.873687,-38.672506,1.841697,0.033189,0.002958
MDT,2022-04-30,0.679827,0.186455,0.159029,0.276999,0.188664,0.095888,0.055385,0.07075,0.077239,23.386976,3.719213,2.242526,19.713445,15.700009,4.348891,23.051016,0.042759,0.458869,0.265044,2.317193,10.976492,1.860497,1.488059,0.348271,5.708161,148.132796,1.457829,0.043174,0.01133
MDT,2023-04-30,0.656739,0.186697,0.120345,0.278509,0.146668,0.072995,0.04132,0.05427,0.073263,31.358961,3.773881,2.289046,25.73078,15.844426,4.412815,30.087113,0.031889,0.473244,0.267889,2.616649,9.433962,2.394763,1.809966,0.34335,5.206235,159.69822,1.606972,0.046722,0.011368
MDT,2024-04-30,0.653442,0.17056,0.113583,0.253461,0.160672,0.073207,0.040853,0.056228,0.070159,32.058481,3.641298,2.346895,22.66288,16.798607,4.257786,26.499803,0.031193,0.498347,0.278103,2.886627,7.727399,2.033089,1.549541,0.359676,5.281332,160.458987,1.8463,0.049036,0.012143
MDT,2025-04-30,0.653159,0.195008,0.139011,0.274861,0.154605,0.097076,0.050851,0.071289,0.080672,25.278201,3.513939,2.453918,22.728443,14.948902,4.108864,26.576466,0.03956,0.593786,0.311038,2.846604,8.720165,1.849057,1.423868,0.365805,5.147659,165.89011,1.51094,0.055431,0.012792
MDT,2026-04-30,0.650176,0.187768,0.132026,0.269745,0.149214,0.097062,0.051608,0.069574,0.084196,24.546339,3.240759,2.382528,21.718941,14.048219,3.789434,25.396052,0.040739,0.565291,0.300565,2.645734,9.581818,2.126179,1.615715,0.390893,5.474033,161.565247,1.526765,0.052359,0.012567
MET,2022-12-31,,,0.078387,,0.193505,0.176835,0.007969,,,11.670454,0.914814,2.063742,4.72759,,1.26364,6.530257,0.085686,0.60172,0.027116,,7.784648,,,0.101662,3.882112,,2.468584,,
MET,2023-12-31,,,0.023228,,0.201975,0.052574,0.002295,,,39.079012,0.907744,2.054529,4.494328,,1.253874,6.208052,0.025589,0.627286,0.027383,,3.0689,,,0.098801,2.344897,,8.695184,,
MET,2024-12-31,,,0.06311,,0.208153,0.161268,0.006533,,,13.932824,0.879307,2.246919,4.224324,,1.214594,5.835092,0.071773,0.681909,0.027625,,6.421408,,,0.103521,2.356473,,3.298238,,
MET,2025-12-31,,,0.044664,,0.225923,0.118987,0.004535,,,18.24998,0.815115,2.171515,3.607927,,1.125924,4.983658,0.054795,0.710719,0.027085,,5.393025,,,0.101526,1.542102,,5.058301,,
META,2022-12-31,0.783473,0.248214,0.198955,0.323217,0.165416,0.184547,0.124915,0.171788,0.182759,73.103544,14.544351,13.491065,87.925875,45.583983,14.733514,89.069434,0.013679,0.211521,0.143173,,156.778378,2.203397,,0.627852,8.659513,,2.175647,0.267441,0.102839
META,2023-12-31,0.807571,0.346555,0.289825,0.43774,0.326667,0.255262,0.17027,0.224653,0.2422,43.378234,12.572106,11.072823,38.486026,29.094024,12.735618,38.986573,0.023053,0.243093,0.162153,,107.340807,2.670995,,0.587493,8.343249,,1.81884,0.200479,0.103979
META,2024-12-31,0.816652,0.42176,0.379086,0.528118,0.328703,0.341442,0.225898,0.289544,0.294393,27.196957,10.309981,9.286192,31.365628,19.776006,10.444072,31.773567,0.036769,0.26862,0.177719,,99.829371,2.977884,,0.595902,9.679946,,1.464529,0.226479,0.101458
META,2025-12-31,0.819994,0.414379,0.300837,0.526024,0.229437,0.278297,0.165176,0.21229,0.268664,28.052569,8.439249,7.806936,36.782455,16.25212,8.54901,37.260845,0.035647,0.38619,0.229214,0.21635,74.761373,2.598767,,0.549056,10.165714,,1.915379,0.34678,0.101644
MGM,2022-12-31,0.493202,-0.130511,0.112214,0.379418,0.075521,0.304892,0.032239,-0.02892,0.036398,6.566955,0.736907,2.00221,9.7577,7.583745,2.877409,38.100999,0.152278,7.036073,0.744,0.563643,2.519107,1.805777,1.777861,0.287302,15.405152,10.320501,1.192363,0.05828,0.005431
MGM,2023-12-31,0.470835,0.097963,0.070661,0.169954,0.108818,0.299693,0.026958,0.139222,0.049259,8.469536,0.598465,2.538259,5.499678,13.749767,2.336832,21.474652,0.11807,8.279722,0.744784,1.243447,4.199621,1.570853,1.525531,0.381515,17.397094,7.323679,2.355826,0.057647,0.004554
MGM,2024-12-31,0.455148,0.096888,0.043302,0.138707,0.070294,0.24692,0.017678,0.169617,0.040131,12.957781,0.561104,3.199536,7.982249,15.795461,2.190948,31.168374,0.077174,10.454985,0.748502,1.650322,3.520283,1.301913,1.259976,0.408238,16.091424,12.109923,3.164516,0.066737,0.004653
MGM,2025-12-31,0.444194,0.076284,0.011738,0.097939,0.083275,0.08472,0.004976,0.154485,0.018484,46.991359,0.551597,3.981097,6.6238,21.991622,2.153827,25.864024,0.021281,12.912293,0.75835,2.426124,1.67005,1.233568,1.19811,0.423884,15.617649,12.250977,12.286765,0.06095,0.005159
MKC,2022-11-30,0.358161,0.144461,0.107393,0.183056,0.061334,0.145711,0.051962,0.073967,0.099242,19.205935,2.062585,2.798515,33.628878,15.723395,2.878269,46.927977,0.052067,1.137849,0.405771,4.142452,6.451375,0.695344,0.304918,0.483851,11.069374,48.116525,0.955279,0.041257,0.009495
MKC,2023-11-30,0.375627,0.153733,0.102158,0.181051,0.146108,0.134487,0.052914,0.084504,0.10313,19.245442,1.966084,2.588268,13.456388,15.153745,2.743605,18.77794,0.05196,0.907246,0.356958,3.519151,4.836215,0.645907,0.282391,0.517963,11.339915,32.818967,1.817955,0.039612,0.009516
MKC,2024-11-30,0.385353,0.159109,0.117272,0.1958,0.096227,0.149027,0.060328,0.088309,0.108731,16.611855,1.948101,2.475609,20.244896,13.884122,2.71851,28.251077,0.060198,0.852107,0.344942,3.156703,5.289876,0.741987,0.311884,0.514426,11.446544,32.04633,1.169182,0.040885,0.00705
MKC,2025-11-30,0.37896,0.159628,0.115404,0.195971,0.108241,0.13761,0.059801,0.088128,0.109408,16.592916,1.914894,2.283352,17.691043,13.635544,2.67217,24.68726,0.060267,0.725878,0.315445,2.909661,5.653415,0.698223,0.282836,0.518189,10.87661,34.640852,1.2189,0.032425,0.006754
MLM,2022-12-31,0.230969,0.197371,0.140724,0.286642,0.082616,0.120912,0.057825,0.078136,0.093003,40.190254,5.65573,4.859487,68.457663,20.218406,5.79544,70.148732,0.024882,0.75699,0.362021,2.651189,7.455621,1.990108,1.385722,0.410909,7.888604,83.917122,1.143022,0.078234,0.006979
MLM,2023-12-31,0.29824,0.226457,0.199795,0.325414,0.15006,0.145507,0.077289,0.0866,0.099678,29.807485,5.955384,4.337186,39.686732,18.752996,6.102496,40.667089,0.033549,0.58825,0.312463,1.614496,8.430303,3.349573,2.504274,0.386843,7.832664,104.025445,1.3071,0.111092,0.008546
MLM,2024-12-31,0.288944,0.220947,0.352349,0.548923,0.106676,0.211044,0.109796,0.06459,0.147658,17.466141,6.154177,3.686126,57.690315,11.488322,6.3062,59.115405,0.057254,0.613033,0.318932,1.526062,15.0,2.444112,1.428144,0.311613,8.351032,102.002004,0.731328,0.151007,0.010244
MLM,2025-12-31,0.307154,0.236585,0.184878,0.340325,0.159024,0.113337,0.060766,0.076517,0.081724,30.646394,5.665846,3.47338,35.628784,17.059582,5.805806,36.5089,0.03263,0.56868,0.304901,2.511228,6.330435,3.567598,2.363128,0.328684,8.601399,101.455142,1.569921,0.13122,0.00748
MMM,2022-12-31,0.394022,0.073239,0.220825,0.248347,0.14686,0.392406,0.124357,0.059695,0.12634,14.809277,3.270257,5.811248,22.267879,14.385592,3.572615,24.326703,0.067525,1.144885,0.362824,1.890719,10.099567,1.542371,0.978263,0.563147,5.772507,113.630372,0.967803,0.066855,0.010053
MMM,2023-12-31,0.391182,-0.435798,-0.284234,-0.339009,0.205811,-1.45517,-0.138296,-0.383691,-0.292776,-12.230621,3.476359,17.797627,16.891055,-11.202588,3.797773,18.452753,-0.081762,3.48471,0.331178,-1.234568,-10.977683,1.070733,0.812904,0.486556,6.834213,81.861342,-0.954968,0.065624,0.011134
MMM,2024-12-31,0.412126,0.196216,0.169807,0.30002,0.025961,1.086153,0.10467,0.237919,0.210052,20.501604,3.48131,22.267879,134.095914,12.676413,3.803182,146.494031,0.048777,3.395107,0.32718,1.00963,5.04618,1.411158,1.082623,0.616409,7.694114,73.663682,0.435897,0.048057,0.01176
MMM,2025-12-31,0.39911,0.192039,0.130271,0.259219,0.055956,0.691195,0.086132,0.210957,0.183346,26.324059,3.429261,18.195064,61.284522,14.452326,3.74632,66.95071,0.037988,2.680136,0.333978,1.139168,5.453488,1.707869,1.326316,0.661172,7.061421,75.03899,0.709538,0.036476,0.009019
MNST,2022-12-31,0.503017,0.251103,0.188815,0.260806,0.107042,0.169625,0.143689,0.171002,0.217349,73.504058,13.878705,12.468141,129.6569,51.193697,13.351642,124.733,0.013605,,,,,4.755491,3.821707,0.761,6.210423,115.953601,0.744949,0.033616,0.010158
MNST,2023-12-31,0.531399,0.273578,0.228429,0.283228,0.207706,0.198206,0.168377,0.187174,0.229137,53.703154,12.267349,10.644298,59.061016,41.667823,11.801479,56.818093,0.018621,,,,,4.811095,3.974893,0.737109,5.980102,105.438853,1.053198,0.032874,0.009641
MNST,2024-12-31,0.540376,0.257623,0.201402,0.268358,0.21649,0.253293,0.195496,0.231246,0.291516,58.042686,11.689924,14.701804,53.997444,41.906652,11.245983,51.946817,0.017229,0.062767,0.048445,,,3.317942,2.64633,0.970673,6.13329,88.162866,1.27798,0.040898,0.012143
MNST,2025-12-31,0.558476,0.291687,0.229727,0.305485,0.233972,0.230847,0.190754,0.224972,0.283258,45.968158,10.560113,10.611589,45.133996,33.255602,10.159078,43.419971,0.021754,,,,,3.702969,3.150659,0.830352,5.126065,94.492103,1.101156,0.018992,0.015153
MO,2022-12-31,0.688612,0.576131,0.278616,0.422612,0.389163,-1.450793,0.155978,0.409466,0.30055,20.138895,5.611011,-29.217365,14.418158,15.823012,6.686997,17.183033,0.049655,-6.715328,0.721979,2.590644,7.550532,0.837976,0.701021,0.559831,12.020918,65.945855,1.432339,0.009909,
MO,2023-12-31,0.696713,0.563213,0.396547,0.602331,0.44342,-2.29661,0.210786,0.378553,0.443176,14.278055,5.661915,-32.791127,12.768737,11.202575,6.747664,15.217314,0.070038,-7.410452,0.68014,1.825816,10.510879,0.493418,0.386077,0.531553,288.760563,38.421469,1.142312,0.00956,
MO,2024-12-31,0.702749,0.568871,0.550968,0.737038,0.421199,-5.033065,0.320209,0.422755,0.560009,10.30545,5.677978,-51.868003,13.480501,9.181086,6.766807,16.065567,0.097036,-11.137623,0.708588,1.446708,13.151246,0.513951,0.390958,0.581175,115.502825,25.983858,0.777077,0.006946,
MO,2025-12-31,0.722082,0.597597,0.344953,0.537862,0.450569,-1.983724,0.198389,0.400991,0.408537,16.709456,5.76397,-33.146942,12.792659,12.771473,6.869288,15.245823,0.059846,-7.341234,0.734186,1.960395,8.97706,0.648023,0.531134,0.575121,76.574144,25.634944,1.337268,0.010725,
MOH,2022-12-31,0.122787,0.043191,0.02477,0.042191,0.02133,0.267206,0.064317,0.200181,0.214875,13.233886,0.327805,3.53618,15.368384,4.091355,0.172616,8.092725,0.075564,0.80668,0.194169,,10.663636,1.471043,,2.596557,16.043151,,0.97601,0.002846,0.003221
MOH,2023-12-31,0.127201,0.046167,0.03202,0.051186,0.046314,0.258837,0.073261,0.183304,0.233938,9.607001,0.30762,2.486652,6.642103,3.164701,0.161988,3.497616,0.104091,0.565836,0.160153,,14.431193,1.535504,,2.28794,10.976804,,1.523373,0.002465,0.003375
MOH,2024-12-31,0.116507,0.041993,0.029004,0.046568,0.013383,0.262233,0.075432,0.170718,0.220714,8.889939,0.257841,2.331236,19.266982,2.915604,0.135775,10.145658,0.112487,0.693505,0.199488,,14.466102,1.617655,,2.600768,12.321916,,0.546226,0.00246,0.002854
MOH,2025-12-31,0.089706,0.017193,0.010391,0.021485,-0.014001,0.115999,0.030326,0.07988,0.095337,22.206013,0.230732,2.575876,-16.479934,5.654957,0.1215,-8.678047,0.045033,0.970754,0.253791,,4.067708,1.688009,,2.918658,12.857628,,-1.133475,0.002223,0.001035
MOS,2022-12-31,0.300954,0.250209,0.187334,0.300399,0.140574,0.297214,0.153203,0.22475,0.269507,2.172068,0.406902,0.64557,2.894583,2.391246,0.718329,5.109982,0.460391,0.315896,0.162832,0.502454,28.502962,1.184828,0.544563,0.817806,12.815063,89.926076,1.098526,0.065218,0.001459
MOS,2023-12-31,0.161404,0.093574,0.085053,0.180745,0.073364,0.094783,0.050576,0.069184,0.079069,6.680475,0.568197,0.633194,7.74491,5.549661,1.003073,13.672557,0.14969,0.325039,0.17344,1.37855,8.015344,1.224927,0.57356,0.594635,12.061735,73.363115,2.066443,0.102394,0.002409
MOS,2024-12-31,0.135928,0.055876,0.015724,0.141232,0.004262,0.015232,0.00763,0.016146,0.029084,44.494483,0.699652,0.67774,164.179011,8.745423,1.235137,289.835142,0.022475,0.387532,0.194111,2.515692,2.371304,1.078393,0.467456,0.485203,10.734221,86.864577,7.428245,0.112544,0.002859
MOS,2025-12-31,0.157803,0.089501,0.044862,0.207784,-0.044356,0.044742,0.022087,0.029739,0.070956,14.392612,0.645688,0.643951,-14.556837,5.485839,1.139871,-25.698065,0.06948,0.436867,0.215665,1.907639,6.02236,1.31503,0.470649,0.492335,12.425155,108.165262,1.52543,0.112791,0.002547
MPC,2022-12-31,0.127172,0.106902,0.081802,0.140217,0.078562,0.52376,0.161461,0.272129,0.310042,8.219871,0.672401,4.305237,8.558901,6.128392,0.859307,10.937999,0.121656,1.007,0.310431,0.726429,18.085977,1.76034,1.319431,1.973805,13.1671,12.438239,1.127101,0.013637,
MPC,2023-12-31,0.111242,0.084823,0.065245,0.125092,0.082404,0.396697,0.112587,0.194469,0.231693,12.325136,0.804155,4.889348,9.758701,8.215432,1.027683,12.471305,0.081135,1.167882,0.331457,1.176661,12.058498,1.594591,1.132208,1.725598,12.175187,17.678839,1.458217,0.012738,
MPC,2024-12-31,0.066878,0.037792,0.024808,0.076348,0.044158,0.194139,0.043686,0.098703,0.125192,34.6356,0.859255,6.724127,19.45852,14.382818,1.098101,24.867358,0.028872,1.620626,0.364681,2.289285,5.554281,1.173813,0.714409,1.760937,12.459758,17.07478,2.515239,0.018241,
MPC,2025-12-31,0.075374,0.043467,0.030498,0.088004,0.035923,0.233741,0.048204,0.096296,0.131104,29.48348,0.899175,6.891512,25.030342,13.057599,1.149117,31.987968,0.033917,1.984406,0.409243,2.500771,5.96813,1.259274,0.744537,1.580597,12.862169,19.914466,2.039288,0.02627,
MPWR,2022-12-31,0.584429,0.293613,0.243944,0.314299,0.104691,0.262299,0.212577,0.263222,0.293394,136.737897,33.356417,35.866161,318.61806,103.656005,32.578983,311.192069,0.007313,0.000997,0.000808,,,5.355425,3.657285,0.871417,9.819434,226.050399,0.563605,0.032797,0.089732
MPWR,2023-12-31,0.560724,0.264534,0.234683,0.286592,0.318842,0.208481,0.17556,0.198546,0.219039,140.032732,32.863252,29.19421,103.070516,111.996684,32.097313,100.668264,0.007141,0.002715,0.002286,,,7.741396,6.108865,0.748072,10.125054,182.397238,1.493336,0.031618,0.08221
MPWR,2024-12-31,0.553156,0.244374,0.721335,0.26088,0.282777,0.539475,0.452827,0.182764,0.167437,37.590558,27.115377,20.279164,95.889631,101.515692,26.483402,93.654743,0.026602,0.004396,0.00369,,,5.313063,3.888562,0.627762,12.793448,145.882191,0.495214,0.074438,0.093172
MPWR,2025-12-31,0.551788,0.261117,0.222717,0.279936,0.237689,0.175983,0.148177,0.167352,0.190501,96.296035,21.446776,16.946453,90.230466,74.827616,20.946919,88.127475,0.010385,0.005655,0.004762,,,5.912314,4.383612,0.665314,10.916178,157.867221,1.348713,0.062693,0.081525
MRK,2022-12-31,0.706307,0.308385,0.24491,0.359547,0.248081,0.315692,0.133007,0.210605,0.204967,24.957193,6.112266,7.878791,24.638165,19.196552,6.902055,27.821752,0.040069,0.667326,0.281156,0.844335,18.093555,1.473741,1.229877,0.543084,6.273333,92.710095,1.315173,0.074018,0.009126
MRK,2023-12-31,0.731747,0.049139,0.006072,0.114896,0.152092,0.009712,0.003422,0.008116,0.037478,992.749293,6.027672,9.641933,39.631794,59.240554,6.806529,44.752762,0.001007,0.932785,0.328615,4.084841,2.648342,1.251965,1.004515,0.563534,5.808774,117.973027,35.632877,0.06426,0.010729
MRK,2024-12-31,0.763231,0.315126,0.266753,0.400605,0.28201,0.369594,0.146167,0.208309,0.239125,21.169217,5.64695,7.824013,20.023955,15.917471,6.376613,22.611323,0.047238,0.801308,0.316901,0.928538,16.685287,1.364602,1.149648,0.547948,6.243238,107.232423,1.254192,0.05255,0.011859
MRK,2025-12-31,0.748012,0.34005,0.280783,0.434726,0.190122,0.346995,0.133371,0.187989,0.206599,19.850635,5.573726,6.888064,29.316626,14.477903,6.293927,33.104734,0.050376,0.937897,0.360491,1.230415,16.524687,1.536202,1.301161,0.474997,5.521104,116.33033,0.902378,0.063251,0.012613
MRNA,2022-12-31,0.71306,0.499073,0.44302,0.51751,0.242702,0.437274,0.323382,0.430196,0.449964,7.354496,3.258188,3.215933,13.424644,5.901648,3.054161,12.583998,0.135971,0.062752,0.046407,,324.827586,2.728215,2.535446,0.729948,13.628159,57.918306,0.595671,0.021192,0.011974
MRNA,2023-12-31,0.305153,-0.627628,-0.697957,-0.535683,-0.566331,-0.340263,-0.255834,-0.305977,-0.275063,-13.045883,9.105463,4.439028,-16.077985,-15.933471,8.535282,-15.071189,-0.076653,0.089721,0.067459,,-111.552632,3.424544,3.357546,0.366547,7.571749,23.472927,0.661434,0.104679,0.045158
MRNA,2024-12-31,0.542357,-1.233198,-1.11316,-1.060957,-1.267584,-0.326667,-0.251803,-0.357278,-0.300184,-17.269951,19.224225,5.641528,-15.166041,-16.985061,18.020412,-14.216349,-0.057904,0.068526,0.052821,,-149.291667,3.671351,3.618314,0.226206,8.935754,-30.956139,0.843583,0.32854,0.134104
MRNA,2025-12-31,0.548387,-1.599376,-1.468262,-1.323101,-1.079605,-0.326243,-0.228724,-0.332684,-0.266448,-21.79245,31.997031,7.109629,-29.637732,-22.669012,29.99339,-27.78183,-0.045887,0.150867,0.105771,,-275.8,3.293407,3.216407,0.155779,10.445652,-34.020366,0.663714,0.105099,0.251301
MRSH,2022-12-31,0.417423,0.206564,0.147201,0.254344,0.144546,0.289924,0.069139,0.147024,0.17316,27.382539,4.030731,7.938854,27.88539,19.819496,5.040963,34.874372,0.03652,1.280608,0.305391,1.90759,9.703625,1.063201,,0.469692,3.914604,,1.136066,0.022683,0.017712
MRSH,2023-12-31,0.423865,0.232319,0.165201,0.277841,0.168983,0.308096,0.078201,0.155752,0.198477,22.235555,3.673326,6.850689,21.73783,16.534549,4.593981,27.186035,0.044973,1.26618,0.321382,1.599652,9.695502,1.098661,,0.473371,3.915949,,1.133653,0.018297,0.015966
MRSH,2024-12-31,0.427754,0.237836,0.165999,0.283179,0.162973,0.304302,0.071883,0.13128,0.167194,20.570627,3.4147,6.259687,20.95252,15.080674,4.270535,26.2039,0.048613,1.638585,0.387068,2.533786,8.828571,1.133159,,0.433031,3.743762,,1.059606,0.01292,0.015046
MRSH,2025-12-31,0.422668,0.230644,0.154183,0.274601,0.185353,0.275497,0.070857,0.137136,0.172616,20.07614,3.095391,5.53091,16.700009,14.09755,3.871196,20.885572,0.04981,1.420464,0.365338,2.28101,6.769792,1.101614,,0.459564,3.846187,,1.272115,0.010785,0.014603
MRVL,2023-01-31,0.504679,0.060747,-0.02762,0.278397,0.181009,-0.010456,-0.00726,0.0,0.012699,-1342.560275,37.081662,14.03759,204.861041,130.786483,36.410589,201.153639,-0.000745,0.302963,0.210349,2.172998,1.498828,1.374743,0.927138,0.262835,4.965274,148.512247,-7.882569,0.036709,0.093317
MRVL,2024-01-31,0.416435,-0.079271,-0.169472,0.154456,0.18525,-0.062934,-0.043969,-0.022982,-0.028175,-235.170993,39.854859,14.800262,215.141238,253.363258,39.133599,211.247794,-0.004252,0.296756,0.20733,3.779358,-2.583845,1.688182,1.211719,0.259448,4.910574,125.784389,-1.468288,0.063584,0.110718
MRVL,2025-01-31,0.413053,-0.063531,-0.153451,0.112982,0.240945,-0.065912,-0.043802,-0.020721,-0.0388,-248.032322,38.060896,16.348299,157.965317,330.77981,37.372102,155.106595,-0.004032,0.32346,0.214957,4.781308,-3.723865,1.53952,1.031478,0.285446,5.608032,109.024101,-1.899661,0.050561,0.103584
MRVL,2026-01-31,0.510177,0.163327,0.325837,0.553999,0.169856,0.186611,0.119814,0.062463,0.170429,82.209882,26.786982,15.34124,157.704293,47.477009,26.302214,154.850294,0.012164,0.334789,0.214953,0.403498,16.037512,2.006086,1.575097,0.367713,3.747645,125.965968,0.655593,0.043761,0.072096
MS,2022-12-31,,,0.219657,,-0.188707,0.110135,0.009345,,,28.848066,6.336692,3.177173,-33.579453,,3.93241,-20.838662,0.034664,2.458693,0.208617,,,,,0.042543,0.639292,,-0.580016,0.061303,0.037343
MS,2023-12-31,,,0.179348,,-0.729232,0.091753,0.007613,,,35.013241,6.279537,3.212558,-8.611165,,3.896941,-5.343897,0.028561,2.790717,0.231539,,,,,0.042446,0.632507,,-3.690547,0.067342,0.03373
MS,2024-12-31,,,0.232381,,-0.036445,0.12812,0.01102,,,23.761413,5.52169,3.044324,-151.507295,,3.426638,-94.022057,0.042085,2.970223,0.255476,,,,,0.047422,0.668783,,0.101718,0.060082,0.028149
MS,2025-12-31,,,0.255601,,-0.315117,0.151041,0.011872,,,18.869896,4.823171,2.850126,-15.305976,,2.993153,-9.498548,0.052994,3.319281,0.260893,,,,,0.046446,0.575017,,-1.060969,0.043932,0.029197
MSCI,2022-12-31,0.820181,0.537064,0.387163,0.603891,0.454716,-0.863728,0.1742,0.287436,0.324369,46.169191,17.874983,-39.877621,39.310193,34.159271,20.628475,45.365601,0.021659,-4.60701,0.929162,2.591302,7.084018,1.39779,,0.449941,3.390344,,1.258216,0.032418,0.025836
MSCI,2023-12-31,0.82341,0.54751,0.454183,0.678139,0.452833,-1.552647,0.208145,0.308293,0.388819,34.993845,15.893603,-54.333072,35.098169,27.04738,18.34188,40.504749,0.028576,-6.255863,0.838651,2.361522,8.333771,0.934825,,0.458286,3.012215,,1.076125,0.035925,0.028333
MSCI,2024-12-31,0.819902,0.535171,0.388333,0.611997,0.485451,-1.179927,0.20368,0.350083,0.399418,36.238965,14.072776,-42.759339,28.989102,26.536991,16.24057,33.454632,0.027595,-4.927642,0.850614,2.348453,8.310879,0.847613,,0.524499,3.480074,,1.353881,0.040306,0.033333
MSCI,2025-12-31,0.824414,0.546687,0.383577,0.613412,0.465339,-0.452924,0.21084,0.388632,0.440035,33.430494,12.823154,-15.141475,27.556605,24.124817,14.798454,31.801471,0.029913,-2.376991,1.106508,2.95968,8.119268,0.898922,,0.549668,3.176671,,1.321167,0.04143,0.035522
MSFT,2022-06-30,0.684017,0.420553,0.366863,0.505568,0.328587,0.436755,0.19937,0.33491,0.317985,50.40812,18.492893,22.015983,56.280002,37.096897,18.75501,57.077713,0.019838,0.367895,0.167937,0.357645,41.579738,1.784607,1.745251,0.543444,4.479564,-7.412239,1.224051,0.120472,0.037837
MSFT,2023-06-30,0.689201,0.417729,0.341462,0.496142,0.280655,0.350887,0.175644,0.282974,0.296527,50.670746,17.302153,17.779713,61.649195,35.367661,17.547394,62.523008,0.019735,0.290777,0.145555,0.119203,46.381606,1.769167,1.745163,0.514387,4.35251,-2.564811,1.210348,0.132633,0.045353
MSFT,2024-06-30,0.697644,0.446443,0.35956,0.537202,0.30218,0.328281,0.172086,0.279538,0.286194,41.601455,14.958208,13.656983,49.500963,28.239337,15.170225,50.202588,0.024038,0.250029,0.131066,0.253,37.724702,1.274955,1.26501,0.478602,4.306127,-17.42761,1.345058,0.181448,0.04379
MSFT,2025-06-30,0.688237,0.45622,0.36146,0.551763,0.254188,0.296472,0.16451,0.273825,0.263742,36.006224,13.014815,10.674847,51.201433,23.922004,13.199287,51.927161,0.027773,0.176395,0.09788,0.083045,52.83522,1.353446,1.346804,0.455125,4.030098,-20.74628,1.337124,0.229129,0.042503
MSFT,2026-06-30,0.679441,0.467808,0.403054,0.62536,0.201866,0.302335,0.176362,0.259233,0.286633,27.413931,11.049292,8.288186,54.735782,17.919111,11.205904,55.511605,0.036478,0.128453,0.074931,0.093288,55.386758,1.230327,1.222052,0.437565,4.103059,-51.790049,1.367749,0.34941,0.037383
MSI,2022-12-31,0.464113,0.191286,0.149583,0.240891,0.171971,11.75,0.106368,0.256562,0.212624,55.691151,8.330448,654.371028,48.440995,38.647852,9.309925,54.136589,0.017956,56.474138,0.511238,2.136219,7.3125,1.152412,0.921053,0.711097,6.002635,49.444761,1.337491,0.028095,0.018876
MSI,2023-12-31,0.498096,0.23642,0.171277,0.275707,0.179495,2.360497,0.128149,0.27946,0.315132,44.416056,7.60744,104.843977,42.38249,30.836799,8.501908,47.365737,0.022514,9.046961,0.491152,1.567794,9.618474,0.998082,0.853905,0.7482,5.835088,48.413239,1.196021,0.025356,0.021247
MSI,2024-12-31,0.509568,0.24859,0.145789,0.24064,0.197282,0.926013,0.108051,0.280156,0.237631,48.133823,7.017384,44.572542,35.570309,32.590102,7.842473,39.752594,0.020775,3.846741,0.448852,1.497503,7.684746,1.281701,1.130168,0.741144,5.541496,37.519849,1.51617,0.023759,0.022465
MSI,2025-12-31,0.516607,0.253296,0.184386,0.30791,0.220168,0.893776,0.111094,0.196415,0.238299,35.240037,6.497778,31.496697,29.512846,23.584108,7.261773,32.982906,0.028377,4.052282,0.503688,2.223798,8.811111,1.036525,0.874794,0.602507,5.31,46.438779,1.317084,0.022684,0.025081
MTB,2022-12-31,,,0.248596,,0.544116,0.078679,0.009924,,,16.479548,4.09675,1.296598,7.529188,,4.525928,8.31795,0.060681,0.283,0.035695,,,,,0.039919,0.897312,,2.296185,0.026707,
MTB,2023-12-31,,,0.291658,,0.388274,0.10168,0.013161,,,11.97638,3.493005,1.217764,8.996234,,3.858934,9.938685,0.083498,0.489706,0.063386,,,,,0.045125,1.024752,,1.424663,0.02724,
MTB,2024-12-31,,,0.28036,,0.367674,0.089158,0.012436,,,12.684412,3.556197,1.130922,9.672145,,3.928747,10.685404,0.078837,0.468702,0.065376,,,,,0.044357,,,1.3949,0.023399,
MTB,2025-12-31,,,0.295993,,0.296927,0.097714,0.013353,,,11.514296,3.408146,1.125107,11.478063,,3.765185,12.680511,0.086849,0.445933,0.060939,,,,,0.045113,,,1.053315,0.014846,
MTCH,2022-12-31,0.698962,0.276358,0.113504,0.177692,0.149447,-1.005755,0.086533,0.243221,0.14423,27.841486,3.160116,-28.001707,21.145398,22.944406,4.077038,27.280831,0.035918,-10.658495,0.917031,5.759172,3.593602,1.586014,,0.762377,16.613749,,1.452393,0.015405,0.063935
MTCH,2023-12-31,0.716447,0.286707,0.193651,0.296767,0.246509,-33.330213,0.144533,0.211635,0.235573,15.466633,2.995126,-515.506158,12.150192,13.020892,3.864176,15.675626,0.064655,-196.554225,0.852338,2.984353,5.858312,2.390725,,0.74636,11.265784,,1.37642,0.020036,0.068985
MTCH,2024-12-31,0.7151,0.257945,0.158441,0.273505,0.253534,-8.659828,0.123445,0.185659,0.220648,18.279617,2.896244,-158.298345,11.423474,13.661916,3.736603,14.738046,0.054706,-60.462511,0.861885,3.029541,5.398398,2.543878,,0.77912,10.706982,,1.691927,0.014537,0.076847
MTCH,2025-12-31,0.728041,0.261263,0.175914,0.275484,0.293535,-2.419867,0.137519,0.201444,0.258681,16.42706,2.889746,-39.751303,9.844633,13.533356,3.728219,12.701098,0.060875,-15.67107,0.890573,3.065416,6.055899,1.418013,,0.781741,11.49013,,1.761166,0.016278,0.074043
MTD,2022-12-31,0.58883,0.287322,0.222594,0.316097,0.188235,35.191465,0.249829,0.450069,0.480233,31.973913,7.117187,1125.208851,37.810138,24.199471,7.649372,40.637378,0.031275,81.254144,0.576835,1.548472,20.327556,1.198093,0.813252,1.122356,5.526002,108.890211,0.984602,0.030931,0.005016
MTD,2023-12-31,0.591632,0.285004,0.208214,0.309441,0.22716,-5.260694,0.235066,0.452953,0.483379,35.36775,7.364052,-186.058925,32.417954,25.577402,7.914696,34.841995,0.028274,-13.877996,0.620118,1.71552,13.585994,1.04159,0.714885,1.128966,5.706204,105.361559,1.224519,0.027802,0.004732
MTD,2024-12-31,0.600559,0.291051,0.222898,0.318946,0.223235,-6.80227,0.266401,0.49703,0.536659,32.320716,7.20421,-219.854228,32.271812,24.276513,7.742903,34.684925,0.03094,-15.871132,0.621571,1.582516,14.898018,1.022011,0.729017,1.195174,5.635706,94.600103,1.121888,0.026831,0.005159
MTD,2025-12-31,0.593743,0.277789,0.215874,0.308721,0.210771,-36.774116,0.234117,0.435441,0.444387,32.095637,6.928599,-1180.288672,32.872643,24.121073,7.446682,35.330684,0.031157,-91.054832,0.579687,1.677576,16.309188,1.137341,0.814144,1.084509,5.173704,97.45961,1.099608,0.026605,0.005591
MU,2022-08-31,0.45185,0.315658,0.282431,0.54867,0.101242,0.174064,0.131059,0.157495,0.166145,132.063723,37.298835,22.987508,368.412834,66.816282,36.660107,362.10391,0.007572,0.1506,0.113393,,51.640212,2.88911,2.005306,0.464041,6.454984,154.420007,1.747554,0.392321,0.016711
MU,2023-08-31,-0.09112,-0.347812,-0.375354,0.159974,-0.393629,-0.132208,-0.09078,-0.096227,-0.088588,-196.680536,73.824811,26.002665,-187.549054,453.57666,72.56059,-184.337351,-0.005084,0.315798,0.216843,1.396621,-13.582474,4.458342,2.698216,0.241853,7.587891,191.511193,-0.267272,0.493951,0.038353
MU,2024-08-31,0.223528,0.051969,0.030982,0.381586,0.004819,0.017239,0.011208,0.014703,0.029949,1474.598412,45.686654,25.420167,9481.302185,117.678102,44.904288,9318.938641,0.000678,0.310363,0.201783,0.448967,3.206406,2.635381,1.675714,0.361747,4.633881,193.876144,10.934447,0.333957,0.033173
MU,2025-08-31,0.397908,0.262427,0.22845,0.494489,0.044625,0.157648,0.103131,0.131921,0.142002,134.352684,30.692856,21.180422,687.792305,61.006956,30.167253,676.014134,0.007443,0.282064,0.184521,0.10231,21.238994,2.517985,1.788545,0.451436,5.218205,154.657271,2.052348,0.424234,0.026005
NCLH,2022-12-31,0.119055,-0.320362,-0.468625,-0.137319,-0.324921,-33.093394,-0.122316,-0.11301,-0.10925,-2.856384,1.338574,94.527452,-4.119698,-33.443364,4.592394,-14.133898,-0.350093,198.590631,0.73401,-19.055509,-1.84051,0.370509,0.341089,0.261011,14.845773,17.740907,-0.092524,0.368279,0.023445
NCLH,2023-12-31,0.360393,0.108879,0.019436,0.207481,-0.087094,0.552441,0.008525,0.064828,0.066202,39.016792,0.758338,21.55446,-8.707111,12.539553,2.601713,-29.87244,0.02563,46.73736,0.72123,7.698393,1.224287,0.217455,0.191349,0.438615,30.505917,10.850787,12.069672,0.321683,0.013911
NCLH,2024-12-31,0.399904,0.154637,0.096022,0.263052,0.088492,0.63858,0.045582,0.100917,0.107135,7.122969,0.683963,4.548586,7.729117,8.920467,2.346548,26.517131,0.140391,9.190495,0.656015,5.177056,2.034373,0.174732,0.148833,0.474699,42.814531,7.152839,2.251917,0.127742,0.009682
NCLH,2025-12-31,0.426191,0.158825,0.043067,0.258897,-0.119038,0.191524,0.018776,0.091635,0.080885,15.319064,0.659748,2.933964,-5.542315,8.742737,2.263469,-19.014628,0.065278,6.609464,0.647971,5.658171,1.449626,0.208808,0.183466,0.43598,33.695487,8.795128,4.937426,0.331679,0.008994
NDAQ,2022-12-31,0.375683,0.266784,0.180694,0.297623,0.249598,0.182897,0.05391,0.10949,0.132552,46.477104,8.398128,8.500527,33.646552,32.948593,9.806255,39.288123,0.021516,0.951227,0.280381,2.642742,13.291667,0.973854,,0.298352,9.196455,,1.516444,0.024414,0.017025
NDAQ,2023-12-31,0.419855,0.297823,0.174637,0.329156,0.253628,0.097911,0.032792,0.06406,0.071898,49.373695,8.622484,4.834203,33.996582,30.588048,10.068229,39.696842,0.020254,1.005085,0.336626,5.010521,6.150735,1.007867,,0.187775,6.527449,,1.601511,0.026055,0.020119
NDAQ,2024-12-31,0.403919,0.263378,0.150946,0.332432,0.234054,0.099812,0.036749,0.072553,0.082114,46.809975,7.065776,4.672214,30.18865,24.818595,8.250506,35.250429,0.021363,0.88178,0.324659,3.613008,4.640704,0.98532,,0.243461,7.240705,,1.7359,0.027973,0.019054
NDAQ,2025-12-31,0.422295,0.294481,0.216412,0.378964,0.240741,0.146234,0.057579,0.09547,0.108219,29.243145,6.328582,4.276335,26.287955,19.499758,7.389705,30.695698,0.034196,0.774188,0.304834,2.682849,7.059322,1.005276,,0.266061,8.7614,,1.261186,0.032196,0.019971
NDSN,2022-10-31,0.550727,0.271152,0.198088,0.297889,0.178245,0.223635,0.134307,0.18305,0.224934,33.822161,6.699764,7.563826,37.58748,24.699544,7.357719,41.278784,0.029566,0.375028,0.225228,0.744413,29.968857,1.358148,0.89855,0.678017,5.159074,159.862126,1.000055,0.019854,0.011871
NDSN,2023-10-31,0.542261,0.255936,0.185455,0.299297,0.230804,0.187637,0.092825,0.122946,0.144516,35.598977,6.602009,6.679696,28.604386,24.224636,7.250364,31.413499,0.028091,0.717038,0.35472,2.060875,11.340963,2.111894,1.330613,0.500523,4.793467,181.849439,1.315469,0.013156,0.008639
NDSN,2024-10-31,0.552481,0.250565,0.173717,0.30134,0.182824,0.159363,0.077868,0.104711,0.123236,37.138554,6.451584,5.918525,35.288435,23.512224,7.085167,38.75396,0.026926,0.791337,0.386663,2.57738,7.584061,2.412654,1.510183,0.448248,4.789643,191.151237,1.190268,0.023945,0.007047
NDSN,2025-10-31,0.55156,0.259438,0.173542,0.305309,0.236816,0.159179,0.081869,0.116496,0.136024,35.820812,6.216403,5.701938,26.249975,22.360595,6.826889,28.827872,0.027917,0.687468,0.353577,2.214892,6.738008,1.639083,1.052458,0.471754,5.045303,166.75273,1.484445,0.020797,0.006786
NEE,2022-12-31,0.483823,0.169832,0.197891,0.439349,-0.070624,0.105713,0.026092,0.028934,0.033401,40.477132,8.010053,4.278943,-113.418019,31.085977,13.657596,-193.384182,0.024705,1.656071,0.408758,6.882263,7.550427,0.505338,0.43289,0.131853,4.818579,-139.465542,1.992284,0.464879,
NEE,2023-12-31,0.639397,0.349719,0.260013,0.596251,0.062353,0.153998,0.041186,0.070226,0.070971,22.962882,5.970643,3.536249,95.755087,17.073829,10.180287,163.267878,0.043549,1.542323,0.412482,4.206944,3.192539,0.549333,0.474019,0.158399,7.78997,-183.493069,1.545964,0.339617,
NEE,2024-12-31,0.600614,0.287925,0.280612,0.566921,0.191734,0.13864,0.03653,0.050794,0.050198,24.166235,6.781346,3.350406,35.368451,20.395396,11.562582,60.305223,0.04138,1.64334,0.433003,5.761134,3.701119,0.471347,0.384027,0.13018,7.419964,-126.84723,1.909012,0.343958,
NEE,2025-12-31,0.622683,0.292573,0.249343,0.585255,0.117138,0.125165,0.032131,0.053386,0.047929,24.558693,6.123547,3.073884,52.276134,17.840092,10.440996,89.133787,0.040719,1.751007,0.449504,5.784891,1.990814,0.595346,0.489284,0.128864,6.8223,-128.699017,1.826628,0.338319,
NEM,2022-12-31,0.273773,0.134704,-0.036005,0.198154,0.091397,-0.022166,-0.011148,0.064393,0.00495,-303.114617,10.913653,6.718827,119.408789,53.704431,10.641726,116.433573,-0.003299,0.316834,0.159347,1.141042,0.77533,2.226589,1.627478,0.309625,32.554645,58.455648,-7.505828,0.17885,0.006127
NEM,2023-12-31,0.254402,0.059939,-0.211141,0.027091,0.008212,-0.08592,-0.044932,0.01868,-0.036115,-52.139603,11.008819,4.479835,1340.57908,396.238003,10.734521,1307.176918,-0.019179,0.325077,0.17,18.35,-7.358025,1.252417,0.811937,0.212806,16.092643,92.390494,-1.107859,0.225703,0.006773
NEM,2024-12-31,0.382347,0.316347,0.17921,0.402955,0.158495,0.111868,0.059415,0.10692,0.101463,38.839955,6.960506,4.344967,43.916302,16.843273,6.787076,42.822074,0.025747,0.299786,0.159222,0.645191,13.205333,1.627337,1.337797,0.331541,17.691288,63.049945,1.900538,0.1821,0.004764
NEM,2025-12-31,0.532136,0.486259,0.312541,0.621642,0.321982,0.209201,0.124035,0.168187,0.225077,18.353729,5.736299,3.839613,17.815615,8.997741,5.593372,17.371717,0.054485,0.165028,0.097845,,50.528384,2.287465,1.816702,0.396859,21.245548,81.638395,1.458574,0.133883,0.004367
NFLX,2022-12-31,0.393707,0.178166,0.14208,0.643131,0.051194,0.216193,0.092436,0.136825,0.146817,66.548149,9.455133,14.387229,184.692032,15.071886,9.693204,189.342396,0.015027,0.690802,0.295363,0.452758,8.453752,1.16839,,0.650596,31.970486,,0.451089,0.012896,0.018202
NFLX,2023-12-31,0.415378,0.206208,0.160364,0.63779,0.20537,0.262673,0.110974,0.172506,0.174411,55.275477,8.864176,14.519365,43.162007,14.248208,9.087367,44.248784,0.018091,0.706384,0.298434,0.345277,9.289369,1.119345,,0.692016,26.201929,,1.345103,0.010336,0.010063
NFLX,2024-12-31,0.460566,0.267112,0.22337,0.674722,0.177478,0.352077,0.162438,0.225825,0.249199,34.313807,7.664662,12.081089,43.186469,11.645755,7.857651,44.273862,0.029143,0.629772,0.290559,0.295578,14.86559,1.218028,,0.727218,29.207556,,0.845004,0.01127,0.006989
NFLX,2025-12-31,0.484866,0.294947,0.243038,0.669601,0.209394,0.412587,0.197514,0.280016,0.302561,27.221906,6.615961,11.231401,31.595767,10.12923,6.782545,32.391317,0.036735,0.543399,0.260137,0.179449,17.384273,1.185709,,0.812688,22.241482,,0.924241,0.015232,0.008155
NI,2022-12-31,0.384696,0.198544,0.137439,0.367381,-0.135661,0.106146,0.030075,0.055446,0.060183,24.201652,3.326248,2.568914,-24.518771,18.215943,6.692194,-49.330161,0.041319,1.493717,0.423221,5.24551,3.569586,0.554511,0.393177,0.218824,5.615318,50.035353,1.752767,0.37656,0.004256
NI,2023-12-31,0.449958,0.235841,0.129745,0.40384,-0.129091,0.086377,0.022985,0.0491,0.050949,27.244223,3.534811,2.353264,-27.382227,17.610466,7.111808,-55.091246,0.036705,1.708414,0.454607,5.344533,2.623903,0.854571,0.758998,0.177152,6.386775,27.47396,2.709086,0.480583,0.006085
NI,2024-12-31,0.514693,0.268336,0.139392,0.470954,-0.157926,0.087561,0.023921,0.054451,0.055137,25.592515,3.567405,2.240914,-22.589145,15.240103,7.177384,-45.44788,0.039074,1.607552,0.439167,5.372971,2.917033,0.505713,0.41112,0.171608,5.657644,-0.836419,2.342846,0.484501,0.007993
NI,2025-12-31,0.50399,0.275797,0.139939,0.458568,-0.119509,0.098359,0.025921,0.059422,0.05797,20.936577,2.929835,2.059296,-24.515682,12.854443,5.894636,-49.323946,0.047763,1.715696,0.45215,5.28691,2.83774,0.687569,0.557558,0.185233,5.546722,-8.976833,2.541474,0.475159,0.007663
NKE,2022-05-31,0.459837,0.142903,0.129437,0.160886,0.094841,0.395655,0.149947,0.245551,0.225575,8.71304,1.127789,3.447355,11.89143,7.278116,1.170949,12.34651,0.114771,0.82632,0.313162,0.113906,,2.629357,1.844641,1.158453,10.008571,109.697311,0.858088,0.016228,0.013659
NKE,2023-05-31,0.435246,0.115489,0.098991,0.132261,0.095125,0.362039,0.135088,0.210846,0.209195,10.390343,1.028546,3.761714,10.81261,8.07426,1.067908,11.226404,0.096243,0.867181,0.323573,0.220254,,2.722774,1.809421,1.364659,12.398209,100.0043,1.152071,0.018919,0.014741
NKE,2024-05-31,0.445602,0.122873,0.110977,0.139305,0.128831,0.39501,0.149567,0.230047,0.229349,9.241936,1.025642,3.650661,7.961166,7.64431,1.064893,8.265836,0.108202,0.828274,0.313618,,,2.396111,1.686302,1.34773,11.601988,91.295771,1.303333,0.015809,0.015654
NKE,2025-05-31,0.427347,0.079941,0.069511,0.097389,0.070569,0.243624,0.088001,0.144865,0.142313,16.365032,1.137555,3.98691,16.119656,12.127503,1.181089,16.736548,0.061106,0.833497,0.301074,0.1102,,2.211054,1.502271,1.266,9.817469,92.37113,1.148804,0.009285,0.01531
NKE,2026-05-31,0.429135,0.081835,0.066986,0.099013,0.047071,0.209082,0.080916,0.132675,0.146812,16.949497,1.135373,3.54383,24.120438,11.905755,1.178823,25.043516,0.058999,0.742213,0.287243,0.082499,,1.960867,1.363035,1.207967,7.822964,100.414633,0.92278,0.014742,0.01541
NOC,2022-12-31,0.204196,0.098383,0.133763,0.209934,0.040052,0.319749,0.111896,0.111406,0.197152,15.302823,2.046954,4.893066,51.106837,11.669393,2.449801,61.164814,0.065347,0.890086,0.311484,1.200937,12.533597,1.07776,0.993355,0.836522,24.223693,-5.094323,0.592525,0.039206,0.002705
NOC,2023-12-31,0.166735,0.064571,0.052329,0.107636,0.053449,0.138966,0.044173,0.077793,0.08355,36.440964,1.906913,5.06405,35.67744,21.203031,2.282199,42.698865,0.027442,1.059682,0.336843,2.52471,5.304587,1.147714,1.054848,0.844147,27.022008,2.347577,1.884728,0.045177,0.002214
NOC,2024-12-31,0.203787,0.1065,0.101723,0.170765,0.063875,0.272989,0.084564,0.121287,0.160001,17.949838,1.825911,4.900106,28.58551,12.796863,2.185256,34.211223,0.055711,1.078483,0.334083,1.475524,9.077295,1.010334,0.907347,0.831317,32.258648,-1.465958,1.05127,0.043063,0.002461
NOC,2025-12-31,0.198146,0.102016,0.099681,0.171736,0.078824,0.25081,0.081398,0.110936,0.1529,17.9155,1.785828,4.49338,22.655767,12.445193,2.137284,27.114489,0.055818,1.020691,0.331257,1.493269,8.621053,1.10121,1.006915,0.816591,30.512,-8.988565,1.137494,0.034562,0.002836
NOW,2022-12-31,0.782885,0.048999,0.044859,0.108765,0.299931,0.064587,0.024438,0.044363,0.04867,430.945478,19.331578,27.833323,64.453419,182.546037,19.854559,66.19709,0.00232,0.443561,0.167832,0.020305,13.148148,1.108077,,0.544778,4.2,,8.378462,0.075914,0.193375
NOW,2023-12-31,0.785866,0.08494,0.192955,0.147587,0.301081,0.226927,0.099557,0.083589,0.076033,80.911196,15.612226,18.360944,51.853862,108.645224,16.034587,53.256674,0.012359,0.299423,0.131363,,31.75,1.05594,,0.51596,4.406189,,1.963027,0.077695,0.178798
NOW,2024-12-31,0.791788,0.124181,0.129734,0.211672,0.307265,0.148298,0.069911,0.100771,0.146445,98.285811,12.751027,14.575635,41.498453,61.869367,13.095983,42.621119,0.010174,0.237069,0.11176,,76.565217,1.099186,,0.53888,4.903571,,2.994386,0.081209,0.158958
NOW,2025-12-31,0.775343,0.13737,0.131646,0.227595,0.341392,0.134835,0.067133,0.097555,0.146457,80.124302,10.548071,10.803554,30.89726,47.599695,10.83343,31.73313,0.012481,0.185359,0.092288,,99.304348,1.002681,,0.509947,5.054435,,3.114416,0.06861,0.147236
NRG,2022-12-31,0.129981,0.070507,0.038709,0.088768,-0.000412,0.318966,0.041893,0.1376,0.128681,17.846371,0.690816,5.692377,-1676.186073,16.337649,1.450256,-3518.878326,0.056034,2.168757,0.284842,2.7175,4.98801,1.25027,1.19242,1.082241,6.608632,16.766342,0.29484,0.011825,0.000888
NRG,2023-12-31,0.081185,-0.036395,-0.007008,0.060681,-0.029247,-0.069511,-0.007758,-0.076472,0.027452,-107.873361,0.756008,7.498424,-25.848658,26.155185,1.587115,-54.265028,-0.00927,3.775292,0.421346,5.838765,0.68066,1.023895,0.96,1.106959,8.137493,21.175901,1.094059,0.02158,0.003504
NRG,2024-12-31,0.214362,0.081123,0.039993,0.124493,0.064557,0.453995,0.046832,0.14031,0.13801,19.369261,0.774633,8.793551,11.999129,13.062655,1.626215,25.190208,0.051628,4.435432,0.457539,2.810394,3.22427,1.017134,0.962896,1.17101,8.064794,11.648714,2.049778,0.017419,0.003626
NRG,2025-12-31,0.193794,0.063296,0.028131,0.106828,0.024908,0.51398,0.02965,0.084763,0.088816,25.220392,0.709485,12.962772,28.484208,13.942523,1.489448,59.797932,0.03965,9.888162,0.570419,3.576653,2.530364,1.637439,1.580022,1.053981,7.555474,13.329137,2.21412,0.037378,0.004363
NSC,2022-12-31,0.411063,0.408395,0.256571,0.474147,0.178423,0.256813,0.084094,0.147632,0.133072,21.578888,5.536521,5.541739,31.030327,14.337906,6.798271,38.102008,0.046342,1.224535,0.400977,2.436869,6.968208,0.757644,0.662137,0.327761,14.240223,3.311476,1.291131,0.152844,
NSC,2023-12-31,0.36484,0.355874,0.150296,0.357025,0.070089,0.142947,0.043863,0.113709,0.07796,38.622312,5.804785,5.520927,82.82038,19.964047,7.127671,101.694796,0.025892,1.374775,0.421852,3.597005,4.213296,1.242781,1.142477,0.291847,13.782313,-8.168381,1.740011,0.191428,
NSC,2024-12-31,0.374742,0.402293,0.216283,0.452776,0.137837,0.18328,0.060025,0.121898,0.103047,26.911885,5.820586,4.932403,42.227985,15.785018,7.147073,51.851566,0.037158,1.221725,0.400119,2.835671,5.125155,0.899295,0.821157,0.277529,15.404066,-10.397306,1.545385,0.196404,
NSC,2025-12-31,0.363465,0.375287,0.235878,0.480296,0.177094,0.184794,0.063511,0.1098,0.107499,24.560725,5.793347,4.538687,32.713474,14.810934,7.113626,40.168737,0.040715,1.113076,0.382549,2.659316,5.627525,0.847152,0.775364,0.269255,17.034965,-16.801264,1.517926,0.180952,
NTAP,2022-04-30,0.667933,0.190408,0.148306,0.215575,0.155904,1.118138,0.093457,0.29632,0.192327,41.46181,6.149053,46.360043,39.441336,27.758968,5.984127,38.383466,0.024119,3.508353,0.293238,,16.0,1.503921,1.452315,0.630162,5.136585,0.946868,1.292423,0.035771,0.038778
NTAP,2023-04-30,0.661584,0.182175,0.200251,0.21707,0.136435,1.099223,0.129762,0.326663,0.178397,30.494283,6.106526,33.520031,44.757738,27.377056,5.94274,43.557275,0.032793,2.315789,0.273375,0.05286,16.910448,1.34987,1.301702,0.647993,6.445795,18.481611,0.868917,0.037567,0.049041
NTAP,2024-04-30,0.707243,0.202297,0.157307,0.252393,0.244097,0.860384,0.099727,0.279792,0.229545,39.401335,6.198104,33.900276,25.391971,23.898682,6.031863,24.710924,0.02538,2.314136,0.268231,0.309102,20.734375,1.192645,1.147345,0.633964,6.224429,-7.19932,1.708925,0.024729,0.056956
NTAP,2025-04-30,0.701917,0.216829,0.180463,0.257152,0.203591,1.140385,0.109581,0.285852,0.234864,32.756928,5.911399,37.355496,29.035662,22.371429,5.752848,28.256887,0.030528,3.356731,0.322554,0.291716,22.609375,1.255041,1.215144,0.607225,5.274478,8.647302,1.269815,0.025563,0.058734
NTAP,2026-04-30,0.707437,0.244765,0.18426,0.282599,0.269892,0.944486,0.118764,0.341947,0.261342,30.446486,5.610067,28.756267,20.786365,19.31922,5.459598,20.228847,0.032845,2.022946,0.254375,0.213081,16.119266,1.436459,1.387217,0.644546,5.384914,4.366352,1.619906,0.028592,0.055162
NTRS,2022-12-31,,,0.197598,,0.246835,0.118655,0.008617,,,24.360764,4.81364,2.890535,19.501456,,5.882267,23.830775,0.04105,1.099756,0.079869,,,,,0.04361,,,1.790719,0.107008,
NTRS,2023-12-31,,,0.163475,,0.287857,0.093067,0.007344,,,29.392198,4.804899,2.735439,16.691958,,5.871585,20.39757,0.034023,1.126753,0.088909,,,,,0.044922,,,2.371173,0.099771,
NTRS,2024-12-31,,,0.244994,,-0.148545,0.158824,0.013061,,,16.02382,3.925743,2.544961,-26.427918,,4.797257,-32.29491,0.062407,1.045635,0.085989,,,,,0.053312,,,-0.239279,0.089923,
NTRS,2025-12-31,,,0.214793,,0.588556,0.134042,0.009806,,,18.73797,4.02478,2.511671,6.838396,,4.91828,8.356519,0.053368,1.079974,0.079004,,,,,0.045652,,,3.185848,0.095741,
NUE,2022-12-31,0.30119,0.253083,0.183248,0.278666,0.195702,0.413094,0.234211,0.332736,0.373222,7.407833,1.357472,3.060131,6.936409,5.352298,1.491506,7.621293,0.134992,0.36337,0.206019,0.190485,47.992106,3.393199,2.133649,1.27811,11.559915,79.437805,1.324044,0.046926,0.0033
NUE,2023-12-31,0.225125,0.179466,0.130351,0.221467,0.141096,0.216094,0.128042,0.176922,0.212034,12.453344,1.623304,2.691088,11.504978,8.05351,1.783585,12.640952,0.0803,0.326743,0.193605,0.033299,26.5,3.56605,2.352122,0.982286,11.755503,79.328778,1.571713,0.063778,0.003745
NUE,2024-12-31,0.133468,0.096928,0.065953,0.145962,0.026225,0.099882,0.059723,0.087995,0.108069,27.800387,1.833519,2.776751,69.914868,13.801913,2.014557,76.818092,0.035971,0.342466,0.204773,0.713553,13.72807,2.50653,1.480611,0.905539,11.489346,76.63977,1.963,0.103241,0.004295
NUE,2025-12-31,0.119345,0.08183,0.053671,0.129809,-0.005786,0.083301,0.049681,0.07591,0.088039,32.311573,1.734209,2.691602,-299.741402,14.678848,1.90544,-329.337137,0.030949,0.340132,0.202854,1.091275,16.105882,2.938312,1.574176,0.925649,10.465056,80.439202,1.854358,0.105312,0.004093
NVDA,2023-01-31,0.569289,0.206755,0.161934,0.221917,0.141173,0.197638,0.106066,0.168724,0.12834,1228.743946,198.975071,242.846639,1409.441585,890.928484,197.712535,1400.4984,0.000814,0.544365,0.292142,1.263615,16.958015,3.515618,2.729544,0.654995,7.048341,176.384136,1.291438,0.067954,0.10043
NVDA,2024-01-31,0.727176,0.541217,0.488493,0.584075,0.443534,0.692447,0.452775,0.550715,0.618455,180.347902,88.098775,124.881417,198.628976,149.877692,87.539771,197.368636,0.005545,0.257248,0.168208,0.068263,132.587549,4.171292,3.674443,0.92688,6.092809,116.629805,0.943884,0.017547,0.058255
NVDA,2025-01-31,0.749887,0.624175,0.55848,0.660069,0.466317,0.918729,0.653041,0.804742,0.900795,73.64371,41.128559,67.658597,88.198668,61.914136,40.86759,87.63903,0.013579,0.125834,0.089444,,341.186235,4.439851,3.88131,1.169317,5.657793,106.672472,0.879377,0.024798,0.0363
NVDA,2026-01-31,0.710681,0.603817,0.556025,0.669414,0.447703,0.763333,0.580586,0.667687,0.811435,44.701321,24.855067,34.122012,55.516918,36.893975,24.697357,55.164652,0.022371,0.070187,0.053384,,547.138996,3.905264,3.23981,1.044172,5.613737,132.737607,0.855506,0.02798,0.029573
NVR,2022-12-31,0.272911,0.213575,0.163743,0.219212,0.175709,0.492059,0.30482,0.389819,0.507854,9.545746,1.563053,4.697066,8.895685,7.093442,1.554964,8.849651,0.104759,0.287345,0.178004,,58.008248,4.532488,2.972651,1.861568,505.627435,67.072308,1.083755,0.001749,0.007832
NVR,2023-12-31,0.260485,0.189164,0.166925,0.206927,0.154497,0.364653,0.241089,0.282066,0.363656,10.3492,1.72754,3.773869,11.181672,8.305332,1.7186,11.123809,0.096626,0.232386,0.153641,,70.51597,4.901892,3.306981,1.444296,328.789276,77.457283,0.94118,0.002609,0.010436
NVR,2024-12-31,0.255418,0.189112,0.159522,0.205022,0.12759,0.399501,0.263584,0.309549,0.409763,9.793463,1.56227,3.912498,12.24449,7.580577,1.554185,12.181126,0.102109,0.242391,0.159926,,77.143901,5.074516,3.285006,1.652341,323.20431,78.889895,0.817194,0.002771,0.007011
NVR,2025-12-31,0.23095,0.163348,0.129553,0.175527,0.106056,0.346665,0.228757,0.269081,0.364143,12.294151,1.592743,4.261956,15.01798,9.027085,1.584501,14.940264,0.081339,0.272427,0.179769,,62.103936,5.468922,3.633724,1.765745,315.858683,65.890273,0.836921,0.00237,0.006693
NWS,2022-06-30,,0.094463,0.05999,0.153972,0.08233,0.075772,0.036177,0.081805,0.066487,28.119303,1.686887,2.130665,20.48927,12.011006,1.84936,22.462689,0.035563,0.505351,0.241275,0.737961,9.20202,1.163115,1.074737,0.603043,6.914115,,2.173355,0.04805,
NWS,2023-06-30,,0.084124,0.018597,0.135921,0.053669,0.018477,0.008806,0.0368,0.048997,117.572656,2.186511,2.172411,40.740292,17.635996,2.397104,44.664184,0.008505,0.521701,0.248626,1.002755,6.74,1.280569,1.182306,0.473494,5.622456,,5.214765,0.04331,
NWS,2024-06-30,,0.097067,0.032235,0.150388,0.065439,0.032759,0.015943,0.050767,0.058772,65.858368,2.122919,2.157429,32.441344,15.475906,2.327387,35.565925,0.015184,0.382143,0.185987,0.185334,9.423529,1.431097,1.344026,0.494606,5.811268,,3.37218,0.043262,
NWS,2025-06-30,,0.113109,0.139612,0.167416,0.067558,0.134488,0.076109,0.062516,0.074132,14.846039,2.072684,1.996618,30.68008,13.572862,2.272314,33.635025,0.067358,0.335081,0.189628,,,1.844709,1.719325,0.54515,5.411012,,0.828814,0.048154,
NWS,2026-06-30,,0.126495,0.063469,0.180217,0.089832,0.067206,0.036863,0.077146,0.089337,30.572994,1.940444,2.054695,21.600895,11.804302,2.127337,23.68138,0.032709,0.341895,0.187532,,,1.623325,1.513944,0.580803,5.138304,,2.158813,0.047187,
NWSA,2022-06-30,,0.094463,0.05999,0.153972,0.08233,0.075772,0.036177,0.081805,0.066487,25.624016,1.537194,1.941591,18.671066,11.029735,1.698271,20.62754,0.039026,0.505351,0.241275,0.737961,9.20202,1.163115,1.074737,0.603043,6.914115,,2.173355,0.04805,
NWSA,2023-06-30,,0.084124,0.018597,0.135921,0.053669,0.018477,0.008806,0.0368,0.048997,107.13934,1.992481,1.979633,37.125027,16.195176,2.201266,41.015225,0.009334,0.521701,0.248626,1.002755,6.74,1.280569,1.182306,0.473494,5.622456,,5.214765,0.04331,
NWSA,2024-06-30,,0.097067,0.032235,0.150388,0.065439,0.032759,0.015943,0.050767,0.058772,60.014142,1.934532,1.965981,29.562522,14.21156,2.137245,32.660271,0.016663,0.382143,0.185987,0.185334,9.423529,1.431097,1.344026,0.494606,5.811268,,3.37218,0.043262,
NWSA,2025-06-30,,0.113109,0.139612,0.167416,0.067558,0.134488,0.076109,0.062516,0.074132,13.528612,1.888756,1.819439,27.957551,12.463991,2.086671,30.887122,0.073917,0.335081,0.189628,,,1.844709,1.719325,0.54515,5.411012,,0.828814,0.048154,
NWSA,2026-06-30,,0.126495,0.063469,0.180217,0.089832,0.067206,0.036863,0.077146,0.089337,27.859968,1.76825,1.872362,19.684046,10.839918,1.953539,21.746667,0.035894,0.341895,0.187532,,,1.623325,1.513944,0.580803,5.138304,,2.158813,0.047187,
NXPI,2022-12-31,0.569254,0.287315,0.211056,0.381674,0.202045,0.374144,0.119943,0.171763,0.189823,20.628242,4.353723,7.717937,21.548318,13.017244,4.968339,24.590296,0.048477,1.498859,0.480504,1.497421,8.875878,2.120795,1.575841,0.568299,13.755208,64.845002,1.39756,0.092919,0.027565
NXPI,2023-12-31,0.568921,0.276891,0.210681,0.368786,0.188837,0.323577,0.114852,0.156539,0.187234,20.554491,4.330439,6.650962,22.932154,13.400104,4.941768,26.169489,0.048651,1.292804,0.458876,1.537377,8.652968,1.912917,1.393821,0.545148,14.850112,86.443346,1.255989,0.075776,0.030958
NXPI,2024-12-31,0.564373,0.27525,0.198985,0.350563,0.151102,0.273331,0.102932,0.142806,0.164279,22.904746,4.557707,6.260581,30.163122,14.836479,5.201119,34.421254,0.043659,1.181967,0.44511,1.769109,8.786432,2.357973,1.597482,0.517285,12.222868,118.803823,1.108367,0.069447,0.036547
NXPI,2025-12-31,0.547396,0.247371,0.164724,0.322846,0.186079,0.200975,0.076092,0.109375,0.137969,28.446765,4.685868,5.717076,25.182177,16.563219,5.347372,28.737148,0.035153,1.215394,0.460166,2.351931,6.714592,2.045864,1.38186,0.461935,11.629384,135.239786,1.395349,0.043769,0.037656
O,2022-12-31,0.932311,0.391336,0.260015,0.890902,0.766776,0.030279,0.017503,0.026569,0.028338,61.665773,16.03404,1.867183,20.91097,29.125285,25.947774,33.840075,0.016216,0.647797,0.374454,6.02225,2.937499,0.506783,0.498342,0.067314,6.155105,,2.948968,,0.006465
O,2023-12-31,0.922294,0.42224,0.213854,0.886859,0.725368,0.026481,0.015097,0.029853,0.030817,61.460693,13.143616,1.627515,18.11994,23.983759,21.27022,29.32337,0.016271,0.667538,0.38058,5.884521,2.210804,1.532605,1.515963,0.070596,5.740727,,3.391882,,0.00643
O,2024-12-31,0.92835,0.440308,0.163299,0.82101,0.677894,0.022162,0.012505,0.033126,0.029081,62.284456,10.170987,1.380322,15.003799,20.048035,16.459636,24.280542,0.016055,0.688894,0.388714,5.957499,1.935744,1.675796,,0.076576,6.00585,,4.151246,,0.010907
O,2025-12-31,0.925418,0.451149,0.184123,0.832408,0.694815,0.026841,0.014542,0.035205,0.032682,50.645402,9.324961,1.359394,13.42078,18.128757,15.090518,21.718754,0.019745,0.744088,0.403127,5.92581,2.043951,1.420978,,0.07898,5.457473,,3.773656,,0.005352
ODFL,2022-12-31,0.360399,0.294027,0.219991,0.338491,0.146393,0.377003,0.284619,0.366818,0.427707,26.125171,5.747296,9.849256,39.259253,16.804682,5.688229,38.855774,0.038277,0.027365,0.020659,,1179.086372,1.762462,,1.293776,10.818454,,1.228313,0.123824,0.002539
ODFL,2023-12-31,0.353247,0.279685,0.211297,0.336283,0.138392,0.291112,0.224857,0.284513,0.331789,29.026588,6.133239,8.450003,44.318012,18.05087,6.070206,43.862542,0.034451,0.018784,0.014509,,3552.241379,2.099176,,1.064175,10.133536,,1.26594,0.129098,0.001889
ODFL,2024-12-31,0.347869,0.265529,0.203975,0.327162,0.152707,0.279432,0.215988,0.273132,0.314654,30.334148,6.187393,8.476327,40.517942,18.717933,6.123803,40.101527,0.032966,0.014133,0.010924,,7348.15566,1.333292,,1.058895,11.593587,,1.398972,0.132647,0.001952
ODFL,2025-12-31,0.330283,0.247625,0.18625,0.314078,0.173768,0.23746,0.187143,0.235232,0.273072,35.145462,6.545846,8.345636,37.669932,20.627269,6.478572,37.282787,0.028453,0.009277,0.007311,,4600.013514,1.435884,,1.004795,11.6462,,1.338409,0.07551,0.002339
OKE,2022-12-31,0.172019,0.125385,0.07692,0.158664,0.076116,0.265168,0.070635,0.1068,0.137191,34.214892,2.631797,9.072689,34.576317,25.878196,4.105925,53.943282,0.029227,2.109794,0.562,3.772804,4.328402,0.835136,0.644707,0.91829,14.612924,9.657971,1.687573,0.053692,
OKE,2023-12-31,0.281665,0.239294,0.150421,0.290321,0.159869,0.161308,0.060069,0.084306,0.1069,22.157971,3.333034,3.574256,20.848565,17.911019,5.199941,32.52631,0.04513,1.314426,0.489473,4.15608,5.038106,0.900348,0.715238,0.399336,10.367742,8.616519,1.662655,0.09023,
OKE,2024-12-31,0.33427,0.233293,0.139875,0.304867,0.132132,0.178152,0.047371,0.078041,0.09235,19.412864,2.715367,3.458444,20.550416,13.895594,4.236305,32.061162,0.051512,1.882895,0.500663,4.738322,3.997812,0.898072,0.739563,0.338666,9.328461,2.766545,1.610544,0.093142,
OKE,2025-12-31,0.259954,0.173124,0.100895,0.231556,0.072765,0.150901,0.050915,0.081175,0.104071,17.364587,1.752001,2.620327,24.077664,11.804206,2.733336,37.5641,0.057588,1.459462,0.49243,4.204186,3.518228,0.705106,0.556167,0.504629,11.172425,4.950428,1.650162,0.093729,
OMC,2022-12-31,0.18764,0.145796,0.092133,0.165532,0.059367,0.404815,0.048755,0.169309,0.179578,15.956453,1.470118,6.459417,24.763256,12.687976,2.100263,35.377661,0.062671,1.996894,0.2405,0.554813,10.702743,0.970783,0.887436,0.529177,1.764718,-99.609762,0.70376,0.005473,0.005718
OMC,2023-12-31,0.184418,0.143253,0.094703,0.164686,0.091443,0.384758,0.049614,0.167302,0.187183,15.097506,1.429784,5.808885,15.63578,12.403236,2.04264,22.337826,0.066236,1.798385,0.231898,0.503596,10.243506,0.946953,0.864317,0.523887,1.696598,-98.348667,1.02192,0.005336,0.005772
OMC,2024-12-31,0.186397,0.14498,0.094371,0.166644,0.101529,0.35307,0.049985,0.16345,0.178133,14.187944,1.338934,5.009341,13.187689,11.478627,1.912848,18.840398,0.070482,1.63844,0.231959,0.656799,9.676998,0.995258,0.895738,0.529667,1.697587,-95.587937,1.170809,0.008962,0.005826
OMC,2025-12-31,0.084941,0.025747,-0.003155,0.047372,0.161441,-0.004524,-0.001002,0.002719,0.021767,-385.443483,1.216234,1.7439,7.533593,36.679137,1.737555,10.762756,-0.002594,0.891057,0.197252,2.732095,2.056589,0.929826,0.81442,0.317409,1.199604,-94.12262,-53.911927,0.008673,0.005836
ON,2022-12-31,0.489683,0.332048,0.22846,0.361377,0.191816,0.307377,0.158801,0.237497,0.247764,14.322637,3.272143,4.402443,17.058744,9.341731,3.37589,17.599609,0.06982,0.522049,0.269708,0.091229,25.891465,2.779373,1.995052,0.695095,9.885077,102.614039,1.384239,0.124427,0.012106
ON,2023-12-31,0.470556,0.316685,0.264595,0.390173,0.05312,0.280587,0.165242,0.202592,0.236647,12.476311,3.301166,3.500696,62.145345,8.729026,3.405832,64.115728,0.080152,0.431707,0.254238,0.265085,34.90107,2.707593,1.740474,0.624508,8.822963,157.163576,0.905573,0.18649,0.014673
ON,2024-12-31,0.454104,0.2685,0.222075,0.359008,0.171187,0.1788,0.111627,0.13421,0.148938,17.322304,3.846846,3.097235,22.47156,11.054958,3.968815,23.184044,0.057729,0.382759,0.23896,0.257453,30.492777,5.058436,3.378783,0.502654,6.104905,217.213242,1.212106,0.097991,0.019217
ON,2025-12-31,0.330904,0.125279,0.020182,0.148147,0.236615,0.015769,0.009661,0.066366,0.017995,225.161318,4.544237,3.550561,19.205216,31.646403,4.688317,19.814137,0.004441,0.391592,0.239921,0.937739,2.851904,4.522094,2.977013,0.478709,6.602863,184.236918,14.543802,0.05691,0.024068
ORCL,2022-05-31,0.790834,0.372997,0.15827,0.318709,0.118473,-1.079904,0.061456,0.199618,0.115876,66.448367,10.516816,-71.757827,88.769626,43.159666,13.755364,116.10534,0.015049,-12.195981,0.694063,4.027503,3.776407,1.621291,,0.3883,7.129179,,1.420128,0.106291,0.061569
ORCL,2023-05-31,0.72847,0.275714,0.170217,0.375125,0.169556,7.924511,0.063274,0.140166,0.113492,52.491319,8.934894,415.968016,52.69583,31.153084,11.686304,68.922981,0.019051,84.325256,0.673302,4.30738,3.603709,0.909658,,0.371726,7.224006,,2.018699,0.17406,0.071005
ORCL,2024-05-31,0.714073,0.30345,0.197636,0.403958,0.222938,1.202551,0.074247,0.149908,0.139402,42.641987,8.427592,51.279145,37.802463,27.28698,11.022784,49.443351,0.023451,10.698989,0.660566,3.571796,4.341207,0.715001,,0.375674,6.72606,,1.783988,0.129643,0.075036
ORCL,2025-05-31,0.705099,0.3145,0.216781,0.416593,-0.006864,0.60843,0.073907,0.140358,0.130697,35.870263,7.775984,21.824541,-1132.826603,24.413585,10.170519,-1481.669159,0.027878,5.090411,0.618338,3.420124,4.957518,0.752964,,0.340928,6.707058,,1.67331,0.369606,0.08143
ORCL,2026-05-31,0.658224,0.33321,0.253678,0.496563,-0.351649,0.401971,0.065278,0.117373,0.109789,26.121243,6.626389,10.499993,-18.843776,17.453812,8.666919,-24.646527,0.038283,3.674344,0.59669,2.937543,5.251794,1.115003,,0.257324,6.485989,,1.871423,0.826388,0.071425
ORLY,2022-12-31,0.512268,0.205033,0.150775,0.230003,0.179385,-2.048217,0.17205,0.692751,0.531324,31.540776,4.755568,-64.602345,26.510447,23.489766,5.402712,30.118023,0.031705,-6.170179,0.518296,1.286262,18.744452,0.714664,0.097558,1.141106,41.992278,-70.353051,1.449037,0.039094,0.001836
ORLY,2023-12-31,0.512565,0.201513,0.148403,0.228651,0.128244,-1.34917,0.169147,0.649575,0.516195,29.202941,4.333796,-39.399721,33.793466,21.533058,4.923545,38.392125,0.034243,-4.508195,0.565199,1.463428,15.899488,0.725499,0.117464,1.139786,42.160491,-59.220665,1.292981,0.063638,0.00174
ORLY,2024-12-31,0.511985,0.194581,0.142842,0.22321,0.121267,-1.740881,0.160247,0.614031,0.494326,28.712298,4.101335,-49.984695,33.820669,20.874711,4.65945,38.42303,0.034828,-5.77759,0.531824,1.445417,14.682729,0.705003,0.089828,1.121846,46.823579,-56.171939,1.277748,0.06125,0.001732
ORLY,2025-12-31,0.515923,0.194613,0.14274,0.224186,0.089595,-3.325083,0.153475,0.516011,0.447699,26.998197,3.853734,-89.771255,43.012813,19.529162,4.378155,48.866052,0.03704,-11.123962,0.513446,1.46072,14.784208,0.768507,0.115418,1.075204,45.619064,-50.18876,1.088166,0.06573,0.001975
OTIS,2022-12-31,0.286445,0.151334,0.09156,0.16529,0.10559,-0.25729,0.12761,0.791198,0.695901,20.81681,1.905989,-5.355947,18.05084,15.212406,2.514466,23.813469,0.048038,-1.480493,0.734291,2.466401,,0.897706,0.807541,1.393726,4.235531,45.059508,1.245012,0.008403,0.004896
OTIS,2023-12-31,0.295095,0.158139,0.098951,0.171722,0.104793,-0.28554,0.138974,0.839572,0.617647,18.551539,1.8357,-5.29721,17.517437,14.102649,2.421737,23.109781,0.053904,-1.483956,0.72225,2.304918,,0.987807,0.893348,1.404468,4.191445,40.946947,1.157183,0.009712,0.004504
OTIS,2024-12-31,0.298506,0.143819,0.11535,0.156511,0.100764,-0.339315,0.145369,0.501785,0.574993,15.856209,1.829007,-5.380252,18.151331,15.416874,2.412907,23.946043,0.063067,-1.803218,0.772534,2.698925,,0.989805,0.917925,1.260251,4.160152,39.503479,0.950152,0.008835,0.005119
OTIS,2025-12-31,0.30282,0.153766,0.095905,0.165893,0.100062,-0.256677,0.129916,0.651097,0.740407,18.846433,1.807461,-4.837438,18.06334,14.373627,2.384482,23.829961,0.05306,-1.57845,0.79893,2.865497,,0.849138,0.76907,1.354642,3.912961,37.809613,1.153179,0.010533,0.005544
OXY,2022-12-31,0.481656,0.373014,0.36316,0.602528,0.336109,0.442214,0.183228,0.326282,0.233563,4.421126,1.605576,1.955083,4.776956,3.543545,2.135084,6.352364,0.226187,0.690211,0.285984,0.822815,14.705825,1.145546,0.880108,0.504538,8.557346,4.78675,1.26353,0.122755,
OXY,2023-12-31,0.364182,0.20526,0.202798,0.502764,0.285542,0.15524,0.063453,0.079599,0.080065,12.525269,2.540105,1.944419,8.895744,6.71849,3.377814,11.829501,0.079839,0.691273,0.282551,1.50962,5.426332,0.915501,0.694469,0.312885,7.247574,10.100861,2.620954,0.245984,
OXY,2024-12-31,0.376538,0.213361,0.138789,0.517053,0.23507,0.089464,0.035766,0.059219,0.058401,19.246945,2.671269,1.721908,11.363729,6.87015,3.552235,15.11141,0.051956,0.788079,0.315056,2.037681,3.792985,0.952631,0.768197,0.257698,7.7559,1.435947,3.743128,0.284436,
OXY,2025-12-31,0.349326,0.172371,0.10772,0.540175,0.190108,0.06455,0.027629,0.0504,0.055258,25.287473,2.723969,1.63231,14.328541,6.705818,3.622316,19.053997,0.039545,0.648027,0.277374,1.665724,3.828545,0.936254,0.742894,0.256492,8.385631,5.546054,4.527945,0.297643,
PANW,2022-07-31,0.687594,-0.034318,-0.048532,0.017377,0.325711,-1.271429,-0.02179,-0.048575,-0.047374,-1113.889251,54.059517,1416.230619,165.973788,3105.694827,53.967904,165.692519,-0.000898,18.823333,0.322591,16.300209,-9.257426,0.772293,,0.44897,2.567795,,-7.433333,0.035045,0.183786
PANW,2023-07-31,0.722939,0.05619,0.063792,0.126075,0.381737,0.251487,0.030322,0.080408,0.086759,676.389425,43.148321,170.103197,113.03148,341.66217,43.075199,112.839931,0.001478,1.29873,0.156588,0.98527,28.62439,0.781648,,0.475323,2.798271,,6.316807,0.021225,0.15589
PANW,2024-07-31,0.743491,0.085212,0.321166,0.159462,0.386321,0.498675,0.128959,0.111517,0.080922,115.364015,37.051007,57.529147,95.907265,231.956582,36.988218,95.744736,0.008668,0.260054,0.067251,,124.5,0.891575,,0.401533,3.065378,,1.26377,0.019559,0.134048
PANW,2025-07-31,0.734194,0.134801,0.12298,0.210606,0.376206,0.144939,0.0481,0.112881,0.102579,262.26493,32.253381,38.012325,85.733188,152.885904,32.198723,85.5879,0.003813,0.0432,0.014337,,533.0,0.941788,,0.391118,3.109949,,3.276896,0.026787,0.14044
PANW,2026-07-31,0.703571,0.06054,0.026742,0.121167,0.358275,0.011167,0.006335,0.013602,0.013909,968.757101,25.906658,10.817999,72.309368,213.446747,25.862755,72.186828,0.001032,0.090936,0.051589,,,0.871007,,0.236896,3.163406,,14.830619,0.038328,0.15453
PAYC,2022-12-31,0.845332,0.275378,0.204625,0.352531,0.166012,0.237949,0.072107,0.225756,0.257035,36.243094,7.416235,8.624003,44.672828,22.288929,7.857528,47.331025,0.027591,0.024522,0.007431,,156.84,1.162865,1.162188,0.352388,60.20225,-18.728618,1.297441,0.099476,0.069008
PAYC,2023-12-31,0.836866,0.266458,0.201216,0.347287,0.17016,0.26155,0.081191,0.249868,0.285225,29.926075,6.021613,7.827173,35.387948,18.370746,6.379921,37.493661,0.033416,0.05825,0.018082,,249.631579,1.109998,1.109445,0.403502,103.27439,-12.978574,1.423122,0.116195,0.076637
PAYC,2024-12-31,0.822324,0.33682,0.266568,0.423906,0.178738,0.318548,0.085667,0.311333,0.334033,20.316348,5.415679,6.471735,30.299485,13.535855,5.737932,32.102415,0.049221,0.052922,0.014232,,191.882353,1.101874,1.101515,0.321371,48.040816,-16.946526,1.063546,0.104768,-0.01216
PAYC,2025-12-31,0.831652,0.276454,0.220987,0.389482,0.196666,0.261854,0.059668,0.239786,0.279245,22.494059,4.970905,5.890157,25.275853,13.522304,5.266692,26.779859,0.044456,0.052151,0.011884,,183.176471,1.087624,1.087307,0.270007,45.694878,2.809712,1.497353,0.13423,0.057854
PAYX,2022-05-31,0.7059,0.398985,0.302014,0.445172,0.315697,0.451446,0.144553,0.36092,0.426294,29.683784,8.964931,13.400614,28.397262,21.819586,9.71347,30.768328,0.033688,0.285622,0.091456,0.212567,50.852459,1.24907,,0.47863,6.371511,,1.14137,0.029013,0.011449
PAYX,2023-05-31,0.709812,0.406043,0.311018,0.451659,0.312197,0.445809,0.147662,0.359359,0.43976,26.54824,8.25699,11.835444,26.448039,19.807919,8.946418,28.656352,0.037667,0.247824,0.082085,,56.809264,1.296741,,0.474769,5.733539,,1.095614,0.028559,0.012502
PAYX,2024-05-31,0.719739,0.411894,0.320255,0.460717,0.328951,0.444725,0.162803,0.358778,0.444482,24.457864,7.832744,10.877026,23.811308,18.420762,8.486749,25.799464,0.040887,0.227914,0.083434,,60.463807,1.365862,,0.508355,4.981408,,1.122634,0.030578,0.011576
PAYX,2025-05-31,0.723531,0.396235,0.29745,0.447045,0.306747,0.401478,0.100054,0.184888,0.237442,24.946343,7.42028,10.015401,24.19026,17.984426,8.039846,26.210057,0.040086,1.216642,0.303204,1.340212,21.644213,1.281788,,0.336372,4.187674,,1.146986,0.034424,0.020066
PAYX,2026-05-31,0.742859,0.385519,0.270286,0.46422,0.356542,0.471232,0.108819,0.230621,0.276455,23.489332,6.348829,11.068934,17.806691,14.818263,6.878933,19.293483,0.042573,1.233782,0.284911,1.147172,9.574768,1.259144,,0.402609,4.319448,,1.452588,0.036072,0.014757
PCAR,2022-12-31,0.181352,0.127642,0.104498,0.155061,0.056784,0.228722,0.090505,0.116828,0.155235,20.28487,2.119728,4.639588,37.329615,15.04628,2.333085,41.086965,0.049298,0.871232,0.344746,1.517342,,2.599294,2.369741,0.866094,1.834283,194.453442,1.005114,0.048248,
PCAR,2023-12-31,0.22013,0.169281,0.130975,0.195582,0.08334,0.289745,0.1127,0.15888,0.212289,13.278107,1.739096,3.847263,20.867605,9.786882,1.914142,22.967999,0.075312,0.896447,0.348685,1.026564,,2.500012,2.298903,0.860472,1.776821,204.3145,0.910711,0.035941,
PCAR,2024-12-31,0.199312,0.145331,0.123634,0.172568,0.086006,0.237735,0.095857,0.112872,0.160677,14.678019,1.814706,3.489476,21.099684,11.574341,1.997363,23.223437,0.068129,0.907928,0.366085,1.5207,,2.637276,2.454773,0.775326,1.58432,225.805658,1.115065,0.051854,
PCAR,2025-12-31,0.166551,0.104121,0.083523,0.133209,0.106494,0.123328,0.053586,0.066682,0.089259,25.713408,2.147665,3.171196,20.167013,17.745327,2.363835,22.19689,0.03889,0.811685,0.352676,2.461904,,3.078646,2.882547,0.641571,1.308673,276.207936,1.858658,0.048747,
PCG,2022-12-31,0.32357,0.095664,0.083672,0.288238,-0.270434,0.079481,0.015289,0.027695,0.023266,21.847434,1.828009,1.736461,-6.759551,15.143742,4.365002,-16.140755,0.045772,2.345835,0.451258,8.214274,1.248305,0.811692,0.758361,0.182732,8.196597,-6.392613,2.051268,0.442066,
PCG,2023-12-31,0.340061,0.111962,0.092353,0.298305,-0.203332,0.090096,0.017948,0.033615,0.032745,17.567041,1.62237,1.582717,-7.97891,12.986585,3.873966,-19.052395,0.056925,2.305631,0.459299,7.641965,1.245263,0.830715,0.780467,0.194339,11.927734,-1.979846,2.104167,0.397658,
PCG,2024-12-31,0.375036,0.186453,0.102871,0.391171,-0.095581,0.08332,0.018794,0.05306,0.045709,15.77677,1.622968,1.314513,-16.979968,9.907166,3.875394,-40.545521,0.063384,1.935155,0.436503,5.893844,1.757784,1.054256,1.004042,0.182695,10.99955,-12.929135,3.198646,0.424628,
PCG,2025-12-31,0.395829,0.194466,0.108402,0.404452,-0.12316,0.083067,0.019088,0.052796,0.0435,14.661948,1.589382,1.217924,-12.904997,9.383564,3.795197,-30.815124,0.068204,1.884911,0.433123,5.966287,1.800198,0.971166,0.920859,0.176081,10.999118,-28.185915,3.224565,0.472709,
PEG,2022-12-31,0.265714,0.150714,0.105204,0.290612,-0.141327,0.075097,0.021163,0.043442,0.037228,33.729162,3.548445,2.532942,-25.108134,20.807853,6.047017,-42.787555,0.029648,1.488746,0.419537,6.954003,2.779751,0.644162,0.500449,0.201158,5.041152,56.629346,1.457808,0.294694,
PEG,2023-12-31,0.42894,0.327935,0.228086,0.453235,0.042805,0.191326,0.050511,0.085843,0.082502,13.567993,3.094666,2.595907,72.29681,11.635728,5.273718,123.203252,0.073703,0.012914,0.003409,3.962105,5.478198,0.666996,0.464702,0.221458,7.582321,37.274182,1.484979,0.295897,
PEG,2024-12-31,0.343537,0.228669,0.172206,0.392517,-0.121186,0.109966,0.03243,0.058851,0.055386,19.624586,3.379472,2.158047,-27.886741,14.672138,5.759064,-47.522666,0.050956,1.418642,0.418375,5.590988,3.170036,0.651038,0.478248,0.188324,6.443331,55.999308,1.203725,0.328474,
PEG,2025-12-31,0.348208,0.244905,0.173488,0.393984,0.002137,0.124308,0.036665,0.064543,0.064338,16.473124,2.857887,2.047743,1337.490983,12.361444,4.870214,2279.26016,0.060705,1.425156,0.420349,4.994159,3.470343,0.800697,0.599477,0.211338,6.444915,41.262466,1.562293,0.268902,
PEP,2022-12-31,0.530327,0.131459,0.103135,0.172747,0.064867,0.519564,0.096651,0.16942,0.178037,19.892088,2.051562,10.335209,31.627143,14.725589,2.543808,39.215683,0.050271,2.30649,0.429063,2.286049,12.400426,0.804144,0.609184,0.937139,10.545898,-14.954402,1.213356,0.060272,0.00397
PEP,2023-12-31,0.542139,0.14117,0.099201,0.172229,0.086629,0.490407,0.090293,0.165388,0.177725,19.532566,1.937647,9.578907,22.367303,13.949771,2.402561,27.734059,0.051197,2.413717,0.44441,2.183192,14.940171,0.851582,0.683035,0.910204,10.544207,-20.298118,1.481375,0.060325,0.004154
PEP,2024-12-31,0.54554,0.140658,0.104274,0.181593,0.078266,0.530902,0.096293,0.166982,0.189383,18.504751,1.929568,9.824206,24.654125,13.175341,2.392543,30.569577,0.05404,2.491436,0.451889,2.146343,13.998912,0.818937,0.650685,0.923462,10.822906,-16.036034,1.305805,0.057896,0.003941
PEP,2025-12-31,0.541485,0.143636,0.08773,0.165483,0.081682,0.403803,0.076723,0.156984,0.152274,21.509528,1.887022,8.685608,23.101995,14.139142,2.339789,28.645032,0.046491,2.445408,0.464632,2.574986,10.138269,0.85304,0.674643,0.874543,10.137615,-13.652629,1.466869,0.047006,0.003066
PFE,2022-12-31,0.660549,0.376743,0.310077,0.405545,0.257287,0.32795,0.159083,0.264054,0.231945,5.025277,1.558221,1.648038,6.056355,5.111525,2.072953,8.05697,0.198994,0.364401,0.176765,0.839438,29.052504,1.216455,1.003322,0.513045,9.238039,62.594059,0.932902,0.031984,0.008619
PFE,2023-12-31,0.580985,0.074168,0.035581,0.160476,0.080482,0.023805,0.009355,0.027631,0.018281,74.399705,2.647227,1.771103,32.892338,21.945273,3.521694,43.757767,0.013441,0.795886,0.31278,7.114366,1.47895,0.906662,0.693476,0.26293,5.149058,121.77379,4.10571,0.065604,0.008816
PFE,2024-12-31,0.719443,0.234775,0.12622,0.284895,0.154573,0.091051,0.037634,0.098372,0.065223,19.630554,2.477768,1.787388,16.029789,11.570088,3.296258,21.32496,0.050941,0.721619,0.298267,3.453743,3.5956,1.171252,0.918874,0.298164,5.550641,172.450791,1.586851,0.04572,0.013783
PFE,2025-12-31,0.743253,0.27816,0.124179,0.268189,0.145017,0.089863,0.037332,0.11571,0.059535,20.287347,2.519263,1.823084,17.372229,12.496632,3.351459,23.110852,0.049292,0.739639,0.307268,3.743014,3.815425,1.159907,0.871836,0.300629,5.270254,192.248466,1.506112,0.042011,0.012768
PFG,2022-12-31,,,0.271263,,0.174303,0.476801,0.016354,,,5.296242,1.436676,2.525253,8.242391,,1.375653,7.892296,0.188813,0.408722,0.014019,,,,,0.060289,0.691051,,0.66701,0.006632,0.005206
PFG,2023-12-31,,,0.045603,,0.270046,0.057091,0.002043,,,40.426337,1.843558,2.30796,6.826819,,1.765253,6.53685,0.024736,0.365702,0.013087,,,,,0.044799,0.555283,,6.085366,0.007464,0.007274
PFG,2024-12-31,,,0.09741,,0.281137,0.141705,0.005009,,,16.036724,1.562138,2.272486,5.556493,,1.495786,5.320481,0.062357,0.370544,0.013097,,,,,0.051417,0.693319,,2.929917,0.004266,0.00674
PFG,2025-12-31,,,0.075844,,0.284068,0.099723,0.003472,,,21.258707,1.612345,2.119985,5.675917,,1.543861,5.434833,0.04704,0.332719,0.011583,,,,,0.045772,0.682497,,3.828116,0.006272,0.007033
PG,2022-06-30,0.474266,0.222143,0.183845,0.264893,0.169192,0.316427,0.125776,0.189585,0.219121,23.064442,4.240288,7.298204,25.061989,17.246964,4.568605,27.002489,0.043357,0.693146,0.275519,1.143025,41.990888,0.654545,0.44524,0.684143,15.591484,-45.491034,1.134378,0.039358,0.006585
PG,2023-06-30,0.478575,0.22113,0.178682,0.266115,0.16811,0.313252,0.121271,0.18075,0.224619,23.204532,4.146233,7.268872,24.663862,16.787003,4.467268,26.573536,0.043095,0.757295,0.293175,1.207946,25.276455,0.633404,0.435591,0.678695,14.989216,-39.882672,1.149799,0.037339,0.006646
PG,2024-06-30,0.51394,0.236628,0.177049,0.268709,0.196623,0.295888,0.12159,0.193683,0.221832,22.852074,4.045931,6.761644,20.5771,16.222778,4.359199,22.170344,0.04376,0.663584,0.272689,1.017536,21.282162,0.734796,0.526155,0.686761,13.736352,-48.022275,1.333826,0.039529,0.006687
PG,2025-06-30,0.511604,0.242644,0.189526,0.283814,0.166627,0.307121,0.127556,0.190003,0.236327,21.285589,4.03417,6.537261,24.210767,15.314693,4.346528,26.085358,0.04698,0.681823,0.283181,1.043058,23.23484,0.704199,0.494786,0.673028,13.627162,-41.278131,1.115375,0.044765,0.005648
PG,2026-06-30,0.501769,0.226905,0.184369,0.280518,0.174039,0.296703,0.126825,0.178881,0.241998,21.190079,3.906793,6.287162,22.447746,15.005438,4.209288,24.18583,0.047192,0.647658,0.276839,0.991112,24.234892,0.677314,0.46617,0.687886,14.371202,-43.086834,1.218746,0.05066,0.006021
PGR,2022-12-31,,,0.01456,,0.132232,0.045435,0.009567,,,171.611893,2.498715,7.797104,18.896414,,2.628557,19.878336,0.005827,0.402007,0.084652,,4.778689,,,0.657086,3.051695,,9.48615,0.005889,0.00248
PGR,2023-12-31,,,0.062867,,0.167373,0.192484,0.044007,,,31.745782,1.995776,6.110558,11.924145,,2.099484,12.543764,0.0315,0.339745,0.077674,,19.298507,,,0.699992,3.640805,,2.726877,0.004059,0.001949
PGR,2024-12-31,,,0.112552,,0.196886,0.331366,0.080193,,,14.611296,1.64453,4.841694,8.352689,,1.729985,8.786723,0.06844,0.269353,0.065185,,39.397849,,,0.712497,3.93765,,1.782901,0.003783,0.001619
PGR,2025-12-31,,,0.129032,,0.196264,0.372918,0.091906,,,10.95718,1.41383,4.086132,7.203709,,1.487297,7.578038,0.091264,0.227451,0.056055,,52.161871,,,0.71227,4.506917,,1.551822,0.003971,0.001506
PH,2022-06-30,0.334852,0.176983,0.082943,0.153909,0.139436,0.148689,0.05071,0.112599,0.09308,90.446684,7.501894,13.448459,53.801539,52.093086,8.017587,57.499948,0.011056,1.297482,0.442498,4.483102,7.324048,2.055981,1.678027,0.61138,6.774111,70.578676,1.855975,0.014503,0.008643
PH,2023-06-30,0.337215,0.16129,0.109258,0.213585,0.136323,0.201706,0.069516,0.10448,0.146385,57.125353,6.24139,11.522553,45.783805,31.230803,6.670434,48.931062,0.017505,1.21619,0.419145,2.967652,5.66899,0.883504,0.507584,0.636253,6.74319,78.882163,1.430629,0.019984,0.007501
PH,2024-06-30,0.357652,0.19132,0.142699,0.252283,0.149724,0.235586,0.097071,0.13333,0.186536,41.839701,5.970502,9.856868,39.876712,25.292727,6.380925,42.617905,0.023901,0.874751,0.360434,2.016309,8.104743,0.929714,0.548612,0.680251,6.953943,75.154589,1.189873,0.02007,0.007777
PH,2025-06-30,0.368514,0.204131,0.177884,0.273199,0.168312,0.258076,0.119719,0.151726,0.19075,33.699266,5.994565,8.696982,35.615717,23.450457,6.406641,38.064002,0.029674,0.678629,0.31481,1.626037,11.041565,1.194363,0.706479,0.673018,6.821306,74.270284,1.069385,0.021914,0.00801
PH,2026-06-30,0.376855,0.215545,0.169682,0.274478,0.181636,0.236822,0.118146,0.154898,0.200315,32.618451,5.534774,7.724754,30.471731,21.550895,5.915244,32.56641,0.030657,0.553103,0.275934,1.358922,12.379052,1.262303,0.742946,0.696279,6.782019,73.625829,1.196272,0.02135,0.008326
PHM,2022-12-31,0.3021,0.215095,0.163552,0.219382,0.034731,0.293615,0.176887,0.226851,0.260626,8.534094,1.395767,2.505742,40.18753,6.586782,1.445019,41.605615,0.117177,0.305395,0.183984,0.449798,12112.119718,8.824935,1.737887,1.081537,365.815823,352.64947,0.255401,0.00704,0.002686
PHM,2023-12-31,0.293837,0.211455,0.162025,0.219814,0.131031,0.250632,0.161768,0.199486,0.237427,8.583104,1.390675,2.151197,10.613344,6.549842,1.439747,10.987854,0.116508,0.245915,0.158724,0.185597,7355.513859,9.869057,2.295173,0.998417,596.463829,360.27842,0.844138,0.00574,0.003001
PHM,2024-12-31,0.290924,0.216744,0.171799,0.228201,0.087048,0.254353,0.177569,0.209848,0.252484,7.244415,1.244581,1.842641,14.297612,5.646318,1.288498,14.802128,0.138037,0.185986,0.12984,0.129938,8364.004175,11.081974,2.615403,1.033586,72.276971,350.681398,0.545135,0.006605,0.003047
PHM,2025-12-31,0.26413,0.172054,0.128162,0.174702,0.101001,0.170863,0.122932,0.149845,0.174631,10.067214,1.290232,1.720113,12.774383,7.645932,1.33576,13.225149,0.099332,0.176866,0.127251,0.060364,4813.100826,12.643377,3.248551,0.959195,68.614364,356.572708,0.843387,0.007089,0.003167
PKG,2022-12-31,0.246591,0.174805,0.121467,0.223166,0.079122,0.280821,0.128664,0.182102,0.201338,20.13926,2.446262,5.655534,30.917427,12.90906,2.880861,36.41017,0.049654,0.761665,0.348972,1.138266,20.386364,2.864991,1.748715,1.059247,8.216709,76.816473,1.451738,0.097216,0.004199
PKG,2023-12-31,0.217741,0.143289,0.098072,0.203155,0.108351,0.191429,0.088146,0.122811,0.143944,27.103254,2.658081,5.188355,24.532068,15.408455,3.130311,28.890398,0.036896,0.793836,0.36553,1.40294,20.026266,2.571225,1.770799,0.89878,7.551684,84.85452,1.718636,0.060199,0.005127
PKG,2024-12-31,0.212697,0.139897,0.096036,0.194601,0.062207,0.182811,0.091145,0.128972,0.141197,25.760042,2.473896,4.709221,39.768763,14.971155,2.913404,46.834021,0.03882,0.629314,0.313759,1.096727,26.710145,3.227835,2.104732,0.949067,7.328059,88.220869,1.479568,0.079885,0.005821
PKG,2025-12-31,0.210205,0.139655,0.086113,0.195755,0.081052,0.168356,0.072174,0.11039,0.113991,26.791642,2.307122,4.510528,28.46474,13.879606,2.717002,33.521743,0.037325,0.949304,0.406965,1.953913,13.993679,3.165895,1.941188,0.838124,7.158226,90.669007,2.012014,0.09221,0.005028
PLD,2022-12-31,0.747377,0.381741,0.563279,0.970169,0.690767,0.063205,0.038282,0.028511,0.047302,38.954654,21.942343,2.462124,31.765182,28.574073,27.721676,40.131725,0.025671,0.460481,0.278902,4.071697,13.64396,0.456018,,0.067962,15.803585,,1.226332,,0.029355
PLD,2023-12-31,0.749443,0.384433,0.381283,0.818573,0.669668,0.057524,0.032887,0.035273,0.045501,42.846561,16.336674,2.464696,24.395196,25.214049,20.639546,30.820578,0.023339,0.556546,0.318187,4.334804,6.598924,0.545742,,0.086255,24.634689,,1.756352,,0.033358
PLD,2024-12-31,0.749166,0.377736,0.454988,0.918441,0.598932,0.069167,0.039145,0.035065,0.053429,35.125836,15.981838,2.429547,26.683881,21.98427,20.19125,33.712074,0.028469,0.583761,0.330378,3.924317,5.914484,0.916959,,0.086035,20.128429,,1.316369,,0.028256
PLD,2025-12-31,0.745777,0.388425,0.378633,0.838168,0.569779,0.062569,0.033712,0.03663,0.049369,39.383324,14.911821,2.464166,26.171214,22.476884,18.839404,33.064378,0.025391,0.670773,0.361416,4.600061,4.876864,0.908561,,0.089037,14.617469,,1.504834,,0.021099
PLTR,2022-12-31,0.785637,-0.084581,-0.196081,-0.072764,0.096392,-0.145675,-0.107969,-0.062838,-0.056103,-1142.289472,223.981207,166.403524,2323.658414,-3012.657251,219.213312,2274.194627,-0.000875,0.097221,0.072056,,-39.724248,5.173269,,0.550633,7.377203,,-0.5987,0.021002,0.296346
PLTR,2023-12-31,0.806246,0.053917,0.094303,0.068907,0.313288,0.060372,0.046397,0.031647,0.031767,2034.453889,191.854825,122.823132,612.391725,2724.969312,187.770805,599.355724,0.000492,0.066001,0.050723,,34.572334,5.547611,,0.491995,6.099533,,3.394176,0.006793,0.213888
PLTR,2024-12-31,0.802482,0.108324,0.161294,0.119347,0.398265,0.092377,0.07289,0.059344,0.058075,923.601305,148.971644,85.319973,374.051605,1221.650618,145.80048,366.089157,0.001083,0.047812,0.037726,,,5.958014,,0.45191,4.983074,,2.496517,0.004409,0.241367
PLTR,2025-12-31,0.823665,0.31595,0.3631,0.321791,0.469359,0.219978,0.18258,0.188788,0.183048,262.689611,95.382513,57.785813,203.21866,290.101305,93.352103,198.892738,0.003807,0.031045,0.025767,,,7.109824,,0.502837,4.294786,,1.313495,0.007571,0.152841
PM,2022-12-31,0.641018,0.385555,0.284869,0.424375,0.306215,-1.01016,0.14669,0.289292,0.361101,32.491783,9.255892,-32.821888,30.226779,25.153771,10.674633,34.85993,0.030777,-4.814447,0.699129,2.961347,16.148438,0.717698,0.356051,0.51494,8.24987,230.232421,1.193966,0.033908,
PM,2023-12-31,0.633451,0.347444,0.222124,0.380224,0.224114,-0.696036,0.11964,0.258576,0.3077,37.627755,8.358039,-26.190258,37.293625,25.351255,9.639156,43.009981,0.026576,-4.268062,0.73363,3.353447,7.847969,0.748778,0.340409,0.538619,10.162959,223.637921,1.178037,0.037556,
PM,2024-12-31,0.648107,0.35382,0.186309,0.415782,0.284413,-0.600596,0.114221,0.297171,0.359207,41.658729,7.761383,-25.020055,27.289116,21.528204,8.951045,31.471983,0.024005,-3.888936,0.739593,2.633755,7.919455,0.880209,0.467685,0.613071,9.996833,187.150396,1.731189,0.038122,
PM,2025-12-31,0.671177,0.367374,0.279177,0.429615,0.26235,-1.135481,0.164024,0.308652,0.353467,25.906384,7.232475,-29.416215,27.568047,19.415202,8.341067,31.793668,0.038601,-4.886432,0.705861,2.517494,9.746062,0.958155,0.506745,0.587526,8.890639,234.149959,1.077987,0.0386,
PNC,2022-12-31,,,0.286113,,0.430189,0.131974,0.01084,,,15.398394,4.405688,2.032195,10.241297,,8.215341,19.097072,0.064942,1.282671,0.10536,,,,,0.037889,,,1.503559,,
PNC,2023-12-31,,,0.259333,,0.470082,0.109148,0.009933,,,16.676533,4.32478,1.820207,9.200049,,8.064471,17.155445,0.059965,1.423285,0.129522,,,,,0.038301,,,1.812657,,
PNC,2024-12-31,,,0.283003,,0.378682,0.108204,0.010515,,,15.79584,4.470263,1.709172,11.804784,,8.335754,22.012526,0.063308,1.133174,0.110123,,,,,0.037156,,,1.338088,,
PNC,2025-12-31,,,0.300559,,0.189973,0.114484,0.012093,,,13.411433,4.030927,1.535392,21.218453,,7.516519,39.56631,0.074563,0.942494,0.099553,,,,,0.040234,,,0.632065,,
PNR,2022-12-31,0.331069,0.144427,0.116672,0.174438,0.067471,0.177578,0.074587,0.103958,0.113736,18.558602,2.165275,3.295606,32.092167,14.742495,2.571657,38.115261,0.053883,0.885861,0.372082,3.071488,9.909385,1.465996,0.722886,0.639287,7.755033,104.651803,0.755459,0.020671,0.006041
PNR,2023-12-31,0.37013,0.180095,0.151712,0.207577,0.132343,0.193559,0.094876,0.142006,0.131322,14.332474,2.174402,2.774185,16.430103,12.441143,2.582496,19.513723,0.069772,0.650772,0.318986,2.133803,6.231615,1.652275,0.938606,0.625371,7.307281,106.253894,0.994379,0.018516,0.00709
PNR,2024-12-31,0.391594,0.21958,0.153179,0.22585,0.169565,0.175531,0.097014,0.149715,0.145459,14.270598,2.185959,2.504935,12.891567,11.495341,2.596222,15.31107,0.070074,0.495972,0.274118,1.658497,9.113995,1.604402,0.921908,0.633336,7.223638,100.209114,1.225935,0.018223,0.009724
PNR,2025-12-31,0.404765,0.222917,0.156561,0.225958,0.17864,0.168975,0.095184,0.145109,0.139758,13.650706,2.137172,2.306635,11.963581,11.233419,2.538279,14.20892,0.073256,0.456399,0.25709,1.628868,11.900576,1.607214,0.947774,0.607966,6.203209,107.459216,1.246253,0.016475,0.00886
PNW,2022-12-31,0.394963,0.169252,0.111831,0.381327,-0.107772,0.079952,0.021282,0.044902,0.039654,23.610306,2.640373,1.887693,-24.499551,16.952331,6.464386,-59.981881,0.042354,1.467625,0.390661,4.928944,3.252701,0.993424,0.737692,0.190305,9.541702,41.072648,2.567072,0.394852,0.003687
PNW,2023-12-31,0.392805,0.175605,0.106805,0.379292,-0.136004,0.081189,0.020338,0.047239,0.042579,22.765092,2.431434,1.84827,-17.877679,15.694615,5.952843,-43.769653,0.043927,1.667814,0.41779,5.064232,2.797922,0.666921,0.496105,0.190421,9.138089,46.482894,2.407896,0.39318,0.003693
PNW,2024-12-31,0.41702,0.197479,0.118793,0.403951,-0.124758,0.090136,0.023323,0.053159,0.047897,18.754728,2.227938,1.690475,-17.858134,13.503185,5.454626,-43.721801,0.05332,1.635747,0.423263,4.551827,2.951294,0.594066,0.417738,0.196336,9.750451,39.390787,2.64423,0.438875,0.004592
PNW,2025-12-31,0.416007,0.199933,0.115457,0.398872,-0.15347,0.087495,0.020529,0.051866,0.043182,18.519736,2.138225,1.620387,-13.932484,13.124472,5.234984,-34.110691,0.053996,2.029336,0.476153,4.956016,2.749822,0.538973,0.360186,0.177811,9.209475,26.167182,2.927825,0.491507,0.005142
PODD,2022-12-31,0.617176,0.028806,0.003524,0.083506,-0.029342,0.009656,0.002043,0.009397,0.024279,2119.826254,7.470467,20.468515,-254.600542,93.25413,7.787252,-265.396871,0.000472,2.942485,0.622718,6.675229,1.272222,3.602961,2.652043,0.57985,6.348735,288.310255,25.869565,0.120509,0.031334
PODD,2023-12-31,0.68346,0.129692,0.12156,0.190737,0.021507,0.281561,0.079708,0.098483,0.117408,47.26709,5.745802,13.308586,267.156185,31.401607,5.989453,278.484936,0.021156,1.932305,0.547021,2.198332,6.930939,3.5082,2.615913,0.655707,4.760449,337.174188,0.706253,0.064345,0.028519
PODD,2024-12-31,0.697866,0.149112,0.201921,0.204528,0.142981,0.345246,0.135473,0.119197,0.133982,23.311501,4.707087,8.048201,32.921002,23.990324,4.906691,34.317016,0.042897,1.138907,0.446902,1.006844,8.030445,3.579296,2.764762,0.67092,5.822372,302.134824,1.028448,0.064684,0.033452
PODD,2025-12-31,0.716332,0.174957,0.091245,0.18068,0.129205,0.16307,0.077451,0.139926,0.158905,39.462569,3.600754,6.435162,27.868536,20.773963,3.753443,29.050301,0.02534,0.626411,0.297518,0.476395,6.715488,2.814292,2.148802,0.848828,5.296499,248.325056,2.303926,0.081016,0.023153
POOL,2022-12-31,0.312864,0.165992,0.121116,0.172307,0.0714,0.605947,0.209922,0.297172,0.354976,8.155113,0.987712,4.941566,13.833427,7.291384,1.256354,17.595893,0.122622,1.344586,0.465812,1.259581,25.073525,2.987937,0.633302,1.733231,188.446528,103.743619,0.6478,0.007058,0.002408
POOL,2023-12-31,0.299561,0.134721,0.094418,0.141964,0.149439,0.398564,0.152631,0.239831,0.280949,11.665623,1.10145,4.649492,7.370546,9.868889,1.401027,9.375214,0.085722,1.03938,0.398033,1.254317,12.776899,2.355267,0.583697,1.616536,90.896483,84.583817,1.697591,0.010845,0.003534
POOL,2024-12-31,0.296622,0.116213,0.081779,0.124777,0.112919,0.341058,0.128949,0.212515,0.244534,14.053513,1.149284,4.793058,10.177906,11.715859,1.46187,12.946131,0.071157,0.998789,0.377629,1.316604,12.282667,2.048262,0.520992,1.5768,168.751684,76.818493,1.517725,0.011199,0.003624
POOL,2025-12-31,0.297285,0.109692,0.076834,0.119448,0.058516,0.342891,0.112077,0.185318,0.211303,15.019026,1.153968,5.149884,19.720441,12.288404,1.467828,25.08408,0.066582,1.295135,0.423325,1.732312,12.405474,2.237757,0.585256,1.458691,120.096179,81.800121,0.900213,0.01065,0.004298
PPG,2022-12-31,0.36115,0.106699,0.06571,0.129627,0.03055,0.155643,0.04946,0.09491,0.094988,22.646,1.488075,3.524696,48.710263,14.448022,1.872857,61.305652,0.044158,1.158222,0.368058,2.824605,9.113772,1.519381,1.038128,0.7527,5.529037,22.10534,0.938596,0.031126,0.002178
PPG,2023-12-31,0.404137,0.136991,0.078192,0.150905,0.116673,0.162155,0.058669,0.119654,0.116736,18.295115,1.430538,2.966649,12.261106,11.930965,1.800443,15.431555,0.054659,0.842569,0.304846,1.860873,7.842105,1.470321,1.087653,0.750312,6.194508,7.141286,1.898425,0.031769,0.003448
PPG,2024-12-31,0.416093,0.144336,0.070432,0.163143,0.044115,0.16448,0.057428,0.134955,0.145156,20.819709,1.46638,3.424436,33.240051,11.312494,1.845554,41.835187,0.048031,0.94252,0.329079,1.758221,8.684647,1.307738,0.939569,0.815366,6.396851,10.152169,1.272401,0.045503,0.002651
PPG,2025-12-31,0.413165,0.13663,0.099276,0.17726,0.07326,0.198464,0.071319,0.110383,0.132922,14.742891,1.463609,2.925928,19.978328,10.391896,1.842066,25.144279,0.067829,0.994333,0.357317,1.828358,9.485477,1.624286,1.216939,0.718391,5.704276,16.226782,1.231599,0.049008,0.002898
PPL,2022-12-31,0.365351,0.17388,0.095672,0.33675,-0.053784,0.05433,0.01998,0.038097,0.041941,33.187626,3.175126,1.803079,-59.03493,16.961234,5.711699,-106.197281,0.030132,1.022494,0.376034,5.213078,2.783626,0.745315,0.628398,0.208843,8.819196,-13.781504,2.28836,0.272716,0.004682
PPL,2023-12-31,0.394129,0.196102,0.089028,0.351901,-0.076035,0.053111,0.01886,0.044196,0.044295,33.905196,3.018509,1.80075,-39.699122,15.430374,5.429962,-71.414311,0.029494,1.119931,0.397696,5.221538,2.387387,0.877844,0.726647,0.211846,8.749474,-1.697621,2.375676,0.287536,0.00397
PPL,2024-12-31,0.400969,0.205625,0.10494,0.379461,-0.054952,0.063082,0.021622,0.044831,0.049131,28.25433,2.965002,1.782329,-53.956656,14.056009,5.333709,-97.062031,0.035393,1.193862,0.409214,5.138586,2.512195,0.864086,0.710771,0.206043,8.805411,-7.87254,2.635135,0.331482,0.005436
PPL,2025-12-31,0.427339,0.235457,0.130613,0.408759,-0.154944,0.079363,0.026103,0.0499,0.056022,21.244577,2.774811,1.686032,-17.908526,12.211538,4.991578,-32.215449,0.047071,1.300316,0.427681,4.945617,2.821782,0.864716,0.743511,0.19985,8.16065,-26.327631,2.22608,0.445698,0.005419
PRU,2022-12-31,,,-0.028902,,0.090513,-0.053836,-0.00239,,,-24.801457,0.716808,1.335207,7.919348,,1.07758,11.905196,-0.04032,0.688295,0.03056,,,,,0.082705,3.000369,,-3.131755,,
PRU,2023-12-31,,,0.045849,,0.119967,0.089432,0.00345,,,16.418006,0.75275,1.468296,6.274654,,1.131613,9.432719,0.060909,0.750324,0.028943,,,,,0.075241,1.986928,,2.616559,,
PRU,2024-12-31,,,0.038585,,0.120297,0.09784,0.003707,,,14.979098,0.57797,1.465557,4.804516,,0.868864,7.222653,0.06676,0.773895,0.029324,,,,,0.09608,1.875663,,3.117712,,
PRU,2025-12-31,,,0.058655,,0.102859,0.110241,0.004622,,,11.422819,0.670002,1.259264,6.513793,,1.007217,9.792218,0.087544,0.70775,0.029671,,,,,0.078795,1.383193,,1.753635,,
PSA,2022-12-31,0.748239,0.518736,1.039928,1.292409,0.635405,0.431746,0.247782,0.171693,0.265114,12.730359,13.238652,5.496276,20.834977,12.285534,15.877935,24.988677,0.078552,0.682076,0.391449,1.127752,33.134919,1.506282,,0.238269,,,0.716725,0.109937,0.013558
PSA,2023-12-31,0.7459,0.513328,0.475537,0.739787,0.616579,0.21455,0.108451,0.156266,0.12348,25.771776,12.255423,5.529334,19.876497,19.868805,14.698687,23.839113,0.038802,0.90913,0.459548,2.613087,11.793613,0.617707,,0.22806,,,1.511245,0.102074,0.009201
PSA,2024-12-31,0.73209,0.468772,0.441265,0.746706,0.576757,0.213332,0.104886,0.149246,0.12399,26.720998,11.791041,5.700448,20.443678,18.938805,14.141725,24.519367,0.037424,0.962979,0.473453,2.53993,8.268865,0.77755,,0.237693,,,1.509768,0.08945,0.00953
PSA,2025-12-31,0.728453,0.468582,0.369881,0.672899,0.60054,0.192942,0.088296,0.149188,0.106875,31.028814,11.47697,5.986747,19.111096,20.456336,13.76504,22.921119,0.032228,1.108752,0.507402,3.060801,6.877942,0.750875,,0.238716,,,1.785778,0.059986,0.008271
PSKY,2021-12-31,0.379277,0.141818,0.158924,0.230253,0.020954,,,,,2.521476,0.400723,,19.12365,4.11259,0.946934,45.190429,0.396593,,,,6.279919,,,,,,0.209773,0.012384,0.006717
PSKY,2022-12-31,0.341878,0.096107,0.036612,0.085395,-0.00461,0.047925,0.018906,0.061169,0.046545,10.375966,0.379885,0.497268,-82.410548,10.512259,0.897694,-194.741491,0.096377,0.74987,0.295823,5.033398,2.359828,1.227236,1.107318,0.516398,4.068268,88.596832,0.19837,0.011872,0.005704
PSKY,2023-12-31,0.244975,-0.013456,-0.020505,0.002867,0.004958,-0.026991,-0.011355,-0.00765,-0.007588,-18.840569,0.386317,0.508526,77.92562,318.459615,0.912892,184.143315,-0.053077,0.703987,0.296173,142.847059,-0.361957,1.315555,1.169118,0.553798,4.167533,92.701042,-0.78125,0.011062,0.005969
PSKY,2024-12-31,0.296375,0.055044,-0.211892,-0.168589,0.016739,-0.379289,-0.134064,0.049596,-0.145508,-1.850576,0.392122,0.701904,23.425493,-5.496257,0.92661,55.355966,-0.540372,0.952757,0.336763,-2.404061,-6.182558,1.302253,1.153878,0.632699,4.221532,94.913952,-0.121486,0.009003,0.008387
PSKY,2025-12-31,,,,,,,,,,,,0.979652,,,,,,1.266399,0.341655,,,1.256722,1.118879,,,,,,
PSX,2022-12-31,0.108412,0.056592,0.064851,0.099476,0.052503,0.373771,0.144214,0.160346,0.252357,9.933543,0.644199,3.71287,12.269734,7.489508,0.74503,14.190205,0.100669,0.58283,0.224876,0.653873,23.802181,1.379697,1.173516,2.223778,15.474738,4.20747,0.98086,0.011107,
PSX,2023-12-31,0.117613,0.053935,0.047592,0.083935,0.033067,0.229376,0.092913,0.121696,0.174281,15.61046,0.742932,3.580662,22.467661,10.23663,0.859216,25.984321,0.06406,0.632999,0.256407,1.296153,11.225702,1.257631,1.021128,1.952279,12.565985,8.978587,1.001996,0.01462,
PSX,2024-12-31,0.075639,0.012197,0.014788,0.041808,0.01629,0.07724,0.029167,0.029906,0.062997,51.727624,0.764967,3.995453,46.958567,21.160833,0.884701,54.308569,0.019332,0.731976,0.276405,3.061654,3.82471,1.187115,0.922317,1.972293,12.974984,10.728562,1.979688,0.012986,
PSX,2025-12-31,0.098447,0.025541,0.033261,0.073707,0.020616,0.151342,0.059758,0.05787,0.107797,24.871083,0.827245,3.764046,40.127292,12.980177,0.956726,46.408055,0.040207,0.677689,0.26759,1.906324,5.990792,1.296038,0.913552,1.796634,13.547846,15.411438,1.126959,0.016869,
PTC,2022-09-30,0.800357,0.250134,0.161937,0.296587,0.211746,0.136357,0.066794,0.104555,0.115883,47.09617,7.626627,6.421907,36.017763,27.905456,8.276402,39.086412,0.021233,0.67081,0.328593,1.880772,8.317351,1.348875,,0.412468,3.037199,,1.390458,0.013421,0.090446
PTC,2023-09-30,0.789702,0.218408,0.117088,0.285708,0.279939,0.091712,0.039044,0.077328,0.100047,60.050973,7.031256,5.507403,25.117096,26.70665,7.630306,27.257027,0.016653,0.705556,0.30037,2.349485,3.569724,0.764347,,0.333456,2.584494,,2.487827,0.011356,0.098452
PTC,2024-09-30,0.806473,0.2555,0.163732,0.317612,0.320041,0.117077,0.058954,0.094956,0.124803,39.180502,6.415095,4.587147,20.044584,21.918731,6.961649,21.752346,0.025523,0.600525,0.302391,2.031122,4.91935,0.778977,,0.360062,2.666586,,1.992873,0.006255,0.097222
PTC,2025-09-30,0.837552,0.364347,0.267958,0.413479,0.312748,0.191833,0.110923,0.158469,0.18536,20.088523,5.382877,3.853642,17.211536,14.127659,5.841488,18.677927,0.04978,0.35802,0.207017,0.89441,12.947403,1.117959,,0.413957,2.736257,,1.182152,0.004019,0.078929
PWR,2022-12-31,0.14813,0.049108,0.028768,0.086264,0.041155,0.09124,0.036481,0.066876,0.082346,194.884539,5.606518,17.781329,136.228254,69.202249,5.969686,145.052594,0.005131,0.738463,0.295261,2.241491,6.659931,1.625295,1.594978,1.268083,4.646561,48.46835,2.301175,0.025046,0.006185
PWR,2023-12-31,0.14065,0.052338,0.035661,0.084793,0.054647,0.118728,0.045863,0.080782,0.10494,128.543784,4.584053,15.261713,83.884876,57.563467,4.88099,89.318614,0.007779,0.711659,0.274905,1.642576,6.189345,1.472612,1.438917,1.28607,4.734304,39.428993,2.116255,0.020822,0.00607
PWR,2024-12-31,0.148304,0.055044,0.038222,0.091119,0.062397,0.123648,0.048428,0.086838,0.111788,105.794212,4.043677,13.08126,64.805345,47.252668,4.305611,69.003185,0.009452,0.612069,0.239723,1.585727,6.979811,1.302317,1.259158,1.267016,4.578049,46.491578,2.300111,0.025518,0.006359
PWR,2025-12-31,0.15011,0.055727,0.036109,0.089934,0.056911,0.115054,0.041256,0.079693,0.101843,93.083615,3.361171,10.709608,59.059845,39.79484,3.578895,62.885514,0.010743,0.718144,0.257511,2.16899,6.314712,1.136208,1.093716,1.142529,4.159386,50.623501,2.168434,0.021389,0.006389
PYPL,2022-12-31,0.500509,0.146958,0.087906,0.181227,0.185588,0.119315,0.030767,0.094694,0.109174,18.534397,1.629286,2.211439,8.779069,9.584862,1.737034,9.359645,0.053954,0.513811,0.132491,0.529577,12.072368,1.275862,,0.349995,0.739195,,2.403059,0.025656,0.045825
PYPL,2023-12-31,0.460314,0.166068,0.142622,0.229418,0.141749,0.201701,0.051676,0.126259,0.170861,10.559281,1.505986,2.129814,10.624338,6.998493,1.605579,11.326944,0.094703,0.459646,0.117762,0.087116,16.59366,1.290987,,0.362327,0.744201,,1.140603,0.020926,0.049545
PYPL,2024-12-31,0.460987,0.181244,0.130421,0.212064,0.212819,0.203115,0.052677,0.148031,0.171837,10.811359,1.410029,2.19595,6.625492,7.088789,1.503277,7.063648,0.092495,0.483861,0.125487,0.477087,14.950262,1.279534,,0.4039,0.822584,,1.796479,0.02148,0.038683
PYPL,2025-12-31,0.466206,0.192813,0.157754,0.232003,0.167732,0.258343,0.065271,0.175892,0.199615,8.567687,1.351583,2.213404,8.057999,6.21098,1.440965,8.590889,0.116718,0.493039,0.124568,0.251819,15.267574,1.286717,,0.413755,0.849736,,1.226065,0.025684,0.030206
Q,2022-12-31,0.453628,0.217455,0.162776,0.304522,0.2,,,,,32.448949,5.281911,,26.409554,20.00586,6.092216,30.461078,0.030818,,,,,,,,,,1.489664,0.042482,0.002524
Q,2023-12-31,0.434944,0.162825,0.125651,0.256506,0.161338,0.046352,0.040508,0.050657,0.053383,49.537448,6.224408,2.296168,38.579856,27.988874,7.179302,44.498441,0.020187,,,,,2.014771,1.225997,0.322387,7.192513,67.076159,1.739645,0.057249,0.003222
Q,2024-12-31,0.460438,0.195386,0.159862,0.298731,0.198616,0.065107,0.056465,0.063943,0.0788,36.241683,5.793653,2.359591,29.170135,22.369486,6.682465,33.645162,0.027593,,,,,1.76758,1.056019,0.353214,7.474138,59.602485,1.531025,0.046136,0.002999
Q,2025-12-31,0.461716,0.213294,0.145562,0.29512,0.207825,0.097533,0.049183,0.069101,0.080777,36.294055,5.283022,3.539885,25.420533,20.64753,6.093497,29.320329,0.027553,0.567583,0.286212,2.218104,15.8,1.945428,1.457965,0.337882,7.246951,47.655965,1.839595,0.05995,0.004207
QCOM,2022-09-30,0.578394,0.358824,0.29267,0.390271,0.154615,0.718148,0.263925,0.409982,0.416927,14.673448,4.294473,10.537707,27.7752,11.223976,4.380398,28.33093,0.06815,0.85949,0.315869,0.736754,31.608163,1.746503,1.212119,0.901783,10.586826,84.325213,0.703154,0.051176,0.04595
QCOM,2023-09-30,0.556979,0.241485,0.201898,0.277666,0.274958,0.33511,0.141693,0.230648,0.196489,26.246642,5.299155,8.795502,19.272588,19.466477,5.405181,19.658197,0.0381,0.713498,0.301685,0.698572,11.724784,2.333195,1.666182,0.701803,18.627145,123.328753,1.562362,0.04048,0.069347
QCOM,2024-09-30,0.562137,0.263154,0.260305,0.32696,0.286459,0.386009,0.183885,0.245155,0.2471,18.715807,4.871817,7.22447,17.007053,15.198491,4.969293,17.347333,0.053431,0.556976,0.26533,0.532616,15.829268,2.402037,1.790556,0.706422,16.600767,104.122634,1.203116,0.026718,0.067964
QCOM,2025-09-30,0.554286,0.279875,0.125124,0.33712,0.289495,0.261294,0.110504,0.150576,0.325057,34.256581,4.286327,8.951038,14.806218,12.968958,4.372089,15.102463,0.029191,0.698434,0.295375,0.622346,20.070783,2.816492,2.1028,0.883154,15.511033,92.600185,2.528785,0.026917,0.062844
RCL,2022-12-31,0.251584,-0.086652,-0.243891,0.06957,-0.252149,-0.751481,-0.063832,-0.02917,-0.031425,-30.492761,7.436922,22.914741,-29.49412,144.080323,10.023688,-39.752983,-0.032795,8.363193,0.710386,34.887805,-0.580645,0.373848,0.34772,0.261724,16.647834,-1.411834,-0.223098,0.306561,0.004072
RCL,2023-12-31,0.440647,0.20705,0.122086,0.328561,0.041727,0.359229,0.048305,0.109562,0.120948,38.740361,4.729669,13.916679,113.348954,19.402102,6.374777,152.774825,0.025813,4.684589,0.629928,4.588351,2.219686,0.190618,0.164238,0.395662,34.320988,-14.903372,2.638185,0.28036,0.009065
RCL,2024-12-31,0.475159,0.249196,0.174522,0.372035,0.12114,0.380405,0.07761,0.146307,0.16633,22.851023,3.988013,8.692634,32.920578,14.44797,5.375153,44.371256,0.043762,2.752876,0.56164,3.210174,2.850943,0.173678,0.146684,0.444699,44.433962,-19.375715,1.830031,0.198241,0.016197
RCL,2025-12-31,0.493532,0.273782,0.237984,0.394948,0.068919,0.425227,0.102549,0.153525,0.181471,15.40356,3.665796,6.550004,53.189639,12.510151,4.940861,71.690452,0.06492,2.195377,0.529446,2.897078,5.408266,0.183409,0.16151,0.430909,56.574132,-21.235726,1.514761,0.291569,0.009758
RDDT,2022-12-31,0.84281,-0.25823,-0.237813,-0.24623,-0.150373,0.418267,-0.099112,0.454177,-0.115293,-183.052759,43.53228,-76.564947,-289.494832,-159.948847,39.384256,-261.909976,-0.005463,-0.051421,0.012185,,,13.939215,,0.416763,3.472636,,0.593005,0.009349,0.082961
RDDT,2023-12-31,0.861932,-0.174323,-0.112961,-0.157282,-0.105516,0.219954,-0.056891,0.339437,-0.095811,-319.552265,36.096975,-70.286918,-342.099235,-207.636647,32.657432,-309.501906,-0.003129,-0.062353,0.016127,,,11.077989,,0.50363,3.278018,,0.827028,0.012094,0.059199
RDDT,2024-12-31,0.904942,-0.431138,-0.372461,-0.419107,0.165989,-0.22728,-0.207257,-0.26258,-0.259454,-59.930731,22.321876,13.621039,134.477875,-48.185572,20.19491,121.663992,-0.016686,0.012532,0.011428,,,12.631238,,0.556453,3.719824,,-0.458557,0.004805,0.616554
RDDT,2025-12-31,0.91182,0.200673,0.240508,0.207914,0.310632,0.180852,0.163536,0.150897,0.148922,54.789247,13.177269,9.908719,42.420827,57.339349,11.921658,38.378709,0.018252,0.007925,0.007167,,,11.559829,,0.679959,3.732036,,1.304224,0.003045,0.155813
REG,2022-12-31,0.717372,0.38587,0.39449,0.779331,0.535787,0.079197,0.044462,0.048079,0.060156,28.245244,11.142479,2.236948,20.796474,19.683607,15.340041,28.63086,0.035404,0.704394,0.395451,3.83711,4.338452,0.812078,,0.112707,7.664508,,1.358175,,0.013497
REG,2023-12-31,0.70149,0.353998,0.275665,0.663456,0.544128,0.051838,0.029336,0.042708,0.044067,37.411542,10.313036,1.939321,18.953322,21.400262,14.198132,26.09336,0.02673,0.682287,0.386123,4.637551,3.40434,0.636685,,0.10642,7.626502,,1.973878,,0.01518
REG,2024-12-31,0.702145,0.353397,0.275388,0.683386,0.543501,0.059545,0.03231,0.047104,0.050178,34.063557,9.380702,2.028308,17.259775,18.897929,12.914572,23.761826,0.029357,0.746291,0.404954,4.380553,3.168202,0.729649,,0.117326,7.540487,,1.973581,,0.016166
REG,2025-12-31,0.705728,0.375318,0.339525,0.74183,0.532784,0.076367,0.04057,0.051051,0.059843,25.857202,8.779162,1.974643,16.477916,16.292708,12.086422,22.685428,0.038674,0.772869,0.410584,4.021554,3.620176,0.803463,,0.11949,7.38195,,1.569203,,0.012526
REGN,2022-12-31,0.871814,0.389299,0.356398,0.432075,0.279145,0.191423,0.148502,0.171689,0.18863,18.625352,6.638042,3.565312,23.779937,13.8952,6.003762,21.507708,0.05369,0.119193,0.092468,,82.79798,5.056537,4.291917,0.416673,2.284403,583.795739,1.155933,0.132828,0.059559
REGN,2023-12-31,0.861571,0.308534,0.301406,0.357797,0.279602,0.152219,0.119516,0.136297,0.144058,20.438139,6.160173,3.111074,22.031908,15.571813,5.571554,19.926707,0.048928,0.104065,0.081707,,58.524658,5.690016,4.936233,0.396527,2.314541,554.478839,1.161979,0.070625,0.067469
REGN,2024-12-31,0.861252,0.280996,0.310703,0.374454,0.249183,0.150326,0.116861,0.117558,0.142986,18.312157,5.689637,2.752788,22.833147,13.742608,5.145979,20.651386,0.054609,0.092132,0.071622,,87.592391,4.731106,3.948381,0.376118,2.286257,585.276082,1.00179,0.062076,0.069202
REGN,2025-12-31,0.853537,0.258107,0.314086,0.40565,0.262513,0.144125,0.111071,0.09591,0.145743,17.936963,5.633744,2.585164,21.460806,12.561134,5.095426,19.410175,0.055751,0.08657,0.066716,,120.422374,4.125515,3.392798,0.353633,2.498284,539.091649,1.105219,0.08462,0.069282
RF,2022-12-31,,,0.313329,,0.392742,0.140779,0.014463,,,10.815141,3.388694,1.522543,8.628284,,4.215351,10.733117,0.092463,0.143224,0.014715,,,,,0.04616,14.021526,,1.381737,0.040195,
RF,2023-12-31,,,0.273759,,0.283923,0.118997,0.013627,,,11.706843,3.204856,1.39308,11.28777,,3.986667,14.041372,0.08542,0.133685,0.015309,,,,,0.049779,12.338762,,1.112825,0.020723,
RF,2024-12-31,,,0.26726,,0.204998,0.105878,0.012034,,,12.826198,3.427925,1.358017,16.721758,,4.264152,20.800958,0.077965,0.363163,0.041277,,,,,0.045028,12.382867,,0.844163,0.020613,
RF,2025-12-31,,,0.286474,,0.285809,0.113217,0.013576,,,11.261592,3.226148,1.275009,11.28777,,4.013153,14.041372,0.088797,0.256472,0.030753,,,,,0.047389,13.180385,,1.011596,0.003986,
RJF,2022-09-30,,,0.139066,,-0.001751,0.159547,0.018641,,,20.973145,2.916641,3.346212,-1665.709218,,2.01268,-1149.45218,0.04768,0.351977,0.041124,,,,,0.134044,3.698364,,0.047714,0.008386,0.017694
RJF,2023-09-30,,,0.151639,,-0.321503,0.170257,0.022192,,,18.199238,2.759721,3.098539,-8.583801,,1.904394,-5.923404,0.054947,0.307323,0.040059,,,,,0.14635,4.541782,,-2.020702,0.015085,0.020666
RJF,2024-09-30,,,0.163621,,0.154284,0.177161,0.024918,,,15.303905,2.504033,2.711255,16.229987,,1.727952,11.19979,0.065343,0.264628,0.03722,,,,,0.152292,4.662117,,1.04207,0.01622,0.020097
RJF,2025-09-30,,,0.154241,,0.16226,0.170759,0.024198,,,14.823642,2.286409,2.531271,14.09104,,1.577777,9.723772,0.06746,0.337519,0.04783,,,,,0.156885,4.906771,,1.140047,0.013582,0.01835
RL,2022-03-31,0.666961,0.135386,0.096502,0.16697,0.088285,0.236632,0.077686,0.160469,0.147852,33.271137,3.210744,7.873032,36.367959,20.252633,3.381573,38.302931,0.030056,1.3375,0.439098,,14.974074,1.869619,1.436361,0.805015,15.339171,116.957529,1.192968,0.026839,0.013138
RL,2023-03-31,0.646502,0.117465,0.081119,0.147868,0.03003,0.215059,0.076987,0.160214,0.138274,38.197837,3.09858,8.214774,103.183511,22.070014,3.263441,108.673431,0.026179,1.185723,0.424464,,18.126238,2.225711,1.508403,0.949054,14.392674,137.481689,0.786302,0.033754,0.011717
RL,2024-03-31,0.668305,0.125358,0.097461,0.158126,0.136457,0.263764,0.097886,0.192467,0.159598,30.892789,3.010829,8.148394,22.064327,20.053699,3.171021,23.238268,0.03237,1.091825,0.405189,,19.421801,2.28994,1.675027,1.004362,14.85196,119.161261,1.655114,0.024851,0.015004
RL,2025-03-31,0.685535,0.139836,0.104944,0.17155,0.143933,0.287,0.105416,0.20732,0.202458,26.87577,2.820456,7.713351,19.595652,17.315801,2.97052,20.638246,0.037208,1.030751,0.378599,,22.557823,1.77621,1.331162,1.004498,15.405876,107.904109,1.662539,0.030541,0.015242
RL,2026-03-31,0.698651,0.159874,0.115978,0.180529,0.086869,0.33121,0.121597,0.254068,0.208338,21.215609,2.460535,7.026821,28.324598,14.354774,2.591449,29.83162,0.047135,1.059126,0.388836,,22.728782,2.128223,1.572899,1.048453,16.502949,109.184081,1.226437,0.05537,0.013679
RMD,2022-06-30,0.565746,0.280077,0.217834,0.328841,0.054529,0.231923,0.152955,0.196628,0.22303,41.639447,9.070479,9.657165,166.34288,27.036409,8.890688,163.045713,0.024016,0.273019,0.180058,0.426241,44.047822,2.80209,1.722863,0.702164,6.212565,196.09295,0.450514,0.043608,0.018238
RMD,2023-06-30,0.557818,0.272792,0.21254,0.319574,0.132441,0.217331,0.132938,0.168472,0.192218,36.159667,7.685385,7.858617,58.028578,23.572154,7.533049,56.878364,0.027655,0.382553,0.234001,0.898994,24.314506,3.121591,1.805878,0.62547,5.990834,226.536274,0.77243,0.031731,0.016846
RMD,2024-06-30,0.566731,0.295418,0.217905,0.341564,0.274562,0.209898,0.148558,0.200542,0.232167,31.789308,6.927058,6.6725,25.229497,19.878408,6.789754,24.72941,0.031457,0.179673,0.127166,0.292972,30.281811,2.589036,1.686115,0.681756,5.595888,170.325562,1.372505,0.024514,0.017114
RMD,2025-06-30,0.593621,0.327489,0.272179,0.37331,0.320801,0.234711,0.171355,0.212056,0.235541,23.17041,6.306503,5.438353,19.658623,16.558631,6.181498,19.26896,0.043158,0.142733,0.104205,,,3.439835,2.529529,0.629567,5.477776,179.998129,1.250488,0.019556,0.017811
RMD,2026-06-30,0.610555,0.337575,0.269445,0.380761,0.288082,0.231314,0.169898,0.209061,0.25208,21.30603,5.740807,4.928381,19.927674,14.778331,5.627016,19.532677,0.046935,0.125417,0.092117,,,3.099927,2.421984,0.630546,5.455764,172.484452,1.185477,0.031339,0.018457
ROK,2022-09-30,0.399722,0.172066,0.120123,0.185003,0.087882,0.342016,0.086646,0.174211,0.166534,49.611326,5.959445,16.967889,67.811845,34.331721,6.351483,72.272803,0.020157,1.534708,0.388802,2.330222,9.714286,1.010778,0.715665,0.721314,4.468475,83.736205,0.882965,0.018182,0.008775
ROK,2023-09-30,0.488298,0.186907,0.153124,0.220026,0.133915,0.389432,0.1227,0.206127,0.219557,33.343676,5.105727,12.985085,38.126692,24.731586,5.441604,40.634832,0.029991,0.936349,0.295019,0.950527,12.911111,1.459246,1.041779,0.801309,4.179201,107.394552,0.990627,0.017774,0.009715
ROK,2024-09-30,0.465997,0.14424,0.115319,0.190102,0.077323,0.272441,0.084847,0.143938,0.164394,48.528518,5.596282,13.221177,72.375083,31.374953,5.96443,77.136231,0.020606,1.16781,0.363693,2.01655,8.142857,1.076859,0.718091,0.735755,4.586016,115.403293,0.906611,0.027227,0.012101
ROK,2025-09-30,0.481419,0.170583,0.104172,0.167586,0.162791,0.237822,0.077458,0.168988,0.138024,53.219422,5.543956,12.656726,34.055728,35.257548,5.908661,36.296062,0.01879,0.998084,0.325074,1.971388,6.878205,1.135269,0.773295,0.74356,4.320041,111.236347,1.776755,0.022297,0.010189
ROL,2022-12-31,0.514657,0.183019,0.13673,0.219926,0.161473,0.290877,0.173701,0.27571,0.308034,42.332036,5.788045,12.313434,35.845335,28.015341,6.161296,38.156873,0.023623,0.265412,0.158494,,190.12699,0.706015,0.645776,1.270399,17.307655,17.448138,1.264057,0.011361,0.00787
ROL,2023-12-31,0.521725,0.191464,0.141529,0.229418,0.161359,0.376401,0.167584,0.265172,0.299842,35.873767,5.077167,13.502935,31.465043,23.557809,5.404576,33.494111,0.027876,0.706448,0.314529,0.548817,31.76657,0.705127,0.64724,1.184098,17.244874,17.238015,1.214755,0.010564,0.008006
ROL,2024-12-31,0.5269,0.193945,0.137627,0.227558,0.171181,0.350505,0.165401,0.281797,0.302551,33.456794,4.604571,11.726761,26.898909,21.539595,4.901503,28.633524,0.029889,0.610651,0.288162,0.396407,23.770893,0.686065,0.624792,1.201799,17.282184,18.821914,1.302917,0.008136,0.008848
ROL,2025-12-31,0.527524,0.193049,0.140042,0.227125,0.17283,0.383247,0.167713,0.274978,0.30976,29.62483,4.148721,11.35364,24.00468,19.44418,4.416257,25.552656,0.033755,0.755286,0.33052,0.596827,25.543946,0.60174,0.547023,1.197587,18.571436,19.37059,1.287451,0.007468,0.010557
ROP,2022-12-31,0.698611,0.283797,0.846029,0.395491,0.123664,0.283374,0.168442,0.051633,0.061208,8.111495,6.862562,2.298589,55.493469,22.508267,8.901823,71.983763,0.123282,0.418268,0.248625,2.762485,7.663202,0.668073,0.629594,0.199097,7.414493,46.680352,0.161639,0.013087,0.02206
ROP,2023-12-31,0.697206,0.282495,0.22406,0.43106,0.31194,0.079347,0.049142,0.057626,0.075693,26.632214,5.967223,2.113198,19.129423,17.956746,7.740428,24.813872,0.037549,0.365347,0.226268,2.296583,11.583485,0.499933,0.459908,0.219324,7.444029,44.271545,1.470236,0.017482,0.019991
ROP,2024-12-31,0.693019,0.283669,0.220096,0.431754,0.324213,0.082114,0.049444,0.059365,0.080953,23.794172,5.237003,1.953842,16.152971,15.734013,6.793217,20.952946,0.042027,0.406475,0.244751,2.446302,8.589506,0.402562,0.37104,0.224646,7.953,41.28336,1.544698,0.015769,0.020727
ROP,2025-12-31,0.692439,0.282873,0.194407,0.399785,0.308206,0.077273,0.044431,0.060783,0.07329,23.995516,4.664892,1.854202,15.135618,15.135889,6.051099,19.633279,0.041674,0.470251,0.270391,2.849872,6.957231,0.517527,0.479493,0.228548,7.894605,44.942599,1.653518,0.013249,0.021044
ROST,2022-01-31,0.275284,0.123326,0.091064,0.142437,0.062434,0.424278,0.126287,0.273215,0.247599,42.199389,3.842846,17.904263,61.550931,27.035052,3.85078,61.678021,0.023697,1.384746,0.412173,,31.049361,1.773025,1.236297,1.386795,158.630775,-0.628584,1.009439,0.02949,0.007095
ROST,2023-01-31,0.254046,0.106459,0.080876,0.131724,0.055376,0.352574,0.1127,0.22449,0.211451,48.075551,3.888151,16.950168,70.213458,29.578322,3.896179,70.358434,0.020801,1.330614,0.425332,,25.674592,1.898859,1.34238,1.393499,128.322573,3.199574,1.11728,0.034985,0.006522
ROST,2024-01-31,0.27361,0.113249,0.091992,0.145522,0.085964,0.384807,0.131084,0.238686,0.25171,38.779103,3.567376,14.922467,41.498611,24.564883,3.574742,41.584297,0.025787,1.179905,0.401934,,34.362321,1.767439,1.24371,1.42495,155.827516,8.171098,1.341405,0.037435,0.00714
ROST,2025-01-31,0.277753,0.12237,0.09895,0.154636,0.07747,0.379498,0.140267,0.253836,0.275349,34.768814,3.440364,13.194705,44.408891,22.294142,3.447468,44.500586,0.028761,1.031445,0.381235,,44.497152,1.617113,1.092744,1.417561,146.241186,10.106473,1.127352,0.034081,0.007397
ROST,2026-01-31,0.277061,0.119002,0.094285,0.148985,0.097035,0.346677,0.137956,0.265191,0.268627,33.888444,3.195183,11.748343,32.92804,21.490636,3.201781,32.996029,0.029509,0.842406,0.335226,,75.907938,1.582725,1.037692,1.463177,125.485017,8.335849,1.411105,0.036011,0.007708
RSG,2022-12-31,0.392717,0.178595,0.110132,0.271482,0.128488,0.153624,0.051217,0.091279,0.086781,44.876255,4.942333,6.89406,38.465361,22.073299,5.992514,46.638745,0.022283,1.247305,0.415841,3.173964,5.637975,0.695166,0.666676,0.465048,8.055688,-4.745001,2.143817,0.107616,0.002887
RSG,2023-12-31,0.402406,0.187705,0.11567,0.287203,0.132776,0.1642,0.05511,0.094998,0.099294,38.576469,4.462136,6.334269,33.606375,18.837799,5.410281,40.747288,0.025923,1.239708,0.416078,2.949977,5.312992,0.56315,0.539972,0.476441,8.464367,-10.507703,2.090121,0.108988,0.002733
RSG,2024-12-31,0.416791,0.201098,0.127433,0.296594,0.129803,0.179132,0.063052,0.112349,0.105079,32.685202,4.165161,5.854964,32.088355,17.027311,5.050203,38.906709,0.030595,1.136081,0.399883,2.658044,5.512059,0.582849,0.559109,0.494784,8.803954,-7.221034,1.926579,0.115706,0.00262
RSG,2025-12-31,0.419565,0.200229,0.128925,0.307154,0.145199,0.178727,0.062242,0.107218,0.10408,31.218264,4.024825,5.579534,27.719331,15.887924,4.880047,33.609324,0.032033,1.153576,0.401734,2.650118,5.519164,0.642312,0.615326,0.482774,8.745915,-6.326457,2.008415,0.113736,
RTX,2022-12-31,0.203775,0.082059,0.077482,0.171825,0.065495,0.071552,0.032714,0.045847,0.061937,50.310768,3.898158,3.59986,59.518567,25.490939,4.379984,66.875274,0.019876,0.461229,0.210872,2.229414,5.705385,1.08511,0.813673,0.42221,7.364295,54.491097,1.379257,0.041372,0.006262
RTX,2023-12-31,0.175406,0.051669,0.046358,0.140743,0.068442,0.05343,0.019738,0.030279,0.047686,81.835701,3.793747,4.372472,55.430372,30.286915,4.262668,62.281763,0.01222,0.75653,0.279479,3.839175,3.320629,1.035414,0.783559,0.425776,6.359107,64.32793,2.467293,0.045937,0.009954
RTX,2024-12-31,0.190864,0.080978,0.05913,0.155169,0.048589,0.07936,0.029313,0.052175,0.07331,54.768551,3.238439,4.34645,66.649264,23.450118,3.638721,74.887351,0.018259,0.713029,0.263372,2.84826,4.144162,0.992893,0.744966,0.495748,7.355867,48.899506,1.499581,0.04008,0.009785
RTX,2025-12-31,0.200772,0.104963,0.075979,0.168685,0.08406,0.10318,0.03935,0.072981,0.094109,38.839136,2.950973,4.007434,35.105406,19.656301,3.315724,39.444559,0.025747,0.605502,0.230923,2.038606,5.759128,1.026334,0.798993,0.517907,6.027005,47.515105,1.569667,0.035202,0.012325
RVTY,2022-12-31,0.600826,0.224257,0.171863,0.357142,0.179411,0.077094,0.040282,0.049599,0.060053,28.123084,4.833312,2.168135,26.939854,15.493545,5.533402,30.842006,0.035558,0.622449,0.325231,3.331032,7.270377,2.129229,1.866706,0.234385,5.404586,104.155842,1.194369,0.025856,0.015556
RVTY,2023-12-31,0.559771,0.109273,0.251982,0.259422,0.003601,0.088037,0.051096,0.025047,0.023261,23.095091,5.819544,2.033227,1616.222604,25.682063,6.662486,1850.327263,0.043299,0.516376,0.299697,4.185335,2.85174,2.069057,1.773936,0.202775,4.346592,151.477199,0.131688,0.029582,0.015055
RVTY,2024-12-31,0.558129,0.125858,0.098142,0.304989,0.196605,0.035267,0.021818,0.028702,0.03513,59.201023,5.810133,2.087822,29.552366,21.809671,6.651713,33.832932,0.016892,0.433789,0.268373,2.365147,4.283471,3.597624,3.034789,0.222314,4.356461,143.786263,2.32372,0.031451,0.013724
RVTY,2025-12-31,0.547737,0.12487,0.084453,0.268133,0.178362,0.033267,0.019822,0.030456,0.033262,66.364023,5.604616,2.207762,31.422699,23.929999,6.416426,35.974176,0.015068,0.468695,0.279265,3.003654,3.910202,1.682444,1.397375,0.23471,3.835319,149.997238,2.416793,0.025743,0.008
SATS,2022-12-31,0.344729,0.119863,0.132966,0.246289,-0.408949,0.115309,0.042175,0.038277,0.06528,,,,,,,,,1.196264,0.437543,4.444703,43.103362,1.048909,0.951746,0.317188,15.757055,11.280279,1.461501,0.603279,0.004454
SATS,2023-12-31,0.297978,0.028397,-0.100029,-0.014305,-0.10771,-0.085616,-0.029804,0.009589,-0.037509,,,,,,,,,1.302062,0.453261,-86.040262,-20.378355,0.610059,0.527106,0.29795,15.163539,20.745136,-1.429239,0.250676,0.003027
SATS,2024-12-31,0.256102,-0.019214,-0.007554,0.147625,-0.078672,-0.005921,-0.001962,-0.006498,0.007368,,,,,,,,,1.476607,0.489258,9.544343,0.843093,1.388387,1.310323,0.259696,13.201891,18.786941,-10.478786,0.157829,0.002299
SATS,2025-12-31,0.258225,-0.006074,-0.966157,-1.052054,-0.116056,-2.514347,-0.337016,-0.002204,-0.566719,,,,,,,,,5.223425,0.700132,-1.526461,-11.41582,0.41519,0.384402,0.348821,11.779252,25.70503,0.006855,0.109433,0.002417
SBAC,2022-12-31,0.746094,0.377973,0.175218,0.620217,0.406788,-0.087453,0.043593,0.114644,0.09362,41.060001,7.194458,-3.590816,17.686022,20.763635,12.877952,31.657663,0.024355,-2.875332,1.433264,7.790584,2.314959,0.692821,,0.24879,14.283683,,2.786344,0.08143,0.037938
SBAC,2023-12-31,0.774072,0.411094,0.185062,0.627328,0.482262,-0.097046,0.049301,0.141316,0.11171,37.755724,6.987161,-3.664032,14.488298,19.936765,12.506894,25.933795,0.026486,-2.797098,1.42099,7.122511,2.257339,0.355227,,0.266405,14.837994,,3.077633,0.087291,0.032423
SBAC,2024-12-31,0.782908,0.585764,0.279716,0.548441,0.413011,-0.146682,0.065649,0.179314,0.124759,25.277339,7.070471,-3.707731,17.11935,23.076338,12.656017,30.643329,0.039561,-3.083441,1.380024,9.119282,2.807664,1.100551,,0.234699,18.392079,,1.780923,0.085142,0.027755
SBAC,2025-12-31,0.754551,0.552112,0.374274,0.714384,0.378848,-0.217086,0.091026,0.163983,0.193196,17.981872,6.730138,-3.903616,17.764759,16.86324,12.046827,31.7986,0.055612,-3.156293,1.323466,6.283011,3.605126,0.288777,,0.243208,16.438192,,1.225597,0.079861,0.026902
SBUX,2022-09-30,0.259567,0.137354,0.101754,0.193617,0.079255,-0.376909,0.11729,0.542324,0.250433,33.29053,3.387448,-12.547516,42.741081,20.514429,3.971938,50.115884,0.030039,-2.73411,0.850828,1.957897,9.763512,0.76692,0.529087,1.152686,27.435389,24.541715,1.339987,0.057094,0.008419
SBUX,2023-09-30,0.273691,0.152962,0.114647,0.205759,0.102155,-0.515898,0.140072,0.567438,0.296116,26.487138,3.036675,-13.664657,29.726049,17.304919,3.560641,34.85516,0.037754,-3.076975,0.835435,1.600611,10.819851,0.781505,0.58821,1.221769,30.382231,15.67486,1.456831,0.064866,0.008414
SBUX,2024-09-30,0.268384,0.141187,0.103961,0.196925,0.091721,-0.504893,0.120006,0.476233,0.248396,29.047888,3.019836,-14.666085,32.924325,17.980937,3.540897,38.605286,0.034426,-3.464015,0.823346,1.72406,9.842705,0.75495,0.558997,1.15434,29.804086,14.753793,1.620782,0.076777,0.008522
SBUX,2025-09-30,0.227711,0.096298,0.049924,0.129662,0.065673,-0.229281,0.057977,0.332361,0.139844,58.848417,2.937958,-13.492849,44.736364,26.568258,3.444891,52.455446,0.016993,-3.28675,0.831098,2.666238,5.620899,0.723018,0.508961,1.161298,29.107162,16.769822,2.557369,0.062002,0.00856
SCHW,2022-12-31,,,0.345969,,0.052307,0.196214,0.013018,,,25.339353,8.766621,4.971934,167.599057,,8.074587,154.368856,0.039464,1.034692,0.068648,,,,,0.037628,0.300594,,0.286371,0.046768,0.017628
SCHW,2023-12-31,,,0.268992,,1.002654,0.123712,0.010274,,,35.921171,9.662503,4.443883,9.636924,,8.899749,8.876189,0.027839,1.442478,0.119797,,,,,0.038195,0.262339,,3.865601,0.037161,0.016988
SCHW,2024-12-31,,,0.30307,,0.10456,0.122832,0.012383,,,30.631534,9.283514,3.762534,88.786622,,8.550677,81.777843,0.032646,0.933003,0.09406,,,,,0.040859,0.222745,,0.449344,0.031623,0.017189
SCHW,2025-12-31,,,0.370051,,0.366331,0.1791,0.018029,,,20.561746,7.608903,3.682601,20.770578,,7.00826,19.130957,0.048634,0.626222,0.063037,,,,,0.048719,0.222424,,1.051853,0.022909,0.013252
SHW,2022-12-31,0.421019,0.135474,0.091205,0.160053,0.057583,0.651204,0.089409,0.172305,0.178191,38.542559,3.515291,25.09907,61.047376,25.991645,4.160043,72.2443,0.025945,4.032075,0.553594,2.925501,7.584186,0.991108,0.550472,0.9803,8.639764,47.654436,0.950398,0.029099,0.004501
SHW,2023-12-31,0.46669,0.156447,0.103627,0.180024,0.114242,0.642876,0.104067,0.204189,0.21604,32.593697,3.377588,20.953718,29.56515,22.203036,3.997084,34.987803,0.030681,3.178239,0.514485,2.307068,8.448862,0.831897,0.48033,1.004248,9.340695,39.515732,1.474339,0.038539,0.005028
SHW,2024-12-31,0.484668,0.162863,0.116085,0.19445,0.090188,0.661878,0.113462,0.209639,0.229881,29.037004,3.370774,19.218953,37.375107,20.514389,3.98902,44.230213,0.034439,2.940684,0.504104,2.154737,9.303584,0.79322,0.457165,0.9774,9.669499,38.817716,1.175953,0.046323,0.005979
SHW,2025-12-31,0.488477,0.161053,0.108953,0.190042,0.11258,0.558576,0.099163,0.18884,0.200365,30.313344,3.302742,16.932306,29.336784,20.56659,3.90851,34.717551,0.032989,2.814649,0.499681,2.380326,8.178925,0.868084,0.533098,0.910145,8.445937,42.126384,1.343819,0.033833,0.005239
SJM,2022-04-30,0.337634,0.146595,0.078973,0.183,0.089862,0.077603,0.039346,0.069501,0.071244,20.791373,1.641965,1.613483,18.271995,13.684185,2.504208,27.867154,0.048097,0.565951,0.286945,2.951701,6.244251,1.029342,0.471528,0.498219,15.244711,16.778032,1.798797,0.052195,0.002788
SJM,2023-04-30,0.328495,0.13843,-0.010704,0.067275,0.084064,-0.012523,-0.00609,0.101741,0.010981,-143.854436,1.539876,1.801436,18.317866,34.90922,2.34851,27.937114,-0.006951,0.606874,0.295143,6.375741,0.939474,1.438919,0.930639,0.56894,14.272423,1.178431,-13.082147,0.055972,0.003001
SJM,2024-04-30,0.380916,0.177155,0.090968,0.206818,0.078607,0.0967,0.036698,0.067373,0.076348,17.653105,1.605868,1.707055,20.429165,11.842099,2.449156,31.157117,0.056647,1.105746,0.419632,4.90807,4.769958,0.522959,0.246736,0.403414,11.10482,11.437034,1.652419,0.071711,0.002922
SJM,2025-04-30,0.387882,0.189604,-0.141048,-0.017832,0.093581,-0.202348,-0.070078,0.120238,-0.044134,-10.671035,1.505129,2.159259,16.083652,-128.733358,2.295517,24.529648,-0.093712,1.27605,0.441927,-48.892674,-1.693079,0.809427,0.353394,0.496837,14.097092,20.472967,-0.983425,0.045129,0.003427
SJM,2026-04-30,0.335271,0.148383,-0.015324,0.096764,0.127744,-0.025019,-0.008551,0.107376,0.023302,-94.692935,1.451116,2.369117,11.359549,22.871558,2.21314,17.32478,-0.01056,1.278726,0.437069,7.884334,0.836306,0.777362,0.333543,0.558029,13.790797,23.518485,-10.624369,0.035068,0.002607
SLB,2022-12-31,0.183724,0.14777,0.122495,0.228899,0.071375,0.194572,0.079773,0.113466,0.153003,22.048648,2.700844,4.290042,37.840098,13.333655,3.052059,42.760798,0.045354,0.69132,0.283436,1.644012,9.716327,1.248377,0.915627,0.651234,4.151788,89.155527,1.081081,0.061052,0.011142
SLB,2023-12-31,0.198069,0.165625,0.126845,0.227675,0.137166,0.208183,0.087641,0.138139,0.16738,18.051248,2.289706,3.757957,16.692937,11.364714,2.587457,18.863674,0.055398,0.592649,0.249494,1.201617,11.500994,1.322732,0.995222,0.690931,4.241551,82.949022,1.57911,0.063136,0.008843
SLB,2024-12-31,0.205572,0.174323,0.12293,0.222354,0.12326,0.211122,0.091162,0.153806,0.171188,17.007262,2.0907,3.590601,16.961636,10.625282,2.362573,19.167315,0.058798,0.571415,0.246735,1.057132,12.078125,1.449536,1.108032,0.741576,4.529896,82.411619,1.479937,0.058668,0.008708
SLB,2025-12-31,0.182228,0.152851,0.094489,0.194858,0.127226,0.129227,0.061493,0.116295,0.120781,22.486484,2.124717,2.905871,16.700285,12.321845,2.401014,18.871979,0.044471,0.44567,0.212073,1.235987,8.689964,1.325521,0.983697,0.650798,4.109564,90.979638,1.923237,0.054498,0.009298
SMCI,2022-06-30,0.153962,0.064504,0.05488,0.072308,-0.093528,0.200034,0.088972,0.139716,0.19783,90.056484,4.942319,18.014329,-52.842954,84.165748,6.085816,-65.069153,0.011104,0.418613,0.186193,0.876636,53.523468,1.909027,0.857611,1.621209,6.226505,132.532301,-1.545786,0.008695,0.006316
SMCI,2023-06-30,0.18011,0.10685,0.089843,0.112261,0.087989,0.324542,0.174162,0.287084,0.332505,40.12634,3.605088,13.022673,40.972096,39.543352,4.439192,50.451752,0.024921,0.147212,0.079,,72.899438,2.312895,1.26131,1.938505,6.203724,100.628077,1.036847,0.005165,0.007641
SMCI,2024-06-30,0.137526,0.080776,0.0769,0.084873,-0.174142,0.212779,0.117307,0.151179,0.164897,22.279461,1.71328,4.740595,-9.838432,24.856862,2.109679,-12.114736,0.044884,0.403048,0.222204,0.396467,63.739717,3.807767,1.960562,1.525454,5.475864,147.422657,-2.156715,0.008291,0.015445
SMCI,2025-06-30,0.110592,0.057027,0.047736,0.060524,0.069739,0.16644,0.07482,0.098634,0.10892,24.484606,1.168793,4.075219,16.759518,23.779303,1.439215,20.637144,0.040842,0.758343,0.340897,,21.343377,5.246373,3.250301,1.567368,9.969428,100.085864,1.582226,0.00579,0.014311
SMCI,2026-06-30,0.108216,0.070923,0.057099,0.078696,-0.178478,0.154043,0.074484,0.116895,0.130954,11.513705,0.657418,1.773601,-3.683477,10.286735,0.809524,-4.535718,0.086853,0.605058,0.292562,0.389971,15.335235,3.872324,2.071241,1.304474,6.377213,168.811711,-3.05314,0.004147,0.01055
SNA,2022-12-31,0.505338,0.249293,0.188271,0.278761,0.122044,0.203445,0.130751,0.164981,0.208242,21.114676,3.975271,4.295684,32.572335,14.031446,3.911419,32.049152,0.04736,0.282306,0.181434,0.328765,26.532909,3.467373,2.404076,0.694484,6.35749,171.099872,0.740594,0.017388,0.007021
SNA,2023-12-31,0.512812,0.256524,0.197933,0.289176,0.207349,0.199377,0.134011,0.162782,0.208668,19.038918,3.768426,3.79592,18.174329,12.822264,3.707897,17.88241,0.052524,0.252125,0.169465,0.134511,27.613226,3.878505,2.810217,0.677053,6.455579,169.162692,1.141529,0.018597,0.00875
SNA,2024-12-31,0.519693,0.263429,0.20435,0.297686,0.221987,0.193526,0.132193,0.158884,0.205139,18.440703,3.768352,3.56876,16.975529,12.45548,3.707824,16.702865,0.054228,0.239669,0.163712,,28.683468,4.149142,3.167967,0.646895,6.263364,159.06097,1.166299,0.016346,0.005599
SNA,2025-12-31,0.51729,0.257501,0.197223,0.287989,0.195051,0.171432,0.120883,0.145198,0.185006,18.930327,3.73349,3.245263,19.141145,12.755774,3.673522,18.833697,0.052825,0.217792,0.153573,,27.453465,4.793468,3.6773,0.612924,5.849898,179.143217,1.063723,0.01474,0.005605
SNDK,2023-06-30,0.070654,-0.212783,-0.35212,-0.250246,-0.153138,,,,,-122.424872,43.108199,,-281.498391,-169.268214,42.358773,-276.604603,-0.008168,,,,-63.580645,,,,,,0.332711,0.035984,0.027111
SNDK,2024-06-30,0.160888,-0.066637,-0.100855,-0.03587,-0.071289,-0.060639,-0.049756,-0.037323,-0.040675,-390.411459,39.375131,23.674111,-552.329475,-1078.642217,38.690603,-542.727347,-0.002561,0.088883,0.072931,-2.033473,-11.575,1.67122,0.750353,0.493336,7.126203,155.54244,0.459821,0.024914,0.022362
SNDK,2025-06-30,0.300748,0.068933,-0.223114,-0.17036,-0.016315,-0.17806,-0.126377,0.04582,-0.122513,-159.875991,35.670496,28.467502,-2186.304171,-205.74261,35.050373,-2148.295748,-0.006255,0.221571,0.157258,-0.293695,-22.47619,3.564121,2.107218,0.566423,6.886704,174.572719,-0.051188,0.027736,0.024745
SNDK,2026-06-30,0.714737,0.615765,0.564648,0.653842,0.567661,0.726551,0.507975,0.695908,0.773366,22.947302,12.957156,16.672375,22.825518,19.472429,12.731899,22.428701,0.043578,0.011248,0.007864,,179.315068,2.289912,1.806486,0.899631,4.300765,222.754709,1.020817,0.008742,0.011458
SNPS,2022-10-31,0.805444,0.251301,0.213313,0.288916,0.346602,0.178507,0.104543,0.183041,0.166348,74.92871,15.983304,13.375279,46.11422,60.745392,17.550334,50.635335,0.013346,0.119,0.069693,,650.853946,1.085843,1.009459,0.49009,5.922214,132.496207,1.766109,0.030132,0.099449
SNPS,2023-10-31,0.80616,0.249403,0.231268,0.292457,0.284214,0.200069,0.119024,0.200263,0.178039,59.984615,13.872539,12.001084,48.810256,52.084926,15.232627,53.595695,0.016671,0.110226,0.065575,,483.970773,1.149114,1.040055,0.514657,6.366386,117.873531,1.384902,0.03607,0.105921
SNPS,2024-10-31,0.796768,0.221253,0.369385,0.301227,0.206861,0.251747,0.173127,0.140614,0.148769,32.594774,12.040005,8.205628,58.20329,43.888519,13.220427,63.909639,0.03068,0.076129,0.052354,,42.105053,2.441273,2.304732,0.468689,6.509463,101.361569,0.621649,0.022766,0.112986
SNPS,2025-10-31,0.769846,0.1297,0.188855,0.354443,0.191256,0.047029,0.027625,0.021002,0.041344,55.377009,10.45825,2.604328,54.68194,32.399028,11.483595,60.04305,0.018058,0.504576,0.296394,4.238084,4.118539,1.615074,1.51697,0.146278,4.554438,125.200156,1.139908,0.024022,0.126633
SO,2022-12-31,0.362956,0.183408,0.120735,0.352095,-0.055364,0.116252,0.026206,0.049559,0.052405,27.829997,3.360055,3.235301,-60.690339,17.000101,5.985657,-108.114772,0.035932,1.944718,0.438391,5.396547,3.088526,0.662427,0.492178,0.217057,13.758929,9.933761,1.782744,0.270604,0.004338
SO,2023-12-31,0.466321,0.230705,0.157447,0.46636,-0.061062,0.126447,0.028536,0.05523,0.053955,24.743219,3.895737,3.128706,-63.799636,14.881043,6.93993,-113.653725,0.040415,2.019145,0.455677,5.200985,2.77637,0.774634,0.52573,0.181245,12.439901,41.636832,1.899648,0.360155,0.005425
SO,2024-12-31,0.500037,0.264481,0.164683,0.49536,0.03117,0.132528,0.030314,0.058738,0.061709,22.353792,3.681299,2.96251,118.102087,13.23871,6.557927,210.389009,0.044735,1.995814,0.456516,4.815984,2.906307,0.668668,0.458013,0.184075,11.994614,21.360644,2.22404,0.335092,0.004939
SO,2025-12-31,0.484689,0.246506,0.146889,0.48276,-0.099313,0.12053,0.027877,0.055967,0.059331,22.662759,3.328902,2.731537,-33.519264,12.283875,5.930161,-59.71177,0.044125,2.056725,0.475694,4.973155,2.543854,0.646435,0.449076,0.189783,13.128832,18.765686,2.258005,0.430988,0.004602
SOLV,2022-12-31,0.577491,0.208241,0.165191,0.279213,0.175646,0.114376,0.098794,0.114443,0.137751,11.260369,1.860108,1.287913,10.590109,8.817038,2.46183,14.01588,0.088807,,,,,1.701754,1.03585,0.598058,6.942784,108.358597,1.250186,0.030873,0.004551
SOLV,2023-12-31,0.572527,0.199585,0.164206,0.271807,0.198243,0.115378,0.096536,0.113232,0.136472,11.235272,1.844904,1.296303,9.306262,8.983248,2.441707,12.316724,0.089005,0.711726,0.595496,3.457361,,1.457755,0.961806,0.587894,6.242955,98.049235,1.422734,0.035379,0.004758
SOLV,2024-12-31,0.556457,0.125515,0.058032,0.185001,0.097528,0.161879,0.033133,0.074622,0.082695,31.571348,1.832163,5.110739,18.785933,13.107188,2.424846,24.862952,0.031674,2.706996,0.554057,4.746562,2.648501,1.201998,0.844987,0.570934,7.90613,80.762446,2.473904,0.046038,0.013569
SOLV,2025-12-31,0.534655,0.075916,0.186907,0.306186,-0.001201,0.308119,0.108857,0.056924,0.184621,9.718943,1.816538,2.994589,-1512.267571,7.851972,2.404165,-2001.467597,0.102892,0.99703,0.352246,1.630836,5.936599,1.230548,0.890625,0.582412,8.051257,81.043104,0.237147,0.045526,0.019339
SPG,2022-12-31,0.810835,0.488251,0.404338,0.867298,0.588984,0.681701,0.064812,0.089049,0.110576,36.430486,14.730243,24.834699,25.009562,20.984645,18.199947,30.900556,0.02745,8.111532,0.771198,5.303391,4.331214,0.659954,,0.160292,6.425246,,1.760478,0.122844,
SPG,2023-12-31,0.818269,0.496042,0.403462,0.863627,0.554444,0.755293,0.066595,0.093808,0.115272,34.13929,13.77391,25.785174,24.842725,19.70567,17.01835,30.694421,0.029292,8.772656,0.7735,5.087743,4.157899,1.038299,,0.16506,6.849846,,1.721672,0.140185,
SPG,2024-12-31,0.825042,0.518595,0.397548,0.8414,0.51294,0.8059,0.073163,0.112887,0.126096,32.875461,13.069574,26.494319,25.479729,19.191946,16.148108,31.481471,0.030418,8.42468,0.764828,4.55648,4.038521,0.833193,,0.184036,7.487383,,1.608951,0.126695,
SPG,2025-12-31,0.818993,0.498923,0.727097,1.24583,0.503135,0.888513,0.113962,0.093885,0.174388,16.843309,12.246718,14.965493,24.340821,12.145664,15.131429,30.074294,0.059371,5.603919,0.71877,3.48174,6.539305,0.571377,,0.156736,6.813683,,0.893885,0.146806,
SPGI,2022-12-31,0.664341,0.270012,0.290493,0.538324,0.224846,0.08926,0.05257,0.047764,0.089737,36.788282,10.686731,3.283729,47.529173,22.635211,12.185076,54.193052,0.027183,0.316945,0.186666,1.606579,16.467105,0.944657,,0.180969,4.48316,,0.801416,0.00796,0.01914
SPGI,2023-12-31,0.66864,0.324398,0.21013,0.411939,0.285429,0.076784,0.043341,0.069972,0.073535,45.502033,9.561362,3.493811,33.498273,26.464905,10.901923,38.194935,0.021977,0.350877,0.198056,1.97533,11.991018,0.839673,,0.206259,4.422151,,1.412795,0.011443,0.013683
SPGI,2024-12-31,0.69306,0.385557,0.271115,0.477055,0.391681,0.116168,0.063964,0.096516,0.104126,31.019818,8.409934,3.603496,21.4714,20.100521,9.589058,24.481821,0.032237,0.359872,0.198153,1.435822,18.872054,0.854036,,0.235931,4.955703,,1.476895,0.008727,0.017385
SPGI,2025-12-31,0.702465,0.402778,0.291536,0.50163,0.355764,0.143637,0.073056,0.108137,0.121614,26.725193,7.791363,3.838736,21.900356,17.709779,8.883759,24.970919,0.037418,0.436341,0.221928,1.474457,22.696864,0.824407,,0.250588,4.456844,,1.263923,0.012715,0.015389
SRE,2022-12-31,0.360898,0.17709,0.14814,0.305838,-0.291918,0.078828,0.027223,0.027172,0.034904,24.856772,3.682294,1.959412,-12.614148,22.736785,6.953781,-23.82103,0.04023,1.065745,0.368048,6.4649,2.274194,0.597232,0.556521,0.183763,5.479696,3.679859,0.533894,0.371009,0.004917
SRE,2023-12-31,0.395933,0.222249,0.183911,0.3686,-0.130323,0.107162,0.035271,0.051355,0.051057,17.290613,3.179942,1.852889,-24.400475,16.291683,6.005122,-46.078771,0.057835,1.082976,0.356454,5.004056,3.006875,0.542121,0.494351,0.191785,7.773129,-15.527025,2.022114,0.502213,0.004785
SRE,2024-12-31,0.46204,0.224649,0.217065,0.424422,-0.250891,0.091607,0.029764,0.040111,0.036529,18.577441,4.032509,1.701832,-16.072744,17.942395,7.615142,-30.35237,0.053829,1.14743,0.372815,6.12634,3.011439,0.546197,0.488425,0.137122,6.649017,-31.504636,1.714535,0.623057,0.006523
SRE,2025-12-31,0.466136,0.224785,0.134068,0.384177,-0.441322,0.058107,0.016568,0.01851,0.030354,28.943188,3.880356,1.681807,-8.792564,19.07402,7.327809,-16.604207,0.03455,1.107769,0.315852,6.647416,1.763055,1.591167,1.565543,0.123577,7.754386,2.162412,2.48503,0.774485,0.004671
STE,2022-03-31,0.445851,0.113146,0.057747,0.239001,0.094059,0.037335,0.021349,0.03852,0.043451,81.969687,4.733487,3.060369,50.324792,21.367334,5.106811,54.293849,0.0122,0.502098,0.287115,2.714528,5.098816,2.037467,1.413974,0.369709,5.28559,123.525364,2.807891,0.068088,0.013652
STE,2023-03-31,0.436642,0.174502,0.023594,0.296278,0.087071,0.017612,0.00989,0.070689,0.079428,186.78336,4.407022,3.289579,50.614016,16.047734,4.754598,54.605884,0.005354,0.534502,0.300159,2.135642,7.137646,2.333882,1.632583,0.419177,5.244311,118.195388,7.072288,0.079794,0.008587
STE,2024-03-31,0.431666,0.167786,0.073618,0.274856,0.119291,0.060027,0.034193,0.07139,0.083612,52.845422,3.890366,3.172152,32.612436,15.270549,4.197194,35.18454,0.018923,0.536826,0.30579,2.123393,5.867036,3.081344,2.356916,0.464465,5.096324,124.462701,2.572826,0.070115,0.010995
STE,2025-03-31,0.440114,0.176005,0.112593,0.248869,0.142504,0.093088,0.060581,0.085346,0.096717,32.522243,3.661768,3.027444,25.695916,15.874088,3.950567,27.722523,0.030748,0.33354,0.217064,1.377788,10.225956,1.957347,1.388671,0.538051,5.229406,105.679078,1.86774,0.06779,0.010514
STE,2026-03-31,0.442477,0.186307,0.131791,0.26862,0.163817,0.108901,0.072859,0.090948,0.115511,25.554676,3.367884,2.782925,20.558847,13.526574,3.633505,22.180299,0.039132,0.290551,0.19439,0.935842,18.253707,2.091354,1.539563,0.552835,5.431827,99.512075,1.714687,0.062164,0.010394
STLD,2022-12-31,0.274826,0.249065,0.173519,0.246928,0.159541,0.475093,0.272788,0.382452,0.421565,8.72954,1.514744,4.147342,9.494399,6.82009,1.684071,10.555744,0.114554,0.377668,0.216849,0.262363,55.852291,3.75832,2.218207,1.57209,10.826956,81.481942,1.154745,0.04083,0.002661
STLD,2023-12-31,0.21526,0.182131,0.130399,0.198626,0.099068,0.276415,0.164396,0.2198,0.262038,13.758054,1.79403,3.802936,18.108996,10.0419,1.994579,20.133336,0.072685,0.34636,0.205995,0.447379,43.086489,2.910362,1.669254,1.260718,11.686398,75.93293,1.436188,0.088208,0.003285
STLD,2024-12-31,0.159779,0.120176,0.087634,0.143562,-0.00134,0.172049,0.10292,0.135444,0.159506,21.936518,1.922384,3.774153,-1434.683559,14.8875,2.137281,-1595.061661,0.045586,0.361641,0.216335,1.049008,36.190534,2.525519,1.077664,1.17443,12.376801,82.337382,1.199962,0.106497,0.003796
STLD,2025-12-31,0.131608,0.087969,0.065227,0.116326,0.027591,0.132362,0.072205,0.096566,0.109321,28.440882,1.8551,3.764506,67.235818,17.730166,2.062474,74.751867,0.035161,0.470144,0.256469,1.627544,22.315064,3.055323,1.293745,1.106993,10.80229,91.764905,1.222622,0.052156,0.003795
STT,2022-12-31,,,0.228784,,0.925361,0.110119,0.009202,,,18.109123,4.143069,1.994153,4.477247,,-4.699075,-5.078101,0.055221,0.678536,0.056703,,,,,0.040222,3.159197,,4.309301,0.060536,
STT,2023-12-31,,,0.162746,,-0.010548,0.081684,0.00654,,,25.840899,4.205501,2.110791,-398.688158,,-4.769886,452.192776,0.038698,0.945376,0.075688,,,,,0.040184,2.704324,,0.354938,0.068313,
STT,2024-12-31,,,0.207988,,-1.094202,0.106097,0.007607,,,18.695463,3.888436,1.983523,-3.553672,,-4.410271,4.030581,0.053489,1.307431,0.093738,,,,,0.036573,2.846849,,-4.916263,0.071677,
STT,2025-12-31,,,0.210884,,0.776441,0.105779,0.008045,,,17.057626,3.597186,1.804343,4.632916,,-4.079935,-5.254661,0.058625,1.040336,0.079126,,,,,0.038151,2.784091,,4.040068,0.075546,
STX,2022-06-30,0.297487,0.16791,0.141412,0.204013,0.109425,15.12844,0.184369,0.334147,0.357766,118.425003,16.746662,1791.58559,153.04297,82.738146,16.879689,154.25866,0.008444,52.256881,0.636852,2.114754,7.742972,1.134459,0.694233,1.303779,7.611619,25.987063,1.004851,0.032673,0.012435
STX,2023-06-30,0.182963,0.008126,-0.071641,0.044691,0.084778,0.441201,-0.070011,0.014111,-0.036865,-369.154687,26.446754,-162.871417,311.953401,596.466818,26.656832,314.43139,-0.002709,-4.546289,0.721413,14.136364,-0.584665,1.120756,0.680941,0.977237,11.890499,2.685008,-1.780718,0.042795,0.015574
STX,2024-06-30,0.234468,0.064418,0.051137,0.158907,0.101359,-0.224681,0.043287,0.075947,0.167457,582.933819,29.809621,-130.974399,294.100647,189.0817,30.046413,296.436822,0.001715,-3.8055,0.73317,4.146013,2.340361,1.075186,0.675379,0.846492,15.270396,-15.909108,2.740299,0.038773,0.019386
STX,2025-06-30,0.351764,0.210509,0.161482,0.229196,0.08992,-3.242826,0.183099,0.409359,0.341209,132.935895,21.466729,-431.087923,238.732065,94.40482,21.637249,240.628423,0.007522,-11.726269,0.662096,1.968345,5.713396,1.379532,0.835725,1.133865,9.485923,28.327145,0.737236,0.02913,0.021985
STX,2026-06-30,0.455761,0.346535,0.261091,0.348503,0.254613,1.469312,0.319294,0.636165,0.58057,61.332547,16.013352,90.116673,62.893021,46.313894,16.140554,63.392609,0.016305,1.780341,0.386883,0.437882,13.992958,1.669651,1.167253,1.222924,7.949804,36.179013,1.153894,0.046658,0.017466
STZ,2022-02-28,0.533665,0.339837,-0.00458,0.113835,0.190302,-0.003444,-0.001563,0.000436,0.028795,-502.984998,2.303739,1.73208,12.10568,30.919058,3.519656,18.495071,-0.001988,0.933711,0.423665,10.175381,1.870932,1.233771,0.650845,0.34115,9.81168,97.007535,-66.965347,0.116408,0.00509
STZ,2023-02-28,0.504517,0.300542,-0.007511,0.125923,0.182119,-0.008439,-0.002879,0.0,0.037176,-286.205548,2.149736,2.415208,11.804005,26.082354,3.284369,18.034172,-0.003494,1.540375,0.525502,10.356885,1.90707,1.177812,0.538153,0.383281,10.48425,109.410162,-38.829577,0.109536,0.007247
STZ,2024-02-29,0.503674,0.319701,0.173402,0.310516,0.151669,0.177295,0.067236,0.117022,0.1182,11.763688,2.039852,2.085639,13.449331,10.036474,3.116488,20.547903,0.085007,1.288871,0.48878,3.791065,6.008566,1.187096,0.525575,0.387744,11.961816,102.210059,1.609355,0.127397,0.006384
STZ,2025-02-28,0.520595,0.329582,-0.007974,0.076533,0.189848,-0.011828,-0.003759,0.068758,0.01905,-249.638746,1.990517,2.952716,10.484802,39.736115,3.041115,16.018692,-0.004006,1.760171,0.559456,14.628952,0.802103,0.920995,0.56483,0.471483,13.8611,63.428578,-38.724816,0.118928,0.007072
STZ,2026-02-28,0.515538,0.313284,0.184561,0.345563,0.196302,0.208688,0.077017,0.113418,0.142598,12.047545,2.223503,2.514178,11.326975,9.830539,3.39707,17.305366,0.083004,1.386049,0.511523,3.31405,7.575774,1.080489,0.547401,0.417296,13.884837,65.339165,1.58238,0.095744,0.007408
SW,2022-12-31,0.242209,0.127989,0.076542,0.158265,0.037234,0.19188,0.077247,0.132902,0.155234,22.487525,1.72123,4.314896,46.226841,17.180448,2.719061,73.025442,0.044469,0.752239,0.302836,1.506272,10.635135,1.489594,1.079617,1.009214,6.602205,48.822623,1.38588,0.068843,0.005034
SW,2023-12-31,0.252543,0.12255,0.068221,0.156123,0.052096,0.133972,0.058715,0.1086,0.118425,28.184365,1.922774,3.775918,36.908097,19.455401,3.037443,58.30444,0.035481,0.608477,0.266671,1.454979,7.694118,1.520293,1.120093,0.86065,6.696013,33.310246,1.889697,0.076821,0.005458
SW,2024-12-31,0.19873,0.06907,0.015112,0.120754,0.000805,0.018376,0.00729,0.026831,0.029786,72.890599,1.101525,1.339407,1367.770654,14.410278,1.740101,2160.693971,0.013719,0.783122,0.310679,4.998038,2.066667,1.371199,0.887086,0.482392,5.127277,76.798619,4.648903,0.069449,0.009759
SW,2025-12-31,0.193816,0.07133,0.022419,0.139485,0.038487,0.03814,0.015479,0.0505,0.047227,33.264808,0.745762,1.268735,19.376751,8.446033,1.178094,30.609831,0.030062,0.751514,0.305003,2.96183,2.141667,1.477775,0.954983,0.690458,7.305295,51.357774,4.852647,0.070304,0.004458
SWK,2022-12-31,0.252788,0.053937,0.062694,0.055973,-0.117416,0.1094,0.042562,0.053241,0.020463,12.732302,0.798239,1.392909,-6.798367,19.130477,1.070794,-9.119639,0.07854,0.779553,0.303289,7.444023,1.111965,1.213953,0.321744,0.678893,15.992639,124.186428,-1.373647,0.031297,0.005352
SWK,2023-12-31,0.249197,0.040675,-0.019675,0.051251,0.054027,-0.034286,-0.013121,0.029649,0.010331,-43.568667,0.857232,1.493808,15.866844,22.437154,1.149931,21.284507,-0.022952,0.806594,0.308682,8.317878,0.328388,1.192769,0.387323,0.666888,14.918794,99.622176,-3.836715,0.021462,0.00531
SWK,2024-12-31,0.293797,0.076905,0.019153,0.086504,0.049005,0.03375,0.01347,0.079721,0.043687,45.966942,0.880407,1.551402,17.965566,13.652701,1.181018,24.099828,0.021755,0.714412,0.285122,4.372931,1.483554,1.297098,0.374484,0.703271,16.167614,93.185786,3.761128,0.023032,0.006859
SWK,2025-12-31,0.30325,0.082972,0.026562,0.095609,0.045465,0.044386,0.018919,0.08093,0.058395,33.660292,0.894099,1.494055,19.665753,12.544705,1.199385,26.380535,0.029709,0.662293,0.282286,3.859809,1.809413,1.139791,0.347313,0.71223,19.523097,87.737694,2.416522,0.018724,0.006219
SWKS,2022-09-30,0.474761,0.283967,0.232467,0.403719,0.166785,0.233169,0.143704,0.175662,0.199362,10.473623,2.434776,2.442122,14.598278,5.977542,2.413247,14.469193,0.095478,0.441488,0.272093,0.732909,31.826722,2.63257,1.644633,0.618168,5.014168,191.610021,1.117158,0.092918,0.035585
SWKS,2023-09-30,0.44156,0.24166,0.205934,0.368138,0.339515,0.161573,0.116629,0.142464,0.153018,13.589707,2.798584,2.19573,8.242896,7.534785,2.773838,8.170008,0.073585,0.24813,0.179109,0.326427,17.751553,3.326881,2.155279,0.566343,5.521694,197.648625,1.888889,0.049472,0.038786
SWKS,2024-09-30,0.411872,0.188463,0.142652,0.267688,0.392915,0.094055,0.071952,0.100588,0.086855,22.409336,3.196736,2.107716,8.135943,11.836431,3.168469,8.064001,0.044624,0.189436,0.144918,,21.729642,5.543388,4.241248,0.504388,8.211478,135.50687,3.061577,0.043825,0.043155
SWKS,2025-09-30,0.411583,0.128263,0.116739,0.248795,0.263256,0.082872,0.060263,0.070316,0.083988,27.994057,3.267994,2.319912,12.41376,13.019143,3.239097,12.303991,0.035722,0.208977,0.151964,,20.435424,2.325423,1.755063,0.516218,6.833138,132.144328,2.726472,0.055029,0.056865
SYF,2022-12-31,,,0.258352,,0.573411,0.234289,0.028844,,,8.095434,2.091471,1.89667,3.64742,,2.258937,3.939472,0.123526,1.102385,0.135716,,,,,0.111645,,,2.219496,,
SYF,2023-12-31,,,0.164233,,0.630586,0.160972,0.01905,,,10.909664,1.791724,1.756155,2.841363,,1.93519,3.068873,0.091662,1.149536,0.136041,,,,,0.115995,,,3.839589,,
SYF,2024-12-31,,,0.232399,,0.654091,0.211037,0.029289,,,6.977945,1.621668,1.472607,2.479268,,1.751516,2.677785,0.143309,0.932569,0.129429,,,,,0.126031,,,2.814518,,
SYF,2025-12-31,,,0.2371,,0.657566,0.211857,0.029825,,,6.873825,1.629786,1.45627,2.478513,,1.760285,2.67697,0.145479,0.905523,0.127478,,,,,0.12579,,,2.773367,,
SYK,2022-12-31,0.627568,0.168627,0.127812,0.222722,0.110358,0.141911,0.06393,0.092171,0.10173,44.753441,5.720018,6.351024,51.831343,28.595429,6.368834,57.71052,0.022345,0.785267,0.353758,2.726697,,1.630176,0.996351,0.50019,5.175035,207.691453,1.112807,0.031872,0.009106
SYK,2023-12-31,0.637038,0.191433,0.154405,0.247048,0.152991,0.170225,0.079299,0.107043,0.12616,33.342374,5.14824,5.675717,33.650706,23.202729,5.732199,37.467672,0.029992,0.698919,0.325591,1.979463,11.118457,1.580356,0.968943,0.51358,5.444356,230.212605,1.172512,0.028052,0.010001
SYK,2024-12-31,0.639079,0.206506,0.132463,0.219119,0.154326,0.145052,0.069652,0.116831,0.110338,35.258475,4.670441,5.114307,30.26344,23.7323,5.200204,33.696191,0.028362,0.658961,0.316423,2.008685,9.537897,1.949449,1.32261,0.52582,5.667168,202.931508,1.417307,0.033414,0.010135
SYK,2025-12-31,0.639632,0.201425,0.12924,0.251394,0.170529,0.144781,0.067845,0.095037,0.127865,32.510356,4.201649,4.706896,24.638948,18.60922,4.678238,27.433719,0.030759,0.70736,0.331473,1.876465,8.436573,1.893123,1.21183,0.524956,6.218371,200.285268,1.553913,0.030299,0.009675
SYY,2022-06-30,0.179498,0.03418,0.0198,0.04738,0.016872,0.983172,0.061533,0.151704,0.177794,27.895418,0.552332,27.426007,32.737368,15.724951,0.745054,44.160225,0.035848,8.239875,0.515703,3.00752,3.799679,1.198075,0.690935,3.107714,14.18418,17.207023,1.317881,0.009223,0.001777
SYY,2023-06-30,0.182837,0.039817,0.02319,0.04849,0.027186,0.881035,0.07756,0.189538,0.196905,21.418007,0.49669,18.870021,18.269818,13.817222,0.669997,24.644598,0.04669,5.557989,0.489286,2.611727,5.335863,1.242155,0.717447,3.344507,14.989199,15.315114,1.620339,0.01039,0.001258
SYY,2024-06-30,0.185277,0.040612,0.024796,0.052877,0.027358,1.051075,0.07846,0.176312,0.202348,19.391239,0.480821,20.381652,17.575277,12.266141,0.648591,23.707714,0.05157,6.959677,0.519525,2.707124,5.2257,1.195001,0.688778,3.164265,14.809166,15.487236,1.5289,0.010552,0.001319
SYY,2025-06-30,0.183962,0.03795,0.022465,0.05083,0.019712,0.998907,0.068275,0.154397,0.180923,20.738442,0.465895,20.715777,23.634584,12.364009,0.628457,31.881259,0.04822,7.920219,0.541346,2.958897,4.80315,1.206938,0.697358,3.039142,14.789168,16.660241,1.373085,0.011134,0.001143
SYY,2026-06-30,0.184961,0.036604,0.02078,0.04875,0.022921,0.65904,0.061873,0.147648,0.16745,21.576478,0.448356,14.219757,19.561338,12.406002,0.604799,26.38676,0.046347,5.614029,0.527063,2.845706,4.174338,1.276917,0.769647,2.977533,14.416539,18.422157,1.501423,0.008279,0.001396
T,2022-12-31,0.578867,0.189753,-0.070597,0.174216,0.102674,-0.087426,-0.021159,0.098112,0.008694,-20.418887,1.44152,1.785134,14.039735,16.174547,2.817863,27.444671,-0.048974,1.586451,0.383959,6.290421,0.493451,0.589393,0.533797,0.299715,10.530351,-166.171554,-3.756804,0.162546,
T,2023-12-31,0.590592,0.201376,0.11762,0.37025,0.167127,0.139404,0.035376,0.080647,0.074598,12.086847,1.421657,1.684953,8.506456,7.505826,2.779034,16.628297,0.082735,1.49955,0.380531,2.881356,3.960621,0.713087,0.670507,0.300762,11.898921,-152.338337,2.660694,0.145824,
T,2024-12-31,0.597657,0.197195,0.089491,0.359968,0.151288,0.104894,0.027731,0.077674,0.06742,15.897935,1.422726,1.667599,9.404073,7.726039,2.781124,18.382947,0.062901,1.350199,0.356952,2.730295,3.470484,0.66496,0.61653,0.309872,12.69309,-157.841279,3.541377,0.165634,
T,2025-12-31,0.595537,0.198969,0.174718,0.435319,0.154734,0.19861,0.052244,0.087775,0.092274,7.928328,1.385224,1.574648,8.952299,6.220297,2.707815,17.499824,0.12613,1.402685,0.368976,2.15489,4.969283,0.906136,0.861138,0.299021,14.208753,-171.750609,1.835011,0.165876,
TAP,2022-12-31,0.341576,0.096851,-0.016382,0.081572,0.078553,-0.013814,-0.006777,0.053833,0.008363,-39.917947,0.653922,0.551441,8.324549,14.975846,1.221607,15.551292,-0.025051,0.520658,0.255409,6.83045,0.750599,0.781537,0.546632,0.413672,14.46472,-40.831718,-8.568169,0.061807,0.00314
TAP,2023-12-31,0.373335,0.135779,0.081088,0.186052,0.120278,0.071908,0.035977,0.062476,0.066712,7.374451,0.59798,0.530283,4.971663,6.004233,1.1171,9.287684,0.135603,0.475205,0.237755,2.459581,6.352564,0.696012,0.499976,0.44368,15.442201,-35.020899,2.190958,0.057383,0.003837
TAP,2024-12-31,0.389903,0.15618,0.096534,0.219868,0.106321,0.085729,0.043063,0.072704,0.077575,6.234512,0.601842,0.534479,5.660586,5.113603,1.124315,10.574677,0.160397,0.473007,0.237597,2.025035,6.31659,0.935374,0.696375,0.446089,16.775357,-37.270878,1.701978,0.057977,0.003707
TAP,2025-12-31,0.383689,0.146372,-0.192051,-0.138626,0.095846,-0.209143,-0.094096,0.085418,-0.130259,-3.270525,0.628107,0.684009,6.553302,-8.464398,1.173382,12.242382,-0.305761,0.62093,0.279364,-3.498446,-9.157322,0.552742,0.417941,0.489955,15.847511,-35.809636,-0.833988,0.064322,0.003142
TDG,2022-09-30,0.570823,0.407994,0.159514,0.452385,0.152698,-0.229526,0.047827,0.106231,0.132066,69.322255,11.057851,-15.911231,72.416252,36.982114,16.730166,109.563415,0.014425,-5.251259,1.094218,6.837948,2.047398,3.961431,3.027349,0.299829,5.614271,229.967829,1.094688,0.021919,0.033892
TDG,2023-09-30,0.583447,0.443888,0.197115,0.478056,0.187699,-0.654234,0.064997,0.124546,0.156598,46.250442,9.11664,-30.258605,48.570448,28.852627,13.793177,73.485494,0.021621,-9.962702,0.989785,5.170902,2.474227,4.267258,3.243825,0.329745,5.353659,242.627184,1.059322,0.021109,0.023842
TDG,2024-09-30,0.588413,0.450504,0.215869,0.480227,0.236776,-0.272496,0.06699,0.148981,0.181898,35.02513,7.56084,-9.544209,31.932486,23.820632,11.439304,48.312804,0.028551,-3.958506,0.973149,4.883032,2.722395,1.582111,1.286165,0.310326,5.749457,236.937439,1.193116,0.020781,0.02733
TDG,2025-09-30,0.601404,0.474352,0.234854,0.517269,0.205639,-0.214123,0.090532,0.16256,0.202682,28.945551,6.797993,-6.197922,33.05786,19.883553,10.28514,50.015458,0.034548,-3.100351,1.310839,5.955998,2.672392,3.213566,2.253437,0.385482,5.461348,245.911439,0.982642,0.025139,0.017778
TDY,2022-12-31,0.426904,0.178141,0.144469,0.243579,0.072216,0.096533,0.054939,0.069874,0.077736,35.472731,5.12472,3.424301,70.96346,22.307983,5.433755,75.242756,0.028191,0.479925,0.273136,2.468788,11.169093,1.849744,1.265065,0.380284,6.176983,104.010898,0.617296,0.016964,0.005771
TDY,2023-12-31,0.432863,0.183551,0.157164,0.240014,0.127974,0.09605,0.060965,0.076721,0.081195,31.583827,4.963853,3.033639,38.787848,21.928652,5.263188,41.126864,0.031662,0.351896,0.223356,1.91971,13.404916,1.688126,1.168507,0.387909,6.263755,119.141257,0.943999,0.020389,0.005732
TDY,2024-12-31,0.429418,0.183704,0.14448,0.230282,0.19545,0.085785,0.057688,0.074718,0.076962,34.1477,4.93365,2.929377,25.242552,22.716317,5.231163,26.764749,0.029285,0.292039,0.196387,1.531133,17.198618,2.33402,1.609226,0.399282,6.292309,114.192408,1.454956,0.014762,0.006649
TDY,2025-12-31,0.427576,0.188017,0.146319,0.243713,0.175622,0.085106,0.05854,0.072441,0.085965,31.262624,4.57432,2.660649,26.046365,19.901164,4.850164,27.617034,0.031987,0.251296,0.172852,1.42445,19.364094,1.642707,1.081824,0.400084,6.162233,117.277682,1.331359,0.019181,0.006475
TECH,2022-06-30,0.684241,0.267573,0.246067,0.374244,0.253586,0.159864,0.118551,0.131915,0.147582,41.71621,10.264967,6.668902,40.479294,27.485581,10.286319,40.563496,0.023971,0.191548,0.142047,0.201426,27.650102,3.440307,2.638554,0.481783,5.682911,176.369821,1.195629,0.040619,0.038154
TECH,2023-06-30,0.677236,0.256002,0.250957,0.402139,0.190154,0.14506,0.108108,0.105879,0.139382,39.784117,9.984091,5.771088,52.505155,24.879119,10.00486,52.614372,0.025136,0.231356,0.172421,0.370651,31.196968,4.836097,3.500486,0.430782,5.203059,215.359326,0.891784,0.033645,0.034512
TECH,2024-06-30,0.664094,0.212587,0.145036,0.270164,0.203703,0.081255,0.062172,0.093418,0.079161,67.511,9.791501,5.485626,48.067533,36.318226,9.811868,48.167519,0.014812,0.202788,0.155162,0.533982,12.800267,3.873904,2.746209,0.428668,4.801528,208.919715,1.778537,0.054248,0.032821
TECH,2025-06-30,0.647958,0.199079,0.060182,0.17782,0.21035,0.038253,0.028696,0.079919,0.044908,154.617666,9.305191,5.914576,44.236744,52.438243,9.324547,44.328762,0.006468,0.231424,0.173605,0.847557,12.57163,3.459218,2.381896,0.476817,5.895488,201.442348,3.917657,0.025422,0.03348
TECH,2026-06-30,0.65765,0.224364,0.149676,0.286138,0.216637,0.086263,0.070306,0.089242,0.103305,62.404112,9.340389,5.383182,43.115293,32.710837,9.359818,43.204978,0.016025,0.137124,0.111758,,25.992731,4.547349,3.3516,0.469721,5.609987,213.394685,1.606014,0.023744,0.034044
TEL,2022-09-30,0.322093,0.180701,0.149131,0.220134,0.104416,0.224773,0.116832,0.17408,0.173313,24.494153,3.652835,5.505629,34.983413,17.912335,3.943112,37.763417,0.040826,0.401037,0.20845,0.869978,42.409091,1.569085,0.991364,0.783418,5.682723,100.045216,1.016474,0.047172,0.007309
TEL,2023-09-30,0.315268,0.166958,0.119122,0.195959,0.149682,0.165354,0.08797,0.142581,0.136124,31.137069,3.709106,5.148628,24.779918,20.432148,4.003855,26.749087,0.032116,0.374773,0.199383,0.811585,29.35,1.768317,1.196505,0.738486,5.404112,100.420751,1.639791,0.045653,0.007671
TEL,2024-09-30,0.344336,0.188261,0.201515,0.23307,0.176523,0.258438,0.139713,0.180155,0.158328,18.625682,3.753348,4.813582,21.262711,17.383647,4.051613,22.95238,0.053689,0.350546,0.189507,0.780937,40.957143,1.60788,1.077539,0.693314,5.186579,98.09412,1.088945,0.042916,0.008015
TEL,2025-09-30,0.352161,0.196038,0.106708,0.238617,0.185552,0.146365,0.073442,0.10649,0.164371,32.286538,3.445244,4.72561,18.567531,15.585775,3.719025,20.043025,0.030973,0.462455,0.232048,1.077689,42.61039,1.555859,1.028711,0.68825,5.072583,94.084576,2.247014,0.054223,0.008632
TER,2022-12-31,0.591799,0.269132,0.22678,0.30262,0.131432,0.291887,0.204356,0.289014,0.306391,81.168157,18.407312,23.691935,140.051939,60.597633,18.338042,139.524898,0.01232,0.05421,0.037954,,226.970691,3.025629,2.5901,0.901119,6.423856,109.334181,0.807718,0.051742,0.015286
TER,2023-12-31,0.574207,0.195174,0.167676,0.239235,0.159022,0.17766,0.128699,0.17657,0.187266,129.416466,21.700086,22.992188,136.460054,90.36483,21.618425,135.94653,0.007727,0.032707,0.023693,,139.090384,3.276054,2.806361,0.767546,6.340075,99.159249,1.30413,0.05965,0.021553
TER,2024-12-31,0.584751,0.195838,0.192339,0.259732,0.168121,0.192379,0.146243,0.176743,0.198653,107.077611,20.595166,20.599447,122.502057,78.995415,20.517663,122.04106,0.009339,0.027177,0.02066,,170.803736,2.908194,2.430285,0.760339,5.981596,112.047741,1.239327,0.070249,0.021321
TER,2025-12-31,0.582235,0.215862,0.173681,0.247047,0.141192,0.198175,0.132433,0.201958,0.215131,104.821248,18.205474,20.772908,128.941217,73.414924,18.136963,128.455988,0.00954,0.10131,0.067702,,96.422144,1.747927,1.407584,0.762507,4.053846,120.265758,1.217252,0.070222,0.020062
TFC,2022-12-31,,,0.313423,,0.554799,0.103447,0.011274,,,9.476385,2.970118,0.980305,5.353503,,4.384227,7.90237,0.105525,1.040189,0.113364,,,,,0.035971,7.447054,,1.770128,0.028238,
TFC,2023-12-31,,,-0.05449,,0.431076,-0.01846,-0.002038,,,-54.374126,2.962849,1.003742,6.873152,,4.373497,10.145541,-0.018391,1.010034,0.111505,,,,,0.0374,20.082247,,-7.911091,,
TFC,2024-12-31,,,0.362856,,0.162976,0.075661,0.00907,,,12.312613,4.467704,0.931581,27.413203,,6.594831,40.464956,0.081218,0.825861,0.099007,,,,,0.024997,6.973739,,0.449149,,
TFC,2025-12-31,,,0.261184,,0.282445,0.081409,0.009692,,,11.178099,2.919542,0.910003,10.336674,,4.309571,15.258087,0.089461,0.986439,0.117444,,,,,0.03711,12.5117,,1.081402,,
TGT,2023-01-31,0.245729,0.035264,0.025477,0.060447,-0.013838,0.247507,0.052123,0.114345,0.115147,25.850793,0.658589,6.398255,-47.592851,12.985173,0.784918,-56.721988,0.038684,1.698095,0.357608,2.108854,8.150628,0.915179,0.222923,2.045936,93.344739,3.963452,1.445324,0.05066,0.002016
TGT,2024-01-31,0.275425,0.053132,0.038525,0.080066,0.035517,0.30807,0.074753,0.151282,0.160851,17.367135,0.669061,5.350298,18.837537,9.959326,0.797399,22.450905,0.05758,1.462627,0.354903,1.422442,11.551793,0.906444,0.290717,1.940386,120.552189,2.033491,2.083374,0.044744,0.002337
TGT,2025-01-31,0.282116,0.052231,0.038389,0.081199,0.042002,0.278944,0.070817,0.141416,0.153422,17.56666,0.674373,4.900123,16.055676,9.898325,0.803729,19.135434,0.056926,1.355175,0.344043,1.291806,13.800487,0.935333,0.322804,1.844692,106.779559,1.924898,1.800782,0.027129,0.002853
TGT,2026-01-31,0.279338,0.048836,0.03536,0.079653,0.027057,0.229199,0.062279,0.121916,0.136226,19.396816,0.685868,4.445729,25.349279,10.262425,0.817429,30.211712,0.051555,1.255181,0.341066,1.314162,11.71236,0.942299,0.362741,1.761304,82.83004,2.869487,1.77112,0.03557,0.002682
TJX,2023-01-31,0.276093,0.097325,0.07005,0.112284,0.052607,0.549654,0.123391,0.377148,0.261583,40.011634,2.802802,21.992567,53.277768,26.44439,2.969275,56.442213,0.024993,2.002514,0.44954,,56.190476,1.208734,0.644056,1.761473,88.69627,24.561791,1.167524,0.029177,0.002443
TJX,2024-01-31,0.300017,0.106922,0.08252,0.129295,0.079956,0.612709,0.150402,0.42764,0.313329,31.283124,2.581491,19.167447,32.286205,21.151739,2.734819,34.203851,0.031966,1.717612,0.421622,,76.531646,1.21175,0.640991,1.822604,102.489603,23.787286,1.353822,0.031761,0.002951
TJX,2025-01-31,0.306033,0.111817,0.086302,0.135965,0.074485,0.579531,0.153202,0.419949,0.316234,28.774814,2.483334,16.675884,33.339852,19.349301,2.630832,35.320079,0.034753,1.522459,0.402469,,86.302632,1.180142,0.596839,1.775174,102.659381,23.750272,1.257401,0.034031,0.003247
TJX,2026-01-31,0.30963,0.118896,0.091002,0.142781,0.081445,0.539156,0.153605,0.413732,0.329064,25.475191,2.318305,13.735103,28.464653,17.201124,2.456001,30.155317,0.039254,1.323749,0.377135,,99.635135,1.137789,0.591647,1.687925,100.285714,27.477265,1.251183,0.032416,0.003545
TKO,2022-12-31,0.714435,0.477471,0.339671,0.529009,0.429172,0.680724,0.108155,0.157778,0.162098,92.49547,31.418039,62.963923,73.206197,38.410927,20.319725,47.34636,0.010811,4.892436,0.777323,4.274944,3.891436,1.165615,,0.318412,25.086847,,1.295521,0.010879,0.020825
TKO,2023-12-31,0.511052,0.123204,0.069299,0.200202,0.053463,0.054387,0.017609,0.046503,0.032458,160.290962,11.108046,8.71778,207.772253,35.884571,7.184167,134.377421,0.006239,0.736654,0.238512,3.873038,1.727262,1.042975,,0.254106,23.810479,,1.190996,0.029073,0.020005
TKO,2024-12-31,0.462791,0.006336,0.001926,0.104629,0.095668,0.0023,0.000623,0.004515,0.001868,3807.523701,7.334033,8.756045,76.661223,45.334505,4.743311,49.58091,0.000263,0.753679,0.204034,4.192471,0.108515,1.08113,1.045542,0.323207,11.546314,4.341606,62.296344,0.024327,0.021184
TKO,2025-12-31,0.59808,0.176344,0.041266,0.278892,0.244717,0.052283,0.01261,0.097802,0.059299,183.319514,7.564951,9.584568,30.913055,17.543209,4.892658,19.993125,0.005455,1.087134,0.262202,2.219472,3.992364,1.260885,1.229959,0.305576,8.481723,16.628282,6.579863,0.026811,0.024833
TMO,2022-12-31,0.422376,0.189402,0.154737,0.26588,0.153868,0.158034,0.071536,0.098689,0.10682,34.657825,5.362838,5.4771,34.853405,23.403522,6.222528,40.440581,0.028854,0.78421,0.354983,2.174175,11.792011,1.483186,1.151969,0.462307,5.534812,97.643156,1.317122,0.049939,0.006835
TMO,2023-12-31,0.399001,0.170754,0.139884,0.258511,0.161631,0.128276,0.060724,0.085583,0.090575,40.178796,5.620363,5.153993,34.772901,25.226542,6.521335,40.347172,0.024889,0.747127,0.353676,2.422601,5.580364,1.754853,1.391736,0.4341,5.213113,101.418476,1.402168,0.03451,0.006487
TMO,2024-12-31,0.412836,0.179972,0.147741,0.269013,0.169477,0.12776,0.065094,0.086526,0.100335,38.022397,5.617479,4.857757,33.145986,24.22929,6.517989,38.459455,0.0263,0.630735,0.321359,2.363762,6.06259,1.660441,1.287054,0.440593,5.234892,97.254941,1.368114,0.03265,0.00702
TMO,2025-12-31,0.409341,0.182014,0.150459,0.258253,0.141235,0.125527,0.060756,0.080858,0.091714,35.929577,5.405927,4.510118,38.276161,24.288247,6.272524,44.412023,0.027832,0.73745,0.356932,2.566525,6.150106,1.889986,1.53282,0.403805,5.006404,97.912124,1.166169,0.034226,0.006957
TMUS,2022-12-31,0.544985,0.101884,0.03255,0.253371,-0.006535,0.037183,0.012255,0.047129,0.034888,69.653242,2.267181,2.589897,-346.926726,14.781207,3.745132,-573.084467,0.014357,1.604916,0.528973,3.345717,1.935196,0.770633,0.694487,0.376511,17.901237,-26.074608,6.479151,0.217428,0.007478
TMUS,2023-12-31,0.615723,0.18128,0.105871,0.34563,0.098628,0.128517,0.040047,0.077065,0.076753,21.690742,2.296417,2.787637,23.283673,10.975395,3.793426,38.462045,0.046103,1.747446,0.544515,2.57377,4.298051,0.908591,0.828412,0.378261,16.742967,-16.346582,2.231454,0.137618,0.008491
TMUS,2024-12-31,0.635713,0.221253,0.1393,0.381351,0.122629,0.183654,0.054505,0.099145,0.09647,15.90986,2.21624,2.921914,18.072721,9.600023,3.660982,29.85413,0.062854,1.845516,0.547716,2.347014,5.313105,0.912263,0.832606,0.39128,19.036483,-7.598455,1.966046,0.151241,0.007973
TMUS,2025-12-31,0.628871,0.210137,0.124472,0.357415,0.174693,0.185666,0.050138,0.098177,0.092715,16.412109,2.042848,3.047175,11.693907,9.441559,3.374559,19.317037,0.060931,2.06525,0.557702,2.556284,4.784049,0.998408,0.900245,0.402802,18.118383,-2.028236,2.542758,0.141809,0.009387
TPL,2022-12-31,0.950797,0.842506,0.668785,0.865544,0.638689,0.577526,0.508717,0.570878,0.685229,54.496804,36.446659,31.473297,57.064811,41.709217,36.101156,56.523854,0.01835,0.002529,0.002228,,,11.148482,9.217583,0.760658,6.418568,1015.64287,1.001763,0.031276,0.012634
TPL,2023-12-31,0.923491,0.769564,0.642255,0.792929,0.598946,0.388848,0.350783,0.365176,0.44456,59.966972,38.514083,23.318056,64.303148,48.111471,38.148981,63.693574,0.016676,0.001122,0.001012,,,13.676229,,0.546174,4.897186,,1.031168,0.063327,0.016376
TPL,2024-12-31,0.899003,0.763843,0.643164,0.799492,0.092656,0.40086,0.363744,0.373378,0.453965,53.584682,34.463743,21.479959,371.952205,42.698397,34.137037,368.426209,0.018662,0.0004,0.000363,,,8.333924,,0.565554,5.57214,,1.080871,0.602521,0.017707
TPL,2025-12-31,0.854595,0.74188,0.603084,0.843849,0.04026,0.329957,0.296546,0.320135,0.39428,50.532852,30.475579,16.673648,756.972219,35.772599,30.186679,749.796349,0.019789,0.011087,0.009964,,885.534783,4.340415,,0.491715,4.840302,,1.134062,0.643675,0.018957
TPR,2022-06-30,0.695699,0.175899,0.128102,0.19623,0.113591,0.374666,0.117862,0.241867,0.190753,26.778048,3.43033,10.032834,30.198924,19.618923,3.849823,33.891929,0.037344,1.426996,0.448901,0.68659,18.836457,1.752315,1.075436,0.920058,26.494253,98.741668,0.99638,0.014047,0.010801
TPR,2023-06-30,0.707847,0.176012,0.140522,0.209416,0.118753,0.410923,0.13152,0.243739,0.200796,24.497909,3.442484,10.06675,28.988676,18.448736,3.863463,32.533681,0.04082,1.445254,0.462567,0.670084,42.416667,1.837155,1.122425,0.93594,31.493617,105.859434,1.04188,0.027654,0.01183
TPR,2024-06-30,0.732927,0.170899,0.122317,0.204746,0.171888,0.28168,0.060912,0.090691,0.097298,28.100543,3.437169,7.915373,19.996549,18.840429,3.857498,22.441913,0.035587,3.025476,0.654248,0.804305,9.0952,5.14355,4.661662,0.497988,29.234005,88.816492,1.538725,0.016324,0.012876
TPR,2025-06-30,0.754404,0.181123,0.026131,0.075085,0.156033,0.21357,0.02784,0.33098,0.060017,125.16399,3.270721,26.731223,20.961736,48.887048,3.670695,23.525132,0.00799,4.545582,0.592539,2.459347,3.530445,1.866273,1.313443,1.065375,29.296699,98.228866,6.64083,0.017502,0.012452
TPR,2026-06-30,0.778216,0.239174,0.190862,0.266485,0.226444,2.20734,0.228298,0.511828,0.379614,15.009519,2.864751,33.131112,12.651058,12.064764,3.21508,14.198147,0.066624,5.711602,0.590732,0.658368,34.706522,1.752158,1.249909,1.196138,33.758752,60.960445,1.295084,0.020739,0.013056
TRGP,2022-12-31,0.141029,0.082609,0.05712,0.153145,0.05,0.448475,0.06112,0.113918,0.127888,52.408702,2.99356,23.503996,59.870619,25.657348,3.929302,78.585281,0.019081,4.338448,0.591258,3.459926,4.728312,0.768448,0.640037,1.070031,14.860693,3.142323,1.991468,0.063751,0.002747
TRGP,2023-12-31,0.252442,0.163521,0.083803,0.246565,0.051444,0.491258,0.065108,0.138613,0.146855,46.552198,3.90121,22.869147,75.834669,20.768074,5.12067,99.539453,0.021481,4.748841,0.629379,3.162302,3.824222,0.794886,0.660328,0.776918,10.917947,-3.15393,2.38621,0.148528,0.003885
TRGP,2024-12-31,0.259775,0.164539,0.08009,0.252004,0.041748,0.506095,0.057711,0.131195,0.138292,47.755033,3.824717,24.168571,91.613691,19.921393,5.020267,120.250762,0.02094,5.502623,0.627472,3.323289,3.526069,0.723791,0.61842,0.72057,10.12266,-14.457127,2.781784,0.181046,0.003858
TRGP,2025-12-31,0.293934,0.195627,0.11293,0.285084,0.034302,0.626813,0.076254,0.130121,0.154082,32.581697,3.67944,20.422635,107.266912,16.940879,4.829578,140.796946,0.030692,5.711399,0.69481,3.483963,3.915572,0.66615,0.545111,0.675233,11.547742,-12.220261,2.037129,0.195751,0.004081
TRMB,2022-12-31,0.57275,0.147186,0.122324,0.220874,0.09466,0.111032,0.061865,0.076761,0.110248,29.846191,3.650908,3.313869,38.568483,18.062479,3.989536,42.145783,0.033505,0.401239,0.223566,1.538177,9.004219,1.038369,0.763081,0.50575,5.714752,116.620154,0.869913,0.011751,0.03275
TRMB,2023-12-31,0.614105,0.13015,0.081949,0.202332,0.146129,0.069176,0.032633,0.056975,0.067185,43.115426,3.53327,2.982563,24.179125,19.0824,3.860987,26.421784,0.023194,0.70854,0.334249,3.690867,3.217391,1.000875,0.872028,0.398216,5.376026,85.423179,1.918085,0.011056,0.038276
TRMB,2024-12-31,0.650585,0.129395,0.408438,0.632205,0.135151,0.261849,0.158553,0.050091,0.272275,8.921718,3.643969,2.336141,26.962298,6.29852,3.981954,29.463103,0.112086,0.242041,0.146559,0.279911,23.115766,1.269799,1.16113,0.388194,5.074814,81.197711,0.353231,0.009122,0.043059
TRMB,2025-12-31,0.690742,0.170407,0.118195,0.218465,0.100605,0.07265,0.045533,0.070391,0.074764,31.655265,3.741486,2.299755,37.189892,18.714728,4.088516,40.639325,0.03159,0.238546,0.149506,1.453107,7.846774,1.085473,0.961554,0.385234,4.190771,93.018265,0.910849,0.007053,0.040839
TROW,2022-12-31,0.549596,0.384687,0.240105,0.484218,0.327014,0.176243,0.133802,0.210103,0.223044,14.262134,3.424416,2.513601,10.47176,6.558527,3.175757,9.711367,0.070116,0.037287,0.028308,,,5.53192,,0.557265,8.666221,,1.514475,0.036619,0.043986
TROW,2023-12-31,0.496262,0.315455,0.276867,0.390001,0.141042,0.188183,0.145674,0.158051,0.172863,12.421859,3.439204,2.337585,24.384306,8.178115,3.189471,22.613673,0.080503,0.032456,0.025125,,,5.877121,,0.526151,7.996658,,0.681556,0.047659,0.041111
TROW,2024-12-31,0.519355,0.349132,0.296056,0.42021,0.177935,0.202998,0.155886,0.181335,0.190049,10.579963,3.132257,2.147716,17.603375,6.912768,2.904813,16.32513,0.094518,0.02694,0.020687,,,8.005447,,0.526544,8.084796,,0.802628,0.059688,0.034862
TROW,2025-12-31,0.5127,0.338683,0.285326,0.421461,0.20222,0.192181,0.145526,0.175189,0.177793,10.645862,3.037538,2.045928,15.020943,6.68383,2.816971,13.930219,0.093933,0.041178,0.031182,,,10.57262,,0.510034,7.855241,,0.840113,0.037486,0.029652
TRV,2022-12-31,,,0.077027,,0.175222,0.131818,0.02456,,,27.493447,2.117747,3.624136,12.08606,,2.226349,12.705858,0.036372,0.338219,0.063016,,10.555556,,,0.318847,1.794203,,2.274806,,
TRV,2023-12-31,,,0.072294,,0.186378,0.120019,0.023742,,,26.123831,1.888584,3.135363,10.133106,,1.985434,10.652752,0.038279,0.322258,0.063749,,9.965426,,,0.328414,1.908877,,2.578068,,
TRV,2024-12-31,,,0.107672,,0.195442,0.179407,0.037533,,,15.630402,1.682958,2.804205,8.611018,,1.769264,9.052609,0.063978,0.288293,0.060313,,16.765306,,,0.348587,2.083748,,1.815163,,
TRV,2025-12-31,,,0.128779,,0.217211,0.191159,0.043755,,,12.426269,1.600237,2.375399,7.367186,,1.682301,7.744991,0.080475,0.281723,0.064485,,19.343529,,,0.339772,2.230811,,1.686705,,
TSCO,2022-12-31,0.350039,0.101019,0.076644,0.12517,0.041086,0.533051,0.128235,0.346938,0.234706,15.415189,1.181488,8.217083,28.756707,12.989892,1.625945,39.574532,0.064871,2.090761,0.502969,0.54083,46.843045,1.328911,0.18861,1.673114,,,1.246408,0.054445,0.00379
TSCO,2023-12-31,0.359186,0.101603,0.076068,0.128606,0.039857,0.515046,0.120506,0.294727,0.21094,15.157431,1.152995,7.806772,28.928211,12.337913,1.586734,39.810554,0.065974,2.342593,0.548099,0.711515,31.797721,1.499226,0.283905,1.584186,,,1.204843,0.051793,0.003917
TSCO,2024-12-31,0.362593,0.098603,0.073992,0.128648,0.042786,0.485056,0.112309,0.278814,0.196029,15.239822,1.127625,7.392173,26.355242,12.06255,1.55182,36.269673,0.065618,2.389273,0.553205,0.825463,26.881814,1.427185,0.202545,1.517848,,,1.290214,0.05268,0.00325
TSCO,2025-12-31,0.364242,0.094524,0.070606,0.126346,0.047699,0.424627,0.100249,0.26466,0.176385,15.311468,1.081078,6.501665,22.66435,11.77531,1.487762,31.190325,0.065311,2.302294,0.54354,0.800903,21.222217,1.341696,0.162065,1.419837,,,1.491906,0.057638,0.003676
TSLA,2022-12-31,0.255984,0.169797,0.154465,0.216751,0.092706,0.281474,0.152821,0.271464,0.250049,114.33693,17.661015,32.182838,190.506036,79.963674,17.332236,186.95956,0.008746,0.128579,0.06981,,72.827225,1.531956,1.051256,0.989361,27.595528,-1.322874,1.17015,0.088041,0.01915
TSLA,2023-12-31,0.182489,0.091875,0.154992,0.152894,0.045023,0.239471,0.14068,0.132128,0.130076,95.919834,14.866766,22.969978,330.204633,95.425696,14.590005,324.057515,0.010425,0.15284,0.089788,,64.929487,1.725894,1.251913,0.907661,27.586374,9.517178,0.883792,0.091957,0.018724
TSLA,2024-12-31,0.178626,0.079435,0.072986,0.150558,0.036657,0.097788,0.058409,0.076424,0.100162,201.781428,14.727214,19.731757,401.759728,95.996641,14.453051,394.280535,0.004956,0.186839,0.1116,,26.685714,2.024912,1.607959,0.800279,22.111815,14.428186,2.092987,0.116102,0.020463
TSLA,2025-12-31,0.180265,0.051135,0.04001,0.124057,0.065593,0.046191,0.027531,0.039225,0.052935,379.204424,15.171856,17.515877,231.302506,120.020282,14.889415,226.996559,0.002637,0.179201,0.10681,,16.615385,2.164407,1.773665,0.68812,20.722684,13.016595,3.886927,0.089922,0.029791
TSN,2022-09-30,0.125145,0.082767,0.060771,0.107278,0.015014,0.164349,0.087939,0.123234,0.143265,5.733343,0.348421,0.942268,23.205706,4.537538,0.486779,32.420708,0.174418,0.422343,0.225985,1.275367,12.367123,1.812535,0.774704,1.447055,20.67598,41.38687,0.829833,0.035415,0.001745
TSN,2023-09-30,0.049753,0.007299,-0.012254,0.019213,-0.003536,-0.035736,-0.017875,0.013368,-0.010856,-28.64902,0.351063,1.0238,-99.275749,25.528116,0.49047,-138.698215,-0.034905,0.524238,0.262227,8.792323,-0.909859,1.342053,0.522234,1.458746,21.357431,36.948976,-2.703704,0.036667,0.001154
TSN,2024-09-30,0.068037,0.026431,0.015007,0.055769,0.02735,0.043502,0.021563,0.037641,0.04868,23.205706,0.348244,1.009492,12.732898,8.724038,0.486533,17.78914,0.043093,0.532191,0.263801,2.71443,3.27027,2.036975,0.951744,1.4369,22.156692,36.992982,3.2375,0.021235,0.001895
TSN,2025-09-30,0.065429,0.026469,0.008707,0.047372,0.02162,0.02621,0.01293,0.035298,0.040239,39.165749,0.341003,1.026517,15.772782,10.056831,0.476416,22.036165,0.025533,0.48825,0.240875,2.947266,2.712695,1.552043,0.662858,1.485106,21.569334,39.017733,4.546414,0.017964,0.001837
TT,2022-12-31,0.310461,0.15126,0.109838,0.170038,0.075802,0.28849,0.097143,0.183095,0.193275,53.751291,5.903947,15.506708,77.886606,35.942499,6.111598,80.626006,0.018604,0.794321,0.267471,1.329729,10.718568,1.121756,0.771154,0.884418,5.752203,60.216683,0.856248,0.018247,0.003521
TT,2023-12-31,0.331335,0.16371,0.11449,0.178186,0.118166,0.289327,0.104368,0.198062,0.210055,46.649609,5.340891,13.49699,45.19802,31.02792,5.528739,46.787709,0.021436,0.683297,0.246484,1.16972,11.947974,1.134864,0.779351,0.911597,5.978626,64.969344,1.180691,0.01701,0.003637
TT,2024-12-31,0.356912,0.176432,0.129442,0.194554,0.139882,0.344343,0.12746,0.230828,0.247212,36.767064,4.759209,12.660464,34.023115,25.322532,4.926598,35.219764,0.027198,0.639673,0.236778,0.823971,14.598154,1.209082,0.884229,0.984687,6.419714,51.806421,1.22497,0.018681,0.004179
TT,2025-12-31,0.361609,0.186072,0.136883,0.200808,0.13186,0.340195,0.136251,0.24299,0.258048,32.349121,4.428036,11.005006,33.581413,22.826711,4.583777,34.762527,0.030913,0.537941,0.21545,0.666059,17.226731,1.250736,0.916125,0.995388,6.590393,54.03484,1.094532,0.017963,0.004062
TTD,2022-12-31,0.821825,0.072033,0.033835,0.106528,0.289549,0.025237,0.012186,0.022519,0.048336,123.280096,4.171206,3.111231,14.405871,32.660293,3.479229,12.016026,0.008112,0.123364,0.05957,,,1.895025,,0.360171,0.672204,,10.278805,0.058236,0.316037
TTD,2023-12-31,0.81214,0.103015,0.091947,0.144337,0.279172,0.082681,0.036603,0.061852,0.084311,36.779412,3.381759,3.040962,12.113535,19.542714,2.820746,10.103974,0.027189,0.108997,0.048253,,,1.718133,,0.398086,0.678017,,3.343702,0.028272,0.252616
TTD,2024-12-31,0.806935,0.174723,0.160778,0.210508,0.258666,0.133285,0.064313,0.112231,0.131903,16.743093,2.691928,2.231599,10.406974,10.666346,2.245353,8.680521,0.059726,0.105866,0.051083,,,1.857151,,0.400008,0.734108,,1.881204,0.043791,0.202345
TTD,2025-12-31,0.786255,0.203475,0.15306,0.243452,0.270332,0.178436,0.072044,0.159628,0.204113,14.846038,2.272328,2.649063,8.405697,7.785379,1.895363,7.011244,0.067358,0.175629,0.070911,,,1.610842,,0.470694,0.768206,,2.239368,0.072425,0.169399
TTWO,2022-03-31,0.561915,0.135357,0.119265,0.213136,0.028361,0.10972,0.063853,0.111842,0.110306,91.902226,10.96072,10.083505,386.470127,52.922667,11.27974,397.718633,0.010881,0.065674,0.03822,,19.995918,1.839002,1.83272,0.535386,6.049016,33.554706,0.617225,0.045252,0.038404
TTWO,2023-03-31,0.427167,-0.215069,-0.210228,0.108881,-0.037963,-0.124379,-0.070905,-0.079779,-0.09943,-34.155891,7.180532,4.248286,-189.143922,67.86821,7.389527,-194.6491,-0.029278,0.385623,0.219832,3.866781,-8.298819,0.651184,,0.337276,7.009827,,-0.000978,0.038169,0.061179
TTWO,2024-03-31,0.419059,-0.213829,-0.699903,-0.336586,-0.029498,-0.660597,-0.306477,-0.130719,-0.363101,-10.259903,7.180935,6.777666,-243.441892,-21.955588,7.389942,-250.527453,-0.097467,0.623511,0.289271,-1.293402,-25.335704,0.939038,,0.437885,7.870531,,0.0043,0.026488,0.058173
TTWO,2025-03-31,0.54356,-0.131248,-0.795033,-0.527709,-0.038093,-2.095196,-0.48786,-0.127157,-0.775414,-8.576912,6.818931,17.97031,-179.008064,-13.297868,7.017401,-184.21823,-0.116592,1.920709,0.447232,-0.7417,-24.489784,0.778776,,0.613635,7.305927,,0.010092,0.03007,0.055844
TTWO,2026-03-31,0.572336,-0.016315,-0.044799,0.186512,0.069332,-0.084935,-0.03178,-0.018013,-0.005372,-128.823376,5.771157,10.941676,83.23972,31.843119,5.939131,85.662475,-0.007763,0.842604,0.315276,0.783327,-0.226286,1.235901,,0.709396,9.03175,,-2.093561,0.024458,0.050057
TXN,2022-12-31,0.687587,0.519123,0.436838,0.560465,0.295736,0.600192,0.321572,0.388955,0.423004,27.83271,12.158397,16.704972,41.112338,22.321547,12.510454,42.30278,0.035929,0.599232,0.321057,0.506459,47.878505,4.697152,3.773534,0.736134,10.568865,145.721272,0.996685,0.139654,0.01443
TXN,2023-12-31,0.628974,0.41846,0.371597,0.514242,0.077002,0.385275,0.201249,0.228793,0.267707,37.405281,13.899673,14.411338,180.510289,27.812117,14.30215,185.737113,0.026734,0.664201,0.346946,0.91675,22.014164,4.554819,3.350301,0.541579,9.803581,216.755138,0.986175,0.289457,0.020663
TXN,2024-12-31,0.581421,0.341474,0.306822,0.48213,0.095774,0.283914,0.135149,0.154118,0.187065,50.741484,15.568594,14.406223,162.555661,33.226278,16.019396,167.262594,0.019708,0.804354,0.382889,1.378597,11.734252,4.124623,2.881965,0.44048,9.098895,246.782702,1.316524,0.308164,0.024743
TXN,2025-12-31,0.570241,0.347246,0.28283,0.466689,0.147212,0.307319,0.1446,0.177356,0.198975,48.691938,13.771541,14.963951,93.549128,30.363471,14.170307,96.25792,0.020537,0.86327,0.406188,1.311561,11.515654,4.352643,2.831909,0.511262,9.007641,234.957261,1.430314,0.257324,0.023696
TXT,2022-12-31,0.207475,0.068614,0.066905,0.118113,0.088119,0.121046,0.052845,0.070212,0.088965,15.918279,1.065012,1.926844,12.0861,10.842524,1.280646,14.53319,0.062821,0.50007,0.218315,1.001316,10.495327,2.189646,1.222343,0.789848,9.075458,130.83312,1.728223,0.027508,
TXT,2023-12-31,0.208141,0.076957,0.06731,0.113937,0.063144,0.131816,0.054639,0.082236,0.093284,14.881257,1.001654,1.961591,15.863007,10.571287,1.204461,19.074811,0.067199,0.554458,0.229829,1.085953,15.116883,1.919826,1.025811,0.811758,9.417068,136.148888,1.374593,0.02938,
TXT,2024-12-31,0.182601,0.0624,0.060137,0.10378,0.047438,0.114381,0.048937,0.069312,0.083574,16.633056,1.000266,1.902504,21.085597,11.589759,1.202791,25.354826,0.060121,0.498057,0.213089,1.509845,10.721649,1.763996,0.837506,0.813755,8.828608,143.282155,1.230583,0.026565,
TXT,2025-12-31,0.182107,0.06764,0.062234,0.11244,0.062775,0.116952,0.050803,0.06914,0.091681,14.881257,0.926119,1.740398,14.753109,9.904229,1.113632,17.74019,0.067199,0.492444,0.213911,1.113582,10.02381,1.969217,0.986446,0.816316,10.593414,127.725775,1.424539,0.02588,
TYL,2022-12-31,0.423663,0.115798,0.088769,0.209714,0.179063,0.062582,0.035038,0.051935,0.056869,84.153628,7.470199,5.266518,41.718156,36.870899,7.73233,43.182056,0.011883,0.398635,0.223188,2.096662,7.610275,0.952284,,0.394717,3.205165,,2.322546,0.027106,0.055661
TYL,2023-12-31,0.441193,0.11197,0.08501,0.201169,0.167763,0.056474,0.035478,0.051035,0.060363,83.302044,7.081534,4.704362,42.211617,36.437142,7.330027,43.692833,0.012005,0.237199,0.149014,1.223828,9.389521,0.859607,,0.417338,3.149489,,2.292926,0.02716,0.055508
TYL,2024-12-31,0.437721,0.140109,0.123036,0.218199,0.268826,0.077625,0.050777,0.064131,0.076341,52.547626,6.465232,4.079005,24.049876,30.669668,6.692098,24.893793,0.01903,0.188397,0.123237,,52.958692,1.352074,,0.412702,3.637984,,2.374796,0.023359,0.057448
TYL,2025-12-31,0.464641,0.153355,0.135316,0.232889,0.266149,0.085234,0.055969,0.06722,0.101794,43.793601,5.925976,3.732698,22.265633,26.338354,6.13392,23.04694,0.022834,0.173547,0.11396,,79.141742,1.050382,,0.413616,3.651139,,2.070776,0.01406,0.06486
UAL,2022-12-31,0.236681,0.0551,0.016394,0.113869,0.027739,0.106874,0.010942,0.048411,0.056222,47.875137,0.784873,5.116586,28.295089,10.220063,1.163753,41.953889,0.020888,5.283208,0.540886,4.693886,1.591751,1.003301,0.947829,0.667404,24.961133,-9.692872,8.230665,0.107196,
UAL,2023-12-31,0.282946,0.096059,0.048737,0.145801,-0.00484,0.280781,0.036819,0.097317,0.10554,13.477455,0.656849,3.78421,-135.707601,6.679839,0.973928,-201.217308,0.074198,3.940262,0.516694,3.268897,2.909245,0.832635,0.762329,0.755471,28.301897,-8.651964,2.639801,0.133496,
UAL,2024-12-31,0.289014,0.091268,0.055185,0.148923,0.067119,0.248442,0.042506,0.095201,0.109713,11.204819,0.618334,2.783746,9.212526,6.156331,0.91682,13.659661,0.089247,2.653491,0.453991,2.340198,3.972896,0.809943,0.742515,0.770258,26.381415,-9.744523,2.999365,0.0984,
UAL,2025-12-31,0.287794,0.084171,0.056763,0.142407,0.043288,0.219408,0.04386,0.096141,0.108775,10.523107,0.597325,2.308859,13.798974,6.21927,0.88567,20.460109,0.095029,2.030886,0.405975,2.264146,4.689803,0.645046,0.585505,0.772682,24.705144,-11.349234,2.514465,0.099441,
UBER,2022-12-31,0.383286,-0.057471,-0.286758,-0.248267,0.012235,-1.245368,-0.284687,-0.10821,-0.38102,-15.753253,4.517379,19.618594,369.232009,-19.512698,4.844355,395.957673,-0.063479,1.517575,0.346912,-0.638994,-15.683186,1.044731,,0.992775,11.470673,,-0.070233,0.007905,0.056247
UBER,2023-12-31,0.397629,0.029774,0.050616,0.101312,0.09018,0.167748,0.048761,0.048625,0.101009,76.311862,3.86257,12.801181,42.831792,40.885224,4.14215,45.932032,0.013104,0.997778,0.290033,1.271909,4.666667,1.194944,,0.963358,10.952115,,1.899841,0.005982,0.051903
UBER,2024-12-31,0.393992,0.063645,0.224112,0.122448,0.156783,0.457185,0.192335,0.09013,0.116878,14.610439,3.274375,6.679677,20.884769,28.6766,3.511381,22.396446,0.068444,0.516096,0.217118,0.669266,8.887189,1.067009,,0.858208,13.194719,,0.724127,0.005503,0.040839
UBER,2025-12-31,0.397543,0.106984,0.193264,0.134321,0.187689,0.371769,0.162665,0.148155,0.126106,14.32413,2.768335,5.325265,14.749614,22.101545,2.968712,15.817217,0.069812,0.446729,0.195463,0.488908,14.181818,1.135795,,0.841672,13.592109,,1.004576,0.006459,0.035104
UDR,2022-12-31,0.218161,0.154907,0.057285,0.616411,0.384911,0.021211,0.007875,0.024544,0.024863,143.270528,8.207303,3.038894,21.322621,19.059185,11.748286,30.522114,0.00698,1.385169,0.514251,5.865408,1.570695,0.11293,,0.137463,,,9.434345,0.155539,0.018127
UDR,2023-12-31,0.241181,0.176315,0.273028,0.829061,0.319703,0.111335,0.03907,0.029315,0.062471,28.026473,7.652006,3.12032,23.934731,13.211822,10.95341,34.2612,0.035681,1.499456,0.526195,4.295409,3.635067,0.310618,,0.143099,,,1.87388,0.191918,0.020213
UDR,2024-12-31,0.24943,0.169203,0.053585,0.598308,0.361973,0.026018,0.008221,0.03038,0.029968,139.014873,7.449058,3.616877,20.579065,17.821748,10.662901,29.457756,0.007193,1.745246,0.551429,5.824026,1.465066,0.389805,,0.153414,,,9.787889,0.162508,0.019514
UDR,2025-12-31,0.271052,0.188268,0.220581,0.748228,0.358547,0.114857,0.035613,0.035483,0.062093,32.971976,7.27298,3.787074,20.284597,13.91401,10.410856,29.036242,0.030329,1.825878,0.566143,4.542717,3.057533,0.202293,,0.161453,,,2.390462,0.168743,0.015467
UHS,2022-12-31,0.88997,0.074896,0.050421,0.117544,0.019555,0.114112,0.050067,0.070942,0.085766,15.413491,0.777163,1.758863,39.74282,9.954409,1.170077,59.835792,0.064878,0.890331,0.390633,2.987385,7.826912,1.325384,1.211241,0.992973,6.640841,-48.541536,1.47426,0.054779,0.006372
UHS,2023-12-31,0.892674,0.082298,0.050259,0.120091,0.036742,0.116734,0.05139,0.081275,0.095957,14.507615,0.729135,1.693526,19.844978,9.141111,1.097768,29.8781,0.068929,0.872764,0.38422,2.79454,5.550287,1.396356,1.288582,1.022507,6.380824,-37.328443,1.766238,0.052027,0.006142
UHS,2024-12-31,0.899685,0.106256,0.072157,0.143119,0.070969,0.171326,0.07893,0.116902,0.137075,9.117871,0.657919,1.562132,9.270521,6.921129,0.990546,13.957464,0.109675,0.743366,0.342468,1.932899,9.207284,1.274104,1.17415,1.093864,7.268019,-44.274625,1.809917,0.059629,0.006277
UHS,2025-12-31,0.904462,0.114831,0.085736,0.157971,0.047484,0.204623,0.095881,0.127029,0.172884,6.994574,0.599689,1.431252,12.629305,5.715453,0.902876,19.014364,0.142968,0.710095,0.33273,1.682288,13.952712,1.051955,0.980307,1.118321,6.672534,-59.269049,1.252285,0.059882,0.00551
ULTA,2023-01-31,0.396187,0.161551,0.121702,0.185195,0.114589,0.633943,0.231343,0.636129,0.447106,18.617827,2.265833,11.802637,19.773598,13.456969,2.49217,21.748809,0.053712,0.971102,0.354382,,,1.610979,0.657551,1.900894,51.190842,68.945226,1.192776,0.030575,0.004216
ULTA,2024-01-31,0.390915,0.150486,0.115193,0.172243,0.092886,0.566397,0.226214,0.563354,0.416551,17.917001,2.063916,10.148139,22.219942,13.179545,2.270084,24.439522,0.055813,0.838445,0.334867,,,1.71061,0.659985,1.963778,,,1.143501,0.038838,0.004305
ULTA,2025-01-31,0.388402,0.139758,0.106335,0.163399,0.085356,0.482696,0.20013,0.482267,0.373894,19.257839,2.047773,9.295682,23.99109,13.784188,2.252328,26.387592,0.051927,0.772894,0.320449,,,1.702077,0.596014,1.882078,,,1.114466,0.033151,0.003788
ULTA,2026-01-31,0.39097,0.124977,0.093076,0.149246,0.086175,0.41145,0.164799,0.408497,0.324362,20.053193,1.866479,8.25088,21.659175,13.755257,2.052924,23.822739,0.049867,0.778348,0.311754,,,1.413517,0.432946,1.770581,,,1.302824,0.035087,0.00302
UNH,2022-12-31,0.245609,0.087718,0.062068,0.098207,0.072198,0.258705,0.081887,0.164541,0.18173,16.814288,1.043625,4.349939,14.454943,12.177336,1.1959,16.56407,0.059473,0.740922,0.234521,1.076111,13.592256,0.773995,,1.319314,18.333918,,1.302485,0.008644,0.002854
UNH,2023-12-31,0.244759,0.087072,0.060225,0.097761,0.069108,0.252163,0.081766,0.170031,0.185256,15.115655,0.910343,3.811613,13.172786,10.670671,1.043172,15.094833,0.066157,0.704595,0.228471,1.02147,9.968577,0.791861,,1.357672,17.466723,,1.29878,0.009111,0.00285
UNH,2024-12-31,0.223342,0.080661,0.035987,0.070141,0.051727,0.155464,0.048294,0.144601,0.123269,23.485143,0.845171,3.651098,16.339217,13.807718,0.968491,18.723279,0.04258,0.829977,0.257827,1.837584,6.138505,0.826634,,1.341963,17.897518,,1.68025,0.008741,0.002543
UNH,2025-12-31,0.185262,0.042371,0.026937,0.051523,0.035916,0.128105,0.038943,0.095799,0.096048,28.061006,0.755872,3.594767,21.045318,16.811166,0.866162,24.116049,0.035637,0.832951,0.25321,2.342758,4.672414,0.788376,,1.445719,19.444218,,1.633792,0.008093,0.00217
UNP,2022-12-31,0.450452,0.398673,0.281327,0.50609,0.230834,0.575351,0.106923,0.168169,0.172588,23.716329,6.672035,13.645225,28.904018,15.49145,7.840075,33.9641,0.042165,2.874044,0.534111,2.569942,8.137687,0.715942,0.581703,0.380067,13.154416,26.599202,1.337811,0.145528,
UNP,2023-12-31,0.436544,0.37655,0.26448,0.493014,0.197894,0.431363,0.095022,0.148559,0.154339,26.017694,6.881167,11.223078,34.772024,16.400796,8.085819,40.859389,0.038435,2.311266,0.509131,2.651081,7.14403,0.812378,0.666863,0.359277,11.634829,28.336373,1.313529,0.149509,
UNP,2024-12-31,0.455216,0.400536,0.278227,0.513856,0.243052,0.399467,0.099638,0.154987,0.161109,24.598618,6.843995,9.826339,28.158614,15.650579,8.042139,33.088202,0.040653,1.922025,0.479406,2.421636,7.929866,0.765322,0.618957,0.358119,12.80359,26.352607,1.385208,0.142351,
UNP,2025-12-31,0.457772,0.401714,0.291228,0.527948,0.224357,0.386527,0.102413,0.152494,0.161941,23.251173,6.771394,8.987214,30.181283,15.071241,7.956828,35.464969,0.043009,1.777333,0.470917,2.360742,8.002292,0.908456,0.751496,0.35166,13.177419,27.232006,1.301485,0.154672,
UPS,2022-12-31,0.209432,0.130499,0.115091,0.186539,0.093036,0.583645,0.162364,0.258559,0.293088,7.298097,0.839945,4.259498,9.028218,5.787809,1.079655,11.604759,0.137022,1.18877,0.330704,0.751189,22.058239,1.224752,1.175744,1.410747,7.974092,15.284481,1.221337,0.047529,0.015627
UPS,2023-12-31,0.189516,0.100497,0.073748,0.139911,0.05585,0.387611,0.09467,0.180754,0.176003,12.563867,0.926564,4.869896,16.59024,8.512528,1.190994,21.324887,0.079593,1.544493,0.377225,1.500471,11.893266,1.098269,1.045372,1.283684,8.109665,18.24697,1.526237,0.056707,0.002419
UPS,2024-12-31,0.179598,0.092983,0.06349,0.130855,0.068222,0.345855,0.082517,0.173126,0.154916,14.575998,0.925425,5.041178,13.564851,9.090411,1.189529,17.43609,0.068606,1.534394,0.366091,1.273139,9.593533,1.174503,1.124263,1.2997,8.377334,16.818066,1.750605,0.042923,0.000264
UPS,2025-12-31,0.180801,0.088731,0.062846,0.134524,0.053744,0.343378,0.076235,0.151628,0.142353,15.125344,0.950569,5.193715,17.686972,9.082789,1.22185,22.734612,0.066114,1.761878,0.391162,1.529303,8.044248,1.21927,1.171959,1.213039,7.909805,16.52554,1.516511,0.041563,0.000823
URI,2022-12-31,0.429136,0.277616,0.180811,0.469335,0.063821,0.298074,0.087045,0.131729,0.14937,29.980181,5.420742,8.936318,84.93712,14.345038,6.732631,105.492982,0.033355,1.730813,0.505438,2.061493,7.296629,1.113701,1.018814,0.481413,5.809381,13.016741,2.105938,0.316956,0.010909
URI,2023-12-31,0.405596,0.268979,0.169132,0.462392,0.044237,0.298155,0.094728,0.148115,0.1752,26.034769,4.403313,7.762396,99.539874,11.827567,5.468971,123.629788,0.03841,1.557442,0.494822,1.683265,6.056693,0.806434,0.750069,0.560084,6.426906,26.800709,1.940594,0.28398,0.006559
URI,2024-12-31,0.400782,0.265103,0.167807,0.455002,0.027305,0.298655,0.091432,0.140359,0.164211,24.50807,4.112628,7.319448,150.616421,11.226194,5.107936,187.067507,0.040803,1.715263,0.525122,1.854626,5.903039,0.977731,0.917544,0.544864,6.510395,34.311064,1.765437,0.268948,0.007299
URI,2025-12-31,0.381639,0.246848,0.154916,0.444872,0.041121,0.2781,0.083506,0.127999,0.155642,25.304042,3.920012,7.037052,95.329729,10.94405,4.868705,118.400733,0.039519,1.747324,0.524677,1.922647,5.662011,0.94475,0.881906,0.539041,6.413944,37.254825,2.080994,0.28126,0.008323
USB,2022-12-31,,,0.240862,,0.873263,0.114742,0.008632,,,16.064647,3.869359,1.843292,4.430919,,5.38226,6.163387,0.062248,1.36682,0.102827,,,,,0.035839,,,3.625579,,
USB,2023-12-31,,,0.193803,,0.299611,0.098163,0.008182,,,17.236428,3.340469,1.691979,11.149359,,4.646577,15.508706,0.058017,1.137942,0.094854,,,,,0.042221,,,1.545957,,
USB,2024-12-31,,,0.230437,,0.415219,0.107532,0.009286,,,14.855782,3.423324,1.59747,8.244632,,4.761828,11.468244,0.067314,1.120318,0.096748,,,,,0.040298,,,1.801873,,
USB,2025-12-31,,,0.265242,,0.279257,0.116117,0.010934,,,12.361502,3.278787,1.435378,11.7411,,4.560777,16.331816,0.080896,1.049392,0.098813,,,,,0.041222,,,1.05284,,
V,2022-09-30,0.804401,0.671477,0.510304,0.666496,0.609997,0.420365,0.174934,0.291367,0.288857,46.226593,23.589599,19.432033,38.671691,35.19257,23.45571,38.452199,0.021633,0.630955,0.26257,0.346097,34.710037,1.448473,,0.342803,14.509901,,1.260213,0.033095,0.020539
V,2023-09-30,0.798885,0.671516,0.528987,0.692861,0.603191,0.44595,0.190864,0.31312,0.321672,40.028435,21.174506,17.8507,35.104141,30.387503,21.054325,34.904898,0.024982,0.528309,0.226113,0.184627,33.666149,1.451727,,0.360811,14.252728,,1.201586,0.032432,0.023428
V,2024-09-30,0.803986,0.669626,0.549546,0.712325,0.52032,0.504459,0.208896,0.336931,0.361164,35.020572,19.245426,17.666432,36.987704,26.8644,19.136193,36.77777,0.028555,0.532386,0.220461,0.346255,38.310452,1.283441,,0.380125,14.028114,,1.010485,0.034989,0.02366
V,2025-09-30,0.803625,0.6639,0.50145,0.650075,0.539425,0.529109,0.201331,0.353192,0.383763,34.470593,17.285279,18.238707,32.043897,26.438752,17.187172,31.862023,0.02901,0.663985,0.252652,0.307926,42.076401,1.077551,,0.401498,12.795905,,1.149616,0.03705,0.022425
VEEV,2023-01-31,0.717221,0.213029,0.226307,0.226543,0.362157,0.131236,0.101515,0.118346,0.120893,86.384627,19.549479,11.336772,53.980679,71.77001,16.258968,44.894809,0.011576,0.016408,0.012692,,,3.942492,,0.448569,3.065279,,1.600288,,0.163293
VEEV,2024-01-31,0.713458,0.181638,0.22241,0.195442,0.385561,0.113181,0.088938,0.082637,0.090729,80.140575,17.824082,9.070376,46.229011,75.848342,14.823984,38.447879,0.012478,0.012008,0.009436,,,4.244027,,0.399882,2.773704,,1.733556,,0.166577
VEEV,2025-01-31,0.745274,0.25174,0.260006,0.266079,0.39687,0.122444,0.097297,0.092086,0.116377,58.994621,15.338968,7.223527,38.649844,47.944976,12.757158,32.144415,0.016951,0.012992,0.010324,,,4.51143,,0.374211,2.702418,,1.526387,,0.159232
VEEV,2026-01-31,0.75526,0.286786,0.28445,0.298669,0.442907,0.125979,0.101222,0.096645,0.124807,46.352759,13.185039,5.839466,29.769331,36.715442,10.965772,24.758644,0.021574,0.013287,0.010676,,,4.885373,,0.355851,2.536491,,1.557064,,0.147936
VICI,2022-12-31,0.991309,0.627697,0.429744,0.646857,0.746538,0.050955,0.029743,0.045646,0.045403,23.368594,10.042523,1.190754,13.452119,26.209846,16.954012,22.710169,0.042792,0.66423,0.387722,8.043107,3.109708,28.966073,,0.069212,,,1.738847,0.000721,0.004993
VICI,2023-12-31,0.9925,0.926041,0.695888,0.933235,0.602708,0.099523,0.057048,0.079677,0.077579,10.390747,7.230799,1.034116,11.997184,13.080512,12.207197,20.253916,0.096239,0.697995,0.400104,4.806391,4.115289,28.222807,,0.081979,579.215523,,0.867704,0.001117,0.004301
VICI,2024-12-31,0.993013,0.920952,0.695939,0.92517,0.616743,0.100943,0.059045,0.081633,0.079595,9.749687,6.785182,0.984159,11.001629,12.381401,11.454897,18.573196,0.102567,0.665088,0.389035,4.551393,4.305842,27.916755,,0.084842,759.811488,,0.889013,0.001955,0.004549
VICI,2025-12-31,0.993328,0.91243,0.692814,0.915657,0.626207,0.099846,0.059402,0.08194,0.079666,9.410061,6.519421,0.93956,10.410976,12.020034,11.006233,17.576044,0.106269,0.636376,0.378599,4.41896,4.343922,26.676815,,0.08574,1699.667374,,0.904341,0.000333,0.004043
VLO,2022-12-31,0.094969,0.0893,0.065358,0.10399,0.061758,0.489283,0.189039,0.3473,0.364629,10.322229,0.674638,5.050493,10.923956,6.855123,0.712862,11.542887,0.096878,0.53996,0.208619,0.369262,28.236655,1.382109,0.995418,2.892378,16.390949,8.60421,1.090736,0.00953,
VLO,2023-12-31,0.089033,0.081911,0.06103,0.104037,0.057458,0.335345,0.140114,0.243437,0.26722,13.468552,0.821979,4.516612,14.305681,8.348494,0.868551,15.116214,0.074247,0.479655,0.200409,0.40502,20.878378,1.560588,1.109273,2.295832,13.115238,14.035854,1.044595,0.006293,
VLO,2024-12-31,0.036649,0.028911,0.021327,0.054111,0.044471,0.113006,0.046057,0.087272,0.095279,42.95836,0.916182,4.854547,20.601568,17.890817,0.968091,21.768813,0.023278,0.47079,0.191876,0.826124,7.651079,1.531914,1.031042,2.159536,13.347138,14.712397,2.412635,0.006983,
VLO,2025-12-31,0.043762,0.035146,0.019138,0.054765,0.040999,0.098967,0.040491,0.093841,0.081155,50.679156,0.969904,5.015581,23.65699,18.713598,1.024857,24.997349,0.019732,0.493277,0.201818,0.882721,6.404676,1.645049,1.107024,2.115731,13.325405,19.463946,2.481261,0.006488,
VLTO,2022-12-31,0.566735,0.228337,0.173511,0.247023,0.171663,0.261206,0.17513,0.260971,0.300648,27.261578,4.730192,7.120876,27.555063,20.374924,5.033066,29.319418,0.036682,0.038022,0.025492,,,1.139804,0.832591,1.009326,5.968137,44.724462,1.029586,0.006982,0.008419
VLTO,2023-12-31,0.577773,0.227046,0.167098,0.241585,0.18104,0.606652,0.147374,0.217518,0.254291,27.456535,4.587937,16.656568,25.342171,20.206952,4.881704,26.964833,0.036421,2.007954,0.487792,1.539159,37.533333,1.638735,1.403953,0.88196,6.078692,36.975053,1.147795,0.010755,0.010954
VLTO,2024-12-31,0.59792,0.232621,0.160408,0.245908,0.157905,0.408734,0.130034,0.199823,0.232319,27.654301,4.435978,11.303255,28.092723,19.194231,4.720014,29.891504,0.036161,1.357704,0.431939,1.173062,10.610619,1.917269,1.685944,0.810646,6.39532,38.368481,1.05042,0.010591,0.012517
VLTO,2025-12-31,0.599491,0.232055,0.170816,0.244776,0.184263,0.302738,0.122189,0.17711,0.22512,24.506418,4.186086,7.419012,22.717981,18.196758,4.454122,24.172617,0.040806,0.927214,0.374236,0.476615,13.21875,1.669261,1.519942,0.715326,6.134894,41.444459,1.145745,0.011448,0.013447
VMC,2022-12-31,0.21294,0.137877,0.078685,0.209249,0.073217,0.083076,0.040437,0.069844,0.072097,54.215509,4.265973,4.504005,58.264464,23.504441,4.918286,67.173727,0.018445,0.65296,0.317824,2.491866,5.657801,1.988292,1.38271,0.513903,6.998182,60.068168,1.994788,0.083743,0.005618
VMC,2023-12-31,0.250389,0.177245,0.119919,0.262699,0.085352,0.124703,0.064156,0.092211,0.104829,33.440256,4.010132,4.170089,46.98351,17.5993,4.623324,54.167793,0.029904,0.58599,0.301477,1.441422,7.349312,3.165622,2.393806,0.534997,8.746656,55.821158,1.646807,0.112132,0.008121
VMC,2024-12-31,0.269571,0.188576,0.122936,0.267037,0.108672,0.112322,0.053313,0.081839,0.085928,34.221348,4.207025,3.843821,38.712873,18.163494,4.850324,44.632488,0.029222,0.717956,0.34077,2.39686,7.13023,1.828505,1.278266,0.433662,8.313011,62.419467,1.545784,0.081359,0.007199
VMC,2025-12-31,0.273841,0.197353,0.135586,0.296873,0.142965,0.126298,0.064472,0.094708,0.103517,28.983419,3.929739,3.660537,27.487402,15.261187,4.530638,31.690521,0.034502,0.572979,0.29249,1.772556,6.799332,2.685807,1.974061,0.475504,8.945702,56.119499,1.683849,0.085341,0.007946
VMRK,2022-12-31,0.645601,0.302798,0.438326,0.846802,0.480915,0.101015,0.055567,0.039618,0.06976,41.671184,18.265566,4.209434,37.980865,,,,0.023997,0.753431,0.41445,3.507459,6.003103,1.113995,,0.126771,,,1.250847,0.067364,0.013058
VMRK,2023-12-31,0.643004,0.320198,0.335569,0.708675,0.492341,0.078825,0.044918,0.044355,0.057276,51.000738,17.114277,4.020155,34.761025,,,,0.019608,0.690387,0.393412,3.866299,5.556444,0.764462,,0.133856,,,1.679573,0.071272,0.009806
VMRK,2024-12-31,0.63159,0.314285,0.37134,0.739959,0.483861,0.090611,0.051522,0.045727,0.064638,43.780982,16.257622,3.967038,33.599811,,,,0.022841,0.690936,0.392869,3.695939,5.777902,0.357874,,0.138745,,,1.486032,0.067962,0.008708
VMRK,2025-12-31,0.631366,0.302479,0.34574,0.732727,0.462443,0.090541,0.047373,0.043924,0.063666,45.059179,15.578772,4.079698,33.687958,,,,0.022193,0.817628,0.427798,4.102887,5.072305,0.228831,,0.137018,,,1.589559,0.087131,0.008701
VRSK,2022-12-31,0.669764,0.563276,0.382179,0.697317,0.314097,0.545532,0.13709,0.211825,0.301859,23.923994,9.143239,13.051316,29.109611,15.44657,10.771152,34.292448,0.041799,2.26119,0.568229,2.078681,10.095101,0.398888,,0.358708,9.123128,,1.109714,0.110012,0.022627
VRSK,2023-12-31,0.673119,0.422056,0.229134,0.531103,0.309801,1.981935,0.140721,0.26942,0.317885,37.15929,8.514458,73.647315,27.48365,18.88601,10.03042,32.376992,0.026911,9.985161,0.708962,1.77621,9.893506,1.050169,,0.614141,8.456008,,1.7264,0.085776,0.020139
VRSK,2024-12-31,0.687303,0.435125,0.332269,0.575737,0.319291,9.565435,0.224518,0.311006,0.447221,23.844039,7.922639,228.078599,24.813246,16.210938,9.333229,29.231134,0.041939,32.425574,0.761085,1.644566,10.860353,0.735814,,0.67571,6.838396,,1.194778,0.077697,0.016622
VRSK,2025-12-31,0.698799,0.437368,0.295603,0.543138,0.3879,2.939482,0.146606,0.207491,0.344578,25.135603,7.430165,73.885656,19.154852,16.115745,8.753073,22.565288,0.039784,15.8589,0.790961,1.519204,7.853716,1.202191,,0.495957,7.439952,,1.580975,0.079442,0.017639
VRSN,2022-12-31,0.859148,0.661871,0.472875,0.703488,0.56404,-0.431315,0.388716,3.198717,1.549878,40.667924,19.230857,-17.540678,34.094871,28.609273,20.126279,35.682388,0.024589,-1.149021,1.035537,1.410914,12.689243,0.929985,,0.822026,229.822581,,1.233452,0.019229,0.041126
VRSN,2023-12-31,0.867859,0.670149,0.547586,0.733976,0.541156,-0.517141,0.467467,4.004677,1.876539,33.515224,18.352453,-17.332098,33.913425,26.168387,19.206975,35.492494,0.029837,-1.136939,1.02773,1.414454,13.968127,0.831552,,0.853688,237.0,,1.044276,0.030674,0.039984
VRSN,2024-12-31,0.877103,0.679466,0.504495,0.728201,0.561513,-0.401297,0.558621,-4.913102,-8.805778,34.875967,17.59474,-13.995632,31.334531,25.286955,18.413982,32.793522,0.028673,-0.920118,1.280839,1.398113,14.571049,0.433545,,1.107288,278.107143,,1.148785,0.018043,0.039232
VRSN,2025-12-31,0.881504,0.676687,0.498431,0.71031,0.644875,-0.383298,0.622747,-2.366858,-159.097222,33.186445,16.541137,-12.720289,25.650143,24.371492,17.311321,26.844459,0.030133,-0.834649,1.35606,1.25801,14.876623,0.489461,,1.249415,215.142857,,1.321424,0.013763,0.042074
VRT,2022-12-31,0.28395,0.040025,0.013459,0.108355,-0.04635,0.053124,0.010795,0.022554,0.060468,1253.422949,16.869401,66.587279,-363.958294,156.056112,16.909392,-364.821093,0.000798,2.335876,0.474668,4.751581,2.133741,1.664313,1.231203,0.802106,3.013289,106.621101,-1.994778,0.019503,0.00434
VRT,2023-12-31,0.349764,0.133582,0.067053,0.14349,0.111595,0.228398,0.057536,0.159518,0.12538,208.63146,13.989422,47.651098,125.35866,97.725228,14.022585,125.655836,0.004793,1.55164,0.390873,2.193846,3.963354,1.735707,1.35213,0.858061,3.240262,104.294533,1.956758,0.019612,0.003643
VRT,2024-12-31,0.366235,0.172496,0.061884,0.14888,0.141691,0.203673,0.05429,0.166939,0.151736,193.651065,11.983849,39.441399,84.577341,80.683941,12.012257,84.77784,0.005164,1.292076,0.344407,1.425721,6.089096,1.647336,1.245528,0.877284,3.390951,102.463746,2.660952,0.022979,0.004319
VRT,2025-12-31,0.363171,0.185359,0.130285,0.208858,0.184498,0.338163,0.109135,0.211672,0.234197,72.037964,9.385448,24.36054,50.870085,45.043436,9.407697,50.990677,0.013882,0.818994,0.264313,0.554432,21.231127,1.547425,1.216928,0.837665,3.290415,94.12572,1.585984,0.022131,0.004487
VRTX,2022-12-31,0.879035,0.475875,0.371975,0.496658,0.439518,0.238775,0.183021,0.239762,0.278231,38.785167,14.427125,9.260914,32.824907,27.723937,13.769304,31.328218,0.025783,0.064668,0.049568,,78.233577,4.82652,4.658546,0.492025,6.192414,111.887174,1.243197,0.022921,0.055012
VRTX,2023-12-31,0.872107,0.38305,0.366757,0.466623,0.332236,0.205888,0.159242,0.177711,0.230618,35.596288,13.055194,7.328862,39.294985,26.70232,12.459928,37.503285,0.028093,0.045983,0.035565,,100.315193,3.987202,3.778937,0.434189,6.312652,165.943905,0.977263,0.026182,0.05889
VRTX,2024-12-31,0.861117,-0.021179,-0.048602,0.044128,-0.088747,-0.032639,-0.023769,-0.0,0.014714,-240.560726,11.691756,7.851765,-131.742663,252.867617,11.158658,-125.735708,-0.004157,0.106298,0.07741,,9.120915,2.692139,2.353981,0.489061,6.847334,242.280259,0.919716,0.044047,0.063384
VRTX,2025-12-31,0.862407,0.379492,0.329398,0.405481,0.266121,0.211788,0.154163,0.207738,0.213779,32.592412,10.735864,6.902695,40.342014,25.269614,10.24635,38.502574,0.030682,0.108782,0.079183,,350.112782,2.900912,2.464053,0.468015,5.846307,333.226187,0.918598,0.036463,0.057152
VST,2022-12-31,0.122523,-0.080347,-0.089379,0.076413,-0.059441,-0.250306,-0.037423,-0.053645,-0.044454,-38.479056,3.439234,9.631538,-57.860051,66.515541,5.082663,-85.508337,-0.025988,2.720522,0.406747,12.00286,-1.775801,1.07536,1.020219,0.418703,6.667314,24.868375,-0.395273,0.09477,0.004589
VST,2023-12-31,0.373503,0.183368,0.101022,0.309426,0.255565,0.281327,0.045289,0.117313,0.11308,31.623444,3.194655,8.896514,12.500345,15.257993,4.721213,18.473604,0.031622,2.765593,0.445216,2.387273,4.241491,1.184669,1.109335,0.44831,8.828554,25.298733,3.652378,0.113404,0.00521
VST,2024-12-31,0.43689,0.236937,0.154378,0.403913,0.144275,0.477379,0.0704,0.164333,0.147454,17.756225,2.741164,8.476446,18.999518,10.029438,4.051022,28.078392,0.056318,3.060682,0.451364,2.279718,5.036088,0.96288,0.847842,0.456023,8.690212,21.679595,1.716059,0.120646,0.005806
VST,2025-12-31,0.328898,0.120307,0.053219,0.284981,0.074304,0.185207,0.02272,0.079063,0.07079,50.01462,2.661732,9.263057,35.822308,13.803126,3.933634,52.939911,0.019994,3.937218,0.482984,3.814639,2.143585,0.77696,0.69096,0.426907,7.635816,28.545336,4.311441,0.155147,0.006371
VTR,2022-12-31,0.447127,0.117177,-0.011491,0.392439,0.161313,-0.004673,-0.001964,0.015247,0.018144,-937.199884,10.769011,4.379736,66.75833,35.637891,13.985686,86.698872,-0.001067,1.229908,0.516901,7.512838,0.876257,0.611678,,0.170926,22.018135,,-23.608721,0.109966,0.007438
VTR,2023-12-31,0.430559,0.092381,-0.00911,0.433354,0.106022,-0.004318,-0.001657,0.013752,0.022693,-1085.28355,9.886401,4.686662,93.248704,29.628048,12.839444,121.101853,-0.000921,1.442406,0.553504,6.660381,0.930613,0.734349,,0.181911,23.171776,,-27.331975,0.142959,0.006889
VTR,2024-12-31,0.42589,0.138341,0.01648,0.393297,0.147388,0.007534,0.003099,0.028041,0.02626,547.944289,9.030244,4.128328,61.268407,29.818603,11.727555,79.569123,0.001825,1.275667,0.524711,6.518676,1.083897,1.090856,,0.188043,24.296366,,16.384176,0.122627,0.006294
VTR,2025-12-31,0.413794,0.146988,0.043089,0.389285,0.171771,0.020067,0.009111,0.033578,0.032805,176.892139,7.622125,3.549647,44.37365,25.428231,9.898834,57.627946,0.005653,1.055269,0.479111,5.402689,1.404034,0.955428,,0.211438,23.258423,,6.550718,0.110493,0.006639
VTRS,2022-12-31,0.399503,0.10181,0.127814,0.39558,0.154316,0.098641,0.041554,0.030328,0.078695,9.366216,1.197133,0.923896,7.757657,4.909192,1.941979,12.584402,0.106767,0.9267,0.390381,2.798887,5.748818,1.576502,1.054801,0.32511,5.013472,161.066586,1.442798,0.030093,0.007157
VTRS,2023-12-31,0.417362,0.101342,0.003546,0.227946,0.150717,0.002673,0.001147,0.010922,0.019445,355.916192,1.261991,0.951201,8.373238,8.981036,2.047191,13.582992,0.00281,0.897583,0.385258,4.871577,1.354039,1.668437,1.222311,0.323513,5.46317,151.613435,53.016453,0.037266,0.011713
VTRS,2024-12-31,0.381538,0.048191,-0.043028,0.191325,0.131879,-0.034032,-0.015282,0.021738,-0.002049,-30.697912,1.320864,1.044706,10.01575,11.199225,2.142694,16.247461,-0.032576,0.767669,0.344713,4.717979,-0.133091,1.647351,0.980482,0.355156,5.509401,166.304371,-3.631189,0.024363,0.009912
VTRS,2025-12-31,0.350597,0.017727,-0.245799,-0.027651,0.129427,-0.238925,-0.094504,0.008348,-0.106107,-5.538882,1.361451,1.323378,10.519027,-79.873077,2.208534,17.063872,-0.180542,0.999096,0.395181,-33.10091,-6.776363,1.379868,0.816148,0.384477,5.547758,172.131457,-0.658881,0.032525,0.012427
VZ,2022-12-31,0.567852,0.222655,0.15534,0.357971,0.076011,0.233213,0.055984,0.096935,0.096762,9.399847,1.460176,2.19217,19.209993,8.021745,2.871554,37.778016,0.106385,1.934642,0.46442,3.022151,8.824799,0.754559,0.706962,0.360396,5.583735,26.098824,1.747318,0.195418,
VZ,2023-12-31,0.590316,0.214355,0.086688,0.299573,0.096377,0.125652,0.030543,0.084111,0.068834,17.203646,1.491358,2.16167,15.474221,9.790187,2.932876,30.431316,0.058127,1.892697,0.460065,3.702728,4.075127,0.691693,0.653045,0.352327,5.340801,15.380995,3.226709,0.183342,
VZ,2024-12-31,0.598651,0.212823,0.129878,0.352554,0.140383,0.176406,0.045504,0.092114,0.092605,11.413409,1.482351,2.013394,10.559304,8.268711,2.915164,20.76573,0.087616,1.696514,0.437619,2.94234,4.456008,0.625635,0.590943,0.350362,5.162511,15.523922,2.108534,0.133469,
VZ,2025-12-31,0.589228,0.211729,0.124277,0.345283,0.142383,0.164407,0.042483,0.08653,0.085894,11.634048,1.445848,1.912724,10.154663,8.234919,2.843377,19.969971,0.085955,1.738876,0.449324,2.915268,4.386914,0.91265,0.873513,0.341839,5.099863,9.115774,2.162397,0.126354,
WAB,2022-12-31,0.303755,0.120904,0.0757,0.175317,0.106314,0.062661,0.034187,0.053803,0.069108,74.777074,5.660594,4.685596,53.243969,36.589283,6.41472,60.337333,0.013373,0.396159,0.216137,2.360846,5.591398,1.248053,0.661379,0.451609,8.57641,88.512738,1.63981,0.017819,0.004903
WAB,2023-12-31,0.304227,0.130826,0.08422,0.184665,0.104888,0.077715,0.042922,0.065709,0.087731,58.07839,4.89138,4.513578,46.634372,30.016726,5.543029,52.847181,0.017218,0.388004,0.214293,1.93005,6.009174,1.196992,0.633876,0.509638,8.342241,99.806994,1.47362,0.019221,0.004857
WAB,2024-12-31,0.324059,0.154905,0.101666,0.199288,0.156638,0.104648,0.056465,0.086532,0.108048,44.823758,4.557032,4.690703,29.09274,25.91299,5.164137,32.968586,0.02231,0.394411,0.212811,1.577295,8.014925,1.303534,0.693302,0.555395,9.016493,93.196084,1.736742,0.019929,0.006354
WAB,2025-12-31,0.340826,0.160562,0.104773,0.203636,0.134235,0.105008,0.053016,0.079863,0.107394,40.456315,4.238729,4.24824,31.576977,23.588342,4.803429,35.783782,0.024718,0.497307,0.251076,2.100704,8.075556,1.105631,0.572621,0.506004,7.919858,112.680217,1.503419,0.023283,0.007164
WAT,2022-12-31,0.580013,0.297175,0.238145,0.342221,0.144082,1.402917,0.215683,0.358792,0.355266,58.492139,13.929582,82.059641,96.678236,45.584406,15.599945,108.271388,0.017096,3.297234,0.506914,1.075986,18.170031,2.244903,1.664925,0.905683,4.111203,194.759062,0.864227,0.061729,0.014322
WAT,2023-12-31,0.595719,0.276577,0.217234,0.338589,0.149565,0.558299,0.138806,0.203451,0.217629,64.459534,14.002801,35.98768,93.623377,46.315617,15.681944,104.850206,0.015514,2.123078,0.527845,1.958461,8.447254,2.219999,1.566188,0.638969,4.210411,218.471818,0.938613,0.054333,0.012471
WAT,2024-12-31,0.594306,0.283236,0.215602,0.350316,0.209453,0.348828,0.140066,0.204924,0.224372,64.904198,13.993471,22.640386,66.809713,44.735326,15.671496,74.821186,0.015407,0.931001,0.373829,1.255472,9.417632,2.113446,1.509133,0.649653,4.03399,205.233126,1.194861,0.048162,0.015113
WAT,2025-12-31,0.592826,0.253559,0.203024,0.325614,0.170541,0.250905,0.126588,0.172159,0.214859,64.419913,13.078788,16.163293,76.690139,44.983035,14.647128,85.886422,0.015523,0.582172,0.29372,0.79523,11.854058,1.732672,1.270896,0.623511,3.818916,228.284425,1.015446,0.035619,0.0171
WBD,2022-12-31,0.395511,-0.10338,-0.217967,0.41905,0.098087,-0.156513,-0.055007,-0.029629,-0.060369,-9.455759,2.061046,1.479953,21.01248,7.026078,2.944275,30.017049,-0.105756,1.040429,0.365661,3.194411,-4.042206,0.93221,,0.252364,5.30047,,-0.58391,0.029187,0.012183
WBD,2023-12-31,0.406452,-0.021442,-0.075652,0.541299,0.149101,-0.06912,-0.025465,-0.007944,-0.015285,-22.296352,1.686755,1.541113,11.312838,4.451493,2.409587,16.160778,-0.04485,0.965573,0.355735,1.783386,-0.739307,0.927342,,0.336608,6.833306,,-2.391875,0.031848,0.0121
WBD,2024-12-31,0.415834,0.000458,-0.287658,0.295313,0.112586,-0.332315,-0.108177,0.000245,-0.105589,-6.162001,1.772549,2.047724,15.743934,8.574453,2.532147,22.49075,-0.162285,1.160649,0.377821,2.944626,-4.646009,0.890449,,0.376062,7.948454,,-0.475201,0.024109,0.014165
WBD,2025-12-31,0.44002,0.035098,0.019493,0.570115,0.082797,0.02024,0.007264,0.008735,0.042519,95.871246,1.86879,1.940433,22.570724,4.68262,2.669631,32.243054,0.010431,0.906679,0.325393,1.316888,1.786091,1.05648,,0.372643,7.044957,,5.940853,0.033006,0.020619
WDAY,2023-01-31,0.724903,-0.029279,-0.059041,0.03314,0.207851,-0.065712,-0.027213,-0.021259,-0.017837,-127.309729,7.516517,8.365742,36.163058,228.600345,7.57588,36.448662,-0.007855,0.581737,0.240917,5.291262,-1.54902,1.751945,,0.460922,3.959236,,-4.514986,0.058719,0.208333
WDAY,2024-01-31,0.756027,0.02521,0.190247,0.103596,0.262708,0.170874,0.083941,0.016543,0.041239,33.832491,6.436516,5.781078,24.500614,62.621903,6.48735,24.694112,0.029557,0.40782,0.20034,1.287234,4.122807,1.966172,,0.441223,4.42892,,1.556119,0.033338,0.195068
WDAY,2025-01-31,0.755032,0.059081,0.062278,0.127634,0.259176,0.058224,0.02926,0.034232,0.060504,88.82637,5.531929,5.17187,21.344299,43.684296,5.575618,21.512869,0.011258,0.37215,0.187017,1.336735,6.596491,1.900685,,0.469823,4.331282,,4.678707,0.032205,0.179848
WDAY,2026-01-31,0.757014,0.107203,0.07255,0.153894,0.290724,0.088789,0.038342,0.065169,0.096016,67.420881,4.891402,5.986249,16.824872,32.03515,4.930033,16.95775,0.014832,0.489558,0.211409,1.010884,9.850877,1.321574,,0.528494,4.096055,,4.240981,0.01696,0.170226
WDC,2022-06-30,0.312563,0.129516,0.082265,0.181131,0.040334,0.126504,0.058875,0.090074,0.117734,102.929068,8.467426,13.020893,209.931845,46.633475,8.446781,209.419985,0.009715,0.574585,0.267413,1.37926,8.141447,1.805041,1.110369,0.715678,6.702211,94.465832,1.216041,0.059703,0.017347
WDC,2023-06-30,0.222382,-0.064269,-0.269225,0.046203,-0.196483,-0.14223,-0.068606,-0.022291,-0.028202,-94.494263,25.440182,13.439893,-129.477899,549.274564,25.378153,-129.162204,-0.010583,0.597128,0.288031,17.463668,-1.73871,1.451233,0.770703,0.254828,3.914268,251.810484,0.24228,0.131255,0.050839
WDC,2024-06-30,0.280671,0.015355,-0.126326,0.038468,-0.123635,-0.072237,-0.032992,0.005314,-0.017955,-199.408945,25.190492,14.404665,-203.749473,653.252465,25.129072,-203.252687,-0.005015,0.672943,0.307342,24.209877,-0.785024,1.324133,1.096271,0.261163,5.1316,97.876368,0.368421,0.077094,0.046699
WDC,2025-06-30,0.387815,0.223739,0.195483,0.203571,0.134349,0.335921,0.13291,0.212532,0.173229,85.506899,16.715162,28.723527,124.416215,81.909365,16.674406,124.112861,0.011695,0.850361,0.336452,1.340041,4.165266,1.080842,0.842562,0.679903,6.40646,58.539457,0.908651,0.043277,0.027836
WDC,2026-06-30,0.488505,0.355987,0.719715,0.808499,0.27177,1.048962,0.670803,0.441273,1.046669,17.114255,12.317388,17.952204,45.322796,15.197736,12.287356,45.21229,0.058431,0.118682,0.075896,,61.030303,1.328774,0.972406,0.93204,6.376604,42.71341,0.422564,0.032355,0.015791
WEC,2022-12-31,0.343895,0.200492,0.146842,0.351168,-0.026486,0.123544,0.033657,0.054956,0.060323,23.85431,3.502811,2.94705,-132.249721,16.921099,5.942149,-224.347685,0.041921,1.516091,0.413032,5.06851,4.363619,0.691325,0.516287,0.229208,5.277937,46.491486,1.462215,0.241201,
WEC,2023-12-31,0.404959,0.234668,0.149882,0.396705,0.059091,0.113394,0.030335,0.059552,0.058305,25.221606,3.780263,2.859976,63.973129,16.165192,6.412817,108.523656,0.039649,1.599195,0.427811,5.274838,3.112043,0.54659,0.39503,0.202391,5.916046,53.322936,2.264536,0.280322,
WEC,2024-12-31,0.440226,0.251735,0.177723,0.455366,0.050082,0.123006,0.03227,0.05829,0.060243,21.995472,3.909101,2.705577,78.054049,14.562749,6.631377,132.410451,0.045464,1.635923,0.429173,5.110671,3.141911,0.601355,0.433404,0.181573,5.1518,46.290754,2.101413,0.323387,
WEC,2025-12-31,0.421781,0.242334,0.159049,0.412965,-0.103948,0.114241,0.030255,0.062084,0.05593,21.567896,3.430361,2.463931,-33.000765,14.091369,5.819245,-55.982312,0.046365,1.635459,0.433132,5.41489,2.869624,0.587246,0.443612,0.190226,4.751103,55.136571,2.168089,0.448781,
WELL,2022-12-31,0.383877,0.129192,0.024448,0.353093,0.224758,0.006958,0.003727,0.02052,0.019131,1167.85385,28.55183,8.126082,127.033704,90.199885,31.848961,141.703401,0.000856,0.737327,0.394897,6.823474,1.326829,2.63348,,0.15243,3.948069,,9.40918,0.005279,0.004527
WELL,2023-12-31,0.390609,0.145171,0.052498,0.370643,0.239442,0.013387,0.007727,0.022444,0.022322,484.916857,25.457152,6.491689,106.318562,76.6153,28.396913,118.5961,0.002062,0.634488,0.366235,5.723146,1.575881,4.510601,,0.147192,4.251815,,4.710054,0.007826,0.005742
WELL,2024-12-31,0.38497,0.145882,0.121177,0.353765,0.27991,0.029781,0.018644,0.024018,0.022118,173.290721,20.998897,5.160729,75.020181,66.212929,23.423824,83.68342,0.005771,0.524416,0.32831,4.316854,1.913247,5.277454,,0.153859,4.586317,,2.370987,0.0074,0.009654
WELL,2025-12-31,0.391769,0.033296,0.087825,0.216596,0.266977,0.022237,0.01392,0.005706,0.002627,176.034791,15.460318,3.914533,57.908841,79.621341,17.245657,64.596083,0.005681,0.50749,0.317672,6.130224,0.263715,5.341506,,0.158494,4.494436,,3.075938,0.003169,0.145937
WFC,2022-12-31,,,0.18391,,0.363705,0.075888,0.007271,,,19.041224,3.501867,1.444993,9.628321,,3.495668,9.611277,0.052518,1.084144,0.103876,,,,,0.039536,2.742587,,1.977627,,
WFC,2023-12-31,,,0.231752,,0.488613,0.103061,0.009905,,,13.604996,3.152982,1.402142,6.452917,,3.1474,6.441494,0.073502,1.181635,0.11357,,,,,0.042742,2.395922,,2.108348,,
WFC,2024-12-31,,,0.239647,,0.036879,0.110105,0.010219,,,13.204889,3.164514,1.453924,85.80785,,3.158912,85.655957,0.07573,0.981364,0.091086,,,,,0.042644,3.573736,,0.153889,,
WFC,2025-12-31,,,0.254937,,-0.227016,0.117813,0.009931,,,12.204838,3.111469,1.437893,-13.705954,,3.105961,-13.681692,0.081935,1.065803,0.089841,,,,,0.038955,3.642096,,-0.890477,,
WM,2022-12-31,0.375876,0.174028,0.113616,0.270789,0.098944,0.326763,0.071349,0.120529,0.122196,37.703252,4.283677,12.320029,43.293934,20.093715,5.441155,54.99224,0.026523,2.187765,0.477699,2.743345,8.719577,0.808147,0.770824,0.627985,8.004063,-1.960388,2.02681,0.131333,0.004264
WM,2023-12-31,0.382845,0.187163,0.112797,0.273769,0.089298,0.333768,0.070195,0.124512,0.123125,36.623211,4.131003,12.223653,46.260898,19.166645,5.247228,58.760897,0.027305,2.351007,0.49444,2.820279,7.042,0.900142,0.859205,0.622308,7.757691,2.576023,2.048177,0.141731,0.004553
WM,2024-12-31,0.393419,0.188052,0.124462,0.286588,0.097856,0.332768,0.061615,0.102436,0.105876,30.728287,3.824497,10.225385,39.082852,16.950795,4.857901,49.643296,0.032543,2.896268,0.536271,3.714376,6.782609,0.762864,0.729946,0.495052,6.742971,3.947377,1.962855,0.146444,0.005348
WM,2025-12-31,0.40438,0.182788,0.107443,0.285709,0.111728,0.271071,0.059081,0.110735,0.107613,31.159482,3.347876,8.446434,29.964445,14.884027,4.252495,38.061036,0.032093,2.292993,0.499771,3.153173,4.756579,0.888849,0.848117,0.549885,7.337409,9.821686,2.231536,0.128035,0.006705
WMB,2022-12-31,0.501505,0.275239,0.186867,0.519653,0.237665,0.178407,0.042306,0.073162,0.084721,43.010847,8.037321,7.67342,33.817815,21.223625,11.02893,46.4053,0.02325,1.99643,0.473417,3.99298,3.216216,0.776483,0.711043,0.226395,6.191417,-75.067731,2.386042,0.208208,0.006658
WMB,2023-12-31,0.623545,0.38434,0.291464,0.707069,0.309068,0.25633,0.060406,0.083381,0.120542,27.72231,8.080061,7.106049,26.143348,15.681044,11.087578,35.874284,0.036072,2.133688,0.502822,3.149378,4.563916,0.774099,0.727101,0.207251,8.44195,-54.991749,1.867883,0.235353,0.00706
WMB,2024-12-31,0.58707,0.317909,0.211844,0.62544,0.218604,0.178916,0.040802,0.066731,0.088379,39.60864,8.390862,7.086621,38.383809,18.409532,11.514064,52.670824,0.025247,2.16605,0.493967,4.087532,3.18915,0.500941,0.448419,0.192603,7.03012,-60.349398,2.235506,0.254975,0.009426
WMB,2025-12-31,0.619582,0.36887,0.219079,0.620418,0.07523,0.204419,0.044696,0.079887,0.096575,33.662805,7.374831,6.881332,98.030283,16.311332,10.11985,134.51859,0.029706,2.295073,0.501818,3.951713,3.51387,0.531281,0.479856,0.204019,7.800261,-106.561292,2.252865,0.418326,0.007782
WMT,2023-01-31,0.241405,0.033418,0.019107,0.049222,0.019604,0.152296,0.048027,0.11696,0.126782,72.719677,1.389467,11.074881,70.874986,30.472689,1.499933,76.509742,0.013751,0.768297,0.242285,1.016551,8.996241,0.820571,0.206935,2.513555,77.056473,6.967459,2.469264,0.027576,
WMT,2024-01-31,0.243754,0.041677,0.023932,0.056137,0.023329,0.184961,0.061454,0.161807,0.153334,54.758934,1.310497,10.128258,56.174989,25.200438,1.414685,60.641055,0.018262,0.731222,0.242953,0.840754,9.143123,0.831867,0.237894,2.567859,73.684061,3.523792,2.303269,0.031793,
WMT,2025-01-31,0.248511,0.043096,0.028541,0.06169,0.018591,0.213552,0.074518,0.172858,0.176797,43.70065,1.247261,9.332357,67.090508,21.825583,1.346421,72.424387,0.022883,0.660499,0.230478,0.71483,10.644062,0.822683,0.238373,2.610909,68.269173,3.755257,1.875026,0.034924,
WMT,2026-01-31,0.249267,0.041821,0.030698,0.065162,0.020925,0.219772,0.076907,0.15611,0.1821,38.796228,1.190984,8.526314,56.91656,19.730429,1.285671,61.441583,0.025776,0.67353,0.235696,0.732392,11.528403,0.789753,0.242144,2.505245,63.834855,2.847755,1.898552,0.037358,
WRB,2022-12-31,,,0.123118,,0.224287,0.204652,0.040786,,,18.813213,2.316236,3.850168,10.327123,,2.35461,10.498214,0.053154,0.420429,0.083789,,14.190368,,,0.331278,1.809019,,1.859876,0.004697,0.004405
WRB,2023-12-31,,,0.114057,,0.23748,0.185282,0.037131,,,18.809168,2.145315,3.485005,9.033653,,2.180857,9.183316,0.053166,0.380533,0.07626,,14.76445,,,0.325551,1.743243,,2.120548,0.004383,0.004211
WRB,2024-12-31,,,0.128267,,0.260953,0.209183,0.043289,,,14.795281,1.897741,3.094922,7.272339,,1.929181,7.392822,0.067589,0.338407,0.070031,,18.84372,,,0.337492,1.988583,,2.094605,0.007715,0.003972
WRB,2025-12-31,,,0.121545,,0.233105,0.183428,0.040376,,,14.601647,1.77476,2.678353,7.613563,,1.804162,7.739699,0.068485,0.29273,0.064435,,18.972315,,,0.332187,2.099868,,2.013381,0.011612,0.003724
WSM,2023-01-31,0.423975,0.17274,0.130026,0.197428,0.080548,0.663063,0.241883,0.662064,0.49509,23.411647,3.044134,15.523397,37.792904,15.710319,3.101661,38.507096,0.042714,0.848686,0.309597,,,1.244205,0.354399,1.860259,74.983075,74.103228,0.933432,0.040823,0.010406
WSM,2024-01-31,0.426235,0.160528,0.12254,0.190537,0.192476,0.446346,0.180099,0.436124,0.366669,27.80285,3.406951,12.409688,17.700647,18.218723,3.471334,18.035145,0.035968,0.65353,0.263697,,,1.446458,0.783607,1.469722,63.05752,58.193787,1.769152,0.024315,0.010935
WSM,2025-01-31,0.464537,0.18546,0.145918,0.21526,0.147656,0.525225,0.212247,0.505588,0.421929,23.466845,3.42423,12.325362,23.190598,16.208028,3.48894,23.628843,0.042613,0.628876,0.254133,,,1.440715,0.743828,1.454567,65.530864,66.275499,1.208817,0.028732,0.012836
WSM,2026-01-31,0.461526,0.181344,0.139421,0.210991,0.135196,0.522644,0.201119,0.509389,0.409431,24.26056,3.382441,12.679636,25.018775,16.334127,3.44636,25.491567,0.041219,0.699574,0.269203,,,1.388437,0.639844,1.442525,61.557755,77.549798,1.208052,0.033232,0.013645
WST,2022-12-31,0.393571,0.263535,0.202951,0.280024,0.152205,0.21822,0.161994,0.218554,0.222029,43.519102,8.832257,9.496757,58.02877,31.393545,8.790932,57.757263,0.022978,0.118403,0.087895,,87.063291,3.698459,2.899229,0.798192,5.689594,105.724719,1.235706,0.098583,0.008209
WST,2023-12-31,0.382806,0.239813,0.201166,0.286223,0.140518,0.20597,0.154955,0.188954,0.223897,42.969062,8.643922,8.850344,61.514696,30.058678,8.603479,61.22688,0.023273,0.107254,0.080689,,78.555556,2.882405,2.235338,0.770283,5.761328,101.906397,1.308561,0.12272,0.007899
WST,2024-12-31,0.34512,0.204238,0.170296,0.25712,0.095534,0.183686,0.135231,0.167218,0.190268,51.751252,8.813024,9.505962,92.249789,34.115528,8.77179,91.818168,0.019323,0.112702,0.082972,,196.166667,2.794513,2.109557,0.794093,5.236561,96.229124,1.326162,0.130306,0.006463
WST,2025-12-31,0.35913,0.206922,0.1606,0.251391,0.152532,0.155447,0.115621,0.150165,0.166358,51.646428,8.294409,8.028288,54.377995,32.839728,8.255601,54.123569,0.019362,0.101102,0.075199,,1202.8,3.020614,2.3428,0.71993,5.351845,103.439087,1.528864,0.093003,0.007742
WTW,2022-12-31,0.428716,0.173584,0.113806,0.229303,0.068577,0.100739,0.031761,0.088326,0.086286,28.531658,3.247061,2.874246,47.349413,16.876755,3.86989,56.43165,0.035049,0.547025,0.172464,1.701426,7.048077,1.071453,,0.279077,6.056011,,0.804757,0.023009,0.011166
WTW,2023-12-31,0.436465,0.191817,0.111252,0.212591,0.116313,0.110819,0.036267,0.102633,0.091798,27.287624,3.035795,3.023996,26.10013,17.019069,3.6181,31.106476,0.036647,0.624055,0.204228,1.881448,6.429787,1.063579,,0.325988,5.998102,,1.274882,0.025519,0.013181
WTW,2024-12-31,0.445921,0.215408,-0.009869,0.082679,0.127593,-0.012343,-0.00354,0.0,0.024199,-293.759624,2.899138,3.625749,22.721739,41.791039,3.455231,27.080066,-0.003404,0.746977,0.214262,4.164434,1.387833,1.199,,0.35873,6.190773,,-15.428571,0.024673,0.012185
WTW,2025-12-31,0.420581,0.232489,0.165328,0.271014,0.15925,0.201229,0.054352,0.132299,0.142535,17.936725,2.965435,3.609384,18.621244,13.040837,3.534244,22.193042,0.055752,0.865471,0.233762,1.206385,8.511538,1.204941,,0.32875,5.296236,,1.105919,0.023589,0.01576
WY,2022-12-31,0.35546,0.304301,0.184603,0.29998,0.232129,0.1749,0.10842,0.159954,0.165064,8.135116,1.501769,1.422832,6.469551,6.617354,1.985076,8.551615,0.122924,0.472137,0.292676,1.136498,9.537037,1.578161,1.262069,0.587313,28.526611,29.643791,1.506383,0.045954,0.00324
WY,2023-12-31,0.219182,0.14699,0.10933,0.223743,0.098124,0.081966,0.049402,0.065993,0.075147,18.228865,1.992966,1.49414,20.31078,11.774034,2.634352,26.8473,0.054858,0.497069,0.299594,2.274316,4.346429,2.935279,2.217005,0.451864,21.677966,33.832533,1.707986,0.088611,0.004691
WY,2024-12-31,0.184307,0.101628,0.055587,0.168164,0.047866,0.040737,0.023948,0.045377,0.044733,38.621256,2.14683,1.573297,44.850491,16.874805,2.837734,59.284507,0.025892,0.525152,0.30872,3.66611,2.587361,1.78915,1.167861,0.430818,23.281046,37.787782,2.545455,0.093627,0.006036
WY,2025-12-31,0.148443,0.064736,0.046923,0.150905,-0.055177,0.034373,0.019503,0.029804,0.034757,47.203758,2.214919,1.622535,-40.141778,19.401168,2.927736,-53.060412,0.021185,0.593783,0.336905,4.902111,1.952381,1.292645,0.828638,0.415638,22.788779,35.570226,1.734568,0.136568,0.006227
WYNN,2022-12-31,0.363765,-0.039627,-0.112823,0.1712,-0.102106,0.564511,-0.031595,-0.013098,-0.004236,-19.843785,2.238834,-11.202026,-21.92653,27.662917,4.735881,-46.381926,-0.050394,-18.28892,1.023624,13.16364,-0.075514,2.224542,2.185847,0.280045,17.390052,1.537388,0.168151,0.083135,0.018001
WYNN,2023-12-31,0.432238,0.164578,0.111758,0.26396,0.121608,-2.903923,0.052156,0.093585,0.087904,11.521885,1.287667,-33.458669,10.588628,10.319143,2.723845,22.398481,0.086791,-53.18633,0.955264,5.138236,1.379747,1.927612,1.893277,0.46669,19.115211,6.033209,1.709437,0.069435,0.009877
WYNN,2024-12-31,0.435123,0.190402,0.070298,0.279281,0.140806,-2.235349,0.03861,0.130788,0.116433,16.785624,1.179988,-37.521724,8.380244,8.937483,2.496068,17.727012,0.059575,-54.271814,0.937406,4.07674,1.934615,1.897768,1.848544,0.549236,21.998793,4.864913,2.846269,0.05928,0.008281
WYNN,2025-12-31,0.414267,0.16904,0.045858,0.246616,0.096914,-1.18818,0.024972,0.093481,0.099407,25.695183,1.178341,-30.530495,12.158654,10.107131,2.492584,25.719611,0.038918,-44.197033,0.928885,5.160041,1.821893,1.633129,1.579283,0.544542,17.727762,6.024769,4.132333,0.092589,0.012879
XEL,2022-12-31,0.382756,0.158589,0.11339,0.331809,-0.046114,0.104108,0.028372,0.058574,0.045836,26.014437,2.949775,2.70831,-63.96751,16.691743,5.538475,-120.104896,0.03844,1.561139,0.425443,4.855512,2.730811,0.846331,0.714215,0.250212,11.150765,-5.929782,2.264977,0.302939,0.001306
XEL,2023-12-31,0.420879,0.182177,0.124666,0.365761,-0.037097,0.100534,0.027638,0.058998,0.044996,25.500318,3.179013,2.563639,-85.694616,16.319103,5.96889,-160.899538,0.039215,1.561876,0.429376,5.027136,2.618526,0.719922,0.594126,0.221695,10.803042,-8.671589,3.007905,0.412079,0.00176
XEL,2024-12-31,0.457406,0.177517,0.144037,0.415966,-0.202589,0.09917,0.027643,0.049058,0.042721,23.326995,3.359948,2.313342,-16.585039,15.16617,6.308612,-31.13994,0.042869,1.547382,0.431327,5.175282,2.2978,0.669608,0.566496,0.191918,10.761409,-21.886019,2.397211,0.547876,0.002455
XEL,2025-12-31,0.472016,0.196264,0.137569,0.422524,-0.465267,0.085476,0.0248,0.050077,0.041948,22.379119,3.078674,1.912875,-6.617005,13.680874,5.780493,-12.424038,0.044685,1.473209,0.427437,5.422556,2.320179,0.707293,0.599944,0.180273,11.029323,-39.76502,2.02329,0.743609,0.003136
XOM,2022-12-31,0.258524,0.160602,0.139813,0.25733,0.14646,0.285774,0.151029,0.203541,0.261817,12.064264,1.686743,3.447657,11.516734,6.93017,1.78334,12.176281,0.082889,0.211193,0.111614,0.080455,98.434837,1.41402,1.06012,1.080224,12.138442,19.285508,1.377772,0.04617,
XOM,2023-12-31,0.251398,0.13284,0.10759,0.221911,0.099941,0.175828,0.095691,0.129731,0.17245,18.674315,2.009167,3.283474,20.1035,9.57243,2.124229,21.2548,0.053549,0.202991,0.110473,0.083422,63.170789,1.479102,1.09451,0.889402,11.047564,24.110439,1.537601,0.065489,
XOM,2024-12-31,0.226213,0.116882,0.099279,0.216099,0.090542,0.127718,0.074271,0.094365,0.130149,19.966214,1.98222,2.550054,21.892892,9.698041,2.095739,23.146668,0.050085,0.158169,0.091979,0.200925,50.069277,1.308405,0.973815,0.748105,9.6153,20.41147,1.63367,0.071647,
XOM,2025-12-31,0.219941,0.104778,0.089051,0.209518,0.072898,0.111201,0.064243,0.082524,0.111167,23.313759,2.076109,2.592515,28.479675,10.476439,2.195005,30.110667,0.042893,0.167846,0.096969,0.39112,69.437811,1.1528,0.789161,0.721424,9.061801,26.198449,1.801761,0.08755,
XYL,2022-12-31,0.377399,0.117892,0.064288,0.131474,0.070264,0.101603,0.044643,0.097737,0.07702,70.743216,4.547961,7.187705,64.726396,37.379946,4.914495,69.94289,0.014136,0.557813,0.245096,1.289256,9.8,1.89434,1.391824,0.694416,5.038321,80.513411,1.678873,0.037668,0.0067
XYL,2023-12-31,0.368957,0.098859,0.0827,0.152091,0.07686,0.059906,0.037798,0.05608,0.049184,41.237835,3.410353,2.470376,44.370745,24.230215,3.685204,47.946716,0.02425,0.235097,0.148337,1.129464,13.959184,1.761451,1.299773,0.457051,4.554113,84.074603,1.374384,0.036801,0.008148
XYL,2024-12-31,0.375146,0.125088,0.103948,0.197734,0.110021,0.083631,0.053962,0.069276,0.07989,28.2178,2.933175,2.35988,26.660129,16.02944,3.169568,28.808749,0.035439,0.199681,0.128843,0.528647,25.704545,1.754281,1.327911,0.519129,5.133094,70.424975,1.419101,0.037491,0.006541
XYL,2025-12-31,0.384615,0.146763,0.105921,0.197565,0.100719,0.083362,0.05427,0.079469,0.081878,26.242259,2.779617,2.187617,27.597628,15.203272,3.003635,29.821803,0.038106,0.179704,0.11699,0.259384,41.724138,1.625,1.280812,0.512362,5.136441,69.09145,1.296761,0.036635,0.005866
XYZ,2022-12-31,0.341777,-0.001556,-0.030844,0.017867,0.00029,-0.031397,-0.017241,-0.001154,-0.00119,-84.750615,2.614061,2.660916,9007.201409,147.571461,2.636728,9085.303145,-0.011799,0.367695,0.20191,1.609165,-0.752954,1.852318,1.840734,0.558966,3.959263,77.618589,-0.325296,0.009743,0.061106
XYZ,2023-12-31,0.342445,0.017422,0.000446,0.036065,-0.00229,0.000523,0.000296,0.011332,0.015812,4689.791319,2.09114,2.451351,-913.103024,58.485524,2.109273,-921.02057,0.000213,0.324762,0.183811,,,2.005922,1.993528,0.66348,3.774772,95.872488,10.331662,0.006897,0.058228
XYZ,2024-12-31,0.368518,0.06992,0.120104,0.085513,0.0644,0.136217,0.078772,0.058449,0.059741,15.819088,1.899944,2.154824,29.502094,22.410715,1.916418,29.757907,0.063215,0.372326,0.215311,,,2.326041,2.313757,0.655863,6.49333,55.900658,0.589341,0.006382,0.052766
XYZ,2025-12-31,0.428208,0.125886,0.053966,0.14116,0.100219,0.058801,0.033012,0.076172,0.104427,35.100626,1.89424,2.063955,18.900934,13.535453,1.910665,19.064824,0.02849,0.403813,0.226711,,,2.201066,2.18582,0.611726,5.667943,65.551513,1.975829,0.006408,0.05024
YUM,2022-12-31,0.483338,0.31672,0.193657,0.341274,0.167787,-0.149279,0.226651,0.59205,0.523559,28.420849,5.503891,-4.242635,32.802809,21.579708,7.364604,43.892525,0.035185,-1.426431,2.165754,4.89379,4.1537,0.966366,,1.170373,10.558642,,1.076981,0.040778,0.012277
YUM,2023-12-31,0.494064,0.325466,0.225692,0.351046,0.186263,-0.203232,0.256299,0.615468,0.470529,23.580228,5.32188,-4.792266,28.571794,20.285273,7.12106,38.231122,0.042408,-1.531051,1.93083,4.280596,4.54386,1.259984,,1.135612,9.601085,,1.003757,0.040277,0.013426
YUM,2024-12-31,0.474765,0.31832,0.196847,0.339648,0.189694,-0.194299,0.220901,0.519458,0.437706,25.341605,4.988426,-4.923853,26.297224,19.652348,6.674873,35.187583,0.039461,-1.606433,1.826371,4.153666,4.885481,1.474389,,1.122194,9.740645,,1.136608,0.034044,0.00914
YUM,2025-12-31,0.461651,0.308011,0.189798,0.338934,0.199537,-0.212833,0.190192,0.427997,0.38587,24.154987,4.584566,-5.140973,22.975976,18.09936,6.13448,30.743514,0.041399,-1.800546,1.609003,3.970187,5.145709,1.345646,,1.002074,9.766944,,1.289288,0.045167,0.008522
ZBH,2022-12-31,0.709002,0.171775,0.033343,0.215378,0.153763,0.019251,0.010985,0.04856,0.030378,78.603054,2.620895,1.513169,17.045026,16.949653,3.650578,23.741586,0.012722,0.473907,0.270412,3.559778,3.448422,1.877406,0.966882,0.329436,5.023453,396.740149,5.551858,0.031355,0.01513
ZBH,2023-12-31,0.718185,0.196275,0.138487,0.300262,0.160545,0.082048,0.047635,0.076386,0.068054,17.762448,2.459867,1.457373,15.322,11.410975,3.426286,21.341628,0.056299,0.462153,0.268313,2.410639,6.304672,1.61318,0.778435,0.343966,5.126317,417.073656,1.544531,0.053353,0.013497
ZBH,2024-12-31,0.714635,0.199034,0.117704,0.293139,0.148803,0.072489,0.042302,0.071472,0.06633,20.124747,2.368758,1.458823,15.918735,11.255341,3.299384,22.172805,0.04969,0.497638,0.290405,2.523035,5.755046,1.906035,0.994002,0.359396,5.185791,410.315044,1.658995,0.046467,0.013153
ZBH,2025-12-31,0.697054,0.164757,0.085659,0.26938,0.172532,0.05553,0.030535,0.056933,0.054788,25.795982,2.209652,1.432444,12.807173,11.425384,3.077768,17.838788,0.038766,0.592162,0.325619,3.124019,3.837432,1.981616,1.096683,0.35647,4.829559,365.884238,2.406893,0.033639,0.010958
ZBRA,2022-12-31,0.453901,0.16191,0.08009,0.197198,0.071441,0.169411,0.061496,0.1675,0.180104,35.419642,2.836757,6.000474,39.707735,16.845873,3.321968,46.499503,0.028233,0.80461,0.292071,1.682456,,0.807461,0.438679,0.767831,7.527344,54.155069,1.053996,0.012974,0.015222
ZBRA,2023-12-31,0.463133,0.127618,0.064572,0.140271,-0.019852,0.097497,0.040515,0.098638,0.081815,55.403022,3.577508,5.401612,-180.212027,29.86671,4.189419,-211.036205,0.01805,0.795125,0.330413,3.239502,3.511278,1.046308,0.543179,0.62743,8.798464,93.097677,-0.013514,0.018979,0.011998
ZBRA,2024-12-31,0.484441,0.153584,0.106003,0.18169,0.191528,0.147239,0.066265,0.110491,0.117018,31.05927,3.29237,4.573144,17.190036,21.220215,3.85551,20.130288,0.032197,0.658673,0.296436,1.403315,7.479592,1.431925,1.025235,0.625126,7.197977,59.23673,1.918561,0.011845,0.017868
ZBRA,2025-12-31,0.480541,0.148258,0.07765,0.15808,0.154003,0.116778,0.049283,0.098288,0.100451,39.139128,3.039158,4.570595,19.73441,22.513827,3.558987,23.109861,0.02555,0.751672,0.317219,2.786635,6.185185,0.969762,0.576134,0.634674,6.736579,58.609201,2.188544,0.015938,0.030208
ZTS,2022-12-31,0.696287,0.362376,0.261634,0.413614,0.164109,0.479909,0.141642,0.189064,0.244684,13.956559,3.651506,6.697881,22.250502,11.0961,4.589501,27.966188,0.071651,1.836549,0.542044,1.294734,13.0181,2.370066,1.629618,0.541374,6.650206,343.434827,0.904447,0.072525,0.007673
ZTS,2023-12-31,0.700257,0.359199,0.274345,0.429073,0.189724,0.469081,0.164077,0.211519,0.25611,12.587101,3.453203,5.904376,18.201213,10.11543,4.340258,22.876721,0.079446,1.351811,0.472841,1.235134,13.284519,3.357861,2.000529,0.598068,6.552147,362.557768,1.00384,0.085674,0.007022
ZTS,2024-12-31,0.706245,0.366465,0.268583,0.416487,0.248271,0.521174,0.174615,0.238302,0.310208,11.868128,3.187572,6.18536,12.839063,9.619498,4.006392,16.137147,0.084259,1.413836,0.473695,1.189364,14.924444,1.754396,1.078546,0.650137,7.033435,303.327499,1.187852,0.070765,0.007995
ZTS,2025-12-31,0.71839,0.379951,0.282349,0.429809,0.241153,0.802462,0.17282,0.231273,0.270707,11.037847,3.116528,8.85745,12.923419,9.113582,3.917098,16.243173,0.090597,2.773341,0.597272,1.654461,16.135135,3.028188,1.94094,0.612077,5.954088,327.317048,1.08642,0.065596,0.008767
