Ticker,FiscalDate,Gross Margin (calc),Operating Margin (calc),Net Margin (calc),EBITDA Margin (calc),FCF Margin (calc),ROE (calc),ROA (calc),ROIC (calc),ROCE (calc),P/E (calc),P/S (calc),P/B (calc),P/FCF (calc),EV/EBITDA (calc),EV/Revenue (calc),EV/FCF (calc),Earnings Yield (calc),Debt/Equity (calc),Debt/Assets (calc),Net Debt/EBITDA (calc),Interest Coverage (calc),Current Ratio (calc),Quick Ratio (calc),Asset Turnover (calc),Receivables Turnover (calc),Cash Conversion Cycle (calc),Cash Conversion Ratio (calc),CapEx/Revenue (calc),SBC/Revenue (calc),Source
A,2026-07-31,0.554846,0.236422,0.192758,0.287007,0.233759,0.049165,0.025918,0.032001,0.040504,121.87622,23.492647,5.992013,100.499297,86.277194,24.762198,105.930313,0.008205,0.53633,0.282738,4.064935,16.310345,2.05024,1.562254,0.13446,1.270636,509.488582,1.433702,0.042599,0.017039,quarterly
AAPL,2026-06-30,0.500562,0.326229,0.272252,0.356572,0.291673,0.277055,0.077724,0.152812,0.152582,164.676275,44.83345,45.624457,153.711273,126.297237,45.034014,154.398906,0.006073,0.784449,0.220066,1.148276,,1.003295,0.929014,0.285486,3.48484,-252.152021,1.153748,0.022437,0.031083,quarterly
ABBV,2026-06-30,0.74744,0.395703,0.212655,0.406533,0.183284,-0.608762,0.02674,0.087578,0.053748,129.102764,27.454284,-78.592803,149.790715,76.851207,31.242571,170.459631,0.007746,-11.93294,0.524161,9.302592,6.734584,0.808535,0.685414,0.125745,1.229022,,0.95101,0.018952,0.00977,quarterly
ABNB,2026-06-30,0.824557,0.210089,0.226164,0.258869,0.351996,0.104629,0.028379,0.06711,0.087601,121.973228,27.585963,12.761912,78.3702,94.676584,24.50885,69.628291,0.008199,0.320041,0.086805,,25.243243,1.408302,,0.125478,17.263158,,1.556373,,0.134978,quarterly
ABT,2026-03-31,0.561985,0.120477,0.096471,0.217306,0.082049,0.020687,0.009753,0.01161,0.017631,164.860387,15.904213,3.410511,193.83694,84.634638,18.391583,224.152437,0.006066,0.653983,0.308316,11.230008,9.327586,1.388039,1.007727,0.101097,1.359805,440.84413,1.220984,0.03574,0.028395,quarterly
ACGL,2026-06-30,,,0.235464,,0.291379,0.043987,0.012409,,,31.278798,7.365046,1.375851,25.276521,,7.479846,25.67051,0.031971,0.17836,0.050318,,27.704545,,,0.052701,0.231535,,1.25071,0.003119,0.003342,quarterly
ACN,2026-05-31,0.327721,0.169637,0.124958,0.188503,0.192326,0.073344,0.033994,0.065002,0.068234,47.430309,5.926815,3.47874,30.816484,31.394628,5.917966,30.770474,0.021084,0.263049,0.121918,,45.586708,1.339174,,0.27204,1.337704,,1.618739,0.009949,0.024689,quarterly
ADBE,2026-05-31,0.891961,0.338169,0.258688,0.377153,0.318374,0.148637,0.057194,0.094258,0.128983,57.795383,14.950997,8.590527,46.960463,39.842307,15.026654,47.198101,0.017302,0.613388,0.236027,0.691506,35.430769,0.750787,,0.221094,3.320622,,1.264603,0.008764,0.080689,quarterly
ADI,2026-07-31,0.6732,0.395026,0.333198,0.529306,0.362589,0.039942,0.027674,0.032275,0.03822,135.857249,45.267408,5.426411,124.844899,88.73476,46.967879,129.534701,0.007361,0.271873,0.188367,3.267408,18.422561,1.250391,0.908911,0.083055,1.683101,563.803739,1.196904,0.036217,0.023933,quarterly
ADM,2026-06-30,0.085314,0.040078,0.040034,0.067413,0.038667,0.038519,0.016963,0.024125,0.036879,45.212907,1.810031,1.74154,46.811082,32.440366,2.186911,56.557946,0.022118,0.396301,0.174529,4.546109,8.351351,1.389117,0.860134,0.42373,5.517149,164.611998,1.265419,0.011992,0.003263,quarterly
ADP,2026-06-30,0.458785,0.230023,0.178779,0.278783,0.226369,0.162256,0.015486,0.089094,0.104705,110.101786,19.683877,17.864705,86.954731,71.448364,19.918558,87.991448,0.009083,0.873922,0.083408,0.480996,11.395041,1.050699,,0.08662,1.554571,,1.459227,0.03451,0.010907,quarterly
ADSK,2026-07-31,0.913978,0.292278,0.240469,0.316716,0.270772,0.145433,0.037896,0.072314,0.094099,92.15965,22.161558,13.403059,81.845754,69.278625,21.941617,81.033482,0.010851,1.095182,0.285373,,,0.855462,,0.157591,2.991228,,1.168699,0.010264,0.089932,quarterly
AEE,2026-03-31,0.496783,0.244485,0.164062,0.487132,-0.539982,0.026335,0.007162,0.01307,0.013605,79.276439,13.006291,2.087761,-24.086544,47.383664,23.082116,-42.746114,0.012614,1.571555,0.427396,20.085849,3.04902,0.622152,0.444498,0.043654,3.095306,117.920496,1.179272,0.733456,0.003676,quarterly
AEP,2026-06-30,0.624059,0.229017,0.130946,0.415978,-0.231772,0.022226,0.005865,0.013694,0.012615,91.623683,11.997738,2.036463,-51.765203,52.741582,21.939336,-94.659021,0.010914,1.667695,0.440059,23.161589,2.316239,0.503992,0.377605,0.044789,4.300948,-303.850179,2.667602,0.581084,,quarterly
AES,2026-06-30,0.202221,0.184103,0.124489,0.365576,-0.174459,0.0862,0.007854,0.01594,0.017893,24.836375,3.091846,2.140894,-17.722438,39.610147,14.480507,-83.002167,0.040264,6.498786,0.592149,24.234213,2.220109,0.746444,0.6744,0.063092,1.76939,-111.651931,2.455399,0.480129,,quarterly
AFL,2026-06-30,,,0.19671,,0.026705,0.027217,0.007114,,,70.692442,13.905881,1.924032,520.725577,,15.632396,585.37739,0.014146,0.287972,0.075275,,16.546875,,,0.036167,4.686034,,0.135758,,,quarterly
AIG,2026-06-30,,,0.133785,,0.242168,0.023346,0.005799,,,41.550152,5.558784,0.970042,22.95428,,5.36855,22.168731,0.024067,0.22477,0.055835,,13.64,,,0.043349,0.555286,,1.810127,,,quarterly
AIZ,2026-06-30,,,0.086445,,0.118464,0.048968,0.008276,,,46.619716,4.030064,2.282859,34.019177,,4.080495,34.444885,0.02145,0.362108,0.061198,,14.271127,,,0.095734,0.413256,,1.521768,0.013086,0.007469,quarterly
AJG,2026-06-30,0.405946,0.14689,0.080939,0.234824,-0.010242,0.013661,0.00396,0.012329,0.015064,189.470796,15.335633,2.588377,-1497.281411,78.860349,18.518293,-1808.017758,0.005278,0.594763,0.172428,13.003191,3.464286,1.052788,,0.048932,0.658822,,0.030864,0.01274,0.005996,quarterly
AKAM,2026-06-30,0.558116,0.076292,0.072206,0.264827,0.091402,0.016722,0.005268,0.00541,0.00864,189.175102,13.65964,3.163358,149.44594,72.125632,19.100849,208.976544,0.005286,1.966716,0.619566,20.886085,18.666372,1.636652,,0.072955,1.482369,,4.108937,0.205289,0.133029,quarterly
ALB,2026-06-30,0.338609,0.264027,0.275314,0.360448,0.366122,0.046711,0.030176,0.036535,0.033722,27.268874,7.507511,1.273745,20.505466,25.381351,9.148662,24.987985,0.036672,0.182652,0.117999,0.390048,15.281755,2.085665,1.353518,0.109607,2.887212,211.547226,1.479287,0.041146,0.003888,quarterly
ALGN,2026-06-30,0.717133,0.182473,0.102532,0.220469,0.148734,0.025587,0.016875,0.033164,0.042743,96.830786,9.928302,2.477569,66.751923,40.816478,8.998784,60.502402,0.010327,0.028551,0.01883,,,1.395291,1.284089,0.164578,0.919714,521.964281,1.779942,0.033768,0.043136,quarterly
ALL,2026-06-30,,,0.178392,,0.141307,0.097068,0.026219,,,19.312596,3.445217,1.874637,24.381128,,3.650442,25.833463,0.05178,0.222328,0.060053,,44.145833,,,0.146975,0.928687,,0.805258,0.002345,,quarterly
ALLE,2026-06-30,0.449414,0.22119,0.160313,0.250456,0.156752,0.087133,0.034435,0.049716,0.055133,70.148438,11.245681,6.112245,71.741837,51.494805,12.897179,82.277572,0.014255,0.958699,0.37888,5.930999,10.189516,1.929757,1.2326,0.2148,2.057352,328.939319,1.074756,0.015545,,quarterly
AMAT,2026-07-31,0.503127,0.337356,0.278442,0.353922,0.255623,0.09904,0.058315,0.083453,0.092718,139.010881,38.706486,13.767643,151.420436,108.779481,38.499463,150.61056,0.007194,0.286662,0.168788,,18.303571,2.422999,1.789225,0.209434,1.185151,644.609216,1.196612,0.077564,0.018541,quarterly
AMCR,2026-06-30,0.208972,0.106596,0.0608,0.159269,0.212566,0.032994,0.010487,0.021146,0.02205,49.800221,3.027866,1.643112,14.244328,32.768914,5.219057,24.552591,0.02008,1.260729,0.400701,12.656526,3.869822,1.254338,0.760457,0.172476,1.758175,182.431667,4.100257,0.03673,0.004689,quarterly
AMD,2026-06-30,0.537708,0.172503,0.199116,0.290655,0.135055,0.034169,0.027195,0.025457,0.035754,397.863378,79.220889,13.594731,586.580347,269.924607,78.455028,580.909632,0.002513,0.063608,0.050625,,69.945946,2.609221,1.908286,0.136579,1.584398,443.156933,1.030039,0.070042,0.043603,quarterly
AME,2026-06-30,0.359539,0.258361,0.19903,0.307379,0.220937,0.036134,0.02452,0.032827,0.037491,133.895741,26.649247,4.838184,120.619199,89.587495,27.537284,124.638608,0.007468,0.18082,0.1227,2.451811,17.35733,1.213723,0.764094,0.123196,1.746606,361.800739,1.188741,0.015658,0.006795,quarterly
AMGN,2026-06-30,0.72041,0.349513,0.236224,0.452855,0.347026,0.2032,0.024833,0.043702,0.049061,87.787252,20.73749,17.838358,59.757731,55.306331,25.045726,72.172464,0.011391,4.902806,0.59917,9.513508,5.112927,1.370912,1.12701,0.105124,0.983084,806.917369,1.685053,0.051024,0.016411,quarterly
AMP,2026-06-30,,,0.225304,,0.576721,0.174835,0.005625,,,43.200736,9.733283,7.553003,16.876946,,8.519316,14.771998,0.023148,1.026076,0.033011,,18.166667,,,0.024966,0.30902,,2.592992,0.00749,0.010121,quarterly
AMT,2026-06-30,0.730348,0.461533,0.315558,0.683205,0.424102,0.233218,0.013705,0.027272,0.025056,93.449832,29.488825,21.794158,69.532317,69.65069,47.585728,112.203384,0.010701,12.092346,0.710582,18.862262,3.847109,0.351998,,0.04343,4.223537,,1.71389,0.116729,0.01244,quarterly
AMZN,2026-03-31,0.518161,0.131402,0.166677,0.328225,-0.100105,0.068464,0.033007,0.032314,0.058059,90.451022,15.076084,6.192598,-150.60237,48.091485,15.784808,-157.682162,0.011056,0.474952,0.228978,0.289666,50.7925,1.177153,1.008604,0.198029,2.403207,-216.257832,0.86042,0.243517,0.022213,quarterly
ANET,2026-06-30,0.629278,0.453932,0.399545,0.46164,0.346971,0.081965,0.051134,0.075084,0.08153,207.334151,82.839408,16.994235,238.750205,169.924562,78.443944,226.082105,0.004823,,,,,2.957204,2.585372,0.12798,1.339555,870.087356,0.892901,0.009784,0.039661,quarterly
AON,2026-06-30,0.465144,0.238106,0.129769,0.265191,0.113754,0.057408,0.010329,0.032118,0.03457,113.816273,14.769846,6.533941,129.840096,68.918081,18.276439,160.666168,0.008786,1.653886,0.297561,12.349023,5.044693,1.032616,,0.079592,0.793942,,1.009074,0.017193,0.028733,quarterly
AOS,2026-06-30,0.38614,0.189286,0.124365,0.189884,0.11391,0.06781,0.034271,0.06061,0.059903,61.969524,7.706854,4.202179,67.657287,43.187694,8.200631,71.992074,0.016137,0.367392,0.185677,2.392239,20.506173,1.593782,1.040037,0.275566,1.499403,217.972018,0.995997,0.009957,0.002688,quarterly
APA,2026-06-30,0.653603,0.556679,0.314791,0.772861,0.478298,0.106395,0.041562,0.079477,0.085443,21.044541,6.62464,2.239036,13.85046,10.948894,8.461977,17.691869,0.047518,0.55277,0.215935,1.7988,25.09434,0.945991,0.791857,0.132031,1.941899,28.550412,2.283802,0.240624,,quarterly
APD,2026-06-30,0.327744,0.256343,-0.455805,-0.475451,0.097912,-0.103776,-0.035623,0.018851,-0.052642,-43.92197,20.019859,4.55803,204.467767,-55.403937,26.341846,269.035788,-0.022768,1.307805,0.448931,-11.1032,-38.224696,1.084847,0.920574,0.078154,1.680043,-259.905947,-0.905886,0.314995,0.00386,quarterly
APH,2026-03-31,0.367475,0.255732,0.122439,0.307004,0.108909,0.066753,0.022144,0.034131,0.0559,204.968634,25.096224,13.682369,230.432264,87.526047,26.870833,246.726634,0.004879,1.34143,0.444985,6.24985,8.915825,1.714119,1.25875,0.180855,1.297502,349.866058,1.202036,0.038267,0.004488,quarterly
APO,2026-06-30,0.960997,0.255537,0.12203,0.273738,0.258316,0.064791,0.002755,0.071871,0.019849,54.632839,6.666842,3.539717,25.808849,29.642085,8.114165,31.411762,0.018304,0.65348,0.027785,,17.136364,0.775721,,0.022575,,,2.116826,,0.022057,quarterly
APP,2026-06-30,0.882621,0.776778,0.658391,0.826146,0.451758,0.400421,0.153165,0.188239,0.221902,81.710559,53.797516,32.718623,119.084884,65.159463,53.831213,119.159476,0.012238,1.111304,0.425084,0.290557,30.430096,4.300237,,0.232635,0.886076,,0.686154,,0.044503,quarterly
APTV,2026-06-30,0.236714,0.119426,0.075748,0.171655,0.010079,0.028333,0.013781,0.023779,0.028493,36.494906,2.764428,1.034015,274.264747,24.8643,4.268093,423.446559,0.027401,0.649377,0.315848,8.172598,6.903226,2.017815,1.332773,0.181929,1.345111,290.048563,0.370968,0.018021,0.007941,quarterly
ARE,2026-06-30,0.677654,0.14712,-0.113156,0.512674,0.523885,-0.004679,-0.002102,0.003336,0.000828,-126.027763,14.260784,0.589732,27.221216,77.651444,39.809871,75.989729,-0.007935,0.846586,0.380218,37.428849,0.394346,0.21854,,0.018573,83.959013,,-4.629762,,0.015774,quarterly
ARES,2026-06-30,0.517951,0.174038,0.105442,0.379594,-0.269139,0.037962,0.005084,0.012169,0.025101,272.671428,28.750926,10.351085,-106.825474,87.218949,33.107803,-123.013662,0.003667,3.748068,0.501921,22.511219,3.468449,0.952821,,0.048213,,,-2.33309,0.023134,,quarterly
ATO,2026-06-30,0.736792,0.364497,0.276078,0.611959,-0.45438,0.015906,0.007684,0.010023,0.011312,111.619675,30.815756,1.775381,-67.819319,68.578708,41.967353,-92.361756,0.008959,0.676617,0.326854,18.222791,10.150465,0.813741,0.730011,0.027831,1.87251,,2.636786,1.182339,,quarterly
AVB,2026-06-30,0.632432,0.297998,0.200214,0.591446,0.368396,0.012952,0.006983,0.011007,0.011041,168.786238,33.793359,2.1862,91.730947,77.285786,45.710392,124.079336,0.005925,0.764175,0.411977,19.443353,3.240088,0.141607,,0.034877,,,2.338422,0.099788,0.010324,quarterly
AVGO,2026-07-31,0.691291,0.542665,0.442297,0.617282,0.461796,0.131287,0.069562,0.086475,0.095948,130.432283,57.689761,17.124062,124.924824,95.398107,58.887561,127.518611,0.007667,0.596038,0.31581,1.940436,20.633676,2.503743,2.286688,0.157275,2.158824,189.970635,1.084734,0.017978,0.06823,quarterly
AVY,2026-06-30,0.296155,0.135856,0.08287,0.16444,0.147306,0.087868,0.022155,0.040255,0.051327,62.275501,5.160758,5.472029,35.03426,39.804764,6.545507,44.434755,0.016058,1.58352,0.399271,8.520741,8.874652,1.131614,0.788286,0.267349,1.373237,161.990962,2.0,0.018434,0.002599,quarterly
AWK,2026-06-30,0.645018,0.4,0.232472,0.599262,-0.226568,0.027004,0.008641,0.015244,0.017237,85.737361,19.931564,2.31524,-87.97156,52.768803,31.622338,-139.570906,0.011664,1.376597,0.440512,19.454433,3.42515,0.52279,0.48914,0.037171,3.136574,-47.53952,1.911111,0.670849,,quarterly
AXON,2026-06-30,0.604217,0.051723,0.032538,0.103106,-0.001075,0.008008,0.003933,0.00779,0.009993,1236.105208,40.220379,9.89917,-37422.703671,402.50663,41.500879,-38614.133992,0.000809,0.498968,0.245079,12.162331,2.16309,2.148924,1.800946,0.120889,1.176614,531.082163,0.682265,0.023274,0.159219,quarterly
AXP,2026-06-30,,,0.158374,,0.227784,0.090723,0.010091,,,67.652581,10.714443,6.137676,47.037676,,11.393773,50.020015,0.014781,1.72255,0.191591,,,,,0.063714,,,1.72701,0.04573,0.007893,quarterly
AZO,2026-05-31,0.521504,0.190821,0.132513,0.223933,0.094295,,,,,,,,,54.82226,12.276508,130.19239,,,,,8.360539,,,,,,1.250192,0.071372,0.006233,quarterly
BA,2026-03-31,0.114597,0.020075,-0.00018,0.054688,-0.065445,-0.000668,-2.4e-05,0.0,0.010837,-39162.834944,7.050967,26.165248,-107.738198,152.87189,8.360235,-127.743704,-2.6e-05,7.885251,0.286485,31.084774,1.042208,1.176168,0.349759,0.134823,6.375036,1421.286912,44.75,0.057388,0.007247,quarterly
BAC,2026-03-31,,,0.283562,,1.379823,0.02855,0.002455,,,47.028352,13.335471,1.342648,9.664625,,11.546325,8.367976,0.021264,1.275806,0.109718,,,,,0.008659,0.315064,,4.86603,,0.034091,quarterly
BALL,2026-06-30,0.174381,0.092319,0.055291,0.130598,0.116838,0.038462,0.01099,0.021805,0.025704,72.044831,3.983465,2.770955,34.094021,44.107101,5.760297,49.301728,0.01388,1.256526,0.359025,12.890805,4.518987,1.069121,0.664523,0.198757,1.920711,-34.71774,2.751131,0.035276,,quarterly
BAX,2026-06-30,0.348649,0.073311,0.042568,0.160135,0.056081,0.020303,0.006367,0.011836,0.014506,93.551657,3.982266,1.899373,71.009089,40.669849,6.512672,116.12957,0.010689,1.557686,0.488454,15.419831,3.051948,1.946255,1.317182,0.149563,1.594828,460.776172,2.261905,0.040203,0.011149,quarterly
BBY,2026-07-31,0.239084,0.042438,0.032212,0.065037,0.075366,0.098963,0.019557,0.069634,0.061498,61.819732,1.99133,6.117881,26.422273,33.339962,2.168342,28.770985,0.016176,1.298461,0.256597,,40.090909,1.116943,0.412377,0.607127,10.606291,47.657727,2.92381,0.018816,0.003477,quarterly
BDX,2026-06-30,0.46458,0.150913,0.075657,0.250652,0.101947,0.015441,0.007431,0.014883,0.016599,130.731228,9.890763,2.018581,97.019041,52.349615,13.121547,128.709979,0.007649,0.688401,0.331316,12.890312,5.19697,0.865483,0.512867,0.098224,2.107868,,1.72679,0.028698,0.011038,quarterly
BEN,2026-06-30,0.811398,0.097057,0.072719,0.202341,0.240078,0.01461,0.004732,0.005735,0.011477,97.79369,7.111439,1.428807,29.621367,42.615086,8.622761,35.916494,0.010226,1.423557,0.461055,25.093252,16.782979,2.837861,,0.065072,1.505138,,3.388921,,0.009583,quarterly
BG,2026-06-30,0.069922,0.044715,0.028202,0.058067,-0.04276,0.0425,0.014493,0.025822,0.037939,32.750927,0.923636,1.391909,-21.60032,28.606825,1.661126,-38.8474,0.030533,1.056666,0.360331,10.505731,5.786802,1.566571,0.642644,0.513894,6.115747,224.405392,-0.862832,0.018427,0.001248,quarterly
BIIB,2026-06-30,0.716045,0.176462,0.035636,0.164766,0.112573,0.005173,0.003039,0.013198,0.007622,326.574227,11.637788,1.689356,103.379828,86.315631,14.221888,126.334697,0.003062,0.443288,0.260392,15.096051,2.608748,1.865079,1.256389,0.085269,1.140761,1250.385466,4.604103,0.051499,0.028289,quarterly
BK,2026-03-31,,,0.305847,,-0.680285,0.036442,0.002906,,,,,,,,,,,0.753835,0.060121,,,,,0.009503,0.805191,,-1.846201,0.11563,,quarterly
BKNG,2026-06-30,,0.340044,0.265234,0.411045,0.495511,-0.18084,0.065696,0.202649,0.332133,64.695782,17.159518,-11.699599,34.629914,42.973787,17.664144,35.648308,0.015457,-1.919132,0.69719,0.981469,9.533333,1.094253,,0.247692,1.693619,,1.907179,0.010337,0.019042,quarterly
BKR,2026-06-30,0.233907,0.1283,0.101009,0.191486,0.154999,0.034207,0.012942,0.018289,0.025197,83.451675,8.429337,2.854661,54.383341,43.559713,8.341084,53.813961,0.011983,0.816405,0.308875,0.407436,14.515152,2.09487,1.755052,0.128126,1.214118,332.571552,1.975037,0.044497,0.008454,quarterly
BLDR,2026-06-30,0.281365,0.03327,-0.00101,0.072106,0.007761,-0.000974,-0.000344,0.0,0.013512,-1603.463089,1.619011,1.561357,208.596219,41.025559,2.958169,381.135779,-0.000624,1.307861,0.462584,16.249495,1.688571,1.788855,1.087515,0.3411,2.978787,154.039426,-17.442564,0.00985,0.001867,quarterly
BLK,2026-06-30,0.489554,0.348955,0.270186,0.457086,0.15782,0.033222,0.010883,0.026387,0.016409,90.811804,24.536109,3.01692,155.468509,53.652884,24.524003,155.391806,0.011012,0.259802,0.085106,0.695491,21.291045,12.758946,,0.040279,1.301249,,0.641066,0.015387,0.042631,quarterly
BMY,2026-06-30,0.712788,0.31026,0.255685,0.392122,0.238033,0.148618,0.037851,0.049917,0.06514,38.834365,9.92936,5.771477,41.714245,32.003063,12.549108,52.720072,0.02575,2.018594,0.514104,6.761942,11.039312,1.531647,1.384962,0.148036,1.429217,116.183088,1.022912,0.02351,0.010406,quarterly
BNY,2026-03-31,,,0.305847,,-0.680285,0.036442,0.002906,,,63.938204,19.555313,2.330062,-28.745771,,-4.066875,5.978195,0.01564,0.753835,0.060121,,,,,0.009503,0.805191,,-1.846201,0.11563,,quarterly
BR,2026-06-30,0.384252,0.246092,0.179332,0.286184,0.289202,0.140146,0.044504,0.06835,0.073143,46.722874,8.378925,6.548045,28.972549,34.18397,9.782907,33.827221,0.021403,1.23833,0.393234,4.488745,19.058824,1.235581,,0.248164,1.965557,,1.701583,0.015947,0.012253,quarterly
BRO,2026-06-30,0.493349,0.252116,0.174123,0.371826,0.198912,0.022888,0.009636,0.015468,0.021963,75.542933,13.153788,1.729028,66.128768,47.03962,17.490548,87.931204,0.013238,0.636335,0.267909,11.123577,4.682692,1.126929,,0.055342,0.77362,,1.201389,0.010278,0.013906,quarterly
BSX,2026-06-30,0.707093,0.22896,0.166667,0.277655,-0.082874,0.036382,0.020059,0.028421,0.029803,69.249844,11.541641,2.519439,-139.267424,49.72641,13.8068,-166.600014,0.01444,0.506378,0.279193,7.91595,12.041667,1.240199,0.736932,0.120356,1.784847,663.382577,1.625138,0.35373,0.015987,quarterly
BX,2026-06-30,,,0.293507,,0.455939,0.136356,0.024637,,,121.514599,35.665433,16.569271,78.224155,,30.091052,65.997997,0.008229,1.556076,0.281152,,,,,0.08394,,,1.579419,0.007632,,quarterly
BXP,2026-06-30,0.614257,0.289011,0.076548,0.550348,0.498,0.01328,0.002724,0.012457,0.010792,166.647607,12.756547,2.213029,25.615562,57.863044,31.844801,63.945398,0.006001,3.168363,0.64982,30.682091,1.667844,1.601705,,0.035581,9.877689,,6.505717,,0.01757,quarterly
C,2026-06-30,,,0.235453,,-1.034928,0.027503,0.002014,,,37.907024,8.925332,1.042548,-8.624107,,1.167811,-1.128398,0.02638,1.899521,0.139128,,,,,0.008555,0.29722,,-4.12948,0.062629,,quarterly
CAG,2026-05-31,0.244301,0.105132,-0.561015,-0.515319,0.137851,-0.254326,-0.093601,0.021303,-0.112697,-4.478136,2.512299,1.138904,18.224762,-9.761512,5.03029,36.490808,-0.223307,1.143262,0.420761,-4.747105,-15.827517,0.904046,0.306368,0.166842,4.37876,149.066982,-0.313254,0.037889,0.001735,quarterly
CAH,2026-06-30,0.040206,0.012784,0.006251,0.013727,0.022427,-0.138051,0.006946,0.097905,0.047256,131.703309,0.823249,-18.181726,36.707225,66.039953,0.906504,40.419411,0.007593,-3.082206,0.155081,4.610984,8.012658,0.882676,0.488703,1.111224,4.608903,-46.147287,4.251256,0.004146,0.000911,quarterly
CARR,2026-06-30,0.272083,0.121241,0.078885,0.182806,0.127539,0.038108,0.013406,0.02302,0.030098,88.651968,6.99333,3.37831,54.832884,48.053087,8.784386,68.876091,0.01128,0.942725,0.331639,9.136951,6.722222,1.019825,0.72094,0.16994,1.956562,150.470175,1.850299,0.018422,0.001889,quarterly
CASY,2026-07-31,0.218232,0.064999,0.048204,0.085427,0.033404,0.06686,0.030009,0.04462,0.047577,80.677194,3.888985,5.394096,116.424034,50.397663,4.305319,128.887792,0.012395,0.705474,0.316639,3.930181,,1.018516,0.609332,0.622538,23.097971,-8.510376,1.403157,0.034235,0.002982,quarterly
CAT,2026-06-30,0.36022,0.209074,0.174901,0.258434,0.158692,0.185254,0.035016,0.051144,0.074707,103.499128,18.102145,19.17362,114.071278,77.429346,20.010339,126.095827,0.009662,2.327713,0.439981,7.239216,34.762963,1.368434,0.850038,0.200207,0.854819,713.425793,1.216532,0.054082,,quarterly
CB,2026-06-30,,,0.178833,,0.233724,0.037866,0.010145,,,46.047258,8.234781,1.743603,35.232942,,9.645834,41.270207,0.021717,0.240341,0.064392,,19.12,,,0.056729,0.402142,,1.306938,,,quarterly
CBOE,2026-06-30,0.399848,0.329914,0.244732,0.3715,-0.371708,0.062764,0.033282,0.048058,0.074442,80.699645,19.749823,5.065065,-53.132658,51.717999,19.213229,-51.689068,0.012392,0.280902,0.148954,,38.477273,1.565245,,0.135994,2.528566,,-1.425092,0.022942,0.010812,quarterly
CBRE,2026-06-30,0.185819,0.032068,0.018172,0.05799,0.002138,0.024291,0.006695,0.017118,0.018795,198.018409,3.59841,4.810164,1683.15648,77.55569,4.497484,2103.698091,0.00505,1.259467,0.347117,10.144393,,1.140938,,0.368416,1.278151,,0.676471,0.010155,0.005256,quarterly
CCI,2026-06-30,0.734127,0.468254,0.093254,0.669643,0.468254,-0.028746,0.00437,0.031116,0.027659,339.651257,31.673828,-9.763675,67.642411,79.178926,53.021603,113.232575,0.002944,-7.157187,1.087951,25.477037,2.507463,0.521581,,0.046858,2.724324,,5.648936,0.058532,0.02877,quarterly
CCL,2026-05-31,0.365901,0.12787,0.080594,0.234579,0.263395,0.041413,0.010282,0.021817,0.021653,55.704166,4.48944,2.306866,17.044523,34.456902,8.082866,30.687258,0.017952,2.0182,0.501072,14.488804,2.947368,0.334375,0.293286,0.127575,10.526066,-25.279208,4.897579,0.131322,0.003302,quarterly
CDNS,2026-06-30,0.848958,0.283987,0.231674,0.418871,0.363107,0.053526,0.030386,0.034658,0.053303,212.241259,49.170768,11.360323,135.416568,119.075591,49.877344,137.362483,0.004712,0.38661,0.219477,1.569665,15.521687,1.742655,1.531507,0.13116,3.141134,,1.729694,0.037617,0.092707,quarterly
CDW,2026-06-30,0.200816,0.065214,0.041752,0.077326,-0.012568,0.112362,0.015903,0.038187,0.048346,66.60458,2.780849,7.483845,-221.262672,47.902398,3.704087,-294.721531,0.015014,2.442283,0.34566,10.734357,7.194352,1.166831,1.048491,0.380891,0.894944,120.455476,-0.200802,0.004184,0.004276,quarterly
CEG,2026-06-30,0.163646,-0.006263,0.068364,0.250267,-0.015725,0.016043,0.005221,-0.000463,0.013882,175.917419,12.026337,2.822205,-764.793526,61.018976,15.271007,-971.132511,0.005684,0.77243,0.251392,12.78115,4.180212,1.455264,1.196823,0.076374,1.992036,236.153448,2.19883,0.166045,,quarterly
CF,2026-06-30,0.515302,0.4964,0.327183,0.610261,0.271377,0.126479,0.048149,0.09783,0.07964,26.583051,8.697515,3.362192,32.049549,17.426902,10.634959,39.188854,0.037618,0.628566,0.239287,0.542773,23.770833,4.860104,4.322539,0.147162,3.094708,41.012004,1.207703,0.123762,0.00405,quarterly
CFG,2026-06-30,,,0.257118,,0.308804,0.022419,0.00251,,,48.101693,12.367803,1.078398,40.05063,,14.379629,46.565521,0.020789,0.624413,0.069917,,,,,0.009763,,,1.236797,,0.021463,quarterly
CHD,2026-03-31,0.463758,0.198053,0.147213,0.244674,0.097257,0.051672,0.024016,0.036125,0.039062,103.906932,15.296447,5.369104,157.278303,68.563479,16.775724,172.48825,0.009624,0.526923,0.244901,4.735188,12.358333,1.217419,0.808193,0.163138,2.548214,73.054197,0.808137,0.021711,0.017491,quarterly
CHRW,2026-03-31,0.076695,0.04378,0.03669,0.049973,0.013353,0.086398,0.028122,0.050936,0.052617,121.420292,4.454864,10.490496,333.633315,98.211086,4.907894,367.561631,0.008236,0.965005,0.314108,5.899441,,1.585782,,0.766497,1.578545,,0.465921,0.003742,0.007051,quarterly
CHTR,2026-06-30,0.558628,0.230223,0.09552,0.404554,0.077924,0.076215,0.008302,0.020887,0.023089,12.892156,1.231455,0.982578,15.803288,21.278837,8.608443,110.472291,0.077567,5.704932,0.621458,17.580592,2.566614,0.360938,,0.086918,3.704738,,3.037926,0.212258,0.010203,quarterly
CI,2026-06-30,0.087722,0.033671,0.023251,0.045773,-0.010057,0.038949,0.010568,0.026808,0.025739,43.819349,1.018826,1.706713,-101.309357,29.881004,1.367739,-136.004348,0.022821,0.747959,0.202939,7.827417,7.339888,0.84574,0.740506,0.454514,2.318052,-52.552634,-0.253614,0.00416,,quarterly
CIEN,2026-07-31,0.454343,0.180756,0.159424,0.218485,0.069593,0.087158,0.033314,0.041212,0.047861,185.658674,29.598441,16.181568,425.307291,137.267851,29.990916,430.946859,0.005386,1.074962,0.410876,2.147633,54.527658,3.797162,3.167992,0.208963,1.354666,356.66679,0.736658,0.047848,0.034634,quarterly
CINF,2026-03-31,,,0.095704,,0.228432,0.017437,0.006649,,,94.663471,9.059655,1.650617,39.660231,,8.704782,38.106713,0.010564,0.056256,0.021451,,26.076923,,,0.069472,0.725177,,2.394161,0.000699,,quarterly
CL,2026-06-30,0.614811,0.189517,0.129267,0.217683,0.161724,2.936441,0.041275,0.095014,0.095095,100.618624,13.00666,295.460621,80.425267,65.520746,14.26277,88.192285,0.009939,33.292373,0.467957,5.558698,16.322581,1.026025,0.671275,0.319297,2.732416,145.247281,1.435786,0.023876,0.007088,quarterly
CLX,2026-06-30,0.412731,0.126283,0.083676,0.177618,0.125257,1.811111,0.020914,0.037393,0.053376,61.652559,5.158813,111.659634,41.18593,45.278516,8.042283,64.20642,0.01622,61.333333,0.708237,14.234104,4.872727,0.657771,0.377569,0.249936,2.53316,74.215557,2.02454,0.044148,-0.000513,quarterly
CMCSA,2026-06-30,0.719806,0.172345,0.117769,0.312358,0.153741,0.039281,0.013691,0.021228,0.025234,22.88599,2.695257,0.89899,17.531175,17.49444,5.464529,35.543776,0.043695,1.006885,0.350929,8.845167,5.38403,0.795788,,0.11625,2.145468,,2.294952,0.116533,0.011991,quarterly
CME,2026-06-30,0.863146,0.648869,0.610597,0.853065,0.541261,0.039283,0.005351,0.02901,0.038135,95.26538,58.168722,3.742307,107.468839,69.282291,59.102318,109.193692,0.010497,0.129116,0.017589,0.879423,31.451835,1.018358,,0.008764,2.265569,,0.9091,0.013832,0.014535,quarterly
CMG,2026-06-30,0.252217,0.165972,0.120514,0.195336,0.138383,0.183448,0.045524,0.191186,0.073616,104.827747,12.633161,19.230428,91.291289,71.922788,14.049094,101.523281,0.009539,2.463505,0.611331,,,0.715347,0.679896,0.377746,33.383134,-19.459181,1.686676,0.064884,0.007919,quarterly
CMI,2026-06-30,0.260653,0.11896,0.098551,0.174897,0.132177,0.072546,0.026158,0.041,0.055015,78.614985,7.747612,5.703212,58.615333,47.575679,8.320839,62.952138,0.01272,0.644975,0.232557,2.730351,17.1625,1.727162,1.127799,0.265422,1.436143,345.141996,1.608369,0.02633,,quarterly
CMS,2026-06-30,0.377255,0.144341,0.06561,0.360306,-0.278294,0.012277,0.002934,0.006871,0.008958,170.74275,11.202367,2.096289,-40.253693,61.302172,22.087551,-79.367645,0.005857,1.974729,0.471849,28.52959,1.614286,0.935684,0.666667,0.044713,1.814484,73.296944,4.925,0.601422,,quarterly
CNC,2026-06-30,0.085873,0.02236,0.020362,0.03619,0.063756,0.048356,0.013143,0.022664,0.03879,29.481225,0.60031,1.425584,9.415696,10.988662,0.397675,6.237417,0.03392,0.713811,0.194008,,10.712418,1.145391,,0.645437,2.964096,,3.290559,0.003248,0.001101,quarterly
CNP,2026-06-30,0.524628,0.248141,0.113383,0.466078,-0.275093,0.020819,0.005057,0.012065,0.012859,103.181513,11.699019,2.148148,-42.527516,49.217638,22.939262,-83.387316,0.009692,2.10256,0.510715,24.519442,2.137931,1.122915,0.969117,0.044601,2.769627,6.552106,3.188525,0.636617,,quarterly
COF,2026-06-30,,,0.190536,,0.50959,0.026539,0.004482,,,41.121768,7.835189,1.091348,15.375478,,8.035125,15.767826,0.024318,0.392616,0.066303,,,,,0.023522,4.618298,,2.796026,0.023155,0.013565,quarterly
COHR,2026-06-30,0.384777,0.148782,0.117588,0.224945,-0.241208,0.02206,0.013144,0.018272,0.020689,258.384886,30.382945,5.699945,-125.961578,139.191958,31.310506,-129.807061,0.00387,0.324523,0.193359,4.477424,7.784536,2.426654,1.522272,0.111779,1.522792,435.665575,0.288762,0.275163,0.024648,quarterly
COIN,2026-06-30,0.679155,-0.024065,-0.294629,-0.252848,0.16172,-0.027483,-0.013585,-0.001364,-0.01938,-142.5727,42.006121,3.918321,259.74519,-159.257845,40.26806,248.997876,-0.007014,0.509821,0.252011,,-16.561334,2.422706,,0.046109,7.111528,,-0.548894,,0.195351,quarterly
COO,2026-07-31,0.667698,0.208216,0.405928,0.298255,0.25605,0.051968,0.03415,0.020423,0.020663,24.292252,9.860895,1.26242,38.511672,41.384863,12.343263,48.206544,0.041165,0.305492,0.200751,7.507233,10.386047,1.222276,0.733955,0.084129,1.351502,950.311195,0.78951,0.064434,,quarterly
COP,2026-06-30,0.367152,0.31204,0.205156,0.487762,0.230155,0.060154,0.031635,0.043597,0.05691,40.288048,8.265347,2.423485,35.91209,18.614415,9.079397,39.449053,0.024821,0.356394,0.187428,1.788573,22.644128,1.541519,1.39062,0.1542,2.754204,-14.516822,1.891122,0.157821,,quarterly
COR,2026-06-30,0.042561,0.014221,0.009009,0.016853,0.028648,0.250255,0.009111,0.063589,0.046769,77.173838,0.695224,19.313152,24.268165,49.539506,0.834873,29.142872,0.012958,3.842479,0.139886,6.236553,7.448192,0.934761,0.579501,1.011327,3.330497,-41.851103,3.476094,0.002667,0.000339,quarterly
COST,2026-05-31,0.127724,0.039914,0.03108,0.050576,0.028868,0.065415,0.025362,0.053606,0.067035,181.136406,5.629773,11.849085,195.015227,108.014297,5.462972,189.237228,0.005521,0.2428,0.094134,,92.8125,1.072451,0.61149,0.816001,18.8072,1.934404,1.573449,0.020035,0.001687,quarterly
CPAY,2026-06-30,0.79447,0.351936,0.185469,0.43153,1.057404,0.070106,0.008798,0.024295,0.040784,105.179329,19.50746,7.373693,18.448446,58.911549,25.42209,24.041984,0.009508,2.999401,0.376398,12.912458,4.004908,0.971985,,0.047435,0.270137,,5.92049,0.040661,0.023912,quarterly
CPB,2026-04-30,0.274725,0.103973,0.052409,0.146661,0.012257,0.030785,0.008189,0.017381,0.019856,49.757155,2.607729,1.53175,212.754732,38.082477,5.585215,455.67654,0.020098,1.740318,0.462951,19.043228,2.915663,0.866283,0.375085,0.156254,4.286232,104.299739,0.798387,0.029586,0.00634,quarterly
CPRT,2026-04-30,0.462869,0.375309,0.325287,0.423072,0.406854,0.045862,0.041704,0.042302,0.051795,67.365042,21.912946,3.089463,53.859509,43.486938,18.398106,45.220437,0.014844,0.010612,0.00965,,,7.612703,7.540275,0.128206,1.557092,-66.973349,1.451781,0.065391,0.00765,quarterly
CPT,2026-03-31,0.611629,0.193488,0.109187,0.598475,0.139109,0.010536,0.004686,0.008897,0.01001,270.239894,29.506713,2.847292,212.111483,64.764753,38.760099,278.630226,0.0037,1.055008,0.46917,18.093462,2.21288,0.172877,,0.042913,48.139302,,3.48901,0.241845,0.010425,quarterly
CRH,2026-06-30,0.398441,0.188086,0.137237,0.271968,0.045467,0.061535,0.02526,0.033545,0.049058,38.752034,5.318202,2.384617,116.967875,25.794017,7.015149,154.290335,0.025805,0.82434,0.338383,5.08393,10.831818,1.578831,1.067355,0.184059,1.947416,275.707973,0.763354,0.059293,0.004083,quarterly
CRL,2026-06-30,0.361898,0.119401,-0.001476,0.150188,0.148016,-0.000522,-0.000197,0.0,0.013054,-9037.461938,13.339122,4.716632,90.119221,107.197983,16.099801,108.770393,-0.000111,1.066226,0.40197,16.100531,2.752472,1.347532,1.042388,0.133306,1.913222,307.72106,-121.27193,0.030979,0.019701,quarterly
CRM,2026-07-31,0.766505,0.213751,0.310798,,0.096783,0.091876,0.032166,0.024186,0.060336,55.532662,17.259424,5.102094,178.331663,,19.989526,206.540226,0.018007,1.08768,0.380797,,10.623679,0.83851,,0.103494,1.795095,,0.359898,0.015073,0.079859,quarterly
CRWD,2026-07-31,0.745732,-0.022593,0.003607,0.071616,0.255855,0.00104,0.000441,-0.005683,0.001314,45860.934248,165.435185,47.697233,646.598032,2270.573856,162.609788,635.555062,2.2e-05,0.160765,0.068206,,1.650405,1.570128,,0.12232,1.416265,,99.937429,0.104652,0.256248,quarterly
CSCO,2026-07-31,0.641259,0.27678,0.223684,0.34454,0.28959,0.076743,0.029768,0.046799,0.060219,111.882018,25.026241,8.586113,86.419677,75.205195,25.91118,89.475516,0.008938,0.587312,0.227813,3.754206,14.225201,0.931126,0.794004,0.133079,2.309505,295.337747,1.395698,0.022606,0.053733,quarterly
CSGP,2026-06-30,0.787027,0.082162,0.059459,0.174054,0.061622,0.006934,0.005425,0.006328,0.008092,214.312699,12.742917,1.486031,206.792956,72.603712,12.63697,205.073642,0.004666,0.151538,0.118552,,,2.21419,,0.091232,3.656126,,2.090909,0.062703,0.041081,quarterly
CSX,2026-06-30,0.382719,0.382719,0.254638,0.49352,0.190851,0.071155,0.022403,0.034699,0.037735,87.077412,22.173206,6.195964,116.180515,54.228037,26.762604,140.227493,0.011484,1.374592,0.432791,9.19516,7.255924,0.820414,0.722677,0.08798,3.590328,-4.27665,1.324351,0.146379,,quarterly
CTAS,2026-05-31,0.509531,0.236875,0.175888,0.277089,0.211037,0.099416,0.048531,0.071659,0.085979,154.777337,27.223405,15.387404,128.998112,101.25025,28.055338,132.940228,0.006461,0.526462,0.256997,2.657211,26.097771,1.433979,0.792879,0.27592,1.868069,518.517589,1.387709,0.033043,0.010714,quarterly
CTRA,2025-12-31,0.37417,0.291475,0.187851,0.641143,0.191935,0.024801,0.015181,0.021454,0.025525,,,,,,,,,0.270724,0.165711,2.949045,10.722222,1.18754,1.156712,0.080813,2.02376,167.853247,2.63587,0.303216,0.009699,quarterly
CTSH,2026-06-30,0.333698,0.174786,0.116037,0.188104,0.083744,0.043977,0.03054,0.044007,0.051149,42.402665,4.920287,1.864756,58.754019,27.168859,5.110581,61.026349,0.023583,0.144793,0.100552,0.506305,68.307692,2.182159,,0.263193,1.146653,,0.877358,0.018062,0.00967,quarterly
CTVA,2026-03-31,0.516412,0.235474,0.146789,0.242813,-0.605912,0.029554,0.016855,0.03521,0.028967,74.624023,10.953985,2.205455,-18.078498,47.425101,11.515453,-19.005146,0.013401,0.137756,0.078564,1.168766,24.833333,1.466594,1.027754,0.114825,0.632169,733.563928,-4.015278,0.016514,,quarterly
CVNA,2026-06-30,0.187636,0.092191,0.042028,0.101546,0.025352,0.076961,0.021303,0.065035,0.054343,232.813152,9.784718,17.917596,385.946936,67.488326,6.853139,270.314206,0.004295,1.395482,0.38627,3.479306,6.732673,3.926435,2.32614,0.506872,19.564987,193.602371,0.767742,0.006914,0.003389,quarterly
CVS,2026-06-30,0.148441,0.044328,0.028078,0.055233,0.053291,0.037377,0.011739,0.025099,0.028394,38.141564,1.070952,1.425607,20.096166,30.062923,1.660465,31.158247,0.026218,0.957391,0.300692,8.546246,6.253633,0.865638,0.663182,0.418083,5.47451,68.510827,2.129909,0.006513,0.001659,quarterly
CVX,2026-06-30,0.364738,0.212444,0.179646,0.342773,0.269275,0.063576,0.036567,0.046049,0.058564,34.043696,6.115798,2.164362,22.712103,19.327755,6.625032,24.603234,0.029374,0.195252,0.112303,1.239385,48.397727,1.25216,0.984022,0.20355,2.734446,14.659973,1.874834,0.067531,,quarterly
D,2026-06-30,0.457143,0.272991,0.075893,0.362054,-0.069196,0.011756,0.002789,0.010975,0.009164,164.471362,12.482202,1.933485,-180.387946,71.044549,25.721933,-371.723416,0.00608,1.847175,0.438293,32.754624,1.814414,0.808929,0.641762,0.036754,1.615579,340.738134,4.408824,0.403795,,quarterly
DAL,2026-06-30,0.229843,0.094346,0.081186,0.108974,0.006934,0.073527,0.018582,0.041609,0.040841,32.643358,2.650197,2.400181,382.189389,31.814229,3.466925,499.971065,0.030634,0.916067,0.231508,4.313516,14.951389,0.42364,0.347518,0.228878,4.587184,-20.699934,0.994389,0.073797,,quarterly
DASH,2026-06-30,0.526942,0.035474,0.044903,0.101706,0.166592,0.020159,0.010224,0.012009,0.011783,418.002534,18.769759,8.426621,112.669147,180.064157,18.313665,109.931352,0.002392,0.333132,0.168959,,,1.36801,,0.227698,4.049091,,4.72,0.045352,0.078357,quarterly
DD,2026-06-30,0.351292,0.142936,0.078615,0.253436,0.22155,0.010386,0.00679,0.011051,0.016107,121.831424,9.577732,1.265298,43.230505,41.155951,10.430398,47.079139,0.008208,0.226959,0.148379,3.004338,7.487805,2.426787,1.822089,0.086368,1.038835,423.117852,3.34965,0.041781,0.007697,quarterly
DDOG,2026-06-30,0.785891,0.006657,0.039732,0.065476,0.248521,0.010203,0.005904,0.001201,0.009509,1852.832835,73.617398,18.904397,296.221903,1073.853186,70.311303,282.918827,0.00054,0.292593,0.169297,7.498339,24.451043,3.204589,,0.148583,1.355485,,7.08903,0.033143,0.196399,quarterly
DE,2026-07-31,0.35727,0.189119,0.111642,0.258663,0.105651,0.049268,0.012815,0.018297,0.035802,133.735368,14.930463,6.58882,141.31883,75.777805,19.600881,185.524971,0.007477,2.292962,0.59643,17.172144,3.650704,2.199898,1.978045,0.114788,1.599378,437.678318,1.60116,0.073106,0.003805,quarterly
DECK,2026-06-30,0.564145,0.152326,0.127482,0.18537,0.032056,0.056468,0.033596,0.051876,0.061062,82.177261,10.476134,4.640408,326.808118,50.630788,9.385406,292.782348,0.012169,0.205213,0.122094,,76.909295,2.747221,1.987954,0.263539,2.694691,202.126311,0.368572,0.01493,0.010535,quarterly
DELL,2026-07-31,0.209278,0.116497,0.08799,0.13255,0.020992,-2.896286,0.032443,0.133408,0.125246,87.389251,7.689421,-253.104257,366.308088,61.820395,8.194285,390.358803,0.011443,-24.152768,0.270549,3.677642,,0.962295,0.707944,0.368709,2.049524,-101.332777,0.53835,0.026378,0.003917,quarterly
DG,2026-07-31,0.326023,0.068126,0.048742,0.092702,0.033096,0.059246,0.017108,0.042051,0.030887,49.073171,2.391921,2.907388,72.271142,39.353678,3.648169,110.228254,0.020378,1.698105,0.490345,2.848371,17.936338,1.208786,0.30682,0.350989,,,1.41831,0.036035,0.002142,quarterly
DGX,2026-06-30,0.337496,0.150838,0.105159,0.205718,0.150838,0.042576,0.018891,0.027433,0.031681,85.00473,8.939045,3.619148,59.262557,53.294751,10.963692,72.685216,0.011764,0.849255,0.376823,8.01278,7.058824,1.590604,1.460291,0.179645,1.826531,,1.865625,0.04535,0.007558,quarterly
DHI,2026-06-30,0.232597,0.125175,0.09807,0.128318,0.043058,0.03799,0.024784,0.027976,0.035063,42.661476,4.183803,1.620704,97.166801,37.416022,4.801137,111.504079,0.02344,0.301585,0.19675,4.251351,,9.841903,2.367837,0.252719,,,0.485468,0.004552,0.003414,quarterly
DHR,2026-06-30,0.576377,0.179888,0.138867,0.294334,0.201915,0.016546,0.009419,0.011493,0.014063,171.148827,23.766876,2.831811,117.707098,93.503515,27.521226,136.300776,0.005843,0.505087,0.287527,12.044469,11.074766,1.650956,1.248735,0.067827,1.580076,428.767233,1.763218,0.042937,0.014844,quarterly
DIS,2026-06-30,0.401695,0.18853,0.104484,0.21871,0.121673,0.023975,0.012885,0.023796,0.024217,67.202025,7.021504,1.611158,57.707989,40.736137,8.909416,73.224267,0.014881,0.418433,0.224875,7.398769,8.87257,0.709073,0.649793,0.123317,1.7349,,1.844579,0.071055,0.016754,quarterly
DLR,2026-03-31,0.572973,0.172837,0.109636,0.493347,0.325605,0.007672,0.003669,0.006372,0.006827,383.659169,42.062897,2.943251,129.183698,109.583658,54.062722,166.037597,0.002606,0.822258,0.39327,19.30069,2.639504,1.11293,,0.033467,1.545122,,2.969873,,0.015447,quarterly
DLTR,2026-07-31,0.429138,0.14109,0.105189,0.180733,0.137921,0.150206,0.036672,0.081348,0.06565,40.830106,4.294874,6.13292,31.140068,31.244105,5.646833,40.942468,0.024492,2.239453,0.546758,2.121493,39.561798,1.133662,0.391269,0.348634,,,1.791059,0.050478,0.004007,quarterly
DOC,2026-06-30,0.568258,0.171789,0.068454,0.572329,0.468001,0.006733,0.002436,0.007415,0.007773,272.878532,18.679744,1.837267,39.91387,55.143595,31.560276,67.436296,0.003665,1.315578,0.476031,19.034004,1.642935,0.960485,,0.035589,10.696468,,6.836684,,0.006229,quarterly
DOV,2026-06-30,0.402099,0.178896,0.142577,0.234504,0.085848,0.04053,0.022801,0.028807,0.037238,80.839364,11.525811,3.276448,134.257582,52.07837,12.21257,142.257243,0.01237,0.423155,0.238056,2.928564,14.342212,1.978687,1.410754,0.159923,1.438601,383.494343,0.755151,0.021819,0.003105,quarterly
DOW,2026-06-30,0.179209,0.114539,0.059626,0.14431,0.057807,0.04546,0.011707,0.038898,0.021771,28.783424,1.716246,1.308502,29.68934,21.466962,3.097904,53.590628,0.034742,1.224968,0.315466,7.558166,5.147619,1.749309,1.143073,0.196347,1.88056,262.052847,1.846047,0.052266,,quarterly
DPZ,2026-06-30,0.400383,0.190846,0.113653,0.2023,0.139551,-0.034087,0.076985,0.195952,0.188384,71.695373,8.148382,-2.443896,58.390159,60.797422,12.29934,88.135343,0.013948,-1.286363,2.905228,19.528823,4.804612,1.538076,1.410573,0.677373,3.939637,60.861184,1.404405,0.020064,0.010346,quarterly
DRI,2026-05-31,0.232898,0.144563,0.108879,0.178068,0.099145,0.18342,0.031479,0.102925,0.052338,58.686146,6.389701,10.764222,64.448116,47.872603,8.524588,85.981117,0.01704,2.865187,0.491736,3.243431,,0.313735,0.205164,0.289122,83.381166,-8.596537,1.407014,0.05405,0.003388,quarterly
DTE,2026-03-31,0.203462,0.080529,0.048045,0.187707,-0.062828,0.020044,0.004482,0.010609,0.009545,108.273191,5.201999,2.170208,-82.797146,56.524847,10.610091,-168.874542,0.009236,2.188753,0.489439,27.421762,1.645051,0.952711,0.685683,0.09329,2.437648,114.348651,3.668016,0.239059,,quarterly
DUK,2026-06-30,0.548209,0.275026,0.143836,0.537408,-0.183351,0.019945,0.00543,0.012633,0.012483,83.917948,12.07039,1.67373,-65.832183,45.651077,24.533244,-133.804879,0.011916,1.684097,0.458529,22.197304,2.363636,0.661152,0.426589,0.037754,1.693887,186.216921,2.527473,0.546891,,quarterly
DVA,2026-06-30,0.326971,0.160609,0.074674,0.21189,0.090108,-0.346881,0.014986,0.044966,0.039401,44.198948,3.300504,-15.33176,36.628358,34.913432,7.397799,82.099347,0.022625,-17.522604,0.757022,13.427698,3.895126,1.467252,1.414183,0.200688,1.440617,167.250318,1.846551,0.047781,0.007324,quarterly
DVN,2026-06-30,0.368613,0.342861,0.257651,0.531751,-0.05029,0.045776,0.026956,0.038364,0.039591,27.98064,7.209249,1.280835,-143.353894,16.33215,8.684643,-172.691687,0.035739,0.281314,0.165658,2.631592,17.555556,0.717187,0.666619,0.104622,2.345667,56.620347,1.922554,0.545638,0.009573,quarterly
DXCM,2026-06-30,0.634363,0.243274,0.190385,0.29708,0.141012,0.095026,0.038588,0.064626,0.078217,135.35602,25.769783,12.862281,182.748968,85.332093,25.350493,179.775527,0.007388,0.533455,0.216628,0.354515,106.833333,1.733299,1.425203,0.202686,1.040312,581.728045,1.08069,0.064736,0.029807,quarterly
EA,2026-06-30,0.862034,0.258308,0.199899,0.306143,-0.160121,0.056081,0.031561,0.044865,0.0543,133.313956,26.649366,7.476429,-166.432832,86.172106,26.380987,-164.756731,0.007501,0.218675,0.123062,,531.0,1.208929,,0.157882,3.790076,,-0.609572,0.038268,0.077039,quarterly
EBAY,2026-06-30,0.734525,0.215699,0.175495,0.265156,0.095724,0.117899,0.03067,0.049222,0.060626,90.488728,15.880281,10.668553,165.896001,64.500363,17.102681,178.666004,0.011051,1.528403,0.397591,5.32491,11.230769,1.018839,,0.174762,2.261183,,0.950909,0.071155,0.058073,quarterly
ECHO,2026-06-30,0.343676,0.142793,2.366327,2.927663,-0.028595,0.597832,0.214643,0.013974,0.28924,3.208233,7.591728,1.917985,-265.495094,4.22879,12.380473,-432.965333,0.311698,1.239979,0.445196,1.622926,20.2285,5.200833,5.116381,0.090707,3.948888,103.395768,-0.001177,0.025809,0.003672,quarterly
ECL,2026-06-30,0.440708,0.182158,0.121144,0.238008,0.110839,0.053195,0.017873,0.026889,0.032664,141.21769,17.107701,7.512042,154.346838,80.264295,19.103535,172.353386,0.007081,1.384198,0.465092,7.651442,8.846154,1.840744,1.566148,0.147539,1.278825,209.462131,1.363806,0.054378,0.007882,quarterly
ED,2026-06-30,0.517818,0.141558,0.075694,0.319489,0.121897,0.011976,0.004028,0.008123,0.010154,126.594261,9.582461,1.51604,78.610952,50.646949,16.181134,132.744019,0.007899,1.101131,0.370395,20.264615,2.299363,1.268211,1.168472,0.053218,1.590074,-52.293478,5.834416,0.319735,,quarterly
EFX,2026-06-30,0.544909,0.184813,0.10817,0.298865,0.120464,0.041984,0.015348,0.02299,0.033849,101.494425,10.978663,4.261181,91.13684,47.43461,14.176534,117.68323,0.009853,1.248139,0.456284,10.425113,5.295987,0.602285,,0.14189,1.539946,,1.847743,0.079407,0.010117,quarterly
EG,2026-06-30,,,0.142967,,0.074169,0.036228,0.008992,,,25.711583,3.675902,0.931482,49.561293,,3.667973,49.454394,0.038893,0.232599,0.057732,,19.972222,,,0.062895,0.365865,,0.518784,,0.005627,quarterly
EIX,2026-06-30,0.493229,0.250631,0.128758,0.46431,-0.132201,0.032004,0.005833,0.015164,0.013975,37.939503,4.885027,1.21422,-36.951495,32.738042,15.20061,-114.981006,0.026358,2.483884,0.452735,20.84083,2.31323,0.662189,0.611071,0.045305,2.395272,-110.786769,2.263815,0.423686,,quarterly
EL,2026-06-30,0.754618,0.07003,-0.031982,0.048249,0.117177,-0.030478,-0.00587,0.022858,-0.0017,-291.403794,9.319779,8.881461,79.536094,226.004805,10.90456,93.060802,-0.003432,2.429322,0.467868,21.76,-0.283951,1.221634,0.900818,0.183534,2.389328,325.419917,-4.965517,0.041632,0.01544,quarterly
ELV,2026-06-30,,,0.028985,,0.032215,0.032596,0.011571,,,60.917593,1.76571,1.985661,54.810848,,1.640279,50.91724,0.016416,0.691665,0.245527,,6.321429,,,0.3992,4.592303,,1.307587,0.005686,0.001486,quarterly
EME,2026-06-30,0.198332,0.106179,0.078313,0.116705,0.05009,0.098971,0.039745,0.098196,0.110979,81.959099,6.418446,8.111584,128.139037,54.373239,6.345632,126.68537,0.012201,0.132861,0.053355,,,1.27685,1.247438,0.507517,1.011098,264.10303,0.716768,0.006042,0.000857,quarterly
EMR,2026-06-30,0.544839,0.227375,0.147342,0.287913,0.271291,0.035232,0.017011,0.025932,0.032638,116.469886,17.160964,4.103507,63.256715,67.899056,19.54902,72.059286,0.008586,0.650424,0.31404,7.792587,9.327273,0.896305,0.663015,0.115452,1.594046,377.083418,1.983287,0.020932,0.013954,quarterly
EOG,2026-06-30,0.717212,0.406051,0.320697,0.568048,0.339887,0.085488,0.049723,0.067481,0.072116,27.772702,8.906621,2.374242,26.204656,16.372195,9.300193,27.362605,0.036007,0.258913,0.150594,0.625699,53.223881,1.851359,1.677038,0.155048,2.406914,-219.735725,1.714023,0.209795,0.007064,quarterly
EPAM,2026-06-30,0.303632,0.107595,0.072789,0.13059,-0.012467,0.029266,0.022514,0.031473,0.037768,57.107915,4.156809,1.671323,-333.423062,28.385396,3.70686,-297.332113,0.017511,0.043267,0.033284,,78.183416,2.754708,,0.3093,1.115715,,-0.023539,0.010754,0.032798,quarterly
EQIX,2026-06-30,0.531429,0.264381,0.182476,0.468952,-0.194667,0.033306,0.011661,0.018567,0.018091,210.391117,38.39137,7.007186,-197.215939,100.057141,46.922035,-241.037849,0.004753,1.623974,0.568605,15.215272,4.463576,1.131414,,0.063906,2.089968,,2.227557,0.601143,0.055238,quarterly
EQR,2026-06-30,0.613833,0.278798,0.145386,0.576416,0.255792,0.010855,0.005629,0.011627,0.0106,215.634832,31.350249,2.340611,122.561646,72.454639,41.764031,163.273613,0.004637,0.8146,0.422454,18.176776,2.460903,0.126775,,0.038719,,,2.644964,0.128749,0.012195,quarterly
EQT,2026-06-30,0.334433,0.203482,0.119767,0.640925,0.225367,0.00837,0.005117,0.008926,0.011166,147.928592,17.71699,1.23821,78.613825,35.727662,22.898754,101.606345,0.00676,0.22391,0.136873,4.899,5.855816,0.672937,,0.042722,2.113777,,4.956897,0.368306,0.01347,quarterly
ERIE,2026-06-30,,,0.137193,,0.131949,0.073079,0.050687,,,69.330611,9.511684,5.066622,72.085796,,9.327648,70.691054,0.014424,,,,,,,0.369456,,,,0.031594,,quarterly
ES,2026-03-31,0.887448,0.238919,0.134722,0.444133,0.069935,0.036709,0.009378,0.017212,0.020838,42.034759,5.663,1.54307,80.975241,26.818824,11.911121,170.317132,0.02379,1.835327,0.468874,15.030607,3.223211,0.651025,0.591411,0.069612,2.164739,-675.623567,2.182328,0.224072,,quarterly
ESS,2026-06-30,0.684175,0.220297,0.127721,0.588565,0.455016,0.011734,0.004843,0.008962,0.011078,298.026395,38.064334,3.497101,83.654981,84.166505,49.537438,108.86972,0.003355,1.267736,0.523189,23.069213,2.001406,0.309578,,0.037916,49.569126,,4.067481,0.064488,0.005914,quarterly
ETN,2026-06-30,0.334662,0.16317,0.096237,0.204431,0.10245,0.040535,0.014613,0.024505,0.03038,200.950878,19.33896,8.145585,188.765069,106.454514,21.762592,212.421822,0.004976,1.052928,0.379595,11.541284,6.691542,1.240406,0.78554,0.151848,1.278435,285.247993,1.372716,0.029657,,quarterly
ETR,2026-03-31,0.475291,0.185179,0.122601,0.474649,-0.493805,0.022529,0.005155,0.009377,0.012689,124.712025,15.289775,2.809639,-30.963156,52.005369,24.684305,-49.987918,0.008018,1.963391,0.449295,20.150238,2.260323,0.957118,0.726303,0.042051,4.312539,-104.210304,2.12117,0.753862,,quarterly
EVRG,2026-06-30,0.527898,0.25085,0.143324,0.480101,-0.407506,0.021031,0.006081,0.013091,0.013475,85.556505,12.262282,1.79934,-30.091033,48.491459,23.280814,-57.129967,0.011688,1.613812,0.466662,22.877256,2.404461,0.359126,0.20828,0.042432,118.11811,176.931556,1.621395,0.639891,0.005066,quarterly
EW,2026-06-30,0.774612,0.298392,0.138943,0.322918,0.336014,0.022782,0.017444,0.021509,0.042033,210.306182,29.220601,4.79121,86.962505,84.367954,27.243919,81.079767,0.004755,0.06634,0.050796,,,4.522117,3.771934,0.125549,2.259865,1017.924623,2.694915,0.038426,0.024239,quarterly
EXC,2026-06-30,0.397185,0.164069,0.066365,0.341378,-0.042735,0.013334,0.003286,0.009508,0.009588,109.451471,7.263748,1.459451,-169.971696,46.287149,15.801395,-369.752634,0.009136,1.773621,0.437102,24.96809,1.862369,1.087589,0.988344,0.049517,1.950637,-74.784657,4.911616,0.368694,,quarterly
EXE,2026-06-30,0.265878,0.243581,0.176351,0.485473,0.114865,0.026893,0.018623,0.02425,0.028526,38.801275,6.842657,1.043496,59.571369,16.227743,7.878131,68.58608,0.025772,0.192066,0.133,2.102992,16.627907,0.958516,,0.105601,3.453909,,2.099617,0.255405,0.004054,quarterly
EXPD,2026-06-30,0.122968,0.099824,0.076014,0.103449,0.047582,0.125655,0.051846,0.12303,0.135749,93.230602,7.086818,11.714913,148.93825,67.230867,6.954965,146.167196,0.010726,0.267751,0.110476,,,1.565586,,0.682064,1.33112,,0.671009,0.003424,0.009194,quarterly
EXPE,2026-06-30,0.906605,0.189803,0.203476,0.304983,0.296408,0.72622,0.030212,0.104647,0.124957,38.18698,7.770143,27.732149,26.214362,25.343771,7.72941,26.076937,0.026187,4.702233,0.195623,,17.836066,0.800924,,0.148481,0.74654,,1.683371,0.046118,0.026419,quarterly
EXR,2026-03-31,0.700745,0.429371,0.281506,0.71126,0.568907,0.018074,0.008281,0.0133,0.015385,125.207991,35.246839,2.263063,61.955331,71.478381,50.839733,89.363828,0.007987,1.045583,0.479055,21.403248,2.646559,1.129369,,0.029417,7.419197,,2.032787,0.003335,0.008885,quarterly
F,2026-06-30,0.068784,0.01321,-0.027476,-0.004887,0.040645,-0.037151,-0.004647,0.002109,-0.009392,-39.69566,1.090694,1.474737,26.834509,-821.559921,4.01458,98.77134,-0.025192,4.571685,0.571903,-603.237288,-4.569863,1.088555,0.93155,0.169145,0.762597,396.934295,-3.274303,0.049321,0.002091,quarterly
FANG,2026-06-30,0.464072,0.454661,0.340633,0.715837,0.390045,0.049657,0.026802,0.038783,0.041695,28.629865,9.752291,1.421673,25.002972,18.234965,13.053265,33.466027,0.034929,0.332823,0.179641,3.072566,48.053571,0.466714,0.454914,0.078684,2.862694,-20.050929,1.907014,0.259548,,quarterly
FAST,2026-06-30,0.445599,0.210231,0.160375,0.229922,0.084461,0.094079,0.072315,0.09133,0.114083,146.914457,23.561462,13.821636,278.96257,102.907537,23.660671,280.137183,0.006807,0.108506,0.083404,,419.416667,4.179519,2.211726,0.450911,1.532618,606.492,0.694096,0.026855,0.001089,quarterly
FCX,2026-06-30,0.310997,0.282401,0.139991,0.362498,0.134301,0.048933,0.016475,0.04833,0.038301,104.403144,14.615549,5.108792,108.827006,47.537163,17.232137,128.310055,0.009578,0.515142,0.173439,2.082418,21.315789,2.066074,0.919049,0.117685,9.817039,284.533134,2.081301,0.157064,0.004979,quarterly
FDS,2026-05-31,0.498826,0.266971,0.203426,0.356249,0.407831,0.062352,0.030229,0.039957,0.053708,79.661669,16.205291,4.96709,39.735352,51.19539,18.238314,44.720321,0.012553,0.772843,0.374676,4.964027,12.136715,0.683302,,0.148597,2.148067,,2.245301,0.048923,0.035666,quarterly
FDX,2026-05-31,0.226856,0.083537,0.063862,0.133003,0.07162,0.050463,0.016142,0.027603,0.027854,44.999985,2.873794,2.270831,40.125614,30.436223,4.048102,56.521987,0.022222,1.356937,0.434044,3.729104,,1.475412,1.440038,0.252757,1.973406,115.901275,2.044458,0.058943,0.00164,quarterly
FDXF,2025-11-30,0.267415,0.101917,0.056101,0.101917,,0.03337,0.019283,0.044358,0.040656,149.680111,8.397201,4.994887,,110.438597,11.255547,,0.006681,0.439933,0.254218,,,1.541231,1.514518,0.343725,1.876316,160.289567,,,,quarterly
FE,2026-06-30,0.643013,0.122893,0.078303,0.327352,-0.096792,0.022265,0.004947,0.008549,0.013941,90.934869,7.120512,2.024681,-73.565288,47.01017,15.388865,-158.98945,0.010997,2.240665,0.49781,24.019934,2.557895,0.540655,0.446356,0.063173,3.954839,-342.205328,3.434028,0.365688,,quarterly
FERG,2026-06-30,0.309907,0.102274,0.076106,0.11393,-0.022626,0.107402,0.034502,0.063447,0.069472,62.285381,4.740266,6.689576,-209.505373,48.076297,5.477325,-242.081151,0.016055,1.110627,0.356784,4.480441,17.269231,1.729183,0.929277,0.453349,2.056639,240.392533,-0.084084,0.016227,0.002171,quarterly
FFIV,2026-06-30,0.822485,0.246495,0.240681,0.273577,0.324371,0.054,0.030488,0.050905,0.042151,117.50097,28.280306,6.345011,87.185028,97.653813,26.715818,82.361887,0.008511,0.065456,0.036957,,,1.6648,1.593118,0.126676,2.018011,158.844794,1.51889,0.041197,0.075755,quarterly
FICO,2026-06-30,0.870931,0.537874,0.351789,0.561793,0.549316,-0.057887,0.116411,0.184028,0.289848,86.480878,30.423032,-5.006143,55.383518,68.277582,38.357858,69.828449,0.011563,-1.366323,2.747661,14.082874,6.25509,1.183003,,0.33091,1.137812,,1.604068,0.014978,0.077621,quarterly
FIS,2026-06-30,0.347646,0.150133,0.068404,0.343796,0.070477,0.014403,0.005237,0.010715,0.014456,79.521402,5.439575,1.14537,77.182537,33.492202,11.514494,163.380026,0.012575,1.325352,0.48193,17.596899,2.475,0.534617,,0.076566,1.399503,,2.138528,0.075807,0.016879,quarterly
FISV,2026-06-30,0.54743,0.190665,0.118481,0.379441,0.18613,0.023305,0.007752,0.01536,0.020343,40.022441,4.741888,0.932726,25.476213,,,,0.024986,1.042001,0.346587,12.608068,3.06117,1.043485,,0.065425,1.353799,,2.365231,0.094104,0.022109,quarterly
FITB,2026-06-30,,,0.24961,,0.817077,0.02323,0.002668,,,59.904726,14.952847,1.391557,18.300414,,20.69046,25.322534,0.016693,0.629343,0.072293,,,,,0.01069,,,3.490637,0.054222,0.0134,quarterly
FIX,2026-06-30,0.258517,0.170618,0.135226,0.187096,0.305624,0.13726,0.052028,0.132831,0.152641,131.609134,17.796993,18.064656,58.23171,92.450928,17.297166,56.596276,0.007598,0.10196,0.038648,,395.045233,1.213816,1.191839,0.384747,0.995988,265.913038,2.58021,0.043288,0.002819,quarterly
FLEX,2026-03-31,0.093888,0.053096,0.033436,0.066738,0.02822,0.0486,0.011333,0.035422,0.036738,160.335675,5.360963,7.792364,189.971179,86.520875,5.77423,204.615719,0.006237,0.839036,0.195648,2.729459,6.833333,1.359188,0.872753,0.338939,1.597991,109.349066,1.652,0.027016,,quarterly
FOX,2026-06-30,,0.25736,0.164055,0.266857,0.172365,0.059426,0.030736,0.044926,0.051123,35.235075,5.780493,2.093863,33.536415,24.714947,6.595347,38.263912,0.028381,0.650843,0.336625,2.136121,11.01087,3.169479,2.986877,0.18735,1.219103,,1.254703,0.033476,0.009972,quarterly
FOXA,2026-06-30,,0.25736,0.164055,0.266857,0.172365,0.059426,0.030736,0.044926,0.051123,39.329759,6.452247,2.337192,37.433697,27.220154,7.263878,42.142497,0.025426,0.650843,0.336625,2.136121,11.01087,3.169479,2.986877,0.18735,1.219103,,1.254703,0.033476,0.009972,quarterly
FRT,2026-06-30,0.691492,0.351632,0.255289,0.712481,0.249227,0.025472,0.00946,0.014806,0.015911,113.131174,28.881128,2.881701,115.88282,61.820194,44.045687,176.729192,0.008839,1.44205,0.535573,19.485693,2.770777,1.052749,,0.037057,1.280793,,1.793855,0.208724,0.010628,quarterly
FSLR,2026-06-30,0.572816,0.426424,0.400087,0.580183,-0.289929,0.040945,0.031562,0.039998,0.04123,49.837495,19.93933,2.04061,-68.773143,31.865705,18.487934,-63.767103,0.020065,0.018799,0.014491,,83.577207,2.51784,1.842652,0.078887,0.715471,1383.472989,-0.342905,0.152737,0.00667,quarterly
FTNT,2026-06-30,0.802383,0.336589,0.296059,0.373456,0.471507,0.390884,0.055833,0.282829,0.120198,205.531794,60.849615,80.339067,129.053363,158.349539,59.136544,125.420182,0.004865,0.320353,0.045758,,226.0625,1.282495,1.194431,0.188587,1.406911,389.127166,1.72126,0.038088,0.038723,quarterly
FTV,2026-06-30,0.633935,0.191375,0.143417,0.294858,0.260941,0.025955,0.013543,0.019221,0.020323,105.600368,15.144911,2.740807,58.039615,61.359423,18.092302,69.334861,0.00947,0.579035,0.302135,9.694187,,1.241334,0.999767,0.09443,1.667376,112.452274,1.819453,,0.021791,quarterly
GD,2026-06-30,0.154889,0.10359,0.082305,0.119696,0.116787,0.043242,0.019281,0.03505,0.035171,82.345009,6.777367,3.560733,58.03172,59.586559,7.132292,61.070793,0.012144,0.353351,0.157555,1.886781,29.714286,1.440874,0.956088,0.234264,5.877398,252.799568,1.62069,0.016603,0.004754,quarterly
GDDY,2026-06-30,0.638059,0.27057,0.184977,0.283282,0.33698,35.835821,0.030025,0.070351,0.072687,51.408101,9.509311,1842.251501,28.219216,40.745133,11.542362,34.252367,0.019452,573.343284,0.480379,7.122382,9.475936,0.632125,,0.162319,13.972013,,1.842982,0.003929,0.054083,quarterly
GE,2026-06-30,0.310983,0.191789,0.177555,0.249401,0.214264,0.134354,0.018563,0.059462,0.03457,137.584287,24.428735,18.484964,114.012154,101.10747,25.21627,117.687681,0.007268,1.085998,0.150049,2.947432,14.027907,0.981894,0.674186,0.104549,1.363571,515.365086,1.348101,0.025097,,quarterly
GEHC,2026-06-30,0.411598,0.139403,0.10578,0.18266,0.012845,0.051025,0.015035,0.029014,0.027881,51.726139,5.471598,2.639329,425.979964,38.95723,7.115913,553.994722,0.019333,0.960456,0.28301,8.287487,7.078947,1.264394,0.96531,0.142136,1.497595,156.077157,0.3,0.018889,0.0085,quarterly
GEN,2026-06-30,0.77021,0.355539,0.160928,0.426647,0.321856,0.080949,0.013743,0.029243,0.034592,80.767481,12.997761,6.53803,40.38374,43.8737,18.71857,58.158161,0.012381,3.078313,0.522628,13.373684,3.604839,0.465834,,0.0854,5.685106,,2.018605,0.002994,0.040419,quarterly
GEV,2026-06-30,0.212626,0.058988,0.060159,0.096542,0.459834,0.055867,0.008267,0.031155,0.026231,374.912374,22.554167,20.945176,49.048466,226.305467,21.847934,47.512625,0.002667,0.233671,0.034579,,,0.849597,0.635339,0.137426,1.262392,511.648801,8.221557,0.034762,,quarterly
GILD,2026-06-30,0.797642,0.325388,-1.345124,-1.193003,0.439959,-0.887386,-0.212633,0.066686,-0.260993,-17.733392,23.853605,15.736361,54.217792,-22.280554,26.580761,60.416451,-0.056391,2.218972,0.531705,-2.477925,-40.51417,1.265426,1.088203,0.158077,1.54362,532.109443,-0.340415,0.017942,0.029604,quarterly
GIS,2026-05-31,0.347861,0.155198,-0.435591,-0.414418,0.079747,-0.272501,-0.066893,0.030533,-0.088174,-9.670672,4.212457,2.635272,52.823018,-17.213573,7.13361,89.453453,-0.103405,1.891917,0.464421,-6.849291,-11.229589,0.681758,0.398636,0.153568,2.799126,-89.566208,-0.274914,0.040003,0.002994,quarterly
GL,2026-06-30,,,0.179872,,0.186011,0.046744,0.009117,,,46.315795,8.330925,2.164982,44.787328,,10.188656,54.774552,0.021591,0.478125,0.093251,,10.8443,,,0.050684,,,1.091452,0.010311,,quarterly
GLW,2026-06-30,0.361376,0.154939,0.124084,0.25172,0.287458,0.044506,0.016962,0.031213,0.027585,231.342109,28.705935,10.296197,99.861188,120.601613,30.357875,105.607899,0.004323,0.746736,0.284592,5.220459,7.904255,1.813154,1.244145,0.136697,1.536494,372.668532,3.071556,0.093674,0.029967,quarterly
GM,2026-06-30,0.076125,0.030379,0.027173,0.100404,0.0228,0.021048,0.004616,0.006642,0.009247,56.970049,1.548035,1.199128,67.895812,36.876922,3.702589,162.393166,0.017553,2.059629,0.451638,22.306719,11.384106,1.136047,0.971332,0.169858,0.779137,362.430344,4.868966,0.109503,,quarterly
GNRC,2026-06-30,0.444658,0.179319,0.122065,0.225736,0.053618,0.049779,0.024816,0.038536,0.045065,85.533939,10.440664,4.257758,194.723916,50.507944,11.401442,212.642931,0.011691,0.526025,0.262242,3.676976,12.300768,2.04475,1.003735,0.203305,1.753591,590.553692,0.846186,0.049671,0.011934,quarterly
GOOG,2026-06-30,0.61649,0.340329,0.936534,1.228213,-0.048875,0.17517,0.121687,0.045746,0.175947,37.543447,35.160706,6.576493,-719.404264,27.923162,34.295589,-701.703567,0.026636,0.176049,0.122297,0.287178,109.570423,2.723981,2.644757,0.129933,1.731782,129.198107,0.34823,0.375004,0.066421,quarterly
GOOGL,2026-06-30,0.61649,0.340329,0.936534,1.228213,-0.048875,0.17517,0.121687,0.045746,0.175947,38.102659,35.684427,6.67445,-730.119842,28.349571,34.81931,-712.419145,0.026245,0.176049,0.122297,0.287178,109.570423,2.723981,2.644757,0.129933,1.731782,129.198107,0.34823,0.375004,0.066421,quarterly
GPC,2026-06-30,0.37796,0.062336,0.034811,0.072564,0.044724,0.050278,0.010806,0.033201,0.029507,77.593746,2.701118,3.901244,60.395191,50.107986,3.636026,81.299097,0.012888,1.4699,0.315922,9.318101,7.415502,1.158945,0.500389,0.310422,2.464218,148.844063,1.758664,0.016497,0.002682,quarterly
GPN,2026-06-30,0.61037,0.101518,0.003906,0.381197,0.12857,0.000561,0.000204,0.007224,0.007726,1735.289457,6.778036,0.97394,52.718529,32.794915,12.501308,97.233268,0.000576,1.019228,0.370516,14.334861,1.375743,0.824502,,0.052235,2.105783,,51.08465,0.070966,0.010753,quarterly
GRMN,2026-06-30,0.624117,0.304392,0.268,0.328553,0.136383,0.06002,0.047437,0.056742,0.065895,97.529462,26.137864,5.853704,191.651133,75.882851,24.931524,182.805859,0.010253,0.019709,0.015578,,,3.028367,2.084585,0.177006,1.753439,959.581581,0.744678,0.063191,0.022487,quarterly
GS,2026-06-30,,,0.325892,,0.275494,0.053999,0.003115,,,41.382536,13.486255,2.234634,48.952962,,1.959284,7.111891,0.024165,3.870061,0.223254,,,,,0.009559,0.088316,,0.921092,0.024683,0.021585,quarterly
GWW,2026-06-30,0.39514,0.160725,0.113523,0.176061,0.066321,0.137981,0.059264,0.092792,0.109358,104.664082,11.881802,14.441667,179.154735,70.416884,12.397635,186.93251,0.009554,0.677076,0.290809,2.057692,40.9,2.805426,1.696445,0.522042,1.777345,336.48365,0.778947,0.022107,0.004979,quarterly
HAL,2026-06-30,0.140707,0.119531,0.093455,0.186209,0.10308,0.048501,0.020675,0.030455,0.038514,52.484092,4.904884,2.54555,47.583201,32.16119,5.988713,58.097633,0.019053,0.744687,0.317446,4.805451,7.384615,2.018346,1.499236,0.221233,1.073052,310.416148,1.543071,0.041127,,quarterly
HAS,2026-06-30,0.682081,0.221569,0.14119,0.254739,0.194279,0.228162,0.026651,0.04599,0.059048,76.763603,10.838245,17.514554,55.787099,51.244794,13.054022,67.192248,0.013027,5.060976,0.591168,9.155012,5.488172,1.661284,1.455372,0.188763,1.51603,218.898638,1.657551,0.039751,0.022201,quarterly
HBAN,2026-06-30,,,0.256257,,0.362002,0.022284,0.00256,,,44.132307,11.309195,0.983454,31.240689,,14.455125,39.931051,0.022659,0.669722,0.076937,,,,,0.00999,,,1.544704,0.033839,0.017624,quarterly
HCA,2026-06-30,0.447553,0.151607,0.083984,0.199555,0.054572,-0.255796,0.026862,0.055098,0.06733,54.502562,4.577353,-13.941562,83.876678,36.278141,7.239489,132.658384,0.018348,-7.761518,0.815051,12.064652,5.163606,0.992953,0.89695,0.319842,1.64726,120.662935,1.374338,0.06085,0.004202,quarterly
HD,2026-07-31,0.336704,0.142893,0.09958,0.167255,0.094231,0.286815,0.043571,0.074252,0.09272,62.796249,6.253253,18.010888,66.360736,45.020604,7.529929,79.909077,0.015925,3.76524,0.571994,6.347408,11.831904,1.078084,0.310764,0.43755,7.484128,201.249873,1.130927,0.018387,0.003092,quarterly
HIG,2026-06-30,,,0.181564,,0.170653,0.066113,0.014753,,,27.52335,4.997245,1.819656,29.283039,,5.098938,29.87894,0.036333,0.222788,0.049714,,25.62,,,0.081254,0.508971,,0.916025,,,quarterly
HII,2026-06-30,0.126097,0.055295,0.060854,0.105325,-0.043885,0.039157,0.016401,0.019313,0.027963,51.692012,3.145681,2.024085,-71.67959,37.98594,4.00086,-91.166256,0.019345,0.552523,0.23143,7.472222,10.407407,1.230156,1.140524,0.269516,7.561947,-12.952295,-0.149038,0.034816,0.002926,quarterly
HLT,2026-06-30,0.319365,0.256809,0.144268,0.272972,0.130201,-0.076472,0.028474,0.086388,0.072815,142.757463,20.59536,-10.91688,158.181833,89.754489,24.500477,188.174929,0.007005,-2.224814,0.828391,13.524123,4.715847,0.649133,,0.197365,1.86648,,0.979253,0.011075,0.018258,quarterly
HOLX,2025-12-31,0.559649,0.22991,0.17093,0.311987,0.185913,0.034146,0.019508,0.024225,0.031266,,,,,,,,,0.480506,0.274522,1.042215,9.322464,4.040156,3.316409,0.114131,1.793564,589.073277,1.28364,0.033499,0.025673,quarterly
HON,2026-06-30,0.375862,0.183661,0.584628,0.84412,0.098878,0.306522,0.073464,0.026861,0.145743,11.516268,6.732733,3.529991,68.090983,11.154856,9.416034,95.228343,0.086834,1.833522,0.439439,3.076182,21.741047,1.210615,0.934638,0.125659,1.165767,313.760456,0.224569,0.032411,0.005247,quarterly
HONA,2026-06-30,0.349624,0.149491,0.054401,0.154799,0.099071,-0.043181,0.012699,0.045097,0.044737,210.786454,11.466932,-9.10189,115.744347,95.742092,14.820757,149.597019,0.004744,-2.788485,0.820092,21.131429,2.89,1.52581,0.833514,0.233442,1.836718,374.087838,2.321138,0.0272,0.007961,quarterly
HOOD,2026-06-30,0.819572,0.438838,0.428899,0.456422,0.53211,0.059177,0.00992,0.014413,0.047937,192.028599,82.36089,11.363718,154.781672,178.909616,81.658288,153.461266,0.005208,2.395148,0.401521,29.051926,,1.223349,,0.02313,0.055728,,1.283422,0.018349,0.080275,quarterly
HPE,2026-07-31,0.40113,0.119872,0.126095,0.190617,0.073364,0.058083,0.018422,0.027365,0.02754,52.37452,6.604173,3.042044,90.018706,40.731856,7.764166,105.830089,0.019093,0.763521,0.242165,6.025773,,1.112663,0.724208,0.146096,2.098093,78.600389,1.065584,0.061001,0.01351,quarterly
HPQ,2026-07-31,0.187855,0.060216,0.042164,0.073611,0.098743,-7.184783,0.014464,0.08623,0.077526,46.931333,1.978798,-337.191424,20.0398,32.228432,2.372368,24.025588,0.021308,-112.380435,0.226231,4.324957,8.125,0.787504,0.483585,0.343034,2.187081,-150.206827,2.624811,0.011928,0.00606,quarterly
HRL,2026-07-31,0.159224,0.049982,0.020117,0.063897,0.058229,0.007595,0.004482,0.007982,0.010754,192.432931,3.871164,1.461578,66.481903,71.169886,4.547511,78.097223,0.005197,0.364014,0.2148,10.651594,6.253731,1.881673,0.92032,0.22279,4.172408,252.191232,4.038726,0.023018,0.001637,quarterly
HSIC,2026-06-30,0.318392,0.057837,0.027183,0.076345,0.05668,0.029775,0.008259,0.022717,0.022805,100.586431,2.734275,2.994971,48.240431,55.595171,4.244397,74.883291,0.009942,1.207792,0.335032,12.518939,4.186047,1.318807,0.728498,0.30384,1.961429,329.177452,2.574468,0.013302,0.003759,quarterly
HST,2026-06-30,0.540244,0.178659,0.144512,0.310976,0.232927,0.037101,0.017883,0.02377,0.027541,64.020363,9.251723,2.375208,39.71944,37.029639,11.515315,49.437476,0.01562,0.883688,0.425941,6.135294,5.465517,1.338497,,0.123746,,,2.122363,0.07378,0.003659,quarterly
HSY,2026-06-30,0.453236,0.230601,0.164196,0.279886,0.11821,0.100306,0.032753,0.04952,0.06064,74.541785,12.239476,7.476985,103.54025,50.308687,14.080717,119.11628,0.013415,1.298206,0.42391,6.080951,11.551351,1.180097,0.660087,0.199477,3.071858,309.607098,0.916207,0.032228,0.006356,quarterly
HUBB,2026-06-30,0.358103,0.203645,0.140437,0.239748,0.124314,0.061454,0.020293,0.029943,0.034364,98.219362,13.793629,6.035925,110.95834,70.138725,16.815593,135.267542,0.010181,1.420435,0.469062,12.168616,8.767263,1.609356,0.931729,0.144502,1.487358,450.35703,1.039101,0.021615,0.004381,quarterly
HUM,2026-06-30,,,0.016982,,0.044877,0.036121,0.012134,,,66.826246,1.134838,2.413856,25.287576,,0.91307,20.34592,0.014964,0.741529,0.249091,,5.832487,,,0.714508,7.175944,,2.832853,0.00323,0.001591,quarterly
HWM,2026-06-30,0.37338,0.279152,0.209658,0.307813,0.188064,0.093161,0.040299,0.057169,0.063956,171.521948,35.961021,15.979191,191.216535,122.058313,37.571149,199.778116,0.00583,0.813678,0.351973,5.022959,13.72549,1.8183,0.871639,0.192212,2.449038,385.510515,1.09176,0.040832,0.014134,quarterly
IBKR,2026-06-30,0.891856,0.856475,0.104139,0.888518,2.068758,0.052846,0.001262,0.39852,0.038654,495.253346,51.575115,26.171925,24.930469,-10.384801,-9.227083,-4.460203,0.002019,0.002202,5.3e-05,,2.234945,1.220922,,0.012114,0.027502,,19.923077,0.006008,0.010681,quarterly
IBM,2026-06-30,0.577264,0.165773,0.126151,0.251369,0.129006,0.062841,0.014234,0.025776,0.025519,99.892355,12.6015,6.277341,97.681549,63.397299,15.936135,123.530239,0.010011,1.894578,0.429142,12.706305,6.100823,0.790766,0.742147,0.112834,2.83951,-4.728244,1.199538,0.022317,0.029018,quarterly
ICE,2026-06-30,0.530324,0.388535,0.2653,0.520908,0.480753,0.032419,0.005498,0.021517,0.027799,91.106473,24.17059,2.953538,50.276498,56.800105,29.587648,61.544354,0.010976,0.69463,0.117804,9.983519,7.278049,1.012341,,0.020723,1.932049,,2.085595,0.072556,0.018554,quarterly
IDXX,2026-06-30,0.640388,0.349804,0.278166,0.385059,0.263544,0.209858,0.098309,0.133715,0.198363,119.110313,33.132382,24.996269,125.718471,87.964327,33.871456,128.522833,0.008396,0.679709,0.318412,1.647816,41.976625,1.172268,0.868168,0.353419,1.94007,407.123512,1.025856,0.021814,0.013224,quarterly
IEX,2026-06-30,0.463611,0.220182,0.155768,0.276559,0.192266,0.035778,0.020693,0.026622,0.031693,115.011267,17.915072,4.114924,93.17862,69.73847,19.286785,100.313076,0.008695,0.470434,0.272078,4.860958,13.324503,3.049003,2.154402,0.132843,1.81829,412.582982,1.3947,0.024984,0.006626,quarterly
IFF,2026-06-30,0.43654,0.08393,0.025589,0.167861,0.145343,0.003578,0.001988,0.004298,0.005303,423.344824,10.832774,1.514542,74.532539,82.043417,13.771873,94.754369,0.002362,0.446694,0.248191,15.640244,2.391304,2.060771,1.719501,0.077681,1.372191,412.196863,8.44,0.070624,0.017912,quarterly
INCY,2026-06-30,0.937277,0.418383,0.349816,0.465086,0.295841,0.092302,0.074385,0.086023,0.114639,43.374038,15.172916,4.003522,51.287441,26.847334,12.486317,42.206208,0.023055,0.006032,0.004861,,1292.261168,4.593088,4.507315,0.21264,1.487766,-233.889897,0.866902,0.007415,0.04018,quarterly
INTC,2026-06-30,0.403584,0.1219,-0.68409,-0.451017,0.275918,-0.126031,-0.0545,0.014238,-0.062949,-52.032174,35.594679,6.557664,129.004715,-80.311989,36.222062,131.278519,-0.019219,0.577289,0.249641,-5.177756,-32.70405,1.603953,1.253743,0.079668,3.999008,233.037888,-0.635004,0.158482,0.042535,quarterly
INTU,2026-07-31,0.781121,0.17639,0.083372,0.19017,0.28893,0.019113,0.009868,0.019364,0.022913,223.204648,18.608931,4.26618,64.406429,99.328841,18.889362,65.377011,0.00448,0.443397,0.228919,3.57971,8.714286,1.506543,,0.11836,6.9664,,3.666667,0.016766,0.116445,quarterly
INVH,2026-06-30,0.550996,0.251844,0.292752,0.679469,0.440582,0.02417,0.011863,0.010708,0.017577,72.624577,21.261014,1.75535,48.256667,48.046318,32.64598,74.097416,0.013769,0.941716,0.462194,16.637703,3.337036,1.002704,,0.040521,7.529335,,1.752896,0.072582,0.012502,quarterly
IP,2026-06-30,0.276482,0.007162,-0.001999,0.098767,-0.001166,-0.00083,-0.000329,0.000769,0.003619,-1523.837269,3.045644,1.265033,-2612.292462,46.312056,4.574125,-3923.292745,-0.000656,0.670218,0.265272,14.318718,0.801527,1.098321,0.837064,0.164399,1.591307,47.291372,-43.833333,0.088774,,quarterly
IQV,2026-06-30,0.328526,0.130266,0.058608,0.180861,0.082418,0.041484,0.008567,0.020549,0.02364,171.299744,10.039545,7.106261,121.813151,73.617382,13.314499,161.549255,0.005838,2.631826,0.543523,17.835443,2.527919,0.706296,,0.14618,2.686347,,2.179688,0.04533,0.021749,quarterly
IR,2026-06-30,0.421027,0.17498,0.125342,0.255369,0.131248,0.025233,0.014114,0.018935,0.025123,108.528034,13.603084,2.738447,103.644474,60.51357,15.45329,117.741538,0.009214,0.474851,0.265619,6.84805,6.167457,1.615845,1.151334,0.112608,1.352522,368.82428,1.152259,0.013178,0.008688,quarterly
IRM,2026-06-30,0.527561,0.19059,0.049989,0.313067,-0.037406,-0.079185,0.00462,0.02112,0.018143,335.59439,16.775899,-26.574133,-448.482049,85.277216,26.697467,-713.722401,0.00298,-15.313168,0.893398,26.989912,1.537659,0.726047,,0.092417,1.364417,,5.415193,0.308104,0.027987,quarterly
ISRG,2026-06-30,0.6778,0.33603,0.282854,0.415932,0.327905,0.045029,0.039187,0.041756,0.051278,172.254619,48.72299,7.756407,148.58868,111.278432,46.284256,141.151365,0.005805,,,,,4.962661,3.90764,0.138543,2.01779,866.906117,1.296907,0.038931,0.072572,quarterly
IT,2026-06-30,0.709472,0.226296,0.164384,0.251842,0.225762,-1.646288,0.038297,0.104781,0.106756,42.584035,7.000129,-70.105569,31.006611,32.157089,8.09849,35.87173,0.023483,-19.317619,0.449382,3.531566,16.926659,0.880169,,0.232975,1.394049,,1.445702,0.011888,0.024458,quarterly
ITW,2026-06-30,0.441293,0.266682,0.189491,0.292258,0.14671,0.281617,0.049412,0.068761,0.109952,94.148244,17.840228,26.513759,121.601931,68.088157,19.899282,135.636788,0.010622,3.349689,0.587729,7.044551,14.670886,1.108685,0.813707,0.260761,1.20679,472.575925,0.887117,0.02139,0.005115,quarterly
IVZ,2026-06-30,0.357033,0.199496,0.209411,0.280018,0.385462,0.030653,0.013915,0.014096,0.018527,35.257622,7.38332,1.080749,19.154453,34.61735,9.693465,25.147633,0.028363,0.74291,0.337257,14.974961,20.29661,6.815682,,0.06645,1.43782,,1.920481,0.016707,0.017145,quarterly
J,2026-06-30,0.198877,0.070332,0.033498,0.086617,0.105729,0.04183,0.011628,0.023722,0.037982,122.907116,4.117185,5.141183,38.940996,55.637821,4.819203,45.580789,0.008136,1.242051,0.345263,6.815474,5.414239,1.287413,,0.347115,2.454099,,3.340234,0.006164,0.004539,quarterly
JBHT,2026-06-30,0.126735,0.074229,0.051794,0.125901,0.072476,0.049502,0.022787,0.040301,0.039915,121.521775,6.294051,6.015554,86.843619,53.171485,6.694354,92.366891,0.008229,0.31318,0.144162,2.593214,15.473044,1.255203,,0.439949,2.391956,,2.045074,0.033446,0.005732,quarterly
JBL,2026-05-31,0.094618,0.052108,0.031425,0.070049,0.04011,0.207861,0.011545,0.072883,0.078561,114.149339,3.587141,23.727187,89.433243,55.42915,3.882764,96.803615,0.00876,2.941799,0.163399,3.292007,8.176471,0.98093,0.660418,0.367396,1.59894,-46.982543,1.945455,0.021026,,quarterly
JCI,2026-06-30,0.374055,0.161324,0.113245,0.171908,0.180526,0.055556,0.019325,0.038115,0.035486,115.875348,13.122261,6.437519,72.688974,84.131609,14.462903,80.115276,0.00863,0.702789,0.244459,7.769569,16.810345,0.999823,0.826553,0.170644,0.948924,211.667944,1.720961,0.014363,0.004385,quarterly
JKHY,2026-06-30,0.425215,0.212373,0.172707,0.304747,0.367746,0.054206,0.035358,0.052041,0.05473,97.610629,16.857996,5.291037,45.841391,55.653114,16.960113,46.119073,0.010245,0.019494,0.012716,0.14238,71.396977,1.166935,,0.204731,1.81225,,2.721228,0.102228,0.014765,quarterly
JNJ,2026-06-30,0.681904,0.283445,0.218649,0.355077,0.288226,0.065128,0.027524,0.04391,0.048082,117.57291,25.707171,7.657301,89.191019,75.545404,26.824439,93.067382,0.008505,0.577091,0.243886,3.183932,25.010676,1.088879,0.813007,0.125882,1.328888,543.100101,1.556921,0.052193,0.018096,quarterly
JPM,2026-06-30,,,0.400269,,-0.478374,0.056474,0.004218,,,43.937038,17.58662,2.481295,-36.763361,,14.520093,-30.353041,0.02276,1.422733,0.10627,,,,,0.010539,0.293722,,-1.195131,,,quarterly
KDP,2026-06-30,0.419483,0.085921,0.019428,0.182652,0.097414,0.005673,0.001621,0.00786,0.009443,296.698375,5.764286,1.683092,59.172991,61.982899,11.321271,116.217937,0.00337,1.197667,0.342163,21.320599,1.907738,0.479305,0.283905,0.083418,3.016508,-88.55374,6.302817,0.025038,0.004378,quarterly
KEY,2026-06-30,,,0.266492,,0.12199,0.02571,0.002661,,,43.628576,11.626673,1.121676,95.308778,,19.481646,159.699331,0.022921,0.739822,0.076559,,,,,0.009983,,,0.508841,0.013613,0.017277,quarterly
KEYS,2026-07-31,0.658722,0.249729,0.21506,0.329902,0.21831,0.060417,0.033303,0.042219,0.054034,143.657409,30.894903,8.679347,141.518589,93.912953,30.982117,141.918086,0.006961,0.417897,0.23035,,19.346154,2.023737,1.622894,0.154853,1.730084,571.916817,1.100756,0.018418,0.02546,quarterly
KHC,2026-06-30,0.323858,0.147078,-0.871926,0.188758,0.142606,-0.151641,-0.074728,0.014338,0.014313,-5.305801,4.626266,0.804579,32.440845,38.421045,7.252264,50.855179,-0.188473,0.527718,0.260056,14.028765,,1.061381,0.681849,0.085705,2.739283,32.384498,-0.198168,0.030182,0.00495,quarterly
KIM,2026-06-30,0.690551,0.365646,0.278311,0.644456,0.626943,0.014933,0.007653,0.010597,0.01043,98.587585,27.438013,1.472187,43.764744,65.997091,42.53222,67.840616,0.010143,0.862962,0.442257,22.651139,2.454657,5.232881,,0.027497,1.903252,,2.252671,,0.011126,quarterly
KKR,2026-06-30,0.188947,0.057574,0.123818,0.380279,0.566336,0.022562,0.00169,0.003242,0.006136,130.281689,16.131252,2.939376,28.483512,69.374013,26.381485,46.582706,0.007676,1.770224,0.132607,15.292061,2.767446,3.804791,,0.01365,11.865301,,4.643277,0.008586,0.039923,quarterly
KLAC,2026-06-30,0.613647,0.42486,0.372669,0.470605,0.223412,0.214661,0.07593,0.111714,0.118906,169.65203,63.224111,36.417682,282.993318,135.072184,63.565677,284.522179,0.005894,0.968801,0.342685,2.461895,22.145086,2.87619,2.028664,0.203746,1.265937,1069.635443,0.664997,0.024412,0.022448,quarterly
KMB,2026-06-30,0.382669,0.15111,0.082359,0.189067,0.132729,0.197143,0.018594,0.047521,0.054038,94.336769,7.76944,18.59782,58.536304,48.299473,9.131817,68.800689,0.0106,3.724,0.351245,7.021465,11.792453,0.909273,0.689038,0.225773,2.254575,-96.825044,2.631884,0.08403,0.009788,quarterly
KMI,2026-06-30,0.547688,0.300648,0.193656,0.439133,0.21845,0.02741,0.011706,0.016183,0.019674,81.777835,15.836807,2.241516,72.496302,53.145158,23.337811,106.833723,0.012228,1.01606,0.433947,16.302136,,0.458296,0.358243,0.060449,2.864363,-53.179442,2.260669,0.219343,,quarterly
KO,2026-06-30,0.628924,0.350897,0.330717,0.456652,0.381465,0.122407,0.041002,0.047755,0.070646,85.807899,28.378173,10.503457,74.392624,67.063005,30.624436,80.281144,0.011654,1.204509,0.403467,5.014075,15.837398,1.304603,1.120198,0.123978,3.585209,-691.194839,1.24791,0.031241,0.004559,quarterly
KR,2026-04-30,0.230437,0.030507,0.019579,0.055376,0.010429,0.139524,0.017955,0.049458,0.042881,39.60133,0.775352,5.52534,74.345116,22.804228,1.262809,121.085237,0.025252,3.737948,0.481031,4.896241,6.631579,0.79054,0.385531,0.917064,21.951928,-24.50763,1.964563,0.028035,0.001236,quarterly
KVUE,2026-06-30,0.581795,0.191656,0.115297,0.213906,0.157775,0.04321,0.017056,0.030369,0.033592,75.019682,8.649551,3.241635,54.822075,49.304937,10.546644,66.846116,0.01333,0.816166,0.322162,8.711584,6.805825,1.005454,0.711948,0.147933,1.597334,39.826729,1.508772,0.016182,0.008091,quarterly
L,2026-06-30,,,0.095793,,0.152751,0.023228,0.00509,,,49.61976,4.75322,1.152559,31.117477,,5.498851,35.998836,0.020153,0.467486,0.102444,,6.941748,,,0.053137,0.395377,,2.175676,0.055663,,quarterly
LDOS,2026-06-30,0.179245,0.117157,0.077666,0.131856,0.166959,0.066995,0.022646,0.037253,0.041895,45.265819,3.515599,3.03257,21.056636,36.449418,4.806077,28.78594,0.022092,1.24489,0.420803,8.790349,7.536232,1.629193,1.6,0.291581,1.535714,34.148623,2.240113,0.007021,0.005704,quarterly
LEN,2026-05-31,0.069896,0.052748,0.038385,0.057197,-0.038192,0.014096,0.009043,0.011303,0.013122,60.411115,2.318881,0.851576,-60.716518,51.035167,2.919046,-76.430985,0.016553,0.278032,0.178367,8.630777,,10.202434,3.152096,0.235594,5.387332,601.510552,-0.933101,0.002375,0.003309,quarterly
LH,2026-06-30,0.298035,0.122404,0.080057,0.167913,0.084131,0.034705,0.016118,0.024439,0.027274,87.075927,6.971022,3.02198,82.859444,52.206194,8.766096,104.196179,0.011484,0.786134,0.365098,9.12482,7.324059,1.795585,1.530971,0.20133,1.592853,211.547233,1.491463,0.035271,0.009354,quarterly
LHX,2026-06-30,0.255399,0.112906,0.099643,0.191634,0.1311,0.028106,0.013648,0.018171,0.024375,78.581935,7.830133,2.208586,59.726347,50.98759,9.77096,74.530497,0.012726,0.52753,0.25616,8.409938,6.503876,1.183868,1.034519,0.136965,3.015897,53.259864,1.5,0.018364,0.012413,quarterly
LII,2026-06-30,0.349123,0.230635,0.174076,0.250372,0.088203,0.20737,0.059186,0.100687,0.114062,46.153279,8.034189,9.570792,91.087542,37.187466,9.310704,105.56002,0.021667,1.560823,0.445479,3.76092,24.102041,1.569224,0.768279,0.34,1.68315,445.080099,0.639405,0.023102,0.003753,quarterly
LIN,2026-06-30,0.476693,0.273119,0.207557,0.384326,0.089676,0.049333,0.021823,0.028753,0.036097,110.080527,22.84802,5.430651,254.784221,66.358339,25.503205,284.392882,0.009084,0.716793,0.317072,6.47479,42.737705,0.879023,0.747442,0.10514,1.649325,167.615103,1.177905,0.154807,0.002045,quarterly
LITE,2026-06-30,0.474312,0.279936,-7.116864,-7.33489,0.194972,-1.542174,-0.980048,0.043064,-1.544375,-11.659609,82.979848,17.981141,425.599494,-11.168447,81.919332,420.160164,-0.085766,0.35987,0.228697,,-2070.75,1.677847,1.399032,0.137708,1.934076,274.416213,-0.050686,0.165756,0.040545,quarterly
LLY,2026-06-30,0.857752,0.542222,0.308827,0.565465,0.194785,0.209422,0.049865,0.10765,0.131762,144.907042,44.751261,30.346689,229.746472,82.64416,46.732405,239.917381,0.006901,1.620709,0.385907,3.53768,,1.354643,1.002891,0.161467,1.143953,1512.020512,1.506695,0.270523,0.008749,quarterly
LMT,2026-06-30,0.121916,0.123561,0.091512,0.141753,0.145392,0.209398,0.0294,0.071307,0.063249,67.047478,6.135631,14.039595,42.200606,49.172353,6.970352,47.94178,0.014915,2.342381,0.328871,5.888537,9.18797,1.192868,1.007602,0.321265,5.978248,50.612491,1.761983,0.01585,0.004835,quarterly
LNT,2026-03-31,0.425676,0.210304,0.189189,0.445946,0.310811,0.030181,0.009028,0.012927,0.013241,75.939168,14.36687,2.291885,46.223841,55.120023,24.580551,79.085251,0.013168,1.595257,0.477169,22.206439,2.147887,0.688414,0.534308,0.047717,2.382294,53.912212,1.642857,,,quarterly
LOW,2026-07-31,0.330444,0.136731,0.092426,0.16239,0.120088,-0.322576,0.042931,0.089033,0.10265,45.017628,4.160783,-14.52162,34.647831,34.841348,5.657893,47.114623,0.022214,-5.650531,0.752009,8.157533,9.09949,1.104581,0.265238,0.464487,20.966074,157.305791,1.525219,0.020881,0.002581,quarterly
LRCX,2026-06-30,0.517497,0.373906,0.338768,0.402989,0.188691,0.182607,0.096783,0.138341,0.147185,158.310678,53.63066,28.908696,284.224522,132.544184,53.413829,283.075393,0.006317,0.299462,0.158717,,75.705201,2.629283,1.909065,0.285691,1.258921,624.56338,0.639898,0.028086,0.015469,quarterly
LULU,2026-07-31,0.605174,0.187799,0.136289,0.24672,0.09321,0.068714,0.038803,0.0667,0.067882,32.975293,4.494157,2.26588,48.215173,19.476355,4.805211,51.552285,0.030326,0.44689,0.252355,,,2.189984,1.24005,0.284708,14.112962,548.144247,1.138554,0.061961,0.00873,quarterly
LUV,2026-06-30,0.164374,0.0338,0.027633,0.090133,-0.034156,0.0329,0.007735,0.016657,0.021241,86.041851,2.37758,2.830804,-69.610247,30.454938,2.74499,-80.367196,0.011622,0.972748,0.228703,2.835526,6.884615,0.488544,0.41943,0.279928,108.102564,31.815963,2.274678,0.097011,,quarterly
LVS,2026-06-30,0.469245,0.198161,0.109702,0.323716,0.110019,0.595525,0.017379,0.031919,0.041672,74.841307,8.210238,44.569866,74.625626,37.333756,12.085531,109.849467,0.013362,26.268503,0.766588,11.641528,3.439153,0.996752,0.986082,0.158421,5.07074,49.305386,1.971098,0.106214,0.004122,quarterly
LW,2026-05-31,0.204169,0.100672,0.061917,0.154624,0.113609,0.060058,0.014851,0.027487,0.0283,58.543234,3.624845,3.515995,31.906208,37.94351,5.866979,51.641664,0.017081,2.160612,0.534261,14.055535,3.553684,1.423101,0.738891,0.239848,2.27198,252.738399,3.168796,0.082594,0.008813,quarterly
LYB,2026-06-30,0.222077,0.176201,0.060804,0.140896,0.052523,0.052291,0.016182,0.048544,0.034557,35.852582,2.179987,1.874777,41.505686,24.601501,3.466246,65.995313,0.027892,1.332584,0.412389,7.950503,6.855072,1.64134,1.067398,0.266139,2.444592,192.5631,1.34767,0.029421,0.00207,quarterly
LYV,2026-06-30,0.253382,0.066964,0.038405,0.104905,0.016923,3.576412,0.010448,0.042961,0.058001,132.221831,5.077985,472.879742,300.057721,53.313843,5.592877,330.482633,0.007563,137.042536,0.400368,0.161031,6.333755,0.851531,,0.272059,2.65726,,1.423939,0.037763,0.008091,quarterly
MA,2026-06-30,0.790126,0.617441,0.472998,0.648162,0.355179,0.782035,0.07606,0.151437,0.174504,112.843172,53.374565,88.247343,150.274913,84.514361,54.779008,154.229091,0.008862,4.391909,0.427155,2.220522,26.165138,1.06071,,0.160805,1.838122,,0.859845,0.051525,0.020481,quarterly
MAA,2026-06-30,0.280844,0.25356,0.219319,0.614029,0.403367,0.022328,0.01015,0.012584,0.016757,116.208331,25.486716,2.594649,63.184907,57.531836,35.326208,87.578295,0.008605,1.04383,0.474539,16.546379,3.352311,0.047616,,0.046281,,,2.734333,0.196324,0.006602,quarterly
MAR,2026-06-30,0.219771,0.172394,0.10833,0.210296,0.112572,-0.169282,0.027274,0.072187,0.062683,115.377176,12.498786,-19.531252,111.02879,71.076602,14.947095,132.777521,0.008667,-3.927956,0.632865,11.06456,5.723982,0.534666,,0.251771,2.118334,,1.237598,0.021496,0.009334,quarterly
MAS,2026-06-30,0.435743,0.236446,0.159639,0.23494,0.22741,-0.868852,0.058878,0.123728,0.124634,42.203068,6.737237,-36.66824,29.625995,35.496958,8.339647,36.672354,0.023695,-9.543716,0.646732,5.767094,16.714286,1.86452,1.220535,0.368821,1.484352,301.103221,1.559748,0.021586,,quarterly
MCD,2026-06-30,0.580141,0.46507,0.332676,0.550704,0.27831,-2.311155,0.039419,0.068393,0.059837,74.37127,24.741541,-171.883502,88.899261,58.682078,32.316468,116.116866,0.013446,-53.41683,0.911081,9.98491,8.178484,1.081384,1.066949,0.118491,2.857143,-1.548893,1.1884,0.117042,0.005493,quarterly
MCHP,2026-06-30,0.632384,0.239577,0.154779,0.332121,0.335152,0.035622,0.01595,0.02387,0.025654,173.13423,26.797499,6.167454,79.956282,91.082231,30.250319,90.258537,0.005776,0.836878,0.374717,10.320422,7.234409,1.920735,1.111635,0.103051,1.551249,782.593713,2.225849,0.009362,0.050515,quarterly
MCK,2026-06-30,0.034969,0.013485,0.005827,0.014993,-0.00353,-0.144811,0.006951,0.204255,0.077056,166.084301,0.967696,-24.050887,-274.12839,70.599216,1.058519,-299.856885,0.006021,-2.75967,0.132469,2.889241,17.987013,0.893129,0.519899,1.193026,3.476052,-29.488966,-0.358306,0.001442,,quarterly
MCO,2026-06-30,0.762929,0.493364,0.401831,0.624256,0.314874,0.290248,0.05983,0.081154,0.109267,92.426968,37.13999,26.826736,117.951857,64.087884,40.007265,127.057956,0.010819,2.486612,0.512572,4.016862,18.477612,1.190433,,0.148893,1.138614,,0.887244,0.041648,0.027002,quarterly
MDLZ,2026-03-31,0.278075,0.085317,0.055556,0.125595,0.015377,0.021748,0.007874,0.012977,0.019382,138.684548,7.704697,3.016052,501.05385,77.456039,9.72811,632.640941,0.007211,0.839689,0.304013,15.402844,6.236486,0.542317,0.36875,0.141728,2.292472,-124.928486,0.833929,0.030952,0.002877,quarterly
MDT,2026-07-31,0.649856,0.188192,0.150677,0.275113,0.132226,0.029264,0.015755,0.019609,0.023986,80.16801,12.079436,2.346054,91.354244,51.3409,14.124536,106.820911,0.012474,0.560459,0.301728,9.839791,10.510753,2.067124,1.540385,0.104559,1.534686,613.946053,1.219728,0.051558,0.012813,quarterly
MET,2026-06-30,,,0.038989,,0.118027,0.026821,0.000969,,,83.786251,3.266763,2.247246,27.678043,,4.512405,38.231902,0.011935,0.777851,0.028109,,4.544521,,,0.024859,0.372805,,3.027174,,,quarterly
META,2026-06-30,0.813654,0.308794,0.260654,0.425898,0.028717,0.060669,0.035221,0.045998,0.049645,107.016798,27.894314,6.492595,971.364382,66.347184,28.257106,983.997892,0.009344,0.429973,0.24962,2.63379,24.954023,2.225563,,0.135127,2.795191,,2.010475,0.495321,0.125952,quarterly
MGM,2026-06-30,0.444674,0.067903,0.065701,0.179278,0.071318,0.116332,0.007339,0.027489,0.014108,33.080176,2.173388,3.84829,30.474504,47.336897,8.486452,118.994131,0.03023,11.873361,0.749014,4.412557,5.048997,1.334957,1.29756,0.111698,3.653284,55.681448,1.910927,0.054231,0.003521,quarterly
MKC,2026-05-31,0.401838,0.173706,0.077507,0.184034,0.174068,0.021456,0.00911,0.020068,0.021921,87.264809,6.763631,1.872384,38.856268,51.286327,9.438422,54.222626,0.011459,0.705229,0.299416,12.9133,4.511962,0.780783,0.386416,0.117533,2.729913,100.146853,2.530313,0.022049,0.004441,quarterly
MLM,2026-06-30,0.254237,0.200308,0.128916,0.299435,-0.008218,0.021739,0.011781,0.017832,0.01937,138.824504,17.896739,3.017924,-2177.809408,61.244776,18.338831,-2231.606528,0.007203,0.549541,0.297817,10.015437,6.423729,1.406555,0.73433,0.091387,1.908824,397.346734,0.446215,0.065742,0.005136,quarterly
MMM,2026-06-30,0.412769,0.203077,0.143538,0.254923,0.117385,0.316057,0.026715,0.071233,0.056148,91.696884,13.16203,28.981434,112.127383,56.405064,14.378953,122.494353,0.010905,4.251694,0.35938,5.791189,6.544554,1.240179,0.908867,0.186118,1.655208,283.819795,1.056806,0.034308,0.006308,quarterly
MNST,2026-06-30,0.559468,0.291803,0.230363,0.314822,0.180397,0.062423,0.051355,0.060162,0.079574,149.842953,34.518279,9.353675,191.346406,105.479831,33.207399,184.079762,0.006674,,,,961.33625,3.729315,3.224117,0.222932,1.333813,310.850112,0.871138,0.020281,0.014058,quarterly
MO,2026-06-30,0.713219,0.589432,0.429052,0.612397,0.1236,-0.861319,0.068856,0.113053,0.125918,50.513747,21.673001,-43.508467,175.348325,42.177012,25.829088,208.973713,0.019797,-9.211769,0.736412,6.771341,10.928814,0.517632,0.38121,0.160484,17.503268,110.202207,0.312881,0.010642,,quarterly
MOH,2026-06-30,0.085433,0.013335,0.005518,0.017013,-0.029796,0.014385,0.003749,0.012041,0.017464,174.6873,0.963881,2.512884,-32.3495,29.83372,0.507563,-17.034686,0.005725,0.947734,0.247016,,2.685185,1.678961,,0.679498,3.12023,,-4.9,0.002759,0.002391,quarterly
MOS,2026-06-30,0.076024,-0.010375,-0.096597,0.024291,-0.054141,-0.023796,-0.011071,-0.001502,-0.010861,-28.526705,2.755598,0.678834,-50.896567,200.265098,4.864624,-89.85079,-0.035055,0.530282,0.24671,81.074344,-2.887597,1.336665,0.433772,0.114611,3.283455,459.545766,-0.613636,0.113417,0.002762,quarterly
MPC,2026-06-30,0.155633,0.134227,0.098819,0.158076,0.175809,0.26933,0.05448,0.106674,0.110347,23.222974,2.294873,6.254633,13.053237,18.552943,2.932774,16.681615,0.043061,1.797557,0.363609,3.047573,18.498747,1.250356,0.886656,0.55131,3.303304,33.557945,2.009926,0.02281,,quarterly
MPWR,2026-06-30,0.551751,0.309893,0.262377,0.327297,0.148355,0.066051,0.054905,0.06239,0.072558,232.595468,61.027723,15.363244,411.363175,182.114081,59.605358,401.775585,0.004299,0.004861,0.00404,,,4.97533,3.618024,0.209261,2.853856,537.780212,0.885767,0.08405,0.054234,quarterly
MRK,2026-06-30,0.735353,-0.026073,-0.080388,0.085807,0.269585,-0.031837,-0.010285,-0.004518,-0.001548,-271.425837,21.819323,8.641249,80.936675,287.140005,24.638677,91.394797,-0.003684,1.285527,0.415294,33.022456,-0.300952,1.322671,1.098842,0.127941,1.321792,473.79661,-4.022472,0.053773,0.017944,quarterly
MRNA,2026-06-30,0.34965,-5.699301,-5.468531,-4.804196,-3.937063,-0.115663,-0.071344,-0.110854,-0.089,-78.64232,430.058002,9.096035,-109.233205,-83.91164,403.127948,-102.393067,-0.012716,0.190356,0.117416,,-44.117647,2.294791,2.184294,0.013046,8.411765,486.886232,0.672634,0.258741,0.839161,quarterly
MRSH,2026-06-30,0.440708,0.256483,0.170989,0.2943,0.195975,0.083383,0.021212,0.040298,0.050935,65.968992,11.279949,5.500675,57.558059,47.934257,14.10707,71.983973,0.015159,1.474149,0.375021,8.655805,7.808,1.139239,,0.124058,0.893232,,1.203002,0.009724,0.012966,quarterly
MRVL,2026-07-31,0.531377,0.166794,0.112437,0.280254,0.173146,0.01662,0.011178,0.015833,0.018348,712.690276,80.133101,11.845097,462.805408,280.755665,78.68292,454.429947,0.001403,0.285248,0.191841,1.3418,5.64742,3.168354,2.624005,0.099414,1.234809,455.587241,1.965909,0.047895,0.119082,quarterly
MS,2026-06-30,,,0.280678,,-0.17934,0.047976,0.003332,,,57.008658,16.001072,2.735047,-89.221907,,9.929909,-55.369131,0.017541,3.630866,0.252156,,,,,0.011871,0.131673,,-0.492206,0.041189,0.028264,quarterly
MSCI,2026-06-30,0.827105,0.562284,0.394464,0.629527,0.376471,-0.127161,0.061044,0.108248,0.122173,117.525294,46.359459,-14.944655,123.142312,84.985614,53.500747,142.11136,0.008509,-2.423982,1.163641,11.043789,6.877465,0.894439,,0.154752,0.980326,,1.084211,0.051211,0.029296,quarterly
MSFT,2026-06-30,0.67197,0.451109,0.397369,0.621152,0.218194,0.080848,0.047161,0.068305,0.076136,102.515961,40.736674,8.288186,186.699213,66.512054,41.314074,189.345481,0.009755,0.128453,0.074931,0.346265,53.499404,1.230327,1.222052,0.118684,1.112901,-179.121878,1.550103,0.397769,0.034686,quarterly
MSI,2026-06-30,0.535589,0.263964,0.177785,0.318864,0.132142,0.208458,0.028947,0.053138,0.062285,136.278347,24.228228,28.408323,183.350336,84.916952,27.076934,204.908297,0.007338,3.599925,0.499896,8.33033,7.807339,1.099122,0.86019,0.162821,1.450463,302.066472,0.842011,0.017555,0.033195,quarterly
MTB,2026-06-30,,,0.329175,,0.501811,0.029271,0.003731,,,40.131123,13.210165,1.174668,26.324987,,14.594069,29.082809,0.024918,0.648322,0.082632,,,,,0.011334,,,1.550122,0.008451,,quarterly
MTCH,2026-06-30,0.760566,0.287714,0.199912,0.32925,0.413228,-0.719436,0.042278,0.058833,0.073826,59.087369,11.812279,-42.509605,28.585369,46.28597,15.239665,36.879543,0.016924,-14.98335,0.880504,10.578343,6.064722,1.723885,,0.211483,3.054363,,2.16857,0.020295,0.0727,quarterly
MTD,2026-06-30,0.63293,0.306108,0.226707,0.33035,0.27511,18.162598,0.063444,0.119105,0.124126,119.782837,27.155576,2175.567577,98.708188,88.349144,29.186124,106.089058,0.008348,164.701162,0.575319,6.071726,17.780761,1.122354,0.779528,0.27985,1.404432,435.823196,1.332835,0.027053,0.005228,quarterly
MU,2026-05-31,0.845619,0.803695,0.681277,0.858163,0.42363,0.2804,0.210593,0.272935,0.289747,40.620244,27.673619,11.389913,65.324995,31.695288,27.19972,64.20633,0.024618,0.063302,0.047542,,,3.424518,2.984914,0.309115,1.541459,517.268331,0.898913,0.188778,0.008563,quarterly
NCLH,2026-06-30,0.39906,0.137596,0.084283,0.261647,0.054872,0.0865,0.009269,0.020324,0.022432,29.133431,2.455453,2.520043,44.748418,32.196761,8.424193,153.523306,0.034325,5.843594,0.626144,21.445764,2.32226,0.200296,0.174778,0.109969,9.534095,21.775698,2.707611,0.173333,0.00861,quarterly
NDAQ,2026-06-30,0.402844,0.288705,0.200237,0.35624,0.250395,0.042292,0.018544,0.027354,0.03223,103.12967,20.650372,4.36159,82.471203,67.687077,24.112853,96.299279,0.009697,0.771021,0.338064,9.136364,8.86747,1.006215,,0.092608,2.142132,,1.402367,0.030411,0.019352,quarterly
NDSN,2026-07-31,0.55491,0.27284,0.186929,0.297564,0.289546,0.046755,0.025697,0.036677,0.039614,113.540768,21.224107,5.308638,73.301397,78.330916,23.308435,80.500011,0.008807,0.556188,0.305689,6.648257,9.929501,1.822813,1.178574,0.137471,1.260223,605.230033,1.631525,0.015434,0.007918,quarterly
NEE,2026-06-30,0.623971,0.30223,0.417308,0.650518,0.239581,0.055036,0.013505,0.013608,0.014841,53.390161,22.280152,2.938394,92.996492,58.397998,37.988929,158.564316,0.01873,1.929017,0.473341,21.899816,6.211499,0.533823,0.443536,0.032362,1.600255,-279.793439,1.482824,0.379214,,quarterly
NEM,2026-06-30,0.559987,0.515691,0.359922,0.594639,0.360412,0.06248,0.038202,0.053402,0.057884,59.053665,21.254686,3.689702,58.97332,34.85326,20.7251,57.503928,0.016934,0.15884,0.097118,,86.685714,2.546116,2.010524,0.10614,8.918367,297.592821,1.327884,0.117522,,quarterly
NFLX,2026-06-30,0.519348,0.333808,0.270815,0.689184,0.121431,0.112809,0.058193,0.078835,0.091638,87.883811,23.800215,9.914059,195.997573,35.403428,24.399481,200.932599,0.011379,0.474572,0.244811,0.601896,24.158414,1.141609,,0.214882,6.267565,,0.512673,0.017408,0.010455,quarterly
NI,2026-06-30,0.502011,0.16992,0.033895,0.453293,-0.310638,0.004752,0.001212,0.006624,0.007435,427.704365,14.496833,2.032518,-46.667982,64.34404,29.166678,-93.892922,0.002338,1.817622,0.463541,28.484799,1.236446,0.498222,0.405708,0.035756,1.585824,-166.885854,14.953846,0.817491,,quarterly
NKE,2026-05-31,0.491524,0.119486,0.09743,0.137988,0.13662,0.071914,0.027831,0.046237,0.05069,49.2788,4.801225,3.54383,35.142786,36.126182,4.984965,36.487684,0.020293,0.742213,0.287243,0.25033,,1.960867,1.363035,0.285655,1.849941,452.522268,1.531338,0.012577,0.014583,quarterly
NOC,2026-06-30,0.195017,0.100772,0.100588,0.15594,0.089923,0.061172,0.021551,0.03177,0.035518,68.48503,6.888803,4.189366,76.607999,52.870057,8.24454,91.68468,0.014602,0.910814,0.320883,7.146816,8.254658,1.168228,1.062196,0.214251,4.706188,15.855581,1.170018,0.027768,0.002666,quarterly
NOW,2026-06-30,0.706797,0.040632,0.074743,0.228493,0.118636,0.02381,0.009411,0.005502,0.025829,469.990874,35.128488,11.190259,296.104187,157.899316,36.078825,304.114751,0.002128,0.675376,0.266942,5.503842,7.636364,0.700568,,0.125908,1.811449,,1.969799,0.028593,0.163531,quarterly
NRG,2026-06-30,0.268814,0.127657,0.067638,0.196097,0.09865,0.104222,0.012669,0.026541,0.032471,43.064069,2.912768,4.488243,29.526313,31.182971,6.11488,61.985662,0.023221,4.833574,0.587556,15.742331,3.13871,0.967719,0.888221,0.187306,2.116865,53.249307,2.20751,0.050662,0.004144,quarterly
NSC,2026-06-30,0.373737,0.365368,0.211833,0.436941,0.177489,0.045161,0.016267,0.02948,0.027687,96.134828,20.364492,4.341535,114.736526,57.228511,25.005474,140.884497,0.010402,1.022334,0.368246,10.268824,5.86802,0.831157,0.734125,0.076792,3.910835,-151.572778,1.435967,0.126696,,quarterly
NTAP,2026-07-31,0.700741,0.266667,0.185185,0.26963,0.198025,0.250836,0.034231,0.105044,0.080319,103.599243,19.185045,25.986432,96.882085,69.244898,18.670476,94.283577,0.009653,1.694983,0.23131,1.675824,17.689655,1.241681,1.159588,0.184847,2.096273,59.077264,1.341333,0.05037,0.048395,quarterly
NTRS,2026-06-30,,,0.364632,,-0.100985,0.059112,0.004418,,,41.083035,14.980199,2.428515,-148.340841,,18.3058,-181.272475,0.024341,1.047017,0.078259,,,,,0.012117,,,-0.081924,0.071113,,quarterly
NUE,2026-06-30,0.195633,0.15668,0.111186,0.196595,0.079735,0.052286,0.031282,0.043931,0.052384,48.746872,5.419966,2.548798,67.975131,30.291283,5.95512,74.68683,0.020514,0.321091,0.192104,2.260763,46.138889,2.507815,1.360274,0.28135,2.570334,301.875167,1.211073,0.05492,0.005867,quarterly
NVDA,2026-07-31,0.749753,0.662371,0.620322,0.757226,0.222405,0.260665,0.186367,0.202782,0.258731,89.920144,55.779441,23.438989,250.801568,73.195508,55.425509,249.210183,0.011121,0.167483,0.119745,0.149916,316.008811,4.588949,3.854971,0.300435,1.525888,489.561646,0.403381,0.027821,0.021056,quarterly
NVR,2026-06-30,0.209893,0.133993,0.101469,0.142497,-0.067665,0.069727,0.043223,0.053895,0.07331,69.660998,7.068457,4.857254,-104.462781,49.347601,7.031878,-103.9222,0.014355,0.309832,0.192063,,46.559194,4.672057,2.499178,0.425973,46.942891,367.174178,-0.640833,0.00264,0.008279,quarterly
NWS,2026-06-30,,0.12623,0.076594,0.181001,0.120668,0.020995,0.011516,0.023211,0.023078,97.867742,7.496074,2.054695,62.121723,45.403308,8.218057,68.104962,0.010218,0.341895,0.187532,,,1.623325,1.513944,0.150347,1.330108,,2.391061,0.062473,,quarterly
NWSA,2026-06-30,,0.12623,0.076594,0.181001,0.120668,0.020995,0.011516,0.023211,0.023078,89.183026,6.830878,1.872362,56.609084,41.693963,7.546661,62.540945,0.011213,0.341895,0.187532,,,1.623325,1.513944,0.150347,1.330108,,2.391061,0.062473,,quarterly
NXPI,2026-06-30,0.572654,0.30778,0.219394,0.363272,0.215675,0.067287,0.028764,0.038758,0.047426,74.955556,16.444769,5.043505,76.247893,51.658984,18.766279,87.011817,0.013341,0.962891,0.411626,6.388189,9.696429,2.040361,1.361391,0.131108,2.744113,517.312549,1.121252,0.03032,0.030034,quarterly
O,2026-06-30,0.921215,0.42405,0.241005,0.941839,0.802345,0.008697,0.0045,0.008059,0.009709,155.871309,37.565753,1.355583,46.819939,64.546498,60.792392,75.768376,0.006416,0.788383,0.407896,22.392361,2.307274,0.493526,,0.01867,1.257433,,3.329165,,0.006494,quarterly
ODFL,2026-06-30,0.362603,0.299421,0.225611,0.359879,0.12591,0.0771,0.061128,0.076407,0.089841,102.619543,23.152138,7.91197,183.87907,63.671991,22.914196,181.989288,0.009745,0.004398,0.003487,,6151.894737,1.889407,,0.270944,2.613792,,0.77781,0.049573,,quarterly
OKE,2026-06-30,0.200847,0.132542,0.080173,0.173209,0.119512,0.042115,0.014092,0.021799,0.027712,60.991764,4.88987,2.56869,40.915308,44.043772,7.628795,63.832883,0.016396,1.439683,0.481728,15.745568,3.917051,0.737091,0.590505,0.175772,3.394085,13.646079,2.125259,0.050876,,quarterly
OMC,2026-06-30,0.19776,0.140571,0.089112,0.170469,-0.065996,0.060527,0.011719,0.034195,0.038453,35.921118,3.201016,2.174198,-48.503047,26.826557,4.573085,-69.293165,0.027839,1.181064,0.228668,5.958523,7.730519,0.923697,0.778101,0.131505,0.487454,-255.688114,-0.648427,0.008213,0.003931,quarterly
ON,2026-06-30,0.384347,0.186966,0.141441,0.265606,0.265295,0.031418,0.016819,0.021559,0.025002,120.125747,16.990658,3.774159,64.044474,65.9975,17.529364,66.075071,0.008325,0.620984,0.332419,2.218596,20.773723,3.464389,2.490271,0.118909,1.787227,777.016712,2.026896,0.021391,0.023324,quarterly
ORCL,2026-08-31,0.600258,0.352649,0.246058,0.537245,-0.278935,0.071287,0.015696,0.030945,0.027508,93.76758,23.072302,6.684444,-82.715656,56.170273,30.177185,-108.187111,0.010665,2.335275,0.514184,8.560377,4.926471,1.170813,,0.06379,1.697823,,4.853571,1.473197,0.058258,quarterly
ORLY,2026-06-30,0.514459,0.201501,0.14617,0.231444,0.142865,-0.389527,0.041121,0.14729,0.127193,95.833474,14.007949,-37.329702,98.05045,68.760285,15.914169,111.393283,0.010435,-5.222696,0.551347,5.963783,14.225444,0.751945,0.128232,0.281326,10.686268,-182.990519,1.407565,0.062879,0.001778,quarterly
OTIS,2026-06-30,0.294377,0.149002,0.11091,0.159886,0.057787,-0.074461,0.038365,0.175589,0.196179,60.942671,6.759125,-4.537833,116.966203,55.770605,8.916938,154.30701,0.016409,-1.53897,0.792937,12.354943,,0.831489,0.748085,0.345913,0.968381,187.514364,0.623832,0.011402,0.005183,quarterly
OXY,2026-06-30,0.575077,0.454433,0.369126,0.727836,0.332548,0.071312,0.037047,0.060711,0.055516,19.757696,7.293077,1.408965,21.930896,13.324814,9.698284,29.163557,0.050613,0.350357,0.182011,1.473595,37.25,1.410542,1.13368,0.100363,2.566836,-5.527028,1.434666,0.197024,,quarterly
PANW,2026-07-31,0.67566,0.05044,-0.082698,0.021114,0.367742,-0.010258,-0.005819,0.005877,-0.00698,-1054.639823,87.216548,10.817999,237.167807,4123.672576,87.068746,236.76589,-0.000948,0.090936,0.051589,,,0.871007,,0.070367,0.939653,,-4.812057,0.030205,0.134897,quarterly
PAYC,2026-06-30,0.832267,0.317206,0.202184,0.40945,0.357869,0.187927,0.020644,0.078383,0.085439,94.960955,19.19956,17.845681,53.649692,49.681255,20.342005,56.842046,0.010531,1.719685,0.188913,3.227586,15.942857,1.073942,1.073417,0.102107,9.928972,12.591634,1.990689,0.044616,0.032944,quarterly
PAYX,2026-05-31,0.740081,0.376643,0.261974,0.455995,0.320772,0.112607,0.026004,0.055351,0.066307,98.296657,25.751214,11.068934,80.278784,61.187828,27.901345,86.981765,0.010173,1.233782,0.284911,4.736921,9.565688,1.259144,,0.099261,1.064938,,1.381122,0.041046,0.012893,quarterly
PCAR,2026-06-30,0.175454,0.116501,0.099646,0.144991,0.040945,0.037006,0.017099,0.019237,0.026554,81.236589,8.094918,3.006201,197.70199,61.450208,8.909698,217.601352,0.01231,0.723202,0.33416,8.33641,,3.115541,2.896198,0.171594,0.347955,832.153021,0.931915,0.051917,,quarterly
PCG,2026-06-30,0.415283,0.213995,0.128939,0.429007,-0.349204,0.022448,0.005246,0.013083,0.011102,52.077852,6.714884,1.169029,-19.229134,37.3749,16.034098,-45.91618,0.019202,1.908587,0.445994,24.978673,1.846734,1.216073,1.148575,0.040682,3.132696,-111.307875,1.190539,0.502711,,quarterly
PEG,2026-06-30,0.306186,0.180501,0.130775,0.407987,-0.084573,0.019274,0.005679,0.00924,0.012439,104.116065,13.615805,2.006738,-160.994285,56.872135,23.203118,-274.35539,0.009605,1.424087,0.419601,23.367562,2.479554,0.87695,0.667052,0.043426,1.342091,227.677469,1.646707,0.299922,,quarterly
PEP,2026-06-30,0.542203,0.16637,0.123279,0.213556,0.062239,0.134899,0.026571,0.041658,0.052956,59.456058,7.32966,8.020568,117.76645,42.557066,9.088321,146.023048,0.016819,2.408091,0.474325,8.319713,17.747826,0.933601,0.741782,0.215538,1.762207,-378.785706,0.779604,0.03387,0.002853,quarterly
PFE,2026-06-30,0.727817,0.235267,-0.016496,0.10882,0.020088,-0.002911,-0.001233,0.00898,8.3e-05,-635.697482,10.486429,1.850604,522.029721,128.197419,13.950444,694.473436,-0.001573,0.741801,0.314193,38.030562,0.02099,1.266863,0.962231,0.074747,1.203683,781.696409,-3.366935,0.035453,0.016562,quarterly
PFG,2026-06-30,,,0.103282,,0.514568,0.033221,0.001144,,,62.453379,6.450329,2.074784,12.535423,,6.176351,12.002982,0.016012,0.357463,0.012305,,,,,0.011072,0.174478,,5.149727,0.017308,,quarterly
PG,2026-06-30,0.485003,0.186286,0.143558,0.234909,0.193737,0.056286,0.024059,0.035378,0.047468,111.700396,16.035465,6.287162,82.769232,73.548036,17.277059,89.177889,0.008953,0.647658,0.276839,4.85786,17.665254,0.677314,0.46617,0.167593,3.501321,-167.698686,1.685611,0.048246,0.006131,quarterly
PGR,2026-06-30,,,0.140303,,0.146998,0.096438,0.026504,,,37.421863,5.250383,3.608883,35.717436,,5.523211,37.573436,0.026722,0.244284,0.067136,,48.829545,,,0.188905,1.122426,,1.089399,0.005848,0.001525,quarterly
PH,2026-06-30,0.390443,0.238575,0.189574,0.29053,0.27159,0.070826,0.035334,0.046769,0.057907,109.067012,20.676301,7.724754,76.130588,76.059707,22.097625,81.363935,0.009169,0.553103,0.275934,4.796053,15.105263,1.262303,0.742946,0.186385,1.815457,276.694076,1.591201,0.030061,0.005908,quarterly
PHM,2026-06-30,0.250447,0.153942,0.118506,0.162679,-0.003226,0.03627,0.025844,0.030365,0.039473,47.322644,5.608002,1.716374,-1738.243586,35.689319,5.80589,-1799.580469,0.021132,0.176597,0.125837,1.485429,5873.066038,6.277851,0.773392,0.218087,,,0.036125,0.007507,0.003729,quarterly
PKG,2026-06-30,0.205832,0.133821,0.077152,0.1882,0.068316,0.041206,0.017439,0.028634,0.02967,107.96153,8.329415,4.448703,121.924808,52.121089,9.809206,143.585786,0.009263,0.944744,0.399828,7.524755,8.777778,2.94149,1.856861,0.226036,1.737786,329.187498,1.957314,0.082694,0.006828,quarterly
PLD,2026-06-30,0.741718,0.395675,0.437935,0.906205,0.555309,0.019771,0.010516,0.009716,0.015397,123.402289,54.042216,2.43974,97.319202,75.343071,68.276245,122.951837,0.008104,0.678299,0.36077,15.77695,5.459204,0.743818,,0.024012,,,1.268016,,0.022737,quarterly
PLTR,2026-06-30,0.846616,0.471207,0.548649,0.475454,0.62084,0.108642,0.090926,0.09198,0.089915,401.999536,220.556563,43.674116,355.255217,454.011518,215.861569,347.692889,0.002488,0.021628,0.018102,,,7.228212,,0.165728,1.303124,,1.145285,0.00752,0.137026,quarterly
PM,2026-06-30,0.684328,0.404753,0.251698,0.451036,0.456755,-0.328207,0.041262,0.0869,0.108677,104.361253,26.267481,-34.252085,57.50893,67.164754,30.293752,66.323881,0.009582,-5.722125,0.719383,8.540808,18.662551,0.979806,0.548941,0.163935,2.161035,945.494101,1.949592,0.033953,,quarterly
PNC,2026-06-30,,,0.317312,,0.333956,0.031871,0.003312,,,45.598873,14.469078,1.453282,43.326362,,26.980666,80.791198,0.02193,1.339254,0.139153,,,,,0.010436,,,1.052451,,,quarterly
PNR,2026-06-30,0.423547,0.178533,0.137894,0.211023,0.592859,0.0343,0.019159,0.027218,0.028924,69.399936,9.569839,2.380399,16.141855,53.861047,11.365917,19.171377,0.014409,0.470675,0.262909,7.694106,8.572165,1.450919,0.759011,0.138941,1.932049,426.209351,4.446345,0.020266,0.004075,quarterly
PNW,2026-06-30,0.421683,0.209976,0.122668,0.406441,-0.22991,0.025385,0.005482,0.014157,0.011445,63.93983,7.843379,1.623083,-34.115023,47.246289,19.202827,-83.523296,0.01564,2.34625,0.506657,19.200177,2.73544,0.594068,0.408621,0.044687,1.877056,187.376144,2.206234,0.500544,0.003164,quarterly
PODD,2026-06-30,0.701759,0.161781,0.118498,0.198204,0.06374,0.066798,0.030015,0.043788,0.054608,102.644219,12.163154,6.85642,190.825847,63.969164,12.678932,198.917811,0.009742,0.666854,0.299643,2.602266,9.792593,2.484682,1.833244,0.253294,1.381289,816.096667,0.930526,0.046526,0.024448,quarterly
POOL,2026-06-30,0.296643,0.146839,0.103179,0.154327,-0.029878,0.149277,0.050017,0.076384,0.089932,32.451617,3.348327,4.844287,-112.068156,27.597311,4.259017,-142.548866,0.030815,1.345372,0.450785,4.663415,,2.670985,0.912502,0.484763,9.546827,295.637283,-0.140827,0.015347,0.006584,quarterly
PPG,2026-06-30,0.402225,0.141491,0.097219,0.172191,0.099221,0.051759,0.019393,0.032229,0.036984,53.168868,5.169031,2.75196,52.095954,37.78139,6.505628,65.566807,0.018808,0.883454,0.331011,6.932817,9.014085,1.579843,1.15414,0.199476,1.149029,,1.279176,0.025139,0.00356,quarterly
PPL,2026-06-30,0.44576,0.225012,0.108953,0.429654,-0.330649,0.015287,0.004967,0.010801,0.012102,109.086284,11.885289,1.667653,-35.945337,49.761681,21.380315,-64.661668,0.009167,1.350814,0.438932,22.040794,2.232759,0.905061,0.734344,0.045593,1.826125,-38.153079,2.534783,0.606821,0.00379,quarterly
PRU,2026-06-30,,,0.062771,,0.149503,0.031194,0.001257,,,41.47005,2.60311,1.2936,17.411764,,3.913268,26.175191,0.024114,0.780156,0.03144,,,,,0.020027,0.354878,,2.381726,,,quarterly
PSA,2026-06-30,0.720893,0.451503,0.405522,0.712309,0.651632,0.054401,0.024852,0.03686,0.030332,110.741262,44.907985,6.02443,68.91615,75.61457,53.860924,82.655402,0.00903,1.107715,0.506032,11.296253,6.964237,0.664773,,0.061283,,,1.737013,0.052764,0.010374,quarterly
PSKY,2026-06-30,0.357298,0.095906,0.005931,0.120642,0.037321,0.003483,0.000923,0.01088,0.013901,279.391856,1.657033,0.97316,44.399481,32.456915,3.915676,104.918865,0.003579,1.376434,0.36482,16.221823,1.843137,1.039623,0.883491,0.15566,1.118971,420.174224,7.780488,0.008824,0.011717,quarterly
PSX,2026-06-30,0.132441,0.083915,0.075425,0.115344,0.128088,0.122104,0.047024,0.064139,0.083491,28.465656,2.147035,3.475763,16.762189,21.527721,2.483091,19.385823,0.03513,0.652733,0.251375,2.798912,16.201835,1.319658,0.997003,0.623445,4.352991,33.310146,1.886925,0.014234,,quarterly
PTC,2026-06-30,0.817375,0.277487,0.197951,0.333966,0.415548,0.034233,0.018236,0.026515,0.032502,124.136353,24.572853,4.24957,59.133648,79.847682,26.666416,64.171728,0.008056,0.463347,0.246822,5.348715,10.665842,1.025227,,0.092123,0.72812,,2.194216,0.018798,0.098962,quarterly
PWR,2026-06-30,0.16168,0.07217,0.04723,0.100953,0.090456,0.046834,0.015954,0.032626,0.039484,212.071713,10.016236,9.932114,110.730318,105.643878,10.66505,117.903001,0.004715,0.685119,0.233394,5.802672,9.391295,1.098282,1.05477,0.337801,1.120095,186.56803,2.426872,0.024166,0.006632,quarterly
PYPL,2026-06-30,0.449205,0.177378,0.12716,0.193734,0.204446,0.055701,0.013343,0.039068,0.041828,40.611146,5.164099,2.262094,25.258989,28.418374,5.50561,26.929412,0.024624,0.676085,0.161959,3.028537,11.396825,1.287981,,0.104935,0.214339,,1.796196,0.023958,0.031675,quarterly
Q,2026-06-30,0.46606,0.222533,0.086774,0.249825,0.105668,0.017078,0.008653,0.019268,0.020172,202.544244,17.575568,3.458957,166.327723,81.144215,20.271858,191.844271,0.004937,0.553643,0.280511,8.568627,4.262295,2.008322,1.50208,0.099714,1.255712,261.969308,1.943548,0.062981,0.010497,quarterly
QCOM,2026-06-30,0.530512,0.163466,0.201267,0.305218,0.049764,0.072384,0.034898,0.0308,0.057449,94.813046,19.08271,6.862959,383.466097,63.772588,19.46452,391.138542,0.010547,0.552101,0.266181,3.536561,14.831461,2.015596,1.281433,0.173392,2.130891,599.754504,0.495005,0.049864,0.083442,quarterly
RCL,2026-06-30,0.472889,0.270695,0.233444,0.382864,-0.181498,0.110199,0.025267,0.039069,0.042014,58.282264,13.605628,6.422664,-74.96282,47.896972,18.338038,-101.036943,0.017158,2.297577,0.52679,11.870811,5.872881,0.208752,0.185843,0.108234,10.956916,-85.058339,1.648936,0.566432,0.006209,quarterly
RDDT,2026-06-30,0.912651,0.28788,0.314134,0.29317,0.323941,0.076954,0.069529,0.069428,0.070241,114.784435,36.05769,8.83313,111.309321,111.272948,32.62189,100.703081,0.008712,0.006351,0.005738,,,10.486086,,0.221334,1.238129,,1.035705,0.001409,0.125421,quarterly
REG,2026-03-31,0.697638,0.375107,0.311669,0.711131,0.370294,0.01865,0.009853,0.013255,0.014583,106.096816,33.067136,1.978669,89.299607,64.016485,45.52409,122.940289,0.009425,0.812024,0.429016,16.579282,3.455221,1.862343,,0.031614,1.979968,,1.188099,,0.012799,quarterly
REGN,2026-06-30,0.86564,0.331065,0.302258,0.387466,0.121612,0.040897,0.031078,0.035783,0.042508,62.305671,18.832411,2.548113,154.856698,43.959814,17.03293,140.059776,0.01605,0.085351,0.064859,,139.890909,3.335262,2.777583,0.102819,0.653532,1777.280611,0.626879,0.067868,0.056634,quarterly
RF,2026-06-30,,,0.298899,,0.186681,0.030255,0.003534,,,42.596478,12.732036,1.288747,68.202226,,15.83796,84.839861,0.023476,0.394268,0.046051,,,,,0.011823,3.852525,,0.647368,0.006817,,quarterly
RJF,2026-06-30,,,0.153946,,-0.07969,0.046854,0.006314,,,53.190715,8.18848,2.492202,-102.754789,,5.650606,-70.907764,0.0188,0.352154,0.047455,,,,,0.041014,1.160312,,-0.413445,0.016041,0.012937,quarterly
RL,2026-06-30,0.736912,0.187366,0.133789,0.211297,0.145882,0.09634,0.034235,0.071031,0.061419,76.148014,10.187779,7.336129,69.83564,50.780751,10.729824,73.551273,0.013132,1.103726,0.392215,,27.323077,2.044519,1.424078,0.255889,5.039342,502.133353,1.29405,0.027248,0.013267,quarterly
RMD,2026-06-30,0.588406,0.306571,0.26197,0.344231,0.271501,0.058225,0.042765,0.050085,0.059268,84.64428,22.174285,4.928381,81.673069,63.139993,21.734757,80.054185,0.011814,0.125417,0.092117,,,3.099927,2.421984,0.163245,1.412469,644.287791,1.185689,0.039115,0.01876,quarterly
ROK,2026-06-30,0.494596,0.207955,0.176394,0.251621,0.28275,0.116772,0.036787,0.061841,0.067799,113.352152,19.994673,13.236313,70.715104,84.69081,21.310009,75.367051,0.008822,1.034058,0.32576,4.774914,15.242424,1.075163,0.736656,0.208547,1.194115,401.833467,1.77451,0.030264,0.010376,quarterly
ROL,2026-06-30,0.528425,0.18669,0.133426,0.215798,0.153978,0.100665,0.042895,0.071607,0.082399,108.425725,14.466803,10.914647,93.953685,71.361575,15.399715,100.012424,0.009223,0.780152,0.332437,2.551782,21.205942,0.629358,0.583726,0.32149,4.513078,54.358795,1.198708,0.005961,0.009895,quarterly
ROP,2026-06-30,0.697141,0.277254,0.55408,0.782398,0.210062,0.062486,0.033225,0.0174,0.044777,31.548405,17.480351,1.971322,83.21515,28.981099,22.674766,107.943145,0.031697,0.605306,0.321853,6.639091,12.741472,0.552802,0.510906,0.059964,2.274482,144.074794,0.401797,0.012566,0.026364,quarterly
ROST,2026-07-31,0.338342,0.176159,0.135884,0.204565,0.099682,0.126246,0.053265,0.106669,0.102858,85.389744,11.603117,10.780101,116.401578,56.838063,11.627075,116.641922,0.011711,0.702806,0.296525,,172.336554,1.612179,0.980238,0.39199,25.247385,55.457217,1.028731,0.040107,0.007543,quarterly
RSG,2026-06-30,0.421445,0.204289,0.127765,0.308804,0.171783,0.047041,0.016098,0.028076,0.027262,117.978564,15.073559,5.549856,87.747526,59.184841,18.276493,106.392723,0.008476,1.188082,0.406582,10.20614,5.629139,0.64397,0.615075,0.125999,2.183342,-21.519945,2.037102,0.088488,,quarterly
RTX,2026-06-30,0.207746,0.113769,0.086571,0.171969,0.114133,0.032225,0.012295,0.02222,0.028629,122.237056,10.582203,3.939091,92.718108,69.141698,11.890201,104.178396,0.008181,0.585383,0.223346,6.843493,7.406542,1.010546,0.782718,0.142023,1.772199,157.683703,1.658252,0.029424,0.012587,quarterly
RVTY,2026-06-30,0.571293,0.120399,0.071017,0.219698,0.247873,0.007169,0.004302,0.007088,0.005411,308.897504,21.936867,2.214359,88.500407,114.313062,25.114352,101.319407,0.003237,0.462253,0.2774,13.612959,11.080434,1.800218,1.503669,0.060576,1.028925,602.989334,3.704033,0.015175,0.014706,quarterly
SATS,2026-06-30,0.343676,0.142793,2.366327,2.927663,-0.028595,0.597832,0.214643,0.013974,0.28924,,,,,,,,,1.239979,0.445196,1.622926,20.2285,5.200833,5.116381,0.090707,3.948888,103.395768,-0.001177,0.025809,0.003672,quarterly
SBAC,2026-06-30,0.753938,0.531758,0.277903,0.620847,0.481996,-0.042934,0.016928,0.039689,0.048977,95.314223,26.488136,-4.092197,54.955129,76.36867,47.41329,98.368697,0.010492,-3.284999,1.295235,27.928037,2.784897,0.171739,,0.060914,4.064611,,2.048416,0.087266,0.037465,quarterly
SBUX,2026-06-30,0.246356,0.12919,0.112124,0.20848,0.144861,-0.136208,0.036943,0.158216,0.084553,104.511817,11.718301,-14.235331,80.893152,65.906667,13.740247,94.850943,0.009568,-2.923276,0.792873,5.057008,11.544577,0.759733,0.536992,0.329486,7.148213,73.488482,1.570745,0.031257,0.007627,quarterly
SCHW,2026-06-30,,,0.395928,,0.581872,0.055836,0.005413,,,65.004491,25.737072,3.629581,44.231489,,23.705398,40.739873,0.015384,0.744711,0.072197,,,,,0.013672,0.057567,,1.535714,0.02616,0.013009,quarterly
SHW,2026-06-30,0.491656,0.181315,0.124254,0.211333,0.182508,0.21885,0.031301,0.058609,0.07206,92.294717,11.468019,20.198673,62.835787,64.218274,13.571411,74.36073,0.010835,3.68781,0.527446,8.209228,9.186166,0.727039,0.464267,0.251909,1.901126,160.61334,1.597321,0.015966,0.004095,quarterly
SJM,2026-07-31,0.4414,0.230793,0.146127,0.287343,0.151985,0.056392,0.020015,0.031084,0.036667,40.49926,5.918042,2.283841,38.938364,31.411182,9.025779,59.386038,0.024692,1.199329,0.425663,10.49804,6.199271,0.869976,0.351582,0.136967,3.604515,95.785559,1.312673,0.039832,0.005497,quarterly
SLB,2026-06-30,0.155484,0.127062,0.087606,0.2072,0.107445,0.030145,0.014154,0.023456,0.027661,96.52595,8.456241,2.909772,78.702694,46.119096,9.555885,88.937136,0.01036,0.490834,0.230462,5.408822,8.960938,1.439215,1.052751,0.161565,0.982479,93.363435,1.729008,0.044026,0.008694,quarterly
SMCI,2026-06-30,0.174701,0.133821,0.105957,0.141518,0.064635,0.081372,0.039345,0.062944,0.067997,21.796305,2.309469,1.773601,35.730722,20.095016,2.843807,43.997688,0.045879,0.605058,0.292562,0.761805,19.414777,3.872324,2.071241,0.371334,1.815351,624.600515,0.633976,0.002539,0.009583,quarterly
SNA,2026-06-30,0.526446,0.252023,0.195235,0.28199,0.186095,0.043136,0.030159,0.036438,0.047999,73.868955,14.421823,3.186442,77.49698,50.321596,14.190177,76.252209,0.013537,0.211759,0.148052,,28.577236,3.432506,2.63935,0.154475,1.416684,706.834634,1.041827,0.017306,0.007042,quarterly
SNDK,2026-06-30,0.845733,0.784941,0.769994,0.879866,0.790073,0.438676,0.306705,0.393293,0.463843,38.006157,29.264529,16.672375,37.040308,32.681984,28.755771,36.39637,0.026312,0.011248,0.007864,,3925.5,2.289912,1.806486,0.398321,1.904206,767.552276,1.032305,0.004796,0.007474,quarterly
SNPS,2026-07-31,0.725702,0.145208,0.220363,0.513561,0.3013,0.01752,0.011436,0.006967,0.019112,135.167385,29.785894,2.368165,98.857992,63.685001,32.706154,108.550197,0.007398,0.348023,0.227166,5.055876,6.133239,1.336928,1.24052,0.051896,1.878163,346.037838,1.489258,0.026878,0.093509,quarterly
SO,2026-06-30,0.512685,0.254551,0.168267,0.539917,-0.091873,0.029669,0.007246,0.013326,0.01484,83.798159,14.100479,2.486203,-153.47744,46.523505,25.118825,-273.407246,0.011933,1.948117,0.475766,19.2721,2.727387,0.786704,0.576586,0.043061,3.03216,113.076236,2.601363,0.529597,0.00215,quarterly
SOLV,2026-06-30,0.582164,0.081938,0.041648,0.138072,0.065188,0.019171,0.006459,0.015779,0.016257,164.37691,6.845937,3.151214,105.018581,65.621888,9.060514,138.990805,0.006084,1.101479,0.37113,15.331148,2.6875,1.021294,0.737374,0.155094,1.68626,350.512831,2.467391,0.037574,0.017202,quarterly
SPG,2026-06-30,0.83059,0.460236,0.270286,0.761734,0.535393,0.10914,0.012188,0.024442,0.023997,161.050925,43.529759,17.577128,81.30428,70.606216,53.78318,100.455477,0.006209,6.636163,0.741074,20.294229,3.080419,0.526212,,0.045093,2.025011,,2.470309,0.132296,,quarterly
SPGI,2026-06-30,0.719006,0.434395,0.293536,0.512301,0.337916,0.038634,0.019346,0.029528,0.033767,98.182695,28.82015,3.79316,85.287894,64.143753,32.86091,97.245776,0.010185,0.495921,0.248339,5.195857,20.873563,0.954411,,0.065908,1.205934,,1.182416,0.009165,0.013507,quarterly
SRE,2026-06-30,0.546547,0.277611,0.265933,0.51685,-0.306306,0.024369,0.006914,0.009347,0.010056,66.710961,17.740619,1.625704,-57.917904,64.819652,33.502049,-109.374337,0.01499,1.121052,0.31804,23.638476,2.17907,1.64171,1.619272,0.025997,2.078363,-20.17575,1.641154,0.742743,0.00634,quarterly
STE,2026-06-30,0.458364,0.191532,0.134052,0.276747,0.187312,0.027766,0.018638,0.023089,0.030605,99.907161,13.392794,2.774005,71.500082,52.210416,14.449067,77.139209,0.010009,0.283694,0.190432,3.416364,18.310127,1.905868,1.35097,0.139036,1.473253,413.865327,1.834583,0.058619,0.008575,quarterly
STLD,2026-06-30,0.157427,0.124401,0.087677,0.147172,0.049921,0.0567,0.031209,0.043267,0.048737,63.134597,5.535427,3.579729,110.884686,41.81649,6.154212,123.280085,0.015839,0.443986,0.244378,4.03169,18.470961,3.183236,1.453856,0.355952,2.493537,322.176839,0.801248,0.02033,0.002325,quarterly
STT,2026-06-30,,,0.267787,,-0.741354,0.038347,0.002591,,,46.341982,12.40976,1.777087,-16.739323,,-14.07517,18.985768,0.021579,1.063959,0.071887,,,,,0.009675,0.727665,,-2.145756,0.166749,,quarterly
STX,2026-06-30,0.523009,0.430697,0.356572,0.45164,0.308074,0.597139,0.129763,0.23445,0.229218,150.914088,53.811747,90.116673,174.671583,120.09399,54.239198,176.059079,0.006626,1.780341,0.386883,1.135448,24.515625,1.669651,1.167253,0.363919,2.365711,116.965326,1.008501,0.051529,0.01488,quarterly
STZ,2026-05-31,0.542854,0.354997,0.268755,0.388581,0.199203,0.079195,0.029572,0.040634,0.045139,31.080749,8.353103,2.461432,41.932715,32.8423,12.76188,64.064851,0.032174,1.275958,0.476455,11.041151,9.665906,0.913488,0.47714,0.110034,3.347599,257.547451,1.012236,0.072841,0.006166,quarterly
SW,2026-06-30,0.1742,0.053418,0.011082,0.12265,0.037355,0.004935,0.001969,0.00916,0.008138,261.259563,2.895293,1.289205,77.507004,37.291165,4.573751,122.439325,0.003828,0.785318,0.313356,13.692386,1.715084,1.44703,0.963884,0.177673,1.631654,231.679662,8.595506,0.057901,0.003362,quarterly
SWK,2026-06-30,0.329689,0.090363,0.088696,0.182998,0.176282,0.039213,0.017483,0.018369,0.03801,38.5086,3.415576,1.510032,19.375639,25.037487,4.581809,25.991364,0.025968,0.531087,0.236788,5.747103,6.176349,1.432277,0.552528,0.197113,3.096716,320.542222,2.172217,0.016386,0.006161,quarterly
SWKS,2026-06-30,0.401155,0.073064,0.036264,0.183355,-0.018079,0.005908,0.004566,0.007609,0.00835,393.981251,14.28751,2.327512,-790.293752,77.233748,14.161173,-783.305589,0.002538,0.118694,0.091731,,9.271186,3.100652,1.939151,0.125899,2.684664,622.9501,2.076696,0.093389,0.056911,quarterly
SYF,2026-06-30,,,0.238031,,0.650888,0.052376,0.007258,,,27.588506,6.566925,1.44498,10.089185,,7.092746,10.897036,0.036247,0.97248,0.134766,,,,,0.030493,,,2.734463,,,quarterly
SYK,2026-06-30,0.682653,0.251935,0.193656,0.303688,0.160722,0.053193,0.026622,0.034789,0.041337,82.702676,16.015877,4.399225,99.649306,58.719949,17.832542,110.952425,0.012092,0.622895,0.311746,5.772614,12.092199,2.157092,1.331089,0.137471,1.760353,880.788146,0.988245,0.030657,0.008195,quarterly
SYY,2026-06-30,0.186856,0.044431,0.024905,0.055008,0.042307,0.206677,0.019403,0.046488,0.051751,68.801947,1.713518,14.219757,40.502001,42.019343,2.311406,54.634124,0.014534,5.614029,0.527063,9.638455,4.512195,1.276917,0.769647,0.779096,3.772208,70.343963,2.132486,0.010803,0.00104,quarterly
T,2026-06-30,0.618258,0.232081,0.146619,0.401515,0.163825,0.041895,0.010802,0.024913,0.020548,37.616294,5.51526,1.575917,33.665491,26.851202,10.781152,65.808817,0.026584,1.474847,0.38026,9.974272,4.091875,0.971001,0.926642,0.073672,3.703556,-982.508988,2.349254,0.18062,,quarterly
TAP,2026-06-30,0.343388,0.111352,0.074826,0.174584,0.230712,0.022896,0.009512,0.015138,0.018008,30.201192,2.259847,0.691498,9.795095,24.181309,4.221675,18.298454,0.033111,0.761856,0.316499,10.324639,,0.879396,0.716487,0.127119,3.083856,-299.187187,3.529996,0.033425,0.002842,quarterly
TDG,2026-06-30,0.593944,0.454943,0.196644,0.491062,0.23714,-0.05495,0.020147,0.03989,0.050744,111.378614,21.901887,-6.120203,92.358574,67.479993,33.136837,139.735494,0.008978,-3.413702,1.251589,22.817236,2.38716,3.019037,2.014375,0.102452,1.508531,947.68957,1.343228,0.026997,0.023714,quarterly
TDY,2026-06-30,0.44397,0.200421,0.151398,0.25197,0.171248,0.023053,0.016472,0.020163,0.024122,111.139435,16.826343,2.562055,98.257098,70.806146,17.841019,104.182278,0.008998,0.185648,0.132654,4.026975,,2.181137,1.386261,0.1088,1.772955,472.039844,1.252284,0.018346,0.008361,quarterly
TECH,2026-06-30,0.658155,0.295764,0.170057,0.301826,0.270667,0.025909,0.021116,0.031805,0.030046,207.77607,35.333809,5.383182,130.54358,117.310447,35.407308,130.815128,0.004813,0.137124,0.111758,,34.292511,4.547349,3.3516,0.124169,1.482984,808.079446,1.746874,0.026402,0.016283,quarterly
TEL,2026-06-30,0.35562,0.207946,0.144961,0.243798,0.170736,0.05647,0.028692,0.043785,0.046801,79.507757,11.525543,4.489793,67.504884,51.031644,12.441436,72.869249,0.012577,0.425185,0.216034,3.492051,32.322581,1.87618,1.226609,0.197929,1.376367,333.031493,1.584225,0.058915,0.007364,quarterly
TER,2026-06-30,0.597911,0.331712,0.281818,0.361352,0.284752,0.108966,0.076038,0.108948,0.117149,155.062165,43.699274,16.896468,153.464553,120.477659,43.534825,152.887038,0.006449,0.029131,0.020328,,150.669028,2.124821,1.762637,0.269812,1.1976,318.35171,1.252595,0.068252,0.015096,quarterly
TFC,2026-03-31,,,0.287461,,0.131793,0.023064,0.002698,,,40.055484,11.514397,0.92382,87.366968,,16.996538,128.963423,0.024965,1.075513,0.125804,,,,,0.009385,2.427898,,0.458474,,,quarterly
TGT,2026-07-31,0.336712,0.096462,0.070726,0.12589,0.091714,0.105195,0.030652,0.058858,0.063837,38.287269,2.707909,4.027641,29.525557,25.636098,3.227333,35.189073,0.026118,1.047414,0.305201,2.976953,26.091837,0.988102,0.362559,0.433396,,,2.026105,0.051584,0.003768,quarterly
TJX,2026-07-31,0.334124,0.130896,0.100132,0.156588,0.1139,0.14271,0.040954,0.110683,0.08575,92.079406,9.220072,13.140616,80.948928,62.378499,9.7677,85.756907,0.01086,1.344193,0.385747,,107.210526,1.14738,0.558907,0.408999,22.827068,118.470003,1.464474,0.03274,0.002833,quarterly
TKO,2026-06-30,0.640533,0.277818,0.065656,0.347293,0.225877,0.029911,0.006245,0.045673,0.031432,352.657475,23.15409,10.548263,102.507613,43.119203,14.974987,66.297153,0.002836,1.45868,0.304578,7.513163,6.120506,1.277735,1.257662,0.095124,1.459645,97.538287,3.681172,0.015814,0.026111,quarterly
TMO,2026-06-30,0.407037,0.182174,0.144739,0.261964,0.139653,0.032954,0.015339,0.020953,0.023699,138.751085,20.082698,4.572359,143.804109,88.95126,23.302056,166.856632,0.007207,0.807688,0.375961,12.248568,5.798005,1.550534,1.177119,0.105978,1.269072,408.679636,1.224078,0.037519,0.006837,quarterly
TMUS,2026-06-30,0.647536,0.240885,0.142118,0.386863,0.189241,0.057567,0.015167,0.029163,0.028332,55.696788,7.915488,3.20629,41.827474,33.798789,13.075509,69.094348,0.017954,2.122794,0.559294,9.277078,5.10237,0.924217,0.831196,0.106723,4.343625,-12.70539,2.315529,0.139836,0.00939,quarterly
TPL,2026-06-30,0.885357,0.779557,0.625582,0.858778,0.613698,0.092041,0.082781,0.091148,0.110214,158.028339,98.859632,14.545163,161.088316,114.025392,97.922473,159.561247,0.006328,0.009276,0.008343,,200.07297,4.598272,,0.132327,1.407902,,1.122971,0.088812,0.017833,quarterly
TPR,2026-06-30,0.833209,0.235692,0.185335,0.266066,0.24992,0.502529,0.051975,0.116815,0.087324,65.928818,12.218929,33.131112,48.891349,51.540441,13.713174,54.870239,0.015168,5.711602,0.590732,2.812538,37.033613,1.752158,1.249909,0.280437,7.914804,330.536242,1.501438,0.028349,0.013588,quarterly
TRGP,2026-06-30,0.379496,0.278034,0.172203,0.381658,0.097115,0.209107,0.026814,0.042575,0.049454,81.944289,14.111079,17.13513,145.302883,48.530329,18.521992,190.722394,0.012203,5.354301,0.686584,11.006491,5.247253,0.770748,0.67937,0.15571,2.274525,-77.556579,1.885038,0.227495,0.004054,quarterly
TRMB,2026-06-30,0.694342,0.148765,-0.485288,-0.383539,0.239918,-0.092295,-0.055229,0.022009,-0.059448,-28.45417,13.808469,2.626171,57.555027,-39.342094,15.089231,62.893364,-0.035144,0.285533,0.170862,-3.339324,-20.282297,0.953695,0.822295,0.113807,1.625146,212.309739,-0.509434,0.007305,0.044547,quarterly
TROW,2026-06-30,0.46912,0.295533,0.331341,0.367306,0.236395,0.057441,0.041153,0.039169,0.037772,35.156613,11.648831,2.019448,49.276956,29.411332,10.802967,45.698779,0.028444,0.039027,0.027961,,,9.630766,,0.124202,2.025701,,0.818513,0.034812,0.021338,quarterly
TRV,2026-06-30,,,0.181684,,0.157657,0.066665,0.015378,,,35.387852,6.42939,2.359119,40.78099,,6.759102,42.872323,0.028258,0.273784,0.063156,,25.486726,,,0.084643,0.517876,,0.867754,,,quarterly
TSCO,2026-06-30,0.370511,0.116676,0.07943,0.131672,0.072427,0.137072,0.02966,0.088754,0.052063,46.526209,3.695561,6.37746,51.024744,38.624618,5.085773,70.219458,0.021493,2.487095,0.538156,3.2146,27.311875,1.333809,0.23076,0.373407,,,1.558061,0.051329,0.00342,quarterly
TSLA,2026-06-30,0.16826,0.014095,0.039453,0.107274,-0.038922,0.012826,0.0075,0.003522,0.012467,1291.473595,50.952741,16.563835,-1309.100623,466.133573,50.0042,-1284.730295,0.000774,0.18513,0.108265,,17.407407,1.940946,1.552745,0.190111,6.908735,28.399904,4.216338,0.20527,0.040764,quarterly
TSN,2026-06-30,0.066412,0.026103,0.013124,0.049971,0.034684,0.010067,0.005111,0.009704,0.012547,102.003104,1.338662,1.026858,38.595769,37.426503,1.870246,53.922175,0.009804,0.442834,0.224812,10.484848,3.714286,1.433419,0.548705,0.389419,5.644282,151.469954,3.516484,0.011465,,quarterly
TT,2026-06-30,0.355662,0.192697,0.145699,0.208735,0.159172,0.107354,0.038691,0.075124,0.078289,101.992161,14.860178,10.949233,93.359185,73.695404,15.382835,96.642781,0.009805,0.535412,0.192965,2.487181,22.903955,1.073401,0.761527,0.265552,1.500378,211.246064,1.175003,0.012025,0.003903,quarterly
TTD,2026-06-30,0.742212,0.142054,0.090054,0.184205,0.190193,0.025014,0.011171,0.022467,0.034192,102.203744,9.203893,2.556491,48.392326,41.676544,7.677023,40.364336,0.009784,0.168629,0.075308,,,1.723832,,0.124046,0.223398,,2.385222,0.024606,0.153213,quarterly
TTWO,2026-06-30,0.575331,-0.023144,-0.022231,0.193754,-0.126345,-0.00945,-0.003762,-0.004007,-0.003009,-1126.54342,25.044091,10.646029,-198.220488,133.018951,25.773018,-203.989846,-0.000888,0.816068,0.324871,3.885599,-0.621711,1.062329,,0.169226,2.527435,,4.950147,0.016298,0.056066,quarterly
TXN,2026-06-30,0.613582,0.425956,0.362438,0.539447,0.400696,0.109957,0.055181,0.064217,0.07289,122.98403,44.574113,13.522984,111.241836,85.021841,45.864793,114.462935,0.008131,0.780363,0.391617,3.526298,16.87234,4.857275,3.437731,0.152249,2.167857,847.016588,1.365152,0.094087,0.023247,quarterly
TXT,2026-06-30,0.181343,0.069767,0.064803,0.112621,0.054612,0.030792,0.013676,0.018367,0.025015,55.264669,3.581301,1.701718,65.577215,38.238137,4.306412,78.854722,0.018095,0.472436,0.209827,5.102088,10.212121,1.860789,0.848348,0.21104,2.657639,545.678606,1.225806,0.024824,,quarterly
TYL,2026-06-30,0.475987,0.147412,0.144958,0.252654,0.183717,0.030789,0.016085,0.016581,0.026616,147.803404,21.425326,4.550655,116.621456,87.77679,22.177146,120.713732,0.006766,0.479065,0.250281,3.149583,41.56187,1.553659,,0.110964,0.889952,,1.330428,0.00914,0.067683,quarterly
UAL,2026-06-30,0.243153,0.053814,0.045552,0.074129,0.015109,0.048212,0.009519,0.017288,0.023061,43.831026,1.996603,2.113193,132.149724,39.93626,2.960418,195.941947,0.022815,2.01641,0.398113,12.441221,4.612676,0.780291,0.715639,0.208965,7.145977,-57.453521,2.0,0.075996,,quarterly
UBER,2026-06-30,0.449299,0.133183,0.168698,0.253611,0.196744,0.087641,0.036382,0.035104,0.066837,60.150578,10.147311,5.271653,51.576104,42.907333,10.881791,55.309274,0.016625,0.539281,0.223872,2.181995,26.80315,0.842512,,0.215665,3.301768,,1.195489,0.004933,0.038757,quarterly
UDR,2026-06-30,0.278226,0.195642,0.162283,0.670653,0.461343,0.023492,0.006725,0.009501,0.013028,180.396138,29.275215,4.237833,63.456459,62.485094,41.905799,90.834297,0.005543,2.039978,0.583989,20.374136,2.55508,0.225334,0.16636,0.04144,,,3.797711,0.15496,0.016131,quarterly
UHS,2026-06-30,0.908742,0.1114,0.077285,0.147718,0.045347,0.047705,0.022494,0.031795,0.04097,29.051696,2.245249,1.385913,49.512851,22.884145,3.380391,74.545305,0.034421,0.700334,0.330217,6.879196,13.395892,1.115739,1.044751,0.291049,1.655778,-1691.48827,1.236732,0.050234,0.004939,quarterly
ULTA,2026-07-31,0.391001,0.126551,0.092897,0.15185,0.012662,0.106669,0.040495,0.097302,0.081074,82.022855,7.619699,8.749321,601.772656,55.191744,8.380841,661.88453,0.012192,0.954719,0.362442,0.392929,103.051303,1.345087,0.290094,0.435913,12.177043,377.56258,0.424445,0.026768,0.003483,quarterly
UNH,2026-06-30,0.207967,0.071328,0.04895,0.080066,0.091518,0.055705,0.017706,0.037854,0.040069,61.689184,3.019704,3.436402,32.995561,43.218004,3.46031,37.809957,0.01621,0.744847,0.23675,4.988071,8.243243,0.776784,,0.361712,5.193158,,2.015317,0.007132,0.002464,quarterly
UNP,2026-06-30,0.455274,0.402535,0.290355,0.510781,0.32095,0.096406,0.027987,0.04226,0.04372,83.274898,24.179323,8.028195,75.336756,55.625175,28.412276,88.525586,0.012008,1.507715,0.437699,8.189675,9.162939,0.985923,0.822167,0.09639,3.222535,112.093424,1.543402,0.127185,,quarterly
UPS,2026-06-30,0.130069,0.040729,0.026452,0.088158,0.00727,0.040088,0.008475,0.018663,0.01832,139.533807,3.690918,5.593577,507.701322,53.815413,4.74426,652.59293,0.007167,1.903033,0.402332,9.851465,3.797794,1.17902,,0.320401,2.132026,,1.422185,0.030349,0.001489,quarterly
URI,2026-06-30,0.392744,0.25941,0.170748,0.454649,-0.059184,0.081635,0.024047,0.036473,0.04453,83.809137,14.310268,6.841748,-241.794177,39.09291,17.773534,-300.311438,0.011932,1.667931,0.491314,7.041397,6.657303,0.76398,0.701467,0.140832,1.576689,52.132535,2.378486,0.465306,0.009751,quarterly
USB,2026-06-30,,,0.283242,,0.627114,0.032284,0.002999,,,42.984184,12.174937,1.387718,19.414226,,16.935281,27.005098,0.023264,1.423775,0.132257,,,,,0.010588,,,2.214056,,,quarterly
V,2026-06-30,0.764635,0.612912,0.483796,0.635606,0.527551,0.159986,0.059499,0.100349,0.111322,122.852018,59.435327,19.654647,112.662727,92.979018,59.097985,112.023279,0.00814,0.678208,0.252225,1.55518,36.221649,0.985223,,0.122983,3.29827,,1.164534,0.035846,0.019084,quarterly
VEEV,2026-07-31,0.749977,0.296367,0.294655,0.308082,0.25724,0.036793,0.030179,0.02895,0.036166,154.081319,45.400841,5.669191,176.492302,122.561735,37.759104,146.785633,0.00649,0.020413,0.016743,,,5.457761,,0.102422,1.868343,,0.87302,,0.147423,quarterly
VICI,2026-06-30,0.993014,0.703548,0.497419,0.704555,0.687774,0.01805,0.010908,0.016154,0.015663,49.60402,24.674006,0.895334,35.875176,59.122722,41.65521,60.565276,0.02016,0.611697,0.369655,22.316506,3.54779,31.121041,,0.021928,229.163239,,1.382999,0.000157,0.004354,quarterly
VLO,2026-06-30,0.12265,0.116827,0.083641,0.136006,0.12038,0.148794,0.057529,0.112678,0.115677,31.987811,2.67548,4.759596,22.225375,20.786356,2.827068,23.484622,0.031262,0.453942,0.17551,0.574475,36.634483,1.636432,1.229591,0.687812,3.19328,50.714477,1.5,0.005081,,quarterly
VLTO,2026-06-30,0.61194,0.213704,0.163501,0.234057,0.222524,0.077817,0.028161,0.040562,0.048608,95.585199,15.628245,7.438177,70.231808,71.046473,16.628924,74.72876,0.010462,1.091056,0.394835,3.652174,11.703704,1.775401,1.612056,0.172237,1.600434,171.271136,1.410788,0.008141,0.016282,quarterly
VMC,2026-06-30,0.290148,0.216532,0.150014,0.295343,0.069394,0.038206,0.019669,0.029064,0.030189,96.494889,14.475576,3.686657,208.599245,56.507379,16.689047,240.496311,0.010363,0.577162,0.297135,6.549552,8.394881,1.757492,1.198165,0.131115,1.959284,,1.062152,0.089943,0.004268,quarterly
VMRK,2026-06-30,0.632432,0.297998,0.200214,0.591446,0.368396,0.012952,0.006983,0.011007,0.011041,304.204728,60.906029,3.940205,165.327387,,,,0.003287,0.764175,0.411977,19.443353,3.240088,0.141607,,0.034877,,,2.338422,0.099788,0.010324,quarterly
VRSK,2026-06-30,0.71053,0.451073,0.283517,0.541734,0.369465,-0.192262,0.050846,0.083895,0.105397,99.871688,28.315351,-19.201571,76.638697,61.5741,33.356774,90.283877,0.010013,-3.883179,1.026958,8.937729,6.746212,1.005464,,0.179341,2.01575,,1.60105,0.08446,0.018231,quarterly
VRSN,2026-06-30,0.884952,0.681776,0.498159,0.707317,0.489646,-0.096047,0.120091,2.836883,-3.123572,126.568349,63.051191,-12.156536,128.76902,93.291916,65.986965,134.764733,0.007901,-1.038241,1.298147,4.858491,15.666667,0.590964,,0.241069,45.747368,,1.069746,0.043258,0.044639,quarterly
VRT,2026-06-30,0.377149,0.19482,0.152032,0.230034,0.282595,0.104633,0.031306,0.066538,0.073621,192.873037,29.322969,20.180805,103.763318,127.774568,29.392482,104.009299,0.005185,0.701656,0.209938,0.171535,36.632184,1.378559,1.030264,0.205919,0.873077,426.938844,2.209321,0.053294,0.004215,quarterly
VRTX,2026-06-30,0.853265,0.380545,0.329884,0.397492,0.303908,0.054317,0.040105,0.049513,0.054021,117.152505,38.646728,6.363343,127.165737,92.79318,36.884586,121.367472,0.008536,0.097669,0.072114,,,3.185378,2.737144,0.121572,1.562058,1230.178801,1.023277,0.033654,0.051051,quarterly
VST,2026-06-30,0.346029,0.137665,0.075927,0.32462,0.083147,0.055637,0.007159,0.017248,0.020564,154.799349,11.753498,8.612514,141.358687,53.508284,17.369879,208.906596,0.00646,3.62915,0.466986,14.923313,2.840517,0.973383,0.874775,0.094289,1.751853,144.020725,3.354098,0.171521,0.008713,quarterly
VTR,2026-06-30,0.39719,0.134301,0.040801,0.359714,0.218246,0.004817,0.00238,0.008497,0.007407,630.116521,25.709391,3.035437,117.800162,92.820092,33.38872,152.986768,0.001587,0.881879,0.43563,20.07312,1.291213,0.586927,,0.058323,6.726378,,7.886482,0.103531,0.003071,quarterly
VTRS,2026-06-30,0.387697,0.019618,-0.031623,0.194048,0.085711,-0.008331,-0.00339,0.002669,0.001976,-163.877236,5.182234,1.365222,60.461539,43.322105,8.406573,98.08017,-0.006102,0.955541,0.38883,17.098491,0.46976,1.584623,0.964811,0.107201,1.455503,678.052253,-3.213805,0.015918,0.010301,quarterly
VZ,2026-06-30,0.618019,0.209587,0.111961,0.358129,0.156307,0.036903,0.009349,0.019972,0.020861,52.099907,5.833157,1.922663,37.31848,32.031397,11.471379,73.38983,0.019194,1.813491,0.459445,13.32673,3.656927,0.603929,0.571201,0.083506,1.293249,,2.720991,0.148337,,quarterly
WAB,2026-06-30,0.365209,0.188739,0.124253,0.229947,0.11922,0.035224,0.017079,0.025791,0.033707,119.832628,14.889553,4.220964,124.891525,73.378781,16.873196,141.53005,0.008345,0.585964,0.284114,8.072503,7.475,1.121403,0.591053,0.137452,1.848256,456.130661,1.116456,0.019503,0.008808,quarterly
WAT,2026-06-30,0.446201,-0.022492,-0.082675,0.133739,0.093009,-0.00895,-0.005495,-0.00176,-0.003624,-304.397824,25.166021,2.724456,270.575844,210.737953,28.183799,303.021893,-0.003285,0.358934,0.220355,20.668182,-1.35,1.861192,1.287203,0.066462,0.827881,646.823028,-1.477941,0.029179,0.015198,quarterly
WBD,2026-06-30,0.469886,0.04279,0.017093,0.44419,0.065619,0.004537,0.001532,0.0,0.002959,467.774471,7.995686,2.122492,121.850343,25.714502,11.422112,174.067397,0.002138,0.975181,0.329292,7.40031,0.469667,0.776745,,0.089637,1.760299,,5.691275,0.031662,0.021796,quarterly
WDAY,2026-07-31,0.753869,0.118158,0.238581,0.168365,0.17365,0.097833,0.039856,0.033125,0.038238,73.928276,17.637852,7.232612,101.571023,105.586706,17.77715,102.373198,0.013527,0.583901,0.237876,5.219731,12.678571,0.908109,,0.167056,1.397889,,0.821203,0.022273,0.174405,quarterly
WDC,2026-06-30,0.541233,0.42861,0.819055,0.896717,0.341873,0.346232,0.221413,0.159367,0.338946,51.850224,42.468198,17.952204,124.221966,47.244151,42.364651,123.919086,0.019286,0.118682,0.075896,,232.928571,1.328774,0.972406,0.270327,1.849457,141.511704,0.45259,0.028823,0.01201,quarterly
WEC,2026-06-30,0.431308,0.209883,0.14524,0.456719,-0.130789,0.021143,0.005678,0.010823,0.011714,112.246675,16.302739,2.373256,-124.649162,60.553389,27.655876,-211.45414,0.008909,1.622253,0.435631,23.905182,2.43294,0.534099,0.391137,0.039092,1.348483,185.392727,3.313189,0.611997,,quarterly
WELL,2026-03-31,0.37822,0.168928,0.220429,0.353984,0.200128,0.016639,0.01084,0.008742,0.008287,226.325855,49.888742,3.765779,249.284744,157.209837,55.649833,278.071842,0.004418,0.456341,0.297303,11.305902,2.791469,4.33467,,0.049177,1.29482,,0.919496,0.002556,0.005696,quarterly
WFC,2026-06-30,,,0.28322,,0.299487,0.035557,0.002807,,,40.647234,11.512104,1.44529,38.439384,,11.491726,38.37134,0.024602,1.150491,0.090836,,,,,0.009912,0.735221,,1.057437,,,quarterly
WM,2026-06-30,0.408288,0.189856,0.117445,0.298474,0.163974,0.079093,0.016903,0.029268,0.031042,107.49029,12.624159,8.501751,76.988939,53.724249,16.03529,97.791858,0.009303,2.353249,0.502918,11.42807,5.39485,0.907364,0.868359,0.143925,1.912446,28.42772,2.198726,0.094255,0.006882,quarterly
WMB,2026-06-30,0.637406,0.38323,0.270881,0.68752,-0.150016,0.062699,0.013645,0.020529,0.027874,106.564963,28.866435,6.681518,-192.421888,57.614203,39.610944,-264.044133,0.009384,2.334572,0.508051,14.573606,4.061995,0.477085,0.425909,0.050371,1.960822,-435.375719,1.663845,0.600721,0.005568,quarterly
WMT,2026-07-31,0.261433,0.049926,0.033873,0.064915,0.039774,0.064802,0.021659,0.051438,0.046415,133.422216,4.519418,8.646001,113.627535,75.155143,4.878724,122.661237,0.007495,0.750779,0.250941,3.187049,31.463878,0.767128,0.234394,0.639429,16.969481,14.36193,2.351869,0.039891,,quarterly
WRB,2026-06-30,,,0.121767,,0.215405,0.045993,0.009901,,,57.449601,6.995477,2.642284,32.47586,,7.111372,33.013894,0.017407,0.28885,0.062183,,19.129034,,,0.081313,0.501732,,1.768994,,0.004245,quarterly
WSM,2026-07-31,0.516364,0.229005,0.172526,0.25787,0.245331,0.157927,0.061404,0.153677,0.124398,78.099343,13.474166,12.334027,54.922296,53.239263,13.728794,55.960191,0.012804,0.713689,0.27749,,,1.446633,0.684261,0.355911,13.402889,313.592703,1.595755,0.029978,0.016323,quarterly
WST,2026-06-30,0.377393,0.219993,0.176545,0.26241,0.092629,0.051502,0.037778,0.049353,0.053174,165.5704,29.230588,8.527136,315.567347,110.871741,29.093823,314.090861,0.00604,0.104374,0.076563,,70.269231,2.822014,2.123497,0.213988,1.22514,428.776619,0.805195,0.049524,0.012496,quarterly
WTW,2026-06-30,0.371046,0.172344,0.092863,0.194647,0.172344,0.029787,0.007494,0.024057,0.024161,125.713725,11.674146,3.744595,67.737513,71.48009,13.913399,80.730454,0.007955,0.923647,0.23237,10.214583,4.74359,1.098393,,0.080696,1.332253,,2.113537,0.023925,0.02717,quarterly
WY,2026-06-30,0.166577,0.087841,0.08677,0.18211,0.139261,0.017132,0.00981,0.011021,0.013643,94.407516,8.191761,1.617388,58.823144,59.458873,10.828075,77.753911,0.010592,0.576248,0.329982,14.405882,3.227273,1.81576,1.145394,0.113062,5.005362,141.652519,2.462963,0.074451,0.005356,quarterly
WYNN,2026-06-30,0.40871,0.165229,0.075427,0.278052,0.182506,-0.826563,0.010644,0.026705,0.034232,60.051314,4.529462,-49.63622,24.81811,34.458741,9.581323,52.498584,0.016652,-72.837947,0.937932,17.723962,2.305887,0.912405,0.881481,0.141113,5.51626,16.041669,3.512195,0.082406,0.009102,quarterly
XEL,2026-06-30,0.530619,0.227316,0.187881,0.517153,-0.592498,0.024359,0.006723,0.011163,0.011772,77.066659,14.47934,1.877252,-24.437804,52.569161,27.186296,-45.88423,0.012976,1.676144,0.462605,23.215747,2.321608,0.701338,0.615429,0.035783,2.485259,-246.556148,1.877133,0.945175,0.003847,quarterly
XOM,2026-06-30,0.225174,0.158868,0.126824,0.247448,0.148679,0.055999,0.031271,0.046196,0.052312,46.296873,5.871544,2.592575,39.491548,25.087264,6.207799,41.753175,0.0216,0.163343,0.091216,1.121383,86.568282,1.134673,0.846899,0.246574,1.891228,-8.251418,1.621687,0.05699,,quarterly
XYL,2026-06-30,0.412243,0.171661,0.112586,0.21875,0.086045,0.025238,0.015165,0.021543,0.02538,95.489892,10.750788,2.409926,124.944486,53.107321,11.617227,135.014135,0.010472,0.293158,0.176162,3.228963,53.0,1.613069,1.240088,0.134702,1.245867,293.766274,1.102662,0.038099,0.005137,quarterly
XYZ,2026-06-30,0.478427,0.155994,0.013376,0.170357,0.146064,0.004015,0.002261,0.010306,0.035997,517.738296,6.925175,2.078672,47.411767,41.003381,6.985223,47.822876,0.001931,0.325273,0.183144,,,2.208796,2.189818,0.169005,1.630853,231.899701,11.521188,0.008041,0.039251,quarterly
YUM,2026-06-30,0.453917,0.304608,0.393088,0.331797,0.187558,-0.120023,0.098249,0.127902,0.150569,44.147274,17.353744,-5.298667,92.524876,69.984193,23.220562,123.804961,0.022651,-1.72717,1.413845,16.1125,5.164062,0.592032,,0.249942,3.483146,,0.594373,0.046083,0.005069,quarterly
ZBH,2026-06-30,0.708085,0.171796,0.091089,0.275057,0.152228,0.015708,0.008698,0.014557,0.016579,91.723383,8.354959,1.440818,54.884571,42.309029,11.637412,76.447335,0.010902,0.592448,0.328058,11.805277,4.499314,1.691289,0.937913,0.095492,1.230291,1398.225368,2.258195,0.053468,0.0113,quarterly
ZBRA,2026-06-30,0.529865,0.212588,0.149647,0.242132,0.127168,0.067831,0.026977,0.043625,0.06898,70.383238,10.532623,4.774176,82.82472,50.939774,12.334165,96.991387,0.014208,0.8623,0.342943,6.925729,9.142857,0.515758,0.332416,0.180271,1.572727,229.587755,0.905579,0.008349,0.023121,quarterly
ZTS,2026-06-30,0.72731,0.404781,0.279984,0.423825,0.21799,0.219504,0.045831,0.065359,0.07122,42.69778,11.954686,9.372353,54.840457,35.452356,15.025593,68.927815,0.02342,2.934562,0.612721,7.241874,15.196721,3.08394,1.835032,0.163693,1.570974,1383.201764,0.947902,0.047407,0.010535,quarterly
