Ticker,Trailing P/E,Forward P/E,P/B,PEG Ratio,ROE,ROA,Debt/Equity,Current Ratio,Quick Ratio,Profit Margin,Operating Margin,Gross Margin,Revenue Growth,Earnings Growth,Trailing EPS,Forward EPS,Market Cap,Enterprise Value,Dividend Yield,Payout Ratio,Beta,Sector,Industry,Shares Outstanding,Float Shares,Book Value Per Share,P/S,EV/Revenue,EV/EBITDA,Insider Ownership,Institutional Ownership,Short Ratio,Most Recent Quarter,Earnings Date
A,24.408388,16.823715,4.5248814,1.17,0.19945998,0.08533,51.39,2.066,1.468,0.18259001,0.22859,0.523,0.07,-0.036,4.53,6.57227,31247337472.0,33039337472.0,0.92,0.22049999,1.219,Healthcare,Diagnostics & Research,282602317.0,281641469.0,24.436,4.4228363,4.676,16.763,0.00184,0.94315004,2.64,2026-01-31,2026-05-27
A,29.829176,23.516968,6.158266,1.32,0.21330999,0.08613,49.733,2.099,1.457,0.19552,0.23706,0.52641,0.1,0.6,5.21,6.60842,43892748288.0,45627748352.0,0.69,0.202,1.229,Healthcare,Diagnostics & Research,282431944.0,281463202.0,25.236,6.0692406,6.309,22.644,0.0019400001,0.95521003,2.59,2026-04-30,2026-08-26
A,30.861933,23.155527,5.9920344,1.29,0.20971,0.086330004,56.336,2.05,1.414,0.19533001,0.25559,0.53648996,0.081,0.085,5.07,6.75735,44119191552.0,46503407616.0,0.65,0.1998,1.241,Healthcare,Diagnostics & Research,281965813.0,280964657.0,26.113,5.9846973,6.308,22.357,0.00195,0.95459,2.76,2026-07-31,2026-08-26
AAPL,34.249683,28.898207,45.053352,2.43,1.5202099,0.24377,102.63,0.974,0.845,0.27037,0.35374,0.47325,0.157,0.183,7.89,9.3511,3971820552192.0,3990886547456.0,0.38,0.1304,1.109,Technology,Consumer Electronics,14681140000.0,14656035251.0,5.998,9.117689,9.161,26.101,0.0164,0.65295,3.11,2025-12-27,2026-04-30
AAPL,40.502426,34.625034,45.969696,2.69,1.4147099,0.26229,79.548,1.07,0.906,0.27152002,0.32275,0.47862,0.166,0.218,8.24,9.63869,4901757779968.0,4917961949184.0,0.32,0.1259,1.097,Technology,Consumer Electronics,14687356000.0,14662387495.0,7.26,10.858001,10.894,30.742,0.01631,0.66203004,2.11,2026-03-28,2026-07-30
AAPL,38.591274,35.05517,45.669838,2.7,1.4875101,0.27082002,78.445,1.003,0.812,0.27618998,0.32623002,0.48653,0.164,0.287,8.71,9.5886,4905541566464.0,4927486689280.0,0.32,0.1204,1.085,Technology,Consumer Electronics,14594180000.0,14569078010.0,7.36,10.508355,10.555,29.337,0.01648,0.66341,2.97,2026-06-27,2026-07-30
ABBV,87.55462,12.949405,-112.63784,0.48,62.25,0.09807,,0.671,0.412,0.0691,0.34108,0.71620005,0.1,,2.38,16.09186,368574726144.0,431636054016.0,3.32,2.7679,0.364,Healthcare,Drug Manufacturers - General,1768762377.0,1765057035.0,-1.85,6.0264015,7.057,14.755,0.00117,0.76485,2.67,2025-12-31,2026-04-29
ABBV,124.75001,15.63166,-67.55774,0.42,,0.10032,,0.796,0.519,0.05786,0.32156,0.72026,0.124,-0.462,2.04,16.28042,449631125504.0,513196097536.0,2.72,3.2598002,0.283,Healthcare,Drug Manufacturers - General,1766792821.0,1763612594.0,-3.767,7.1575656,8.169,17.155,0.00107,0.76864,2.52,2026-03-31,2026-07-31
ABBV,74.56497,16.226177,-78.58291,0.54,,0.105100006,,0.809,0.49,0.098000005,0.40035,0.72792,0.102,2.904,3.54,16.26754,466448285696.0,530811289600.0,2.62,1.9039999,0.281,Healthcare,Drug Manufacturers - General,1767117285.0,1763989487.0,-3.359,7.2445607,8.244,17.255,0.0011,0.7736,4.0,2026-06-30,2026-07-31
ABNB,35.12407,24.55449,10.392805,1.33,0.30233,0.07367,27.698,1.377,0.821,0.20513001,0.096829996,0.82959,0.12,-0.237,4.03,5.76473,84861206528.0,76118204416.0,,0.0,1.16,Consumer Cyclical,Travel Services,423573275.0,407957258.0,13.62,6.9325385,6.218,29.572,0.01363,0.8714,3.79,2025-12-31,2026-05-07
ABNB,36.133663,24.182486,11.374474,1.37,0.32325,0.06245,33.185,1.442,0.745,0.19902,0.03211,0.82913,0.179,0.06,4.04,6.0366,86639845376.0,77168844800.0,,0.0,1.143,Consumer Cyclical,Travel Services,417930233.0,403369686.0,12.834,6.850624,6.102,29.465,0.01121,0.89329004,3.69,2026-03-31,2026-08-06
ABNB,37.863327,26.866573,12.574325,1.58,0.34542,0.061389998,32.004,1.408,0.679,0.2045,0.21009001,0.82901,0.165,0.334,4.39,6.18687,99530153984.0,88427929600.0,,0.0,1.161,Consumer Cyclical,Travel Services,419529556.0,405782346.0,13.219,7.5636563,6.72,32.028,0.01941,0.89352,2.56,2026-06-30,2026-08-06
ABT,24.879553,14.647218,2.9716618,1.31,0.123339996,0.0559,64.773,1.388,0.844,0.13904999,0.13472,0.56503,0.078,-0.197,3.57,6.06395,154707836928.0,182188785664.0,2.84,0.67230004,0.647,Healthcare,Medical Devices,1741813154.0,1731169955.0,29.889,3.4277449,4.037,15.513,0.00494,0.82672,1.82,2026-03-31,2026-04-16
ABT,33.20712,16.917128,3.4739478,1.88,0.10576,0.05328,63.212,1.376,0.797,0.116450004,0.14706999,0.56847,0.13,-0.475,3.09,6.06545,177554636800.0,205323632640.0,2.46,0.7896,0.586,Healthcare,Medical Devices,1730383296.0,1719931781.0,29.537,3.811412,4.408,17.578,0.00495,0.81823,2.83,2026-06-30,
ACGL,8.4129305,9.677284,1.4928637,1.05,0.19540001,0.04437,11.919,1.077,0.498,0.22073,0.2953,0.37162,0.085,0.388,11.6,10.08444,34768662528.0,34618195968.0,,0.0,0.384,Financial Services,Insurance - Diversified,356272841.0,343197566.0,65.371,1.7446265,1.737,6.268,0.02563,0.94515,3.3,2025-12-31,2026-04-28
ACGL,7.7961535,10.309341,1.525115,1.05,0.21305999,0.045679998,11.282,0.566,0.269,0.24635,0.25282,0.39369,-0.033,0.946,13.0,9.83089,35410636800.0,35205681152.0,,0.0,0.292,Financial Services,Insurance - Diversified,349389588.0,335705881.0,66.454,1.7904959,1.78,5.97,0.026199998,0.94877,3.5,2026-03-31,2026-07-28
ACGL,7.581377,9.93661,1.4182206,1.05,0.19936001,0.04124,17.836,0.589,0.288,0.24396999,0.26584998,0.38758,-0.105,-0.071,12.78,9.75081,33061689344.0,33577027584.0,,0.0,0.282,Financial Services,Insurance - Diversified,341229126.0,326902135.0,68.318,1.7190979,1.746,6.034,0.02786,0.94148004,4.23,2026-06-30,2026-07-28
ACN,10.490165,8.620493,2.5211773,0.9,0.24763,0.11163,25.469,1.336,1.2,0.10606,0.13819,0.32026002,0.083,0.04,12.2,14.84602,78763393024.0,102125338624.0,3.94,0.5098,1.069,Technology,Information Technology Services,613939268.0,612778923.0,50.762,1.0922624,1.416,8.019,0.00044,0.85204005,4.37,2026-02-28,2026-06-18
ACN,14.468475,12.353157,3.4782524,1.32,0.24406,0.10903,25.035,1.339,1.213,0.10656,0.16964,0.32013,0.056,0.09,12.53,14.6756,110938972160.0,110773338112.0,3.6,0.5088,1.092,Technology,Information Technology Services,611942109.0,610969121.0,52.121,1.5176207,1.515,8.558,0.00035999998,0.825,4.62,2026-05-31,2026-10-01
ADBE,14.859557,9.66383,9.055043,0.73,0.58774,0.18905,58.34,0.912,0.789,0.29477,0.38762,0.89396006,0.12,0.111,17.16,26.38602,103066959872.0,102837960704.0,,0.0,1.417,Technology,Software - Application,404200000.0,402963148.0,28.16,4.2149005,4.206,10.807,0.00223,0.86061996,3.35,2026-02-27,2026-06-11
ADBE,15.061913,9.910231,9.438806,0.64,0.62953997,0.19926001,61.443,0.751,0.631,0.28689,0.35327998,0.89404,0.127,0.079,18.09,27.49381,108306825216.0,109757825024.0,,0.0,1.397,Technology,Software - Application,397500000.0,396231975.0,28.867,4.298231,4.356,11.282,0.00223,0.86855006,3.33,2026-05-29,2026-09-10
ADBE,13.890625,8.994958,8.358068,0.6,0.61902,0.19731002,57.48,0.77,0.649,0.28048,0.34822,0.89252996,0.129,0.105,17.92,27.67328,98945695744.0,99446398976.0,,0.0,1.417,Technology,Software - Application,397500000.0,393736000.0,29.782,3.81,3.829,10.194,0.00223,0.87154996,3.99,2026-08-28,2026-12-09
ADI,75.74223,31.275124,5.986533,1.07,0.07862,0.0454,25.753,1.756,1.249,0.23024,0.33067,0.62842,0.304,1.167,5.47,13.24727,202267869184.0,206920105984.0,0.98,0.7239,1.194,Technology,Semiconductors,488204157.0,486383155.0,69.207,17.204336,17.6,37.904,0.00244,0.93307996,3.32,2026-01-31,2026-05-20
ADI,55.857143,25.026602,5.418561,0.7,0.09639,0.054899998,25.81,1.752,1.232,0.26007998,0.38076,0.64491,0.372,1.105,6.72,14.99844,182832988160.0,188102410240.0,1.17,0.6057,1.188,Technology,Semiconductors,487087040.0,485265334.0,69.273,14.350881,14.764,30.589,0.00242,0.94635004,2.12,2026-05-02,2026-05-20
ADI,44.622326,22.98246,5.4264216,0.56,0.12227,0.06406,27.314,1.25,0.834,0.29787,0.39503,0.65800005,0.396,1.635,8.42,16.34812,182060941312.0,188900065280.0,1.17,0.4964,1.205,Technology,Semiconductors,484565465.0,482758036.0,69.239,13.115134,13.608,27.287,0.00241,0.93808,2.43,2026-08-01,2026-08-19
ADM,30.06278,13.796738,1.4155406,0.86,0.04721,0.01706,42.376,1.365,0.287,0.01343,0.01822,0.0627,-0.137,-0.197,2.23,4.85912,32306247680.0,41264771072.0,3.1,0.91480005,0.636,Consumer Defensive,Farm Products,481895100.0,477111628.0,47.36,0.40247476,0.514,16.368,0.00659,0.88413,2.87,2025-12-31,2026-05-05
ADM,38.348213,15.933433,1.8156455,2.52,0.047659997,0.01669,46.128,1.311,0.268,0.013409999,0.01274,0.062979996,0.016,0.009,2.24,5.39118,41400066048.0,51732066304.0,2.42,0.9152,0.609,Consumer Defensive,Farm Products,481956527.0,477941829.0,47.311,0.51375043,0.642,20.375,0.00661,0.87387,4.82,2026-03-31,2026-08-04
ADM,23.273224,14.8526325,1.7416729,1.05,0.07642,0.02257,39.134,1.389,0.301,0.021559998,0.04008,0.0687,0.072,3.156,3.66,5.73501,41053319168.0,49601318912.0,2.44,0.5628,0.613,Consumer Defensive,Farm Products,481959583.0,477838829.0,48.907,0.5000465,0.604,16.561,0.0070700003,0.88953,3.59,2026-06-30,2026-08-04
ADP,19.275963,16.75438,12.636787,2.57,0.73843,0.04709,70.044,1.032,0.081,0.19964,0.26283002,0.48351002,0.062,0.115,10.4,11.96523,81079836672.0,82771312640.0,3.39,0.6071,0.856,Technology,Software - Application,402644364.0,401750494.0,15.864,3.8219426,3.902,13.375,0.00158,0.8642,3.46,2025-12-31,2026-04-29
ADP,23.812033,20.929571,16.10403,2.4,0.71208,0.05949,69.259,1.043,0.131,0.20118,0.30184,0.48497,0.07,0.105,10.72,12.19638,102038167552.0,103207772160.0,2.66,0.6045,0.841,Technology,Software - Application,399734282.0,398830883.0,15.851,4.7239017,4.778,16.279,0.0014399999,0.91936994,4.78,2026-03-31,2026-07-29
ADP,24.814272,20.242655,17.88932,2.52,0.72239,0.062470004,91.436,1.051,0.155,0.20109,0.23459,0.48653,0.068,0.098,10.93,13.39844,107745607680.0,109030203392.0,2.51,0.6069,0.83,Technology,Software - Application,397262737.0,396313279.0,15.161,4.909265,4.968,17.006,0.0016699999,0.91499,4.98,2026-06-30,2026-07-29
ADSK,46.684513,17.301477,16.999235,0.95,0.39675,0.096999995,89.787,0.851,0.695,0.15597999,0.27236,0.92326,0.194,0.063,5.23,14.11209,51553222656.0,51654758400.0,,0.0,1.322,Technology,Software - Application,211145251.0,210445070.0,14.363,7.1542077,7.168,27.101,0.00213,0.97247005,2.77,2026-01-31,2026-05-28
ADSK,35.94993,17.672037,16.626307,0.96,0.50396,0.113249995,85.419,0.835,0.669,0.19488001,0.29524,0.92434,0.184,2.314,6.99,14.21964,53058686976.0,52822188032.0,,0.0,1.298,Technology,Software - Application,211145251.0,210434520.0,15.114,7.067895,7.036,24.695,0.00228,1.00314,3.95,2026-04-30,2026-08-27
ADSK,28.102331,15.278825,13.40273,0.83,0.53854,0.11472999,109.518,0.855,0.73,0.21078,0.29228002,0.92503,0.161,0.596,7.72,14.19939,45342547968.0,44892549120.0,,0.0,1.309,Technology,Software - Application,209000000.0,208433610.0,16.187,5.8206096,5.763,19.638,0.0023100001,1.01568,4.45,2026-07-31,2026-08-27
AEE,21.06729,19.469347,2.3246844,2.87,0.11337,0.03053,147.125,0.658,0.307,0.1719,0.24605,0.49244,-0.088,0.195,5.35,5.7891,31181584384.0,51177807872.0,2.66,0.53080004,0.533,Utilities,Utilities - Regulated Electric,276653219.0,275036864.0,48.484,3.6814148,6.042,13.761,0.00306,0.85503,5.0,2025-12-31,2026-05-05
AEE,20.06295,19.21434,2.2769024,2.53,0.117469996,0.03086,155.674,0.622,0.288,0.17834999,0.27786,0.50451,0.037,0.196,5.56,5.80556,30871644160.0,52291641344.0,2.69,0.518,0.481,Utilities,Utilities - Regulated Electric,276751616.0,275428743.0,48.992,3.6128314,6.12,13.664,0.0031,0.86358,7.05,2026-03-31,2026-07-30
AEE,17.998241,17.57254,2.0674663,2.52,0.11943,0.030569999,157.846,0.531,0.259,0.18583,0.25236,0.52408004,-0.062,0.119,5.68,5.8176,28301688832.0,50226683904.0,2.93,0.5141,0.47,Utilities,Utilities - Regulated Electric,276843251.0,275093602.0,49.447,3.3648424,5.972,12.846,0.00324,0.90207,8.27,2026-06-30,2026-07-30
AEP,20.06907,19.467932,2.321655,2.87,0.12486,0.03174,154.237,0.455,0.253,0.16364999,0.22843,0.47522,0.132,-0.126,6.66,6.86565,72652693504.0,122646544384.0,2.84,0.56159997,0.57,Utilities,Utilities - Regulated Electric,543563480.0,540066407.0,57.571,3.321114,5.606,13.693,0.0002,0.8468,5.11,2025-12-31,2026-05-05
AEP,19.518463,19.264357,2.2598464,2.27,0.12585,0.031689998,157.099,0.526,0.294,0.16289,0.23738001,0.47243,0.102,0.067,6.77,6.8593,71898038272.0,124360032256.0,2.88,0.55619997,0.504,Utilities,Utilities - Regulated Electric,544105032.0,543277915.0,58.473,3.2050123,5.544,13.605,0.00023,0.83017,6.18,2026-03-31,2026-07-30
AEP,20.797228,17.500772,2.0363488,2.03,0.10130999,0.029790001,160.789,0.504,0.277,0.13781999,0.23251,0.46352002,0.07,-0.432,5.77,6.85684,65327685632.0,119459684352.0,3.17,0.65510005,0.5,Utilities,Utilities - Regulated Electric,544397352.0,543509984.0,58.929,2.866381,5.242,13.231,0.00034000003,0.94308996,6.61,2026-06-30,2026-07-30
AES,11.045802,6.0574603,2.5363717,0.81,0.01954,0.02544,259.393,0.766,0.39,0.07439,0.16575001,0.18400998,0.047,-0.317,1.31,2.38879,10318146560.0,47563726848.0,4.86,0.5373,1.008,Utilities,Utilities - Diversified,713071623.0,707927227.0,5.705,0.8434682,3.888,13.687,0.0053399997,0.88986,1.26,2025-12-31,2026-03-02
AES,7.5885415,6.0993223,2.3507583,0.81,0.052600004,0.027139999,259.603,0.73,0.417,0.10819,0.18742001,0.19299999,0.087,9.511,1.92,2.38879,10390707200.0,48374706176.0,4.83,0.3666,0.957,Utilities,Utilities - Diversified,713157713.0,708515056.0,6.198,0.83212197,3.874,12.883,0.0057599996,0.91738,2.04,2026-03-31,2026-03-02
AES,5.554307,6.256064,2.1399713,0.81,0.095740005,0.02964,256.886,0.746,0.45,0.1434,0.18673,0.2027,0.199,,2.67,2.3705,10580295680.0,49552293888.0,4.75,0.2636,0.95,Utilities,Utilities - Diversified,713438630.0,708808413.0,6.93,0.8105022,3.796,12.175,0.0057599996,0.9159,2.35,2026-06-30,
AFL,16.767202,14.847217,2.0142467,1.18,0.13118,0.025390001,42.682,1.07,0.953,0.21242,0.33558998,0.46644002,-0.099,-0.229,6.83,7.71323,60021522432.0,64089628672.0,2.13,0.3402,0.652,Financial Services,Insurance - Life,515183672.0,512037112.0,56.855,3.4969425,3.734,13.383,0.108509995,0.59738,3.23,2025-12-31,2026-04-29
AFL,14.237443,16.502048,2.1252086,1.18,0.16469,0.03088,48.276,0.935,0.814,0.25596002,0.29567,0.50049996,0.279,38.6,8.76,7.55785,63480598528.0,69674598400.0,1.96,0.26860002,0.603,Financial Services,Insurance - Life,508984904.0,504643263.0,58.686,3.5048916,3.847,11.849,0.10786,0.59686,4.31,2026-03-31,2026-08-06
AFL,12.549083,15.425436,1.9275252,1.18,0.16908,0.0313,53.365,0.892,0.783,0.26908,0.25722998,0.50888,-0.01,0.468,9.27,7.54144,58321264640.0,65562267648.0,2.1,0.2567,0.58,Financial Services,Insurance - Life,501343298.0,497001665.0,60.352,3.2276974,3.628,10.81,0.1092,0.60108,5.18,2026-06-30,2026-11-04
AIG,14.489872,8.902336,1.0292906,1.22,0.07399,0.0173,24.408,0.622,0.222,0.11634,0.13768,0.34113997,-0.072,-0.056,5.43,8.83813,42216513536.0,39926513664.0,2.29,0.3223,0.601,Financial Services,Insurance - Diversified,534866770.0,534789016.0,76.441,1.586431,1.5,5.041,0.0059100003,0.99569,1.81,2025-12-31,2026-04-30
AIG,14.172536,9.090109,1.0617251,0.66,0.07723,0.01885,22.647,0.611,0.204,0.118389994,0.18620001,0.35534,0.014,0.216,5.68,8.85578,42681597952.0,42268602368.0,2.48,0.3169,0.541,Financial Services,Insurance - Diversified,530206221.0,528435332.0,75.82,1.5985018,1.583,5.083,0.0057099997,1.00131,2.05,2026-03-31,2026-08-06
AIG,13.74635,8.57337,0.9734319,0.64,0.0722,0.01765,22.466,0.612,0.218,0.11089,0.19414,0.35087,0.005,-0.101,5.48,8.78651,39389544448.0,38041542656.0,2.65,0.3376,0.511,Financial Services,Insurance - Diversified,522893169.0,521371550.0,77.386,1.4731121,1.423,4.67,0.00545,1.0031099,2.93,2026-06-30,2026-08-06
AIZ,13.460993,10.301976,1.931479,2.16,0.15899,0.02149,38.845,0.405,0.15,0.0681,0.101210006,0.11892,0.079,0.151,16.92,22.10838,11339486208.0,11386819584.0,1.48,0.19370002,0.56,Financial Services,Insurance - Property & Casualty,49786997.0,49280800.0,117.92,0.88490874,0.889,7.716,0.0076,0.97388,2.38,2025-12-31,2026-05-05
AIZ,14.182377,12.301539,2.3428257,2.16,0.18016,0.024360001,37.61,0.386,0.144,0.076,0.106400006,0.12745,0.113,0.912,19.52,22.5045,13716767744.0,14002767872.0,1.27,0.1722,0.555,Financial Services,Insurance - Property & Casualty,49547637.0,49175534.0,118.165,1.0422759,1.064,8.544,0.00712,0.97706,3.0,2026-03-31,2026-08-04
AIZ,13.510293,12.04389,2.2855594,2.16,0.18341999,0.02564,36.211,0.382,0.147,0.07903,0.11734,0.13272999,0.094,0.305,20.89,23.43346,13920647168.0,14094846976.0,1.25,0.16469999,0.542,Financial Services,Insurance - Property & Casualty,49323767.0,48956798.0,123.484,1.0345155,1.047,8.114,0.00701,0.99818003,3.65,2026-06-30,2026-08-04
AJG,38.608017,14.942028,2.442172,0.96,0.06906,0.022449998,58.354,1.056,0.202,0.11484,0.104370005,0.42163,0.367,-0.483,5.74,14.83132,56975929344.0,69222932480.0,1.26,0.45299998,0.683,Financial Services,Insurance Brokers,256888062.0,254274471.0,90.743,4.3797317,5.321,19.897,0.00879,0.93538004,2.57,2025-12-31,2026-04-30
AJG,41.150726,17.075392,2.7435005,0.84,0.07007,0.0228,56.18,1.063,0.187,0.11354,0.28402,0.42929,0.346,0.162,6.17,14.86935,65237573632.0,77212909568.0,1.1,0.42880002,0.508,Financial Services,Insurance Brokers,256942000.0,254074100.0,92.546,4.5948424,5.438,19.498,0.00849,0.9422,3.57,2026-03-31,2026-07-30
AJG,39.714756,16.082468,2.5879657,0.71,0.06722,0.02317,59.401,1.053,0.173,0.10378,0.1916,0.43186,0.309,-0.107,6.03,14.89075,61388537856.0,74128728064.0,1.17,0.44779998,0.506,Financial Services,Insurance Brokers,256341000.0,253519145.0,92.536,4.0630445,4.906,17.287,0.00866,0.95513,5.09,2026-06-30,2026-07-30
AKAM,31.234528,12.622553,2.7879052,1.1,0.091730006,0.035940003,114.024,2.363,2.047,0.10742,0.13822,0.58949,0.074,-0.374,3.07,7.59672,14117217280.0,18382176256.0,,0.0,0.594,Technology,Software - Infrastructure,147223048.0,141636825.0,34.395,3.3547125,4.368,15.567,0.02081,1.00754,3.98,2025-12-31,2026-05-07
AKAM,40.60473,16.743473,3.5637193,1.41,0.091680005,0.03393,119.534,2.057,1.749,0.102,0.10611,0.58284,0.058,-0.134,2.96,7.17832,17473878016.0,22411137024.0,,0.0,0.633,Technology,Software - Infrastructure,145385451.0,142056124.0,33.726,4.09546,5.253,19.539,0.021,1.1157,4.68,2026-03-31,2026-08-06
AKAM,37.869564,14.49193,3.1605685,1.67,0.08918,0.025150001,196.672,1.637,1.517,0.09507,0.076290004,0.57452,0.054,-0.268,2.76,7.21229,15021259776.0,21004859392.0,,0.0,0.635,Technology,Software - Infrastructure,143716609.0,140441307.0,33.07,3.474864,4.859,19.451,0.02128,1.13753,5.46,2026-06-30,2026-08-06
ALB,,22.440277,3.1895676,1.54,-0.04656,0.003,33.954,2.229,1.325,-0.09929,0.02263,0.13097,0.159,,-5.75,8.81228,23312132096.0,27490699264.0,0.82,0.5797,1.433,Basic Materials,Specialty Chemicals,117886887.0,117447718.0,61.999,4.5330243,5.346,37.262,0.00217,0.9593,0.02,2025-12-31,2026-05-06
ALB,,9.533688,1.8697462,0.79,-0.0182,0.01605,19.845,2.068,1.11,-0.042379998,0.24786,0.18531,0.327,,-3.42,12.66876,14244146176.0,17653377024.0,1.34,0.5797,1.346,Basic Materials,Specialty Chemicals,117934651.0,117537211.0,64.597,2.5923982,3.213,16.537,0.0019,0.96122,0.03,2026-03-31,2026-08-05
ALB,410.77777,9.817434,1.6276784,0.79,0.02648,0.03165,18.976,2.086,1.248,0.03795,0.2771,0.23959999,0.311,,0.27,11.29725,13087941632.0,15948981248.0,1.48,6.0,1.334,Basic Materials,Specialty Chemicals,118005057.0,117607380.0,68.14,2.2153275,2.7,10.758,0.00217,1.01763,0.03,2026-06-30,2026-08-05
ALGN,33.64071,15.436632,3.3499007,1.0,0.103870004,0.06938,2.826,1.363,1.173,0.1017,0.22384001,0.69805,0.053,0.356,5.65,12.31292,13612295168.0,12568132608.0,,0.0,1.811,Healthcare,Medical Instruments & Supplies,71617275.0,66726491.0,56.739,3.3735852,3.115,14.763,0.0682,0.96212995,3.34,2025-12-31,2026-04-29
ALGN,29.707563,14.291778,3.0507948,0.94,0.10824,0.072340004,2.797,1.393,1.173,0.10496,0.15469,0.69912004,0.062,0.239,5.95,12.36795,12659219456.0,11715430400.0,,0.0,1.669,Healthcare,Medical Instruments & Supplies,71618127.0,67023108.0,57.939,3.0907888,2.86,13.301,0.06816,1.00872,4.39,2026-03-31,2026-07-29
ALGN,25.582323,11.763112,2.484724,0.62,0.10155,0.07556,2.855,1.395,1.204,0.09991,0.18247,0.70741,0.043,-0.121,5.77,12.54855,10486193152.0,9504443392.0,,0.0,1.643,Healthcare,Medical Instruments & Supplies,71039852.0,66844238.0,59.407,2.5331833,2.296,10.268,0.06132,1.0515699,4.37,2026-06-30,2026-07-29
ALL,5.677962,8.3715105,1.9644659,0.47,0.39518002,0.064899996,25.091,0.366,0.236,0.15191,0.29017,0.31301,0.051,1.032,38.07,25.82091,56101269504.0,60191268864.0,2.0,0.105100006,0.224,Financial Services,Insurance - Property & Casualty,258227312.0,257973436.0,110.035,0.82885826,0.889,4.817,0.00546,0.83087,0.04,2025-12-31,2026-04-29
ALL,5.5275383,9.428207,2.1777399,2.9,0.45221,0.07521,23.719,0.364,0.236,0.17813,0.18954,0.34428,0.03,3.384,45.21,26.50557,64329486336.0,68400488448.0,1.73,0.090299994,0.166,Financial Services,Insurance - Property & Casualty,257420930.0,255853237.0,114.752,0.94360733,1.003,4.609,0.005,0.85537004,0.12,2026-03-31,2026-04-29
ALL,5.0026035,9.049241,2.0019872,1.84,0.46113998,0.086780004,22.261,0.363,0.243,0.18971,0.22827,0.36800998,0.118,0.612,49.94,27.60784,63171502080.0,66934501376.0,1.73,0.0833,0.15,Financial Services,Insurance - Property & Casualty,252857950.0,251323102.0,124.791,0.9006872,0.954,3.911,0.00496,0.86173,0.0,2026-06-30,2026-11-04
ALLE,19.371813,15.159283,6.007576,2.22,0.36084,0.11238,104.0,1.842,1.091,0.15829,0.21409,0.45196998,0.093,0.033,7.45,9.52024,12432517120.0,14226616320.0,1.47,0.2742,1.03,Industrials,Security & Protection Services,86145484.0,84903266.0,24.023,3.0567002,3.498,14.138,0.011510001,0.98411006,3.68,2025-12-31,2026-04-28
ALLE,18.774282,14.331019,5.612859,2.11,0.34179002,0.11034001,105.863,1.908,1.101,0.15237,0.18876,0.4497,0.097,-0.07,7.31,9.57643,11793838080.0,13709337600.0,1.54,0.2842,0.858,Industrials,Security & Protection Services,85935861.0,85455480.0,24.451,2.835739,3.296,13.566,0.0025,1.01538,3.86,2026-03-31,2026-07-23
ALLE,20.010511,15.579807,6.113944,2.02,0.3373,0.1103,104.895,1.93,1.133,0.15357,0.22102,0.44801,0.127,0.162,7.61,9.77419,12949401600.0,14851101696.0,1.44,0.2782,0.841,Industrials,Security & Protection Services,85036786.0,84568233.0,24.907,3.0195644,3.463,14.153,0.0023100001,1.05329,2.89,2026-06-30,2026-07-23
AMAT,40.670082,28.209934,14.50539,1.89,0.38863,0.14849,33.108,2.715,1.74,0.27784002,0.29892,0.48724,-0.021,0.752,9.76,14.07093,315015495680.0,313694486528.0,0.53,0.1826,1.637,Technology,Semiconductor Equipment & Materials,793609867.0,790133856.0,27.365,11.165219,11.118,35.29,0.0032499998,0.85516,2.01,2026-01-25,2026-05-14
AMAT,49.733334,31.62976,17.588495,1.34,0.39692003,0.14858,30.399,2.508,1.624,0.29314,0.31896,0.48956,0.114,0.335,10.65,16.74562,420528521216.0,419555540992.0,0.4,0.1731,1.567,Technology,Semiconductor Equipment & Materials,793959430.0,790767713.0,30.114,14.488993,14.455,45.235,0.0030500002,0.85919,1.63,2026-04-26,2026-08-13
AMAT,38.325,24.089682,13.767613,0.88,0.41068,0.15482001,28.666,2.423,1.634,0.30052,0.33736,0.49398,0.248,0.428,11.6,18.45479,352809615360.0,350922604544.0,0.48,0.16479999,1.597,Technology,Semiconductor Equipment & Materials,793597443.0,790486541.0,32.291,11.441113,11.38,34.557,0.0033000002,0.86256,2.17,2026-07-26,2026-11-12
AMCR,31.533833,9.587666,1.665343,0.5,0.07734,0.03909,138.731,1.301,0.641,0.03039,0.08295,0.1893,0.681,-0.321,1.33,4.37437,19378196480.0,34481807360.0,6.2,1.9267,0.708,Consumer Cyclical,Packaging & Containers,462045690.0,459850517.0,25.184,0.9882297,1.758,12.12,0.0028799998,0.70278,4.43,2025-12-31,2026-02-03
AMCR,35.435482,10.280358,1.7428899,0.61,0.08737001,0.04079,143.74,1.443,0.749,0.030550001,0.0859,0.19143999,0.774,-0.117,1.24,4.27417,20315469824.0,35493683200.0,5.92,2.0683,0.614,Consumer Cyclical,Packaging & Containers,462345690.0,460038306.0,25.211,0.91552365,1.6,11.088,0.0025600002,0.77795,8.17,2026-03-31,2026-05-06
AMCR,17.605042,9.617437,1.641721,0.96,0.09396,0.035669997,128.294,1.254,0.639,0.04705,0.09691,0.19951999,0.259,,2.38,4.35667,19372285952.0,33391523840.0,6.21,1.0872,0.595,Consumer Cyclical,Packaging & Containers,462345690.0,459737590.0,25.522,0.82414216,1.421,9.443,0.00264,0.79721,4.91,2026-06-30,2026-08-12
AMD,106.25574,25.39617,7.202846,0.83,0.07082,0.032,6.359,2.85,1.784,0.12515001,0.17059,0.52493,0.341,2.171,2.62,10.96189,453890113536.0,447344082944.0,,0.0,1.963,Technology,Semiconductors,1630338779.0,1621476192.0,38.65,13.103442,12.914,66.322,0.0043599997,0.72246003,1.13,2025-12-27,2026-05-05
AMD,164.15895,36.81913,12.53597,1.16,0.08063,0.03647,6.005,2.725,1.75,0.13374,0.14396,0.5306,0.378,0.912,3.02,13.46474,808386560000.0,799910592512.0,,0.0,2.469,Technology,Semiconductors,1630600639.0,1621991068.0,39.547,21.58345,21.357,107.66,0.00397,0.73278,1.3,2026-03-28,2026-08-04
AMD,142.81122,35.95345,13.590833,0.57,0.10196,0.05128,6.361,2.609,1.688,0.15577,0.1725,0.55724,0.501,1.595,3.92,15.57069,913892179968.0,905057206272.0,,0.0,2.476,Technology,Semiconductors,1632475042.0,1623529079.0,41.191,22.12546,21.912,94.651,0.00423,0.7539,1.88,2026-06-27,2026-08-04
AME,36.915623,27.09935,5.091152,2.96,0.14594,0.07882,24.194,1.062,0.573,0.19999,0.27523002,0.36383,0.134,0.036,6.4,8.71829,54118993920.0,56211709952.0,0.58,0.19379999,1.041,Industrials,Specialty Industrial Machinery,229065429.0,227617077.0,46.406,7.3122745,7.595,23.834,0.0043,0.92652,2.14,2025-12-31,2026-04-30
AME,35.854763,26.908611,4.974811,3.07,0.14626999,0.0801,22.489,1.138,0.608,0.20108,0.26299,0.36681,0.113,0.145,6.61,8.80759,54321111040.0,56295493632.0,0.57,0.1918,0.99,Industrials,Specialty Industrial Machinery,229203002.0,227820908.0,47.64,7.1497893,7.41,23.26,0.00386,0.92521006,2.67,2026-03-31,2026-08-04
AME,34.74269,24.792854,4.838145,2.7,0.14562,0.08162,20.522,1.214,0.645,0.20044,0.26182,0.36905998,0.15,0.142,6.84,9.58502,54481641472.0,56297140224.0,0.57,0.1901,0.989,Industrials,Specialty Industrial Machinery,229261244.0,227832946.0,49.118,6.9280486,7.159,22.513,0.00393,0.92657995,1.88,2026-06-30,2026-08-04
AMGN,24.933332,15.256849,22.110895,2.38,1.0610299,0.07931,640.275,1.14,0.734,0.20982,0.30549,0.70783997,0.086,1.121,14.25,23.2879,191530729472.0,237836746752.0,2.84,0.669,0.465,Healthcare,Drug Manufacturers - General,539067675.0,537622974.0,16.069,5.211579,6.472,14.313,0.0022200001,0.85256,5.43,2025-12-31,2026-04-30
AMGN,25.507662,15.622249,21.511042,2.01,1.01318,0.08347999,623.754,1.261,0.849,0.20955999,0.33800998,0.71443003,0.058,0.044,14.36,23.44669,197689753600.0,242974736384.0,2.75,0.6722,0.403,Healthcare,Drug Manufacturers - General,539708274.0,538224076.0,17.028,5.311385,6.528,14.362,0.0021600001,0.86515,4.09,2026-03-31,2026-08-04
AMGN,23.98321,15.803838,17.83765,2.32,0.91473,0.08667,490.281,1.371,0.95,0.22951001,0.35548002,0.71891,0.095,0.649,16.08,24.4023,208494723072.0,251809726464.0,2.61,0.6087,0.426,Healthcare,Drug Manufacturers - General,540632005.0,539161486.0,21.62,5.4730206,6.61,14.582,0.00228,0.85006,5.11,2026-06-30,2026-08-04
AMP,12.5778885,9.875773,6.357391,1.54,0.60508,0.02266,57.597,2.29,1.46,0.18841,0.35347998,0.56184,0.086,-0.011,36.27,46.19385,42383585280.0,35271860224.0,1.4,0.1731,1.266,Financial Services,Asset Management,90689669.0,90837076.0,71.759,2.2412133,1.865,,0.0016699999,0.90417,3.97,2025-12-31,2026-04-23
AMP,13.157278,10.588349,7.6546164,1.76,0.66936,0.024260001,56.246,2.483,1.616,0.20165001,0.37188,0.56601,0.09,0.66,40.12,49.85385,47453974528.0,42451972096.0,1.29,0.1595,1.159,Financial Services,Asset Management,89897084.0,89533900.0,68.961,2.4567184,2.198,,0.0019200001,0.92119,4.85,2026-03-31,2026-07-23
AMP,13.157603,10.535054,7.5628705,1.53,0.63432,0.022750001,67.578,2.182,1.314,0.199,0.30719998,0.54932,0.116,0.117,41.37,51.66846,48082419712.0,42085421056.0,1.25,0.157,1.134,Financial Services,Asset Management,88333219.0,87956036.0,71.974,2.4236312,2.121,,0.0018099999,0.91636,7.18,2026-06-30,2026-07-23
AMT,33.77037,26.278172,23.28099,2.02,0.2628,0.04895,434.211,0.397,0.342,0.23763001,0.44942,0.74183,0.075,-0.332,5.4,6.9396,85047246848.0,135187128320.0,3.78,1.2593,0.93,Real Estate,REIT - Specialty,466370068.0,464681905.0,7.833,7.9897084,12.7,19.57,0.00086000003,0.9622,2.15,2025-12-31,2026-04-28
AMT,27.384863,24.799559,22.497684,1.77,0.29952,0.04911,444.55,0.304,0.264,0.26806998,0.45907003,0.73964,0.068,0.769,6.21,6.85738,79229771776.0,129381679104.0,4.1,0.8226,0.909,Real Estate,REIT - Specialty,465893069.0,464383575.0,7.559,7.3230033,11.958,18.511,0.00077,0.9661,2.13,2026-03-31,2026-07-28
AMT,23.931223,24.81869,21.793812,1.64,0.33914003,0.04893,438.721,0.352,0.299,0.31083,0.45411,0.73774004,0.047,1.385,7.27,7.01004,81067728896.0,130817925120.0,4.01,0.9601,0.895,Real Estate,REIT - Specialty,465960048.0,464454997.0,7.983,7.409197,11.956,18.57,0.00075999997,0.96757007,2.65,2026-06-30,2026-07-28
AMZN,34.945606,26.583656,6.541012,1.81,0.22286,0.06928,43.435,1.051,0.844,0.108339995,0.10533,0.50286,0.136,0.05,7.17,9.42534,2694585253888.0,2745259786240.0,,0.0,1.383,Consumer Cyclical,Internet Retail,10754251799.0,9756110785.0,38.306,3.7585368,3.829,18.838,0.08944,0.67116,2.02,2025-12-31,2026-04-29
AMZN,29.572968,24.94745,6.016353,1.3,0.24285,0.06845,53.3,1.177,0.974,0.12224,0.1314,0.50604,0.166,0.748,8.36,9.91003,2659480240128.0,2751931088896.0,,0.0,1.461,Consumer Cyclical,Internet Retail,10757109436.0,9779718473.0,41.093,3.5804608,3.705,17.656,0.08899,0.68411005,1.6,2026-03-31,2026-07-30
AMZN,20.411102,24.453907,4.959536,1.51,0.30558002,0.06589,45.617,1.033,0.843,0.1744,0.13689,0.5077,0.196,2.423,12.43,10.37503,2736595664896.0,2865242570752.0,,0.0,1.443,Consumer Cyclical,Internet Retail,10786313572.0,9810475783.0,51.156,3.5279956,3.694,16.963,0.08866,0.68711,2.16,2026-06-30,2026-07-30
ANET,59.937954,38.25895,16.681562,2.28,0.314,0.14392,0.732,3.048,2.349,0.38991,0.41519,0.64056,0.289,0.191,2.74,4.29259,206793392128.0,195708715008.0,,0.0,1.475,Technology,Computer Hardware,1259169438.0,1039131718.0,9.845,22.9625,21.732,49.815,0.17259,0.70864,2.57,2025-12-31,2026-05-05
ANET,57.74315,37.74155,15.74176,2.15,0.31520998,0.14359,,2.829,2.176,0.38317,0.42738998,0.63537,0.351,0.25,2.92,4.46749,212308557824.0,199960952832.0,,0.0,1.601,Technology,Computer Hardware,1259169438.0,1044861128.0,10.711,21.865164,20.594,47.192,0.1727,0.72833,2.62,2026-03-31,2026-08-04
ANET,63.298412,38.639374,16.993948,1.49,0.31476,0.14119,,2.957,2.289,0.38371,0.45393002,0.63004,0.377,0.357,3.15,5.16028,251475591168.0,238132281344.0,,0.0,1.617,Technology,Computer Hardware,1261224648.0,1049465030.0,11.733,23.857353,22.591,51.326,0.17247,0.73329,1.96,2026-06-30,2026-08-04
AON,19.49471,15.5111885,7.610266,2.64,0.4694,0.058870003,168.318,1.11,0.298,0.21506001,0.31349,0.47197,0.037,1.383,17.02,21.39101,71315521536.0,84738637824.0,0.99,0.171,0.825,Financial Services,Insurance Brokers,214254496.0,208032545.0,43.599,4.1508365,4.932,14.961,0.02843,0.88851,1.78,2025-12-31,2026-05-01
AON,20.165295,17.17939,7.9760633,3.12,0.46447,0.060510002,155.05,1.066,0.261,0.22544001,0.35836,0.47341,0.065,0.271,18.21,21.37503,78427586560.0,92804587520.0,0.89,0.16360001,0.705,Financial Services,Insurance Brokers,213576949.0,210928595.0,46.039,4.4851646,5.307,15.88,0.01011,0.92004997,1.97,2026-03-31,2026-07-29
AON,16.288706,14.577938,6.530018,2.32,0.44699,0.05829,163.481,1.033,0.242,0.22268,0.23457001,0.48154,0.022,-0.03,18.15,20.27996,62712766464.0,77601759232.0,1.11,0.1684,0.66,Financial Services,Insurance Brokers,212125434.0,209310529.0,45.274,3.5678878,4.415,13.153,0.01012,0.93113,4.15,2026-06-30,2026-07-29
AOS,16.836365,14.960303,4.8333454,1.34,0.29197,0.14257,10.974,1.497,0.899,0.1426,0.17951,0.38833,0.0,0.191,3.85,4.3328,8963952640.0,8974652416.0,2.19,0.3584,1.346,Industrials,Specialty Industrial Machinery,112376652.0,110273763.0,13.411,2.3403354,2.343,11.038,0.00453,0.94221,4.36,2025-12-31,2026-04-30
AOS,15.693333,14.139055,4.319266,1.54,0.28267,0.12775,34.981,1.558,0.954,0.13841,0.17111,0.38764998,-0.019,-0.105,3.75,4.16223,8111214080.0,8564214272.0,2.45,0.37330002,1.153,Industrials,Specialty Industrial Machinery,111965465.0,109772229.0,13.625,2.1278665,2.247,10.769,0.00454,1.12055,5.5,2026-03-31,2026-07-30
AOS,15.86351,13.93678,4.202332,1.35,0.27133,0.1254,36.766,1.594,0.976,0.13149,0.18929,0.38592,-0.007,-0.15,3.59,4.08631,7739993600.0,8235893248.0,2.53,0.3955,1.153,Industrials,Specialty Industrial Machinery,110047214.0,107876071.0,13.552,2.0342174,2.165,10.509,0.0046200003,1.18015,7.32,2026-06-30,2026-07-30
APA,8.957394,9.324898,2.0704439,0.9,0.2532,0.08963,68.685,0.825,0.614,0.16510999,0.30581,0.68014,-0.28,-0.182,3.99,3.83275,12630531072.0,17829208064.0,2.8,0.25059998,0.484,Energy,Oil & Gas E&P,353400414.0,351040122.0,17.262,1.4542927,2.053,3.465,0.00439,0.99513,2.81,2025-12-31,2026-05-06
APA,8.20979,8.91693,1.9281726,0.65,0.26217,0.09611,61.314,0.919,0.702,0.18313,0.38487998,0.72273004,-0.119,0.322,4.29,3.94979,12449222656.0,17634222080.0,2.84,0.2331,0.347,Energy,Oil & Gas E&P,353470227.0,351363544.0,18.266,1.4871846,2.107,3.384,0.00438,1.05784,5.51,2026-03-31,2026-08-05
APA,9.466245,10.218629,2.241035,1.21,0.26659,0.11598,48.854,0.946,0.692,0.19564,0.56331,0.78255,0.092,0.263,4.74,4.391,15720271872.0,20080271360.0,2.23,0.21100001,0.366,Energy,Oil & Gas E&P,350351510.0,348123274.0,20.022,1.8339094,2.343,3.511,0.0044299997,1.10156,4.22,2026-06-30,2026-08-05
APD,,20.721241,4.2159324,6.41,-0.01667,-0.01105,101.991,1.459,1.008,-0.02733,0.24280001,0.31628,0.058,0.097,-1.46,14.08265,64973246464.0,84559446016.0,2.48,1.0099,0.808,Basic Materials,Specialty Chemicals,222656008.0,222301985.0,69.216,5.3220553,6.926,99.505,0.01889,0.93478996,3.04,2025-12-31,2026-04-30
APD,31.150684,20.704203,4.2063174,2.21,0.12353,0.03599,101.611,1.427,0.985,0.16906999,0.23595,0.31983998,0.088,,9.49,14.27826,65828864000.0,85816762368.0,2.45,0.7566,0.736,Basic Materials,Specialty Chemicals,222680686.0,222324397.0,70.28,5.2815623,6.885,22.131,0.0188,0.93377995,2.63,2026-03-31,2026-07-30
APD,,19.684336,4.5580378,2.05,0.00023,0.047319997,110.091,1.085,0.752,-0.00375,0.25536,0.32056,0.046,,-0.2,14.43686,63282774016.0,83266576384.0,2.55,0.7566,0.754,Basic Materials,Specialty Chemicals,222685530.0,222367090.0,62.347,5.0215654,6.607,17.898,0.01894,0.9309,4.12,2026-06-30,2026-07-30
APH,45.227547,29.081709,13.814357,1.68,0.36851,0.13108,118.935,2.979,2.374,0.1849,0.27469,0.37217999,0.491,0.576,3.34,5.19433,185717784576.0,190415306752.0,0.66,0.22309999,1.26,Technology,Electronic Components,1229430709.0,1221360247.0,10.935,8.041576,8.245,27.316,0.0047400002,0.98357004,1.53,2025-12-31,2026-04-29
APH,43.448277,25.885712,13.298153,1.31,0.36825,0.13453001,133.051,1.714,1.165,0.17239,0.27305,0.37919998,0.584,0.241,3.48,5.84106,186011451392.0,200291942400.0,0.66,0.2385,1.243,Technology,Electronic Components,1230234445.0,1222385549.0,11.37,7.1808558,7.732,24.512,0.00476,0.97953004,1.64,2026-03-31,2026-07-29
APH,38.775,23.687853,12.340866,0.88,0.38115,0.14473,120.415,1.888,1.294,0.17729001,0.29779,0.38952,0.55,0.593,2.0,3.27383,191235735552.0,204758433792.0,0.64,0.2288,1.242,Technology,Electronic Components,2465966914.0,2449913469.0,6.284,6.591699,7.058,21.636,0.00533,0.96709,2.32,2026-06-30,2026-10-28
APO,22.454054,11.717902,3.2882137,0.65,0.14698,0.01288,99.468,1.659,1.615,0.109840006,0.18127,0.37342,0.877,-0.573,5.55,10.63501,72332263424.0,96502185984.0,1.64,0.35970002,1.56,Financial Services,Asset Management,578247338.0,452374457.0,37.899,2.2751002,3.035,,0.26990998,0.68114996,5.02,2025-12-31,2026-05-06
APO,75.767296,11.320975,3.743397,0.55,0.08492,0.00708,101.267,2.024,1.98,0.03656,0.13489,0.35222,-0.092,,1.59,10.64131,69453062144.0,88521064448.0,1.87,1.283,1.499,Financial Services,Asset Management,576517513.0,450796339.0,32.182,2.2198696,2.829,,0.27138,0.71535003,7.2,2026-03-31,2026-08-04
APO,44.80783,11.728105,3.6985579,0.47,0.11412,0.0094099995,100.969,1.948,1.897,0.052670002,0.21952,0.36141998,0.638,0.637,2.81,10.73575,74355294208.0,90497286144.0,1.79,0.7447,1.514,Financial Services,Asset Management,590543159.0,465046832.0,34.043,2.0887492,2.542,,0.26332,0.68004996,6.77,2026-06-30,2026-08-04
APP,47.62475,23.636774,75.62599,1.34,2.12945,0.3953,171.801,3.322,3.229,0.60827,0.76917,0.87864,0.659,0.847,10.02,20.18888,161272135680.0,162129362944.0,,0.0,2.502,Communication Services,Advertising Agencies,307070000.0,242769332.0,6.31,29.425373,29.582,37.925,0.18624,0.8109,2.75,2025-12-31,2026-05-06
APP,36.88445,19.587524,60.406944,1.17,2.66444,0.44236,162.888,3.244,3.156,0.6429,0.78151,0.88367,0.59,1.131,11.51,21.674,142619770880.0,143711141888.0,,0.0,2.483,Communication Services,Advertising Agencies,305732000.0,255707450.0,7.028,23.136814,23.314,29.497,0.14319,0.75614,2.29,2026-03-31,2026-08-05
APP,23.696922,14.685756,32.65423,0.67,2.03686,0.4646,111.13,4.3,4.166,0.64575994,0.77678,0.88464,0.528,0.57,13.0,20.97679,103489527808.0,103554351104.0,,0.0,2.488,Communication Services,Advertising Agencies,305732000.0,253431202.0,9.434,15.154143,15.164,19.124,0.14314,0.76066,1.54,2026-06-30,2026-08-05
APTV,79.49333,8.871865,1.377637,0.93,0.01948,0.059070002,85.209,1.736,1.168,0.008090001,0.10305,0.19153999,0.05,-0.434,0.75,6.72012,14973329408.0,19219058688.0,,0.0,1.511,Consumer Cyclical,Auto Parts,213141325.0,210940040.0,43.277,0.7340587,0.942,6.025,0.00567,1.0327101,3.19,2025-12-31,2026-05-05
APTV,34.208336,8.471354,1.3217572,0.95,0.040799998,0.05698,103.823,2.115,1.516,0.01767,0.0987,0.18922001,0.054,,1.68,6.78404,12161831936.0,19163832320.0,,0.0,1.344,Consumer Cyclical,Auto Parts,211620527.0,209360420.0,43.48,0.58869416,0.928,6.017,0.00821,1.02992,2.64,2026-03-31,2026-08-04
APTV,19.723982,6.659008,1.0376595,0.95,0.05158,0.067150004,64.938,2.018,1.273,0.010720001,0.12675999,0.19251,0.023,-0.353,2.21,6.54602,9050736640.0,13973736448.0,,0.0,1.33,Consumer Cyclical,Auto Parts,207633331.0,205044143.0,42.008,0.441112,0.681,4.322,0.00841,1.07042,1.85,2026-06-30,2026-08-04
ARE,,-607.875,0.5360864,3.24,-0.05856,0.0109399995,66.615,1.617,1.369,-0.47384998,0.2274,0.69418997,-0.052,,-8.44,-0.08,8427597312.0,24325998592.0,8.39,6.8946996,1.343,Real Estate,REIT - Office,173127082.0,153687959.0,90.713,2.7934396,8.063,12.542,0.01418,0.98401,3.14,2025-12-31,2026-04-27
ARE,,-57.068184,0.5448805,3.24,-0.04144,0.01001,66.509,0.797,0.657,-0.36141,0.15890999,0.6859,-0.115,,-6.27,-0.88,8751812608.0,24841347072.0,5.73,6.8946996,1.183,Real Estate,REIT - Office,174269480.0,154657193.0,92.167,2.9868147,8.478,13.351,0.01381,0.96873003,3.53,2026-03-31,2026-08-03
ARE,,-65.80247,0.5850521,3.24,-0.040760003,0.00928,68.67,2.35,1.977,-0.36078998,0.17282,0.68198997,-0.119,,-6.05,-0.81,9172678656.0,25606107136.0,5.4,6.8946996,1.168,Real Estate,REIT - Office,172095277.0,154683053.0,91.103,3.2294447,9.015,14.37,0.013839999,0.99601996,3.35,2026-06-30,2026-10-26
ARES,68.87719,15.862561,9.284982,0.95,0.13520001,0.023359999,163.448,0.472,0.406,0.09415,0.13537,0.36539,0.195,-0.814,1.71,7.42503,38975684608.0,45089189888.0,4.58,2.6199,1.536,Financial Services,Asset Management,220902613.0,214911940.0,12.685,6.9581017,8.05,36.331,0.1116,0.89153,3.23,2025-12-31,2026-05-01
ARES,57.91705,17.172356,11.044908,1.16,0.14182,0.02536,168.762,0.488,0.415,0.10539,0.18434,0.37561,0.283,7.705,2.17,7.31874,41455124480.0,46870716416.0,4.3,2.1705,1.536,Financial Services,Asset Management,222028421.0,215859382.0,11.379,7.0154567,7.932,33.97,0.11254,0.89779,5.72,2026-03-31,2026-07-31
ARES,56.78899,17.210531,11.17026,0.92,0.14941,0.025940001,172.378,0.544,0.467,0.10628,0.19381,0.37407002,0.058,0.065,2.18,7.19327,41073860608.0,47298138112.0,4.36,2.2661,1.517,Financial Services,Asset Management,223957742.0,219696237.0,11.083,6.8598266,7.899,33.068,0.11158,0.93542,6.99,2026-06-30,2026-07-31
ATO,24.320728,21.111982,2.1606283,2.23,0.09237,0.03648,67.443,1.13,0.759,0.25667998,0.38848,0.57824004,0.142,0.094,7.67,8.83574,30860980224.0,40126836736.0,2.14,0.4707,0.688,Utilities,Utilities - Regulated Gas,165438946.0,164735830.0,86.336,6.3378143,8.241,16.778,0.00398,0.99738,3.75,2025-12-31,2026-05-06
ATO,21.881773,19.7024,1.9893188,2.14,0.096,0.03876,64.588,1.003,0.612,0.27579,0.3932,0.60988,0.006,0.145,8.12,9.01819,29658312704.0,39161851904.0,2.25,0.46060002,0.598,Utilities,Utilities - Regulated Gas,166919822.0,166165344.0,89.317,6.075978,8.023,15.416,0.00403,0.99988997,2.22,2026-03-31,2026-08-05
ATO,19.128878,17.770357,1.7753512,1.93,0.09792,0.03893,67.662,0.814,0.537,0.28496,0.37223998,0.62212,0.048,0.233,8.38,9.02064,27088867328.0,36891779072.0,2.5,0.46130002,0.594,Utilities,Utilities - Regulated Gas,168988553.0,168201066.0,90.292,5.5041604,7.496,14.058,0.00401,0.97769,4.29,2026-06-30,2026-08-05
AVB,23.466936,35.182243,2.0953379,7.17,0.088879995,0.02702,80.256,0.406,0.08,0.34569,0.30638,0.63141996,0.037,-0.409,7.41,4.94255,24359114752.0,33863585792.0,4.09,0.94589996,0.763,Real Estate,REIT - Residential,139111236.0,131157534.0,82.989,8.009733,11.135,18.335,0.0042,1.01253,4.38,2025-12-31,2026-04-27
AVB,23.857498,39.519436,2.3276029,7.17,0.09719,0.02646,81.307,0.375,0.052,0.37268,0.2932,0.62727,0.025,0.403,8.07,4.87178,27351519232.0,36370432000.0,3.7,0.8711,0.78,Real Estate,REIT - Residential,142063687.0,130333606.0,82.716,8.93823,11.886,19.701,0.00402,0.96613,2.36,2026-03-31,2026-07-22
AVB,25.248285,36.584446,2.1691887,7.17,0.08487,0.02628,75.129,0.338,0.034,0.33321998,0.30628002,0.62721,0.023,-0.413,7.29,5.00776,26283393024.0,35552079872.0,0.0387,0.96980006,0.773,Real Estate,REIT - Residential,142797963.0,133807765.0,84.852,8.52383,11.53,19.136,0.004,0.95484,4.56,2026-06-30,
AVGO,79.97471,22.513231,24.37415,0.92,0.33370999,0.10663,82.704,1.902,1.671,0.36571997,0.44943002,0.76725996,0.295,0.316,5.14,18.25904,1946280132608.0,1998163017728.0,0.63,0.47169998,1.44,Technology,Semiconductors,4734668184.0,4675626872.0,16.865,28.503561,29.263,53.688,0.01949,0.80111,2.28,2026-02-01,2026-06-03
AVGO,63.260036,18.558016,19.667933,0.44,0.37280998,0.121190004,74.018,2.238,1.929,0.38848,0.48988,0.76284,0.479,0.854,5.73,19.53226,1724527804416.0,1769806626816.0,0.68,0.41259998,1.473,Technology,Semiconductors,4757580198.0,4698966810.0,18.43,22.852022,23.452,42.054,0.01948,0.80410004,2.87,2026-05-03,2026-09-02
AVGO,45.671772,18.448807,17.125275,0.35,0.44245,0.15369001,59.604,2.504,2.153,0.42944,0.54307,0.75515,0.855,2.153,7.83,19.38391,1707097718784.0,1742541815808.0,0.73,0.324,1.457,Technology,Semiconductors,4773629865.0,4714961954.0,20.882,19.158485,19.556,33.344,0.01941,0.79815,2.58,2026-08-02,2026-12-09
AVY,19.599998,15.217002,5.9139376,1.92,0.30212998,0.082159996,176.335,1.127,0.661,0.07769,0.12707,0.28754,0.039,-0.006,8.8,11.33469,13266649088.0,16963807232.0,2.18,0.4209,1.003,Consumer Cyclical,Packaging & Containers,76917031.0,76307506.0,29.165,1.4981254,1.916,11.956,0.00644,0.98774004,3.16,2025-12-31,2026-04-28
AVY,18.043869,14.382471,5.345575,1.92,0.30857,0.082650006,164.751,1.15,0.696,0.0766,0.12604,0.28755,0.07,0.043,8.89,11.15316,12269822976.0,15758222336.0,2.49,0.4234,0.826,Consumer Cyclical,Packaging & Containers,76490385.0,75909823.0,30.008,1.3624507,1.75,10.92,0.00636,0.98117995,3.29,2026-03-31,2026-07-30
AVY,18.349016,14.992527,5.480361,1.92,0.3116,0.08394,158.653,1.132,0.688,0.076220006,0.13586001,0.28978002,0.109,0.108,9.14,11.18624,12710429696.0,16120929280.0,2.39,0.4179,0.814,Consumer Cyclical,Packaging & Containers,75788142.0,75223520.0,30.602,1.3743827,1.743,10.772,0.00641,1.00421,2.53,2026-06-30,2026-07-30
AWK,23.130053,20.009184,2.3703265,2.37,0.10496,0.0347,146.987,0.462,0.209,0.21615,0.32179,0.6072,0.058,0.0,5.69,6.57748,25700814848.0,41467412480.0,2.52,0.5707,0.734,Utilities,Utilities - Regulated Water,195280114.0,194831913.0,55.524,5.000159,8.068,14.868,0.00228,0.9968,5.36,2025-12-31,2026-04-29
AWK,23.998224,20.577843,2.3905234,2.61,0.10217,0.035099998,142.33,0.37,0.275,0.21172,0.33223,0.60826,0.057,-0.048,5.63,6.5658,26384353280.0,41910349824.0,2.65,0.5869,0.599,Utilities,Utilities - Regulated Water,195280521.0,194870432.0,56.519,5.06904,8.052,14.778,0.00117,1.02988,4.6,2026-03-31,2026-07-29
AWK,23.51211,20.698006,2.3152406,2.41,0.10095,0.03516,137.745,0.523,0.396,0.21347,0.40664002,0.61469,0.062,0.086,5.78,6.56585,27007268864.0,42848268288.0,2.63,0.5854,0.58,Utilities,Utilities - Regulated Water,198728989.0,198323582.0,58.698,5.111141,8.109,14.709,0.00116,1.0694001,5.2,2026-06-30,2026-10-28
AXON,270.36914,38.117016,9.965122,1.64,0.04476,-0.0032300001,59.107,2.526,2.104,0.044850003,-0.03063,0.59823,0.385,-0.98,1.49,10.56877,32458510336.0,32496095232.0,,0.0,1.605,Industrials,Aerospace & Defense,80572201.0,76437584.0,40.426,11.677672,11.691,607.313,0.04341,0.85436994,3.58,2025-12-31,2026-02-24
AXON,204.112,48.26105,11.633495,1.64,0.06765,0.00084,52.074,2.271,1.699,0.06905,0.03748,0.59463,0.337,0.898,2.5,10.57333,41129627648.0,42233012224.0,,0.0,1.378,Industrials,Aerospace & Defense,80602077.0,76779120.0,43.863,13.786862,14.157,410.583,0.04145,0.89523005,3.42,2026-03-31,2026-05-06
AXON,185.0248,42.345898,9.898968,2.05,0.06221,0.00509,50.363,2.149,1.582,0.06191,0.0517,0.59525,0.353,-0.182,2.42,10.57387,36374867968.0,37532938240.0,,0.0,1.399,Industrials,Aerospace & Defense,81237415.0,77318522.0,45.233,11.2997055,11.659,227.326,0.04513,0.91170996,4.02,2026-06-30,2026-08-05
AXP,21.552307,16.49408,6.7974834,1.71,0.33992,0.03791,190.921,1.405,1.391,0.16174999,0.17459999,0.63469005,0.106,0.166,15.39,20.10964,227743006720.0,244006993920.0,1.15,0.2133,1.133,Financial Services,Credit Services,685783466.0,533361759.0,48.796,3.4005198,3.643,,0.22225,0.65260005,3.11,2025-12-31,2026-04-23
AXP,22.16781,17.618536,7.1289573,1.7,0.34419,0.03796,177.847,1.574,1.559,0.16305,0.21245001,0.62759,0.116,0.176,16.03,20.1691,242464718848.0,249056706560.0,1.07,0.21290001,1.045,Financial Services,Credit Services,682326443.0,529246506.0,49.846,3.523582,3.619,,0.22326,0.65266,3.41,2026-03-31,2026-07-24
AXP,18.90534,15.493029,6.1348825,1.26,0.34377,0.037920002,172.38,1.553,1.542,0.16141,0.2032,0.62338,0.128,0.11,16.48,20.10969,210399526912.0,223739527168.0,1.22,0.2148,1.048,Financial Services,Credit Services,675309833.0,522223847.0,50.785,2.9670093,3.155,,0.22558,0.64621,4.48,2026-06-30,2026-10-23
AZO,23.47486,19.11466,-19.009348,1.54,,0.114930004,,0.89,0.102,0.124689996,0.16341999,0.51875997,0.082,-0.023,142.59,175.11584,55457140736.0,67682160640.0,,0.0,0.436,Consumer Cyclical,Auto Parts,16476820.0,16424918.0,-176.086,2.828033,3.451,16.15,0.0023999999,0.9414,1.76,2026-02-14,2026-05-26
AZO,20.963665,17.350313,-17.908543,1.39,,0.11389,,0.89,0.103,0.12399,0.19082001,0.51754004,0.084,0.077,145.32,175.58415,49734213632.0,62550228992.0,,0.0,0.335,Consumer Cyclical,Auto Parts,16325355.0,16272951.0,-170.111,2.4884024,3.13,14.669,0.0024899999,0.94889,0.9,2026-05-09,2026-05-26
BA,90.07258,51.08468,32.173412,13.82,2.90084,-0.019989999,1032.894,1.188,0.377,0.02498,-0.03178,0.04828,0.571,,2.48,4.37274,175541878784.0,203146838016.0,,0.0,1.128,Industrials,Aerospace & Defense,785844140.0,753493418.0,6.943,1.962173,2.271,-62.738,0.00046999997,0.73706,0.17,2025-12-31,2026-04-22
BA,84.59684,52.671085,28.19523,23.22,1.69947,-0.02069,828.696,1.176,0.317,0.024600001,0.01715,0.048249997,0.14,,2.53,4.06352,168720351232.0,198162350080.0,,0.0,1.205,Industrials,Aerospace & Defense,788302331.0,756415502.0,7.591,1.8302563,2.15,-60.805,0.00052,0.75431,0.02,2026-03-31,2026-07-28
BA,71.552345,48.455154,25.686884,1.48,1.73537,-0.01984,790.875,1.138,0.296,0.025910001,4.0000003e-05,0.0471,0.08,,2.77,4.09038,156651339776.0,185739345920.0,,0.0,1.213,Industrials,Aerospace & Defense,790370020.0,758462782.0,7.716,1.6665922,1.976,-64.048,0.00057,0.76808,0.02,2026-06-30,2026-07-28
BAC,13.945409,11.126114,1.4535484,1.0,0.10644,0.00927,,,,0.28956,0.35956,0.0,0.081,0.244,4.03,5.05118,398828404736.0,376982208512.0,1.97,0.273,1.196,Financial Services,Banks - Diversified,7096590651.0,7069126845.0,38.664,3.6392772,3.44,,0.073410004,0.70639,0.0,2026-03-31,2026-07-14
BAC,13.332563,10.909805,1.4673885,0.87,0.111990005,0.00969,,,,0.29524,0.38305,0.0,0.168,0.341,4.33,5.29157,403691372544.0,349530357760.0,2.22,0.2587,1.164,Financial Services,Banks - Diversified,6992748365.0,6965127009.0,39.342,3.543297,3.068,,0.070300005,0.71269,0.0,2026-06-30,2026-10-14
BALL,19.539394,14.346775,3.1564522,1.37,0.16122,0.04677,136.027,1.114,0.696,0.069299996,0.101280004,0.19588,0.162,,3.3,4.49439,17161549824.0,23315656704.0,1.24,0.24239999,1.142,Consumer Cyclical,Packaging & Containers,266153058.0,265031492.0,20.428,1.3039701,1.772,11.588,0.00262,0.90323997,2.41,2025-12-31,2026-05-05
BALL,18.282799,13.880496,2.980655,1.33,0.16785999,0.04701,145.542,1.119,0.654,0.06863,0.09353,0.1917,0.163,0.219,3.43,4.51785,16696318976.0,24160319488.0,1.28,0.2332,0.986,Consumer Cyclical,Packaging & Containers,266246511.0,265186850.0,21.039,1.221652,1.768,11.768,0.0025600002,0.90234,2.34,2026-03-31,2026-08-04
BALL,17.234957,13.299373,2.7699747,1.01,0.17151,0.046329997,131.495,1.069,0.605,0.0661,0.09232,0.1863,0.197,0.092,3.49,4.52277,15921907712.0,23023906816.0,1.33,0.2292,0.951,Consumer Cyclical,Packaging & Containers,264703357.0,263660426.0,21.715,1.1113994,1.607,11.091,0.0025600002,0.90374,4.4,2026-06-30,2026-08-04
BAX,,9.239642,1.5698942,36.68,-0.13713,0.028280001,160.275,2.314,1.312,-0.085109994,0.07364,0.35735,0.08,,-1.75,2.02497,9659083776.0,17413109760.0,1.92,3.0769,0.617,Healthcare,Medical Instruments & Supplies,516252514.0,512051362.0,11.918,0.85904336,1.549,8.629,0.0032,1.10384,4.11,2025-12-31,2026-04-30
BAX,,11.274559,1.9323134,36.68,-0.15010999,0.02849,161.021,1.854,1.025,-0.096999995,0.060349997,0.34647,0.029,,-1.91,2.0054,11677364224.0,19320365056.0,0.88,3.0769,0.613,Healthcare,Medical Instruments & Supplies,516469008.0,513984792.0,11.701,1.0315692,1.707,10.121,0.00339,1.06041,5.51,2026-03-31,2026-07-30
BAX,,11.196228,1.8993669,36.68,-0.14371,0.028499998,156.449,1.946,1.133,-0.09268,0.14425999,0.34098,0.053,0.368,-1.88,2.0364,11787508736.0,19277508608.0,0.18,3.0769,0.595,Healthcare,Medical Instruments & Supplies,516995999.0,514447209.0,12.004,1.0276817,1.681,10.232,0.00329,1.101,3.66,2026-06-30,2026-07-30
BBY,11.763889,8.472021,4.182716,1.11,0.37041,0.07516,139.474,1.107,0.382,0.02564,0.05017,0.22482,-0.01,3.725,5.04,6.99833,12492118016.0,14641285120.0,6.48,0.754,1.247,Consumer Cyclical,Specialty Retail,210695187.0,194317862.0,14.175,0.29963583,0.351,5.627,0.06792,0.98867995,5.65,2026-01-31,2026-05-28
BBY,15.816667,12.077719,5.8372064,1.63,0.39104,0.07771,134.09,1.121,0.36,0.027309999,0.0404,0.22518,0.019,0.379,5.4,7.0717,18001620992.0,20232620032.0,4.5,0.70559996,1.33,Consumer Cyclical,Specialty Retail,210767126.0,197752256.0,14.632,0.4300435,0.483,7.728,0.06468,0.98969,4.32,2026-05-02,2026-05-28
BBY,15.44925,12.872216,6.137625,1.74,0.43126,0.07254,130.097,1.117,0.373,0.03014,0.03896,0.22597,0.036,0.701,6.01,7.21321,19473215488.0,21204215808.0,4.14,0.63560003,1.305,Consumer Cyclical,Specialty Retail,209727698.0,196678441.0,15.128,0.46143964,0.502,8.099,0.06516,0.97055,3.8,2026-08-01,2026-08-27
BDX,25.905228,11.740425,1.7855815,1.23,0.0696,0.04079,77.284,1.049,0.372,0.08014,0.13347,0.46784002,0.016,0.286,6.12,13.50377,57438265344.0,63930966016.0,2.65,0.6814,0.352,Healthcare,Medical Instruments & Supplies,284466650.0,283987243.0,88.789,2.6198807,2.916,10.581,0.00398,0.96527,3.92,2025-12-31,2026-05-07
BDX,27.60384,11.78961,1.8059235,1.11,0.06672,0.04383,71.599,0.942,0.355,0.05124,0.14743,0.47090998,0.052,,5.73,13.41605,43582226432.0,60045230080.0,2.66,0.7295,0.271,Healthcare,Medical Instruments & Supplies,275540427.0,274691762.0,87.584,1.9607787,2.701,9.752,0.00421,0.99088997,3.87,2026-03-31,2026-08-06
BDX,31.358753,13.612198,2.0185862,1.11,0.06607,0.0434,68.84,0.865,0.327,0.0419,0.15732999,0.46936,0.054,-0.314,5.77,13.29249,49285672960.0,65384669184.0,2.32,0.7249,0.276,Healthcare,Medical Instruments & Supplies,272386800.0,271664975.0,89.637,2.192033,2.908,10.682,0.00435,0.99719,5.76,2026-06-30,2026-08-06
BEN,25.25,9.538533,1.1685307,0.37,0.04464,0.023670001,24.587,5.564,1.316,0.06972,0.16523,0.37035,0.034,0.606,1.08,2.85893,14218323968.0,17325219840.0,4.84,1.1944001,1.473,Financial Services,Asset Management,520763448.0,303407200.0,23.337,1.6072805,1.958,10.176,0.48398,0.48999,4.94,2025-12-31,2026-04-28
BEN,24.9084,10.522175,1.3985084,0.37,0.06704,0.02604,23.471,5.508,1.171,0.08124,0.17238002,0.37355998,0.087,0.872,1.31,3.10107,16955760640.0,20306159616.0,4.05,0.9924,1.576,Financial Services,Asset Management,519637162.0,302262544.0,23.332,1.8777769,2.249,11.364,0.48494998,0.51606,4.37,2026-03-31,2026-07-31
BEN,22.45578,10.379785,1.4272125,0.41,0.07887,0.02638,24.805,5.486,1.114,0.08717,0.12979001,0.37707,0.143,1.067,1.47,3.18022,16771617792.0,20335919104.0,4.0,0.8912,1.57,Financial Services,Asset Management,508076910.0,289918846.0,23.129,1.7987386,2.181,11.303,0.48496,0.50135,4.26,2026-06-30,2026-07-31
BG,24.19067,11.62214,1.4503223,1.37,0.05964,0.02506,91.006,1.612,0.451,0.0116,0.01258,0.04847,0.755,-0.888,4.93,10.26145,23113830400.0,38454894592.0,2.35,0.5639,0.696,Consumer Defensive,Farm Products,193810410.0,159286999.0,82.23,0.32865292,0.547,18.356,0.18200001,0.76717,2.78,2025-12-31,2026-04-29
BG,31.355265,10.683512,1.4407498,1.37,0.04933,0.02379,94.032,1.599,0.386,0.00848,0.01235,0.04442,0.878,-0.764,3.8,11.1527,23117258752.0,39282257920.0,2.42,0.7368,0.639,Consumer Defensive,Farm Products,194018115.0,159647806.0,82.7,0.28700337,0.488,17.584,0.18188,0.79623,3.55,2026-03-31,2026-07-29
BG,24.963284,10.191098,1.3918258,1.37,0.071779996,0.03472,97.995,1.567,0.331,0.01097,0.04617,0.049239997,0.883,0.33,4.63,11.34127,22205128704.0,39935127552.0,2.49,0.6078,0.66,Consumer Defensive,Farm Products,192119123.0,157589553.0,83.042,0.24183588,0.435,12.775,0.18370001,0.80356,4.81,2026-06-30,2026-07-29
BIIB,20.15341,11.170858,1.4260443,3.68,0.07394,0.0614,36.466,2.679,1.697,0.13071999,0.19641,0.78946,-0.071,,8.8,15.87613,26027626496.0,28869525504.0,,0.0,0.162,Healthcare,Drug Manufacturers - General,146758528.0,146277160.0,124.365,2.6315517,2.919,8.011,0.0016500001,0.98569,3.96,2025-12-31,2026-04-29
BIIB,22.173306,12.450288,1.6300933,4.34,0.077010006,0.059520002,35.181,3.065,2.025,0.13805,0.22899,0.78720003,0.019,0.311,9.29,16.545,30411771904.0,32690970624.0,,0.0,0.158,Healthcare,Drug Manufacturers - General,147637117.0,147175013.0,126.367,3.060335,3.29,9.236,0.0018799999,0.96310997,4.96,2026-03-31,2026-07-29
BIIB,38.345196,13.03229,1.6887391,2.22,0.04575,0.052059997,44.329,1.865,0.94,0.083229996,0.25058,0.78322,0.034,-0.848,5.62,16.53585,31840987136.0,38911086592.0,,0.0,0.171,Healthcare,Drug Manufacturers - General,147753998.0,147219129.0,127.61,3.1752398,3.88,11.583,0.0018799999,0.99522,7.4,2026-06-30,2026-10-28
BK,16.91315,14.138015,2.37169,1.49,0.13472,0.01196,,,,0.28722,0.37647998,0.0,0.134,0.418,8.06,9.64209,93567188992.0,-67901808640.0,1.56,0.2556,1.068,Financial Services,Banks - Diversified,686379000.0,684491503.0,57.478,4.5083933,-3.272,,0.00241,0.87634003,0.0,2026-03-31,2026-07-15
BKNG,29.004532,15.414949,-27.445683,0.79,,0.20815,,1.333,1.259,0.20076999,0.32446,0.87357,0.16,0.384,6.62,12.45609,152039981056.0,154250985472.0,0.82,0.2319,1.198,Consumer Cyclical,Travel Services,791833650.0,789260191.0,-6.996,5.648474,5.731,15.257,0.0019400001,0.96920997,2.21,2025-12-31,2026-04-28
BKNG,23.968336,14.772881,-16.243181,0.78,,0.22259001,,1.057,0.987,0.22227,0.25035998,0.86987,0.162,2.4,7.58,12.29821,140779913216.0,143931916288.0,0.89,0.20729999,1.075,Consumer Cyclical,Travel Services,774878436.0,772460815.0,-11.185,5.0846934,5.199,13.869,0.00177,0.98611,3.43,2026-03-31,2026-08-04
BKNG,18.655556,13.5680275,-11.802334,0.62,,0.2038,,1.094,1.023,0.25527,0.34412,0.87227994,0.081,1.3,9.0,12.37468,126156775424.0,129866784768.0,1.0,0.17860001,1.068,Consumer Cyclical,Travel Services,751380500.0,748953541.0,-14.226,4.4671497,4.599,12.472,0.00177,0.98457,3.75,2026-06-30,2026-08-04
BKR,22.992308,21.342453,3.1321385,3.23,0.14552,0.05538,35.255,1.357,0.746,0.09332,0.1251,0.23676,0.003,-0.256,2.6,2.80099,59287252992.0,62239776768.0,1.54,0.3538,0.898,Energy,Oil & Gas Equipment & Services,991757347.0,985953684.0,19.086,2.137787,2.244,13.257,0.0015199999,1.0250801,2.08,2025-12-31,2026-04-23
BKR,17.875399,19.673965,2.8730614,2.25,0.17184,0.05011,82.935,2.132,1.687,0.11171,0.12282,0.23643999,0.025,1.325,3.13,2.84386,55506243584.0,55912243200.0,1.64,0.29389998,0.96,Energy,Oil & Gas Equipment & Services,992068697.0,990044877.0,19.474,1.9899703,2.005,11.598,0.00151,1.00819,3.07,2026-03-31,2026-07-26
BKR,18.408361,18.402916,2.8536537,1.6,0.16463,0.04853,80.925,2.095,1.622,0.111669995,0.1283,0.23657,-0.024,-0.042,3.11,3.11092,56830590976.0,56235589632.0,1.61,0.2958,0.961,Energy,Oil & Gas Equipment & Services,992674071.0,990639089.0,20.062,2.0497959,2.028,11.621,0.00151,1.0000399,4.19,2026-06-30,2026-07-26
BLDR,22.750643,11.94137,2.248647,2.02,0.10064,0.04504,117.187,1.859,1.083,0.02865,0.0184,0.30386,-0.121,-0.829,3.89,7.41121,9788549120.0,14707066880.0,,0.0,1.636,Industrials,Building Products & Equipment,107515372.0,107408583.0,39.357,0.6443804,0.968,10.675,0.02582,0.96895,2.78,2025-12-31,2026-04-30
BLDR,28.343513,12.427745,1.9939853,2.02,0.06958,0.033970002,132.159,1.759,1.015,0.01967,0.0050199996,0.29888,-0.101,,2.62,5.97534,7987396096.0,13180973056.0,,0.0,1.418,Industrials,Building Products & Equipment,107559876.0,104408372.0,37.242,0.53895265,0.889,10.912,0.02696,1.01595,3.13,2026-03-31,2026-07-30
BLDR,63.173912,13.145038,1.5613164,2.02,0.02506,0.02389,130.786,1.789,1.014,0.0070999996,0.033269998,0.29188,-0.088,,0.92,4.42144,6253506048.0,11426069504.0,,0.0,1.412,Industrials,Building Products & Equipment,107596457.0,104451413.0,37.225,0.43280742,0.791,11.175,0.02712,1.01823,4.08,2026-06-30,2026-07-30
BLK,26.109854,17.084276,2.84019,1.38,0.118990004,0.03615,23.635,2.168,1.596,0.24396999,0.35638002,0.46890998,0.27,0.459,39.69,60.65812,160868990976.0,169316990976.0,2.21,0.5376,1.456,Financial Services,Asset Management,155233989.0,144142520.0,364.87,6.274631,6.604,16.373,0.01918,0.84273005,2.43,2026-03-31,2026-04-14
BLK,25.6419,16.634682,2.8780427,0.9,0.122779995,0.03737,23.192,2.447,1.846,0.24089001,0.35079,0.47152,0.306,0.196,41.72,64.31022,173813792768.0,173728038912.0,2.14,0.5243,1.429,Financial Services,Asset Management,154869259.0,143813143.0,371.704,6.3670387,6.364,15.629,0.01916,0.84615,3.33,2026-06-30,
BMY,17.390173,9.811723,6.6317644,24.07,0.40442002,0.10293,254.982,1.255,1.076,0.14637,0.28163,0.72623,0.013,13.921,3.46,6.13246,122851213312.0,159081627648.0,4.19,0.71970004,0.273,Healthcare,Drug Manufacturers - General,2041735455.0,2033296806.0,9.073,2.5490978,3.301,8.322,0.00087,0.83669996,2.29,2025-12-31,2026-04-30
BMY,17.014006,9.800884,6.180301,1.58,0.38731998,0.10689,230.967,1.42,1.178,0.15006,0.33040002,0.71981,0.026,0.092,3.57,6.1974,124035416064.0,160012402688.0,4.15,0.7003,0.235,Healthcare,Drug Manufacturers - General,2042071247.0,2038906037.0,9.828,2.5583806,3.3,8.433,0.00083,0.83792996,2.89,2026-03-31,2026-07-30
BMY,13.889869,9.605719,5.7720823,17.56,0.46598998,0.10719,201.859,1.532,1.29,0.18871,0.34418,0.71661,0.057,1.531,4.54,6.56484,128813588480.0,162799583232.0,4.0,0.5529,0.227,Healthcare,Drug Manufacturers - General,2042714656.0,2039548448.0,10.925,2.6189075,3.31,8.6,0.00097000005,0.84898,4.07,2026-06-30,2026-10-29
BNY,17.820099,14.859301,2.4988692,1.56,0.13472,0.01196,,,,0.28722,0.37647998,0.0,0.134,0.418,8.06,9.666,98584633344.0,-62321545216.0,1.47,0.2556,1.065,Financial Services,Banks - Diversified,686379045.0,684491503.0,57.478,4.750151,-3.003,,0.00241,0.87631,0.01,2026-03-31,
BNY,17.945158,15.005541,2.6145422,1.16,0.14124,0.012560001,,,,0.29413998,0.40046,0.0,0.131,0.269,8.57,10.24888,104347148288.0,-21700847616.0,1.44,0.2474,1.048,Financial Services,Banks - Diversified,678504142.0,676794312.0,58.821,4.8726196,-1.013,,0.00236,0.87214994,0.01,2026-06-30,2026-10-15
BR,18.022123,15.745474,6.603437,1.13,0.41793,0.09175,117.175,0.972,0.824,0.14864,0.120249994,0.31219998,0.078,1.017,9.04,10.3471,19020699648.0,22022899712.0,2.39,0.4104,1.015,Technology,Information Technology Services,116748715.0,116178981.0,24.672,2.6490119,3.067,12.652,0.00501,0.95098996,2.3,2025-12-31,2026-02-03
BR,16.033155,14.393456,6.153183,1.05,0.42314,0.091709994,120.878,0.943,0.852,0.15028,0.18402,0.31314,0.078,0.151,9.35,10.41515,17338335232.0,20440035328.0,2.6,0.407,0.903,Technology,Information Technology Services,115658297.0,115121643.0,24.363,2.367881,2.791,11.601,0.00475,0.99557996,2.36,2026-03-31,2026-04-30
BR,17.010427,14.092307,6.546936,1.9,0.40916002,0.09295,123.939,1.236,1.084,0.15037,0.24609,0.31780002,0.075,0.084,9.59,11.57582,18600376320.0,21717075968.0,2.67,0.4063,0.91,Technology,Information Technology Services,114021798.0,113485896.0,24.917,2.4877455,2.905,12.005,0.00525,0.98132,2.17,2026-06-30,2026-08-04
BRO,21.43038,13.604596,1.8135077,1.51,0.11226,0.04241,62.976,1.039,0.381,0.18289,0.23165001,0.49071997,0.362,-0.162,3.16,4.97773,23053244416.0,29918244864.0,0.93,0.19459999,0.826,Financial Services,Insurance Brokers,339559191.0,293373976.0,37.342,4.000216,5.191,15.095,0.13077,0.82973,5.41,2025-12-31,2026-04-27
BRO,22.589577,14.335709,1.8454456,1.51,0.11926,0.05515,64.37,1.017,0.381,0.18360001,0.47180998,0.53372,0.357,-0.079,3.07,4.83757,23506032640.0,30646032384.0,0.93,0.2052,0.599,Financial Services,Insurance Brokers,338947841.0,291983228.0,37.579,3.7561574,4.897,12.327,0.13111,0.86543,5.73,2026-03-31,2026-07-27
BRO,20.77316,13.4752,1.7052189,1.51,0.10023,0.05381,63.975,1.127,0.396,0.18084998,0.41838002,0.56281,0.324,0.071,3.13,4.82516,21756364800.0,28929366016.0,1.02,0.2061,0.582,Financial Services,Insurance Brokers,334610357.0,287554102.0,38.13,3.2652507,4.342,10.003,0.13281,0.86499,7.62,2026-06-30,2026-07-27
BSX,33.10825,16.471512,3.9306042,0.69,0.12445,0.059759997,48.921,1.617,0.899,0.14437,0.19694,0.68781,0.159,0.185,1.94,3.89946,95457034240.0,105555959808.0,,0.0,0.782,Healthcare,Medical Devices,1486175167.0,1479626705.0,16.341,4.755257,5.258,19.771,0.00206,0.95098996,1.59,2025-12-31,2026-04-22
BSX,18.422592,11.861274,2.5301688,0.55,0.14661,0.060749996,42.25,1.9,0.98,0.17294,0.20603001,0.68943,0.116,1.0,2.39,3.71208,65444216832.0,75260215296.0,,0.0,0.577,Healthcare,Medical Devices,1486355179.0,1482327156.0,17.402,3.174746,3.651,13.684,0.0023100001,0.94039,1.27,2026-03-31,2026-07-29
BSX,17.546558,12.654458,2.515088,0.61,0.15338999,0.06191,50.151,1.24,0.558,0.17499,0.22895999,0.69189,0.075,0.151,2.47,3.42488,62809608192.0,75136606208.0,,0.0,0.568,Healthcare,Medical Devices,1449229526.0,1444983283.0,17.232,2.9915035,3.579,13.156,0.00254,0.94761,2.48,2026-06-30,2026-10-28
BX,33.354008,16.807838,11.666667,1.9,0.29228002,0.13262999,66.531,1.01,0.956,0.21243,0.52829,1.0,0.506,0.425,3.87,7.67975,157769580544.0,126100815872.0,3.67,1.2119,1.735,Financial Services,Asset Management,742180737.0,743381649.0,11.064,11.100509,8.872,,0.010880001,0.70273,1.92,2025-12-31,2026-04-23
BX,32.541027,17.049822,11.908606,1.49,0.29533002,0.13028,72.022,0.896,0.847,0.21213,0.38032,1.0,0.057,0.039,3.9,7.44348,155117273088.0,125552992256.0,3.92,1.2154,1.58,Financial Services,Asset Management,742180737.0,746230031.0,10.657,10.773949,8.721,,0.0107700005,0.73739,3.99,2026-03-31,2026-07-23
BX,27.95526,16.694946,11.088828,1.14,0.31374002,0.1433,68.185,0.872,0.828,0.22728,0.54357,1.0,0.286,0.573,4.47,7.4849,149364408320.0,126019280896.0,4.19,1.1119,1.558,Financial Services,Asset Management,750625114.0,747290884.0,11.269,9.646803,8.139,,0.01052,0.73743,5.53,2026-06-30,2026-07-23
BXP,33.36207,27.841726,1.7881345,2.23,0.04916,0.01672,225.995,0.923,0.858,0.087790005,-0.06589,0.56444,-0.319,,1.74,2.085,10278157312.0,27634745344.0,5.31,1.9310001,1.047,Real Estate,REIT - Office,158629124.0,147095200.0,32.464,3.2597136,8.764,17.154,0.00401,1.17084,5.06,2025-12-31,2026-04-28
BXP,35.100502,34.08215,2.1512825,3.23,0.05525,0.01675,211.994,0.979,0.865,0.10042,0.25675,0.56131,0.006,0.655,1.99,2.04946,12455052288.0,29555294208.0,4.01,1.5477,1.039,Real Estate,REIT - Office,159477391.0,147825973.0,32.469,3.9432468,9.357,18.506,0.00374,1.1439,7.19,2026-03-31,2026-07-28
BXP,33.962364,28.418854,1.9547591,2.35,0.05308,0.01683,211.631,0.506,0.448,0.09304,0.28755,0.56452,0.037,-0.232,1.86,2.22282,11426026496.0,28523356160.0,4.43,1.5054,1.033,Real Estate,REIT - Office,159661556.0,158227795.0,32.316,3.5815794,8.941,17.638,0.00375,1.13392,9.37,2026-06-30,2026-07-28
C,17.68356,11.418036,1.2747605,0.79,0.07649,0.0060900003,,,,0.20356001,0.34078,0.0,0.159,0.561,8.09,12.5293,243999834112.0,34048448512.0,1.68,0.2917,1.115,Financial Services,Banks - Diversified,1705576955.0,1700067941.0,112.225,3.0990403,0.432,,0.00253,0.81607,0.06,2026-03-31,2026-07-14
C,14.199354,10.227978,1.1484426,0.6,0.08529,0.0066299997,,,,0.21832001,0.36229,0.0,0.155,0.61,9.28,12.88329,221035855872.0,28920844288.0,2.03,0.2586,1.097,Financial Services,Banks - Diversified,1677436783.0,1672588991.0,114.738,2.70506,0.354,,0.00271,0.82102996,0.06,2026-06-30,2026-10-13
CAG,,8.227784,0.7735584,10.86,-0.00511,0.04202,89.813,0.901,0.253,-0.00387,0.105670005,0.24274999,-0.019,0.39,-0.1,1.60432,6315370496.0,13764908032.0,10.32,0.791,-0.042,Consumer Defensive,Packaged Foods,478437156.0,475016330.0,17.064,0.5648154,1.231,7.959,0.00684,0.90159,3.47,2026-02-22,2026-07-15
CAG,,9.7208395,1.1388785,10.86,-0.25064,0.04404,117.577,0.904,0.275,-0.16985,0.13771,0.23952,0.036,,-4.0,1.55645,7240697856.0,14497798144.0,8.1,0.791,-0.033,Consumer Defensive,Packaged Foods,478565642.0,475067327.0,13.285,0.64181477,1.285,8.324,0.00651,0.90620005,4.63,2026-05-31,2026-09-30
CAH,30.78993,18.473309,-17.511457,1.38,,0.03497,,0.906,0.38,0.00679,0.01233,0.03695,0.188,0.194,6.95,11.58374,50355273728.0,56789274624.0,0.95,0.2932,0.65,Healthcare,Medical Distribution,235316016.0,234854797.0,-12.22,0.20580642,0.232,14.855,0.00261,0.90843004,3.1,2025-12-31,2026-04-30
CAH,34.835365,18.99346,-18.962742,1.42,,0.03601,,0.907,0.419,0.0062,0.01413,0.037550002,0.11,-0.195,6.56,12.03151,53520723968.0,58659721216.0,0.9,0.31190002,0.493,Healthcare,Medical Distribution,234205855.0,233730417.0,-12.051,0.21345533,0.234,14.687,0.00259,0.90190005,2.91,2026-03-31,2026-08-11
CAH,31.172892,16.010809,-18.21547,1.13,,0.037219997,,0.883,0.425,0.00674,0.013300001,0.03844,0.058,0.688,7.23,14.07674,52417916928.0,57718919168.0,0.92,0.2833,0.519,Healthcare,Medical Distribution,232575728.0,232038478.0,-12.373,0.20616846,0.227,13.6,0.0026699998,0.91069,3.62,2026-06-30,2026-08-11
CARR,36.284023,19.326168,3.7143373,1.47,0.10925,0.03526,87.719,1.199,0.66,0.06824,0.01923,0.26054,-0.06,-0.978,1.69,3.1729,51253948416.0,62415945728.0,1.57,0.5325,1.319,Industrials,Building Products & Equipment,835433325.0,783511697.0,16.509,2.3568285,2.87,18.477,0.06151,0.90879,2.94,2025-12-31,2026-04-30
CARR,45.793335,21.406958,4.2453647,1.65,0.09907,0.031489998,91.102,1.05,0.586,0.059899997,0.06572,0.25180998,0.024,-0.407,1.5,3.20877,57052569600.0,68603568128.0,1.4,0.61,1.309,Industrials,Building Products & Equipment,830580423.0,790355413.0,16.18,2.6087136,3.137,21.841,0.047280002,0.89185995,2.51,2026-03-31,2026-07-28
CARR,38.485714,16.31042,3.3812363,1.05,0.08966,0.02982,91.998,1.02,0.547,0.055180002,0.13069001,0.24691999,0.039,-0.118,1.4,3.30341,44414636032.0,55789633536.0,1.78,0.6643,1.298,Industrials,Building Products & Equipment,824325057.0,784097994.0,15.935,2.0089848,2.524,18.037,0.04765,0.90007,2.81,2026-06-30,2026-07-28
CASY,49.0305,42.27509,8.180379,2.05,0.17882,0.07129,75.146,1.042,0.609,0.03828,0.04975,0.24535999,0.003,0.498,17.38,20.15726,31586586624.0,33925339136.0,0.27,0.1269,0.65,Consumer Cyclical,Specialty Retail,36959030.0,36744298.0,104.17,1.8599952,1.998,24.417,0.00471,0.89268,1.4,2026-01-31,2026-06-09
CASY,44.64229,35.438915,7.8086476,3.78,0.19153,0.076079994,73.514,1.01,0.575,0.04068,0.05351,0.24606001,0.145,0.66,18.73,23.59412,30941657088.0,33323743232.0,0.3,0.118999995,0.615,Consumer Cyclical,Specialty Retail,37004914.0,36746250.0,107.08,1.761943,1.898,22.314,0.00569,0.91204,4.4,2026-04-30,2026-09-08
CASY,28.766489,25.475676,5.3968997,2.7,0.19983,0.07912,70.547,1.019,0.565,0.041389998,0.065,0.2382,0.243,0.277,20.77,23.45296,22082961408.0,24447049728.0,0.44,0.1137,0.592,Consumer Cyclical,Specialty Retail,36960167.0,36698119.0,110.708,1.1826569,1.309,15.629,0.0057800002,0.90706,4.6,2026-07-31,2026-09-08
CAT,42.201275,28.564991,17.344,2.13,0.43526,0.07891,206.67,1.436,0.871,0.13144,0.16025,0.28795,0.18,-0.114,18.83,27.81902,371880001536.0,404465582080.0,0.76,0.3105,1.519,Industrials,Farm & Heavy Construction Machinery,465287332.0,463863553.0,45.817,5.5020785,5.984,28.971,0.00225,0.72552,2.94,2025-12-31,2026-04-30
CAT,43.86049,28.923698,21.729406,2.06,0.51331,0.085200004,230.793,1.353,0.73,0.13328,0.18180001,0.28601998,0.222,0.302,20.07,30.43456,405449900032.0,445238575104.0,0.74,0.2958,1.565,Industrials,Farm & Heavy Construction Machinery,460591983.0,459181413.0,40.511,5.7303357,6.293,30.586,0.0021600001,0.72827005,2.39,2026-03-31,2026-08-04
CAT,34.840225,24.986303,19.17356,1.42,0.56972003,0.090299994,232.783,1.368,0.78,0.14511,0.22183001,0.29713,0.24,0.682,23.22,32.37734,371872366592.0,411072397312.0,0.81,0.2601,1.594,Industrials,Farm & Heavy Construction Machinery,459674889.0,458222316.0,42.193,4.9762793,5.501,25.295,0.0022,0.73488,2.8,2026-06-30,2026-10-29
CB,12.887806,11.361193,1.7542473,2.91,0.14337,0.031240001,30.944,0.38,0.179,0.17291,0.24243,0.29548,0.055,0.279,25.67,29.1193,129388011520.0,152672485376.0,1.17,0.1488,0.503,Financial Services,Insurance - Property & Casualty,388489214.0,353591080.0,188.588,2.1700294,2.561,11.507,0.094469994,0.84334,2.17,2025-12-31,2026-04-21
CB,12.452617,12.054692,1.8541275,3.1,0.15433,0.03364,31.458,0.386,0.186,0.18527001,0.20641,0.30998,0.102,0.787,28.28,29.21352,136588812288.0,160353812480.0,1.16,0.1372,0.406,Financial Services,Insurance - Property & Casualty,387860106.0,351917110.0,189.933,2.2396016,2.629,11.067,0.09403,0.84724,2.66,2026-03-31,2026-07-21
CB,12.0794325,11.704559,1.74285,2.56,0.14822,0.03358,30.941,0.41,0.203,0.18070999,0.23527001,0.31129998,0.061,-0.007,28.2,29.10319,131418873856.0,153937870848.0,1.2,0.1393,0.382,Financial Services,Insurance - Property & Casualty,385799859.0,349878034.0,195.45,2.123221,2.487,10.343,0.094519995,0.8382,2.05,2026-06-30,2026-07-21
CBOE,28.812681,22.705078,6.108633,3.78,0.2336,0.11123,30.958,1.872,1.133,0.23334,0.36196,0.51527,0.087,0.605,10.41,13.21026,31416397824.0,30767929344.0,0.93,0.2591,0.369,Financial Services,Financial Data & Stock Exchanges,104742273.0,104256352.0,49.101,6.6642056,6.527,18.838,0.00254,0.89425004,2.87,2025-12-31,2026-05-01
CBOE,23.368378,18.20219,5.3258924,2.62,0.2514,0.10593,29.489,1.385,0.59,0.25774,0.39723,0.54107,0.065,0.544,11.7,15.02072,28613392384.0,28061790208.0,1.05,0.2383,0.443,Financial Services,Financial Data & Stock Exchanges,104653784.0,104234122.0,51.336,5.971075,5.856,15.728,0.00254,0.91612,2.87,2026-03-31,2026-07-31
CBOE,21.28393,17.924192,5.0710874,2.41,0.26297,0.11578,28.09,1.565,0.793,0.26734,0.34634,0.54078996,0.229,0.502,12.82,15.223,28495044608.0,27720847360.0,1.26,0.2245,0.408,Financial Services,Financial Data & Stock Exchanges,104431019.0,104036270.0,53.807,5.629985,5.477,14.358,0.0025499999,0.91256,2.87,2026-06-30,2026-07-31
CBRE,39.353245,17.430267,4.9685183,0.91,0.13572,0.02927,106.244,1.095,0.875,0.02853,0.0011999999,0.18658,0.118,-0.121,3.85,8.69235,44719472640.0,53134192640.0,,0.0,1.348,Real Estate,Real Estate Services,293140748.0,288560977.0,30.494,1.102823,1.31,23.913,0.00508,1.00041,1.62,2025-12-31,2026-04-23
CBRE,32.182648,15.8631735,4.8449855,1.02,0.15597,0.02717,113.689,1.083,0.913,0.031089999,0.026500002,0.18501,0.186,0.981,4.38,8.88599,41275424768.0,50979426304.0,,0.0,1.205,Real Estate,Real Estate Services,292816579.0,290819570.0,29.094,0.9780443,1.208,23.172,0.00505,1.00034,2.41,2026-03-31,2026-07-29
CBRE,31.922197,15.337491,4.8146615,0.74,0.15798001,0.02585,117.789,1.141,0.971,0.029760001,0.03608,0.18574,0.155,-0.042,4.37,9.09536,40395755520.0,50488754176.0,,0.0,1.188,Real Estate,Real Estate Services,289575298.0,287559854.0,28.974,0.92415535,1.155,22.804,0.00509,1.00075,3.51,2026-06-30,2026-07-29
CCI,35.20238,30.253838,-23.599361,0.87,,0.04058,,0.255,0.098,0.10413,0.49206,0.74085,-0.043,,2.52,2.93219,38710149120.0,68150808576.0,4.79,1.8859,0.964,Real Estate,REIT - Specialty,436367346.0,435141606.0,-3.759,9.078365,15.983,24.55,0.0011,0.995,3.36,2025-12-31,2026-04-22
CCI,33.405064,26.784264,-17.97684,1.28,,0.04048,,0.267,0.09,0.25136,0.47722998,0.73819,-0.048,,2.37,2.95584,34553901056.0,64377905152.0,5.37,1.7932,0.972,Real Estate,REIT - Specialty,436451983.0,435500518.0,-4.404,8.201733,15.281,23.582,0.00096000003,1.00262,2.59,2026-03-31,2026-07-22
CCI,29.820406,25.303217,-9.517978,0.57,,0.04725,,0.522,0.429,0.20716,0.46825,0.73732,-0.049,-0.675,2.45,2.88738,31927218176.0,53445775360.0,5.82,1.7347,0.969,Real Estate,REIT - Specialty,437000000.0,424434346.0,-7.676,7.672968,12.844,19.868,0.00099,1.01776,3.15,2026-06-30,
CCL,13.599119,11.831893,3.2809012,1.08,0.27853,0.05523,203.901,0.299,0.168,0.11476,0.0983,0.55966,0.061,,2.27,2.60905,42759258112.0,68001812480.0,0.97,0.0661,2.331,Consumer Cyclical,Travel Services,1239000212.0,1380153076.0,9.409,1.5850265,2.521,9.373,0.00261,0.73226,1.19,2026-02-28,2026-06-23
CCL,9.837838,8.386163,2.3106222,0.76,0.26689,0.05367,201.556,0.334,0.214,0.11237001,0.12787,0.55676997,0.053,-0.065,2.22,2.60429,29913137152.0,53856137216.0,2.06,0.1351,2.312,Consumer Cyclical,Travel Services,1369649119.0,1270609791.0,9.452,1.095278,1.972,7.376,0.07107,0.71691,2.45,2026-05-31,2026-09-29
CDNS,76.42014,33.26592,15.442629,2.78,0.21855,0.10981,48.707,2.856,2.507,0.20934999,0.32824,0.86364,0.062,0.146,4.07,9.34981,85872910336.0,84313440256.0,,0.0,1.041,Technology,Software - Application,276092068.0,271306831.0,20.141,16.21235,15.918,44.187,0.0034999999,0.90075,3.24,2025-12-31,2026-04-27
CDNS,76.948715,35.117264,13.876581,3.46,0.20656,0.10389,46.992,1.471,1.211,0.21180001,0.29699,0.86079,0.187,0.23,4.29,9.40022,91049615360.0,92586819584.0,,0.0,1.148,Technology,Software - Application,275816000.0,274541730.0,23.789,16.4688,16.747,45.966,0.0029300002,0.92386,2.14,2026-03-31,2026-07-27
CDNS,56.13095,29.63725,11.360533,2.16,0.23229,0.10613,38.661,1.743,1.426,0.23605,0.28575,0.85871005,0.242,1.254,5.04,9.54542,77908672512.0,79028207616.0,,0.0,1.137,Technology,Software - Application,275393000.0,274164747.0,24.902,13.345959,13.538,36.656,0.00327,0.9161,2.85,2026-06-30,2026-07-27
CDW,16.579208,11.820119,6.6514406,1.33,0.43018,0.06806,236.871,1.176,1.058,0.04756,0.07309,0.21733,0.063,0.088,8.08,11.33322,17279981568.0,22834380800.0,1.88,0.31,1.018,Technology,Information Technology Services,127974463.0,128560170.0,20.14,0.77059865,1.018,11.606,0.004,0.9796,3.19,2025-12-31,2026-02-04
CDW,16.22899,11.309736,6.674013,1.33,0.44157,0.06698,240.522,1.165,1.015,0.047030002,0.066199996,0.21572,0.092,0.077,8.21,11.781,17021870080.0,22589569024.0,1.89,0.3057,0.962,Technology,Information Technology Services,127753451.0,127298649.0,19.964,0.7431574,0.986,11.396,0.0044400003,1.03617,5.07,2026-03-31,2026-05-06
CDW,17.570915,12.134438,7.5007696,1.33,0.44009998,0.06585,263.278,1.167,1.011,0.04597,0.07345,0.21360001,0.1,0.049,8.32,12.04753,18276296704.0,24343998464.0,1.72,0.3023,0.941,Technology,Information Technology Services,125017426.0,124547360.0,19.49,0.7777015,1.036,12.106,0.00456,1.1306,4.62,2026-06-30,2026-08-05
CEG,39.974358,21.56119,6.3733964,3.74,0.16364,0.03439,63.94,1.526,1.095,0.09082,0.095979996,0.1838,0.129,-0.489,7.41,13.73811,107315298304.0,113417158656.0,0.58,0.20959999,1.188,Utilities,Utilities - Independent Power Producers,362294672.0,338841053.0,46.476,4.203004,4.442,20.138,0.0034999999,0.78969,3.09,2025-12-31,2026-05-11
CEG,21.927889,18.581274,2.7314048,3.74,0.16104999,0.04196,66.428,1.363,0.478,0.12693,0.21858,0.23263,0.638,10.91,11.51,13.58303,90128973824.0,113099759616.0,0.68,0.1381,1.121,Utilities,Utilities - Independent Power Producers,357102017.0,337745216.0,92.403,3.0176775,3.787,14.214,0.0032300001,0.84537005,2.73,2026-03-31,2026-08-06
CEG,24.874025,19.140306,2.8301425,3.74,0.15055001,0.03888,76.419,1.455,0.471,0.110810004,0.086619996,0.22107,0.23,-0.468,10.24,13.30752,90245636096.0,114593636352.0,0.67,0.1592,1.117,Utilities,Utilities - Independent Power Producers,354307379.0,353148794.0,89.999,2.8860133,3.665,14.411,0.0033500001,0.82959,4.52,2026-06-30,2026-08-06
CF,12.5618725,12.800429,3.576348,5.21,0.23401,0.10625,46.765,3.365,2.785,0.20538999,0.3531,0.38452998,0.228,0.371,8.97,8.80283,17315401728.0,21906403328.0,1.77,0.22299999,0.516,Basic Materials,Agricultural Inputs,153616434.0,152559332.0,31.507,2.444297,3.092,6.761,0.00433,1.0688,1.0,2025-12-31,2026-05-06
CF,10.938738,10.842088,3.4914882,3.52,0.273,0.11338,43.847,3.54,2.915,0.23733999,0.33585,0.39125,0.194,1.151,11.1,11.19895,18653667328.0,23145666560.0,1.98,0.18020001,0.39,Basic Materials,Agricultural Inputs,153629274.0,152549260.0,34.776,2.5183835,3.125,6.734,0.00438,1.0381,3.59,2026-03-31,2026-08-05
CF,9.466271,11.949198,3.3678825,0.58,0.29867,0.12934,40.504,4.86,4.142,0.27122,0.49325,0.42486,0.176,0.996,13.49,10.68691,19325878272.0,23630878720.0,1.88,0.14840001,0.399,Basic Materials,Agricultural Inputs,151338130.0,150281790.0,37.917,2.4972062,3.053,6.101,0.00449,1.08933,3.4,2026-06-30,2026-11-04
CFG,15.895736,10.463347,1.1877191,1.65,0.07739,0.00882,,,,0.25048,0.32051,0.0,0.138,0.468,4.22,6.41095,28366921728.0,29712267264.0,2.74,0.41709998,1.021,Financial Services,Banks - Regional,422881942.0,418665809.0,56.478,3.5975804,3.768,,0.0073100002,0.98723,0.02,2026-03-31,2026-07-16
CFG,14.605664,10.264058,1.1771523,1.65,0.08270001,0.0094,,,,0.26051,0.35132998,0.0,0.147,0.413,4.59,6.53153,28235694080.0,32828692480.0,2.74,0.39220002,0.997,Financial Services,Banks - Regional,421176788.0,417036620.0,56.951,3.4598327,4.023,,0.00712,1.00198,0.01,2026-06-30,2026-10-16
CHD,32.079468,24.19091,5.726106,3.03,0.1762,0.08202,59.517,1.066,0.669,0.11878,0.18556,0.45134997,0.039,-0.208,3.02,4.00481,22948458496.0,24903938048.0,1.27,0.39069998,0.473,Consumer Defensive,Household & Personal Products,236875094.0,235995993.0,16.919,3.6994548,4.015,18.015,0.002,0.93708,3.92,2025-12-31,2026-05-01
CHD,32.25987,24.22612,5.549771,3.01,0.16779,0.08140001,56.794,1.217,0.764,0.11812,0.20233999,0.45470002,0.002,0.022,3.04,4.04811,23237058560.0,25111058432.0,1.25,0.3923,0.467,Consumer Defensive,Household & Personal Products,236943602.0,236211446.0,17.671,3.744651,4.047,18.092,0.00196,0.94338,4.7,2026-03-31,2026-07-31
CHD,30.368591,23.480576,5.167712,2.66,0.17041,0.07873,55.851,1.147,0.642,0.119569995,0.18065001,0.45562,0.016,0.09,3.12,4.03525,22475069440.0,24648570880.0,1.3,0.38619998,0.472,Consumer Defensive,Household & Personal Products,237203907.0,236468575.0,18.335,3.6080766,3.957,18.194,0.00196,0.94841003,6.62,2026-06-30,2026-07-31
CHRW,37.73085,25.485048,11.694046,2.75,0.32911,0.10045,75.604,1.528,1.462,0.036170002,0.05071,0.08550999,-0.065,-0.085,4.83,7.15086,21617461248.0,22851975168.0,1.38,0.5155,0.935,Industrials,Integrated Freight & Logistics,117850413.0,118138046.0,15.584,1.3317178,1.408,26.117,0.0039500003,1.0384201,4.85,2025-12-31,2026-04-29
CHRW,42.20648,28.00037,14.456077,2.9,0.34838,0.1008,96.501,1.586,1.521,0.03698,0.049060002,0.08574,-0.008,0.099,4.94,7.44633,24576528384.0,26061350912.0,1.21,0.5061,0.915,Industrials,Integrated Freight & Logistics,117873042.0,117408622.0,14.423,1.5171673,1.609,29.367,0.0034400001,1.07504,5.76,2026-03-31,2026-07-29
CHRW,29.140953,20.40079,11.0080595,1.86,0.37123,0.099580005,121.188,1.582,1.528,0.03726,0.05337,0.08447,0.193,0.238,5.25,7.49922,17877073920.0,19695054848.0,1.65,0.479,0.943,Industrials,Integrated Freight & Logistics,116851258.0,116407223.0,13.898,1.0518084,1.159,21.118,0.00347,1.05178,2.93,2026-06-30,2026-07-29
CHTR,6.5364637,5.0165896,1.8664268,0.39,0.28667998,0.054840002,482.329,0.387,0.312,0.09105,0.24741,0.55309,-0.023,0.024,36.2,47.1675,29963556864.0,132920557568.0,,0.0,1.026,Communication Services,Telecom Services,124637812.0,82392818.0,126.777,0.54703975,2.427,6.026,0.31763,0.73127997,10.6,2025-12-31,2026-04-24
CHTR,3.5553448,2.968303,0.98605394,0.84,0.27504998,0.054130003,459.525,0.401,0.325,0.09029,0.23879999,0.55346,-0.01,0.089,36.95,44.25761,20582836224.0,117146476544.0,,0.0,0.704,Communication Services,Telecom Services,141178369.0,80487230.0,133.228,0.37672663,2.144,5.331,0.34392,0.83523005,5.04,2026-03-31,2026-07-24
CHTR,3.3351548,3.0618727,0.90183085,0.73,0.27201998,0.05311,441.578,0.361,0.302,0.09052,0.23503,0.55189997,-0.017,0.161,38.43,41.86,16656665600.0,116437794816.0,,0.0,0.687,Communication Services,Telecom Services,114457596.0,115225637.0,142.122,0.30621123,2.141,5.338,0.03098,0.88819003,5.79,2026-06-30,2026-07-24
CI,12.56267,8.335201,1.7599243,0.81,0.1513,0.04087,75.137,0.849,0.668,0.02167,0.0353,0.092980005,0.104,-0.093,22.18,33.42931,74431946752.0,96321519616.0,2.24,0.2723,0.272,Healthcare,Healthcare Plans,263660761.0,262247530.0,158.325,0.2707601,0.35,7.995,0.01441,0.91706,3.61,2025-12-31,2026-04-30
CI,11.930903,8.405847,1.7643114,0.85,0.16268998,0.04782,72.805,0.818,0.657,0.02263,0.054780003,0.09149,0.046,0.291,23.59,33.48265,74452647936.0,97732648960.0,2.22,0.2582,0.303,Healthcare,Healthcare Plans,264532404.0,263172707.0,159.524,0.26791936,0.352,7.299,0.0144299995,0.92664003,3.86,2026-03-31,2026-07-30
CI,11.389325,8.229224,1.7032229,0.75,0.16758,0.04462,74.29,0.846,0.687,0.022720002,0.03985,0.091359995,0.067,0.102,24.17,33.45151,72740118528.0,97651122176.0,2.27,0.2539,0.317,Healthcare,Healthcare Plans,264240486.0,262919284.0,161.623,0.25759473,0.346,7.654,0.01444,0.9218,3.55,2026-06-30,2026-07-30
CIEN,345.17197,61.992733,27.451498,2.19,0.08201,0.04577,56.931,2.814,1.918,0.044699997,0.13399,0.42125,0.331,2.323,1.57,8.74167,76626632704.0,76916629504.0,,0.0,1.245,Technology,Communication Equipment,141398427.0,140726784.0,19.741,14.953612,15.01,134.82,0.0058899997,0.97736,1.68,2026-01-31,2026-06-04
CIEN,133.15666,41.44671,19.556936,0.74,0.15464,0.06664,54.649,2.727,1.849,0.0787,0.15195,0.43047002,0.395,23.833,3.0,9.63816,56546148352.0,56923893760.0,,0.0,1.315,Technology,Communication Equipment,141552922.0,140862144.0,20.426,10.153461,10.221,72.446,0.0058899997,0.95919,1.83,2026-05-02,2026-09-03
CIEN,78.206276,29.571627,16.191626,0.58,0.22396,0.07734,107.496,3.797,2.904,0.10869,0.18076,0.44072,0.37,4.229,4.46,11.79509,49462812672.0,50118688768.0,,0.0,1.309,Technology,Communication Equipment,141808525.0,141153370.0,21.542,8.215194,8.324,48.871,0.0058600004,0.95914,1.76,2026-08-01,2026-09-03
CINF,11.003959,18.1017,1.6293085,2.19,0.16036,0.04892,5.568,0.639,0.533,0.18945,0.27596,0.25018,0.218,0.673,15.16,9.21571,25971574784.0,25267124224.0,2.13,0.22940001,0.642,Financial Services,Insurance - Property & Casualty,155686200.0,152766662.0,102.387,2.0561771,2.0,7.894,0.0167,0.71255994,3.11,2025-12-31,2026-04-27
CINF,10.342677,19.6148,1.7786763,2.19,0.18735,0.05553,5.626,1.044,0.867,0.21326,0.11841,0.27938998,0.116,,17.48,9.21702,27965814784.0,27590815744.0,2.08,0.203,0.553,Financial Services,Insurance - Property & Casualty,154686742.0,151804928.0,101.643,2.1631973,2.134,7.563,0.01714,0.71737,4.48,2026-03-31,2026-07-27
CINF,7.97546,18.712864,1.5550668,2.19,0.21484,0.06409,5.255,1.151,0.972,0.23843001,0.37202,0.31066,0.316,0.855,21.19,9.03122,25937790976.0,24921790464.0,2.23,0.1709,0.545,Financial Services,Insurance - Property & Casualty,153478045.0,150574240.0,108.677,1.8588068,1.786,5.709,0.017280001,0.74027,7.37,2026-06-30,2026-07-27
CL,32.627373,20.975414,1280.7462,1.52,4.9747,0.16362,2343.562,0.833,0.448,0.1046,0.20382,0.60107,0.058,,2.63,4.09098,68845527040.0,76250832896.0,2.47,0.78330004,0.331,Consumer Defensive,Household & Personal Products,802301915.0,751475323.0,0.067,3.3777614,3.741,15.664,0.00149,0.86490995,3.1,2025-12-31,2026-05-01
CL,36.03876,22.921917,513.7017,1.66,3.6357698,0.16098,1640.535,1.025,0.557,0.10041001,0.20924,0.60063,0.084,-0.059,2.58,4.05638,74401603584.0,81296605184.0,2.28,0.8062,0.319,Consumer Defensive,Household & Personal Products,800189310.0,750705603.0,0.181,3.57786,3.909,16.52,0.00145,0.87894,3.04,2026-03-31,2026-07-31
CL,34.437008,21.292498,295.50674,1.59,2.67367,0.15838,1388.163,1.026,0.555,0.096829996,0.20966,0.60431,0.049,-0.055,2.54,4.10802,69728706560.0,76462710784.0,2.42,0.8228,0.323,Consumer Defensive,Household & Personal Products,797172829.0,748409767.0,0.296,3.313,3.633,15.345,0.0014300001,0.86388,3.96,2026-06-30,2026-10-30
CLX,17.116203,15.581722,-101.1412,2.17,9.87179,0.11305001,9191.429,0.736,0.383,0.111719996,0.14047,0.44155,-0.008,-0.162,6.11,6.71171,12756708352.0,15794962432.0,4.74,0.8052,0.645,Consumer Defensive,Household & Personal Products,120911863.0,120505599.0,-1.034,1.8876455,2.337,12.862,0.00605,0.85159,3.37,2025-12-31,2026-04-30
CLX,15.661788,15.994844,-173.86281,2.27,5.46099,0.110369995,4876.087,0.84,0.59,0.111829996,0.17006001,0.43846,0.001,0.027,6.15,6.02194,11647144960.0,15100144640.0,5.15,0.8033,0.531,Consumer Defensive,Household & Personal Products,120921351.0,120507800.0,-0.554,1.7229505,2.234,11.853,0.00721,0.86122,4.37,2026-03-31,2026-08-03
CLX,17.276506,13.273509,111.69354,1.04,1.6376,0.08321,2221.429,0.658,0.337,0.087349996,0.12885,0.42321,-0.02,-0.501,4.81,6.26059,10049367040.0,15666366464.0,6.02,1.0312,0.544,Consumer Defensive,Household & Personal Products,120931005.0,120525886.0,0.744,1.4954416,2.331,13.742,0.00721,0.88325,3.51,2026-06-30,2026-08-03
CMCSA,5.497217,7.72542,1.1020606,142.98,0.2141,0.04795,107.863,0.882,0.697,0.16166,0.107889995,0.71747,0.012,-0.525,5.39,3.83539,107968593920.0,202629169152.0,4.45,0.18370001,0.79,Communication Services,Telecom Services,3588401619.0,3559996654.0,26.886,0.87277675,1.638,5.494,0.00758,0.89046997,2.28,2025-12-31,2026-04-23
CMCSA,4.664706,6.4340076,0.96397746,142.98,0.20918,0.04535,106.858,0.865,0.707,0.15004,0.13145,0.70129997,0.053,-0.326,5.1,3.69754,84983324672.0,170393321472.0,5.55,0.2588,0.655,Communication Services,Telecom Services,3562784182.0,3534398657.0,24.679,0.6783633,1.36,4.817,0.00735,0.94733,2.13,2026-03-31,2026-07-23
CMCSA,7.2884617,6.3516006,0.89842355,142.98,0.114879996,0.043080002,100.474,0.796,0.653,0.08966,0.17233999,0.6939,-0.012,-0.668,3.12,3.5802,80696000512.0,163608002560.0,5.8,0.42310002,0.662,Communication Services,Telecom Services,3539192198.0,3511198457.0,25.311,0.6460642,1.31,4.802,0.0074,0.91574997,3.63,2026-06-30,2026-10-22
CME,25.77509,22.186434,3.5941424,4.98,0.1475,0.01585,13.078,1.032,0.032,0.62584,0.63808,1.0,0.08,0.35,11.16,12.96513,104361746432.0,102373916672.0,1.81,0.44799998,0.296,Financial Services,Financial Data & Stock Exchanges,362804943.0,357025999.0,80.033,16.038874,15.733,22.304,0.00477,0.91448,2.28,2025-12-31,2026-04-22
CME,20.92656,19.073008,3.3307056,4.32,0.15919,0.0155,14.059,1.018,0.021,0.63324,0.69806,1.0,0.144,0.213,11.71,12.848,88542142464.0,90022961152.0,2.12,0.95559996,0.276,Financial Services,Financial Data & Stock Exchanges,361319613.0,357297187.0,73.573,13.129804,13.349,18.784,0.00422,0.92702,1.32,2026-03-31,2026-07-22
CME,23.410519,21.352411,3.7391622,4.8,0.15802,0.01481,14.587,1.018,0.019,0.63443,0.65036005,1.0,0.008,0.025,11.79,12.92641,99247472640.0,100840374272.0,1.88,0.95419997,0.275,Financial Services,Financial Data & Stock Exchanges,359576125.0,354645836.0,73.816,14.687663,14.923,21.136,0.00434,0.91846,2.9,2026-06-30,2026-10-21
CMG,31.429827,26.309607,16.51152,2.01,0.47355,0.13878,179.319,1.235,1.092,0.12878,0.15213001,0.40098998,0.049,0.04,1.14,1.36186,47377223680.0,50692493312.0,,0.0,1.064,Consumer Cyclical,Restaurants,1302423000.0,1292824142.0,2.17,3.9727325,4.251,21.282,0.0053399997,0.90883005,2.64,2025-12-31,2026-04-29
CMG,31.596329,25.417536,18.407269,1.84,0.49231997,0.13539,217.885,0.919,0.781,0.119619995,0.13271,0.39648998,0.074,-0.179,1.09,1.35497,44177354752.0,48551817216.0,,0.0,0.964,Consumer Cyclical,Restaurants,1282734000.0,1273062186.0,1.871,3.639414,4.0,21.073,0.0066299997,0.92594004,2.21,2026-03-31,2026-07-29
CMG,30.953703,24.398611,19.268011,1.49,0.49560001,0.13075,246.35,0.715,0.592,0.114250004,0.16108,0.39361998,0.093,-0.013,1.08,1.37016,42302922752.0,47044263936.0,,0.0,0.937,Consumer Cyclical,Restaurants,1265418000.0,1255319964.0,1.735,3.4050019,3.787,20.679,0.00722,0.92765,2.22,2026-06-30,2026-10-28
CMI,30.57923,19.890894,7.0137887,1.72,0.23928,0.078150004,60.516,1.761,1.019,0.08444,0.10918,0.25759,0.011,0.414,20.51,31.53101,86712287232.0,92218613760.0,1.25,0.3727,1.14,Industrials,Specialty Industrial Machinery,138257420.0,137503650.0,89.421,2.5753574,2.739,17.769,0.0029199999,0.87915003,2.46,2025-12-31,2026-05-05
CMI,33.66978,19.032547,7.2450194,1.54,0.21993999,0.07273,61.621,1.709,0.955,0.07886,0.09764,0.25847998,0.027,-0.21,19.26,34.07216,89483149312.0,95562153984.0,1.36,0.4062,1.222,Industrials,Specialty Industrial Machinery,137989067.0,137399854.0,89.507,2.640088,2.819,19.097,0.00211,0.8786,2.06,2026-03-31,2026-08-04
CMI,27.168451,15.425155,5.703218,1.07,0.21114,0.069970004,59.586,1.727,0.985,0.07822,0.11896,0.25772,0.094,0.047,19.59,34.50403,73269166080.0,78690172928.0,1.65,0.409,1.226,Industrials,Specialty Industrial Machinery,137664487.0,137082166.0,93.321,2.1110165,2.267,15.675,0.00212,0.87759,3.37,2026-06-30,2026-08-04
CMS,22.088068,18.625298,2.6708117,3.0,0.108559996,0.031519998,194.861,0.979,0.516,0.12542,0.21675,0.41527,0.123,0.066,3.52,4.17443,23946739712.0,43029225472.0,2.93,0.6156,0.424,Utilities,Utilities - Regulated Electric,307996655.0,304318854.0,29.111,2.8043964,5.039,14.253,0.0057,0.98134005,0.03,2025-12-31,2026-04-28
CMS,20.345304,17.64482,2.4616466,2.87,0.103719994,0.03131,189.842,0.842,0.443,0.12548,0.19816999,0.40546,0.116,0.089,3.62,4.17403,22751930368.0,42466930688.0,3.1,0.6079,0.342,Utilities,Utilities - Regulated Electric,308919602.0,306788057.0,29.919,2.5789993,4.814,13.933,0.0054900004,1.0068699,0.01,2026-03-31,2026-07-28
CMS,19.62162,15.723739,2.1456013,2.36,0.09158,0.02971,185.604,0.936,0.413,0.11642,0.17167999,0.40315,-0.005,-0.439,3.33,4.1555,20489129984.0,40398131200.0,3.49,0.6692,0.331,Utilities,Utilities - Regulated Electric,313577136.0,311473033.0,30.453,2.3248758,4.584,13.386,0.00546,1.0367299,0.01,2026-06-30,2026-07-28
CNC,,9.39694,0.940727,0.85,-0.28678,0.0101,90.556,1.1,1.045,-0.037890002,-0.01878,0.104729995,0.232,,-13.53,4.06196,18770954240.0,16715898880.0,,0.0,0.587,Healthcare,Healthcare Plans,491772493.0,458812508.0,40.575,0.10656172,0.095,6.527,0.0031299999,0.98683,1.89,2025-12-31,2026-04-28
CNC,,14.846497,1.531052,1.23,-0.26044,0.01222,76.049,1.123,1.076,-0.03613,0.05069,0.10559,0.051,0.183,-13.05,4.47513,32807872512.0,25537871872.0,,0.0,1.077,Healthcare,Healthcare Plans,493797000.0,458712723.0,43.395,0.18397076,0.143,8.791,0.00392,1.00607,2.64,2026-03-31,2026-07-28
CNC,,12.175191,1.4255687,0.78,-0.20358999,0.02479,71.082,1.145,1.106,-0.02829,0.0376,0.11415,0.046,,-10.36,5.34776,32164016128.0,21307015168.0,,0.0,1.106,Healthcare,Healthcare Plans,493995000.0,463688407.0,45.673,0.1783877,0.118,4.626,0.0039399997,1.01712,3.26,2026-06-30,2026-10-27
CNP,26.875,20.671783,2.5171223,2.03,0.096429996,0.02892,206.599,0.911,0.318,0.11243,0.21476999,0.45421,0.107,0.052,1.6,2.08013,28129019904.0,50567479296.0,2.14,0.55,0.532,Utilities,Utilities - Regulated Electric,654163245.0,648836838.0,17.083,3.0062008,5.404,14.074,0.0023100001,1.01806,8.83,2025-12-31,2026-04-23
CNP,26.460123,20.69151,2.4642897,2.52,0.09561,0.02843,215.591,1.165,0.471,0.11379,0.21982999,0.4592,0.019,0.067,1.63,2.08443,28214329344.0,51703328768.0,2.23,0.546,0.454,Utilities,Utilities - Regulated Electric,654169480.0,651886429.0,17.502,2.9976976,5.493,14.111,0.0023700001,1.05233,7.05,2026-03-31,2026-07-28
CNP,22.750002,18.30986,2.148036,1.67,0.09825,0.029979998,210.256,1.123,0.353,0.11611,0.24489,0.47027,0.107,0.233,1.68,2.0874,25176289280.0,49365291008.0,2.51,0.5357,0.451,Utilities,Utilities - Regulated Electric,658720288.0,656263261.0,17.793,2.617078,5.132,12.809,0.00233,1.07342,7.16,2026-06-30,2026-07-28
COF,61.267063,8.461885,1.1927373,0.22,0.02394,0.0036000002,,,,0.074829996,0.22935,0.0,0.516,0.222,3.37,24.4,128410214400.0,128477216768.0,1.55,0.77379996,1.144,Financial Services,Credit Services,621925120.0,609101144.0,173.106,3.9174538,3.919,,0.018760001,0.86915,1.46,2025-12-31,2026-04-21
COF,64.00923,8.574116,1.1989856,0.23,0.03259,0.00487,,,,0.08876,0.28586,0.0,0.463,-0.032,3.25,24.26256,128150528000.0,111351570432.0,1.54,0.86120003,1.022,Financial Services,Credit Services,616019481.0,609392654.0,173.505,3.5292482,3.067,,0.018919999,0.88045,2.3,2026-03-31,2026-07-21
COF,11.147026,8.420437,1.2059526,0.18,0.09031,0.01523,,,,0.21867001,0.33629,0.0,11.11,,18.16,24.04032,124187738112.0,127356731392.0,1.58,0.16530001,1.016,Financial Services,Credit Services,613484836.0,604902183.0,167.859,2.581329,2.647,,0.01228,0.89218,3.56,2026-06-30,2026-07-21
COHR,331.75,46.33274,7.5725384,0.92,0.032360002,0.028959999,39.901,2.252,0.987,0.04657,0.11783,0.36380002,0.175,0.73,1.04,7.44657,64684986368.0,67709763584.0,,0.0,1.905,Technology,Scientific & Technical Instruments,187481852.0,176613529.0,45.562,10.27672,10.757,56.042,0.00495,0.8853,1.12,2025-12-31,2026-02-04
COHR,131.564,33.682697,5.084156,0.92,0.04718,0.03142,31.093,3.05,1.709,0.07102,0.13572,0.36990002,0.205,,2.11,8.24162,54309478400.0,55649562624.0,,0.0,2.037,Technology,Scientific & Technical Instruments,195639321.0,194897848.0,54.601,8.226111,8.429,42.36,0.04508,0.89583,1.37,2026-03-31,2026-05-06
COHR,76.842606,22.741163,5.6976657,0.92,0.07981,0.03393,31.612,2.427,1.168,0.11309,0.118269995,0.37495998,0.337,,4.13,13.95531,62149316608.0,64046673920.0,,0.0,2.104,Technology,Scientific & Technical Instruments,195832246.0,195078292.0,55.7,8.731068,8.998,44.995,0.04449,0.87494004,1.46,2026-06-30,2026-08-12
COIN,46.262333,40.173206,3.7356968,0.79,0.10055,0.0355,53.119,2.343,1.375,0.1831,0.11299,0.85178,-0.222,,4.46,5.13601,55638454272.0,50749403136.0,,0.0,3.606,Financial Services,Financial Data & Stock Exchanges,223041278.0,219964053.0,55.232,8.082946,7.373,30.368,0.01323,0.68919,1.89,2025-12-31,2026-05-07
COIN,57.7647,33.10926,3.0701292,1.51,0.06686,0.01926,59.081,2.141,1.176,0.12736,-0.07097,0.85475,-0.308,,2.72,4.7455,41394954240.0,38921375744.0,,0.0,3.351,Financial Services,Financial Data & Stock Exchanges,222426875.0,219344261.0,51.177,6.5852985,6.192,38.826,0.01337,0.68671,2.83,2026-03-31,2026-07-30
COIN,,68.57851,3.9175155,2.32,-0.07847,0.01116,50.982,2.423,1.276,-0.16344,-0.13922,0.8581,-0.173,,-3.87,2.83252,51250323456.0,49129771008.0,,0.0,3.388,Financial Services,Financial Data & Stock Exchanges,222803032.0,219744496.0,49.585,8.479884,8.129,70.231,0.01324,0.68679,2.72,2026-06-30,2026-07-30
COO,30.57214,12.239914,1.4334368,1.59,0.04868,0.03639,33.201,1.337,0.584,0.09668,0.20778999,0.65444,0.062,0.269,2.01,5.02046,11989780480.0,14641979392.0,,0.0,0.894,Healthcare,Medical Instruments & Supplies,195114398.0,193760304.0,42.869,2.8878512,3.527,13.318,0.0061299996,1.0747,2.61,2026-01-31,2026-06-04
COO,60.771187,14.330936,1.6963948,0.69,0.02853,0.025190001,33.093,1.274,0.525,0.05573,-0.02866,0.65550005,0.079,,1.18,5.00386,13985645568.0,16573646848.0,,0.0,0.84,Healthcare,Medical Instruments & Supplies,195030630.0,193673217.0,42.272,3.3055177,3.917,18.698,0.0061299996,1.06744,1.92,2026-04-30,2026-06-04
COO,19.0,11.779494,1.2620406,0.52,0.06838,0.02735,33.634,1.222,0.506,0.1346,0.20822,0.65928,0.006,3.571,2.91,4.69375,10513686528.0,13160386560.0,,0.0,0.818,Healthcare,Medical Instruments & Supplies,190155294.0,188765259.0,43.81,2.4814572,3.106,14.121,0.0063,1.11898,5.05,2026-07-31,2026-09-09
COP,18.274015,14.106458,2.2046168,1.15,0.12357,0.06421,37.828,1.297,1.069,0.13252,0.16299999,0.4618,-0.068,-0.39,6.35,8.22602,141840236544.0,159253233664.0,2.9,0.5008,0.192,Energy,Oil & Gas E&P,1218853041.0,1219882250.0,52.635,2.3530622,2.642,6.591,0.00101,0.8532,2.0,2025-12-31,2026-04-30
COP,19.442373,12.800697,2.1652792,0.97,0.112840004,0.05865,36.143,1.289,1.066,0.12331,0.22051,0.45591,-0.053,-0.202,5.9,8.96123,139750506496.0,156714500096.0,2.93,0.5492,0.122,Energy,Oil & Gas E&P,1218294007.0,1215808687.0,52.977,2.3535738,2.639,6.712,0.00123,0.8724,2.37,2026-03-31,2026-08-06
COP,17.460926,13.706977,2.4234793,1.12,0.1418,0.07533,35.639,1.542,1.176,0.144,0.3151,0.47574002,0.355,1.07,7.55,9.61773,158372315136.0,173970325504.0,2.55,0.4365,0.134,Energy,Oil & Gas E&P,1201337479.0,1198754603.0,54.397,2.4569464,2.699,6.496,0.00096000003,0.86927,2.42,2026-06-30,2026-08-06
COR,39.370193,16.71855,33.390415,0.78,1.33467,0.03325,472.584,0.916,0.469,0.0049900003,0.01181,0.03613,0.055,0.148,8.32,19.59261,63720472576.0,72060198912.0,0.73,0.2701,0.718,Healthcare,Medical Distribution,194530682.0,183994900.0,9.81,0.19559489,0.221,14.524,0.04227,0.96968,3.41,2025-12-31,2026-05-06
COR,23.593868,15.534876,17.631565,0.65,1.0713401,0.03486,420.985,0.947,0.482,0.00775,0.01716,0.03796,0.038,1.283,13.05,19.81992,59905347584.0,73008324608.0,0.78,0.1762,0.581,Healthcare,Medical Distribution,194561060.0,184002231.0,17.463,0.1822604,0.222,13.774,0.0423,0.98996,3.51,2026-03-31,2026-08-05
COR,22.940565,15.589689,19.313234,0.65,0.96871,0.03559,446.516,0.935,0.477,0.00789,0.014149999,0.03961,0.051,0.119,13.46,19.80668,58923614208.0,70759505920.0,0.78,0.1745,0.574,Healthcare,Medical Distribution,190827165.0,180249615.0,15.988,0.17706938,0.213,12.758,0.04303,0.99665,3.16,2026-06-30,2026-08-05
COST,48.30843,42.23566,25.67171,4.66,0.29152,0.086660005,60.257,1.072,0.564,0.0301,0.036730003,0.12876001,0.215,0.455,19.81,22.65834,424404779008.0,422718504960.0,0.61,0.2701,0.86,Consumer Defensive,Discount Stores,443478804.0,440933955.0,37.278,1.4455844,1.44,30.654,0.00161,0.74525,3.33,2021-05-09,2026-09-24
COST,45.035717,39.576874,11.850092,4.39,0.29152,0.086660005,24.567,1.072,0.564,0.0301,0.03991,0.12876001,0.116,0.152,19.88,22.62205,397051002880.0,385286995968.0,0.66,0.2701,0.855,Consumer Defensive,Discount Stores,443478804.0,442241498.0,75.553,1.3524134,1.312,27.94,0.0016300001,0.74429,4.27,2026-05-10,2026-09-24
CPAY,22.264805,11.303719,5.8902016,0.91,0.29071,0.06038,243.348,0.977,0.447,0.23625,0.57138,0.7968,0.207,0.09,15.03,29.60442,22772353024.0,30985078784.0,,0.0,0.851,Technology,Software - Infrastructure,66131990.0,65377280.0,56.813,5.0287824,6.842,12.735,0.03798,1.00545,3.57,2025-12-31,2026-02-04
CPAY,21.877394,11.956544,6.8918157,0.88,0.32124,0.061869998,271.343,0.977,0.489,0.24597,0.41404,0.79714996,0.254,0.491,16.72,30.59329,23908737024.0,32192139264.0,,0.0,0.881,Technology,Software - Infrastructure,65361919.0,62726526.0,53.076,4.9979353,6.73,12.621,0.03907,1.0225,3.26,2026-03-31,2026-05-07
CPAY,24.209373,12.648173,7.3731627,0.76,0.29215,0.06316,275.291,0.972,0.48,0.22723,0.4692,0.80539,0.215,-0.07,16.43,31.44802,26116763648.0,34035322880.0,,0.0,0.873,Technology,Software - Infrastructure,65659599.0,63092309.0,53.947,5.2020226,6.779,12.163,0.03782,1.00683,5.41,2026-06-30,2026-08-05
CPB,10.983695,9.344066,1.5037202,0.63,0.13891,0.05347,185.001,1.015,0.458,0.0548,0.116610005,0.29610002,-0.045,-0.172,1.84,2.16287,6025540608.0,12879540224.0,7.73,0.8478,-0.005,Consumer Defensive,Packaged Foods,298146488.0,192185226.0,13.44,0.6003328,1.283,7.372,0.33626997,0.63417,5.44,2026-02-01,2026-06-08
CPB,10.823529,11.186827,1.6334985,0.75,0.15389,0.05393,182.035,0.866,0.323,0.061240003,0.13102001,0.292,-0.044,0.864,2.04,1.97375,6584393728.0,13520394240.0,7.07,0.7647,-0.001,Consumer Defensive,Packaged Foods,298206243.0,192286368.0,13.517,0.66321456,1.362,7.93,0.37464002,0.64072,3.66,2026-05-03,2026-06-08
CPB,15.793894,11.271887,1.6015172,0.53,0.1005,0.04952,171.728,0.815,0.291,0.04085,0.10342,0.28570998,-0.079,,1.31,1.83554,6169887232.0,13214619648.0,4.84,1.1908001,0.019,Consumer Defensive,Packaged Foods,298206243.0,192177220.0,12.919,0.6331986,1.356,8.142,0.37469003,0.63815,7.51,2026-08-02,2026-09-03
CPRT,20.830187,19.72497,3.259201,4.07,0.17129,0.109919995,0.98,10.061,9.716,0.33758,0.34654,0.47344002,-0.036,-0.1,1.59,1.67909,31904774144.0,26917277696.0,,0.0,1.02,Industrials,Specialty Business Services,963308388.0,882987735.0,10.162,6.9154997,5.834,13.847,0.08659001,0.83712995,4.25,2026-01-31,2026-05-21
CPRT,21.024843,20.11373,3.5718052,3.8,0.17607,0.11336,1.059,7.613,7.289,0.33481997,0.37530997,0.47522998,0.021,0.023,1.61,1.68293,31338717184.0,27249303552.0,,0.0,1.014,Industrials,Specialty Business Services,925811482.0,845386239.0,9.477,6.7556834,5.874,13.894,0.09012,0.88025004,3.29,2026-04-30,2026-05-21
CPRT,18.890324,16.537703,2.983797,2.88,0.1616,0.10268,0.97,7.912,7.601,0.31809,0.32011002,0.4898,0.024,-0.146,1.55,1.7705,27107760128.0,22759671808.0,,0.0,1.029,Industrials,Specialty Business Services,925811482.0,846532690.0,9.813,5.809376,4.878,12.094,0.09012,0.87991995,3.69,2026-07-31,2026-09-10
CPT,29.20904,60.908802,2.521029,9.17,0.08598,0.0202,88.402,0.029,0.021,0.24229,0.19797,0.61731,0.022,2.876,3.54,1.69762,10828721152.0,14972107776.0,4.1,1.1863999,0.848,Real Estate,REIT - Residential,104726511.0,104396772.0,41.015,6.824393,9.436,16.638,0.0141199995,1.04762,5.29,2025-12-31,2026-04-30
CPT,31.555866,143.91083,2.91543,9.17,0.09064999,0.015829999,104.147,0.104,0.036,0.24486999,0.037249997,0.61622,-0.005,0.121,3.58,0.785,11194264576.0,16056412160.0,3.75,1.176,0.798,Real Estate,REIT - Residential,99090596.0,102014087.0,38.749,7.063189,10.131,19.113,0.01465,1.08305,4.43,2026-03-31,2026-07-30
CPT,32.71287,90.935776,2.6733556,9.17,0.07885,0.01867,125.648,0.352,0.027,0.20622,0.16104001,0.61619,-0.008,-0.757,3.03,1.09,11471413248.0,15068879872.0,4.28,1.3927001,0.782,Real Estate,REIT - Residential,115732578.0,100604989.0,37.077,7.2518144,9.526,16.856,0.01465,1.05733,4.91,2026-06-30,2026-07-30
CRH,21.243195,17.74071,3.2605367,2.26,0.15684,0.06132,77.341,1.743,1.091,0.10022,0.15059,0.36126,0.062,0.484,5.51,6.59782,78212874240.0,95302754304.0,1.28,0.26860002,1.241,Basic Materials,Building Materials,668200414.0,666640334.0,35.899,2.0886285,2.545,12.707,0.00139,0.90027,2.09,2025-12-31,2026-04-30
CRH,19.09462,15.398518,2.9811146,2.1,0.15812,0.060500003,83.227,1.59,0.857,0.09645,-0.00041,0.36089,0.091,,5.39,6.68376,68771160064.0,87434166272.0,1.52,0.2783,1.189,Basic Materials,Building Materials,668200216.0,666549761.0,34.524,1.8068669,2.297,11.53,0.0014399999,0.89167,3.34,2026-03-31,2026-07-30
CRH,15.220849,13.260272,2.3868232,1.55,0.15812,0.06061,77.592,1.579,1.005,0.099350005,0.19022,0.3625,0.056,0.139,5.66,6.49685,57314258944.0,75602264064.0,1.81,0.26860002,1.198,Basic Materials,Building Materials,665284511.0,663435020.0,36.094,1.4835954,1.957,9.778,0.00145,0.89352,2.82,2026-06-30,2026-07-30
CRL,,14.900483,2.85972,0.13,-0.04232,0.04243,81.947,1.292,0.824,-0.03595,0.045089997,0.34981,-0.008,,-2.91,12.34054,9072999424.0,11516266496.0,,0.0,1.616,Healthcare,Diagnostics & Research,49341960.0,48663157.0,64.3,2.2595608,2.868,13.138,0.00854,1.10146,5.18,2025-12-27,2026-05-07
CRL,,18.196108,3.674857,0.12,-0.0587,0.04264,102.551,1.361,0.816,-0.04585,0.15923999,0.34457,0.012,,-3.7,12.32956,10806429696.0,13726851072.0,,0.0,1.399,Healthcare,Diagnostics & Research,48167730.0,47654744.0,61.05,2.6834645,3.409,15.43,0.00636,1.23343,5.13,2026-03-28,2026-08-05
CRL,,21.918686,4.6735916,0.12,-0.07516,0.04107,105.047,1.348,0.796,-0.05963,0.15113,0.34585,-0.027,,-4.81,12.68598,13393518592.0,16165455872.0,,0.0,1.405,Healthcare,Diagnostics & Research,48167730.0,47224247.0,59.496,3.349228,4.042,19.038,0.0047400002,1.23606,2.63,2026-06-27,2026-08-05
CRM,23.002563,12.004285,2.8183217,0.97,0.123959996,0.05179,29.947,0.76,0.644,0.17958,0.19239001,0.77676004,0.121,0.179,7.8,14.94633,146775212032.0,173750665216.0,0.98,0.2133,1.139,Technology,Software - Application,818053744.0,894405460.0,63.662,3.534623,4.184,13.847,0.029879998,0.94351,5.16,2026-01-31,2026-05-27
CRM,19.810905,10.999522,4.085309,0.71,0.16908,0.05703,124.282,0.786,0.615,0.18733,0.218,0.77643996,0.133,0.522,8.62,15.52522,139860639744.0,170571628544.0,1.03,0.19559999,1.178,Technology,Software - Application,819000000.0,793668330.0,41.801,3.2655592,3.983,13.228,0.029849999,0.94118,2.82,2026-04-30,2026-05-27
CRM,21.787546,14.859358,5.1020756,0.79,0.19381,0.05704,110.417,0.839,0.673,0.2199,0.21375,0.77282,0.108,1.189,10.92,16.01146,195808165888.0,226781167616.0,0.74,0.1568,1.202,Technology,Software - Application,823000000.0,797544610.0,46.632,4.4564652,5.161,17.581,0.02977,0.87477,1.9,2026-07-31,2026-08-26
CRWD,,100.01233,35.294655,5.1,-0.04137,-0.015700001,18.336,1.773,1.592,-0.033770002,0.0100300005,0.74808997,0.233,,-0.68,6.16804,157018488832.0,152083628032.0,,0.0,1.06,Technology,Software - Infrastructure,254536521.0,248947591.0,17.478,32.630577,31.605,-3259.121,0.015520001,0.7482,2.24,2026-01-31,2026-06-03
CRWD,,128.64554,44.30455,7.06,-0.0024899999,-0.0100300005,17.568,1.531,1.333,-0.00598,-0.022079999,0.75136,0.256,,-0.02,1.56733,205311623168.0,201621618688.0,,0.0,1.234,Technology,Software - Infrastructure,1018259280.0,1000480473.0,4.551,40.303017,39.579,3398.938,0.01472,0.76725,2.87,2026-04-30,2026-08-26
CRWD,4753.0,147.98463,47.692154,7.6,0.01461,-0.0078100003,15.958,1.57,1.366,0.00834,-0.02259,0.75185996,0.258,,0.05,1.60591,243338117120.0,239182249984.0,,0.0,1.255,Technology,Software - Infrastructure,1023934842.0,1006548428.0,4.983,45.094807,44.325,2238.256,0.01446,0.76373,2.59,2026-07-31,2026-08-26
CSCO,31.02518,19.116877,7.1369467,1.33,0.23754999,0.06994,66.509,0.955,0.737,0.18756,0.24868,0.64814,0.097,0.312,2.78,4.51172,340781891584.0,356641275904.0,1.95,0.5899,0.819,Technology,Communication Equipment,3949893042.0,3943336220.0,12.085,5.770683,6.039,21.892,0.00061,0.81846,2.47,2026-01-24,2026-05-13
CSCO,37.313335,23.359718,9.026691,1.55,0.25229,0.07337,67.541,0.925,0.704,0.19685,0.24992001,0.64296997,0.12,0.371,3.0,4.79201,441204211712.0,457565208576.0,1.5,0.55,1.007,Technology,Communication Equipment,3941434665.0,3935049541.0,12.401,7.263099,7.532,26.905,0.00052,0.83825994,2.04,2026-04-25,2026-08-12
CSCO,32.885887,19.547468,8.593738,1.01,0.27319,0.079780005,62.017,0.931,0.691,0.20951,0.27719,0.64524,0.176,0.521,3.33,5.60226,431752708096.0,447019679744.0,1.53,0.4985,0.992,Technology,Communication Equipment,3942586873.0,3936239308.0,12.743,6.818045,7.059,23.979,0.0005,0.83378,2.71,2026-07-25,2026-11-12
CSGP,1986.0001,22.312225,1.9916762,0.16,0.00088,-0.00341,13.666,2.84,2.536,0.0021600001,0.05501,0.78873,0.269,-0.259,0.02,1.78019,16834241536.0,16222189568.0,,0.0,0.92,Real Estate,Real Estate Services,419793301.0,414461926.0,19.943,5.184552,4.996,77.618,0.0115600005,1.04778,3.78,2025-12-31,2026-04-28
CSGP,425.4286,16.776709,1.5321294,0.11,0.00303,-0.00158,14.35,2.196,1.941,0.00733,0.0033399998,0.78634,0.225,,0.07,1.77508,12160833536.0,12124832768.0,,0.0,0.735,Real Estate,Real Estate Services,408355715.0,402748991.0,19.437,3.5641365,3.554,44.577,0.01211,1.04784,1.98,2026-03-31,2026-07-28
CSGP,161.6111,16.400467,1.4845624,0.09,0.00894,0.00466,14.537,2.214,2.064,0.02081,0.082159996,0.78683996,0.184,12.61,0.18,1.77373,11787198464.0,11689197568.0,,0.0,0.747,Real Estate,Real Estate Services,405197588.0,401753409.0,19.595,3.3147352,3.287,29.668,0.012619999,1.0481501,2.72,2026-06-30,2026-07-28
CSX,28.129871,20.697268,6.1238337,3.7,0.22511,0.0686,148.222,0.814,0.63,0.20501,0.32724997,0.45586,-0.009,-0.004,1.54,2.09303,80574898176.0,99392004096.0,1.29,0.3377,1.246,Industrials,Railroads,1859992927.0,1855893472.0,7.074,5.717776,7.053,15.472,0.00238,0.80407,3.16,2025-12-31,2026-04-22
CSX,31.13497,22.847702,6.9453945,2.31,0.23684,0.07084,143.06,0.966,0.775,0.21553,0.36157,0.46816003,0.017,0.265,1.63,2.22123,94300545024.0,112626548736.0,1.1,0.3252,1.211,Industrials,Railroads,1858138856.0,1854385416.0,7.307,6.6638784,7.959,17.0,0.0022200001,0.82892996,3.13,2026-03-31,2026-07-22
CSX,27.38372,20.735106,6.1957374,1.69,0.24357,0.07383,138.068,0.82,0.685,0.22208999,0.38424,0.47070998,0.101,0.227,1.72,2.27151,87251566592.0,105310846976.0,1.19,0.314,1.207,Industrials,Railroads,1852474917.0,1848606378.0,7.602,6.0123734,7.257,15.417,0.00223,0.81552005,4.22,2026-06-30,2026-07-22
CTAS,36.044308,31.48421,14.271992,2.72,0.41303003,0.15942,60.943,1.983,0.95,0.17568001,0.23224,0.50361997,0.089,0.097,4.74,5.42653,68363390976.0,73434374144.0,1.02,0.3671,0.934,Industrials,Specialty Business Services,400136881.0,342074487.0,11.971,6.199518,6.659,25.295,0.14961,0.69383,5.74,2026-02-28,2026-03-25
CTAS,40.334694,32.316612,15.386532,3.14,0.40714002,0.161,52.646,1.434,0.686,0.17754,0.23688,0.50668997,0.089,0.156,4.9,6.11574,79089516544.0,81506451456.0,1.05,0.3666,0.913,Industrials,Specialty Business Services,400169561.0,342245017.0,12.845,7.020967,7.236,27.214,0.1446,0.69744,6.4,2026-05-31,2026-09-23
CTRA,13.790178,10.48142,1.5821552,44.67,0.12275,0.0671,26.984,1.188,0.978,0.2456,0.33333,0.74124,0.234,0.206,2.24,2.94712,23456403456.0,27353933824.0,2.85,0.39290002,0.27,Energy,Oil & Gas E&P,759352619.0,748012701.0,19.524,3.3552287,3.913,5.661,0.01502,0.9654,1.6,2025-12-31,2026-02-26
CTRA,15.004608,10.833689,1.6676911,44.67,0.11361,0.06199,24.381,1.005,0.92,0.22674,0.28242,0.74633,0.186,-0.103,2.17,2.95736,24724652032.0,27932704768.0,0.027,0.4055,0.304,Energy,Oil & Gas E&P,759356619.0,748021035.0,19.524,3.3629832,3.799,5.786,0.009330001,0.96602994,1.61,2026-03-31,
CTSH,13.442983,9.99607,1.95553,1.0,0.15158,0.102290004,7.819,2.137,1.736,0.10564999,0.15995,0.33717,0.049,0.221,4.56,6.13241,29586227200.0,28576536576.0,2.15,0.2719,0.976,Technology,Information Technology Services,478246920.0,477079998.0,31.347,1.4016594,1.354,7.453,0.00113,1.0441,5.76,2025-12-31,2026-04-29
CTSH,9.711496,7.2443485,1.4083488,0.73,0.14876,0.10438,7.247,2.226,1.74,0.10413,0.15574001,0.33514,0.058,0.036,4.61,6.17999,21176209408.0,20790136832.0,2.95,0.2733,0.859,Technology,Information Technology Services,473000000.0,472637408.0,31.789,0.98926514,0.971,5.343,0.00122,1.08625,4.32,2026-03-31,2026-07-29
CTSH,12.84764,9.4735365,1.8711714,0.87,0.14924,0.10735,14.479,2.182,1.683,0.10258,0.17479,0.3344,0.045,0.038,4.66,6.31971,26968094720.0,28011094016.0,2.2,0.2747,0.83,Technology,Information Technology Services,450444209.0,449133416.0,31.996,1.2461,1.294,6.94,0.0012899999,1.1634899,4.48,2026-06-30,2026-07-29
CTVA,45.90857,19.839142,2.2366369,1.17,0.04974,0.03878,12.282,1.43,0.902,0.06287,0.056009997,0.4729,-0.017,,1.75,4.04957,54030577664.0,52737576960.0,0.9,0.4,0.68,Basic Materials,Agricultural Inputs,671356502.0,670849415.0,35.92,3.1050272,3.031,13.882,0.0013,0.8803,3.18,2025-12-31,2026-05-05
CTVA,47.18919,21.177807,2.401056,1.47,0.051370002,0.043270003,13.64,1.467,0.9,0.064959995,0.2369,0.48561,0.11,0.121,1.85,4.12224,58387984384.0,60020985856.0,0.82,0.3838,0.558,Basic Materials,Agricultural Inputs,668820000.0,666873734.0,36.359,3.2639043,3.355,14.494,0.00126,0.90867996,4.15,2026-03-31,2026-07-30
CTVA,48.80606,19.52645,2.134998,1.05,0.04256,0.04546,19.191,1.516,0.989,0.056649998,0.3013,0.4954,-0.012,-0.099,1.65,4.12415,53729296384.0,56483295232.0,0.89,0.4364,0.577,Basic Materials,Agricultural Inputs,667196000.0,665461290.0,37.719,3.0164661,3.171,13.212,0.0010800001,0.92103994,3.57,2026-06-30,2026-07-30
CVNA,45.861538,36.735836,16.018269,,0.67946,0.1086,133.119,4.311,2.016,0.06924,0.07567,0.20628001,0.58,9.467,8.45,10.5491,45320470528.0,58858557440.0,,0.0,3.614,Consumer Cyclical,Auto & Truck Dealerships,116947000.0,139981388.0,24.193,2.2301185,2.896,27.262,0.02131,1.04824,5.32,2025-12-31,2026-04-29
CVNA,39.15116,34.202705,12.942533,,0.60172004,0.114300005,121.351,4.087,1.844,0.06398,0.09033,0.20131001,0.52,0.119,1.72,1.96885,73860915200.0,51865858048.0,,0.0,3.462,Consumer Cyclical,Auto & Truck Dealerships,716288385.0,702836489.0,5.203,3.2795007,2.303,22.146,0.02046,1.08278,6.26,2026-03-31,2026-07-29
CVNA,34.449738,28.783245,11.622634,,0.58773,0.116960004,110.88,3.926,1.724,0.06257,0.09219,0.19371,0.524,0.615,1.89,2.26208,72172077056.0,50548756480.0,,0.0,3.497,Consumer Cyclical,Auto & Truck Dealerships,719916415.0,706360389.0,5.602,2.8802009,2.017,20.139,0.02099,1.05315,7.51,2026-06-30,2026-07-29
CVS,55.611515,9.447557,1.3062508,0.22,0.022869999,0.02471,106.06,0.842,0.568,0.00442,0.01572,0.13288,0.084,0.766,1.39,8.18201,99068018688.0,167861911552.0,3.44,1.9137,0.505,Healthcare,Healthcare Plans,1281604403.0,1269628475.0,59.177,0.24777287,0.42,11.478,0.00068000006,0.90274,2.56,2025-12-31,2026-05-06
CVS,47.135967,12.77598,1.7662914,0.3,0.037520003,0.026659999,100.912,0.866,0.611,0.00723,0.04124,0.13387999,0.061,0.631,2.28,8.41188,137123905536.0,203847909376.0,2.48,1.1667,0.598,Healthcare,Healthcare Plans,1275927307.0,1273209582.0,60.845,0.3380617,0.503,13.227,0.00062,0.90203005,2.32,2026-03-31,2026-08-05
CVS,23.440632,10.416923,1.4245169,0.21,0.06205,0.029679999,95.503,0.866,0.623,0.011849999,0.03861,0.13645001,0.071,1.888,3.79,8.52843,113623719936.0,176168730624.0,2.99,0.7018,0.58,Healthcare,Healthcare Plans,1278970369.0,1276463587.0,62.365,0.27535465,0.427,10.562,0.00063,0.90816003,2.32,2026-06-30,2026-08-05
CVX,27.793053,15.913158,1.9541183,1.13,0.07231,0.03794,24.323,1.155,0.724,0.06661,0.09462,0.41896,-0.082,-0.238,6.62,11.56213,366489468928.0,413302980608.0,3.87,1.0317,0.587,Energy,Oil & Gas Integrated,1991898801.0,1853872797.0,94.155,1.9847361,2.238,10.983,0.070250005,0.68152,1.39,2025-12-31,2026-05-01
CVX,32.701572,15.007461,2.0168774,0.77,0.06638,0.0346,23.989,1.094,0.725,0.059270002,0.07312,0.42421,0.023,-0.445,5.73,12.48579,373185576960.0,416287784960.0,3.8,1.2038,0.488,Energy,Oil & Gas Integrated,1991597732.0,1882374685.0,92.906,2.0091827,2.241,10.982,0.047270004,0.70328003,1.98,2026-03-31,2026-07-31
CVX,20.16458,15.447548,2.1643593,0.93,0.12231,0.05861,18.959,1.252,0.843,0.09834,0.21866,0.44267,0.535,3.219,10.39,13.56267,410975502336.0,445195517952.0,3.4,0.6718,0.491,Energy,Oil & Gas Integrated,1961603274.0,1868505583.0,96.8,1.9627837,2.126,8.788,0.04768,0.71181,2.53,2026-06-30,2026-07-31
D,17.988472,16.366749,1.9531274,2.76,0.09741,0.03108,150.094,0.773,0.352,0.18163,0.22038001,0.49019,0.204,3.655,3.47,3.81383,54864977920.0,110070800384.0,4.28,0.76949996,0.658,Utilities,Utilities - Regulated Electric,878964717.0,877054423.0,31.959,3.3239415,6.669,13.571,0.00125,0.84025,5.8,2025-12-31,2026-05-01
D,20.955751,18.620062,2.2177823,3.05,0.09787,0.03086,154.901,0.777,0.316,0.16929,0.28751,0.47263,0.231,-0.102,3.39,3.81524,62480568320.0,119890509824.0,3.76,0.78760004,0.636,Utilities,Utilities - Regulated Electric,879512484.0,877696492.0,32.032,3.5807533,6.871,14.55,0.00124,0.82736,3.84,2026-03-31,2026-07-31
D,22.0,16.664003,2.0031507,2.47,0.08281,0.03041,160.459,0.809,0.317,0.13984999,0.29219,0.46222,0.176,-0.58,2.89,3.81541,55920263168.0,115234258944.0,4.2,0.9239,0.622,Utilities,Utilities - Regulated Electric,879525949.0,877766897.0,31.74,3.0862775,6.36,13.815,0.00132,0.83031,7.49,2026-06-30,2026-07-31
DAL,12.289051,10.44413,2.6995478,0.21,0.2499,0.04341,105.021,0.418,0.28,0.068670005,0.03179,0.19900998,0.129,,6.85,8.06003,55305785344.0,70673072128.0,0.9,0.103999995,1.313,Industrials,Airlines,656994340.0,649010520.0,31.183,0.8485345,1.084,9.09,0.06526,0.83643997,3.15,2026-03-31,2026-07-10
DAL,13.20398,9.382325,2.3871915,0.21,0.20125,0.04019,96.649,0.424,0.267,0.05784,0.07921,0.187,0.187,-0.254,6.03,8.48617,52359946240.0,68496035840.0,1.08,0.1244,1.291,Industrials,Airlines,657623030.0,649739825.0,33.353,0.76676303,1.003,9.124,0.091759995,0.80727994,5.43,2026-06-30,2026-10-09
DASH,86.33333,24.196276,7.9592276,1.88,0.10439,0.03234,32.749,1.406,1.121,0.06816,0.052589998,0.51826,0.377,0.477,2.13,7.59993,79886663680.0,77683662848.0,,0.0,1.925,Consumer Cyclical,Internet Retail,409966858.0,373146171.0,23.104,5.8239164,5.663,63.78,0.0057599996,0.98864996,3.06,2025-12-31,2026-05-06
DASH,86.8585,23.71111,7.871922,4.21,0.09922,0.03309,32.194,1.426,1.123,0.0629,0.052529998,0.51763,0.331,-0.061,2.12,7.76598,80233242624.0,77999243264.0,,0.0,1.779,Consumer Cyclical,Internet Retail,411336610.0,376731121.0,23.392,5.4502573,5.299,57.777,0.0064999997,0.93364996,4.08,2026-03-31,2026-08-05
DASH,101.01571,23.691092,8.425695,1.07,0.088870004,0.029719999,33.276,1.368,1.083,0.05292,0.03862,0.52225,0.356,-0.3,1.91,8.14399,83600506880.0,81569062912.0,,0.0,1.788,Consumer Cyclical,Internet Retail,409082893.0,382197098.0,22.899,5.2608714,5.133,56.803,0.0059100003,0.95798,4.08,2026-06-30,2026-08-05
DD,225.4762,18.631609,1.391992,1.72,0.0051700003,0.01857,24.484,2.419,0.941,-0.11374,0.34687,0.34500998,,,0.21,2.54138,19407683584.0,22284544000.0,1.69,6.8095,1.122,Basic Materials,Specialty Chemicals,409877186.0,407590765.0,34.016,2.8336523,3.254,14.738,0.00183,0.78850996,2.51,2025-12-31,2026-05-05
DD,118.67544,17.851675,1.316486,1.72,0.00896,0.01983,22.594,2.683,1.076,-0.00419,0.13801,0.35009998,0.043,,1.14,7.57856,18266775552.0,21190899712.0,1.77,3.2104998,1.083,Basic Materials,Specialty Chemicals,135019401.0,136065185.0,102.766,2.6404705,3.063,13.645,0.0019,0.78091,4.15,2026-03-31,2026-08-04
DD,55.132477,16.1976,1.2652628,1.72,0.01792,0.020669999,22.902,2.427,1.636,0.00787,0.14239,0.35132,0.04,1.496,2.34,7.96476,17421893632.0,18972893184.0,1.86,1.3003999,1.085,Basic Materials,Specialty Chemicals,135042975.0,134463641.0,101.963,2.4931157,2.715,11.985,0.00159,0.79898,2.92,2026-06-30,2026-08-04
DDOG,422.03333,48.021637,11.959006,0.95,0.03343,-0.0043,34.269,3.382,3.278,0.03144,0.0100300005,0.79976,0.292,-0.033,0.3,2.63652,44801118208.0,41443827712.0,,0.0,1.294,Technology,Software - Application,328483364.0,325032838.0,10.587,13.072382,12.093,5504.559,0.0072500003,0.91015,2.2,2025-12-31,2026-05-07
DDOG,663.30774,89.78301,23.080835,1.64,0.039300002,-0.0021600001,32.221,3.397,3.285,0.03695,0.00797,0.79906,0.322,1.04,0.39,2.88128,92083339264.0,88609775616.0,,0.0,1.543,Technology,Software - Application,330825798.0,328910774.0,11.208,25.07695,24.131,2558.093,0.0064600003,0.92931,2.53,2026-03-31,2026-08-06
DDOG,450.82355,77.3238,18.89857,1.17,0.04696,0.0018000001,29.259,3.205,3.1,0.044770002,0.00666,0.79536,0.356,14.985,0.51,2.97347,82558525440.0,78850891776.0,,0.0,1.488,Technology,Software - Application,334904614.0,333009768.0,12.166,20.812767,19.878,951.191,0.00583,0.9279,2.03,2026-06-30,2026-08-06
DE,33.33123,25.777596,5.7189713,1.4,0.18349001,0.03828,376.022,2.213,1.972,0.10104,0.17479,0.25965,-0.111,-0.085,17.42,22.5246,156733784064.0,196379770880.0,1.1,0.3671,0.901,Industrials,Farm & Heavy Construction Machinery,269937425.0,269392151.0,101.527,3.3110206,4.149,22.798,0.00169,0.84637,5.5,2020-08-02,2026-08-20
DE,38.020565,30.121647,6.588801,1.59,0.18242,0.03759,230.298,2.132,1.911,0.10168,0.13372,0.25184,0.049,0.074,17.99,22.70759,184421072896.0,242110087168.0,0.95,0.36020002,0.911,Industrials,Farm & Heavy Construction Machinery,269625412.0,269080769.0,103.811,3.8479576,5.052,28.152,0.00169,0.84455,4.49,2026-08-02,2026-11-25
DECK,13.390625,12.84182,5.141813,1.29,0.39688,0.19903,13.14,2.856,2.122,0.19348,0.31384,0.57545,0.071,0.11,7.04,7.34086,13381622784.0,11637760000.0,,0.0,1.141,Consumer Cyclical,Footwear & Accessories,141949971.0,140671002.0,18.334,2.48974,2.165,8.557,0.00588,0.98467004,2.62,2025-12-31,2026-05-21
DECK,15.169516,12.802972,5.9634876,1.33,0.40859002,0.2175,15.01,3.545,2.771,0.18714,0.14002,0.57703996,0.096,-0.048,7.02,8.3176,14789433344.0,13257377792.0,,0.0,1.167,Consumer Cyclical,Footwear & Accessories,138880957.0,137649083.0,17.857,2.7026012,2.423,9.903,0.0057599996,1.0001999,3.07,2026-03-31,2026-07-23
DECK,11.156472,9.42032,4.659024,0.96,0.42558,0.20319,20.521,2.747,1.866,0.18361,0.15233,0.57804,0.057,0.011,7.03,8.32562,10680742912.0,9568712704.0,,0.0,1.15,Consumer Cyclical,Footwear & Accessories,136181857.0,134883659.0,16.834,1.9323657,1.731,7.211,0.0070700003,1.01447,3.7,2026-06-30,2026-07-23
DELL,27.103685,15.914484,-62.106647,0.99,,0.0602,,0.91,0.594,0.05228,0.09623,0.20125,0.395,0.573,8.68,14.78276,152817418240.0,172645777408.0,1.07,0.24190001,1.062,Technology,Computer Hardware,325034188.0,300008273.0,-3.788,1.3459584,1.521,15.069,0.07671,0.82383,3.26,2026-01-30,2026-05-28
DELL,37.301792,19.568556,-202.28847,0.81,,0.07004,,0.946,0.612,0.062750004,0.088570006,0.19212,0.875,2.825,11.73,22.35985,282719584256.0,303922642944.0,0.54,0.1757,1.401,Technology,Computer Hardware,325046693.0,302698837.0,-2.163,2.109816,2.268,21.608,0.07491,0.75918996,1.97,2026-05-01,2026-09-01
DELL,33.007557,19.529371,-256.80832,0.67,,0.08643,,0.962,0.565,0.07525,0.12020001,0.19910999,0.577,2.729,17.21,29.08747,361179774976.0,384893779968.0,0.44,0.1344,1.409,Technology,Computer Hardware,315433188.0,292022438.0,-2.212,2.3888023,2.546,21.714,0.07706,0.78014,2.7,2026-07-31,2026-09-01
DG,15.10657,12.971516,2.6772225,1.54,0.18992001,0.04551,184.665,1.135,0.166,0.0354,0.0608,0.30661,0.059,1.219,6.85,7.97748,22789019648.0,37369176064.0,2.28,0.3445,0.282,Consumer Defensive,Discount Stores,220226320.0,218334576.0,38.652,0.5333963,0.875,11.3,0.0027700001,1.02047,2.77,2026-01-30,2026-06-02
DG,17.299858,15.228483,3.0508854,1.77,0.1891,0.04632,178.649,1.169,0.188,0.03632,0.05919,0.30827,0.034,0.124,7.07,8.03166,26979950592.0,41425240064.0,1.95,0.33380002,0.235,Consumer Defensive,Discount Stores,220586647.0,218605779.0,40.09,0.6263431,0.962,12.229,0.0028,1.01052,3.1,2026-05-01,2026-08-27
DG,15.897404,14.813587,2.907394,1.63,0.19692,0.048899997,169.811,1.209,0.229,0.03903,0.06813,0.31160998,0.052,0.333,7.7,8.26336,27005702144.0,41189212160.0,1.93,0.3065,0.235,Consumer Defensive,Discount Stores,220616790.0,218642270.0,42.103,0.6188575,0.944,11.499,0.0028,1.00833,2.53,2026-07-31,2026-08-27
DGX,22.262556,16.99152,2.9919305,1.56,0.14751,0.06196,90.379,1.044,0.802,0.089899994,0.1397,0.33330002,0.071,0.11,8.76,11.47749,21585707008.0,27707129856.0,1.76,0.36,0.654,Healthcare,Diagnostics & Research,110684580.0,109264253.0,65.182,1.956113,2.511,12.739,0.00418,1.0024099,4.93,2025-12-31,2026-04-21
DGX,23.25386,18.053854,3.174804,1.62,0.14538999,0.06348,82.737,1.179,0.91,0.0908,0.14197,0.33277,0.092,0.155,9.06,11.66953,23321524224.0,29715523584.0,1.63,0.36020002,0.571,Healthcare,Diagnostics & Research,110696429.0,110128556.0,66.36,2.0678775,2.635,13.349,0.00426,0.98086,4.23,2026-03-31,2026-07-23
DGX,26.190224,20.439205,3.6069195,1.91,0.14602,0.06404,81.074,1.591,1.282,0.09187,0.15248,0.33192003,0.102,0.15,9.41,12.05771,27201513472.0,33362513920.0,1.4,0.2611,0.549,Healthcare,Diagnostics & Research,110373360.0,109812663.0,68.327,2.3530722,2.886,14.723,0.00433,0.99037004,4.25,2026-06-30,2026-07-23
DHI,13.619091,12.536937,1.8136585,1.31,0.13477,0.07825,22.872,6.332,0.554,0.09948,0.110240005,0.22068001,-0.095,-0.222,11.0,11.94949,43609624576.0,47070265344.0,1.2,0.15010001,1.445,Consumer Cyclical,Residential Construction,289703395.0,256793089.0,82.601,1.3008362,1.404,10.539,0.113170005,0.8813,5.85,2025-12-31,2026-04-21
DHI,14.02723,12.448669,1.8017247,1.29,0.13084,0.07298,27.453,6.37,0.432,0.09513,0.11257,0.21597,-0.023,-0.132,10.65,12.00048,42363957248.0,47662657536.0,1.2,0.1596,1.361,Consumer Cyclical,Residential Construction,283579613.0,250675871.0,82.915,1.2703446,1.429,11.166,0.116059996,0.88811994,4.99,2026-03-31,2026-07-21
DHI,13.157293,11.779004,1.6266737,1.16,0.12632,0.06884,29.451,6.011,0.423,0.09154,0.1299,0.21298,0.0,-0.048,10.49,11.71746,38604369920.0,44300570624.0,1.3,0.1668,1.371,Consumer Cyclical,Residential Construction,279701267.0,250595553.0,84.848,1.1575522,1.328,10.733,0.10398,0.87911004,5.27,2026-06-30,2026-10-29
DHR,38.794823,21.404345,2.6205661,1.26,0.07053,0.04183,37.487,1.874,1.398,0.1471,0.2217,0.59231997,0.046,0.125,5.02,9.09862,137824452608.0,152803393536.0,0.82,0.2545,0.986,Healthcare,Diagnostics & Research,707699419.0,630089452.0,74.316,5.609917,6.22,19.503,0.10785,0.84797996,1.68,2025-12-31,2026-04-21
DHR,39.501938,22.063656,2.7243445,1.3,0.0708,0.0419,37.17,1.868,1.402,0.14887999,0.22937,0.58992,0.037,0.098,5.16,9.23827,144264888320.0,158255890432.0,0.78,0.2636,0.823,Healthcare,Diagnostics & Research,707770627.0,630630706.0,74.818,5.8222976,6.387,19.944,0.10736,0.84457,2.57,2026-03-27,2026-07-21
DHR,37.75579,22.78046,2.8314574,1.27,0.07605,0.03949,52.97,1.651,1.149,0.15948,0.19777,0.58752996,0.055,0.597,5.61,9.29788,148899479552.0,172420481024.0,0.76,0.2567,0.808,Healthcare,Diagnostics & Research,702986054.0,625868484.0,74.806,5.9305964,6.867,21.477,0.1096,0.84393996,2.83,2026-06-26,2026-07-21
DIS,15.653903,14.48,1.7402054,3.02,0.12024,0.04366,40.909,0.669,0.545,0.128,0.15361,0.37284002,0.052,-0.043,6.79,7.34047,188493299712.0,234788847616.0,1.41,0.1841,1.441,Communication Services,Entertainment,1771519851.0,1768738565.0,61.079,1.9692978,2.453,12.161,0.00077,0.77271,1.77,2025-12-27,2026-05-06
DIS,15.6272,13.065311,1.5678122,2.27,0.1101,0.04449,41.069,0.679,0.554,0.1154,0.15512,0.3716,0.065,-0.298,6.25,7.47552,169605070848.0,217885065216.0,1.54,0.2,1.398,Communication Services,Entertainment,1736511424.0,1733698275.0,62.297,1.7437779,2.24,11.049,0.00062,0.77919,2.15,2026-03-28,2026-08-05
DIS,21.169073,13.729625,1.6142573,3.35,0.0801,0.048070002,39.404,0.709,0.562,0.086990006,0.19301,0.37595,0.068,-0.483,4.85,7.47799,177278943232.0,224944947200.0,1.46,0.3093,1.409,Communication Services,Entertainment,1726686902.0,1723872402.0,63.602,1.7932142,2.275,10.731,0.00063,0.78567004,2.16,2026-06-27,2026-08-05
DLR,56.877094,62.9082,3.1520123,19.01,0.05469,0.01175,81.655,1.3,1.223,0.2152,0.14147,0.55158,0.171,-0.534,3.58,3.23678,71227179008.0,89419341824.0,2.4,1.3630999,1.091,Real Estate,REIT - Specialty,343615444.0,321562205.0,64.6,11.713638,14.705,32.17,0.00018999999,1.0293499,0.01,2025-12-31,2026-04-23
DLR,46.122017,64.3857,2.6801486,11.19,0.05688,0.01255,76.592,1.227,1.119,0.21823,0.17191,0.55342996,0.167,0.676,3.77,2.7006,65425653760.0,80850321408.0,2.81,1.2944,1.053,Real Estate,REIT - Specialty,369976002.0,330124918.0,64.877,10.361919,12.805,27.989,0.00013,0.99034,0.02,2026-03-31,2026-07-23
DLR,88.40777,65.9129,2.523556,11.76,0.02912,0.01476,67.944,0.89,0.889,0.11825,0.25882,0.56994,0.299,-0.587,2.06,2.76304,68780113920.0,88401903616.0,2.68,2.3805,1.037,Real Estate,REIT - Specialty,370998727.0,350390955.0,72.168,10.179036,13.083,27.537,0.00014,1.0496299,0.0,2026-06-30,2026-07-23
DLTR,15.254209,12.2594385,4.790125,1.13,0.31693,0.06475,187.904,1.067,0.222,0.06607,0.13514,0.36693,0.09,,5.94,7.39104,17644068864.0,24214990848.0,,0.0,0.609,Consumer Defensive,Discount Stores,194725406.0,184438319.0,18.916,0.90893525,1.247,10.477,0.00154,1.1104,3.52,2026-01-31,2026-05-28
DLTR,21.196142,17.069208,7.2703204,1.61,0.33976,0.067389995,216.518,1.161,0.316,0.06514,0.09088001,0.36991,0.072,0.095,6.22,7.72385,25336297472.0,31922296832.0,,0.0,0.665,Consumer Defensive,Discount Stores,192174588.0,191584612.0,18.134,1.282987,1.616,13.272,0.00162,1.05198,3.41,2026-05-02,2026-08-27
DLTR,13.720589,14.158136,6.1344585,1.4,0.46032003,0.08262,223.945,1.134,0.32,0.08035,0.062090002,0.3718,0.07,1.972,8.16,7.90782,21007089664.0,27619788800.0,,0.0,0.662,Consumer Defensive,Discount Stores,187630299.0,177462613.0,18.251,1.0467589,1.376,11.031,0.00164,1.07709,3.23,2026-08-01,2026-08-27
DOC,173.70001,86.850006,1.6096748,4.32,0.01164,0.01656,122.183,1.218,0.669,0.02528,0.20066999,0.59973997,0.031,24.484,0.1,0.2,12076608512.0,22546341888.0,7.02,12.2003,1.079,Real Estate,REIT - Healthcare Facilities,695256660.0,692312474.0,10.791,4.2786736,7.988,14.491,0.0028799998,0.98091006,4.33,2025-12-31,2026-05-05
DOC,70.34375,-150.06667,1.9996446,4.32,0.027999999,0.01498,118.243,2.039,1.407,0.07734,0.12307999,0.58329,0.071,3.639,0.32,-0.15,15518837760.0,26288347136.0,5.42,3.8126001,1.004,Real Estate,REIT - Healthcare Facilities,689419702.0,686648235.0,11.257,5.4024134,9.151,17.029,0.00296,1.02306,3.74,2026-03-31,2026-08-04
DOC,58.085716,145.21428,1.7867814,4.32,0.03039,0.01513,108.653,2.286,1.928,0.08248,0.1599,0.57648,0.111,0.682,0.35,0.14,14412898304.0,24351246336.0,6.0,3.4857998,0.989,Real Estate,REIT - Healthcare Facilities,689527260.0,686693303.0,11.378,4.8860493,8.255,15.503,0.00296,0.97732,4.75,2026-06-30,2026-08-04
DOV,27.486828,19.04041,3.9891837,1.95,0.15285,0.06965,48.404,1.79,1.225,0.13518,0.18225999,0.40164003,0.088,-0.801,7.97,11.50553,29545232384.0,31452874752.0,0.95,0.2597,1.254,Industrials,Specialty Industrial Machinery,134796450.0,134093840.0,54.916,3.650908,3.887,17.24,0.012569999,0.92493,2.8,2025-12-31,2026-04-23
DOV,26.739075,18.49105,3.850773,1.81,0.14998001,0.07056,43.927,1.865,1.247,0.13304,0.16395001,0.40041,0.101,0.053,8.01,11.5829,28841779200.0,30489978880.0,0.97,0.2594,1.16,Industrials,Specialty Industrial Machinery,134661414.0,133908657.0,55.62,3.48325,3.682,16.341,0.01255,0.94968003,3.44,2026-03-31,2026-07-23
DOV,22.662634,16.1177,3.2764587,1.46,0.14914,0.07061,42.316,1.979,1.31,0.13475999,0.18691999,0.40092,0.069,0.141,8.27,11.62821,25241767936.0,26745784320.0,1.12,0.2515,1.146,Industrials,Specialty Industrial Machinery,134680225.0,133707834.0,57.202,2.997634,3.176,14.01,0.012560001,0.93402,5.1,2026-06-30,2026-10-22
DOW,,22.944057,1.5950534,38.89,-0.13818,-0.00066,111.871,1.967,1.023,-0.065630004,-0.031400003,0.062319998,-0.091,,-3.7,1.5516,25618448384.0,42390212608.0,3.93,7.0,0.495,Basic Materials,Chemicals,719619373.0,715783289.0,22.319,0.64097404,1.061,15.683,0.0021600001,0.71021,1.4,2025-12-31,2026-04-23
DOW,,15.413861,1.4141892,38.89,-0.15262,-0.00135,117.133,1.848,0.903,-0.07244,0.0001,0.06255,-0.061,,-4.0,1.94111,21564583936.0,38383583232.0,4.68,7.0,0.435,Basic Materials,Chemicals,720741438.0,718946792.0,21.157,0.54828465,0.976,14.528,0.00236,0.73623,2.73,2026-03-31,2026-07-23
DOW,,16.14698,1.3085262,38.89,-0.0554,0.012999999,111.913,1.749,0.894,-0.03129,0.11594,0.09787,0.197,,-1.83,1.77928,20752848896.0,37459849216.0,4.87,7.0,0.424,Basic Materials,Chemicals,722340711.0,720592646.0,21.956,0.50225925,0.907,9.452,0.0021,0.79490995,4.43,2026-06-30,2026-10-22
DPZ,21.187927,17.332285,-3.2071648,1.67,,0.34565,,1.651,0.815,0.121800005,0.19243,0.28625,0.064,0.095,17.56,21.4663,12511967232.0,17434576896.0,2.14,0.3961,1.185,Consumer Cyclical,Restaurants,33625700.0,30084748.0,-116.009,2.53279,3.529,17.276,0.10415,0.92042,3.39,2025-12-28,2026-04-27
DPZ,18.54807,15.500319,-2.7629085,1.58,,0.32489,,1.603,0.911,0.118879996,0.19344999,0.28701,0.035,-0.046,17.37,20.78538,10716309504.0,15619160064.0,2.47,0.41509998,0.975,Consumer Cyclical,Restaurants,33261870.0,30568989.0,-116.609,2.152504,3.137,15.287,0.0047,1.1216999,3.77,2026-03-22,2026-07-20
DPZ,16.668556,14.104143,-2.4429536,1.34,,0.33892,,1.538,0.795,0.118640006,0.19084999,0.28709,0.043,0.068,17.65,20.85912,9732646912.0,14690663424.0,2.71,0.42290002,0.946,Consumer Cyclical,Restaurants,33081735.0,30226781.0,-120.428,1.9357607,2.922,14.353,0.00476,1.1331401,3.51,2026-06-14,2026-10-13
DRI,20.41412,17.035702,10.560946,1.7,0.51539004,0.07255,387.681,0.387,0.133,0.086619996,0.13153,0.21507,0.059,-0.033,9.49,11.372,22188865536.0,30105266176.0,3.1,0.6217,0.594,Consumer Cyclical,Restaurants,114535003.0,114026468.0,18.344,1.7384217,2.359,14.987,0.00298,0.99579,4.85,2026-02-22,2026-03-19
DRI,20.045979,16.881163,10.814945,1.87,0.53718,0.07722,364.507,0.314,0.115,0.09134,0.14142,0.21667999,0.137,0.36,10.44,12.39725,23762020352.0,31701237760.0,3.1,0.5747,0.59,Consumer Cyclical,Restaurants,113541756.0,113554351.0,19.351,1.7986677,2.4,14.989,0.00299,1.0131,6.66,2026-05-31,2026-09-24
DTE,20.907537,17.67402,2.481848,2.04,0.12177,0.02943,213.601,0.804,0.436,0.09245,0.15921,0.30309,0.289,0.255,7.03,8.31616,30575970304.0,56629997568.0,3.07,0.6309,0.428,Utilities,Utilities - Regulated Electric,208028117.0,206696170.0,59.222,1.9334748,3.581,15.657,0.00402,0.7925,4.12,2025-12-31,2026-04-30
DTE,24.373356,17.73692,2.501646,2.07,0.10423,0.027780002,218.787,0.953,0.509,0.07654,0.10231,0.28689,0.158,-0.444,6.08,8.35489,30827716608.0,57566715904.0,3.14,0.7418,0.381,Utilities,Utilities - Regulated Electric,208028313.0,206900800.0,59.237,1.8666495,3.486,16.23,0.00404,0.81717,3.9,2026-03-31,2026-07-28
DTE,20.335443,15.364715,2.2012882,1.65,0.1103,0.02769,229.06,0.802,0.395,0.07999,0.13623999,0.29347,-0.015,0.224,6.32,8.36462,26743478272.0,54546477056.0,3.63,0.72550005,0.388,Utilities,Utilities - Regulated Electric,208088069.0,206947746.0,58.384,1.6242622,3.313,15.081,0.00402,0.82467,3.79,2026-06-30,2026-07-28
DUK,20.290016,17.88628,1.9581242,2.74,0.09724,0.02806,171.838,0.552,0.213,0.15628,0.28087,0.51897,0.08,-0.022,6.31,7.158,99635085312.0,192577208320.0,3.33,0.6688,0.454,Utilities,Utilities - Regulated Electric,778216672.0,775672252.0,65.384,3.1341643,6.058,11.828,0.00119,0.70448,3.12,2025-12-31,2026-05-05
DUK,19.232307,17.43787,1.818433,2.51,0.09661,0.02782,161.495,0.661,0.299,0.15706,0.25507,0.5105,0.113,0.12,6.5,7.16888,97457324032.0,189520330752.0,3.47,0.65230006,0.373,Utilities,Utilities - Regulated Electric,779596217.0,777553675.0,68.746,2.9786158,5.792,11.501,0.00122,0.70837,4.81,2026-03-31,2026-08-04
DUK,17.700302,16.388779,1.7046674,2.19,0.098570004,0.028369999,162.155,0.661,0.259,0.15995,0.27503002,0.51971,0.011,0.106,6.64,7.17137,91638398976.0,186256392192.0,3.69,0.6416,0.364,Utilities,Utilities - Regulated Electric,779702193.0,777480042.0,68.946,2.7935982,5.678,11.209,0.00131,0.71151,3.75,2026-06-30,2026-08-04
DVA,15.553102,9.019656,-15.572752,0.55,0.64848,0.0732,1111.353,1.292,1.165,0.05474,0.15228,0.32255,0.099,0.065,9.51,16.39863,9887635456.0,23863498752.0,,0.0,0.915,Healthcare,Medical Care Facilities,66849000.0,35218296.0,-9.498,0.72473687,1.749,8.674,0.50441,0.52818,6.94,2025-12-31,2026-02-02
DVA,22.82948,13.759982,-20.759527,0.73,0.80981004,0.07496,1261.331,1.417,1.283,0.056479998,0.13864,0.32454,0.06,0.435,10.38,17.22168,15209919488.0,29571430400.0,,0.0,0.882,Healthcare,Medical Care Facilities,64185000.0,34171092.0,-11.415,1.0993729,2.137,10.589,0.46897998,0.5291,5.4,2026-03-31,2026-05-05
DVA,15.581356,10.658317,-15.369054,0.45,0.88475,0.07515,1241.986,1.467,1.333,0.060489997,0.16061,0.32364,0.052,0.558,11.8,17.25038,11730268160.0,26292398080.0,,0.0,0.83,Healthcare,Medical Care Facilities,63800000.0,33941600.0,-11.963,0.8372994,1.877,9.303,0.46909,0.48387,4.72,2026-06-30,2026-08-04
DVN,10.606714,8.32253,1.7716804,2.77,0.17736,0.07715,55.951,0.98,0.777,0.16473,0.22656,0.47699,-0.121,-0.085,4.17,5.31449,27486961664.0,34723143680.0,2.17,0.23020001,0.526,Energy,Oil & Gas E&P,621440299.0,614485156.0,24.965,1.7138647,2.165,4.645,0.00832,0.82749003,1.73,2025-12-31,2026-05-05
DVN,12.208915,8.264697,1.7642088,2.92,0.15178001,0.060739998,56.359,1.006,0.848,0.14172,0.06856,0.46929002,-0.008,-0.753,3.59,5.30328,50553663488.0,34167961600.0,2.37,0.2674,0.432,Energy,Oil & Gas E&P,1153403107.0,616932134.0,24.844,3.1590116,2.135,5.083,0.00669,0.50574,1.88,2026-03-31,2026-08-04
DVN,10.567391,9.067185,1.3389341,2.92,0.11522,0.05909,28.488,0.717,0.584,0.17464,0.41077,0.50349,0.642,0.44,4.6,5.36109,53471002624.0,64413999104.0,2.63,0.22610001,0.426,Energy,Oil & Gas E&P,1100000000.0,1090870000.0,36.305,2.8470798,3.43,7.218,0.00798,0.94741,2.66,2026-06-30,2026-08-04
DXCM,30.612442,21.394846,8.965807,1.4,0.34497002,0.088870004,50.852,1.883,1.535,0.17939,0.25643,0.60101,0.131,0.78,2.09,2.99044,24688154624.0,24021352448.0,,0.0,1.556,Healthcare,Medical Devices,385872977.0,382944366.0,7.136,5.2956142,5.153,20.644,0.0028400002,1.01397,3.77,2025-12-31,2026-04-30
DXCM,32.896996,24.906822,10.003916,1.45,0.35624,0.09651,46.833,1.948,1.583,0.19311,0.2142,0.61504,0.15,0.922,2.33,3.07747,29577164800.0,28546762752.0,,0.0,1.453,Healthcare,Medical Devices,385872977.0,384537856.0,7.662,6.1390157,5.925,22.09,0.00271,1.0328801,3.42,2026-03-31,2026-07-30
DXCM,35.316204,28.600603,12.863518,1.37,0.38491002,0.103310004,53.346,1.733,1.37,0.20118,0.24327,0.62473,0.131,0.436,2.53,3.12406,33717184512.0,33168584704.0,,0.0,1.419,Healthcare,Medical Devices,377360765.0,375994719.0,6.946,6.785234,6.675,23.638,0.00262,1.06399,3.37,2026-06-30,2026-07-30
EA,76.34082,22.164276,8.288131,1.79,0.10027,0.048070002,36.443,0.926,0.84,0.09307,0.08574,0.78264,0.01,-0.685,2.67,9.19633,51009216512.0,50352214016.0,0.37,0.2846,0.725,Communication Services,Electronic Gaming & Multimedia,250253713.0,224762870.0,24.593,6.9818254,6.892,37.437,0.00206,0.95377,4.66,2025-12-31,2026-05-05
EA,59.515667,21.695284,7.743059,1.29,0.1349,0.05696,27.41,1.046,0.951,0.11778,0.24009001,0.78967005,0.119,0.853,3.51,9.62882,52381982720.0,51255984128.0,0.36,0.2165,0.641,Communication Services,Electronic Gaming & Multimedia,250751484.0,212338864.0,26.979,6.955515,6.806,34.516,0.00226,0.94835997,4.53,2026-03-31,2026-05-05
EA,59.743587,21.720531,7.7727118,1.3,0.16458,0.072340004,26.43,1.209,1.046,0.13803001,0.25881,0.79875,0.189,0.975,3.51,9.62882,52925640704.0,52392640512.0,0.0036000002,0.1776,0.642,Communication Services,Electronic Gaming & Multimedia,252387410.0,213719135.0,26.979,6.745557,6.678,30.355,0.00196,0.93203,4.0,2026-06-30,
EBAY,24.565727,15.690903,10.181942,2.41,0.40847,0.077989995,155.623,1.097,0.976,0.18297,0.16223,0.71449995,0.15,-0.184,4.26,6.66947,47301799936.0,51146199040.0,1.18,0.2723,1.33,Consumer Cyclical,Internet Retail,448000000.0,446091520.0,10.278,4.261423,4.608,18.845,0.0030500002,0.95466006,2.74,2025-12-31,2026-04-29
EBAY,25.879908,16.646215,11.328345,1.75,0.42875,0.085930005,163.327,1.219,1.109,0.17615,0.23146999,0.71786004,0.195,0.071,4.33,6.73186,49754640384.0,53100638208.0,1.11,0.2725,1.365,Consumer Cyclical,Internet Retail,444000000.0,398765280.0,9.892,4.2877145,4.576,17.813,0.00486,0.96139,3.95,2026-03-31,2026-08-05
EBAY,23.495796,16.639835,10.668701,1.6,0.46611,0.091450006,153.012,1.019,0.915,0.18571,0.2157,0.72052,0.148,0.55,4.76,6.72122,49768800256.0,53599801344.0,1.11,0.2521,1.339,Consumer Cyclical,Internet Retail,445000000.0,399783550.0,10.483,4.144637,4.464,17.313,0.10035,0.95338994,3.83,2026-06-30,2026-08-05
ECHO,,-807.0175,4.726189,1.33,-1.1228399,0.00397,515.06,0.302,0.236,-0.97559,0.08908,0.27082002,-0.052,,-50.21,-0.114,26662842368.0,54434852864.0,,0.0,1.004,Communication Services,Telecom Services,158465020.0,136847031.0,19.466,1.8012124,3.677,34.29,0.13111,1.14209,2.36,2026-03-31,
ECHO,,4.111747,1.9177182,1.33,-0.33428,0.01319,123.757,5.201,0.367,-0.38712,0.14279,0.29540002,-0.04,,-24.88,22.73,27149262848.0,44274601984.0,,0.0,1.009,Communication Services,Telecom Services,159142240.0,137454393.0,48.735,1.8526956,3.021,22.259,0.13053,1.11508,7.85,2026-06-30,2026-08-03
ECL,37.74725,28.41432,7.93188,2.54,0.22516,0.07836,91.769,1.076,0.767,0.12907,0.19048999,0.44512,0.048,0.202,7.28,9.67118,77610049536.0,85870206976.0,1.0,0.36810002,1.024,Basic Materials,Specialty Chemicals,282423768.0,281382952.0,34.645,4.8261356,5.34,21.861,0.0015199999,0.94258004,1.73,2025-12-31,2026-04-28
ECL,36.918808,29.156199,7.675406,2.57,0.22427,0.08009,92.369,0.991,0.682,0.12798999,0.16933,0.44374,0.1,0.078,7.39,9.35753,76784590848.0,85559394304.0,1.07,0.3735,0.895,Basic Materials,Specialty Chemicals,281437502.0,280846483.0,35.546,4.667104,5.2,21.173,0.00158,0.93811995,1.9,2026-03-31,2026-07-28
ECL,36.21774,28.616241,7.512127,2.43,0.21956,0.07233,138.023,1.841,1.501,0.12566,0.18521999,0.44210997,0.097,0.033,7.44,9.41633,75537342464.0,84349747200.0,1.08,0.3812,0.89,Basic Materials,Specialty Chemicals,280328603.0,279762339.0,35.87,4.484925,5.008,20.396,0.0015199999,0.94131,3.31,2026-06-30,2026-07-28
ED,19.530142,16.992504,1.6443734,2.62,0.08767,0.03187,117.317,1.021,0.83,0.11958,0.17802,0.53251,0.089,-0.083,5.64,6.48227,40581599232.0,66541404160.0,3.15,0.6028,0.335,Utilities,Utilities - Regulated Electric,368421246.0,360633317.0,66.986,2.3987234,3.933,11.05,0.00179,0.72886,4.01,2025-12-31,2026-05-07
ED,18.949411,17.318707,1.6155792,2.96,0.08732,0.0317,106.177,1.189,0.755,0.12524,0.25613,0.53192,0.062,0.129,5.93,6.48836,41411682304.0,68441681920.0,3.13,0.5797,0.264,Utilities,Utilities - Regulated Electric,368529705.0,367936372.0,69.554,2.405558,3.976,11.375,0.00187,0.75078005,5.85,2026-03-31,2026-08-06
ED,17.340462,16.245268,1.5167383,2.09,0.08962,0.03237,110.113,1.268,0.967,0.12533,0.16540001,0.53372,0.132,0.221,6.08,6.48989,38991032320.0,65841033216.0,3.33,0.5715,0.259,Utilities,Utilities - Regulated Electric,369828633.0,369303476.0,69.511,2.204253,3.722,10.685,0.00202,0.78726995,4.36,2026-06-30,2026-08-06
EFX,36.883457,19.079845,5.1310077,0.9,0.13757,0.06041,110.637,0.605,0.511,0.1087,0.18109,0.56447,0.092,0.024,5.32,10.28415,23670921216.0,28794679296.0,1.05,0.35529998,1.559,Industrials,Consulting Services,120634597.0,119762459.0,38.242,3.8967686,4.74,15.41,0.00629,0.98747003,3.04,2025-12-31,2026-04-21
EFX,31.176058,17.240019,4.6525316,1.44,0.1437,0.0627,113.353,0.607,0.512,0.11123,0.17448,0.56124,0.143,0.34,5.68,10.27145,21361975296.0,26352142336.0,1.26,0.36270002,1.316,Industrials,Consulting Services,119072409.0,118563970.0,38.061,3.4008303,4.195,13.662,0.0064,1.0532,3.41,2026-03-31,2026-07-21
EFX,27.920914,15.628443,4.26531,1.33,0.14275,0.061550003,120.956,0.602,0.508,0.10729,0.17305,0.55542,0.106,0.007,5.69,10.16544,18664824832.0,24101525504.0,1.41,0.3726,1.305,Industrials,Consulting Services,117484896.0,116982061.0,37.247,2.896241,3.74,12.525,0.0064499998,1.04759,7.24,2026-06-30,2026-07-21
EG,9.301137,5.7601542,0.9252731,0.97,0.10847,0.02219,24.481,1.124,0.717,0.0907,0.1233,0.124960005,-0.029,,37.79,61.02093,14196733952.0,13669734400.0,2.28,0.2116,0.333,Financial Services,Insurance - Reinsurance,40020144.0,31017213.0,379.877,0.8093458,0.779,,0.00691,0.90809,2.44,2025-12-31,2026-04-29
EG,7.7884774,6.3289948,0.9957678,0.97,0.13822,0.02655,23.471,0.382,0.24,0.11732,0.20232001,0.15487,-0.047,2.307,49.12,60.4472,15138907136.0,15089907712.0,2.09,0.16290002,0.287,Financial Services,Insurance - Reinsurance,39571602.0,27049564.0,384.196,0.87321377,0.87,,0.00804,1.01275,3.05,2026-03-31,2026-07-29
EG,7.923272,6.2734346,0.9401617,0.97,0.12572,0.02489,23.26,0.388,0.241,0.11376,0.19132,0.15281,-0.113,-0.115,47.31,59.75196,14372774912.0,14341774336.0,2.13,0.1691,0.277,Financial Services,Insurance - Reinsurance,38342734.0,25990622.0,398.708,0.8542511,0.852,,0.0083,1.05237,6.25,2026-06-30,2026-07-29
EIX,6.125541,10.856722,1.5937197,3.35,0.24103001,0.03809,215.738,0.729,0.271,0.23083,0.35949,0.5783,0.308,4.463,11.55,6.5167,27232096256.0,70791954432.0,4.96,0.2909,0.767,Utilities,Utilities - Regulated Electric,384905951.0,383786623.0,44.393,1.4097477,3.665,8.584,0.0026800002,0.93884003,2.56,2025-12-31,2026-04-28
EIX,8.438044,11.921269,1.7330059,3.69,0.18864,0.039,226.101,0.74,0.285,0.18124,0.27492002,0.58677,0.077,-0.632,9.2,6.51189,29871552512.0,74047553536.0,4.52,0.3707,0.649,Utilities,Utilities - Regulated Electric,384793941.0,363337831.0,44.795,1.5233593,3.776,8.637,0.00264,0.94624,5.62,2026-03-31,2026-07-30
EIX,5.707947,8.505436,1.219921,2.46,0.19734,0.04092,228.042,0.662,0.28,0.19281,0.26899,0.61005,-0.041,0.551,9.69,6.5029,21284061184.0,66229059584.0,6.35,0.35709998,0.614,Utilities,Utilities - Regulated Electric,384813979.0,383686474.0,45.339,1.0958173,3.41,7.416,0.00262,0.95952004,3.25,2026-06-30,2026-07-30
EL,,25.254114,6.836533,1.42,-0.04341,0.04423,232.945,1.358,0.899,-0.012130001,0.14259,0.74317,0.056,,-0.51,3.01733,27563599872.0,33871601664.0,1.84,4.7143,1.252,Consumer Defensive,Household & Personal Products,247219699.0,246213129.0,11.146,1.8787813,2.309,15.361,0.0155299995,0.96041,1.49,2025-12-31,2026-05-01
EL,,25.834517,7.441334,1.42,-0.05949,0.04874,232.908,1.268,0.824,-0.01672,0.14925,0.74651,0.046,-0.455,-0.7,3.17908,29714214912.0,35888218112.0,1.7,4.7143,1.261,Consumer Defensive,Household & Personal Products,247287571.0,246266563.0,11.037,2.0032504,2.419,15.272,0.00414,0.97244,2.04,2026-03-31,2026-05-01
EL,186.86,23.873648,8.881178,2.12,0.04745,0.0523,242.932,1.222,0.805,0.01209,0.07003,0.75487,0.063,,0.5,3.91352,33802840064.0,39550840832.0,1.5,2.8,1.274,Consumer Defensive,Household & Personal Products,247291223.0,246305228.0,10.52,2.246185,2.628,16.11,0.00433,0.95679003,1.93,2026-06-30,2026-11-02
ELV,12.819444,11.044531,1.6249263,1.24,0.1325,0.043509997,74.388,1.535,1.412,0.02843,0.0154,0.25563,0.095,0.363,25.2,29.24977,71298637824.0,68077641728.0,2.13,0.2713,0.498,Healthcare,Healthcare Plans,219664888.0,220201460.0,198.809,0.3580579,0.342,7.531,0.0019200001,0.94393,1.73,2025-12-31,2026-04-22
ELV,16.468843,13.283187,1.923553,1.42,0.12086,0.03979,72.299,1.479,1.332,0.02616,0.05303,0.25891,0.026,-0.168,23.59,29.2475,84367589376.0,81296195584.0,1.73,0.2903,0.682,Healthcare,Healthcare Plans,217162380.0,216706339.0,201.97,0.42096233,0.406,9.518,0.00185,0.9344,4.03,2026-03-31,2026-04-22
ELV,18.183628,13.911853,1.9854001,1.34,0.11133,0.03832,68.953,1.518,1.374,0.02468,0.04559,0.2599,0.014,-0.131,22.6,29.53956,89122439168.0,82791432192.0,1.67,0.3034,0.696,Healthcare,Healthcare Plans,216869290.0,216368322.0,206.986,0.4431439,0.412,9.946,0.0019,0.9413,6.12,2026-06-30,2026-07-15
EME,28.573202,25.697584,9.767579,1.08,0.3849,0.11599,12.913,1.22,1.173,0.07493,0.09503999,0.19327,0.197,0.53,28.21,31.36676,36083523584.0,35259101184.0,0.16,0.0355,1.112,Industrials,Engineering & Construction,44532566.0,43955869.0,82.523,2.1242568,2.076,19.982,0.01327,0.98023003,2.01,2025-12-31,2026-04-29
EME,24.996975,22.650534,8.552974,0.4,0.39229,0.117539994,13.355,1.26,1.215,0.07537,0.08726,0.19294001,0.197,0.3,29.77,32.85397,33139353600.0,32671811584.0,0.22,0.038599998,1.126,Industrials,Engineering & Construction,44440278.0,43882108.0,87.006,1.8672916,1.841,17.652,0.0070200004,0.96348,2.8,2026-03-31,2026-07-30
EME,23.367292,20.411175,8.135555,0.31,0.40348998,0.12029,13.432,1.277,1.232,0.07738,0.10618,0.19426,0.198,0.348,32.1,36.74899,33086396416.0,32711049216.0,0.21,0.0405,1.13,Industrials,Engineering & Construction,44109901.0,43771578.0,92.199,1.7790513,1.759,16.433,0.00708,0.96093005,2.4,2026-06-30,2026-07-30
EMR,35.870102,20.47466,4.056264,1.87,0.09646,0.066149995,69.283,0.841,0.571,0.12718001,0.24597,0.52757,0.041,0.049,4.08,7.14786,82292916224.0,94574698496.0,1.52,0.5239,1.278,Industrials,Specialty Industrial Machinery,562000000.0,559920600.0,36.08,4.524821,5.2,16.09,0.00225,0.84485,4.12,2025-12-31,2026-05-05
EMR,32.226326,19.434973,3.8494852,1.94,0.12328,0.06678,69.182,0.868,0.588,0.13354,0.24244,0.52669996,0.029,0.279,4.33,7.17984,78156349440.0,90438352896.0,1.59,0.50119996,1.244,Industrials,Specialty Industrial Machinery,560100000.0,558005226.0,36.249,4.267108,4.938,15.394,0.00223,0.85287005,4.08,2026-03-31,2026-08-04
EMR,32.80525,20.687666,4.103462,1.73,0.128,0.068969995,67.677,0.896,0.618,0.13828,0.26924,0.53161,0.07,0.23,4.57,7.24683,83625377792.0,95262375936.0,1.48,0.4798,1.233,Industrials,Specialty Industrial Machinery,557800000.0,555602268.0,36.535,4.4873033,5.112,15.725,0.00253,0.84076,3.23,2026-06-30,2026-08-04
EOG,14.082236,9.318256,2.314638,1.35,0.16829,0.08199,30.62,1.632,1.295,0.21982999,0.1694,0.6202,0.0,-0.417,9.12,13.78262,68901601280.0,74640605184.0,3.18,0.4326,0.333,Energy,Oil & Gas E&P,535715814.0,535037601.0,55.486,3.0414762,3.295,6.366,0.00279,0.95311,2.76,2025-12-31,2026-05-05
EOG,13.755162,9.564089,2.420745,1.11,0.18195,0.08968,26.873,1.716,1.425,0.23322001,0.37877998,0.61994,0.156,0.396,10.17,14.62659,74509410304.0,78966407168.0,2.92,0.3923,0.261,Energy,Oil & Gas E&P,532628530.0,530854877.0,57.788,3.161197,3.35,6.274,0.0028400002,0.97619003,4.52,2026-03-31,2026-08-04
EOG,11.224124,9.742999,2.37862,1.37,0.22507,0.11017,25.891,1.851,1.581,0.25733,0.40717998,0.62636,0.587,1.094,12.85,14.80345,75652841472.0,78995841024.0,2.83,0.314,0.272,Energy,Oil & Gas E&P,524529176.0,522761513.0,60.636,2.831213,2.956,5.45,0.0027200002,0.98135,5.08,2026-06-30,2026-08-04
EPAM,19.544643,9.428023,1.938512,0.78,0.10335,0.07546,3.907,2.594,2.483,0.06921,0.118599996,0.28877002,0.128,0.099,6.72,13.93081,7110743040.0,5958952448.0,,0.0,1.73,Technology,Information Technology Services,52756846.0,52133542.0,67.753,1.3030366,1.092,8.426,0.03168,1.13669,5.44,2025-12-31,2026-05-07
EPAM,12.738506,6.269788,1.363245,0.46,0.10932,0.08046,8.391,2.666,2.519,0.06961,0.09511,0.29055,0.076,0.188,6.96,14.14083,4631993344.0,3883558912.0,,0.0,1.431,Technology,Information Technology Services,52244451.0,50300957.0,65.036,0.83377844,0.699,5.309,0.032360002,1.19364,4.64,2026-03-31,2026-08-06
EPAM,15.48913,8.107191,1.6712602,0.61,0.111770004,0.08453,4.326,2.755,2.581,0.07151,0.10936,0.29451,0.045,0.263,7.36,14.06159,5880915968.0,5244343808.0,,0.0,1.383,Technology,Information Technology Services,51586981.0,49634414.0,68.212,1.047032,0.934,6.961,0.03277,1.1923001,4.73,2026-06-30,2026-08-06
EQIX,79.34548,61.790985,7.5537763,4.91,0.09722,0.03333,160.291,1.316,0.809,0.14579001,0.21540001,0.51317,0.081,,13.72,17.61778,107363500032.0,127983280128.0,1.77,1.3634,0.998,Real Estate,REIT - Specialty,98623487.0,97867804.0,144.116,11.59433,13.821,31.43,0.00275,0.99214,3.56,2025-12-31,2026-04-29
EQIX,70.44199,52.813267,7.0356474,3.29,0.10059,0.03495,162.961,1.178,0.554,0.14928001,0.24343,0.51606,0.121,0.2,14.48,19.31333,100596736000.0,122592731136.0,1.93,1.3299,0.971,Real Estate,REIT - Specialty,98624248.0,98239613.0,144.976,10.560229,12.869,28.63,0.00271,1.00055,2.74,2026-03-31,2026-07-29
EQIX,65.80799,54.851772,7.007142,2.88,0.10735,0.03683,162.217,1.131,0.607,0.15479,0.27021998,0.51979,0.167,0.288,15.52,18.62,100777345024.0,123170340864.0,2.02,1.2677,0.973,Real Estate,REIT - Specialty,98671686.0,98291800.0,145.757,10.175419,12.436,27.13,0.00269,1.0076699,2.81,2026-06-30,2026-07-29
EQR,21.39249,42.014103,2.1480465,16.1,0.100200005,0.02615,74.323,0.107,0.045,0.36202,0.2851,0.62878,0.02,-0.088,2.93,1.49188,24395741184.0,32473122816.0,4.48,0.9435,0.744,Real Estate,REIT - Residential,374674719.0,339618726.0,29.18,7.8849597,10.496,17.253,0.00588,0.97196,4.18,2025-12-31,2026-04-28
EQR,27.6,44.069744,2.426587,16.1,0.08671,0.02706,78.42,0.115,0.029,0.30632,0.27398002,0.62775004,0.025,-0.646,2.5,1.5657,26659944448.0,34829119488.0,4.07,1.1118,0.754,Real Estate,REIT - Residential,374712144.0,335975638.0,28.435,8.564082,11.188,18.406,0.0059100003,0.98923,3.69,2026-03-31,2026-07-22
EQR,28.675674,41.35888,2.273409,16.1,0.080240004,0.026689999,78.679,0.127,0.032,0.27974,0.27879998,0.62336,0.021,-0.399,2.22,1.54921,24611481600.0,32786810880.0,0.042600002,1.2133,0.749,Real Estate,REIT - Residential,374944409.0,336298889.0,28.002,7.865061,10.478,17.342,0.00287,0.48609,3.47,2026-06-30,
EQT,17.667673,12.43184,1.5364809,2.5,0.09007,0.053460002,28.932,0.763,0.642,0.24927,0.5499,0.78629,0.269,0.546,3.31,4.70405,36507541504.0,47920013312.0,1.13,0.1926,0.693,Energy,Oil & Gas E&P,624274000.0,618711719.0,38.061,4.462632,5.858,7.867,0.00822,0.94674003,2.04,2025-12-31,2026-04-21
EQT,9.404175,11.856375,1.2340945,2.24,0.13402,0.07727,20.816,0.658,0.541,0.35074002,0.57368,0.80966,0.499,4.9,5.27,4.18003,30998691840.0,40332820480.0,1.33,0.1224,0.55,Energy,Oil & Gas E&P,625478000.0,619911246.0,40.159,3.3103666,4.307,5.261,0.00777,0.9398,2.77,2026-03-31,2026-07-21
EQT,11.600928,12.840036,1.238206,1.47,0.11078,0.06629,19.595,0.673,0.542,0.29176,0.23372999,0.80748004,-0.039,-0.74,4.31,3.89407,31275802624.0,40423170048.0,1.32,0.1514,0.576,Energy,Oil & Gas E&P,625516000.0,619110716.0,40.381,3.3651898,4.349,5.779,0.00902,0.95812,3.33,2026-06-30,
ERIE,22.87944,17.473948,5.606165,2.67,0.26194,0.14805001,2.712,1.268,1.163,0.13752,0.17164,0.17633,0.029,-0.584,10.7,14.01,12801082368.0,12513431552.0,2.39,0.5199,0.438,Financial Services,Insurance Brokers,46189068.0,25145152.0,43.668,3.1473494,3.077,15.468,0.45462,0.45923,9.93,2025-12-31,2026-04-23
ERIE,20.835014,16.224838,5.0503235,2.67,0.2585,0.14840999,2.108,1.29,1.157,0.13971,0.16876,0.17913,0.023,0.087,10.91,14.01,11886009344.0,11652569088.0,2.57,0.5179,0.286,Financial Services,Insurance Brokers,46189068.0,25138354.0,45.009,2.9062781,2.849,14.091,0.45461,0.44619,13.28,2026-03-31,2026-07-30
ERIE,21.692377,17.062813,5.0666585,2.67,0.24808,0.14147,2.56,1.246,1.107,0.14007,0.19096,0.17904,0.028,0.032,11.02,14.01,12499893248.0,12258040832.0,2.45,0.64589995,0.305,Financial Services,Insurance Brokers,46189068.0,25137831.0,47.181,3.0343456,2.976,14.681,0.45462,0.45976,7.78,2026-06-30,2026-07-30
ES,15.186403,13.649732,1.6050527,2.42,0.10777,0.031689998,184.946,0.65,0.289,0.124919996,0.22137,0.53622,0.134,4.662,4.56,5.07336,26027290624.0,56267354112.0,4.55,0.66010004,0.776,Utilities,Utilities - Regulated Electric,375845345.0,374963406.0,43.145,1.9212241,4.153,11.981,0.00177,0.87617,3.14,2025-12-31,2026-05-06
ES,15.978587,15.213327,1.6971436,3.17,0.10912,0.03292,181.822,0.651,0.313,0.12549,0.24872999,0.5349,0.094,0.074,4.67,4.90491,28063092736.0,58288168960.0,4.22,0.65199995,0.714,Utilities,Utilities - Regulated Electric,376080025.0,375530948.0,43.968,2.0141094,4.183,11.899,0.00169,0.87147003,3.67,2026-03-31,2026-07-30
ES,17.589611,13.774111,1.5607643,2.32,0.09016,0.03302,180.7,0.8,0.463,0.10354,0.23923,0.52752,0.023,-0.854,3.85,4.91647,25508415488.0,53652451328.0,4.65,0.8,0.698,Utilities,Utilities - Regulated Electric,376674754.0,376083375.0,43.389,1.8222414,3.833,10.876,0.0016699999,0.88225996,4.23,2026-06-30,2026-07-30
ESS,24.516348,41.75038,2.9651122,7.02,0.12235,0.03105,119.433,0.154,0.055,0.346,0.32856,0.68583,0.032,-0.687,10.4,6.10701,17629028352.0,23408357376.0,4.04,0.9885,0.725,Real Estate,REIT - Residential,64477129.0,63797224.0,85.99,9.108524,12.095,18.646,0.00723,1.02887,3.64,2025-12-31,2026-04-28
ESS,32.98761,47.871105,3.4657247,7.02,0.105579995,0.03174,121.856,0.3,0.063,0.29132,0.35173,0.68883,0.064,-0.478,8.88,6.11914,20190547968.0,25831399424.0,3.54,1.1586,0.715,Real Estate,REIT - Residential,64261739.0,63554689.0,84.522,10.269747,13.139,20.203,0.00733,1.01386,3.64,2026-03-31,2026-07-29
ESS,41.998444,42.867527,3.2604496,7.02,0.0771,0.029560002,122.409,0.249,0.091,0.20893,0.33975,0.68771005,0.031,-0.718,6.43,6.29964,18615324672.0,24226234368.0,3.84,1.6075,0.706,Real Estate,REIT - Residential,64268439.0,63553131.0,82.826,9.397996,12.231,19.687,0.00733,1.04476,5.61,2026-06-30,2026-07-29
ETN,38.909004,26.213692,8.111708,3.01,0.21525998,0.08326,54.877,1.319,0.742,0.1489,0.19972,0.37772998,0.131,0.189,10.44,15.4961,157771956224.0,167493861376.0,1.08,0.39810002,1.164,Industrials,Specialty Industrial Machinery,387985340.0,387252207.0,50.077,5.748031,6.102,26.544,0.00065,0.85454005,3.21,2025-12-31,2026-02-03
ETN,39.061523,25.352713,7.8756795,3.01,0.20844999,0.07022,110.463,1.193,0.686,0.13986,0.16104999,0.37105,0.168,-0.094,10.24,15.77701,155316109312.0,176442114048.0,1.1,0.4129,1.181,Industrials,Specialty Industrial Machinery,388300000.0,387659305.0,50.788,5.4454846,6.186,27.817,0.00055,0.88058996,3.67,2026-03-31,2026-07-31
ETN,43.29969,26.328268,8.145627,2.58,0.19684,0.07052,105.059,1.24,0.704,0.12752,0.16563,0.36022,0.214,-0.159,9.81,16.13361,164980670464.0,185656672256.0,1.04,0.43580002,1.168,Industrials,Specialty Industrial Machinery,388400000.0,387716416.0,52.147,5.4945936,6.183,27.965,0.00071999995,0.87899,3.59,2026-06-30,2026-07-31
ETR,29.620512,23.40641,3.0877793,2.41,0.10774,0.0299,181.79,0.742,0.435,0.13581,0.18986,0.47717,0.079,-0.208,3.9,4.9354,52884893696.0,82038833152.0,2.22,0.624,0.565,Utilities,Utilities - Regulated Electric,457798633.0,450598051.0,37.412,4.0848207,6.337,14.705,0.00254,0.96292996,5.76,2025-12-31,2026-04-29
ETR,28.887754,22.301126,2.9887302,2.11,0.10751,0.027660001,192.883,0.957,0.613,0.13414,0.18648,0.46976003,0.12,0.012,3.92,5.07777,52837228544.0,82642108416.0,2.26,0.6327,0.489,Utilities,Utilities - Regulated Electric,466595090.0,455341464.0,37.889,3.9764798,6.22,15.053,0.00239,0.9796,6.58,2026-03-31,2026-07-29
ETR,26.089514,19.984718,2.611289,1.57,0.10248999,0.02683,186.77,0.912,0.618,0.13329001,0.24458,0.47000998,0.059,-0.019,3.91,5.1044,48738082816.0,78684332032.0,2.51,0.64449996,0.481,Utilities,Utilities - Regulated Electric,477777482.0,464503658.0,39.065,3.6149876,5.836,14.208,0.00217,0.97917,9.96,2026-06-30,2026-07-29
EVRG,22.505465,18.10282,1.8555982,2.29,0.08569,0.02875,149.917,0.491,0.066,0.14352,0.17736,0.52266,0.066,0.047,3.66,4.55012,18968506368.0,34388193280.0,3.37,0.737,0.599,Utilities,Utilities - Regulated Electric,230284149.0,229012734.0,44.39,3.181781,5.768,12.544,0.00184,0.94187,6.89,2025-12-31,2026-05-07
EVRG,22.763296,18.776571,1.9425341,2.41,0.08866999,0.028970001,155.555,0.446,0.052,0.14626999,0.21916,0.52331,0.05,0.185,3.76,4.55834,19729608704.0,35637108736.0,3.25,0.72470003,0.524,Utilities,Utilities - Regulated Electric,230513025.0,229208321.0,44.061,3.2714746,5.909,12.787,0.00191,0.9468,8.16,2026-03-31,2026-08-06
EVRG,20.300253,17.476336,1.7992783,2.05,0.092539996,0.02908,160.554,0.359,0.074,0.15192,0.25238,0.52696997,0.044,0.23,3.93,4.56503,18394648576.0,34923548672.0,3.49,0.7004,0.51,Utilities,Utilities - Regulated Electric,230567172.0,229222965.0,44.34,3.018535,5.731,12.295,0.0018799999,0.96872,9.21,2026-06-30,2026-08-06
EW,44.745857,24.394283,4.5494885,2.08,0.10353,0.07653,6.824,3.716,2.833,0.17692,0.237,0.78011,0.133,-0.766,1.81,3.32004,47038992384.0,43518091264.0,,0.0,0.945,Healthcare,Medical Devices,576541693.0,579016944.0,17.802,7.7524877,7.172,24.251,0.00171,0.92414004,2.14,2025-12-31,2026-04-23
EW,46.34054,25.498339,4.7896533,2.06,0.1046,0.08269,6.806,4.421,3.296,0.1739,0.31219998,0.77866,0.167,0.082,1.85,3.36218,49363337216.0,46394732544.0,,0.0,0.855,Healthcare,Medical Devices,575800000.0,573980472.0,17.899,7.8311,7.36,24.372,0.00184,0.94188005,2.22,2026-03-31,2026-07-23
EW,52.535717,26.13454,4.792832,1.88,0.09175,0.083680004,6.568,4.522,3.454,0.15431,0.29839,0.77839,0.136,-0.254,1.68,3.37714,50873065472.0,47431663616.0,,0.0,0.852,Healthcare,Medical Devices,576400000.0,574492116.0,18.415,7.811843,7.283,23.754,0.00195,0.95728,2.94,2026-06-30,2026-07-23
EXC,17.223444,15.464715,1.6696258,2.87,0.09936,0.028380001,174.488,0.924,0.607,0.11411,0.21619,0.4293,-0.011,-0.093,2.73,3.04047,48109694976.0,97716412416.0,3.57,0.5861,0.505,Utilities,Utilities - Regulated Electric,1023175091.0,1021020692.0,28.162,1.9832506,4.028,12.002,0.00071999995,0.93074,4.75,2025-12-31,2026-05-06
EXC,16.945055,15.229479,1.6146597,2.69,0.09764,0.028399998,174.794,0.939,0.596,0.11212,0.22299999,0.42641,0.079,-0.003,2.73,3.03753,47333605376.0,97861607424.0,3.63,0.5934,0.405,Utilities,Utilities - Regulated Electric,1023208142.0,1021427760.0,28.65,1.9096912,3.948,11.863,0.0007,0.96008,4.88,2026-03-31,2026-07-30
EXC,15.466911,13.846559,1.4622871,2.26,0.09711,0.028110001,177.362,1.088,0.716,0.10989001,0.16590999,0.42363998,0.099,-0.002,2.72,3.0383,43342782464.0,94286921728.0,3.99,0.6029,0.389,Utilities,Utilities - Regulated Electric,1030253967.0,1030416555.0,28.77,1.7113947,3.723,11.285,0.0007,0.95496005,5.18,2026-06-30,2026-07-30
EXE,12.65786,9.999154,1.2339828,6.85,0.100659996,0.05863,27.495,1.005,0.792,0.15628,0.27513,0.45321998,0.383,,7.57,9.58281,23034959872.0,27526961152.0,3.33,0.42139998,0.459,Energy,Oil & Gas E&P,240398260.0,239352528.0,77.651,1.9791185,2.365,4.902,0.00296,0.94339997,1.73,2025-12-31,2026-04-28
EXE,6.5572915,10.425612,1.0825052,2.73,0.17568001,0.09668,25.883,1.111,0.889,0.24906999,0.3404,0.47955,0.41,,13.44,8.45322,21083238400.0,23922237440.0,3.62,0.2374,0.326,Energy,Oil & Gas E&P,239228849.0,238145142.0,81.413,1.6272953,1.846,3.222,0.0030399999,0.9295,1.95,2026-03-31,2026-07-28
EXE,7.542241,10.054946,1.0563235,0.82,0.14893,0.08486,19.207,0.959,0.594,0.2197,0.26323998,0.47069,-0.106,-0.455,11.6,8.70119,20254265344.0,23319267328.0,2.63,0.275,0.323,Energy,Oil & Gas E&P,231503789.0,230330065.0,82.825,1.6001158,1.842,3.47,0.0036000002,0.96399003,3.23,2026-06-30,2026-07-28
EXPD,24.756304,22.781404,8.371697,3.79,0.35431,0.13637,24.197,1.812,1.609,0.07321,0.08786,0.13435,-0.033,-0.115,5.95,6.4658,19665092608.0,18923855872.0,1.05,0.2588,1.081,Industrials,Integrated Freight & Logistics,132984007.0,132571822.0,17.595,1.7765902,1.71,17.059,0.00605,1.02066,3.34,2025-12-31,2026-05-05
EXPD,29.483871,26.045452,10.564643,4.18,0.36641,0.14173001,24.708,1.789,1.652,0.07475,0.10594,0.1362,0.044,0.163,6.2,7.0185,23908620288.0,23159357440.0,0.89,0.2488,1.038,Industrials,Integrated Freight & Logistics,130791133.0,129831126.0,17.303,2.1374555,2.07,20.359,0.0062300004,1.01097,3.52,2026-03-31,2026-08-04
EXPD,27.793304,24.085474,11.717705,3.02,0.4267,0.1523,26.745,1.566,1.431,0.07634,0.107080005,0.13549,0.321,0.515,6.87,7.9276,24820410368.0,24358617088.0,0.85,0.23,1.058,Industrials,Integrated Freight & Logistics,129990622.0,129032591.0,16.295,2.0621808,2.024,19.275,0.00634,0.99741995,4.25,2026-06-30,2026-11-03
EXPE,27.098877,11.56672,25.36157,0.94,0.48672,0.057719998,254.692,0.732,0.597,0.08783,0.1545,0.90116996,0.114,-0.273,9.81,22.98318,32574670848.0,34591670272.0,0.63,0.16309999,1.332,Consumer Cyclical,Travel Services,117011421.0,115378836.0,10.482,2.2110007,2.348,15.033,0.01238,1.03003,3.02,2025-12-31,2026-05-07
EXPE,23.742933,11.676616,55.993744,0.88,0.71494,0.05825,256.536,0.731,0.568,0.098079994,0.07093,0.90271,0.147,,11.32,23.0178,32258332672.0,32434333696.0,0.65,0.14840001,1.232,Consumer Cyclical,Travel Services,114498625.0,113562489.0,4.8,2.1263154,2.138,12.489,0.0061500003,1.04449,5.56,2026-03-31,2026-08-05
EXPE,17.569183,11.417905,27.727049,0.73,0.89489,0.061079998,230.271,0.801,0.637,0.12968001,0.1898,0.90433,0.14,1.887,15.9,24.46596,33528168448.0,33352402944.0,0.69,0.1107,1.25,Consumer Cyclical,Travel Services,114498625.0,113551501.0,10.075,2.1355522,2.124,11.541,0.0061500003,1.08734,3.41,2026-06-30,2026-08-05
EXR,31.668844,30.322374,2.2849238,6.28,0.07008,0.03351,98.679,0.758,0.116,0.28261998,0.44452,0.75028,0.046,0.158,4.59,4.79382,32070821888.0,45574389760.0,4.46,1.4117999,1.274,Real Estate,REIT - Industrial,211197320.0,208756039.0,63.617,9.3057165,13.224,20.088,0.009380001,1.0341899,4.26,2025-12-31,2026-04-28
EXR,33.36937,31.174646,2.3469777,6.49,0.0683,0.03375,98.092,0.689,0.1,0.27142,0.43982,0.74831,0.038,-0.106,4.44,4.75258,32698011648.0,45980139520.0,4.37,1.4562,1.2,Real Estate,REIT - Industrial,211260936.0,208848336.0,63.128,9.40024,13.219,20.124,0.00942,1.01943,3.46,2026-03-31,2026-07-28
EXR,30.178808,28.517849,2.1785762,5.43,0.06953,0.03358,101.674,0.886,0.305,0.2728,0.45882,0.74919,0.038,0.06,4.53,4.79384,30172246016.0,43520184320.0,4.74,1.4305,1.176,Real Estate,REIT - Industrial,211269558.0,208858972.0,62.752,8.593351,12.395,18.834,0.00944,0.99772,4.97,2026-06-30,2026-07-28
F,,6.9700565,1.4279375,8.48,-0.20193,-0.00131,460.639,1.075,0.897,-0.04369,-0.0669,0.0581,-0.048,,-2.06,1.84647,51622629376.0,188677554176.0,4.66,0.641,1.71,Consumer Cyclical,Auto Manufacturers,3940230185.0,3879405604.0,9.013,0.27566323,1.008,34.986,0.00281,0.68242997,0.0,2025-12-31,2026-04-29
F,,7.7813134,1.5139908,8.48,-0.14813,0.0034,425.544,1.09,0.88,-0.03216,0.05743,0.07064,0.064,4.308,-1.55,1.82874,56702177280.0,194465169408.0,4.22,0.641,1.828,Consumer Cyclical,Auto Manufacturers,3913840554.0,3873479859.0,9.399,0.29865098,1.024,25.662,0.0028900001,0.67559,0.0,2026-03-31,2026-07-28
F,,6.760145,1.4746594,8.48,-0.18252,0.00348,456.708,1.089,0.877,-0.03935,0.018819999,0.07115,-0.038,,-1.87,1.9541,52676141056.0,193888141312.0,4.54,0.641,1.835,Consumer Cyclical,Auto Manufacturers,3916743591.0,3877936786.0,8.958,0.2802325,1.031,25.368,0.0039500003,0.67907995,0.0,2026-06-30,2026-07-28
FANG,31.460733,10.639767,1.3876424,48.2,0.03735,0.0137,33.784,0.416,0.324,0.1164,-0.86487,0.7304,-0.094,,5.73,16.94304,50712068096.0,71257382912.0,2.33,0.6981,0.488,Energy,Oil & Gas E&P,281311730.0,195836159.0,129.911,3.5475388,4.985,6.982,0.3065,0.65366995,2.22,2025-12-31,2026-05-04
FANG,199.53061,11.465568,1.5081794,56.78,0.0047400002,-0.00122,32.594,0.561,0.485,0.01964,0.0579,0.72246003,0.042,-0.984,0.98,17.05454,55008002048.0,74899005440.0,2.25,4.1327,0.407,Energy,Oil & Gas E&P,281313297.0,205392464.0,129.653,3.8044126,5.18,7.38,0.27006,0.71151,3.56,2026-03-31,2026-08-03
FANG,36.65143,10.303807,1.4244577,23.1,0.034930002,0.01308,28.678,0.467,0.421,0.09029,0.48466998,0.72353995,0.525,1.795,5.25,18.67465,53881405440.0,72119287808.0,2.29,0.79050004,0.414,Energy,Oil & Gas E&P,280019792.0,213336553.0,135.083,3.316187,4.439,6.122,0.23868999,0.73392,4.4,2026-06-30,2026-08-03
FAST,38.55752,31.864555,12.53813,3.17,0.33842,0.21195999,11.167,4.392,2.128,0.15392,0.2033,0.44893003,0.124,0.138,1.13,1.36735,50019889152.0,50156785664.0,2.11,0.7965,0.744,Industrials,Industrial Distribution,1148035061.0,1144763161.0,3.475,5.9245615,5.941,26.559,0.0017499999,0.88058,3.28,2026-03-31,2026-07-13
FAST,41.88889,34.93752,13.821206,3.26,0.34334,0.21521999,10.851,4.18,1.998,0.15454,0.21023001,0.44701,0.147,0.146,1.17,1.40279,56238854144.0,56475656192.0,1.96,0.78629994,0.713,Industrials,Industrial Distribution,1147497573.0,1144835379.0,3.546,6.427738,6.455,28.892,0.00088,0.87526,5.03,2026-06-30,2026-10-14
FCX,46.19079,17.38336,5.334701,4.44,0.13946,0.07192,34.103,2.291,0.912,0.08505,0.14397,0.37063,-0.015,0.477,1.52,4.03892,100905926656.0,119440924672.0,0.85,0.39470002,1.473,Basic Materials,Copper,1437201606.0,1429268253.0,13.161,3.8937266,4.609,13.124,0.00677,0.88748,1.41,2025-12-31,2026-04-23
FCX,30.88889,14.48513,4.301186,6.36,0.15630999,0.077659994,33.008,2.386,0.861,0.10344,0.31072,0.38636002,0.088,1.531,1.89,4.03034,83924746240.0,102594748416.0,1.03,0.3175,1.364,Basic Materials,Copper,1437559865.0,1429178891.0,13.573,3.176441,3.883,10.487,0.00693,0.88225996,2.05,2026-03-31,2026-07-23
FCX,35.06863,17.270016,5.1089053,4.47,0.14755,0.07585,32.149,2.066,0.795,0.113850005,0.33404,0.38275,-0.073,0.281,2.04,4.14244,102732693504.0,121124691968.0,0.84,0.2941,1.401,Basic Materials,Copper,1436017523.0,1426353125.0,14.003,3.97142,4.682,12.678,0.00716,0.89408994,2.16,2026-06-30,2026-07-23
FDS,14.2400255,11.4127655,3.8082533,1.05,0.28084,0.109139994,72.972,1.431,1.197,0.24481001,0.29799,0.51936,0.071,-0.045,15.54,19.38969,8061843968.0,9922968576.0,1.95,0.2831,0.707,Financial Services,Financial Data & Stock Exchanges,36431127.0,36298518.0,58.108,3.3576171,4.133,10.903,0.00416,1.06907,6.64,2026-02-28,2026-07-01
FDS,18.697628,14.384583,4.996655,1.26,0.27032,0.11079001,77.284,0.683,0.558,0.2321,0.30542,0.51382,0.064,-0.096,15.18,19.73154,10094567424.0,11360973824.0,1.63,0.2938,0.711,Financial Services,Financial Data & Stock Exchanges,35565543.0,35442486.0,56.804,4.1397324,4.659,12.183,0.0043200003,1.15171,5.62,2026-05-31,2026-09-30
FDX,19.9984,16.763515,3.0069044,1.31,0.15869,0.050279997,140.994,1.474,1.158,0.04877,0.06942,0.27552,0.083,0.173,18.75,22.36822,89470377984.0,123273371648.0,1.55,0.3059,1.303,Industrials,Integrated Freight & Logistics,238606756.0,220412991.0,124.703,0.97321284,1.341,10.664,0.074499995,0.81012,2.6,2026-02-28,2026-06-23
FDX,16.369272,14.556909,2.3027687,1.28,0.14846,0.050079998,135.697,1.475,1.387,0.0468,0.11129,0.27318,0.125,-0.043,18.55,20.85951,71864975360.0,101230878720.0,1.61,0.3127,1.364,Industrials,Integrated Freight & Logistics,236670435.0,218579725.0,131.863,0.7587096,1.069,8.547,0.06245,0.82686996,3.25,2026-05-31,2026-10-28
FDXF,33.463734,30.391214,0.0015906811,,,,,0.841,0.78,0.10398,0.06027,0.29674998,-0.047,,4.55,5.01,22672451584.0,5251806720.0,,0.0,,Industrials,Integrated Freight & Logistics,148906159.0,19958.0,95720.0,2.6108303,0.605,3.393,0.0,0.10208,1.04,2026-02-28,2026-06-25
FDXF,27.426939,23.532845,-36.140194,,0.69093,0.05669,,1.517,1.415,0.07447,-0.057719998,0.29278,0.048,-0.611,4.38,5.10478,17961613312.0,24075614208.0,,0.0,,Industrials,Integrated Freight & Logistics,149518133.0,119418638.0,-3.324,2.0422528,2.737,24.343,0.20084,0.63234,3.13,2026-05-31,2026-06-25
FE,28.465908,17.010902,2.3141947,1.53,0.09195,0.037249997,192.755,0.565,0.394,0.06845,0.26635,0.66867995,0.207,,1.76,2.94517,28977772544.0,57156435968.0,3.71,1.0,0.59,Utilities,Utilities - Regulated Electric,578398650.0,547233084.0,21.649,1.9446864,3.836,11.587,0.00141,0.95277,5.96,2025-12-31,2026-04-28
FE,26.374998,16.456593,2.2184129,1.74,0.094610006,0.03758,198.922,0.522,0.346,0.06944,0.20514,0.68425006,0.116,0.129,1.84,2.94897,28071264256.0,57531265024.0,3.83,0.96739995,0.454,Utilities,Utilities - Regulated Electric,578431175.0,547959421.0,21.876,1.8301775,3.751,11.128,0.0013799999,0.96510005,5.71,2026-03-31,2026-07-28
FE,24.203207,15.345493,2.0246935,1.5,0.09491,0.03682,200.908,0.541,0.35,0.06939,0.19304001,0.68605006,0.088,0.083,1.87,2.9494,26189242368.0,56600244224.0,4.11,0.9626,0.441,Utilities,Utilities - Regulated Electric,578639932.0,548267122.0,22.354,1.6749324,3.62,10.439,0.0013799999,0.95646006,7.13,2026-06-30,2026-07-28
FERG,21.105314,17.10766,6.689648,1.34,,,111.063,1.729,0.736,0.063200004,0.10159001,0.30633,0.046,0.069,10.16,12.53415,41482063872.0,47932067840.0,1.66,0.3327,1.112,Industrials,Industrial Distribution,193452717.0,193009710.0,32.054,1.3191439,1.524,15.61,0.0179,0.99189,1.34,2026-06-30,2026-11-09
FFIV,25.712986,18.512386,4.9980702,2.06,0.20844,0.08091,7.566,1.554,1.363,0.22455,0.26037002,0.81385005,0.073,0.099,12.09,16.79254,17660864512.0,16638130176.0,,0.0,0.93,Technology,Software - Infrastructure,56519273.0,55901517.0,62.198,5.6172376,5.292,18.832,0.00518,1.10408,3.52,2025-12-31,2026-04-28
FFIV,33.559887,23.136318,6.3616924,1.74,0.2034,0.081520006,7.12,1.611,1.422,0.21962999,0.22016001,0.81542,0.11,0.04,12.19,17.68194,23080833024.0,21897881600.0,,0.0,1.03,Technology,Software - Infrastructure,56419247.0,55846592.0,64.306,7.15768,6.791,24.248,0.00504,1.10141,2.48,2026-03-31,2026-07-27
FFIV,34.47965,23.899748,6.3673344,1.54,0.1983,0.07977,6.546,1.665,1.479,0.21952999,0.24649,0.81865996,0.109,0.114,12.53,18.07676,24464642048.0,23111239680.0,,0.0,1.03,Technology,Software - Infrastructure,56627182.0,56092621.0,67.851,7.3926225,6.984,25.031,0.0049799997,1.01639,2.71,2026-06-30,2026-07-27
FICO,39.68651,20.238743,-14.108557,0.98,,0.34764,,0.929,0.874,0.31886998,0.45716,0.82857,0.164,0.077,27.05,53.04282,25466185728.0,28518875136.0,,0.0,1.376,Technology,Software - Application,23722134.0,23052221.0,-76.09,12.345087,13.825,28.356,0.02733,0.91016996,3.6,2025-12-31,2026-04-28
FICO,39.84501,23.069735,-13.933983,0.84,,0.36918,,2.223,2.071,0.33675,0.58187,0.84165,0.387,0.69,31.55,54.49174,29153519616.0,32590718976.0,,0.0,1.29,Technology,Software - Application,23190906.0,22493324.0,-90.219,12.923793,14.448,28.023,0.02787,0.95462996,6.74,2026-03-31,2026-07-29
FICO,27.471218,17.880419,-5.005983,0.76,,0.39981,,1.183,1.129,0.3405,0.53787,0.851,0.257,0.412,34.57,53.11285,20510842880.0,25860407296.0,,0.0,1.318,Technology,Software - Application,21597635.0,20896144.0,-189.709,8.569125,10.804,20.469,0.030150002,1.02347,5.43,2026-06-30,2026-07-29
FIS,66.438354,7.028303,1.7935727,0.27,0.026010001,0.043720003,95.893,0.589,0.442,0.03578,0.24644,0.36863998,0.082,0.881,0.73,6.90067,25115760640.0,37683576832.0,3.38,2.1917999,0.914,Technology,Information Technology Services,514403688.0,513194839.0,27.041,2.3523238,3.529,12.005,0.00139,0.99332,2.28,2025-12-31,2026-02-24
FIS,8.122093,6.1184626,1.356179,0.24,0.17225,0.040700004,132.328,0.588,0.418,0.23347999,0.16388,0.36285,0.301,30.406,5.16,6.84976,21662404608.0,42056404992.0,4.01,0.31780002,0.813,Technology,Information Technology Services,516879151.0,515695498.0,30.903,1.8935668,3.676,12.714,0.00131,0.99502,2.93,2026-03-31,2026-08-04
FIS,5.471582,5.315402,1.1460378,0.19,0.22348,0.04275,132.51,0.535,0.38,0.27648002,0.20669001,0.35836,0.291,,6.51,6.70128,18369443840.0,38884446208.0,4.94,0.2581,0.801,Technology,Information Technology Services,515705917.0,514524950.0,31.081,1.5056921,3.187,11.034,0.00131,1.01469,2.73,2026-06-30,2026-08-04
FITB,16.026936,9.705887,1.3506228,1.83,0.07969,0.00852,,,,0.24133,0.07955,0.0,0.33,-0.789,2.97,4.90424,43140427776.0,59782430720.0,3.36,0.5286,0.955,Financial Services,Banks - Regional,906311548.0,902269398.0,35.243,4.793381,6.642,,0.00354,0.91146004,4.92,2026-03-31,2026-07-17
FITB,17.814816,10.714019,1.4850261,1.68,0.08438,0.0092,,,,0.23239,0.39078,0.0,0.518,-0.057,2.97,4.93839,47983685632.0,66395684864.0,3.18,0.5387,0.913,Financial Services,Banks - Regional,906892564.0,902920375.0,35.629,4.7532134,6.577,,0.0035499998,0.93025,0.0,2026-06-30,2026-10-19
FIX,42.73268,28.247538,92.40317,0.78,0.55292,0.17039,45.489,1.214,1.172,0.12775,0.07885,0.25661,0.01,0.388,39.69,60.04276,59691692032.0,61961060352.0,0.21,0.064,1.701,Industrials,Engineering & Construction,35194329.0,35950007.0,18.355,5.3163133,5.518,30.939,0.01134,0.95737,1.31,2020-09-30,2026-07-23
FIX,40.654114,27.441206,18.037903,0.55,0.55292,0.17039,11.498,1.214,1.172,0.12775,0.17062001,0.25661,0.503,0.919,40.62,60.17848,58118856704.0,56486592512.0,0.22,0.064,1.676,Industrials,Engineering & Construction,35194329.0,34716801.0,91.55,5.176232,5.031,28.205,0.01081,0.9597,2.3,2026-06-30,2026-07-23
FLEX,51.400864,17.22243,8.477287,0.94,0.17347,0.046550002,86.8,1.359,0.677,0.03153,0.05684,0.094069995,0.169,0.171,2.32,6.92411,43691954176.0,45766565888.0,,0.0,1.626,Technology,Electronic Components,366389554.0,363366296.0,14.067,1.5652344,1.64,22.217,0.00624,1.0088099,0.77,2026-03-31,2026-07-29
FLEX,41.895756,15.259221,7.2874413,0.94,0.18378,0.044159997,107.818,1.38,0.701,0.03325,0.0497,0.0953,0.206,0.52,2.59,7.11111,40083918848.0,43173916672.0,,0.0,1.654,Technology,Electronic Components,369402978.0,366613986.0,14.89,1.3695945,1.475,20.336,0.00614,0.96674,3.08,2026-06-26,2026-07-29
FOX,14.035971,11.77666,2.2776978,,0.16823,0.0881,67.389,2.784,2.307,0.11407,0.11347,0.35439,0.02,-0.358,4.17,4.97,27324958720.0,30570432512.0,0.96,0.1319,0.505,Communication Services,Entertainment,224702222.0,334986650.0,25.697,1.6482663,1.844,8.653,0.38865003,0.66763,4.59,2025-12-31,2026-02-04
FOX,13.586843,9.517051,1.9805892,,0.152,0.08713,67.867,2.896,2.516,0.10561,0.21357,0.36843,-0.086,-0.493,3.8,5.425,21679470592.0,25858220032.0,1.08,0.14739999,0.55,Communication Services,Entertainment,220426203.0,329493301.0,26.068,1.3381563,1.596,7.286,0.39736998,0.65866995,3.99,2026-03-31,2026-08-06
FOX,15.036459,10.050479,2.0834987,,0.14291,0.095010005,64.06,3.169,2.872,0.09839,0.25214002,0.36629,0.281,0.031,3.84,5.745,24347437056.0,27779600384.0,1.0,0.1458,0.559,Communication Services,Entertainment,220248764.0,328665800.0,27.713,1.4216652,1.622,7.156,0.39867002,0.65033996,9.97,2026-06-30,2026-08-06
FOXA,15.604316,12.614401,2.5322022,14.94,0.16823,0.0881,67.389,2.784,2.307,0.11407,0.11347,0.35439,0.02,-0.358,4.17,5.15839,27680522240.0,33352523776.0,0.86,0.1319,0.505,Communication Services,Entertainment,200693856.0,334986650.0,25.697,1.6697142,2.012,9.44,0.01301,1.22603,7.19,2025-12-31,2026-02-04
FOXA,15.163157,9.935219,2.2103727,25.37,0.152,0.08713,67.867,2.896,2.516,0.10561,0.21357,0.36843,-0.086,-0.493,3.8,5.79957,24194674688.0,28375136256.0,0.97,0.14739999,0.55,Communication Services,Entertainment,199474449.0,329493301.0,26.068,1.4934063,1.751,7.995,0.01308,1.24226,4.29,2026-03-31,2026-08-06
FOXA,16.783854,11.044809,2.3256233,1.15,0.14291,0.095010005,64.06,3.169,2.872,0.09839,0.25214002,0.36629,0.281,0.031,3.84,5.83532,27176863744.0,30595452928.0,0.9,0.1458,0.559,Communication Services,Entertainment,201424858.0,328665800.0,27.713,1.5868775,1.786,7.881,0.01466,1.3177,8.36,2026-06-30,2026-08-06
FRT,24.044872,35.36455,3.1426816,3.59,0.12235,0.03267,143.64,0.371,0.36,0.32092997,0.34458,0.67917,0.075,0.987,4.68,3.182,9780817920.0,15038664704.0,3.99,0.953,0.992,Real Estate,REIT - Retail,86388213.0,77861532.0,35.807,7.635925,11.741,18.463,0.01122,0.99724,0.02,2025-12-31,2026-05-01
FRT,21.840553,40.58798,3.4545903,3.59,0.14783,0.033210002,138.432,0.659,0.644,0.38574,0.34120998,0.67989,0.103,1.525,5.77,3.10486,10953456640.0,16113064960.0,3.59,0.7782,0.932,Real Estate,REIT - Retail,86389197.0,77952428.0,36.479,8.343527,12.274,19.272,0.01036,1.01648,0.04,2026-03-31,2026-07-31
FRT,22.406063,34.764755,3.0069137,3.59,0.12550999,0.03259,134.114,0.564,0.553,0.32663,0.35035,0.68136,0.072,-0.456,4.95,3.1903,9695567872.0,14786401280.0,4.18,0.9131,0.919,Real Estate,REIT - Retail,86889133.0,80133503.0,36.885,7.2602973,11.072,17.651,0.010290001,1.01063,0.03,2026-06-30,2026-07-31
FSLR,13.40183,7.8229337,2.142592,0.49,0.1745,0.078439996,6.871,2.675,2.117,0.2928,0.32560003,0.40624002,0.111,0.323,14.21,24.34381,20462923776.0,18236276736.0,,0.0,1.607,Technology,Solar,107450760.0,101450741.0,88.883,3.920569,3.494,8.577,0.05427,0.9942,4.17,2025-12-31,2026-04-30
FSLR,13.694446,9.043707,2.3058934,0.56,0.18436001,0.08447,5.943,2.557,1.911,0.30731001,0.33067,0.41743,0.236,0.651,15.48,23.44061,22779037696.0,20939599872.0,,0.0,1.73,Technology,Solar,107453363.0,101610049.0,91.934,4.2035127,3.864,9.214,0.054,0.94821,3.49,2026-03-31,2026-07-30
FSLR,12.073938,8.428706,2.0405912,0.36,0.18509,0.08619001,1.88,2.518,1.701,0.32465,0.42641997,0.44015998,-0.037,0.233,16.23,23.24912,21059780608.0,19526825984.0,,0.0,1.733,Technology,Solar,107469788.0,101655672.0,96.031,3.9158614,3.631,8.184,0.053579997,0.96452004,3.72,2026-06-30,2026-07-30
FTNT,33.81818,24.727615,49.123646,1.99,1.3571601,0.12866001,85.802,1.172,1.048,0.27257,0.32766,0.80456,0.148,-0.011,2.42,3.30966,60860162048.0,58034647040.0,,0.0,0.998,Technology,Software - Infrastructure,739923583.0,622357125.0,1.666,8.95055,8.535,26.068,0.17434,0.71747,3.08,2025-12-31,2026-05-06
FTNT,62.397686,47.172867,119.88872,3.63,1.32392,0.13586001,57.31,1.153,1.034,0.27491,0.31282,0.80304,0.201,0.286,2.59,3.42591,118403309568.0,115675602944.0,,0.0,1.09,Technology,Software - Infrastructure,732648391.0,617651900.0,1.348,16.65424,16.271,48.986,0.17386,0.73038,2.12,2026-03-31,2026-07-29
FTNT,59.80282,44.957737,80.34058,1.87,1.17442,0.14166,36.194,1.282,1.141,0.28173,0.33595002,0.80204004,0.256,0.439,2.84,3.77777,124613926912.0,121105727488.0,,0.0,1.059,Technology,Software - Infrastructure,733713653.0,618909478.0,2.114,16.55471,16.089,46.654,0.17361,0.71551,2.89,2026-06-30,2026-07-29
FTV,38.062893,18.949036,2.9390056,0.98,0.06396,0.03133,51.177,0.715,0.539,0.13926,0.20125,0.63502,0.046,-0.026,1.59,3.19383,19221856256.0,21570439168.0,0.43,0.1761,1.001,Technology,Scientific & Technical Instruments,307859190.0,286804700.0,20.592,4.6216383,5.186,18.624,0.00415,1.08297,3.83,2025-12-31,2026-04-30
FTV,36.128654,19.178057,3.1037426,0.98,0.06814,0.032509997,58.806,0.708,0.527,0.12837,0.17926,0.63255,0.077,-0.124,1.71,3.22139,18834313216.0,22068613120.0,0.39,0.1526,0.977,Technology,Scientific & Technical Instruments,304861021.0,280539209.0,19.905,4.4468794,5.211,18.542,0.00409,1.11665,4.37,2026-04-03,2026-07-29
FTV,29.100529,16.933653,2.7461555,0.98,0.07318,0.03295,59.283,1.241,0.802,0.12382,0.19137,0.6323,0.079,0.04,1.89,3.24797,16610937856.0,19843637248.0,0.51,0.127,0.973,Technology,Scientific & Technical Instruments,302017052.0,280954383.0,20.028,3.8488665,4.598,16.073,0.0041,1.12473,6.65,2026-07-03,2026-07-29
GD,21.780441,18.710438,3.5435503,2.44,0.17658001,0.05989,38.205,1.444,0.781,0.08011,0.1014,0.1513,0.078,0.004,15.44,17.97339,91082752000.0,98248507392.0,1.81,0.38830003,0.387,Industrials,Aerospace & Defense,270845862.0,254339963.0,94.902,1.7332588,1.87,15.487,0.00524,0.87315005,1.81,2025-12-31,2026-04-29
GD,23.195719,20.234848,3.8162785,2.74,0.17974001,0.06005,37.701,1.384,0.795,0.08068,0.10541,0.15241,0.103,0.12,15.89,18.21511,99675152384.0,105703145472.0,1.73,0.3833,0.338,Industrials,Aerospace & Defense,270430187.0,254348346.0,96.581,1.8524225,1.964,16.295,0.00526,0.87614,2.24,2026-04-05,2026-07-29
GD,21.501217,18.994131,3.5553875,2.18,0.17803,0.06079,35.335,1.441,0.852,0.08179,0.1038,0.15375,0.081,0.134,16.42,18.58732,95520210944.0,100522524672.0,1.8,0.3768,0.321,Industrials,Aerospace & Defense,270557195.0,254446369.0,99.3,1.7411314,1.832,15.155,0.00557,0.87617,3.25,2026-07-05,2026-07-29
GDDY,13.781351,7.2930417,53.709274,0.68,1.92901,0.087460004,1795.723,0.615,0.405,0.17673,0.25135002,0.63614,0.068,0.317,6.22,11.75367,11584337920.0,14163614720.0,,0.0,0.977,Technology,Software - Infrastructure,133354117.0,132415304.0,1.596,2.3397503,2.861,11.286,0.00738,1.0393801,2.31,2025-12-31,2026-04-30
GDDY,14.952456,8.757738,52.73896,0.68,3.98215,0.09392,1621.618,0.671,0.457,0.1732,0.24681999,0.6377,0.061,0.06,6.31,10.77333,12492868608.0,15029169152.0,,0.0,0.888,Technology,Software - Infrastructure,132409847.0,131410153.0,1.789,2.4867864,2.992,11.458,0.00955,1.04108,2.36,2026-03-31,2026-07-30
GDDY,14.481426,8.837905,1838.8679,0.53,4.42861,0.09882,57334.33,0.632,0.415,0.17834999,0.27056998,0.63802,0.066,0.298,6.73,11.0275,12343085056.0,14981985280.0,,0.0,0.94,Technology,Software - Infrastructure,126647704.0,125663651.0,0.053,2.4182687,2.935,10.864,0.00974,1.0606999,2.74,2026-06-30,2026-07-30
GE,37.73325,35.25928,17.07732,5.24,0.44692,0.0468,114.07,1.041,0.69,0.18982,0.19549,0.31499,0.176,0.374,8.06,8.62553,320800555008.0,328761671680.0,0.62,0.17889999,1.428,Industrials,Aerospace & Defense,1044829602.0,1044870073.0,17.809,6.995978,7.17,30.717,0.00308,0.81274,2.16,2025-12-31,2026-04-21
GE,35.482586,32.93717,16.018867,6.88,0.45428002,0.048520003,116.527,1.008,0.65,0.17863001,0.20207001,0.31149,0.247,-0.018,8.04,8.66134,298069000192.0,308623245312.0,0.66,0.1925,1.352,Industrials,Aerospace & Defense,1043337235.0,1039393420.0,17.809,6.1695404,6.388,27.963,0.00302,0.80907995,2.43,2026-03-31,2026-07-16
GE,37.01649,34.57791,18.485384,4.0,0.48231998,0.05065,113.225,0.982,0.632,0.17716,0.20571,0.31051,0.211,0.194,8.49,9.08875,326074761216.0,336586768384.0,0.6,0.1958,1.35,Industrials,Aerospace & Defense,1037562513.0,1033619775.0,17.001,6.4392023,6.647,29.312,0.003,0.80945,4.45,2026-06-30,2026-10-20
GEHC,16.40879,13.4265375,3.2783,1.77,0.22378,0.05472,98.717,1.373,1.015,0.10104,0.15725,0.39985,0.071,-0.177,4.55,5.56063,34066624512.0,40217276416.0,0.19,0.0308,1.305,Healthcare,Medical Devices,456290143.0,454482783.0,22.774,1.651715,1.95,11.043,0.00347,0.93367,3.2,2025-12-31,2026-04-29
GEHC,15.1247,11.76227,2.689323,1.85,0.19462,0.05174,97.055,1.222,0.81,0.091000006,0.11089,0.39144,0.074,-0.309,4.17,5.36206,28690024448.0,37236023296.0,0.22,0.042,0.839,Healthcare,Medical Devices,454891786.0,453431583.0,23.452,1.3675592,1.775,10.572,0.0035499998,0.94787,2.85,2026-03-31,2026-07-29
GEHC,14.776497,11.853491,2.6393118,1.6,0.19376,0.05131,93.965,1.264,0.831,0.093339995,0.14976,0.39528,0.058,0.168,4.34,5.41022,28966637568.0,37671641088.0,0.22,0.0323,0.821,Healthcare,Medical Devices,451686252.0,450195687.0,24.298,1.3621103,1.771,10.485,0.00369,0.94008005,6.58,2026-06-30,2026-07-29
GEN,20.742268,7.018621,5.22869,0.49,0.26902,0.07169,363.379,0.466,0.363,0.12757,0.35806,0.78845,0.258,0.201,0.97,2.86666,12408328192.0,20043954176.0,2.49,0.5155,1.149,Technology,Software - Infrastructure,605663774.0,461370436.0,3.848,2.62499,4.24,9.957,0.09478,0.91054,3.44,2026-01-02,2026-05-07
GEN,17.031847,8.135696,6.124599,1.55,0.39876997,0.086660005,316.354,0.399,0.255,0.19459999,0.63367003,0.7846,0.27,2.652,1.57,3.28675,16109081600.0,23967080448.0,1.87,0.3185,1.207,Technology,Software - Infrastructure,602433854.0,457397904.0,4.366,3.2218163,4.793,10.032,0.096990004,0.90870005,4.06,2026-04-03,2026-08-06
GEN,16.964912,8.771797,6.5426254,1.46,0.41944,0.084910005,307.831,0.466,0.278,0.20732,0.35554,0.78007007,0.063,0.64,1.71,3.30719,17365008384.0,25008009216.0,1.72,0.2924,1.215,Technology,Software - Infrastructure,598587032.0,453381790.0,4.434,3.4189818,4.924,10.377,0.09729999,0.9385,6.1,2026-07-03,2026-08-06
GEV,56.813034,43.859207,24.178965,3.89,0.42641,0.02338,9.727,0.982,0.642,0.1283,0.07384,0.20082001,0.038,6.717,17.65,22.86293,270270676992.0,263649673216.0,0.15,0.070700005,1.196,Industrials,Specialty Industrial Machinery,268856205.0,269003882.0,41.472,7.099682,6.926,88.03,0.00099,0.78984,2.69,2025-12-31,2026-04-22
GEV,30.95815,42.98347,20.418074,1.82,0.75708,0.02384,24.925,0.893,0.564,0.23809999,0.05461,0.20282,0.163,18.165,34.17,24.61039,284262760448.0,279388749824.0,0.19,0.0511,0.935,Industrials,Specialty Industrial Machinery,268719995.0,268171806.0,51.809,7.219372,7.096,81.812,0.00104,0.79502,3.59,2026-03-31,2026-07-22
GEV,26.951277,37.152172,20.945095,1.83,0.82577,0.02544,28.364,0.85,0.563,0.23035,0.07466,0.2057,0.219,0.328,34.89,25.31023,250441465856.0,242599460864.0,0.21,0.0573,0.967,Industrials,Specialty Industrial Machinery,266333581.0,265776944.0,44.895,6.0541368,5.865,61.777,0.00126,0.81653,4.28,2026-06-30,2026-10-28
GILD,20.270987,14.309759,7.52419,0.38,0.40655,0.12516,112.923,1.553,1.23,0.28903,0.37375,0.78839993,0.047,0.234,6.79,9.61861,170839277568.0,186713128960.0,2.38,0.4661,0.404,Healthcare,Drug Manufacturers - General,1241203736.0,1238664574.0,18.293,5.8023734,6.342,12.809,0.00125,0.92678,3.56,2025-12-31,2026-02-10
GILD,18.269388,13.825525,7.092378,2.14,0.4336,0.13292,94.635,1.967,1.536,0.30993,0.39282,0.79367995,0.044,0.548,7.35,9.71247,166718013440.0,178991005696.0,2.44,0.43400002,0.343,Healthcare,Drug Manufacturers - General,1241569874.0,1238826005.0,18.933,5.6066055,6.019,12.145,0.00117,0.93230003,2.73,2026-03-31,2026-05-07
GILD,,15.179324,15.748008,2.23,-0.2068,0.14085001,223.465,1.265,0.902,-0.10637999,0.33679,0.79603994,0.102,,-2.66,9.88911,186129678336.0,207409676288.0,2.19,0.43400002,0.35,Healthcare,Drug Manufacturers - General,1239955155.0,1237289251.0,9.532,6.1112285,6.81,14.205,0.00114,0.92212,3.62,2026-06-30,2026-08-04
GIS,8.171148,10.63393,3.227738,11.74,0.23591,0.05311,217.629,0.563,0.304,0.12053,0.19194001,0.3314,0.022,-0.145,4.09,3.14277,17835624448.0,21131139072.0,7.09,0.5941,-0.041,Consumer Defensive,Packaged Foods,533681218.0,590270913.0,10.354,0.9708471,1.15,6.368,0.00333,0.90630996,4.91,2018-05-27,2026-07-01
GIS,,11.393331,3.507823,11.74,-0.01028,0.057350002,188.879,0.682,0.346,-0.00475,0.16121,0.33733,0.012,,-0.16,3.18783,19417741312.0,32883089408.0,6.72,0.5941,-0.025,Consumer Defensive,Packaged Foods,534629472.0,531723001.0,10.354,1.053903,1.785,9.532,0.00281,0.91217005,5.6,2026-05-31,2026-09-23
GL,10.785511,9.187945,2.0103521,1.3,0.20589,0.033269998,51.258,0.76,0.622,0.19372,0.24242,0.33810002,0.036,0.095,14.08,16.52818,11941834752.0,14544868352.0,0.87,0.076799996,0.467,Financial Services,Insurance - Life,78444555.0,77914455.0,75.539,1.9921925,2.426,8.955,0.0066500003,0.85447997,0.01,2025-12-31,2026-04-22
GL,12.786159,11.121833,2.365049,1.3,0.20455,0.03312,53.588,0.663,0.531,0.19383,0.23746,0.33731997,0.054,0.126,14.45,16.61237,14345645056.0,17167230976.0,0.71,0.0789,0.47,Financial Services,Insurance - Life,77644761.0,76913347.0,78.121,2.3620005,2.827,10.48,0.00696,0.86657995,0.08,2026-03-31,2026-07-22
GL,11.530585,10.498697,2.1707346,1.3,0.20944999,0.03358,55.675,0.795,0.64,0.19577,0.24642,0.33905998,0.08,0.197,15.04,16.51824,13327230976.0,16299099136.0,0.76,0.0798,0.462,Financial Services,Insurance - Life,76849447.0,76134747.0,79.89,2.1523452,2.632,9.7,0.00703,0.87249,0.07,2026-06-30,2026-07-22
GLW,90.31868,42.035114,11.93148,1.84,0.14904,0.04948,76.192,1.588,0.765,0.10212,0.1656,0.35984,0.204,0.774,1.82,3.91054,141204865024.0,149380513792.0,0.68,0.612,1.053,Technology,Electronic Components,859014837.0,787004380.0,13.777,9.034799,9.558,40.692,0.08166,0.75001,1.13,2025-12-31,2026-04-28
GLW,73.97608,36.03828,11.872073,1.47,0.1674,0.05375,80.363,1.61,0.749,0.1109,0.15661,0.36383,0.2,1.389,2.09,4.29016,133063213056.0,141769211904.0,0.72,0.5385,1.086,Technology,Electronic Components,860637825.0,789704055.0,13.023,8.152884,8.686,36.286,0.08173,0.73634005,1.21,2026-03-31,2026-07-28
GLW,68.866974,34.513756,10.829547,0.9,0.16813,0.05367,71.448,1.813,0.978,0.111999996,0.15649,0.36395,0.166,0.185,2.18,4.34986,129320239104.0,136762228736.0,0.75,0.5161,1.151,Technology,Electronic Components,861388331.0,790573596.0,13.863,7.623216,8.062,33.479,0.08067001,0.74901,2.03,2026-06-30,2026-07-28
GM,24.868502,5.8509617,1.2027806,3.7,0.04318,0.02538,208.299,1.165,0.921,0.014579999,0.065359995,0.107209995,-0.051,,3.27,13.89857,75860279296.0,179468664832.0,0.89,0.1743,1.345,Consumer Cyclical,Auto Manufacturers,903967853.0,900767807.0,67.61,0.41001344,0.97,10.18,0.0026800002,0.87902,2.54,2025-12-31,2026-04-28
GM,27.762774,5.3676376,1.0950522,0.34,0.040149998,0.02688,199.048,1.152,0.893,0.0137600005,0.0936,0.111420006,-0.009,-0.158,2.74,14.17197,68589674496.0,174981677056.0,0.95,0.2299,1.309,Consumer Cyclical,Auto Manufacturers,901665195.0,898788883.0,69.467,0.37151206,0.948,9.567,0.00179,0.89001,2.94,2026-03-31,2026-07-21
GM,36.696426,5.4789844,1.1627249,0.29,0.03164,0.02247,202.341,1.136,0.892,0.01051,0.03202,0.10177,0.019,-0.262,2.24,15.00278,74345914368.0,177820516352.0,0.88,0.29459998,1.321,Consumer Cyclical,Auto Manufacturers,904451541.0,874819186.0,70.696,0.40072614,0.958,10.802,0.0017200001,0.90193003,4.17,2026-06-30,2026-10-20
GNRC,78.84759,20.285236,4.727727,1.03,0.06283,0.03384,52.479,2.026,0.777,0.03791,-0.00853,0.38291,-0.116,,2.69,10.45588,12446891008.0,13495301120.0,,0.0,1.786,Industrials,Specialty Industrial Machinery,58675827.0,57631397.0,44.863,2.9571054,3.206,27.881,0.01726,0.97649,2.95,2025-12-31,2026-04-29
GNRC,67.15938,19.08418,4.7209105,0.89,0.07388,0.03788,52.086,2.028,0.739,0.04368,0.11071999,0.38138,0.124,0.699,3.2,11.26116,12651467776.0,13780012032.0,,0.0,1.895,Industrials,Specialty Industrial Machinery,58868681.0,57797271.0,45.523,2.9242544,3.185,26.123,0.017180001,0.93806,1.96,2026-03-31,2026-07-29
GNRC,47.57798,16.747942,4.2535214,0.62,0.09491,0.04721,49.003,2.045,0.88,0.05817,0.17932,0.39539,0.106,0.92,4.36,12.386,12252223488.0,13379705856.0,,0.0,1.913,Industrials,Specialty Industrial Machinery,59063935.0,57945427.0,48.769,2.7602983,3.014,21.029,0.01687,0.91692,2.44,2026-06-30,2026-07-29
GOOG,31.338873,25.227222,9.879777,2.32,0.35705003,0.15427,16.133,2.005,1.847,0.32810003,0.31568,0.59652,0.18,0.311,10.83,13.45372,4105721872384.0,4045874921472.0,0.25,0.076799996,1.128,Communication Services,Internet Content & Information,5438000000.0,10833468350.0,34.353,10.192043,10.043,26.941,0.06644,0.61008,2.13,2025-12-31,2026-04-29
GOOG,26.381098,23.627647,8.759427,1.39,0.38884997,0.14641,20.026,1.922,1.707,0.37919,0.36121,0.60368,0.218,0.82,13.12,14.64894,4223554551808.0,4162625994752.0,0.25,0.0641,1.247,Communication Services,Internet Content & Information,5499638298.0,10821405400.0,39.514,9.996626,9.852,25.804,0.06647,0.61494,2.13,2026-03-31,2026-07-22
GOOG,17.272316,23.142925,6.766937,1.25,0.48676,0.12958999,18.859,2.724,2.471,0.54771,0.34033,0.60897,0.242,2.94,19.94,14.88187,4212111966208.0,4108474384384.0,0.26,0.042600002,1.225,Communication Services,Internet Content & Information,5527000000.0,10879441100.0,50.896,9.447036,9.215,23.726,0.00522,0.6213,2.58,2026-06-30,2026-07-22
GOOGL,31.637035,25.396692,9.946147,2.34,0.35705003,0.15427,16.133,2.005,1.847,0.32810003,0.31568,0.59652,0.18,0.311,10.8,13.45372,4133303091200.0,4073455878144.0,0.25,0.076799996,1.128,Communication Services,Internet Content & Information,5822000000.0,10833468350.0,34.353,10.26051,10.112,27.125,0.00575,0.80924004,2.74,2025-12-31,2026-04-29
GOOGL,26.4508,23.67202,8.775877,1.4,0.38884997,0.14641,20.026,1.922,1.707,0.37919,0.36121,0.60368,0.218,0.82,13.11,14.64894,4231485980672.0,4170501324800.0,0.25,0.0641,1.247,Communication Services,Internet Content & Information,5867155790.0,10821405400.0,39.514,10.015399,9.871,25.853,0.011729999,0.81009,2.13,2026-03-31,2026-07-22
GOOGL,17.54719,23.48764,6.8677306,1.27,0.48676,0.12958999,18.859,2.724,2.471,0.54771,0.34033,0.60897,0.242,2.94,19.92,14.88187,4274851676160.0,4171214094336.0,0.25,0.042600002,1.225,Communication Services,Internet Content & Information,5867155790.0,10879441100.0,50.896,9.58775,9.355,24.088,0.01596,0.80991,3.01,2026-06-30,2026-07-22
GPC,242.10638,13.537243,3.5404482,1.32,0.015,0.046040002,156.063,1.079,0.384,0.00271,0.04851,0.37452,0.041,,0.47,8.4057,15830705152.0,22129977344.0,3.73,8.766,0.772,Consumer Cyclical,Auto Parts,139122108.0,137271172.0,32.14,0.6514656,0.911,10.987,0.00413,0.90363,2.89,2025-12-31,2026-04-21
GPC,283.68182,14.950205,3.8383713,1.32,0.01342,0.04538,149.454,1.093,0.39,0.00243,0.05771,0.37515998,0.068,-0.021,0.44,8.34905,17365221376.0,23408887808.0,3.4,9.4375,0.642,Consumer Cyclical,Auto Parts,137624545.0,137230939.0,32.519,0.70307356,0.948,11.506,0.00419,0.93772006,5.27,2026-03-31,2026-07-21
GPC,492.61542,15.422426,3.9011908,1.32,0.0070700003,0.04481,146.415,1.159,0.419,0.00131,0.06562,0.37564,0.06,-0.098,0.26,8.30479,17657077760.0,23768522752.0,3.32,16.74,0.656,Consumer Cyclical,Auto Parts,137859758.0,137465479.0,32.831,0.7042678,0.948,11.58,0.0051499996,0.98824,6.54,2026-06-30,
GPN,16.336344,4.4615145,0.74837387,0.21,0.04824,0.02755,93.316,1.69,1.223,0.18169,0.27877,0.72643,-0.0,-0.592,4.43,16.22095,20256458752.0,35000815616.0,1.38,0.22569999,0.765,Industrials,Specialty Business Services,275243013.0,234165450.0,96.703,2.6287022,4.542,10.177,0.0089,1.01462,3.3,2025-12-31,2026-02-18
GPN,28.610294,4.8207216,0.8942258,0.23,0.02935,0.023670001,95.593,0.792,0.493,-0.07967,0.12515001,0.67403,0.631,,2.72,16.14281,21287155712.0,39895310336.0,1.29,0.3676,0.769,Industrials,Specialty Business Services,273543507.0,228520981.0,87.025,2.4039044,4.505,10.177,0.00907,1.02987,4.29,2026-03-31,2026-05-06
GPN,40.312798,5.319954,0.97833085,0.21,0.02428,0.023340002,98.273,0.825,0.494,-0.091529995,0.16108,0.63959,0.686,-0.952,2.11,15.98886,22508439552.0,41514229760.0,1.18,0.4739,0.785,Industrials,Specialty Business Services,264618390.0,219622679.0,86.944,2.2052515,4.067,9.262,0.00934,1.1294999,5.2,2026-06-30,2026-08-05
GRMN,31.167833,26.219421,5.7408442,3.47,0.19783,0.11371,2.184,3.633,2.331,0.22964,0.28902,0.58744,0.166,0.212,8.58,10.19931,51473227776.0,48931364864.0,1.57,0.4016,0.968,Technology,Scientific & Technical Instruments,192480830.0,163926299.0,46.582,7.1041465,6.753,23.697,0.14902,0.57910997,3.56,2025-12-27,2026-04-29
GRMN,27.852678,24.172567,5.192568,3.43,0.19899,0.11903,2.331,4.361,2.664,0.23261,0.24617,0.59139,0.142,0.215,8.96,10.3241,48129196032.0,45644357632.0,1.68,0.4018,0.914,Technology,Scientific & Technical Instruments,192856206.0,164620129.0,48.061,6.448256,6.115,21.068,0.14696999,0.58545,4.66,2026-03-28,2026-07-29
GRMN,28.253609,24.903135,5.855482,2.91,0.21886998,0.12174,2.513,3.028,1.845,0.24471001,0.30438998,0.60081,0.114,0.353,9.7,11.00504,52853166080.0,50413834240.0,1.53,0.387,0.866,Technology,Scientific & Technical Instruments,192852536.0,164499356.0,46.804,6.8896036,6.572,21.81,0.14694999,0.58348,3.59,2026-06-27,2026-07-29
GS,20.028494,16.714497,3.0778818,1.69,0.14548,0.00944,678.596,1.5,1.349,0.29363,0.38599998,0.82271004,0.145,0.242,54.75,65.60533,323493363712.0,46524866560.0,1.65,0.2831,1.291,Financial Services,Capital Markets,295007421.0,304890490.0,356.271,5.2572336,0.756,,0.00524,0.74637,3.84,2026-03-31,2026-07-14
GS,14.555006,12.724152,2.6018577,1.16,0.16902,0.010720001,725.381,1.563,1.407,0.31039,0.42176998,0.82075995,0.425,0.923,64.72,74.03244,274283446272.0,39847923712.0,2.12,0.2625,1.283,Financial Services,Capital Markets,291171408.0,301060743.0,362.049,4.059249,0.59,,0.00551,0.75835997,3.86,2026-06-30,2026-10-13
GWW,32.897877,23.937668,14.760555,1.98,0.46098998,0.19034,69.114,2.827,1.502,0.09508,0.14734,0.39064997,0.045,-0.02,35.35,48.58201,55091982336.0,57773985792.0,0.78,0.2494,1.092,Industrials,Industrial Distribution,47329985.0,43374267.0,78.787,3.0705597,3.22,19.498,0.06251,0.76719004,4.37,2025-12-31,2026-05-07
GWW,37.449932,27.634058,16.763926,2.2,0.46129,0.19511,64.034,2.686,1.511,0.09696,0.16723,0.39150003,0.101,0.182,37.25,50.48155,65862774784.0,68361773056.0,0.66,0.24309999,1.035,Industrials,Industrial Distribution,47213119.0,43218889.0,83.215,3.5837836,3.72,22.159,0.06266,0.75984,3.57,2026-03-31,2026-08-04
GWW,32.2621,24.814037,14.441543,1.73,0.46091,0.19934,61.977,2.805,1.597,0.09923001,0.16072,0.39395002,0.103,0.205,39.26,51.04409,59658526720.0,62248525824.0,0.79,0.23629999,1.034,Industrials,Industrial Distribution,47100942.0,43102543.0,87.706,3.1657484,3.303,19.356,0.062800005,0.77002996,4.02,2026-06-30,2026-11-04
HAL,24.766668,13.596554,2.9653578,11.91,0.12274,0.07374,79.162,2.04,1.279,0.05783,0.14902,0.15705,0.008,-0.005,1.5,2.73231,31114921984.0,37268922368.0,1.83,0.45330003,0.693,Energy,Oil & Gas Equipment & Services,835157457.0,832422549.0,12.528,1.402584,1.68,9.044,0.00485,0.83136004,1.75,2025-12-31,2026-04-21
HAL,19.458565,11.967503,2.728118,0.92,0.14626999,0.07375,74.651,2.083,1.3,0.06947,0.12569,0.15283,-0.003,1.335,1.81,2.94297,29422710784.0,35545706496.0,1.93,0.3757,0.725,Energy,Oil & Gas Equipment & Services,835397735.0,830619260.0,12.91,1.3272007,1.603,8.621,0.00464,0.83768,2.53,2026-03-31,2026-07-21
HAL,17.612566,11.590966,2.5482917,0.7,0.14917,0.07258,74.186,2.018,1.252,0.0716,0.12793,0.15076,0.037,0.161,1.91,2.90226,28026505216.0,34219505664.0,2.02,0.35599998,0.769,Energy,Oil & Gas Equipment & Services,833130367.0,828614800.0,13.201,1.2526933,1.53,8.268,0.00401,0.90445,3.16,2026-06-30,2026-10-20
HAS,,15.528274,25.325861,2.5,-0.36355,0.111899994,600.584,1.381,1.198,-0.06858,0.20672001,0.63821,0.313,,-2.3,6.25633,13667621888.0,16209320960.0,2.88,0.92410004,0.544,Consumer Cyclical,Leisure,140685758.0,140049858.0,3.836,2.9072003,3.448,13.507,0.00918,0.95295,3.72,2025-12-28,2026-02-10
HAS,,12.789369,17.809566,1.77,-0.23316,0.11936,574.488,1.654,1.314,-0.046240002,0.27583998,0.63655,0.127,0.986,-1.61,6.37639,11538566144.0,14082365440.0,3.43,0.92410004,0.482,Consumer Cyclical,Leisure,141490692.0,140810122.0,4.579,2.396678,2.925,11.087,0.00644,0.97115,4.04,2026-03-29,2026-07-21
HAS,15.581851,13.4192295,17.542067,1.6,1.5956,0.13079001,531.042,1.661,1.295,0.15968001,0.22157,0.63822,0.162,,5.62,6.52571,12351263744.0,14876363776.0,3.2,0.4982,0.466,Consumer Cyclical,Leisure,141044467.0,140398483.0,4.992,2.4835646,2.991,11.442,0.00579,1.00899,4.57,2026-06-28,
HBAN,12.122303,8.805899,1.2223432,1.95,0.10095,0.01038,,,,0.28744,0.39784,0.0,0.103,-0.109,1.39,1.91349,34325467136.0,41868001280.0,3.68,0.44599998,0.974,Financial Services,Banks - Regional,2037119660.0,2017288870.0,13.785,4.462489,5.443,,0.00798,0.72747004,2.46,2025-12-31,2026-04-23
HBAN,14.038462,9.589063,1.2475221,2.19,0.083859995,0.00899,,,,0.26597,0.40698,0.0,0.336,-0.265,1.3,1.90321,36995133440.0,43675131904.0,3.4,0.47689998,0.952,Financial Services,Banks - Regional,2027130587.0,2014481292.0,14.629,4.458319,5.263,,0.00806,0.89302003,2.87,2026-03-31,2026-07-23
HBAN,12.215385,8.747239,1.0787311,1.68,0.09002,0.00982,,,,0.26131,0.41932,0.0,0.476,-0.029,1.3,1.81543,32084187136.0,41009188864.0,3.91,0.47689998,0.941,Financial Services,Banks - Regional,2020414826.0,2007221517.0,14.721,3.4961522,4.469,,0.008090001,0.89924,2.38,2026-06-30,2026-07-23
HCA,17.213404,14.637371,-18.185884,1.34,,0.12439,,0.965,0.735,0.08974,0.16287,0.415,0.067,0.445,28.35,33.33932,109127639040.0,159937626112.0,0.64,0.1017,1.366,Healthcare,Medical Care Facilities,223568966.0,151190969.0,-26.834,1.4434873,2.116,10.327,0.16158001,0.78713,3.37,2025-12-31,2026-04-24
HCA,12.786083,11.3365965,-13.104788,1.24,,0.12344,,0.834,0.643,0.08894,0.14982,0.41612998,0.043,0.109,29.03,32.74175,82342502400.0,134448496640.0,0.84,0.1013,1.128,Healthcare,Medical Care Facilities,221839800.0,149491186.0,-28.324,1.0779507,1.76,8.637,0.16211,0.78293,3.07,2026-03-31,2026-07-24
HCA,14.34787,13.356758,-14.035704,1.31,,0.12291,,0.993,0.775,0.08768,0.15161,0.42580003,0.087,0.116,29.81,32.02199,92599853056.0,146454855680.0,0.73,0.100600004,1.109,Healthcare,Medical Care Facilities,216501500.0,144313405.0,-30.473,1.1869798,1.877,9.3,0.16611,0.78878,5.19,2026-06-30,2026-07-24
HD,21.464869,18.721106,23.510572,2.74,1.45541,0.12977,514.392,1.061,0.215,0.08596,0.100760005,0.33316,-0.038,-0.142,14.09,16.15503,301238616064.0,365753696256.0,3.08,0.65550005,0.999,Consumer Cyclical,Home Improvement Retail,996027658.0,994348127.0,12.864,1.8292028,2.221,14.624,0.00067000004,0.76168,3.03,2026-02-01,2026-05-19
HD,24.101706,21.05796,24.351105,1.91,1.2838,0.12519,459.356,1.045,0.231,0.08411,0.11926,0.33126998,0.048,-0.043,14.06,16.09225,337892933632.0,400022929408.0,2.75,0.65550005,0.951,Consumer Cyclical,Home Improvement Retail,997116682.0,995401641.0,13.916,2.0282662,2.401,16.036,0.00064000004,0.75957,2.5,2026-05-03,2026-08-18
HD,21.007004,18.719736,18.016817,2.53,1.0429599,0.121379994,380.261,1.078,0.259,0.0841,0.12858,0.32801,0.057,0.046,14.28,16.0248,299286921216.0,360389935104.0,3.11,0.648,0.955,Consumer Cyclical,Home Improvement Retail,997689626.0,995983577.0,16.65,1.7690861,2.13,14.621,0.00068999996,0.76794,2.38,2026-08-02,2026-11-17
HIG,10.4906225,9.654438,2.0769653,0.12,0.21656,0.0372,23.937,1.84,1.076,0.13518,0.20019,0.37432998,0.067,0.382,13.33,14.48453,38576713728.0,38967713792.0,1.72,0.16219999,0.528,Financial Services,Insurance - Diversified,275021182.0,274401145.0,67.329,1.3594838,1.373,7.448,0.00358,0.95995003,0.05,2025-12-31,2026-04-23
HIG,9.870513,10.138444,2.0780182,0.12,0.22735001,0.03884,23.151,1.792,1.062,0.14109,0.15296,0.38172,0.061,0.414,14.21,13.83447,38449586176.0,38762590208.0,1.71,0.1576,0.468,Financial Services,Insurance - Diversified,274130820.0,272801286.0,67.497,1.3354725,1.346,7.021,0.0035299999,0.96628,0.03,2026-03-31,2026-07-23
HIG,9.108426,9.64247,1.8562722,0.12,0.22061001,0.038510002,22.33,1.772,0.999,0.1489,0.17615,0.37868,0.081,0.361,14.48,13.67803,35725307904.0,36452306944.0,1.82,0.1602,0.45,Financial Services,Insurance - Diversified,270872002.0,269582651.0,71.051,1.2186699,1.243,6.526,0.00345,0.96257,0.03,2026-06-30,2026-07-23
HII,25.637014,19.400106,3.0540085,1.36,0.124239996,0.04023,58.762,1.133,1.036,0.048460003,0.05926,0.12696,0.157,0.281,15.4,20.35092,15546501120.0,17700405248.0,1.4,0.35279998,0.356,Industrials,Aerospace & Defense,39377171.0,38926000.0,129.276,1.2453141,1.418,15.664,0.0053399997,0.96215,2.1,2025-12-31,2026-05-05
HII,17.48733,13.340875,2.0590172,0.99,0.12198,0.040999997,56.946,1.191,1.069,0.04709,0.065510005,0.12445,0.134,0.0,15.39,20.17334,10604806144.0,13319805952.0,2.05,0.3548,0.248,Industrials,Aerospace & Defense,39404029.0,39070277.0,130.708,0.8253409,1.037,11.746,0.00509,0.92469,1.65,2026-03-31,2026-07-30
HII,16.261023,13.096382,2.0240638,0.84,0.12968001,0.042779997,55.252,1.23,1.1,0.05013,0.0708,0.124,0.109,0.365,16.78,20.83476,10751938560.0,13674938368.0,2.02,0.32700002,0.225,Industrials,Aerospace & Defense,39404598.0,39115762.0,134.808,0.8154674,1.037,11.688,0.00477,0.92584,2.48,2026-06-30,2026-07-30
HLT,55.90656,32.699596,-14.585151,1.61,,0.10042,,0.665,0.579,0.29411,0.46328,0.77917,0.07,-0.385,6.1,10.42918,78195318784.0,90533322752.0,0.18,0.098000005,1.11,Consumer Cyclical,Lodging,228795935.0,224976347.0,-23.382,15.78428,18.275,31.744,0.02179,1.01157,3.09,2025-12-31,2026-04-28
HLT,49.056488,30.840878,-12.424407,1.6,,0.10859,,0.608,0.493,0.30408,0.5736,0.78505,0.11,0.35,6.55,10.41864,73147973632.0,85679972352.0,0.19,0.0916,1.052,Consumer Cyclical,Lodging,227648372.0,223338988.0,-25.862,14.424763,16.896,28.531,0.02167,0.98337,2.18,2026-03-31,2026-07-28
HLT,44.828445,29.242357,-10.947471,1.26,,0.11026,,0.649,0.551,0.31034002,0.62987,0.79036003,0.025,0.141,6.82,10.45504,68809097216.0,81856094208.0,0.2,0.0881,1.056,Consumer Cyclical,Lodging,225064910.0,220766170.0,-27.927,13.481406,16.038,26.508,0.021930002,0.96863,2.61,2026-06-30,2026-07-28
HOLX,31.53942,15.664253,3.2325425,,0.108559996,0.07434,48.051,4.04,3.102,0.13178,0.22990999,0.60378,0.025,-0.092,2.41,4.861,16968846336.0,17122545664.0,,0.0,0.703,Healthcare,Medical Instruments & Supplies,223244905.0,221206679.0,23.514,4.1121645,4.149,12.677,0.00836,0.96516,2.78,2025-12-27,
HON,33.652737,20.363838,10.6712055,2.12,0.26136,0.05945,236.613,1.298,0.878,0.1263,0.15413,0.36933997,-0.033,-0.764,6.94,11.46886,147989692416.0,172221054976.0,2.04,0.65989995,0.915,Industrials,Conglomerates,633653119.0,602893905.0,21.886,3.952505,4.6,20.338,0.00068000006,0.81228995,2.78,2025-12-31,2026-04-23
HON,17.98721,23.021786,5.245955,8.4,0.24264,0.05953,257.387,1.385,0.926,0.1089,0.21,0.36925,0.024,-0.419,12.51,9.77422,71292313600.0,97730314240.0,4.23,0.74120003,0.93,Industrials,Conglomerates,316826559.0,300446627.0,42.894,1.8930514,2.595,11.463,0.00048000002,0.82495004,3.42,2026-03-31,2026-07-23
HON,7.9377165,20.772694,3.5300155,3.37,0.46577,0.0572,185.369,1.211,0.756,0.21581,0.20249,0.36511,0.043,2.639,26.01,9.93901,65435435008.0,91514437632.0,1.36,0.3614,0.901,Industrials,Conglomerates,316940010.0,297666888.0,58.487,1.719406,2.405,10.751,0.00081,0.84489,2.09,2026-06-30,2026-07-23
HONA,44.45903,21.035927,,0.94,,,,1.611,0.795,0.14388,0.20152001,0.34894,0.068,,4.76,10.06017,67072372736.0,,,0.0,,Industrials,Aerospace & Defense,316939750.0,,,3.7932572,,,0.0,0.00875,0.0,2026-03-28,2026-08-05
HONA,50.030582,18.001781,-9.102036,1.05,,,,1.526,0.764,0.10862,0.14684,0.34535,0.054,-0.709,3.27,9.08799,51853467648.0,67019464704.0,,0.0,,Industrials,Aerospace & Defense,316952725.0,316559704.0,-17.974,2.894416,3.741,18.943,0.00054000004,0.76719004,1.02,2026-06-27,2026-08-05
HOOD,44.268295,33.699604,8.948822,,0.21993999,0.05855,136.04,1.13,1.086,0.42097,0.46532002,0.92376,0.265,-0.345,2.05,2.69291,81702985728.0,81516986368.0,,0.0,2.464,Financial Services,Capital Markets,790054654.0,783376336.0,10.141,18.265814,18.224,,0.00678,0.74007004,1.22,2025-12-31,2026-04-28
HOOD,48.524273,32.505096,9.667311,2.71,0.21461001,0.05187,140.483,1.114,1.07,0.41123,0.38519,0.92239,0.151,0.027,2.06,3.07521,90014490624.0,84723482624.0,,0.0,2.336,Financial Services,Capital Markets,791184698.0,784583041.0,10.34,19.51322,18.366,,0.00717,0.73353,1.11,2026-03-31,2026-07-29
HOOD,53.0177,35.401524,11.362731,2.09,0.23618999,0.04528,240.279,1.116,1.066,0.42011002,0.43884,0.9189,0.323,0.476,2.26,3.3846,107728044032.0,106809040896.0,,0.0,2.34,Financial Services,Capital Markets,790630234.0,783765981.0,10.545,21.84267,21.656,,0.0095999995,0.79466003,1.91,2026-06-30,2026-07-29
HPE,,11.969412,1.7498121,0.85,-0.00471,0.01609,87.223,1.035,0.559,-0.0033000002,0.07644,0.32071,0.184,-0.303,-0.17,2.72528,43281981440.0,60161978368.0,1.75,0.6118,1.295,Technology,Communication Equipment,1326854089.0,1320949588.0,18.642,1.210922,1.683,12.303,0.00387,0.94114,4.81,2026-01-31,2026-06-01
HPE,49.654205,13.161318,2.7797832,0.85,0.06315,0.01966,84.03,1.088,0.566,0.040110003,0.087,0.33776,0.4,,1.07,4.03683,70354935808.0,86427934720.0,1.02,0.5093,1.436,Technology,Communication Equipment,1324203521.0,1317807618.0,19.113,1.813552,2.228,15.349,0.00377,0.91847,3.73,2026-04-30,2026-09-02
HPE,31.319586,13.216424,3.043478,0.49,0.10936,0.02641,76.464,1.113,0.534,0.06666,0.12560001,0.36622003,0.337,4.102,1.94,4.59731,80656760832.0,94823759872.0,0.94,0.2874,1.442,Technology,Communication Equipment,1327464779.0,1321411540.0,19.964,1.9263157,2.265,13.763,0.0037599998,0.91306,3.44,2026-07-31,2026-09-02
HPQ,7.943181,7.045448,-25.113771,1.81,,0.05617,,0.759,0.404,0.04462,0.06185,0.20251,0.069,-0.017,2.64,2.97639,19250135040.0,26962118656.0,5.72,0.4425,1.108,Technology,Computer Hardware,914550199.0,911257818.0,-0.835,0.34235245,0.48,6.049,0.0028600001,0.94952005,6.73,2026-01-31,2026-05-27
HPQ,9.2,8.253644,-158.21655,19.85,,0.058790002,,0.794,0.439,0.044460002,0.07114,0.20315,0.09,0.162,2.7,3.00958,22716743680.0,29877743616.0,4.83,0.4366,1.212,Technology,Computer Hardware,914522690.0,911212118.0,-0.157,0.3956449,0.52,6.341,0.0028,0.95175004,4.51,2026-04-30,2026-05-27
HPQ,13.129772,10.962502,-337.2549,3.67,,0.05629,,0.788,0.44,0.04143,0.05396,0.1966,0.125,-0.113,2.62,3.13797,31021611008.0,37191610368.0,3.49,0.45400003,1.205,Technology,Computer Hardware,901790969.0,898499432.0,-0.102,0.5243503,0.629,8.022,0.00306,0.95927,5.06,2026-07-31,2026-08-26
HRL,29.870586,16.274597,1.7577016,1.8,0.05831,0.045819998,4.244,1.938,0.931,0.03821,0.11057,0.15783,-0.029,-0.051,0.85,1.5601,13971716096.0,13648233472.0,4.61,1.3706,0.328,Consumer Defensive,Packaged Foods,550284207.0,290588311.0,14.445,1.1434929,1.117,10.908,0.00477,0.93882006,4.32,2019-07-28,2026-05-28
HRL,33.596775,13.408174,1.4615493,1.47,0.042930003,0.04634,36.326,1.882,0.886,0.028210001,0.08615,0.15741,-0.024,-0.672,0.62,1.55353,11463806976.0,13466694656.0,5.62,1.8831,0.315,Consumer Defensive,Packaged Foods,550350800.0,290821873.0,14.252,0.94376314,1.109,10.646,0.00471,0.91362,4.17,2026-07-26,2026-08-27
HSIC,24.107035,13.396962,2.8124444,1.75,0.08701,0.043270003,71.736,1.383,0.56,0.03019,0.052950002,0.31136,0.077,0.136,3.27,5.88417,9045588992.0,13874125824.0,,0.0,0.882,Healthcare,Medical Distribution,114748051.0,94903896.0,28.029,0.6861035,1.052,13.562,0.00823,1.06881,5.23,2025-12-27,2026-02-24
HSIC,26.531723,14.865748,3.0767615,1.84,0.08762,0.04355,77.748,1.364,0.563,0.029509999,0.05849,0.31194,0.063,0.045,3.31,5.90754,10004169728.0,15171169280.0,,0.0,0.806,Healthcare,Medical Distribution,113916757.0,93883356.0,28.543,0.74747235,1.134,14.476,0.00818,1.08174,5.22,2026-03-28,2026-05-05
HSIC,24.734692,14.143888,3.0075507,1.69,0.088549994,0.043920003,80.733,1.319,0.55,0.02963,0.057550002,0.31319,0.067,0.171,3.43,5.99835,9455124480.0,14677125120.0,,0.0,0.812,Healthcare,Medical Distribution,111446542.0,91710474.0,28.209,0.69512755,1.079,13.59,0.00833,1.12257,7.04,2026-06-27,2026-08-04
HST,19.2,21.953121,2.2149975,2.34,0.11489,0.04067,83.779,2.361,2.261,0.12476,0.12087,0.28832,0.128,0.271,1.1,0.96205,14711695360.0,19572381696.0,3.79,0.72730005,1.131,Real Estate,REIT - Hotel & Motel,687333299.0,641519972.0,9.535,2.3991675,3.192,11.905,0.01491,1.0767701,3.68,2025-12-31,2026-05-06
HST,16.285715,23.892218,2.4016852,3.9,0.1487,0.042140003,80.482,2.471,2.456,0.16367,0.19163,0.28978002,0.028,1.053,1.47,1.002,16608764928.0,20525010944.0,3.34,0.5442,1.119,Real Estate,REIT - Hotel & Motel,684879281.0,673859573.0,9.968,2.6888077,3.323,12.298,0.014880001,1.05892,3.32,2026-03-31,2026-08-05
HST,14.657718,20.68985,2.34184,3.31,0.15558,0.0433,85.298,1.671,1.669,0.16474001,0.18215,0.29195,0.036,0.084,1.49,1.05559,15172826112.0,18885115904.0,3.66,0.5369,1.101,Real Estate,REIT - Hotel & Motel,685124399.0,674230921.0,9.326,2.433883,3.029,11.142,0.01469,1.0555,4.06,2026-06-30,2026-11-04
HSY,44.4873,19.496254,8.426878,1.1,0.1889,0.06892,123.763,1.192,0.55,0.07554,0.14703,0.33549,0.07,-0.598,4.33,9.88036,39044362240.0,43857072128.0,3.02,1.2627,0.175,Consumer Defensive,Confectioners,148077438.0,145444946.0,22.859,3.339244,3.751,22.205,0.00318,0.88615,4.98,2025-12-31,2026-04-30
HSY,31.921787,17.33734,7.3451023,1.0,0.23234,0.07837,120.011,1.24,0.609,0.09125,0.21343,0.35035,0.106,0.936,5.37,9.88733,34771410944.0,39575584768.0,3.39,1.0358,0.098,Consumer Defensive,Confectioners,148229858.0,146272384.0,23.338,2.8997142,3.3,17.505,0.00308,0.87441003,4.28,2026-03-29,2026-07-30
HSY,23.195354,17.205736,7.4767714,0.85,0.32808998,0.09922,129.821,1.18,0.507,0.12242,0.23119,0.38377,0.066,6.31,7.32,9.86822,34115166208.0,39247265792.0,3.42,0.77099997,0.097,Consumer Defensive,Confectioners,146312143.0,144760908.0,22.709,2.8046212,3.227,14.421,0.00321,0.91463,7.53,2026-06-28,2026-07-30
HUBB,32.360725,24.79128,7.4121184,2.6,0.24542,0.10027,64.473,1.719,0.93,0.15178001,0.19126,0.35486,0.119,0.138,16.55,21.60316,28471758848.0,30471159808.0,1.06,0.32529998,0.997,Industrials,Electrical Equipment & Parts,53024734.0,52927691.0,72.256,4.8714643,5.214,21.585,0.00332,1.00698,4.4,2025-12-31,2026-04-30
HUBB,28.898287,21.771664,6.851891,2.36,0.25822002,0.10195,72.468,1.579,0.84,0.15105,0.17749001,0.35685003,0.111,0.125,16.91,22.44523,25822191616.0,28054591488.0,1.16,0.32389998,0.892,Industrials,Electrical Equipment & Parts,52841777.0,52601875.0,71.319,4.3064976,4.679,19.128,0.00343,0.99431,4.07,2026-03-31,2026-07-28
HUBB,26.460629,19.50494,6.035952,1.88,0.24444,0.08427,141.642,1.609,0.826,0.14491999,0.21666999,0.35338002,0.153,-0.009,16.89,22.91317,23611934720.0,28784932864.0,1.27,0.33040002,0.889,Industrials,Electrical Equipment & Parts,52832571.0,52573691.0,74.043,3.793935,4.625,18.994,0.00343,0.99112,6.3,2026-06-30,2026-07-28
HUM,20.826395,13.53928,1.4010382,1.2,0.07039,0.043,74.815,2.003,1.534,0.00916,-0.01793,0.14538999,0.113,,9.85,15.15147,24739057664.0,18186055680.0,1.73,0.35979998,0.445,Healthcare,Healthcare Plans,120054462.0,120286035.0,146.42,0.19079357,0.14,5.096,0.0017,1.0464,3.69,2025-12-31,2026-04-29
HUM,42.735043,24.952341,2.5847476,2.19,0.062800005,0.036429998,77.073,1.771,1.264,0.00824,0.04671,0.14006,0.235,-0.046,9.36,16.03056,48024600576.0,40496599040.0,0.89,0.3778,0.717,Healthcare,Healthcare Plans,120061500.0,119800967.0,154.754,0.35003352,0.295,12.045,0.00208,0.99984,2.82,2026-03-31,2026-07-29
HUM,36.504726,23.311161,2.4138598,1.29,0.06893,0.03896,76.485,1.742,1.285,0.00878,0.034649998,0.13653,0.262,0.271,10.58,16.56803,46377414656.0,37314416640.0,0.92,0.3346,0.745,Healthcare,Healthcare Plans,120080308.0,119823336.0,160.001,0.31835344,0.256,10.377,0.00212,1.0085,2.8,2026-06-30,2026-11-06
HWM,68.919136,45.384274,19.182983,0.8,0.30443,0.12127,60.022,2.134,0.868,0.18274,0.26338,0.34174,0.146,0.203,3.71,5.63389,102516367360.0,104987361280.0,0.18,0.118599996,1.235,Industrials,Aerospace & Defense,400713557.0,396862503.0,13.329,12.423214,12.723,43.965,0.00885,0.94352996,4.22,2025-12-31,2026-05-07
HWM,63.35581,45.010258,19.782877,0.8,0.33818,0.11918,87.794,2.444,1.458,0.20225,0.28188,0.35046002,0.191,0.714,4.3,6.05262,109001277440.0,111414280192.0,0.18,0.1067,1.189,Industrials,Aerospace & Defense,400107483.0,396250447.0,13.771,12.640761,12.921,43.504,0.0086900005,0.94397,2.14,2026-03-31,2026-08-06
HWM,49.497845,35.564358,16.027216,0.8,0.34732,0.12815,81.368,1.818,0.695,0.20522,0.28504,0.36032,0.241,0.33,4.64,6.45787,91592720384.0,95693717504.0,0.24,0.1034,1.186,Industrials,Aerospace & Defense,398801399.0,395216174.0,14.33,10.046367,10.496,34.25,0.00874,0.93307996,3.45,2026-06-30,2026-08-06
IBKR,36.806305,29.078085,6.786545,2.9,0.23507999,0.02466,124.331,1.106,1.106,0.15847999,0.78801,0.92543,0.152,0.303,2.22,2.81002,138922557440.0,-28545110016.0,0.39,0.1363,1.256,Financial Services,Capital Markets,445616477.0,433052176.0,12.04,22.374386,-4.597,,0.02803,0.89222,2.06,2025-12-31,2026-04-21
IBKR,38.854076,30.17596,7.221026,2.44,0.2356,0.024249999,152.192,1.101,1.101,0.16106,0.76811,0.93017995,0.168,0.229,2.33,3.00007,153558990848.0,-36225265664.0,0.39,0.1373,1.329,Financial Services,Capital Markets,445484364.0,432463244.0,12.537,23.826065,-5.621,,0.0271,0.90888,2.28,2026-03-31,2026-07-21
IBKR,35.9881,28.462301,6.921316,1.46,0.24018998,0.022839999,205.748,1.093,1.093,0.16474001,0.76532996,0.93036,0.263,0.353,2.52,3.18632,154519044096.0,-27644340224.0,0.39,0.13,1.349,Financial Services,Capital Markets,453077771.0,439168671.0,13.103,22.607029,-4.045,,0.026659999,0.88549006,2.4,2026-06-30,2026-07-21
IBM,22.773584,18.938059,7.2742143,2.37,0.35158002,0.05435,197.328,0.956,0.812,0.15685001,0.24768999,0.58186,0.122,0.899,11.13,13.38416,237858553856.0,288046579712.0,2.65,0.6023,0.685,Technology,Information Technology Services,938409072.0,936073912.0,34.845,3.5220041,4.265,17.871,0.00125,0.65421,4.18,2025-12-31,2026-04-22
IBM,18.837025,16.246878,6.06191,2.05,0.35772,0.05391,211.169,0.796,0.644,0.15606,0.13809,0.58358,0.095,0.142,11.29,13.0899,199885406208.0,257985396736.0,3.18,0.59470004,0.675,Technology,Information Technology Services,939885280.0,937883324.0,35.083,2.9006314,3.744,15.481,0.00117,0.65516996,3.26,2026-03-31,2026-07-22
IBM,20.368235,17.439816,6.277346,2.17,0.34460998,0.053039998,188.97,0.791,0.609,0.15522,0.16548,0.58098,0.011,-0.018,11.27,13.16241,216266948608.0,273495949312.0,2.94,0.5977,0.708,Technology,Information Technology Services,942134390.0,940193593.0,36.568,3.1299944,3.958,16.603,0.00105,0.66607004,4.02,2026-06-30,2026-10-21
ICE,27.944542,18.48788,3.1618168,2.24,0.11885,0.022550002,70.077,1.02,0.028,0.33380002,0.49561,1.0,0.078,0.234,5.77,8.72139,91567636480.0,111122636800.0,1.29,0.3328,1.043,Financial Services,Financial Data & Stock Exchanges,566430761.0,564012101.0,50.996,9.220385,11.189,17.993,0.00827,0.94942003,2.14,2025-12-31,2026-04-30
ICE,20.32751,16.004465,2.6814,2.0,0.13853,0.0211,70.986,1.011,0.026,0.37671003,0.57306,1.0,0.204,0.797,6.87,8.72569,78973820928.0,99179823104.0,1.49,0.28530002,0.948,Financial Services,Financial Data & Stock Exchanges,565512495.0,561638734.0,52.081,7.5681667,9.505,14.973,0.00808,0.96194,1.94,2026-03-31,2026-07-30
ICE,21.928068,17.665781,2.9514391,2.15,0.14094,0.02172,69.226,1.012,0.024,0.38246,0.52626,1.0,0.048,0.142,7.09,8.80063,87280001024.0,106840997888.0,1.34,0.2821,0.934,Financial Services,Financial Data & Stock Exchanges,561394487.0,557537707.0,52.676,8.266717,10.119,15.913,0.00813,0.96656996,1.51,2026-06-30,2026-07-30
IDXX,45.049694,35.915928,29.257696,4.1,0.66202,0.25586998,60.827,1.231,0.76,0.24618,0.29764,0.61797,0.143,0.179,13.08,16.40637,46918459392.0,47714902016.0,,0.0,1.722,Healthcare,Diagnostics & Research,79424539.0,78751355.0,20.14,10.901884,11.087,31.7,0.0070700003,0.95829004,3.85,2025-12-31,2026-05-05
IDXX,41.846607,34.355362,28.894999,3.69,0.72915,0.26463,71.04,1.119,0.691,0.24634,0.31783,0.62053,0.143,0.172,13.56,16.51678,44761370624.0,45666291712.0,,0.0,1.549,Healthcare,Diagnostics & Research,78882997.0,78583242.0,19.638,10.06757,10.271,29.541,0.0021799998,0.96852,2.88,2026-03-31,2026-08-04
IDXX,35.98101,30.565063,25.025679,2.8,0.74211,0.27085,67.971,1.172,0.729,0.25030002,0.3498,0.62446,0.097,0.176,14.22,16.7397,40308359168.0,41207504896.0,,0.0,1.538,Healthcare,Diagnostics & Research,78781116.0,78499867.0,20.445,8.852709,9.05,25.41,0.0022,0.96739995,3.41,2026-06-30,2026-08-04
IEX,32.175,22.953144,3.8141809,1.84,0.1234,0.06627,48.251,2.856,1.915,0.13975,0.20698,0.44522998,0.042,0.055,6.4,8.97132,15309704192.0,16671104000.0,1.38,0.4399,0.98,Industrials,Specialty Industrial Machinery,74202616.0,74139650.0,53.988,4.4279695,4.822,17.899,0.00213,1.07765,2.48,2025-12-31,2026-04-29
IEX,33.225998,24.317497,4.126885,1.92,0.12748,0.06757,46.915,3.393,2.251,0.14382,0.1989,0.44435,0.089,0.278,6.77,9.25013,16648946688.0,17960646656.0,1.3,0.42009997,0.974,Industrials,Specialty Industrial Machinery,74015052.0,73805589.0,54.506,4.716282,5.088,18.874,0.0022200001,1.05996,3.27,2026-03-31,2026-07-29
IEX,32.143677,23.241608,4.1305714,1.7,0.12955,0.0684,47.06,3.049,2.01,0.1449,0.2217,0.4473,0.064,0.109,6.96,9.62584,16492615680.0,17755414528.0,1.31,0.5165,0.972,Industrials,Specialty Industrial Machinery,73719896.0,73506846.0,54.162,4.6000657,4.952,18.348,0.00223,1.0537,3.29,2026-06-30,2026-07-29
IFF,,15.93177,1.3708133,0.87,-0.02559,0.020639999,46.884,1.422,0.659,-0.033150002,0.04625,0.36161998,-0.066,,-1.41,4.76281,19385630720.0,25478631424.0,2.11,1.6841999,1.032,Basic Materials,Specialty Chemicals,255437821.0,254797917.0,55.354,1.7801313,2.34,13.713,0.0010899999,1.03727,4.98,2025-12-31,2026-05-05
IFF,24.210526,16.259687,1.4133637,0.9,0.060510002,0.02123,45.701,1.492,0.705,0.076570004,0.10106,0.36346,-0.036,,3.23,4.80944,19964731392.0,25903730688.0,2.05,0.4954,0.944,Basic Materials,Specialty Chemicals,255303473.0,254583517.0,55.329,1.8506426,2.401,13.786,0.00118,1.04214,7.05,2026-03-31,2026-08-04
IFF,,20.944153,1.5154449,1.71,-0.05548,0.0227,44.821,2.061,0.491,0.02569,0.08495,0.36583,0.018,-0.916,-3.09,3.96101,21167241216.0,26910240768.0,1.93,0.4954,0.953,Basic Materials,Specialty Chemicals,255149963.0,254448301.0,54.743,1.9633839,2.496,14.082,0.00113,1.09576,10.32,2026-06-30,2026-08-04
INCY,15.26053,11.199345,3.7568169,0.35,0.2987,0.13571,1.063,3.316,3.039,0.25026,0.25572002,0.52884996,0.278,0.436,6.41,8.73444,19467595776.0,15941912576.0,,0.0,0.857,Healthcare,Biotechnology,199014486.0,166622888.0,26.038,3.786555,3.101,11.073,0.01871,1.05443,7.13,2025-12-31,2026-04-28
INCY,16.560734,13.439259,4.1694818,11.98,0.30823,0.13888,0.701,3.682,3.402,0.26707,0.25552,0.52766,0.209,0.838,7.08,8.72444,23424458752.0,19448061952.0,,0.0,0.758,Healthcare,Biotechnology,199782155.0,167303570.0,28.121,4.3694034,3.628,12.556,0.01844,1.06637,4.72,2026-03-31,2026-07-28
INCY,15.9834175,14.102783,3.9695258,10.82,0.30667,0.16832,0.603,4.593,4.314,0.27706,0.41899,0.55659,0.377,0.377,7.84,8.88548,25400053760.0,20902582272.0,,0.0,0.77,Healthcare,Biotechnology,202697746.0,170560018.0,31.568,4.3646226,3.592,10.762,0.01845,1.03447,6.93,2026-06-30,2026-07-28
INTC,,64.06959,2.9933577,1.36,0.00022,0.0028400002,37.282,2.017,1.307,-0.00505,0.051409997,0.36563998,-0.041,,-0.06,1.06915,343939219456.0,363929501696.0,,0.0,1.349,Technology,Semiconductors,5021010228.0,4985909100.0,22.884,6.5074687,6.886,28.808,0.12966,0.61896,1.46,2025-12-27,2026-04-23
INTC,,58.897167,4.285521,1.36,-0.02911,0.0063099996,36.028,2.312,1.657,-0.05904,0.06879,0.372,0.072,,-0.6,1.61366,477671030784.0,503508041728.0,,0.0,2.187,Technology,Semiconductors,5026000000.0,4583058620.0,22.177,8.884754,9.365,35.523,0.14719,0.65349996,0.97,2026-03-28,2026-07-23
INTC,,52.66527,6.256121,1.36,-0.10715,0.0141199995,48.997,1.604,1.157,-0.19794,0.12189999,0.38873002,0.254,,-2.09,2.06208,574070980608.0,584189411328.0,,0.0,2.231,Technology,Semiconductors,5286105262.0,4619496960.0,17.359,10.06577,10.243,34.691,0.13988,0.62532,1.51,2026-06-27,2026-07-23
INTU,25.97206,15.0927305,5.820822,1.04,0.23457001,0.10328,36.148,1.323,0.479,0.2157,0.18383,0.80896,0.174,0.485,15.39,26.48361,111228928000.0,114452799488.0,1.16,0.2915,1.035,Technology,Software - Application,276550000.0,270302736.0,68.669,5.528002,5.688,18.741,0.02326,0.91155,3.1,2026-01-31,2026-05-20
INTU,21.372053,13.2866535,4.819119,0.9,0.22496,0.09465,33.448,1.453,0.624,0.21907,0.46974,0.80793,0.104,0.107,16.96,27.28076,99148955648.0,99268960256.0,1.37,0.2831,0.959,Technology,Software - Application,273537000.0,267196412.0,75.215,4.7383013,4.744,15.487,0.02355,0.9432,2.78,2026-04-30,2026-08-25
INTU,18.419807,11.196379,4.284523,0.96,0.23596,0.1047,44.34,1.507,0.782,0.21289,0.17638999,0.80982,0.137,-0.014,16.46,27.07929,81023287296.0,82244280320.0,1.82,0.2916,0.976,Technology,Software - Application,267236000.0,260873111.0,70.764,3.7776618,3.835,12.008,0.024130002,0.93546,1.98,2026-07-31,2026-08-25
INVH,28.156252,38.169342,1.7323593,13.14,0.060939997,0.02486,88.124,2.423,0.848,0.21632999,0.26999,0.58247,0.043,0.024,0.96,0.70816,16471706624.0,24796782592.0,4.44,1.2188,0.816,Real Estate,REIT - Residential,599446021.0,554029460.0,15.603,6.060924,9.124,16.637,0.00327,1.05365,2.24,2025-12-31,2026-04-29
INVH,31.705265,45.175034,1.9679843,13.14,0.061929997,0.02469,97.038,1.497,0.508,0.20964001,0.24277,0.57181,0.092,-0.037,0.95,0.66674,17892544512.0,26650847232.0,3.98,1.2421,0.843,Real Estate,REIT - Residential,594041956.0,539526726.0,15.305,6.437429,9.589,17.857,0.0034,1.0295501,2.12,2026-03-31,2026-07-29
INVH,24.688072,37.85396,1.755267,13.14,0.070539996,0.02479,94.425,0.43,0.142,0.23197001,0.25115,0.56262,0.101,0.605,1.09,0.71089,15893670912.0,24404502528.0,4.46,1.0917,0.831,Real Estate,REIT - Residential,590623226.0,536817450.0,15.331,5.580635,8.569,16.266,0.00341,1.02756,3.72,2026-06-30,2026-07-29
IP,,13.072195,1.3223406,1.58,-0.24678,0.02471,71.073,1.279,0.65,-0.14877,0.064770006,0.29737,0.531,,-5.61,2.84038,19659823104.0,29052198912.0,4.98,1.5812,1.099,Consumer Cyclical,Packaging & Containers,529486211.0,527033868.0,28.079,0.8318449,1.229,7.359,0.0019400001,1.0271499,6.88,2025-12-31,2026-04-30
IP,,13.40079,1.3428193,1.58,-0.16036,0.01788,65.904,1.213,0.767,-0.13767,0.03718,0.29687,0.134,,-5.19,2.80282,19888658432.0,28411658240.0,4.93,1.5812,0.898,Consumer Cyclical,Packaging & Containers,529516974.0,527054720.0,27.971,0.81708467,1.167,7.091,0.00176,0.99413,8.47,2026-03-31,2026-07-30
IP,,11.4852295,1.2648815,1.58,-0.16479,0.01591,68.509,1.098,0.682,-0.14205,0.02298,0.29608,-0.022,,-5.39,3.00647,18286047232.0,27463049216.0,5.36,1.5812,0.883,Consumer Cyclical,Packaging & Containers,529569895.0,527165648.0,27.299,0.75552815,1.135,6.981,0.00241,1.02553,11.64,2026-06-30,2026-10-28
IQV,22.5364,12.533108,4.6021442,0.74,0.21438,0.05053,245.928,0.749,0.668,0.083380006,0.1517,0.33291999,0.103,0.236,7.83,14.07951,29945264128.0,44236263424.0,,0.0,1.391,Healthcare,Diagnostics & Research,167866339.0,161247243.0,38.343,1.8360064,2.712,15.057,0.01091,1.0336599,2.81,2025-12-31,2026-05-05
IQV,25.654228,14.5567,5.533616,0.85,0.22490999,0.051269997,253.536,0.747,0.658,0.08327,0.13611001,0.32991,0.084,0.15,8.04,14.16942,34424791040.0,48546795520.0,,0.0,1.2,Healthcare,Diagnostics & Research,166900000.0,158549993.0,37.274,2.0697925,2.919,16.177,0.01079,1.04047,3.06,2026-03-31,2026-07-28
IQV,33.095654,18.425283,7.106239,0.97,0.22818,0.05061,257.975,0.706,0.62,0.08096,0.13027,0.32968,0.087,-0.006,8.05,14.45948,43852734464.0,58157731840.0,,0.0,1.186,Healthcare,Diagnostics & Research,164600000.0,156249842.0,37.491,2.5821548,3.424,19.081,0.01086,1.03413,3.0,2026-06-30,2026-07-28
IR,59.172413,22.165846,3.325968,0.8,0.057729997,0.05199,50.699,2.056,1.346,0.07599,0.20011999,0.43607,0.101,0.184,1.45,3.87082,33900474368.0,37549023232.0,0.09,0.0552,1.333,Industrials,Specialty Industrial Machinery,391617994.0,390372649.0,25.797,4.4309134,4.908,18.627,0.00232,0.96886003,5.33,2025-12-31,2026-04-28
IR,55.567566,21.346788,3.1625903,0.78,0.057150003,0.0512,48.353,2.227,1.426,0.075440004,0.17069,0.43222,0.076,0.065,1.48,3.85257,32183539712.0,35907842048.0,0.1,0.0541,1.168,Industrials,Specialty Industrial Machinery,391336834.0,390088469.0,26.004,4.1360106,4.615,17.76,0.00209,1.07116,3.78,2026-03-31,2026-07-30
IR,29.681818,18.33675,2.738363,0.58,0.0947,0.051020004,47.903,1.616,1.016,0.12076,0.16882999,0.42821,0.085,,2.42,3.91727,27869999104.0,31660699648.0,0.11,0.033099998,1.147,Industrials,Specialty Industrial Machinery,387999429.0,386757831.0,26.231,3.5091033,3.986,15.715,0.00215,1.05759,3.45,2026-06-30,2026-07-30
IRM,236.14,46.099125,-35.595417,2.7,,0.04405,,0.739,0.612,0.02095,0.21956,0.55381,0.166,-0.142,0.5,2.56122,35123322880.0,54230233088.0,2.93,6.5694,1.152,Real Estate,REIT - Specialty,297478817.0,292962646.0,-3.317,5.0890555,7.857,23.289,0.00907,0.88311994,5.59,2025-12-31,2026-04-30
IRM,134.58696,46.281277,-30.318314,2.7,,0.04557,,0.769,0.63,0.03758,0.20955999,0.55018,0.216,8.6,0.92,2.67538,36839505920.0,56645783552.0,2.79,3.5848,1.219,Real Estate,REIT - Specialty,297524681.0,294692246.0,-4.084,5.0845675,7.818,23.123,0.008909999,0.87889,4.78,2026-03-31,2026-08-05
IRM,81.0922,41.910877,-26.572159,2.7,,0.04634,,0.726,0.584,0.055359997,0.19059,0.5421,0.185,,1.41,2.72817,34039339008.0,54170816512.0,3.02,2.395,1.204,Real Estate,REIT - Specialty,297702812.0,294907383.0,-4.303,4.5010867,7.163,21.235,0.00881,0.8833,3.94,2026-06-30,2026-08-05
ISRG,59.544415,41.061413,9.34793,2.41,0.16690001,0.09392,0.953,4.875,3.77,0.28375998,0.30155,0.65996003,0.188,0.166,7.88,11.42703,166649167872.0,160984350720.0,,0.0,1.679,Healthcare,Medical Instruments & Supplies,355169692.0,352939083.0,50.194,16.557787,15.995,45.246,0.00556,0.89108,4.19,2025-12-31,2026-04-21
ISRG,49.486618,34.514416,8.249945,2.13,0.17232999,0.102419995,,4.61,3.259,0.28152,0.30868,0.66292,0.23,0.188,8.22,11.7858,144066363392.0,143316090880.0,,0.0,1.453,Healthcare,Medical Instruments & Supplies,354162842.0,352101614.0,49.307,13.614157,13.543,36.884,0.0055199997,0.89282995,3.18,2026-03-31,2026-07-16
ISRG,45.054985,32.529274,7.661576,1.83,0.17423001,0.10512,,4.963,3.636,0.28445998,0.33603,0.66679,0.185,0.265,8.73,12.09157,140921503744.0,133867954176.0,,0.0,1.465,Healthcare,Medical Instruments & Supplies,358278038.0,351214894.0,51.338,12.771108,12.132,32.02,0.00513,0.89494,3.03,2026-06-30,2026-07-16
IT,16.022799,10.501408,34.245846,0.81,0.86861,0.088640004,1046.535,0.999,0.847,0.11224,0.18978001,0.68393,0.022,-0.342,9.65,14.72374,10893024256.0,12518453248.0,,0.0,1.045,Technology,Information Technology Services,67510191.0,67851383.0,4.515,1.6765653,1.927,9.552,0.03483,1.09833,4.95,2025-12-31,2026-02-03
IT,13.852767,9.160051,150.09636,0.58,0.94878,0.09377,5293.41,0.939,0.804,0.1144,0.20499,0.68987,-0.015,0.173,10.12,15.3045,9385985024.0,11074213888.0,,0.0,0.963,Technology,Information Technology Services,66951889.0,60946305.0,0.934,1.4497662,1.711,8.283,0.035439998,1.18378,7.81,2026-03-31,2026-05-05
IT,16.691824,11.356655,-71.50885,0.74,1.13581,0.1017,,0.88,0.75,0.11996,0.22623,0.69629997,-0.006,0.331,11.13,16.35869,11731816448.0,13572606976.0,,0.0,0.953,Technology,Information Technology Services,63148976.0,57220550.0,-2.598,1.8150518,2.1,9.807,0.03754,1.20163,5.29,2026-06-30,2026-08-04
ITW,25.97901,22.433378,24.363312,2.76,0.93718004,0.17051001,285.524,1.21,0.83,0.1911,0.26753,0.44097,0.041,0.073,10.48,12.13638,78465335296.0,86826328064.0,2.37,0.59290004,1.145,Industrials,Specialty Industrial Machinery,288078076.0,261065970.0,11.175,4.890634,5.412,18.652,0.0037599998,0.85861,7.44,2025-12-31,2026-04-30
ITW,25.631382,22.65665,24.59681,2.8,0.96848,0.17045,283.22,1.188,0.789,0.19320999,0.25672,0.44122002,0.046,0.118,10.77,12.18406,79419580416.0,87741587456.0,2.33,0.5877,1.011,Industrials,Specialty Industrial Machinery,287700000.0,260604414.0,11.223,4.8960967,5.409,18.558,0.00368,0.86527,6.87,2026-03-31,2026-07-28
ITW,24.3819,21.72607,26.512499,2.5,1.04618,0.16924,334.853,1.109,0.74,0.19393998,0.26900998,0.44162,0.061,0.101,11.05,12.40077,76730818560.0,85586812928.0,2.55,0.5833,0.997,Industrials,Specialty Industrial Machinery,284800000.0,257732608.0,10.162,4.6591063,5.197,17.808,0.0037200002,0.86816,8.85,2026-06-30,2026-07-28
IVZ,,8.514011,1.1332389,0.38,-0.01219,0.025969999,17.161,0.787,0.787,-0.04417,0.20378,0.28573,0.062,,-1.6,2.91402,11023418368.0,15486246912.0,3.39,0.5646,1.634,Financial Services,Asset Management,444313529.0,358452918.0,21.893,1.7285943,2.428,12.099,0.0063300002,0.94596,3.45,2025-12-31,2026-04-28
IVZ,,9.267454,1.347921,0.9,-0.01535,0.02683,14.829,0.822,0.822,-0.03692,0.191,0.28915,0.141,0.35,-1.47,3.19721,13134878720.0,17812480000.0,2.9,0.5646,1.597,Financial Services,Asset Management,443296629.0,358228006.0,21.982,1.9924275,2.702,13.417,0.00603,0.97240996,3.13,2026-03-31,2026-07-28
IVZ,,9.338963,1.3531003,0.9,-0.0057300003,0.02915,12.056,0.708,0.708,-0.00934,0.19950001,0.2952,0.205,,-0.68,3.2691,13478988800.0,17696389120.0,2.82,0.5646,1.605,Financial Services,Asset Management,441499780.0,356533147.0,22.563,1.9527692,2.564,12.248,0.006,0.98344004,2.95,2026-06-30,2026-07-28
J,34.018467,16.07075,4.402144,0.5,0.09726,0.05685,65.173,1.33,1.289,0.03495,0.07434,0.24445999,0.123,,3.79,8.02265,15225124864.0,17646440448.0,1.12,0.3377,0.752,Industrials,Engineering & Construction,117446713.0,115899940.0,29.288,1.2288129,1.424,13.797,0.00616,0.91675,4.64,2025-12-26,2026-05-05
J,38.864307,15.990165,4.729002,0.42,0.09380999,0.04355,138.776,1.434,1.355,0.028959999,-0.00936,0.2342,0.27,,3.39,8.23944,15557155840.0,18734960640.0,1.09,0.38939998,0.672,Industrials,Engineering & Construction,118080879.0,116610772.0,27.86,1.1808469,1.422,18.277,0.0053,0.91971,5.17,2026-03-27,2026-08-04
J,47.641193,17.363192,5.145317,0.43,0.07998,0.04551,124.734,1.287,1.25,0.0238,0.07387,0.22067,0.345,-0.254,3.01,8.25885,16783335424.0,19645046784.0,1.0,0.4518,0.679,Industrials,Engineering & Construction,117038611.0,116280201.0,27.87,1.1803278,1.382,18.595,0.00519,0.94803,3.75,2026-06-26,2026-08-04
JBHT,42.114906,29.545305,7.1154604,2.64,0.16676001,0.069,43.622,1.258,0.976,0.051269997,0.06774,0.18861,0.046,0.274,6.44,9.1798,25575829504.0,27950178304.0,0.64,0.2748,1.305,Industrials,Integrated Freight & Logistics,94299203.0,73625046.0,38.117,2.1077483,2.303,17.38,0.20354,0.78191,2.88,2026-03-31,2026-04-15
JBHT,33.368946,23.331953,6.0155106,1.69,0.18448,0.0738,38.373,1.255,1.014,0.05311,0.07423,0.18505,0.194,0.458,7.02,10.03988,21999572992.0,23398750208.0,0.77,0.2532,1.289,Industrials,Integrated Freight & Logistics,93914939.0,73231113.0,38.941,1.7320712,1.842,13.978,0.20436001,0.78829,3.37,2026-06-30,2026-10-15
JBL,44.862534,22.853739,26.20896,0.82,0.59696996,0.053489998,328.91,1.013,0.506,0.02477,0.046729997,0.09037,0.231,0.962,7.42,14.56567,35119714304.0,37731713024.0,0.1,0.0431,1.286,Technology,Electronic Components,105502622.0,103432661.0,12.701,1.0750823,1.155,15.874,0.01238,0.97696,2.34,2026-02-28,2026-03-18
JBL,37.44625,17.793272,23.735838,0.82,0.65876,0.05011,297.136,0.981,0.448,0.02566,0.05211,0.092259996,0.118,0.276,8.0,16.83614,31391068160.0,33978068992.0,0.11,0.0401,1.292,Technology,Electronic Components,104787089.0,102784608.0,12.621,0.9345361,1.012,14.175,0.01192,0.99167997,3.07,2026-05-31,2026-09-30
JCI,47.113712,25.323486,6.529316,2.56,0.12640001,0.05148,73.339,0.994,0.642,0.14169,0.14715,0.36466998,0.068,0.342,2.99,5.56282,86221758464.0,95395069952.0,1.14,0.5168,1.402,Industrials,Building Products & Equipment,612066206.0,609972607.0,21.575,3.5975199,3.98,23.076,0.00179,0.9529,1.8,2025-12-31,2026-02-04
JCI,42.954132,24.369467,6.3395925,1.9,0.13449,0.05446,70.317,1.036,0.689,0.14452,0.14017999,0.36561,0.082,0.389,3.27,5.76377,85696839680.0,94546837504.0,1.14,0.48009998,1.319,Industrials,Building Products & Equipment,610115603.0,608163233.0,22.156,3.507422,3.87,21.886,0.0017,0.93813,1.82,2026-03-31,2026-07-29
JCI,40.360565,23.59404,6.4375253,1.64,0.14332,0.05402,70.107,1.0,0.675,0.14319,0.15875,0.36651,0.093,0.153,3.55,6.07272,86790635520.0,95657639936.0,1.12,0.45069999,1.304,Industrials,Building Products & Equipment,605741470.0,603803097.0,22.257,3.4723198,3.827,22.117,0.0017200001,0.92209,3.32,2026-06-30,2026-07-29
JKHY,22.135057,22.030602,5.04668,2.16,0.24284,0.13347,3.109,1.6,0.951,0.20587,0.25697002,0.43842,0.079,0.284,6.96,6.993,11150420992.0,11158385664.0,1.53,0.33290002,0.718,Technology,Information Technology Services,72167368.0,71665805.0,30.527,4.52436,4.528,16.021,0.006,1.05204,4.82,2025-12-31,2026-02-03
JKHY,23.36103,20.885046,5.439141,2.03,0.24892001,0.13664,6.398,1.744,1.008,0.20637,0.24369,0.44057,0.087,0.125,6.98,7.8075,11585541120.0,10995309568.0,1.59,0.32819998,0.553,Technology,Information Technology Services,71050780.0,70572608.0,29.979,4.605317,4.371,15.369,0.00599,1.0165,3.88,2026-03-31,2026-08-18
JKHY,22.184814,19.71775,5.287871,1.89,0.24040002,0.12989001,3.793,1.167,0.734,0.19760999,0.22503,0.43897998,0.047,-0.104,6.98,7.85333,10856937472.0,10922702848.0,1.58,0.341,0.564,Technology,Information Technology Services,70112608.0,69628831.0,29.284,4.2670956,4.293,15.555,0.0061000003,1.0263,4.49,2026-06-30,2026-08-18
JNJ,26.651217,18.09593,6.817845,2.98,0.26416,0.08424,67.73,1.025,0.689,0.21834,0.27408,0.68035007,0.099,-0.529,8.63,12.71004,553659858944.0,586595893248.0,2.33,0.6025,0.263,Healthcare,Drug Manufacturers - General,2407216971.0,2403269135.0,33.735,5.7456245,6.087,17.089,0.0005,0.76838994,2.94,2026-03-29,2026-07-15
JNJ,31.357723,22.243368,7.65191,2.83,0.25742,0.08595,57.709,1.089,0.725,0.21482,0.2919,0.6814,0.066,-0.009,8.61,12.138,650648485888.0,678926548992.0,1.99,0.6079,0.235,Healthcare,Drug Manufacturers - General,2409898597.0,2405994561.0,35.284,6.6440835,6.933,19.469,0.00053,0.76726997,3.32,2026-06-28,2026-10-13
JPM,14.161879,12.564277,2.3033364,1.6,0.16465001,0.01272,,,,0.33936,0.43741,0.0,0.127,0.172,20.88,23.53498,792331550720.0,551235551232.0,2.03,0.2824,1.023,Financial Services,Banks - Diversified,2679511418.0,2665256417.0,128.379,4.5652,3.176,,0.0038299998,0.75725,2.93,2026-03-31,2026-07-14
JPM,14.994426,13.993524,2.6289594,1.63,0.17789,0.0136,,,,0.34921002,0.50394,0.0,0.304,0.469,23.32,24.98799,929488044032.0,767415943168.0,1.89,0.2571,0.975,Financial Services,Banks - Diversified,2658186195.0,2643991481.0,133.007,4.9884505,4.119,,0.00391,0.75688004,4.65,2026-06-30,2026-10-13
KDP,17.33987,10.60729,1.412673,0.89,0.08356,0.04261,75.384,0.635,0.325,0.12522,0.22627,0.54201,0.105,,1.53,2.50111,36045414400.0,54254411776.0,3.47,0.6013,0.361,Consumer Defensive,Beverages - Non-Alcoholic,1358666059.0,1352470542.0,18.78,2.1710181,3.268,12.151,0.04975,0.97656995,5.33,2025-12-31,2026-04-23
KDP,22.896296,12.226622,1.6646918,1.03,0.06312,0.036140002,85.985,2.307,0.243,0.10812,0.19014,0.53777003,0.094,-0.477,1.35,2.52809,42054893568.0,78386896896.0,2.98,0.6815,0.407,Consumer Defensive,Beverages - Non-Alcoholic,1360559471.0,1354287292.0,18.568,2.4819932,4.626,17.647,0.04978,1.02016,4.43,2026-03-31,2026-08-06
KDP,31.272726,12.21456,1.683066,0.96,0.051,0.03378,99.649,0.479,0.2,0.07103,0.12888,0.50956,0.756,-0.9,0.99,2.53468,42131169280.0,82747170816.0,2.97,0.9293,0.414,Consumer Defensive,Beverages - Non-Alcoholic,1360826038.0,1354389331.0,18.395,2.0971215,4.119,17.214,0.049879998,1.09474,6.67,2026-06-30,2026-08-06
KEY,12.834356,9.727292,1.3007523,2.0,0.09977,0.01031,,,,0.27024,0.35779998,0.0,0.118,0.333,1.63,2.15065,22682001408.0,40553000960.0,3.92,0.50310004,1.055,Financial Services,Banks - Regional,1084225688.0,1079747836.0,16.083,3.1498406,5.632,,0.0029,0.89002997,0.0,2026-03-31,2026-04-16
KEY,12.16959,9.739364,1.2896628,1.36,0.1033,0.0107700005,,,,0.2754,0.3471,0.0,0.101,0.253,1.71,2.13669,22206945280.0,37209944064.0,3.94,0.4795,1.023,Financial Services,Banks - Regional,1067128554.0,1062603929.0,16.136,3.0127454,5.048,,0.00298,0.90213996,0.0,2026-06-30,2026-10-20
KEYS,55.591274,33.22195,9.510793,2.02,0.17222999,0.05816,44.674,2.604,1.776,0.16946,0.16313,0.61864,0.233,0.68,6.19,10.35791,59015720960.0,59609722880.0,,0.0,1.261,Technology,Scientific & Technical Instruments,171502495.0,170471765.0,36.181,10.395582,10.5,46.353,0.00588,0.92768997,1.96,2026-01-31,2026-05-19
KEYS,46.096684,23.403086,8.616086,1.29,0.18174,0.06039,43.642,1.903,1.334,0.17312999,0.18812001,0.62139,0.315,0.356,6.93,13.64991,54402338816.0,58626322432.0,,0.0,1.21,Technology,Scientific & Technical Instruments,170300000.0,169752078.0,37.076,8.935995,9.63,40.997,0.0058099995,0.92299,2.43,2026-04-30,2026-08-18
KEYS,45.27027,24.150114,8.682131,0.66,0.20897,0.072270006,42.094,2.024,1.43,0.19143,0.25677,0.63278997,0.365,1.091,7.4,13.87157,57031991296.0,57192988672.0,,0.0,1.208,Technology,Scientific & Technical Instruments,170244745.0,169107510.0,38.585,8.664842,8.689,33.683,0.0058099995,0.92964995,2.02,2026-07-31,2026-08-18
KHC,,10.518727,0.63855183,0.99,-0.12837,0.03498,52.1,1.154,0.675,-0.23437999,0.17485,0.33317003,-0.034,-0.692,-4.93,2.13619,26598744064.0,44820746240.0,7.12,0.7306,0.051,Consumer Defensive,Packaged Foods,1183744751.0,854817597.0,35.189,1.0664239,1.797,7.826,0.2779,0.63296,4.12,2025-12-27,2026-05-06
KHC,,12.350451,0.7321489,0.99,-0.12576,0.03467,50.258,1.195,0.716,-0.23049,0.20738001,0.33973998,0.008,0.136,-4.86,2.09547,30687924224.0,47855927296.0,6.18,0.7306,0.077,Consumer Defensive,Packaged Foods,1185777638.0,855929872.0,35.348,1.2280083,1.915,8.305,0.2778,0.64989,6.49,2026-03-28,2026-08-05
KHC,,11.696998,0.8047037,0.99,-0.0876,0.0363,52.591,1.061,0.57,-0.13639,0.1549,0.33498,-0.014,,-2.88,2.08857,28969674752.0,45413675008.0,6.55,0.7306,0.082,Consumer Defensive,Packaged Foods,1185823758.0,855986880.0,30.359,1.1634408,1.824,8.268,0.27778,0.66683996,6.49,2026-06-27,2026-08-05
KIM,29.5,28.32553,1.5691489,3.37,0.055370003,0.02243,78.678,0.488,0.488,0.27323,0.33007,0.69051003,0.032,-0.068,0.82,0.854,16313814016.0,24584669184.0,4.3,1.2317,1.051,Real Estate,REIT - Retail,674403212.0,657969942.0,15.416,7.6228647,11.488,18.767,0.021960001,0.98535,4.4,2025-12-31,2026-04-30
KIM,30.02299,30.161663,1.6955534,3.37,0.058579996,0.0232,78.788,0.486,0.485,0.28537,0.34428,0.68961,0.04,0.294,0.87,0.866,17615060992.0,25911789568.0,3.98,1.1724,0.969,Real Estate,REIT - Retail,674389792.0,657739108.0,15.405,8.149431,11.988,19.754,0.021960001,1.03133,5.44,2026-03-31,2026-08-04
KIM,26.197676,25.602274,1.4710108,3.37,0.05806,0.023740001,84.993,0.971,0.97,0.27759,0.36565,0.68933,0.049,-0.058,0.86,0.88,15112885248.0,23426789376.0,4.97,1.1977,0.956,Real Estate,REIT - Retail,670789373.0,654113549.0,15.316,6.909904,10.711,17.586,0.022079999,1.0417,6.94,2026-06-30,2026-08-04
KKR,44.273506,13.454563,3.2566326,0.54,0.08558,0.01596,68.611,0.847,0.799,0.09241,0.33029997,0.56959,0.763,-0.022,2.34,7.69999,95945973760.0,159024136192.0,0.71,0.312,1.927,Financial Services,Asset Management,891550894.0,684042423.0,31.812,3.740422,6.2,,0.23234,0.62476003,1.64,2025-12-31,2026-05-05
KKR,34.333332,13.663603,3.2117858,0.54,0.076630004,0.014630001,69.029,0.857,0.814,0.116809994,0.11012,0.55542,-0.066,,2.94,7.38751,94120648704.0,153965314048.0,0.74,0.2517,1.794,Financial Services,Asset Management,897872941.0,690338589.0,31.428,3.7121956,6.073,,0.2305,0.62199,3.08,2026-03-31,2026-07-30
KKR,31.568687,13.336176,3.1121259,0.42,0.0728,0.01386,69.812,0.856,0.817,0.12201,0.2065,0.54767,0.078,0.4,3.13,7.40917,91259977728.0,149249032192.0,0.79,0.23959999,1.791,Financial Services,Asset Management,897635601.0,690577997.0,31.75,3.5326738,5.777,,0.23047,0.62389,2.87,2026-06-30,2026-07-30
KLAC,52.07674,37.19821,42.982864,1.99,1.00726,0.21087,111.778,2.828,1.852,0.35764,0.41313,0.61574,0.072,0.409,34.4,48.1593,235381473280.0,235717902336.0,0.42,0.21540001,1.435,Technology,Semiconductor Equipment & Materials,131076611.0,130768581.0,41.678,18.469097,18.495,41.051,0.00102,0.94485,3.19,2025-12-31,2026-04-29
KLAC,60.269123,41.513813,47.6911,2.27,0.94975996,0.21282,105.4,3.026,1.963,0.35661998,0.41215,0.61446,0.115,0.118,3.53,5.1248,277910061056.0,279097475072.0,0.43,0.2152,1.407,Technology,Semiconductor Equipment & Materials,1306275210.0,1303166275.0,4.461,21.219917,21.311,47.707,0.00085,0.94637,2.34,2026-03-31,2026-07-28
KLAC,48.357925,26.395184,36.43269,1.69,0.87496,0.20799999,96.88,2.876,1.841,0.35574,0.42486,0.61301,0.152,0.138,3.66,6.70539,231245725696.0,232495022080.0,0.52,0.2186,1.444,Technology,Semiconductor Equipment & Materials,1306546783.0,1303476398.0,4.858,17.02906,17.121,38.399,0.00124,0.93846,3.03,2026-06-30,2026-07-28
KMB,20.337448,12.950241,21.843092,2.0,1.26603,0.09612001,464.785,0.745,0.374,0.122880004,0.13161999,0.37308,-0.006,0.11,4.86,7.63229,32807540736.0,39737208832.0,5.18,1.037,0.296,Consumer Defensive,Household & Personal Products,331925766.0,330817070.0,4.525,1.9947432,2.416,12.422,0.00675,0.89095,7.89,2025-12-31,2026-04-28
KMB,20.957447,14.335859,20.024025,2.19,1.11727,0.10163999,371.264,0.766,0.368,0.12798999,0.19649,0.37147,0.027,0.179,5.17,7.55797,35965734912.0,42647736320.0,4.73,0.97870004,0.279,Consumer Defensive,Household & Personal Products,331940357.0,330678984.0,5.411,2.1723685,2.576,12.727,0.0070700003,0.93404996,8.18,2026-03-31,2026-08-04
KMB,19.339922,13.081558,18.597492,2.0,1.04913,0.10195,348.933,0.909,0.403,0.1179,0.19002001,0.37612998,0.006,-0.323,5.06,7.48076,32546185216.0,38253182976.0,5.23,1.0040001,0.273,Consumer Defensive,Household & Personal Products,332579038.0,331308586.0,5.262,1.9627419,2.307,10.989,0.00709,0.99244004,14.47,2026-06-30,2026-08-04
KMI,23.372263,21.829388,2.286,3.77,0.09826,0.040960003,99.71,0.637,0.412,0.18043,0.30257,0.49306,0.131,0.493,1.37,1.46683,71238705152.0,104813297664.0,3.65,0.85040003,0.63,Energy,Oil & Gas Midstream,2224818888.0,1936894201.0,14.007,4.2060995,6.188,14.731,0.1278,0.69727,3.32,2025-12-31,2026-04-22
KMI,21.677853,21.458515,2.2941968,3.85,0.10597,0.04319,98.84,0.522,0.32,0.18917,0.29909,0.49446,0.138,0.36,1.49,1.50523,71861870592.0,105251872768.0,3.64,0.78519994,0.533,Energy,Oil & Gas Midstream,2224825757.0,1933507072.0,14.079,4.1007686,6.006,14.152,0.12685001,0.70922,4.23,2026-03-31,2026-07-22
KMI,20.541937,20.591755,2.2395723,3.25,0.109910004,0.04453,98.619,0.458,0.293,0.19305,0.30065,0.49407002,0.108,0.212,1.55,1.54625,70901383168.0,104483381248.0,3.71,0.7581,0.551,Energy,Oil & Gas Midstream,2226802089.0,1935692252.0,14.217,3.9479582,5.818,13.685,0.12699,0.70822,4.64,2026-06-30,
KO,24.914473,21.933596,10.128376,3.9,0.43323,0.09147,139.793,1.459,0.885,0.2734,0.24656999,0.61626,0.024,0.036,3.04,3.45315,325996544000.0,359950778368.0,2.72,0.6711,0.361,Consumer Defensive,Beverages - Non-Alcoholic,4304152877.0,3872328044.0,7.478,6.799953,7.508,22.388,0.09892,0.66697997,2.79,2025-12-31,2026-04-28
KO,25.647797,23.415249,10.435005,3.99,0.43372002,0.0951,124.943,1.358,0.782,0.278,0.35055,0.61744,0.121,0.182,3.18,3.4832,350910447616.0,383838453760.0,2.6,0.64779997,0.349,Consumer Defensive,Beverages - Non-Alcoholic,4302482418.0,3873912144.0,7.816,7.1201696,7.788,22.964,0.098950006,0.68278,2.44,2026-04-03,2026-07-28
KO,26.501503,25.025663,10.504702,4.01,0.42054,0.09401,115.519,1.305,0.798,0.28558,0.34873,0.61888003,0.067,0.169,3.33,3.52638,379699953664.0,409754959872.0,2.4,0.6246,0.342,Consumer Defensive,Beverages - Non-Alcoholic,4302549243.0,3874015338.0,8.401,7.574457,8.174,24.106,0.098950006,0.68241,2.71,2026-07-03,2026-07-28
KR,36.759743,10.093373,6.118677,0.55,0.14405,0.05763,415.97,0.801,0.305,0.0068800002,0.034360003,0.241,0.012,0.509,1.54,5.60863,34903502848.0,72505466880.0,2.18,0.8701,0.416,Consumer Defensive,Grocery Stores,616560677.0,793495428.0,9.252,0.23640631,0.491,8.961,0.0844,0.81097,5.4,2026-01-31,2026-06-18
KR,34.39766,10.621777,6.3575444,0.57,0.13779001,0.05771,373.449,0.791,0.277,0.00708,0.03224,0.23979001,0.022,0.132,1.71,5.53768,36035915776.0,68229169152.0,2.45,0.80120003,0.435,Consumer Defensive,Grocery Stores,612647282.0,793487454.0,9.252,0.24242938,0.459,8.444,0.08488,0.81689,2.9,2026-05-23,2026-06-18
KR,32.43243,10.884748,6.1168313,0.59,0.14442,0.05801,413.24,0.702,0.21,0.0072600003,0.029779999,0.23900999,0.02,0.136,1.85,5.5123,35760001024.0,58241998848.0,2.6,0.7568,0.406,Consumer Defensive,Grocery Stores,596000000.0,593276280.0,9.809,0.23947604,0.39,7.241,0.0687,0.84699994,4.8,2026-08-15,2026-09-11
KVUE,23.171053,14.60732,3.1345675,1.5,0.14388,0.06609,80.576,0.958,0.579,0.097200006,0.17830999,0.58370996,0.032,0.112,0.76,1.20556,33809727488.0,41365651456.0,4.71,1.0855,0.57,Consumer Defensive,Household & Personal Products,1919916307.0,1914067832.0,5.618,2.2355018,2.735,12.755,0.00067000004,0.95908,2.55,2025-12-28,2026-02-17
KVUE,22.595238,15.310402,3.435294,1.57,0.15701,0.07072,82.975,0.983,0.607,0.106070004,0.21617001,0.58599,0.045,0.469,0.84,1.23968,36441763840.0,44168765440.0,4.37,0.98510003,0.437,Consumer Defensive,Household & Personal Products,1920008668.0,1917455056.0,5.525,2.3830607,2.888,12.729,0.00051,0.9505,2.64,2026-03-29,2026-05-07
KVUE,20.95294,14.365104,3.2405386,1.41,0.15581,0.06992,81.617,1.005,0.611,0.107609995,0.19418,0.58437,0.03,0.085,0.85,1.23981,34208974848.0,41711976448.0,4.72,0.97650003,0.426,Consumer Defensive,Household & Personal Products,1920773467.0,1918142007.0,5.496,2.2202086,2.707,11.983,0.00071999995,0.95919,3.4,2026-06-28,2026-08-06
L,13.971142,38.39655,1.2275789,1.32,0.09431,0.019650001,50.221,0.513,0.319,0.09033,0.13076,0.36501998,0.041,1.26,7.97,2.9,22943987712.0,26590988288.0,0.22,0.031400003,0.591,Financial Services,Insurance - Property & Casualty,205767698.0,169027233.0,90.707,1.243307,1.441,8.167,0.1893,0.60585,5.64,2025-12-31,2026-05-04
L,14.561069,39.465515,1.2591035,1.32,0.09217,0.019,45.603,0.503,0.503,0.08825,0.11833,0.36041,0.014,-0.063,7.86,2.9,23550246912.0,26864246784.0,0.22,0.0318,0.518,Financial Services,Insurance - Property & Casualty,205768873.0,166788018.0,90.898,1.271955,1.451,8.443,0.18906,0.62052,4.76,2026-03-31,2026-08-03
L,13.223313,37.162067,1.1523985,1.32,0.09313,0.01909,44.609,0.507,0.507,0.09024,0.14533,0.36290002,0.039,0.156,8.15,2.9,22031173632.0,25487175680.0,0.23,0.0307,0.507,Financial Services,Insurance - Property & Casualty,204427720.0,164423259.0,93.518,1.1785157,1.363,7.874,0.20066,0.6186,7.81,2026-06-30,2026-08-03
LDOS,13.929084,11.755258,3.9891512,2.46,0.31034002,0.09905,107.658,1.703,1.35,0.084309995,0.11243,0.18045,-0.036,0.197,11.14,13.20005,19612352512.0,23892353024.0,1.07,0.1463,0.663,Technology,Information Technology Services,125928552.0,125347417.0,38.898,1.1419793,1.391,9.997,0.0057099997,0.8204,2.96,2026-01-02,2026-05-05
LDOS,9.750916,8.120106,2.671752,2.46,0.30579,0.09232,137.125,1.397,1.106,0.08154,0.12227,0.17906,0.037,-0.076,10.92,13.11313,13393636352.0,19931635712.0,1.62,0.1519,0.547,Technology,Information Technology Services,125785466.0,124800566.0,39.854,0.77290297,1.15,8.291,0.0057,0.81954,3.01,2026-04-03,2026-08-04
LDOS,11.9225025,10.014667,3.0325847,2.46,0.27781,0.089099996,123.276,1.629,1.154,0.07803,0.11715999,0.17795,0.072,-0.067,10.71,12.7503,16024099840.0,21906100224.0,1.35,0.1578,0.572,Technology,Information Technology Services,125492209.0,124554782.0,42.106,0.9087047,1.242,9.197,0.0055400003,0.84738,2.44,2026-07-03,2026-08-04
LEN,11.942447,10.935556,0.93433744,0.7,0.08076,0.04301,24.992,8.328,3.535,0.0539,0.03644,0.16871001,-0.133,-0.526,6.95,7.58992,20442759168.0,17126762496.0,2.41,0.2878,1.422,Consumer Cyclical,Residential Construction,215244398.0,209619554.0,88.833,0.61621225,0.516,6.899,0.06657,0.9385,0.15,2026-02-28,2026-03-12
LEN,13.307927,13.471183,0.9726912,11.3,0.07368,0.03943,28.692,8.508,1.203,0.04934,0.052750003,0.16363001,-0.052,-0.315,6.56,6.4805,21030146048.0,25566740480.0,2.35,0.31350002,1.398,Consumer Cyclical,Residential Construction,210506003.0,201120945.0,89.751,0.6423923,0.781,11.187,0.08234,0.98116994,0.2,2026-05-31,2026-06-11
LEN,14.475378,14.1423645,0.85157824,11.3,0.05962,0.03402,27.736,11.392,1.056,0.04092,0.05766,0.16014999,-0.087,-0.48,5.28,5.40433,18411616256.0,23176855552.0,2.62,0.3788,1.398,Consumer Cyclical,Residential Construction,210506003.0,198500107.0,89.751,0.5758475,0.725,11.597,0.08234999,0.98,0.19,2026-08-31,2026-09-16
LH,25.902391,14.035438,2.581248,1.12,0.10509,0.05116,75.561,1.424,0.989,0.06282,0.105500005,0.2876,0.056,0.157,10.45,19.28547,22304030720.0,28314632192.0,1.06,0.2753,0.985,Healthcare,Diagnostics & Research,82187046.0,81996240.0,104.864,1.5986605,2.029,12.919,0.00364,1.00655,5.83,2025-12-31,2026-04-30
LH,25.120567,14.597509,2.6717455,1.2,0.11047,0.05314,83.407,1.726,1.299,0.06656,0.10945,0.28834,0.058,0.329,11.28,19.41153,23235518464.0,29565720576.0,1.02,0.2551,0.861,Healthcare,Diagnostics & Research,82000000.0,81602300.0,106.058,1.6427596,2.09,13.123,0.0035499998,1.0110099,4.43,2026-03-31,2026-07-30
LH,26.52688,16.165861,3.0145316,1.25,0.11728,0.05527,79.124,1.796,1.246,0.069860004,0.1224,0.28882998,0.058,0.282,12.09,19.83872,26009579520.0,32707180544.0,0.9,0.2382,0.851,Healthcare,Diagnostics & Research,81100000.0,80717208.0,106.388,1.8127669,2.28,14.099,0.0034999999,1.0192701,3.45,2026-06-30,2026-07-30
LHX,28.247704,20.585402,2.6961207,1.67,,,34.574,,,0.103690006,0.097270004,0.30414,1.9,-0.061,9.81,13.46148,51601932288.0,68336226304.0,1.79,0.49490002,0.746,Industrials,Aerospace & Defense,186214616.0,219817844.0,102.781,4.01384,5.316,31.844,0.00451,0.89291,2.67,2020-01-03,2026-07-29
LHX,25.004044,18.264566,2.3153844,1.23,0.0934,0.04384,52.753,1.184,0.839,0.08172,0.12566,0.25484,0.084,0.283,9.89,13.53933,46049013760.0,57463013376.0,2.02,0.49490002,0.506,Industrials,Aerospace & Defense,186214616.0,185233265.0,106.803,2.0080678,2.506,13.873,0.00454,0.89255995,2.36,2026-07-03,2026-07-29
LII,21.364473,18.3185,14.572788,1.4,0.75833,0.16916999,152.24,1.597,0.515,0.1551,0.19749,0.33391997,-0.112,-0.179,22.8,26.59115,16960139264.0,18688845824.0,1.07,0.2216,1.21,Industrials,Building Products & Equipment,34817885.0,31448258.0,33.426,3.2645159,3.597,16.184,0.09549,0.75692004,4.46,2025-12-31,2026-04-29
LII,24.153196,20.329872,15.5979,1.57,0.76791,0.16740999,161.043,1.572,0.54,0.1509,0.14316,0.33193,0.058,-0.077,22.52,26.75521,18928746496.0,20833445888.0,1.0,0.231,1.163,Industrials,Building Products & Equipment,34799968.0,29648529.0,34.872,3.6001267,3.962,18.056,0.09556,0.79186,6.73,2026-03-31,2026-07-29
LII,15.951599,13.743739,9.57028,0.91,0.71757007,0.15994,156.082,1.569,0.674,0.14871,0.22856002,0.33330002,0.03,0.001,22.52,26.13772,12415232000.0,14387830784.0,1.51,0.2337,1.184,Industrials,Building Products & Equipment,34560675.0,31233864.0,37.536,2.3415248,2.714,12.289,0.095970005,0.79160005,3.61,2026-06-30,2026-07-29
LIN,33.668262,25.247187,5.9677987,2.31,0.17817,0.07172,70.63,0.877,0.692,0.20297001,0.28172,0.48835,0.058,-0.094,14.62,19.49643,228096507904.0,252605497344.0,1.3,0.4107,0.79,Basic Materials,Specialty Chemicals,463394156.0,461730571.0,82.481,6.7114844,7.433,18.932,0.0025600002,0.8758,2.61,2025-12-31,2026-05-01
LIN,34.0106,26.163254,6.156079,2.17,0.18229,0.07237,65.642,0.828,0.624,0.20436001,0.28471002,0.48766,0.082,0.134,15.09,19.61606,237285867520.0,261299339264.0,1.25,0.4045,0.723,Basic Materials,Specialty Chemicals,462347310.0,461031327.0,83.368,6.8470893,7.54,19.227,0.00247,0.90789,2.49,2026-03-31,2026-07-31
LIN,29.664948,23.543587,5.430654,1.78,0.18400998,0.07164,68.947,0.879,0.68,0.20435,0.28119,0.48348,0.093,0.113,15.52,19.55522,212235255808.0,236899270656.0,1.39,0.4,0.727,Basic Materials,Specialty Chemicals,460980163.0,459412830.0,84.778,5.987059,6.683,17.139,0.0024899999,0.88677,2.47,2026-06-30,2026-07-31
LITE,256.1805,56.450905,75.4044,0.63,0.29275,0.0029199999,392.476,0.606,0.408,0.11951,0.10729,0.37118,0.655,,3.49,15.83801,63836598272.0,66003996672.0,,0.0,1.391,Technology,Communication Equipment,71400000.0,70805238.0,11.857,30.323294,31.353,246.56,0.00612,1.13989,1.55,2025-12-27,2026-05-05
LITE,128.11539,40.041878,17.671087,0.63,0.22834998,0.028900001,111.445,1.137,0.938,0.17678,0.21771,0.40837002,0.901,,5.72,18.30134,57013395456.0,52684595200.0,,0.0,1.482,Technology,Communication Equipment,77800000.0,71165118.0,41.47,22.911669,21.172,103.547,0.00774,1.05404,1.58,2026-03-28,2026-08-11
LITE,,23.448614,17.760712,0.63,-2.40027,0.05815,35.987,1.678,1.318,-2.3009598,0.27954,0.44244,1.093,,-93.0,39.7,83502620672.0,82435424256.0,,0.0,1.541,Technology,Communication Equipment,89700000.0,89059542.0,52.414,27.704916,27.351,102.954,0.00601,0.94247,1.45,2026-06-27,2026-08-11
LLY,40.323185,22.005165,31.260496,1.0,1.01159,0.19415002,165.31,1.579,0.777,0.31667,0.44896,0.83044,0.426,0.514,22.99,42.12784,829709287424.0,864823607296.0,0.67,0.26139998,0.504,Healthcare,Drug Manufacturers - General,893357420.0,890990023.0,29.655,12.729702,13.268,27.288,0.0017,0.84638,2.73,2025-12-31,2026-04-30
LLY,41.842087,26.255041,33.768936,1.58,1.07459,0.20739001,139.015,1.497,0.721,0.34986,0.49386,0.82832,0.555,1.699,28.18,44.90985,1051461156864.0,1089549238272.0,0.59,0.22129999,0.506,Healthcare,Drug Manufacturers - General,891741406.0,889324787.0,34.917,14.553297,15.08,30.086,0.00155,0.85253,2.74,2026-03-31,2026-08-05
LLY,38.753952,24.352015,30.338669,1.14,1.02286,0.20357001,162.071,1.355,0.679,0.33528998,0.54222,0.83399004,0.477,0.262,29.75,47.34434,1028115464192.0,1073630281728.0,0.6,0.2169,0.502,Healthcare,Drug Manufacturers - General,891741406.0,888950401.0,38.002,12.905322,13.477,25.742,0.0015700001,0.85319,2.76,2026-06-30,2026-10-29
LMT,27.54372,18.49973,20.177519,1.26,0.76865,0.07569,338.804,1.087,0.901,0.06685,0.090100005,0.1024,0.091,1.61,21.5,32.01074,136477360128.0,154901217280.0,2.28,0.62119997,0.24,Industrials,Aerospace & Defense,230462118.0,196092787.0,29.349,1.8185343,2.064,18.697,0.00091,0.75132006,1.33,2025-12-31,2026-04-23
LMT,24.625847,15.858381,15.6251335,1.08,0.6764,0.07226,276.365,1.135,0.91,0.06382,0.110039994,0.09906,0.003,-0.115,20.66,32.08209,117303844864.0,136106844160.0,2.71,0.65379995,0.113,Industrials,Aerospace & Defense,230563608.0,197599929.0,32.561,1.5618439,1.812,17.024,0.001,0.75867,2.57,2026-03-29,2026-07-23
LMT,19.68192,16.284359,13.991396,1.01,0.89165,0.08638,234.238,1.193,0.974,0.08163,0.119569995,0.11798,0.105,4.438,27.1,32.75413,123099168768.0,139846172672.0,2.59,0.5033,0.104,Industrials,Aerospace & Defense,230790753.0,197395331.0,38.122,1.5983999,1.816,14.447,0.0011100001,0.76658,2.66,2026-06-28,2026-07-23
LNT,23.194267,19.78071,2.5534675,2.46,0.11299,0.02636,168.08,0.799,0.486,0.18569,0.16729,0.45667,0.09,-0.058,3.14,3.68187,18810275840.0,30498566144.0,2.86,0.6465,0.598,Utilities,Utilities - Regulated Electric,258276483.0,256348835.0,28.522,4.3123055,6.992,16.468,0.00156,0.91162,9.94,2025-12-31,2026-04-30
LNT,23.528301,20.303715,2.6036122,2.5,0.113120005,0.02617,159.526,0.688,0.344,0.18583,0.21030001,0.45224,0.05,0.049,3.18,3.68504,19324289024.0,31049287680.0,2.86,0.64699996,0.54,Utilities,Utilities - Regulated Electric,258277037.0,257486709.0,28.737,4.3739905,7.028,16.729,0.00154,0.93995005,10.67,2026-03-31,2026-07-30
LNT,20.761076,17.799925,2.2592812,2.02,0.11135,0.02448,160.951,0.466,0.173,0.18447,0.19053,0.44502,0.01,-0.04,3.16,3.68569,17010373632.0,29103372288.0,3.26,0.65980005,0.532,Utilities,Utilities - Regulated Electric,259284699.0,258439431.0,29.038,3.8406804,6.571,15.912,0.00154,0.99120003,10.22,2026-06-30,2026-07-30
LOW,18.41231,15.999993,-12.35334,2.32,,0.13119,,1.077,0.106,0.07712,0.08555,0.33476,0.109,-0.11,11.86,13.64813,122300932096.0,165996052480.0,2.2,0.40080002,0.904,Consumer Cyclical,Home Improvement Retail,560062893.0,558814488.0,-17.677,1.4173902,1.924,13.387,0.00107,0.81175005,4.75,2026-01-30,2026-05-20
LOW,17.644125,15.487109,-12.631929,1.36,,0.12792,,1.093,0.096,0.075100005,0.11067,0.33293,0.103,-0.007,11.83,13.47766,117097529344.0,158806376448.0,2.4,0.4057,0.85,Consumer Cyclical,Home Improvement Retail,561000000.0,559467878.0,-16.524,1.3241234,1.796,12.607,0.00105,0.81067,3.18,2026-05-01,2026-08-19
LOW,16.2576,14.774964,-14.5198765,2.28,,0.12519,,1.105,0.209,0.073460005,0.13365,0.32994,0.083,0.0,11.84,13.02812,107997290496.0,146856280064.0,2.6,0.41,0.846,Consumer Cyclical,Home Improvement Retail,561054019.0,559797258.0,-13.257,1.1942376,1.624,11.537,0.0010899999,0.81348,3.09,2026-07-31,2026-11-18
LRCX,54.94867,37.39305,33.00037,1.92,0.65565,0.21047,44.195,2.256,1.557,0.3022,0.33868998,0.49800998,0.221,0.37,4.87,7.15641,336113631232.0,332474417152.0,0.39,0.20120001,1.79,Technology,Semiconductor Equipment & Materials,1248771000.0,1243688502.0,8.109,16.347517,16.171,45.274,0.0028799998,0.88911,2.68,2025-12-28,2026-04-22
LRCX,59.224953,38.766644,37.015594,1.81,0.66762,0.22778,35.282,2.536,1.695,0.30938998,0.35042998,0.49979,0.238,0.408,5.29,8.08169,391803895808.0,390787432448.0,0.33,0.1909,1.805,Technology,Semiconductor Equipment & Materials,1250571000.0,1245593727.0,8.464,18.070599,18.024,49.796,0.0027599998,0.88758004,2.12,2026-03-29,2026-07-29
LRCX,50.019093,24.726564,28.90639,1.34,0.65066004,0.22840999,33.049,2.629,1.839,0.31272,0.37390998,0.50469,0.3,0.348,5.76,11.65184,360518057984.0,359060471808.0,0.46,0.18059999,1.859,Technology,Semiconductor Equipment & Materials,1251321000.0,1246478388.0,9.967,15.517706,15.455,41.552,0.00279,0.88834,3.34,2026-06-28,2026-07-29
LULU,8.990951,9.005796,2.7991173,0.57,0.34013,0.17206,36.245,2.258,1.058,0.14224,0.22311,0.56601,0.008,-0.185,13.26,13.23814,14252859392.0,13772907520.0,,0.0,0.899,Consumer Cyclical,Apparel Retail,109318984.0,106556507.0,42.592,1.2837406,1.241,5.088,0.04717,0.80908996,2.04,2026-02-01,2026-03-17
LULU,9.633064,10.614248,2.8323808,0.92,0.32027,0.16045,44.264,2.226,0.936,0.13029,0.11205,0.55695,0.043,-0.35,12.4,11.25374,13564015616.0,14185294848.0,,0.0,0.863,Consumer Cyclical,Apparel Retail,108437957.0,104557041.0,42.173,1.2106898,1.266,5.528,0.044239998,0.78543,3.8,2026-05-03,2026-06-04
LULU,8.070782,11.162577,2.2857807,1.07,0.30898002,0.14401,44.689,2.19,0.866,0.12782,0.13212,0.54895,-0.043,-0.059,12.15,8.78471,10856224768.0,11607615488.0,,0.0,0.864,Consumer Cyclical,Apparel Retail,105594064.0,101712621.0,42.9,0.97857124,1.046,4.869,0.04541,0.8076,4.09,2026-08-02,2026-09-03
LUV,54.050632,9.443519,2.758398,0.23,0.04812,0.009509999,74.94,0.517,0.401,0.01571,0.05093,0.2204,0.074,0.508,0.79,4.52162,20979277824.0,23729278976.0,1.69,0.9114,1.184,Industrials,Airlines,491075748.0,486203370.0,15.48,0.74757785,0.846,13.796,0.00997,0.93639,2.11,2025-12-31,2026-04-22
LUV,32.053333,9.855772,3.4181716,0.36,0.10062,0.01936,93.033,0.478,0.367,0.02829,0.04552,0.23006001,0.128,,1.5,4.87836,23500240896.0,26568239104.0,1.5,0.48,1.118,Industrials,Airlines,488773713.0,483695354.0,14.066,0.8136075,0.92,12.006,0.010039999,0.89597,4.52,2026-03-31,2026-07-22
LUV,25.6125,8.752838,2.8308926,0.19,0.11099,0.02318,97.275,0.489,0.378,0.02783,0.033800002,0.22399001,0.164,0.205,1.6,4.68191,20047751168.0,23145752576.0,1.76,0.45,1.12,Industrials,Airlines,489208201.0,484125328.0,14.476,0.6666362,0.77,9.9,0.01018,0.93819,6.29,2026-06-30,2026-10-21
LVS,24.52766,16.193422,24.465195,1.03,0.73263,0.08997,829.059,1.144,1.086,0.124989994,0.2387,0.79980004,0.26,0.293,2.35,3.55947,38728933376.0,51264020480.0,1.82,0.4255,0.887,Consumer Cyclical,Resorts & Casinos,663618211.0,311898974.0,2.356,2.975258,3.938,11.309,0.58443,0.42435002,3.04,2025-12-31,2026-04-22
LVS,16.738007,12.380623,25.102379,0.92,0.90455,0.099029996,981.405,0.921,0.865,0.13406,0.25439,0.80095,0.253,0.73,2.71,3.66379,30057228288.0,42916720640.0,2.43,0.3875,0.824,Consumer Cyclical,Resorts & Casinos,662637325.0,307077245.0,1.807,2.187571,3.123,8.885,0.51695997,0.42306,3.98,2026-03-31,2026-07-22
LVS,15.496124,11.387718,44.57079,0.85,1.22869,0.09549,1703.902,0.997,0.927,0.12588,0.19658001,0.79335,-0.007,-0.198,2.58,3.5108,25895092224.0,38117765120.0,3.0,0.4264,0.819,Consumer Cyclical,Resorts & Casinos,647701184.0,290692811.0,0.897,1.887535,2.778,8.217,0.61711,0.42655,3.7,2026-06-30,2026-07-22
LW,21.967134,15.530146,3.558987,1.06,0.17355,0.06337,220.065,1.461,0.573,0.04607,0.109280005,0.2066,0.029,-0.622,2.13,3.01285,6460426240.0,10423726080.0,3.25,0.69949996,0.455,Consumer Defensive,Packaged Foods,138072803.0,136751446.0,13.147,0.99116695,1.599,8.941,0.030669998,0.98837996,5.02,2026-02-22,2026-07-24
LW,22.4375,13.833312,3.5153658,0.76,0.16280001,0.060310002,221.223,1.423,0.599,0.043860003,0.097729996,0.20678,0.056,-0.062,2.08,3.37374,6416338432.0,10385138688.0,3.26,0.72120005,0.461,Consumer Defensive,Packaged Foods,137483158.0,136106201.0,13.276,0.9703641,1.571,9.404,0.028870001,0.97819,4.93,2026-05-31,2026-10-06
LYB,,12.250714,2.117117,1.53,-0.06949,0.01688,144.156,1.773,1.021,-0.02471,-0.0091699995,0.08964,-0.092,,-2.48,5.40948,21389918208.0,32746205184.0,7.24,11.468101,0.437,Basic Materials,Specialty Chemicals,322769286.0,256927336.0,31.302,0.70937943,1.086,15.028,0.20167999,0.74179,1.26,2025-12-31,2026-05-01
LYB,,8.846924,1.9022052,1.53,-0.060089998,0.017439999,141.24,1.538,0.823,-0.02686,0.03474,0.09227,-0.063,-0.295,-2.12,6.6882,19099174912.0,30921175040.0,6.96,11.468101,0.362,Basic Materials,Specialty Chemicals,322784773.0,257407945.0,31.106,0.643655,1.042,13.922,0.2015,0.78109,2.35,2026-03-31,2026-07-31
LYB,,9.618745,1.874565,1.53,-0.02269,0.04112,132.759,1.641,0.931,-0.01132,0.17924999,0.12888,0.198,3.96,-0.83,6.43847,20005740544.0,31809740800.0,4.46,11.468101,0.353,Basic Materials,Specialty Chemicals,323037952.0,257697065.0,33.037,0.64137405,1.02,8.915,0.20121999,0.76132005,3.39,2026-06-30,2026-07-31
LYV,,70.149025,135.19862,7.5,0.36701,0.038900003,572.032,0.995,0.825,0.01968,-0.00821,0.25546,0.111,,-0.23,2.23182,36760588288.0,41237598208.0,,0.0,1.147,Communication Services,Entertainment,234801922.0,156462831.0,1.158,1.4586722,1.636,21.007,0.32615003,0.83299005,6.56,2025-12-31,2026-02-19
LYV,,83.07404,-298.3775,17.27,0.14927,0.02179,738.269,0.885,0.716,0.00327,-0.09927,0.25868,0.122,,-1.77,2.16939,41939501056.0,45018001408.0,,0.0,1.107,Communication Services,Entertainment,232712799.0,156857735.0,-0.604,1.6374738,1.758,30.138,0.32463002,0.85569,8.58,2026-03-31,2026-07-30
LYV,,88.51226,468.12323,4.36,0.17677,0.02101,620.214,0.852,0.681,0.00513,0.06696,0.25777,0.094,1.562,-1.1,1.8881,38932189184.0,42879791104.0,,0.0,1.116,Communication Services,Entertainment,232959505.0,157240677.0,0.357,1.4818588,1.632,27.65,0.32414,0.85557,12.42,2026-06-30,2026-07-30
MA,31.536598,22.998272,60.238037,1.66,2.09915,0.23719999,256.042,1.035,0.681,0.45646998,0.57733,1.0,0.176,0.242,16.53,22.66692,465227776000.0,473845760000.0,0.67,0.184,0.831,Financial Services,Credit Services,885216386.0,883991117.0,8.654,14.187667,14.45,23.065,0.0054699997,0.90433,1.83,2025-12-31,2026-04-30
MA,31.440136,23.850138,71.7529,1.67,2.32076,0.25032,282.059,0.981,0.564,0.45876,0.60836,1.0,0.158,0.212,17.29,22.79232,480316162048.0,491060199424.0,0.64,0.1823,0.729,Financial Services,Credit Services,877036230.0,875799481.0,7.576,14.152337,14.469,22.971,0.00114,0.9139,1.77,2026-03-31,2026-07-30
MA,31.05714,24.54917,88.373985,1.48,2.41202,0.24063,439.583,1.061,0.666,0.46339,0.61108,1.0,0.141,0.221,18.2,23.02481,495155838976.0,508184854528.0,0.62,0.17930001,0.735,Financial Services,Credit Services,869464115.0,868353613.0,6.396,14.113839,14.485,22.89,0.00112,0.91177005,2.57,2026-06-30,2026-07-30
MAA,33.93634,32.88946,2.640606,7.03,0.07645,0.03255,93.305,0.071,0.036,0.2023,0.28384,0.5869,0.01,-0.658,3.77,3.89,15332695040.0,20482111488.0,4.78,1.6032001,0.789,Real Estate,REIT - Residential,116347636.0,115775263.0,48.451,6.940616,9.272,16.486,0.00664,0.98802,3.54,2025-12-31,2026-04-29
MAA,40.290913,40.5419,2.792163,7.03,0.06711,0.03188,99.825,0.076,0.044,0.176,0.26567,0.58497,0.008,-0.315,3.3,3.27957,15865670656.0,21233027072.0,4.6,1.8409,0.728,Real Estate,REIT - Residential,116384802.0,115120863.0,47.619,7.167504,9.592,17.128,0.00461,0.96983004,3.04,2026-03-31,2026-07-29
MAA,34.67347,36.2639,2.5391233,7.03,0.0705,0.03129,102.377,0.048,0.032,0.18173,0.25356,0.58392,0.01,0.137,3.43,3.27957,14148364288.0,19610531840.0,5.15,1.7807001,0.715,Real Estate,REIT - Residential,116021957.0,114758478.0,46.839,6.376639,8.838,15.84,0.00463,1.00084,4.69,2026-06-30,2026-07-29
MAR,39.69853,29.04611,-26.64481,2.29,,0.09631,,0.427,0.389,0.37252998,0.43972,0.79074997,0.063,0.016,9.52,13.01138,100145610752.0,116969611264.0,0.71,0.2776,1.097,Consumer Cyclical,Lodging,264931993.0,230653155.0,-14.184,14.343399,16.753,25.445,0.17803,0.65620005,4.01,2025-12-31,2026-05-06
MAR,38.30962,27.97938,-23.691053,2.18,,0.09765001,,0.46,0.416,0.35969,0.59006,0.79037005,0.126,0.017,9.56,13.08964,96573317120.0,113525317632.0,0.8,0.28059998,1.106,Consumer Cyclical,Lodging,263688623.0,228230414.0,-15.459,13.442834,15.803,23.976,0.17882,0.65495,3.35,2026-03-31,2026-08-03
MAR,35.08489,25.759928,-19.608887,1.7,,0.09761,,0.535,0.481,0.35029998,0.65276,0.79241997,0.111,0.043,9.66,13.15687,88378916864.0,105690906624.0,0.86,0.2836,1.104,Consumer Cyclical,Lodging,260766288.0,225304680.0,-17.284,11.967355,14.312,21.955,0.18083,0.63589,4.07,2026-06-30,2026-08-03
MAS,17.248705,14.466837,-73.48786,1.49,71.5,0.15489,4230.263,1.805,1.066,0.10711,0.1478,0.35678002,-0.019,-0.059,3.86,4.60225,13556160512.0,16385160192.0,1.92,0.32119998,1.291,Industrials,Building Products & Equipment,202913475.0,202756007.0,-0.906,1.7926687,2.167,11.588,0.0021799998,1.04782,3.5,2025-12-31,2026-04-22
MAS,19.467823,16.690859,-65.541664,1.99,84.57143,0.15679,12229.63,1.751,1.033,0.109,0.16528,0.35682,0.065,0.2,4.04,4.71216,15866413056.0,19049412608.0,1.63,0.3094,1.282,Industrials,Building Products & Equipment,201734437.0,200838736.0,-1.2,2.0662081,2.481,13.156,0.00225,1.0560299,4.48,2026-03-31,2026-07-29
MAS,15.682027,14.619016,-36.769314,1.56,58.625,0.15857,,1.865,1.148,0.11614,0.23645,0.37205002,-0.029,0.245,4.34,4.65558,13420575744.0,16612576256.0,1.88,0.2903,1.294,Industrials,Building Products & Equipment,197187430.0,196323749.0,-1.851,1.7612305,2.18,11.016,0.0023100001,1.06688,4.1,2026-06-30,2026-07-29
MCD,26.033443,21.71316,-123.6046,2.79,,0.13508001,,0.955,0.743,0.3185,0.45071,0.57407004,0.097,0.082,11.96,14.33969,221323280384.0,275245727744.0,2.39,0.6,0.532,Consumer Cyclical,Restaurants,710827631.0,709389876.0,-2.519,8.232222,10.238,18.86,0.00278,0.75566,2.86,2025-12-31,2026-05-07
MCD,22.070074,18.91728,-147.90608,2.57,,0.13561,,1.136,0.869,0.31618,0.44252998,0.57348996,0.094,0.069,12.13,14.15161,190209523712.0,243934527488.0,2.78,0.5985,0.418,Consumer Cyclical,Restaurants,710505859.0,709475626.0,-1.81,6.930319,8.888,16.406,0.0025499999,0.77132004,2.28,2026-03-31,2026-08-04
MCD,20.165718,17.759768,-171.67358,2.14,,0.1325,,1.081,0.823,0.3172,0.46485,0.57382,0.037,0.057,12.31,13.97766,175664939008.0,229446926336.0,3.11,0.5971,0.414,Consumer Cyclical,Restaurants,707641531.0,706580069.0,-1.446,6.3412366,8.283,15.368,0.0025600002,0.76341003,2.7,2026-06-30,2026-08-04
MCHP,,29.602236,6.496742,0.98,-0.010930001,0.011569999,82.382,2.162,0.927,-0.01574,0.13196,0.55407,0.156,,-0.3,2.66061,42619830272.0,47773728768.0,2.31,3.1772,1.474,Technology,Semiconductors,541135458.0,529565982.0,12.123,9.747468,10.926,48.754,0.02088,0.99924004,3.31,2025-12-31,2026-02-05
MCHP,368.0,19.492887,6.822855,0.29,0.03405,0.02226,87.715,2.092,0.999,0.048800003,0.17068,0.57735,0.351,,0.22,4.15331,43961958400.0,49288638464.0,2.25,8.2727,1.727,Technology,Semiconductors,543008370.0,531882770.0,11.866,9.32761,10.458,40.43,0.01781,1.00722,2.88,2026-03-31,2026-05-07
MCHP,107.74999,16.049856,6.167508,0.22,0.0719,0.03536,83.688,1.921,0.958,0.0934,0.23958,0.60194,0.38,,0.68,4.56515,39786246144.0,44912648192.0,2.48,2.6764998,1.736,Technology,Semiconductors,543008691.0,532751257.0,11.88,7.767262,8.768,29.82,0.01787,1.02586,3.4,2026-06-30,2026-08-06
MCK,24.996538,19.637754,-82.09798,1.05,,0.0433,,0.876,0.458,0.01091,0.01545,0.03453,0.114,0.38,34.66,44.11808,106934378496.0,113095680000.0,0.38,0.0883,0.423,Healthcare,Medical Distribution,122487456.0,122325773.0,-10.553,0.2687077,0.284,19.078,0.00096000003,0.91527003,3.18,2025-12-31,2026-05-07
MCK,21.92833,16.712915,-46.485634,1.64,,0.04992,,0.854,0.477,0.0117999995,0.022090001,0.03601,0.06,0.372,38.37,50.3437,98508046336.0,107287486464.0,0.39,0.082600005,0.315,Healthcare,Medical Distribution,117077745.0,120015331.0,-18.1,0.2441763,0.266,15.585,0.00051,0.95492995,3.68,2026-03-31,2026-08-05
MCK,23.474237,17.330372,-23.928925,1.65,,0.04743,,0.893,0.504,0.01117,0.01348,0.03633,0.077,-0.176,37.26,50.4692,101975760896.0,111546761216.0,0.43,0.088,0.307,Healthcare,Medical Distribution,116590363.0,116394491.0,-36.552,0.24812646,0.271,15.775,0.00062,0.93491995,2.78,2026-06-30,2026-08-05
MCO,33.334553,24.401955,19.941753,1.99,0.62078,0.13834,176.813,1.74,1.532,0.31861,0.42139,0.74435997,0.13,0.576,13.66,18.66039,81054064640.0,85871558656.0,0.9,0.2751,1.446,Financial Services,Financial Data & Stock Exchanges,178003875.0,163718820.0,22.834,10.501952,11.126,22.979,0.13986,0.792,2.25,2025-12-31,2026-04-22
MCO,36.62079,27.390078,29.805134,2.31,0.71361,0.14818,235.539,1.157,0.99,0.31691,0.45743,0.74432,0.081,0.078,13.95,18.65128,89235202048.0,95277203456.0,0.81,0.2762,1.335,Financial Services,Financial Data & Stock Exchanges,174676438.0,160019338.0,17.14,11.334332,12.102,24.981,0.14247,0.80896,2.71,2026-03-31,2026-07-22
MCO,29.770649,24.76148,26.827162,1.62,0.76932,0.15619999,240.682,1.19,1.043,0.34252,0.49473998,0.74974996,0.151,0.567,15.74,18.92415,81150877696.0,87415873536.0,0.88,0.25,1.334,Financial Services,Financial Data & Stock Exchanges,173180984.0,158522946.0,17.467,9.944961,10.713,21.568,0.14384,0.78913003,3.61,2026-06-30,2026-07-22
MDLZ,30.291006,17.030277,2.839641,0.94,0.09332,0.03243,84.848,0.592,0.319,0.0636,0.09527001,0.28375,0.093,-0.604,1.89,3.36166,73477890048.0,93281665024.0,3.49,1.0265,0.389,Consumer Defensive,Confectioners,1283456590.0,1278166772.0,20.161,1.9066843,2.421,18.694,0.00206,0.88401,3.83,2025-12-31,2026-04-28
MDLZ,30.19802,18.069897,3.0408773,1.0,0.101610005,0.03426,83.793,0.542,0.294,0.06638,0.093059994,0.28771,0.082,0.413,2.02,3.37578,78302633984.0,98454634496.0,3.28,0.97519994,0.408,Consumer Defensive,Confectioners,1283649766.0,1280068383.0,20.06,1.9922307,2.505,18.876,0.0023700001,0.90834,3.67,2026-03-31,2026-07-28
MDLZ,22.289377,18.100153,2.9250588,0.9,0.13340001,0.04123,82.643,0.599,0.311,0.08862001,0.21978001,0.31146,0.041,1.449,2.73,3.36185,77663346688.0,98059345920.0,3.42,0.73260003,0.402,Consumer Defensive,Confectioners,1276308057.0,1272670579.0,20.803,1.9574883,2.472,16.128,0.0023700001,0.89426005,4.47,2026-06-30,2026-07-28
MDT,21.949722,12.960858,2.058739,1.35,0.0939,0.04567,57.06,2.535,1.553,0.13,0.20007,0.65159,0.087,-0.118,3.58,6.06287,100887683072.0,120786681856.0,3.61,0.79050004,0.632,Healthcare,Medical Devices,1283884964.0,1281484099.0,38.169,2.843188,3.404,12.795,0.00298,0.89475995,1.7,2026-01-23,2026-06-03
MDT,25.235924,14.679188,2.4362025,1.8,0.098409995,0.04917,58.214,2.126,1.361,0.13203,0.22045,0.65309,0.099,0.183,3.73,6.41248,120484585472.0,141028655104.0,3.13,0.7614,0.566,Healthcare,Medical Devices,1279980861.0,1277497900.0,38.638,3.3132927,3.878,13.959,0.0039399997,0.88678,2.32,2026-04-24,2026-09-01
MDT,22.692118,14.381246,2.3477395,1.66,0.106479995,0.05118,55.365,2.067,1.286,0.13934,0.19332,0.65271,0.137,0.407,4.06,6.40626,117846974464.0,137798975488.0,3.13,0.70199996,0.574,Healthcare,Medical Devices,1279137890.0,1276681945.0,39.242,3.1390703,3.671,13.24,0.0039399997,0.88662004,1.74,2026-07-31,2026-09-01
MET,16.577496,7.1351485,1.8018185,0.41,0.12020001,0.00458,225.974,1.895,1.595,0.04384,0.0467,0.23363,0.276,-0.342,4.71,10.94301,51446259712.0,91156365312.0,2.91,0.4772,0.733,Financial Services,Insurance - Life,652053867.0,544549746.0,43.334,0.6674484,1.183,15.29,0.16440001,0.77249,3.48,2025-12-31,2026-05-06
MET,18.181818,8.533663,2.2224324,0.5,0.13014,0.00453,178.019,2.086,1.754,0.04665,0.09919,0.23754999,0.027,0.359,5.17,11.0152,60483059712.0,82816057344.0,2.52,0.4391,0.778,Financial Services,Insurance - Life,643436779.0,537494913.0,42.296,0.7795816,1.067,13.935,0.16416,0.78431,3.58,2026-03-31,2026-08-05
MET,18.590038,8.885975,2.2552757,0.51,0.13094,0.00451,179.933,2.027,1.705,0.04567,0.055180002,0.23951,0.105,0.058,5.22,10.92058,61666680832.0,85180678144.0,2.44,0.4397,0.759,Financial Services,Insurance - Life,635476927.0,531233292.0,43.028,0.77667797,1.073,14.103,0.16349001,0.78366995,3.58,2026-06-30,2026-08-05
META,29.324957,19.332428,8.018797,1.13,0.30238,0.16212,39.164,2.599,2.423,0.30084,0.41314998,0.81999,0.238,0.107,23.48,35.61632,1747831357440.0,1745214373888.0,0.3,0.08939999,1.309,Communication Services,Internet Content & Information,2196045588.0,2185080601.0,85.867,8.697149,8.684,17.128,0.00121,0.78485,1.65,2025-12-31,2026-04-29
META,23.474201,17.782232,6.7283597,0.94,0.32930002,0.16395001,35.608,2.348,2.11,0.32837,0.40617,0.81941,0.331,0.624,27.52,36.32896,1639846903808.0,1645435813888.0,0.33,0.0764,1.246,Communication Services,Internet Content & Information,2196045588.0,2192690050.0,96.013,7.628508,7.655,15.053,0.00103,0.79897004,1.82,2026-03-31,2026-07-29
META,25.06589,19.043377,6.493855,0.88,0.29848,0.14591,42.997,2.226,1.987,0.29834998,0.34827,0.81747,0.28,-0.134,26.56,34.95966,1696002211840.0,1718060318720.0,0.32,0.0791,1.243,Communication Services,Internet Content & Information,2205128509.0,2201758680.0,102.52,7.430557,7.527,15.668,0.00148,0.79014,1.77,2026-06-30,2026-07-29
MGM,50.776318,16.59942,4.1022644,1.05,0.1489,0.019989999,963.089,1.234,1.03,0.01174,0.07059,0.44419,0.06,1.157,0.76,2.32478,10554613760.0,39999524864.0,,0.0,1.351,Consumer Cyclical,Resorts & Casinos,255828519.0,185537075.0,9.407,0.6018249,2.281,16.988,0.27405,0.72655,4.94,2025-12-31,2026-04-29
MGM,63.19178,20.603315,4.850174,1.23,0.13488,0.01844,951.186,1.335,1.1,0.010299999,0.06856,0.4416,0.042,-0.059,0.73,2.23896,11802417152.0,41889624064.0,,0.0,1.291,Consumer Cyclical,Resorts & Casinos,255851235.0,185522848.0,9.511,0.6662266,2.365,18.422,0.2741,0.68543,3.63,2026-03-31,2026-07-29
MGM,22.915154,18.300623,3.7840276,0.47,0.18924999,0.01766,893.311,1.335,1.207,0.02398,0.067880005,0.44157,0.01,5.194,1.65,2.06605,9673735168.0,37773139968.0,,0.0,1.282,Consumer Cyclical,Resorts & Casinos,255851235.0,181282644.0,9.992,0.54464805,2.127,16.882,0.27876,0.68065,8.42,2026-06-30,2026-07-29
MKC,7.6459017,13.986349,1.7955035,1.79,0.25347,0.048779998,65.158,0.758,0.293,0.23117,0.14344,0.38181,0.167,5.283,6.1,3.33468,12538846208.0,18002630656.0,4.07,0.3,0.641,Consumer Defensive,Packaged Foods,253986983.0,265317537.0,25.976,1.7638732,2.532,13.263,0.00026,0.94697,0.0,2026-02-28,2026-06-25
MKC,8.106489,14.782271,1.8724059,1.89,0.24728,0.05136,65.143,0.781,0.291,0.21912001,0.17422001,0.38853002,0.167,-0.142,6.01,3.29584,13098447872.0,18278447104.0,3.94,0.3095,0.634,Consumer Defensive,Packaged Foods,254055150.0,265496285.0,26.02,1.7734636,2.475,12.593,0.000120000004,0.96633005,0.0,2026-05-31,2026-10-01
MLM,38.020782,26.676401,3.7394269,3.2,0.10159001,0.049889997,59.866,3.568,0.883,0.18488,0.23091999,0.30797002,0.086,-0.041,16.36,23.31724,37515300864.0,43457298432.0,0.53,0.1983,1.188,Basic Materials,Building Materials,60256208.0,59804219.0,166.341,6.100049,7.066,20.606,0.0076599997,1.0102401,3.14,2025-12-31,2026-04-30
MLM,35.205887,24.474792,2.9908137,2.74,0.0947,0.04775,50.35,2.279,1.018,0.39905998,0.12702,0.29748,0.172,12.208,15.98,22.98651,33781225472.0,39198224384.0,0.59,0.2056,1.101,Basic Materials,Building Materials,60045900.0,59632184.0,188.106,5.319878,6.173,18.577,0.0080699995,1.00994,3.62,2026-03-31,2026-07-30
MLM,31.94271,24.052727,2.5518281,1.92,0.08894,0.045679998,54.945,1.407,0.651,0.36737,0.20185,0.2823,0.21,-0.232,15.36,20.39852,34844950528.0,35705704448.0,0.68,0.2159,1.101,Basic Materials,Building Materials,71019382.0,50431879.0,192.27,5.21007,5.339,16.795,0.16148001,0.86120003,4.71,2026-06-30,2026-07-30
MMM,25.758333,16.447124,17.429796,1.5,0.75501,0.075840004,276.638,1.708,1.195,0.13027,0.12408,0.39915,0.02,-0.199,6.0,9.39678,81401487360.0,86645481472.0,2.02,0.48669997,1.158,Industrials,Conglomerates,522396178.0,525825678.0,8.867,3.2628462,3.473,14.403,0.00098,0.7721,1.78,2025-12-31,2026-04-21
MMM,30.797688,16.84514,25.549871,1.69,0.71458,0.08118,396.497,1.594,1.06,0.11137,0.23316999,0.39714,0.013,-0.397,5.19,9.48879,83367313408.0,90724311040.0,1.95,0.5723,1.081,Industrials,Conglomerates,521567261.0,520670165.0,6.256,3.3314943,3.625,14.539,0.00098,0.77444,2.43,2026-03-31,2026-07-21
MMM,29.517794,16.953934,28.981482,1.56,0.81891996,0.087419994,437.937,1.24,0.811,0.11902001,0.20354,0.39408,0.025,0.328,5.62,9.78475,85553192960.0,93463191552.0,1.88,0.5364,1.074,Industrials,Conglomerates,515722417.0,514856003.0,5.724,3.3976645,3.712,14.406,0.00096000003,0.76693,3.51,2026-06-30,2026-07-21
MNST,39.54639,30.242826,9.091125,2.21,0.26815,0.17958,0.8,3.703,3.028,0.22973,0.31315002,0.55848,0.176,0.666,1.94,2.5368,75052933120.0,72353734656.0,,0.0,0.509,Consumer Defensive,Beverages - Non-Alcoholic,977906022.0,698769003.0,8.439,9.048689,8.723,27.216,0.28488,0.69377,4.16,2025-12-31,2026-05-07
MNST,47.10145,37.60225,10.925594,2.83,0.26654,0.17725,1.082,3.257,2.682,0.23108,0.31019,0.55471003,0.269,0.289,2.07,2.59293,95355789312.0,92465266688.0,,0.0,0.527,Consumer Defensive,Beverages - Non-Alcoholic,978008110.0,700556989.0,8.924,10.844419,10.516,32.763,0.28293,0.71796,3.27,2026-03-31,2026-05-07
MNST,41.398144,34.15219,9.353556,2.3,0.25704,0.17483999,0.992,3.729,3.099,0.23079,0.2918,0.55546004,0.202,0.18,1.08,1.30914,87589199872.0,84262879232.0,,0.0,0.515,Consumer Defensive,Beverages - Non-Alcoholic,1959051764.0,1812808550.0,4.78,9.500988,9.14,28.726,0.283,0.69583,4.15,2026-06-30,2026-08-06
MO,15.575243,11.036241,-30.673996,1.64,,0.27324,,0.648,0.517,0.34495,1.16696,0.87343,-0.005,-0.629,4.12,5.81448,107285700608.0,128570703872.0,6.61,1.0097001,0.447,Consumer Defensive,Tobacco,1671313564.0,1668487415.0,-2.092,5.3272605,6.384,8.236,0.0013600001,0.63701,4.3,2025-12-31,2026-04-30
MO,15.492693,12.626718,-38.61082,1.7,,0.27609,,0.619,0.454,0.39518002,0.62294996,0.87378997,0.053,1.063,4.79,5.87722,123922620416.0,145043636224.0,5.71,0.8768,0.494,Consumer Defensive,Tobacco,1669891235.0,1666534754.0,-1.922,6.081197,7.118,9.187,0.00125,0.63635,5.95,2026-03-31,2026-07-30
MO,14.635789,11.855328,-43.504375,2.66,,0.29486,,0.518,0.344,0.38999,0.7612,0.87008005,0.012,-0.027,4.75,5.86403,116080590848.0,138340597760.0,6.39,0.8926,0.494,Consumer Defensive,Tobacco,1669743926.0,1666454530.0,-1.598,5.6779785,6.767,8.792,0.00117,0.65167,4.37,2026-06-30,2026-10-29
MOH,16.700672,18.168602,1.8671664,1.48,0.11022,0.03142,99.435,1.688,1.599,0.010829999,-0.01495,0.09354,0.071,,8.92,8.19931,7760007168.0,3461955072.0,,0.0,0.554,Healthcare,Healthcare Plans,52091073.0,50657460.0,79.784,0.17813298,0.079,3.838,0.014579999,1.04639,1.8,2025-12-31,2026-04-22
MOH,60.259357,24.246681,2.872346,2.15,0.04482,0.0201,96.74,1.628,1.548,0.0043599997,0.0171,0.088570006,-0.043,-0.95,3.74,9.29488,11741776896.0,6437776896.0,,0.0,0.743,Healthcare,Healthcare Plans,52100000.0,48487386.0,78.462,0.27245632,0.149,10.122,0.01422,1.1231301,3.02,2026-03-31,2026-07-22
MOH,1254.9375,20.60437,2.5032413,0.93,-0.0016,0.0116,94.773,1.679,1.61,-0.00016000001,0.01398,0.08427,-0.057,-0.753,0.16,9.74502,10481238016.0,5519238144.0,,0.0,0.755,Healthcare,Healthcare Plans,52200000.0,47886714.0,80.212,0.24679738,0.13,14.152,0.014199999,1.1180301,5.08,2026-06-30,2026-10-21
MOS,14.452941,10.1006365,0.64532226,1.45,0.048249997,0.02844,43.154,1.315,0.398,0.04486,0.02791,0.1578,0.056,,1.7,2.43252,7809492480.0,12953304064.0,3.58,0.5176,0.962,Basic Materials,Agricultural Inputs,317846644.0,315882806.0,38.074,0.6479616,1.075,5.736,0.00296,0.95837,1.63,2025-12-31,2026-02-24
MOS,158.07143,11.81054,0.5959016,2.02,0.0059399996,0.02,48.19,1.246,0.359,0.0036199999,0.00791,0.13307999,0.144,,0.14,1.87375,7033946112.0,12668446720.0,3.98,6.2857,0.825,Basic Materials,Agricultural Inputs,317846644.0,315901423.0,37.137,0.56590736,1.019,6.356,0.00341,0.94149,2.87,2026-03-31,2026-08-04
MOS,,15.64747,0.67883086,2.02,-0.05073,0.01239,52.249,1.337,0.354,-0.05213,-0.00117,0.11236,-0.06,,-2.02,1.56447,7782085120.0,13738185728.0,3.59,6.2857,0.831,Basic Materials,Agricultural Inputs,317895646.0,297804641.0,36.062,0.63538116,1.122,7.993,0.0033500001,0.98367995,3.56,2026-06-30,2026-08-04
MPC,16.151928,11.493078,3.640871,0.83,0.24193001,0.04775,142.647,1.259,0.711,0.03039,0.06287,0.10308,-0.012,3.507,13.23,18.59293,62983024640.0,100441022464.0,1.79,0.2821,0.577,Energy,Oil & Gas Refining & Marketing,294496878.0,293920786.0,58.692,0.47293785,0.754,10.605,0.00318,0.77225995,2.15,2025-12-31,2026-05-05
MPC,20.579329,12.36854,5.4672337,1.55,0.27458,0.051459998,146.523,1.176,0.687,0.03407,0.03556,0.10739,0.088,,15.19,25.2738,91259396096.0,130108391424.0,1.25,0.2515,0.52,Energy,Oil & Gas Refining & Marketing,291936635.0,291063744.0,57.177,0.67129153,0.957,12.684,0.00322,0.78445,2.84,2026-03-31,2026-08-04
MPC,14.727556,9.791252,6.3030705,2.06,0.42099,0.087390006,133.328,1.25,0.857,0.05549,0.13561,0.12819,0.537,3.48,28.85,43.39486,119319642112.0,152486641664.0,0.94,0.1356,0.527,Energy,Oil & Gas Refining & Marketing,280824763.0,279987905.0,67.41,0.774069,0.989,9.904,0.00331,0.79488,3.01,2026-06-30,2026-11-03
MPWR,113.649376,56.6469,20.252544,2.42,0.19173999,0.11813,0.683,5.912,4.094,0.22272,0.26617,0.55179,0.208,-0.862,12.92,25.9211,72122417152.0,70889971712.0,0.54,0.48520002,1.478,Technology,Semiconductors,49118000.0,47190610.0,72.502,25.846077,25.404,90.751,0.03861,1.01786,3.88,2025-12-31,2026-04-30
MPWR,94.32063,42.93365,17.527922,1.72,0.19574,0.121300004,0.543,4.787,3.428,0.22984,0.29986998,0.55175,0.261,0.395,13.91,30.55878,64458559488.0,63111417856.0,0.61,0.4782,1.71,Technology,Semiconductors,49130000.0,47345598.0,74.852,21.79797,21.342,73.625,0.036730003,1.01613,1.98,2026-03-31,2026-07-30
MPWR,74.075424,34.9233,15.36288,0.91,0.21979,0.13573,0.486,4.975,3.529,0.24500999,0.30989,0.55195,0.476,0.858,16.44,34.8707,59846348800.0,58451517440.0,0.66,0.4344,1.664,Technology,Semiconductors,49143000.0,47357635.0,79.269,18.28398,17.858,58.435,0.03588,1.00728,2.9,2026-06-30,2026-07-30
MRK,16.355768,12.222726,5.601186,3.64,0.36882,0.12042,95.959,1.536,0.963,0.28078,0.32773998,0.77212,0.05,-0.193,7.28,9.74169,294387712000.0,330412720128.0,2.86,0.45049998,0.275,Healthcare,Drug Manufacturers - General,2469879206.0,2468386728.0,21.258,4.5282755,5.082,11.352,0.00064000004,0.81378996,2.69,2025-12-31,2026-04-30
MRK,36.01695,13.203829,6.863695,11.81,0.18944,0.12578,106.936,1.299,0.696,0.13586001,0.38604,0.76725996,0.049,,3.54,9.65629,314902609920.0,358370607104.0,2.67,0.9352,0.205,Healthcare,Drug Manufacturers - General,2469824415.0,2465699808.0,18.576,4.7880826,5.449,12.141,0.00058,0.82182,2.48,2026-03-31,2026-08-04
MRK,117.495995,15.378187,8.646532,2.68,0.06961,0.11868,128.408,1.323,0.742,0.047659997,-0.00241,0.759,0.051,,1.25,9.55054,362353491968.0,409174507520.0,2.31,2.688,0.226,Healthcare,Drug Manufacturers - General,2467171638.0,2463026790.0,16.986,5.443277,6.147,14.173,0.00056,0.83053,2.74,2026-06-30,2026-10-29
MRNA,,-11.642498,2.4469345,,-0.28868,-0.14511,15.087,3.293,3.061,-1.4516499,-1.26401,-1.05761,-0.298,,-7.26,-4.61413,21304645632.0,16722146304.0,,0.0,1.336,Healthcare,Biotechnology,396586862.0,368427140.0,21.954,10.95918,8.602,-5.849,0.07316,0.77017,7.11,2025-12-31,2026-05-01
MRNA,,-15.033096,3.312969,,-0.36556998,-0.13093,17.522,2.409,2.235,-1.4355099,-1.3110499,-0.69888,2.602,,-8.14,-4.11226,24529328128.0,20622325760.0,,0.0,0.942,Healthcare,Biotechnology,396786259.0,370062704.0,18.66,11.024418,9.268,-8.97,0.0731,0.78856003,6.2,2026-03-31,2026-07-31
MRNA,,-34.4691,9.090587,,-0.38998002,-0.13256,19.036,2.295,2.068,-1.41427,-5.5793104,-0.66023004,0.021,,-7.98,-4.46893,61498294272.0,57647296512.0,,0.0,1.106,Healthcare,Biotechnology,399235889.0,372187658.0,16.945,27.602467,25.874,-26.263,0.07322,0.8044,1.36,2026-06-30,2026-07-31
MRSH,22.7725,16.13975,6.029455,1.76,0.27571,0.07271,151.634,1.112,0.508,0.14264,0.24339001,0.43853,0.076,-0.154,8.0,11.28766,87773315072.0,108850323456.0,2.17,0.4394,0.603,Financial Services,Insurance Brokers,481794501.0,480826094.0,30.215,3.189785,3.956,14.262,0.00107,0.95154,2.43,2026-03-31,2026-07-21
MRSH,21.368742,15.337802,5.508829,1.54,0.25902998,0.07244,145.027,1.139,0.528,0.14241,0.26323998,0.43994,0.062,0.073,8.19,11.41037,83516743680.0,104448745472.0,2.26,0.4396,0.577,Financial Services,Insurance Brokers,477211268.0,476271162.0,31.769,2.9883974,3.737,13.463,0.00079,0.94158,3.41,2026-06-30,2026-10-15
MRVL,74.14687,37.963993,11.405018,1.25,0.16028,0.03808,28.97,3.278,2.51,0.28986,0.14479999,0.51502997,0.276,-0.804,3.2,6.24987,212960378880.0,208997400576.0,0.11,0.0825,2.246,Technology,Semiconductors,875766423.0,871878168.0,20.804,24.430187,23.976,77.064,0.00495,0.82225996,1.36,2026-05-02,2026-08-27
MRVL,80.610565,36.127113,11.74053,1.3,0.16523,0.04125,28.525,3.168,2.461,0.27934998,0.16679001,0.52216,0.365,0.5,3.03,6.76085,219508604928.0,215536123904.0,0.1,0.0795,2.253,Technology,Semiconductors,876926613.0,873865926.0,20.804,23.227686,22.807,75.619,0.00494,0.81843,1.54,2026-08-01,2026-08-27
MS,20.214674,17.555769,3.3722687,2.68,0.16388,0.0127,502.246,1.961,1.53,0.24753,0.40616,0.87388,0.163,0.319,11.04,12.71206,352002670592.0,275366805504.0,1.81,0.35549998,1.221,Financial Services,Capital Markets,1577284817.0,1196338988.0,66.178,4.810488,3.763,,0.24311,0.62775004,0.0,2026-03-31,2026-07-15
MS,16.36349,14.849326,2.9878614,1.78,0.17969999,0.01345,517.282,1.999,1.603,0.25897,0.41567,0.87641,0.28,0.624,12.38,13.64237,318165319680.0,197446320128.0,2.27,0.3231,1.207,Financial Services,Capital Markets,1570566292.0,1190065196.0,67.801,4.0880575,2.537,,0.24410999,0.63207,0.0,2026-06-30,2026-10-14
MSCI,36.236458,25.74057,-15.755855,1.95,,0.19174999,,0.899,0.819,0.38358003,0.55942,0.82441,0.106,-0.023,15.69,22.0877,41773666304.0,47600406528.0,1.44,0.4589,1.294,Financial Services,Financial Data & Stock Exchanges,73120206.0,69381538.0,-36.085,13.327234,15.186,26.095,0.03582,0.94929004,2.17,2025-12-31,2026-04-21
MSCI,35.841503,27.429176,-16.520641,2.05,,0.20547001,,0.864,0.784,0.40737998,0.53701997,0.82856005,0.141,0.491,17.54,22.91939,45720924160.0,51957547008.0,1.3,0.4255,1.241,Financial Services,Financial Data & Stock Exchanges,72727592.0,68937232.0,-38.053,14.113752,16.039,27.36,0.03587,0.93671995,1.82,2026-03-31,2026-07-21
MSCI,30.211477,24.574894,-14.944856,1.88,,0.21134001,,0.894,0.77,0.40735,0.56298,0.82975,0.122,0.196,18.3,22.49735,40193650688.0,46385147904.0,1.48,0.42099997,1.219,Financial Services,Financial Data & Stock Exchanges,72700000.0,69021380.0,-36.994,12.056556,13.914,23.638,0.03596,0.95662004,1.97,2026-06-30,2026-10-20
MSFT,26.457449,22.363321,8.035542,1.33,0.34390998,0.1486,31.539,1.386,1.239,0.39044,0.47094002,0.68586,0.167,0.598,15.98,18.90551,3142335070208.0,3173297684480.0,0.86,0.21280001,1.107,Technology,Software - Infrastructure,7425629076.0,7414787658.0,52.615,10.287458,10.389,18.106,0.00079,0.76034,2.51,2025-12-31,2026-04-29
MSFT,23.469606,20.324642,7.0606165,1.21,0.34013999,0.14814,30.271,1.283,1.142,0.39341998,0.46326,0.68309,0.183,0.234,16.78,19.37648,2925466222592.0,2972670230528.0,0.92,0.20729999,1.13,Technology,Software - Infrastructure,7428434704.0,7417366336.0,55.777,9.191689,9.34,16.116,0.00078,0.76155996,1.84,2026-03-31,2026-07-29
MSFT,27.47802,20.929373,8.289767,1.6,0.34039003,0.14088,29.118,1.23,1.099,0.40305,0.45111,0.67944,0.177,0.317,17.97,23.59268,3666585845760.0,3718555893760.0,0.79,0.1983,1.108,Technology,Software - Infrastructure,7425545491.0,7414407173.0,59.565,11.049291,11.206,19.144,0.00091,0.75795996,2.49,2026-06-30,2026-07-29
MSI,34.71799,24.209425,30.387789,2.41,1.04197,0.11395001,402.39,1.037,0.816,0.18439,0.27811,0.51798,0.123,0.086,12.73,18.2557,73455345664.0,81832615936.0,1.1,0.3514,0.992,Technology,Communication Equipment,166203611.0,164913447.0,14.544,6.2879086,7.005,23.228,0.00396,0.87844,2.25,2025-12-31,2026-02-11
MSI,33.33145,22.296164,27.001371,2.23,0.99289,0.11216,374.132,1.071,0.779,0.1761,0.19823,0.51508,0.074,-0.138,12.4,18.53727,68607635456.0,77329637376.0,1.17,0.371,0.885,Technology,Communication Equipment,165995582.0,165232002.0,15.307,5.780893,6.516,22.132,0.00389,0.90229,3.14,2026-04-04,2026-05-07
MSI,36.087334,23.703876,28.409414,2.02,0.91567004,0.1125,357.85,1.099,0.778,0.17438999,0.27354,0.52112,0.133,0.095,12.71,19.35,75907039232.0,84832034816.0,1.06,0.3719,0.881,Technology,Communication Equipment,165493788.0,164724242.0,16.145,6.203076,6.932,22.574,0.0039500003,0.91713995,3.3,2026-07-04,2026-08-05
MTB,11.597979,9.908209,1.1882806,1.3,0.102910005,0.013789999,,,,0.31482,0.38896,0.0,0.057,0.244,17.81,20.84736,30249691136.0,35477692416.0,2.9,0.32849997,0.591,Financial Services,Banks - Regional,146445060.0,145746517.0,173.831,3.2491612,3.811,,0.00336,0.93108004,5.72,2026-03-31,2026-07-15
MTB,12.033351,10.780415,1.291314,1.39,0.10742,0.01408,,,,0.32092,0.45108002,0.0,0.062,0.255,18.89,21.08546,32827258880.0,36266262528.0,2.64,0.3176,0.563,Financial Services,Banks - Regional,144416262.0,143741838.0,176.03,3.4734166,3.837,,0.0032300001,0.92437,6.02,2026-06-30,2026-10-16
MTCH,14.920167,8.810604,-32.57798,0.32,,0.13261,,1.418,1.326,0.17591,0.30021998,0.7288,0.021,0.406,2.38,4.03037,8382852096.0,11321005056.0,2.17,0.3193,1.303,Communication Services,Internet Content & Information,232644477.0,230920581.0,-1.09,2.4038942,3.246,10.754,0.00685,1.10245,1.37,2025-12-31,2026-05-05
MTCH,14.942749,9.332539,-41.961414,0.36,,0.15228,,1.569,1.452,0.18827,0.27365,0.73877996,0.039,0.52,2.62,4.195,9132385280.0,12204527616.0,2.04,0.29389998,1.302,Communication Services,Internet Content & Information,233266526.0,231614999.0,-0.933,2.5944624,3.467,11.025,0.0074400003,1.0922899,3.35,2026-03-31,2026-08-04
MTCH,15.31915,9.437384,-41.901066,0.36,,0.17361,,1.724,1.563,0.20169,0.28771,0.74872,-0.012,0.504,2.82,4.57754,10077114368.0,13001034752.0,1.85,0.2766,1.323,Communication Services,Internet Content & Information,233266526.0,227911991.0,-1.031,2.871529,3.705,10.935,0.0076200003,1.09447,2.99,2026-06-30,2026-08-04
MTD,31.850319,26.18556,-1154.677,2.85,,0.20354,,1.137,0.705,0.21587,0.30706,0.59374,0.081,0.17,42.09,51.19539,27247622144.0,29446057984.0,,0.0,1.435,Healthcare,Diagnostics & Research,20248505.0,20218949.0,-1.161,6.7672434,7.313,24.297,0.00428,1.03047,3.29,2025-12-31,2026-05-07
MTD,30.766087,25.546825,-631.9441,2.75,,0.20573999,,1.202,0.694,0.21395999,0.23291999,0.59186,0.072,0.067,42.58,51.27917,26472359936.0,28640425984.0,,0.0,1.245,Healthcare,Diagnostics & Research,20207601.0,20097874.0,-2.073,6.4728045,7.003,23.522,0.00433,1.03456,3.15,2026-03-31,2026-07-30
MTD,31.34444,26.933218,2175.5,2.59,,0.21098,16668.447,1.122,0.66,0.21907,0.312,0.60256,0.045,0.183,44.42,51.69527,27897303040.0,29983313920.0,,0.0,1.22,Healthcare,Diagnostics & Research,20036559.0,19926959.0,0.64,6.748463,7.253,23.503,0.00438,1.05411,3.6,2026-06-30,2026-07-30
MU,33.00614,6.8011255,10.877532,0.23,0.39823002,0.20145,14.902,2.897,2.232,0.41486,0.67624,0.58437,1.963,7.56,21.17,102.73888,787992870912.0,784201875456.0,0.09,0.0217,1.919,Technology,Semiconductors,1127734051.0,1123527603.0,64.237,13.558266,13.493,21.308,0.00253,0.8126,0.84,2026-02-26,2026-03-18
MU,22.9352,6.489501,11.385978,0.15,0.66638,0.3487,6.33,3.425,2.927,0.55906,0.80370003,0.72569,3.457,13.685,44.29,156.52975,1147237564416.0,1127591575552.0,0.05,0.0112,2.222,Technology,Semiconductors,1129393151.0,1125541920.0,89.215,12.708394,12.491,16.528,0.00238,0.79899,0.95,2026-05-28,2026-09-30
NCLH,22.815216,8.338497,4.3242683,0.5,0.23285,0.045890003,703.028,0.209,0.092,0.043070003,0.08315,0.42619,0.064,,0.92,2.51724,9561903104.0,24888150016.0,,0.0,2.113,Consumer Cyclical,Travel Services,455545641.0,453085695.0,4.854,0.972965,2.532,9.775,0.00434,0.89029,2.24,2025-12-31,2026-03-02
NCLH,15.693547,9.641539,3.6744711,0.96,0.29533002,0.044439998,661.444,0.21,0.074,0.05664,0.10515001,0.43047002,0.096,,1.24,2.01835,8934283264.0,24831889408.0,,0.0,1.876,Consumer Cyclical,Travel Services,459110140.0,455226068.0,5.296,0.8906442,2.475,9.478,0.00546,0.98402,4.18,2026-03-31,2026-07-30
NCLH,8.557576,8.344118,2.5200784,1.18,0.3673,0.042529996,621.051,0.2,0.078,0.07492,0.14042,0.42457,0.049,6.163,1.65,1.69221,6483732480.0,22244452352.0,,0.0,1.881,Consumer Cyclical,Travel Services,459187846.0,455349036.0,5.603,0.6385205,2.191,8.575,0.00546,1.04469,6.17,2026-06-30,2026-07-30
NDAQ,28.676376,20.165998,4.1300397,2.16,0.15253,0.05055,77.878,1.005,0.196,0.34063998,0.47557,1.0,0.134,0.476,3.09,4.39403,50595909632.0,59286810624.0,1.22,0.3398,1.024,Financial Services,Financial Data & Stock Exchanges,568443856.0,505909347.0,21.455,9.639153,11.295,19.02,0.1086,0.86846,2.38,2025-12-31,2026-04-23
NDAQ,27.60241,20.202377,4.3009343,2.17,0.162,0.055549998,79.058,0.996,0.345,0.35283002,0.48401,1.0,0.137,0.338,3.32,4.5361,51826159616.0,60817158144.0,1.22,0.32529998,0.997,Financial Services,Financial Data & Stock Exchanges,565540798.0,502997641.0,21.307,9.5637865,11.223,18.911,0.10882,0.86273,1.95,2026-03-31,2026-07-23
NDAQ,27.271137,19.989656,4.385167,1.73,0.16521999,0.058530003,77.687,1.006,0.386,0.35037,0.49333,1.0,0.149,0.141,3.43,4.67942,52286742528.0,61053743104.0,1.24,0.32650003,0.974,Financial Services,Financial Data & Stock Exchanges,558977372.0,496522830.0,21.331,9.313634,10.875,18.209,0.10998999,0.87126,2.25,2026-06-30,2026-07-23
NDSN,29.398272,22.021801,4.8690605,1.86,0.17473,0.080170006,66.986,2.721,1.507,0.18386,0.24996,0.55280995,0.088,0.442,9.24,12.33505,15153057792.0,17115941888.0,1.21,0.3463,0.993,Industrials,Specialty Industrial Machinery,55783598.0,49711553.0,55.789,5.324844,6.015,18.831,0.05584,0.76842004,3.55,2026-01-31,2026-05-20
NDSN,33.075775,24.689903,5.392539,1.88,0.1714,0.079239994,61.637,2.597,1.443,0.18188,0.23516001,0.55218,0.085,0.061,9.37,12.5525,17268107264.0,19138715648.0,1.08,0.3462,0.964,Industrials,Specialty Industrial Machinery,55717948.0,49653049.0,57.472,5.9470615,6.591,21.004,0.055910002,0.78113997,4.76,2026-04-30,2026-08-19
NDSN,31.535425,23.998566,5.3086505,1.78,0.17763,0.084709994,55.619,1.823,1.047,0.18631001,0.27403998,0.55391,0.103,0.23,9.88,12.98286,17354252288.0,19058538496.0,1.21,0.33200002,0.972,Industrials,Specialty Industrial Machinery,55699366.0,49635376.0,58.691,5.8239756,6.396,19.896,0.0559,0.78323996,3.9,2026-07-31,2026-08-19
NEE,27.872728,20.966158,3.5085447,2.03,0.083739996,0.025710002,146.242,0.595,0.39,0.24934,0.24445999,0.62268,0.207,0.26,3.3,4.38707,191806160896.0,297921347584.0,2.71,0.6867,0.733,Utilities,Utilities - Regulated Electric,2085302855.0,2079167403.0,26.216,6.9971604,10.868,21.072,0.00123,0.84670997,0.03,2025-12-31,2026-04-23
NEE,22.53807,20.169075,3.3533478,1.95,0.10325,0.02412,156.686,0.542,0.338,0.29369,0.30175,0.61401004,0.073,1.6,3.94,4.40278,185201770496.0,298993319936.0,2.81,0.5895,0.667,Utilities,Utilities - Regulated Electric,2085605358.0,2080920532.0,26.481,6.646156,10.73,21.117,0.00115,0.86981004,0.01,2026-03-31,2026-07-24
NEE,18.083147,18.30457,2.938148,1.62,0.11677,0.024430001,161.676,0.534,0.348,0.32401,0.31524,0.61024,0.124,0.531,4.45,4.39617,167858667520.0,286208589824.0,3.1,0.53470004,0.644,Utilities,Utilities - Regulated Electric,2085978209.0,2081172706.0,27.388,5.848734,9.972,19.613,0.00118,0.87016,0.0,2026-06-30,2026-07-24
NEM,18.260187,10.892462,3.7444155,2.78,0.22343999,0.121300004,16.738,2.287,1.748,0.31254,0.58111,0.63236,0.206,-0.046,6.38,10.69547,126737342464.0,124369346560.0,0.89,0.1565,0.475,Basic Materials,Gold,1079933130.0,1086046583.0,31.113,5.590778,5.486,8.982,0.00252,0.81787,1.5,2025-12-31,2026-04-23
NEM,11.634241,8.359591,2.7557604,2.78,0.25832,0.14887,15.762,2.443,1.89,0.3387,0.61379004,0.67356,0.458,0.786,7.71,10.73019,95759482880.0,92684484608.0,1.16,0.131,0.482,Basic Materials,Gold,1067552764.0,1065161446.0,32.55,3.8355956,3.712,5.673,0.0029300002,0.81068003,2.11,2026-03-31,2026-07-23
NEM,15.542822,12.1026745,3.7082334,2.78,0.25905,0.15755,15.807,2.546,1.949,0.33363998,0.51569,0.68041,0.151,0.114,7.94,10.19692,130036170752.0,126796161024.0,0.84,0.1286,0.543,Basic Materials,Gold,1053692271.0,1051332000.0,33.28,5.0466166,4.921,7.433,0.0030500002,0.81634,2.1,2026-06-30,2026-07-23
NFLX,28.81613,23.245647,12.089593,1.3,0.48494998,0.15402001,53.788,1.407,1.178,0.28521,0.32303002,0.49029,0.162,0.864,3.1,3.84287,376150654976.0,380782673920.0,,0.0,1.548,Communication Services,Entertainment,4210798528.0,4183388967.0,7.389,8.021981,8.121,26.65,0.00567,0.85013,2.27,2026-03-31,2026-04-16
NFLX,22.575472,18.799002,9.914376,1.23,0.49541,0.16084999,55.236,1.142,0.917,0.28219,0.33381,0.49118,0.134,0.111,3.18,3.81882,298929225728.0,306455969792.0,,0.0,1.526,Communication Services,Entertainment,4163939676.0,4134708819.0,7.241,6.1799564,6.336,20.809,0.0057200002,0.84012,3.1,2026-06-30,2026-10-20
NI,24.774359,21.714312,2.4458282,2.36,0.0907,0.03368,139.284,0.688,0.397,0.13994001,0.26975,0.50614,0.198,0.111,1.95,2.2248,23117938688.0,41458036736.0,2.48,0.5744,0.61,Utilities,Utilities - Regulated Gas,478533171.0,476604682.0,19.752,3.480464,6.242,14.358,0.00386,1.00154,3.53,2025-12-31,2026-02-11
NI,22.875622,20.41786,2.2821124,2.62,0.091120005,0.033859998,140.908,0.646,0.372,0.14097999,0.34759,0.50698,0.082,0.06,2.01,2.25195,22044614656.0,41048817664.0,2.61,0.5672,0.542,Utilities,Utilities - Regulated Gas,479439245.0,477555049.0,20.148,3.2313533,6.017,13.762,0.0035499998,0.98800004,2.93,2026-03-31,2026-05-06
NI,21.585108,18.010342,2.0322516,2.09,0.085489996,0.032420002,146.649,0.498,0.218,0.13153,0.17156,0.50971,0.046,-0.584,1.88,2.25315,19460548608.0,39153348608.0,2.96,0.617,0.54,Utilities,Utilities - Regulated Gas,479560100.0,477732976.0,19.968,2.8279514,5.69,12.939,0.00347,0.98119,2.38,2026-06-30,2026-08-05
NKE,29.736843,24.892061,4.747899,1.58,0.16016,0.05195,79.333,2.139,1.239,0.04836,0.06942,0.40919998,0.001,-0.348,1.52,1.81584,66936094720.0,69820153856.0,3.64,1.0658001,1.116,Consumer Cyclical,Footwear & Accessories,1199499281.0,1174269373.0,9.52,1.4387743,1.501,18.069,0.0146,0.82535005,2.4,2026-02-28,2026-06-30
NKE,16.909523,15.515018,3.5424979,1.38,0.22138001,0.06971,74.289,1.961,1.192,0.066989996,0.12687,0.43245,-0.011,4.28,2.1,2.28875,52679036928.0,54695038976.0,4.62,0.77620006,1.11,Consumer Cyclical,Footwear & Accessories,1202110951.0,1176666666.0,10.024,1.135373,1.179,11.097,0.019550001,0.82558995,2.79,2026-05-31,2026-10-01
NOC,22.884762,22.038992,5.6654034,5.05,0.26167,0.066360004,107.257,1.101,0.954,0.09968001,0.16530001,0.19815001,0.096,0.152,29.07,30.18559,94488977408.0,107895775232.0,1.39,0.3091,0.046,Industrials,Aerospace & Defense,142033159.0,141544109.0,117.425,2.2522042,2.572,15.82,0.00215,0.83377,2.26,2025-12-31,2026-04-21
NOC,16.339912,17.28862,4.328382,3.88,0.28511998,0.07362,102.682,1.152,0.979,0.108009994,0.11689,0.20517999,0.044,0.849,31.92,30.1684,74080395264.0,89564397568.0,1.8,0.2897,-0.102,Industrials,Aerospace & Defense,142033476.0,141597433.0,120.5,1.74854,2.114,12.257,0.00244,0.84387,2.13,2026-03-31,2026-07-21
NOC,16.747856,17.319885,4.1893587,3.49,0.26958,0.07148,95.348,1.168,1.014,0.104820006,0.11604,0.2006,0.051,-0.058,31.49,30.44997,74922622976.0,89667616768.0,1.87,0.2988,-0.11,Industrials,Aerospace & Defense,142063026.0,141607004.0,125.888,1.7467737,2.091,12.359,0.00266,0.84486,3.63,2026-06-30,2026-10-20
NOW,57.88024,19.274025,7.808386,0.93,0.15488,0.053850003,18.536,1.003,0.86,0.13165,0.16508,0.77533996,0.207,0.034,1.67,5.01504,101106360320.0,97225359360.0,,0.0,1.005,Technology,Software - Application,1036156701.0,1043008440.0,12.379,7.6145773,7.322,35.51,0.002,0.90736,1.79,2025-12-31,2026-04-22
NOW,61.45238,20.557055,9.078439,0.9,0.1607,0.056560002,20.728,0.845,0.691,0.12586,0.13342,0.76562,0.221,0.023,1.68,5.02212,106472235008.0,103721238528.0,,0.0,0.959,Technology,Software - Application,1031308000.0,1028750356.0,11.372,7.626951,7.43,35.915,0.00166,0.88626,2.13,2026-03-31,2026-07-22
NOW,84.66875,27.064177,11.190319,0.98,0.14244,0.04249,67.538,0.701,0.565,0.11336,0.04063,0.74768996,0.24,-0.219,1.6,5.00551,140057280512.0,143846277120.0,,0.0,0.972,Technology,Software - Application,1033862000.0,1031298022.0,12.106,9.50701,9.764,49.654,0.0017499999,0.84832,1.62,2026-06-30,2026-07-22
NRG,41.827927,14.838701,30.96935,1.49,0.41548002,0.04571,989.054,1.637,1.093,0.02813,0.04256,0.19379,0.137,-0.913,4.01,11.30355,35621859328.0,48575864832.0,1.13,0.4389,1.338,Utilities,Utilities - Independent Power Producers,212376200.0,213801659.0,5.416,1.15983,1.582,16.378,0.044320002,0.86523,1.27,2025-12-31,2026-05-06
NRG,143.45557,11.24027,6.503299,0.6,0.062480003,0.022449998,479.237,0.838,0.334,0.00738,0.03637,0.16445999,0.195,-0.856,0.9,11.48638,27240462336.0,51070464000.0,1.47,1.9725,1.201,Utilities,Utilities - Independent Power Producers,210986470.0,210110876.0,19.853,0.84117043,1.577,22.618,0.044109996,0.95342004,2.94,2026-03-31,2026-08-04
NRG,26.994793,9.264307,5.1845555,0.4,0.23772,0.04061,483.357,0.968,0.371,0.02563,0.12765999,0.18795,0.11,,3.84,11.18918,21790418944.0,45745418240.0,1.83,0.4766,1.173,Utilities,Utilities - Independent Power Producers,210210483.0,209258230.0,19.994,0.657824,1.381,14.063,0.04457,0.95715,1.85,2026-06-30,2026-08-04
NSC,23.697493,22.585392,4.3648596,4.17,0.19248,0.0591,114.742,0.847,0.667,0.23587999,0.3117,0.45951998,-0.017,-0.114,12.76,13.3883,67906093056.0,84215087104.0,1.79,0.42349997,1.31,Industrials,Railroads,224504829.0,224203727.0,69.276,5.575213,6.914,15.046,0.00082,0.78436995,6.54,2025-12-31,2026-04-24
NSC,28.65712,24.564669,4.8340845,4.96,0.17615,0.05888,111.586,0.907,0.739,0.21912001,0.32255,0.45851,0.002,-0.266,11.87,13.84753,76397895680.0,92691898368.0,1.59,0.45490003,1.263,Industrials,Railroads,224594001.0,224254864.0,70.367,6.2698317,7.607,16.591,0.00045000002,0.77994,7.59,2026-03-31,2026-07-23
NSC,26.80546,21.936832,4.3415055,3.71,0.16985,0.05953,105.519,0.831,0.666,0.21021,0.35296002,0.45159,0.114,-0.044,11.72,14.32112,70562963456.0,86643965952.0,1.72,0.46080002,1.268,Industrials,Railroads,224608373.0,224246754.0,72.362,5.6270304,6.909,15.3,0.00045000002,0.77630997,4.95,2026-06-30,2026-07-23
NTAP,20.233221,14.133185,20.620724,1.37,1.12587,0.10272,236.097,1.39,1.205,0.18065001,0.25160998,0.70458,0.044,0.16,5.96,8.5324,23884097536.0,23515072512.0,1.72,0.349,1.267,Technology,Software - Infrastructure,197330400.0,196069459.0,5.848,3.5600085,3.505,13.43,0.0051200003,1.05251,10.43,2026-01-23,2026-05-28
NTAP,32.25207,19.420364,28.214128,2.33,1.06734,0.09824,202.295,1.436,1.211,0.18426001,0.27259,0.70744,0.125,0.234,6.03,10.01423,38163640320.0,37251506176.0,1.02,0.32759997,1.433,Technology,Software - Infrastructure,196234265.0,194834531.0,6.893,5.510995,5.379,19.773,0.0039399997,1.0174099,4.94,2026-04-24,2026-09-02
NTAP,27.93644,17.785366,25.92947,2.19,1.14818,0.116560005,169.498,1.242,0.994,0.19184999,0.26667,0.70625997,0.299,0.635,7.08,11.12094,38849716224.0,37807714304.0,1.05,0.2938,1.432,Technology,Software - Infrastructure,196419005.0,195332808.0,7.628,5.2563543,5.115,18.047,0.00417,1.01968,4.53,2026-07-31,2026-12-01
NTRS,18.210527,14.147556,2.4565141,1.32,0.13492,0.01044,,,,0.21459,0.28994,0.0,0.082,0.076,8.74,11.25,30099922944.0,37730852864.0,1.98,0.3547,1.242,Financial Services,Asset Management,185320921.0,182640856.0,64.791,3.7188406,4.662,,0.00856,0.85809,2.16,2025-12-31,2026-04-21
NTRS,19.338219,14.95364,2.8237667,1.45,0.14462,0.01101,,,,0.22364001,0.31721002,0.0,0.139,0.426,9.55,12.35017,34174527488.0,40671629312.0,1.73,0.3298,1.26,Financial Services,Asset Management,185047258.0,181868146.0,65.402,4.0861516,4.863,,0.00849,0.86399,3.11,2026-03-31,2026-07-22
NTRS,15.282645,14.033441,2.6001987,1.01,0.17066,0.01276,,,,0.2467,0.42496,0.0,0.364,0.986,11.64,12.67615,32545980416.0,39771181056.0,1.84,0.2749,1.257,Financial Services,Asset Management,182955653.0,179788691.0,68.414,3.582189,4.377,,0.00858,0.8617,3.67,2026-06-30,2026-10-21
NUE,26.046541,13.945649,2.1358936,5.21,0.09361,0.04814,32.765,2.938,1.47,0.05367,0.06869,0.12027001,0.086,0.342,7.52,14.04524,44614209536.0,50352214016.0,1.14,0.29389998,1.745,Basic Materials,Steel,227735644.0,219811614.0,91.704,1.3729984,1.55,12.165,0.03199,0.78999,3.12,2025-12-31,2026-04-27
NUE,23.473215,13.59102,2.51181,5.21,0.12285,0.06146,31.595,2.901,1.451,0.06824,0.11826,0.14062999,0.213,3.821,10.08,17.40929,53885784064.0,59623784448.0,0.95,0.2202,1.922,Basic Materials,Steel,227740950.0,222286554.0,94.199,1.5774527,1.745,12.035,0.02083,0.79599,2.36,2026-04-04,2026-07-27
NUE,19.838657,12.564497,2.5487943,5.21,0.14548999,0.0732,30.512,2.508,1.284,0.07989,0.15668,0.15554,0.23,0.938,12.52,19.7684,56351383552.0,61915381760.0,0.9,0.17799999,1.881,Basic Materials,Steel,226875676.0,223447585.0,97.45,1.5609368,1.715,10.899,0.0117999995,0.80968004,2.77,2026-07-04,2026-10-26
NVDA,45.02245,18.975262,34.086834,0.71,1.01485,0.51188,7.255,3.905,3.141,0.55603004,0.65024,0.71068,0.732,0.956,4.9,11.62619,5343290064896.0,5309679009792.0,0.02,0.0082,2.244,Technology,Semiconductors,24220525225.0,23318280000.0,6.472,24.744556,24.589,39.853,0.03979,0.7064,1.84,2026-01-25,2026-05-20
NVDA,33.678017,16.945772,26.959108,0.62,1.14288,0.52727,6.555,3.441,2.139,0.62966,0.65596,0.74144995,0.852,2.145,6.46,12.8386,5269520646144.0,5224593883136.0,0.46,0.0061000003,2.215,Technology,Semiconductors,24221000000.0,23226192000.0,8.07,20.787802,20.611,31.566,0.03991,0.66195,2.23,2026-04-26,2026-08-26
NVDA,28.099874,14.173006,23.438786,0.47,1.17211,0.53572,16.971,4.589,2.918,0.63663,0.66236997,0.74674004,1.059,1.278,7.91,15.68263,5367153557504.0,5333097906176.0,0.45,0.0354,2.217,Technology,Semiconductors,24147000000.0,23130698000.0,9.483,17.715132,17.603,26.498,0.04008,0.71411,2.33,2026-07-26,2026-11-17
NVR,16.025547,15.142719,5.0708776,4.97,0.33185002,0.18278,28.342,6.211,2.814,0.12836,0.17357999,0.22889,-0.05,-0.131,436.86,462.3291,19558889472.0,18770413568.0,,0.0,1.072,Consumer Cyclical,Residential Construction,2778119.0,2749786.0,1380.613,1.8737969,1.798,10.347,0.05309,0.88738,3.53,2025-12-31,2026-04-22
NVR,15.84792,15.634483,5.0742683,4.97,0.33257,0.17388001,31.22,5.576,2.39,0.12489,0.13517,0.22489999,-0.214,-0.285,409.52,415.11063,17518514176.0,16963577856.0,,0.0,0.902,Consumer Cyclical,Residential Construction,2699292.0,2655078.0,1279.01,1.7664608,1.711,10.192,0.05472,0.89206004,4.19,2026-03-31,2026-07-23
NVR,15.974418,15.020788,4.857255,4.97,0.31544,0.16547,32.15,5.67,1.754,0.1185,0.13889,0.2184,-0.109,-0.226,385.02,409.46387,16471900160.0,16386660352.0,,0.0,0.913,Consumer Cyclical,Residential Construction,2678153.0,2620996.0,1266.244,1.7102405,1.701,10.664,0.05551,0.91196,3.31,2026-06-30,2026-07-23
NWS,38.909092,23.927418,1.9001712,3.53,0.06329,0.03943,30.892,1.813,1.577,0.13346,0.17062001,0.56667,0.055,-0.099,0.77,1.25212,16439382016.0,18176126976.0,0.67,0.2597,0.924,Communication Services,Entertainment,182947903.0,553667496.0,15.767,1.9062363,2.108,15.313,0.3435,0.49023,4.29,2025-12-31,2026-02-05
NWS,41.03797,25.108814,2.0780718,3.53,0.06524,0.04113,31.559,1.702,1.479,0.1292,0.10114,0.5717,0.088,-0.104,0.79,1.29118,17574434816.0,19197224960.0,0.62,0.2532,0.899,Communication Services,Entertainment,180862344.0,545733252.0,15.601,1.9970949,2.182,15.333,0.34837002,0.51378,3.76,2026-03-31,2026-05-07
NWS,31.728157,21.617762,2.082988,2.93,0.07979,0.04658,31.561,1.623,1.403,0.06347,0.12537,0.57167,0.108,-0.749,1.03,1.51172,17518325760.0,19205599232.0,0.61,0.1942,0.923,Communication Services,Entertainment,177393176.0,539402427.0,15.689,1.9404438,2.127,14.354,0.35224,0.49977002,4.62,2026-06-30,2026-08-05
NWSA,33.77922,20.77277,1.649648,3.07,0.06329,0.03943,30.892,1.813,1.577,0.13346,0.17062001,0.56667,0.055,-0.099,0.77,1.25212,14987316224.0,15982383104.0,0.77,0.2597,0.924,Communication Services,Entertainment,365763112.0,553667496.0,15.767,1.7378614,1.853,13.465,0.00068999996,1.09682,2.29,2025-12-31,2026-02-05
NWSA,35.987343,22.01862,1.8223191,3.07,0.06524,0.04113,31.559,1.702,1.479,0.1292,0.10114,0.5717,0.088,-0.104,0.79,1.29118,15411511296.0,17012911104.0,0.7,0.2532,0.899,Communication Services,Entertainment,361223863.0,545733252.0,15.601,1.7513081,1.933,13.589,0.00027000002,1.11138,1.69,2026-03-31,2026-05-07
NWSA,28.912622,19.699417,1.8981452,2.68,0.07979,0.04658,31.561,1.623,1.403,0.06347,0.12537,0.57167,0.108,-0.749,1.03,1.51172,15963761664.0,17636546560.0,0.67,0.1942,0.923,Communication Services,Entertainment,358663283.0,539402427.0,15.689,1.7682501,1.954,13.181,0.00028,1.08499,2.87,2026-06-30,2026-08-05
NXPI,27.173586,12.941438,5.431984,0.68,0.20698999,0.08009,119.711,2.046,1.148,0.16472,0.26297,0.55382997,0.072,-0.068,7.95,16.69289,54589235200.0,64228237312.0,1.88,0.5102,1.467,Technology,Semiconductors,252692845.0,252245579.0,39.77,4.449363,5.235,15.847,0.0012800001,0.99347997,2.94,2025-12-31,2026-04-28
NXPI,25.505264,14.93649,6.161973,0.69,0.25812998,0.08144,103.991,2.241,1.364,0.21031,0.27664,0.55632,0.122,1.307,10.45,17.84422,67291115520.0,75654119424.0,1.52,0.38779998,1.805,Technology,Semiconductors,252471079.0,251983810.0,43.254,5.334214,5.997,18.182,0.00139,1.01855,1.93,2026-03-29,2026-07-28
NXPI,19.453072,12.599537,5.045478,0.45,0.27921,0.10457,93.325,2.04,1.194,0.22564,0.30406,0.56102,0.195,0.726,11.72,18.09511,57490911232.0,65606909952.0,1.78,0.3461,1.817,Technology,Semiconductors,252164174.0,251692627.0,45.187,4.360327,4.976,12.945,0.00141,0.99369,2.45,2026-06-28,2026-07-28
O,55.632477,35.793823,1.5414307,5.68,0.02702,0.02269,73.505,1.245,0.774,0.18370001,0.46975,0.92559,0.11,0.412,1.17,1.81847,60693209088.0,90430808064.0,4.97,2.7547,0.796,Real Estate,REIT - Retail,932450634.0,930314254.0,42.227,10.532065,15.692,17.685,0.00124,0.80047995,4.51,2025-12-31,2026-05-06
O,53.860653,38.71785,1.5651946,5.68,0.02831,0.02313,73.467,2.062,1.049,0.18899,0.45526,0.92597,0.12,0.179,1.22,1.69715,61274083328.0,93261078528.0,4.95,2.65,0.729,Real Estate,REIT - Retail,932492530.0,930291848.0,41.982,10.33422,15.729,17.827,0.00125,0.8033,6.53,2026-03-31,2026-08-05
O,41.357662,36.483753,1.3555672,2.86,0.03225,0.02359,74.722,1.528,0.741,0.20898001,0.46965998,0.9268,0.096,0.692,1.37,1.55302,53612716032.0,86761078784.0,5.75,2.3641999,0.712,Real Estate,REIT - Retail,946218033.0,944060656.0,41.798,8.838947,14.304,16.194,0.00124,0.81723,7.53,2026-06-30,2026-08-05
ODFL,45.084885,35.81143,10.534565,3.0,0.2393,0.15521,3.28,1.436,1.27,0.18625,0.23273,0.38955003,-0.057,-0.105,4.83,6.08074,45533274112.0,45408067584.0,0.53,0.2314,1.205,Industrials,Trucking,208425619.0,191201326.0,20.671,8.284216,8.261,26.312,0.08611,0.83717,5.61,2025-12-31,2026-04-29
ODFL,48.81837,36.114788,11.062541,3.45,0.23331,0.15029,0.909,1.565,1.444,0.18461001,0.23775999,0.38946,-0.029,-0.042,4.79,6.47491,48631304192.0,48383217664.0,0.5,0.2359,1.184,Industrials,Trucking,207968283.0,186322944.0,21.138,8.912992,8.868,28.324,0.082150005,0.83666,4.38,2026-03-31,2026-07-29
ODFL,33.205376,26.012691,7.8930564,2.11,0.24818,0.15775,0.44,1.889,1.713,0.19443001,0.28835,0.39566,0.104,0.323,5.21,6.6506,35978514432.0,35608752128.0,0.67,0.2192,1.165,Industrials,Trucking,207968283.0,185716885.0,21.918,6.42186,6.356,19.857,0.082370006,0.81227994,5.2,2026-06-30,2026-07-29
OKE,15.407749,13.567743,2.338757,2.1,0.15489,0.05568,146.453,0.705,0.485,0.1009,0.16976999,0.30497,0.295,-0.015,5.42,6.15504,52613857280.0,85652234240.0,5.13,0.7601,0.809,Energy,Oil & Gas Midstream,630030624.0,627919474.0,35.707,1.5645382,2.547,11.676,0.0018600001,0.79433,4.94,2025-12-31,2026-04-28
OKE,16.67023,15.102554,2.6354053,2.21,0.15903,0.05657,149.644,0.71,0.492,0.1003,0.1492,0.29636,0.196,0.18,5.61,6.19233,58920669184.0,92531671040.0,4.58,0.7415,0.707,Energy,Oil & Gas Midstream,630032852.0,628275060.0,35.486,1.6736923,2.628,12.326,0.00153,0.83446,7.16,2026-03-31,2026-08-03
OKE,16.141623,15.013461,2.5684996,1.77,0.16277,0.05767,143.07,0.737,0.515,0.09287,0.13254,0.27214,0.528,0.142,5.79,6.22508,58918043648.0,91919351808.0,4.58,0.72540003,0.719,Energy,Oil & Gas Midstream,630409203.0,628547899.0,36.387,1.4966733,2.335,11.984,0.0015199999,0.84819,6.93,2026-06-30,2026-08-03
OMC,,6.326818,2.0448105,15.97,0.00479,0.03767,86.307,0.93,0.72,-0.00316,0.14877,0.18571,0.279,,-0.27,12.43437,24414160896.0,29811859456.0,4.07,0.413,0.751,Communication Services,Advertising Agencies,284988976.0,307617798.0,38.473,1.4135191,1.726,10.673,0.00876,1.12062,6.5,2025-12-31,2026-04-28
OMC,,6.668745,2.4682896,15.97,0.02015,0.04467,110.574,0.912,0.663,0.00318,0.11918,0.18431999,0.692,-0.069,-0.37,12.25568,23293558784.0,31500257280.0,3.92,0.413,0.656,Communication Services,Advertising Agencies,285006196.0,282358488.0,33.112,1.1749943,1.589,9.98,0.00899,1.12502,5.65,2026-03-31,2026-07-28
OMC,206.94594,6.519881,2.1741724,15.97,0.060510002,0.05092,107.744,0.924,0.668,0.017439999,0.15384,0.18959999,0.634,0.588,0.37,11.74408,21006669824.0,30010869760.0,4.18,8.3784,0.673,Communication Services,Advertising Agencies,274345967.0,271704015.0,35.218,0.9390009,1.341,8.163,0.00934,1.10685,11.79,2026-06-30,2026-07-28
ON,286.2414,20.490883,4.2919188,0.31,0.01498,0.050229996,42.294,4.522,2.73,0.020179998,0.19136,0.38321,-0.112,-0.487,0.29,4.05107,32707645440.0,33431844864.0,,0.0,1.524,Technology,Semiconductors,393327318.0,392267139.0,19.341,5.4554567,5.576,19.044,0.0035299999,1.10964,4.3,2025-12-31,2026-05-04
ON,64.242645,20.127441,4.688993,0.29,0.074939996,0.06827,44.337,4.873,2.797,0.09462,0.18232,0.42665002,0.047,,1.36,4.34084,34003146752.0,35101880320.0,,0.0,2.012,Technology,Semiconductors,389185602.0,390151384.0,18.633,5.608304,5.79,17.141,0.0034,1.09745,2.07,2026-04-03,2026-08-03
ON,45.738564,15.451195,3.7739313,0.16,0.08312,0.0675,65.055,3.464,2.287,0.10168,0.19532,0.42776,0.092,0.366,1.53,4.5291,27244519424.0,28108335104.0,,0.0,1.997,Technology,Semiconductors,389318613.0,387633787.0,18.543,4.3958373,4.535,13.45,0.00332,1.05965,3.46,2026-07-03,2026-08-03
ORCL,32.5781,22.590698,15.554604,1.18,0.57572,0.06335,415.265,1.347,1.224,0.25298,0.32676,0.67084,0.217,0.245,5.57,8.03251,521887350784.0,650430316544.0,1.1,0.35909998,1.544,Technology,Software - Infrastructure,2876046000.0,1708946533.0,11.666,8.144817,10.151,23.703,0.40545,0.43956003,1.04,2026-02-28,2026-03-10
ORCL,24.499147,13.175519,11.028374,0.85,0.53376,0.06505,388.87,1.115,1.012,0.25368,0.36202,0.65822,0.206,0.219,5.87,10.91494,414240538624.0,555280564224.0,1.4,0.3431,1.718,Technology,Software - Infrastructure,2880471000.0,1713332956.0,13.04,6.1499257,8.244,18.21,0.40498,0.45938998,1.28,2026-05-31,2026-09-10
ORCL,23.136364,13.42252,7.220918,0.83,0.41192,0.06357,251.716,1.171,1.02,0.2636,0.35632,0.63957,0.296,0.545,6.38,10.99719,446333681664.0,583777648640.0,1.35,0.31350002,1.732,Technology,Software - Infrastructure,3023736000.0,1856573904.0,20.442,6.218425,8.133,16.954,0.38579,0.43584,1.77,2026-08-31,2026-09-10
ORLY,31.552189,26.290022,-103.318634,2.3,,0.13762,,0.769,0.085,0.14274,0.18771,0.51592,0.078,0.139,2.97,3.56447,78574616576.0,86872326144.0,,0.0,0.598,Consumer Cyclical,Auto Parts,836699472.0,830823263.0,-0.907,4.418775,4.885,21.872,0.00497,0.88725,2.95,2025-12-31,2026-04-29
ORLY,28.029318,23.777222,-67.12169,1.84,,0.13809,,0.755,0.092,0.14303,0.18454,0.51632,0.102,0.161,3.07,3.61901,71310934016.0,79789522944.0,,0.0,0.513,Consumer Cyclical,Auto Parts,828715079.0,821024603.0,-1.282,3.9169762,4.383,19.532,0.00492,0.90482,2.78,2026-03-31,2026-07-29
ORLY,26.892063,23.19373,-37.665627,1.59,,0.13670999,,0.752,0.093,0.1427,0.2015,0.51636004,0.081,0.103,3.15,3.65228,68527067136.0,77852319744.0,,0.0,0.515,Consumer Cyclical,Auto Parts,808960792.0,801202858.0,-2.249,3.6896937,4.192,18.671,0.00504,0.90194,5.64,2026-06-30,2026-07-29
OTIS,23.265715,17.084137,-5.8866477,1.35,,0.13519,,0.849,0.726,0.0959,0.15648,0.30587,0.033,0.135,3.5,4.76641,31734560768.0,39189532672.0,2.06,0.4714,1.045,Industrials,Specialty Industrial Machinery,388720773.0,388013301.0,-13.833,2.199055,2.716,15.362,0.00127,0.93111,2.85,2025-12-31,2026-04-22
OTIS,19.534575,15.560846,-4.9877768,1.43,,0.13346,,0.837,0.713,0.101110004,0.15395,0.30546,0.064,0.426,3.76,4.72018,28183943168.0,35812945920.0,2.31,0.4468,0.891,Industrials,Specialty Industrial Machinery,383716076.0,382994690.0,-14.726,1.9242127,2.445,14.365,0.00115,0.94359,3.97,2026-03-31,2026-07-22
OTIS,17.614395,15.091845,-4.5380487,2.23,,0.14249,,0.831,0.684,0.10167,0.15133001,0.30313,0.073,0.13,3.89,4.5402,26083463168.0,34410463232.0,2.57,0.437,0.875,Industrials,Specialty Industrial Machinery,380669339.0,379927034.0,-15.099,1.7492766,2.308,13.034,0.0014300001,0.96075,4.79,2026-06-30,2026-07-22
OXY,39.844444,14.920364,1.9115139,1.18,0.05929,0.02743,63.804,0.936,0.56,0.10772,0.10309,0.69819,1.489,,1.35,3.60514,53343285248.0,83285286912.0,1.93,0.7111,0.23,Energy,Oil & Gas E&P,991695181.0,982400491.0,28.14,2.4703972,3.857,7.4,0.27012,0.51711,0.01,2025-12-31,2026-05-05
OXY,74.13513,14.229614,1.7744284,1.16,0.04053,0.02497,41.989,1.21,0.905,0.22421,0.17725,0.69757,-0.083,3.156,0.74,3.85534,54565658624.0,76280659968.0,1.9,1.3242999,0.15,Energy,Oil & Gas E&P,994634701.0,990586538.0,30.917,2.5837235,3.612,7.045,0.26937,0.55207,0.01,2026-03-31,2026-08-05
OXY,17.356932,14.582404,1.7580447,1.18,0.10629,0.046830002,34.511,1.411,1.038,0.30318,0.45443,0.73318,0.534,9.649,3.39,4.035,58818662400.0,78216658944.0,1.9,0.295,0.164,Energy,Oil & Gas E&P,999637371.0,995558851.0,33.469,2.4583576,3.269,5.702,0.26812,0.58033,0.01,2026-06-30,2026-08-05
PANW,132.66852,60.335537,17.972458,4.15,0.16259001,0.034479998,4.887,1.045,0.914,0.12956999,0.15496999,0.73502,0.149,0.605,1.81,3.97991,194745434112.0,191869075456.0,,0.0,0.77,Technology,Software - Infrastructure,811000000.0,809047680.0,13.361,19.68418,19.393,124.874,0.00774,0.83515,3.31,2026-01-31,2026-06-02
PANW,321.2143,87.38721,10.571227,4.26,0.048309997,0.017719999,7.698,0.856,0.728,0.07947,-0.02465,0.71963996,0.311,,1.12,4.11685,293204393984.0,292223385600.0,,0.0,0.893,Technology,Software - Infrastructure,815000000.0,808251800.0,34.032,27.64384,27.551,196.982,0.0076,0.85198,3.09,2026-04-30,2026-09-01
PANW,908.94995,74.5183,10.778169,1.86,0.01739,0.014040001,9.337,0.871,0.735,0.02674,0.05396,0.70383,0.345,,0.4,4.87907,297408430080.0,296904425472.0,,0.0,0.908,Technology,Software - Infrastructure,818000000.0,811235140.0,33.733,25.906656,25.863,190.323,0.00756,0.84462,3.77,2026-07-31,2026-09-01
PAYC,15.68974,10.894839,3.9219506,1.14,0.27417,0.05268,5.215,1.088,0.092,0.22099,0.28863,0.87181,0.102,0.021,8.09,11.65047,6889138176.0,6468033024.0,1.18,0.1856,0.796,Technology,Software - Application,47666129.0,45418150.0,32.364,3.3577707,3.153,10.194,0.13519,1.0934501,2.5,2025-12-31,2026-02-11
PAYC,17.122684,12.042191,8.298649,1.07,0.37147,0.07881,94.074,1.083,0.08,0.2244,0.36755002,0.87597,0.078,0.226,8.64,12.28514,6898012672.0,7507713024.0,1.01,0.1736,0.799,Technology,Software - Application,46627098.0,39892280.0,17.827,3.2955964,3.587,11.192,0.13787,1.01606,3.62,2026-03-31,2026-08-05
PAYC,23.91966,16.220673,17.223322,1.2,0.41089,0.087790005,171.969,1.074,0.079,0.22778,0.31721002,0.88055,0.098,0.481,9.46,13.9501,10198806528.0,10805672960.0,0.66,0.1587,0.786,Technology,Software - Application,45071619.0,37538861.0,13.138,4.764239,5.048,14.7,0.14067,0.95996004,2.62,2026-06-30,2026-08-05
PAYX,20.856512,16.01299,8.434209,1.81,,,124.91,1.152,0.303,0.26633,0.44375,0.67197996,0.199,0.091,4.53,5.90021,33851324416.0,37084123136.0,5.04,0.9536,,Technology,Software - Application,358290881.0,,11.202,8.531079,9.346,23.062,0.103,0.85137004,5.46,2026-02-28,2026-03-25
PAYX,23.750511,18.163818,11.056741,2.04,0.44769,0.09823,123.967,1.259,0.49,0.27029,0.38325,0.74286,0.125,0.434,4.89,6.39403,41343574016.0,44795609088.0,4.1,0.90589994,0.808,Technology,Software - Application,355980473.0,318827002.0,10.504,6.348829,6.879,14.856,0.10334,0.85877,8.89,2026-05-31,2026-09-23
PCAR,27.993347,18.665268,3.4433382,1.26,0.12922,0.043670002,81.937,2.168,1.937,0.08352,0.092089996,0.14005,-0.137,-0.359,4.51,6.7639,66394173440.0,72924872704.0,1.05,0.2927,1.064,Industrials,Farm & Heavy Construction Machinery,525894443.0,515550099.0,36.665,2.334141,2.564,21.304,0.0186,0.753,4.28,2025-12-31,2026-04-28
PCAR,26.908314,18.414566,3.3615682,1.27,0.13108,0.04141,76.163,5.558,4.96,0.08913,0.10373,0.13583,-0.089,0.197,4.69,6.85327,66417319936.0,72869224448.0,1.11,0.2809,0.976,Industrials,Farm & Heavy Construction Machinery,526286229.0,515923653.0,37.542,2.3908668,2.623,22.654,0.01854,0.77296996,4.33,2026-03-31,2026-07-28
PCAR,24.433683,16.064558,3.0061905,0.86,0.12755999,0.041160002,72.91,5.519,4.888,0.09003,0.12024,0.13715,0.005,0.042,4.75,7.2246,61089914880.0,67238817792.0,1.21,0.2821,0.972,Industrials,Farm & Heavy Construction Machinery,526364953.0,515985036.0,38.607,2.1962306,2.417,20.552,0.01858,0.76244,4.26,2026-06-30,2026-07-28
PCG,14.627119,9.565772,1.2253301,0.75,0.08207,0.02427,187.043,0.971,0.378,0.10399,0.21295999,0.39583,0.026,-0.033,1.18,1.80435,38010322944.0,100389928960.0,1.16,0.105900005,0.343,Utilities,Utilities - Regulated Electric,2202220356.0,2190978416.0,14.086,1.5243763,4.026,10.06,0.0021,0.99237,0.0,2025-12-31,2026-04-23
PCG,13.426356,9.606745,1.2043669,0.75,0.08826999,0.02528,187.872,1.199,0.511,0.110089995,0.23921,0.39353,0.15,0.398,1.29,1.8029,38142529536.0,101783535616.0,1.15,0.1163,0.268,Utilities,Utilities - Regulated Electric,2202224728.0,2194913342.0,14.381,1.476504,3.94,9.869,0.00212,0.99004996,0.0,2026-03-31,2026-07-23
PCG,9.496403,7.3267393,0.89942765,0.55,0.09318,0.02568,189.45,1.216,0.52,0.11828,0.24788,0.39823002,0.001,0.398,1.39,1.80162,39631245312.0,94633246720.0,1.52,0.1259,0.245,Utilities,Utilities - Regulated Electric,2202366906.0,2082448028.0,14.676,1.533895,3.663,9.053,0.00204,1.04265,0.0,2026-06-30,2026-07-23
PEG,19.331755,17.362288,2.3923755,2.46,0.12757,0.03392,142.68,0.801,0.489,0.17349,0.18079,0.34820998,0.183,0.105,4.22,4.69869,40720982016.0,64785203200.0,3.29,0.59720004,0.598,Utilities,Utilities - Regulated Electric,498739910.0,497453161.0,34.1,3.3465633,5.324,14.384,0.0013,0.77589995,3.39,2025-12-31,2026-05-05
PEG,17.39823,16.753908,2.2633474,3.91,0.13441,0.03662,141.01,0.969,0.661,0.17688,0.2843,0.3536,0.194,0.254,4.52,4.69383,39187996672.0,63182995456.0,3.41,0.5664,0.527,Utilities,Utilities - Regulated Electric,498321402.0,497035733.0,34.745,3.0629978,4.938,13.177,0.0012899999,0.78445,3.73,2026-03-31,2026-08-04
PEG,17.35572,14.932304,2.0050578,3.3,0.11835,0.03238,142.409,0.877,0.487,0.16041,0.18872,0.33333,-0.089,-0.427,4.02,4.67242,34774765568.0,59260764160.0,3.84,0.6468,0.519,Utilities,Utilities - Regulated Electric,498420030.0,497099217.0,34.797,2.7724442,4.725,13.278,0.0012800001,0.79333997,3.78,2026-06-30,2026-08-04
PEP,23.568964,16.438442,9.619986,1.6,0.43879002,0.090909995,244.837,0.897,0.667,0.09149,0.16961999,0.54383,0.085,0.278,6.38,9.14746,205546897408.0,247573954560.0,3.94,0.8932,0.394,Consumer Defensive,Beverages - Non-Alcoholic,1366768315.0,1362873025.0,15.631,2.1534736,2.594,13.242,0.00183,0.80773,3.88,2026-03-21,2026-04-16
PEP,17.005241,14.456196,8.020647,1.33,0.51508,0.08931,238.949,0.934,0.69,0.10785,0.16836001,0.54171,0.064,1.37,7.63,8.97539,177238507520.0,219764686848.0,4.56,0.7533,0.361,Consumer Defensive,Beverages - Non-Alcoholic,1366000000.0,1361806903.0,16.177,1.8290112,2.268,11.639,0.00183,0.81492996,3.19,2026-06-13,2026-10-08
PFE,20.264706,9.797509,1.8120849,13.77,0.08886,0.05683,77.957,1.16,0.796,0.124180004,0.23945,0.75807,-0.012,,1.36,2.81296,156771090432.0,211063537664.0,6.24,1.2647,0.388,Healthcare,Drug Manufacturers - General,5688356129.0,5678534107.0,15.209,2.5051708,3.373,8.207,0.00099,0.67946,3.17,2025-12-31,2026-05-05
PFE,19.122137,8.8405,1.5844401,2.96,0.083100006,0.05687,71.602,1.247,0.852,0.118310004,0.31617,0.74801004,0.054,-0.101,1.31,2.83355,142771077120.0,194724069376.0,6.87,1.3130001,0.307,Healthcare,Drug Manufacturers - General,5699444169.0,5691578936.0,15.81,2.2549329,3.075,7.648,0.00095,0.69536,3.45,2026-03-29,2026-08-04
PFE,36.394737,9.547808,1.8504148,12.65,0.05014,0.05784,74.253,1.267,0.854,0.06804,0.27877,0.74716,0.026,,0.76,2.897,157652975616.0,209730977792.0,6.22,2.2632,0.299,Healthcare,Drug Manufacturers - General,5699673589.0,5692036026.0,14.948,2.4750845,3.293,8.263,0.00104,0.6912,3.91,2026-06-28,2026-08-04
PFG,18.318094,9.443885,1.7591323,1.06,0.10524,0.00282,34.915,1.51,0.34,0.075840004,0.14107999,0.44241002,-0.037,-0.409,5.25,10.18331,20853035008.0,19995136000.0,3.25,0.58669996,0.882,Financial Services,Asset Management,216449333.0,215382346.0,54.669,1.3345516,1.28,11.555,0.0108,0.7578,5.16,2025-12-31,2026-04-23
PFG,16.348637,11.080976,2.0874932,1.06,0.13385999,0.00375,33.624,1.526,0.323,0.10102,0.148,0.47612998,-0.045,8.19,6.97,10.28339,24614610944.0,24020011008.0,2.88,0.4491,0.888,Financial Services,Asset Management,216012384.0,214707669.0,54.587,1.592282,1.554,10.983,0.010980001,0.80891997,6.25,2026-03-31,2026-07-27
PFG,16.738264,11.325945,2.0799305,1.06,0.12949,0.00352,35.307,1.586,0.38,0.09932999,0.12336001,0.47345,0.064,0.028,7.03,10.38942,25193693184.0,24123592704.0,2.86,0.45439997,0.872,Financial Services,Asset Management,214104641.0,212790039.0,56.574,1.6053891,1.537,11.212,0.0112,0.81351,9.25,2026-06-30,2026-07-27
PG,21.799704,20.275492,6.532254,4.01,0.31562,0.10898,68.719,0.724,0.466,0.19299999,0.26297,0.51189,0.015,-0.054,6.74,7.24668,343336222720.0,368322412544.0,2.9,0.6188,0.403,Consumer Defensive,Household & Personal Products,2324000685.0,2319794244.0,22.493,4.026979,4.32,14.873,0.00072999997,0.70424,2.35,2025-12-31,2026-04-24
PG,21.926899,21.265072,6.4979854,4.21,0.31112,0.10925999,67.651,0.732,0.487,0.19162,0.23047,0.50984,0.074,0.058,6.84,7.05288,349243277312.0,374948265984.0,2.9,0.618,0.38,Consumer Defensive,Household & Personal Products,2328598978.0,2324267784.0,23.081,4.0273914,4.324,14.973,0.00065,0.71834,2.5,2026-03-31,2026-07-29
PG,22.113293,19.782967,6.379483,3.75,0.30290002,0.107209995,64.49,0.677,0.413,0.18437,0.22084999,0.50873,0.015,-0.155,6.62,7.3998,340016005120.0,366342766592.0,2.97,0.6433,0.377,Consumer Defensive,Household & Personal Products,2322672312.0,2320086370.0,22.947,3.906793,4.209,14.801,0.00091,0.71835,3.08,2026-06-30,2026-10-22
PGR,10.318921,12.538985,3.697891,31.31,0.37903,0.07935,26.174,0.301,0.242,0.12927,0.16393,0.18562001,0.087,0.098,19.66,16.17914,118544334848.0,124642336768.0,6.85,0.70699996,0.295,Financial Services,Insurance - Property & Casualty,584336464.0,582104299.0,54.861,1.3257768,1.394,8.228,0.00248,0.90145,2.71,2026-03-31,2026-04-15
PGR,10.706118,13.113553,3.6126106,65.46,0.34943,0.07839,24.428,0.293,0.234,0.12849,0.18208,0.18521,0.073,0.05,19.94,16.27934,123903787008.0,130342248448.0,0.19,0.6974,0.259,Financial Services,Insurance - Property & Casualty,580400000.0,579110234.0,59.093,1.3612958,1.432,8.465,0.00243,0.89761,2.7,2026-06-30,2026-10-14
PH,36.100765,29.059875,8.72073,4.01,0.25781,0.094440006,68.925,1.182,0.588,0.17287001,0.21724,0.37427,0.091,-0.09,27.39,34.0263,124802899968.0,134254903296.0,0.73,0.2565,1.25,Industrials,Specialty Industrial Machinery,126216529.0,125793704.0,113.385,6.0995502,6.562,25.057,0.0016300001,0.90389997,1.69,2025-12-31,2026-04-30
PH,35.212784,27.950726,8.226902,3.73,0.24841999,0.095410004,65.554,1.129,0.604,0.16582,0.21528,0.37442002,0.106,-0.042,27.07,34.10323,120186814464.0,129300807680.0,0.84,0.26569998,1.11,Industrials,Specialty Industrial Machinery,126086389.0,125698043.0,115.865,5.7267265,6.161,23.599,0.00187,0.90979,1.99,2026-03-31,2026-04-30
PH,33.118286,24.094769,7.7239947,3.16,0.25076,0.09787,56.66,1.262,0.674,0.16968,0.23458,0.37546003,0.098,0.193,28.49,39.15954,118992109568.0,127171829760.0,0.85,0.2598,1.123,Industrials,Specialty Industrial Machinery,126112415.0,125676889.0,122.157,5.534774,5.915,22.453,0.0018099999,0.90489,1.94,2026-06-30,2026-08-06
PHM,11.378597,11.456183,1.8779126,1.13,0.17673999,0.10862,18.453,7.55,0.976,0.12816,0.18007,0.26865998,-0.063,-0.421,11.12,11.04469,24311672832.0,24750583808.0,0.82,0.08270001,1.341,Consumer Cyclical,Residential Construction,191589250.0,190835421.0,67.378,1.4043287,1.43,7.76,0.00931,0.95198,4.38,2025-12-31,2026-04-23
PHM,12.193423,11.367202,1.8567389,1.14,0.16178,0.0996,18.942,7.139,0.792,0.121400006,0.13135,0.261,-0.124,-0.304,10.34,11.09156,24016519168.0,24661889024.0,0.82,0.0928,1.186,Consumer Cyclical,Residential Construction,190486353.0,188992940.0,67.904,1.4271866,1.466,8.378,0.00657,0.96662,4.46,2026-03-31,2026-07-22
PHM,11.977529,10.448327,1.6910142,0.98,0.14901,0.092080005,19.065,7.272,0.608,0.1162,0.15685001,0.25565,-0.096,-0.182,9.79,11.22285,22336430080.0,23124609024.0,0.89,0.1021,1.201,Consumer Cyclical,Residential Construction,190486353.0,185996034.0,69.343,1.3613901,1.409,8.397,0.0066799996,0.97786003,6.53,2026-06-30,2026-10-22
PKG,24.87063,17.881279,4.1125116,1.72,0.17198,0.08299,94.93,3.166,1.857,0.08611,0.13555999,0.21799,0.101,-0.565,8.58,11.93371,19037245440.0,22673141760.0,2.34,0.5828,0.918,Consumer Cyclical,Packaging & Containers,89027954.0,87027319.0,51.888,2.1177673,2.522,11.933,0.01589,1.00213,2.96,2025-12-31,2026-04-22
PKG,28.319565,18.462015,4.4983788,1.78,0.16313,0.08369,95.185,3.071,1.786,0.080419995,0.13447,0.21753,0.106,-0.155,8.23,12.6243,20766222336.0,24460371968.0,2.57,0.6075,0.818,Consumer Cyclical,Packaging & Containers,89098647.0,86907755.0,51.812,2.253255,2.654,12.459,0.016239999,1.0004699,5.47,2026-03-31,2026-07-22
PKG,30.229872,17.741982,4.421755,1.5,0.14887,0.082779996,94.474,2.941,1.767,0.07256,0.13121,0.21385999,0.147,-0.195,7.7,13.11973,20739409920.0,24423942144.0,2.58,0.6818,0.797,Consumer Cyclical,Packaging & Containers,89098299.0,86966636.0,52.642,2.1751735,2.562,12.211,0.01579,1.00063,5.45,2026-06-30,2026-10-21
PLD,35.879093,41.920258,2.479244,110.7,0.06844,0.024820002,60.934,0.531,0.317,0.39646,0.38491002,0.756,0.083,0.652,3.97,3.39788,132802224128.0,171750244352.0,3.0,1.0302,1.35,Real Estate,REIT - Industrial,932338000.0,927648340.0,57.453,14.16389,18.318,26.179,0.00263,0.98108,3.31,2026-03-31,2026-04-16
PLD,30.031181,39.600586,2.3444319,117.38,0.07749,0.02516,63.823,0.649,0.488,0.43575,0.43030998,0.75549006,0.123,0.853,4.49,3.405,131076800512.0,165600755712.0,3.17,0.9265,1.316,Real Estate,REIT - Industrial,950333372.0,928625227.0,57.515,13.572576,17.147,24.58,0.00261,0.96102,4.17,2026-06-30,2026-10-15
PLTR,232.36508,78.5995,47.39074,2.89,0.25983,0.11597,3.063,7.11,6.992,0.36310002,0.40901002,0.82366997,0.7,6.476,0.63,1.86248,350117396480.0,343270457344.0,,0.0,1.674,Technology,Software - Infrastructure,2291470751.0,2209310438.0,3.089,78.23073,76.701,238.356,0.03583,0.61578,1.06,2025-12-31,2026-05-04
PLTR,148.74158,63.204235,37.55461,1.93,0.32587,0.14702,2.477,6.907,6.82,0.43673,0.46183997,0.84073997,0.847,3.25,0.89,2.09448,317356179456.0,309648326656.0,,0.0,1.562,Technology,Software - Infrastructure,2296071334.0,2104288534.0,3.525,60.747627,59.272,153.424,0.03498,0.63619,2.05,2026-03-31,2026-08-03
PLTR,151.82907,76.47041,43.667652,1.71,0.38097,0.17292999,2.139,7.228,7.095,0.49005002,0.47120997,0.84796,0.928,2.154,1.17,2.32299,426879287296.0,417792294912.0,,0.0,1.621,Technology,Software - Infrastructure,2300713329.0,2109957437.0,4.068,69.34428,67.868,156.91,0.03477,0.64745003,1.44,2026-06-30,2026-08-03
PM,21.734158,17.307606,-24.57788,1.8,,0.15964,,0.958,0.42,0.27918,0.32938,0.67117995,0.068,,7.26,9.1168,245920481280.0,292317462528.0,3.73,0.7765,0.451,Consumer Defensive,Tobacco,1558530268.0,1552756746.0,-6.42,6.050002,7.191,15.614,0.00169,0.83241,3.36,2025-12-31,2026-04-22
PM,27.18028,21.114086,-32.411823,2.69,,0.15456,,0.976,0.452,0.26742,0.36044,0.67280996,0.091,-0.093,7.1,9.13987,300770689024.0,349261692928.0,3.05,0.8109,0.405,Consumer Defensive,Tobacco,1558558846.0,1554568935.0,-5.954,7.248709,8.417,18.784,0.0016300001,0.84109,3.5,2026-03-31,2026-07-22
PM,25.90934,20.537825,-34.250954,2.27,,0.14591,,0.98,0.47,0.25559,0.40002,0.67481005,0.104,-0.075,7.28,9.18403,293985648640.0,339047677952.0,3.12,0.80730003,0.395,Consumer Defensive,Tobacco,1558613439.0,1554701319.0,-5.507,6.9099927,7.969,18.82,0.00164,0.84418,3.66,2026-06-30,2026-10-21
PNC,13.490697,11.036233,1.6154499,1.84,0.12104,0.012560001,,,,0.31312,0.36725,0.0,0.138,0.177,17.2,21.02529,93179060224.0,154736197632.0,2.9,0.3893,0.918,Financial Services,Banks - Regional,401564632.0,398585022.0,143.638,4.043879,6.715,,0.00303,0.85867995,4.17,2026-03-31,2026-07-15
PNC,12.839758,10.894424,1.6023886,1.64,0.12623,0.01307,,,,0.31366,0.38689,0.0,0.236,0.249,18.16,21.40269,93021700096.0,173458702336.0,3.43,0.3744,0.889,Financial Services,Banks - Regional,398943667.0,396071273.0,145.514,3.8250625,7.133,,0.00303,0.85599,4.81,2026-06-30,2026-10-15
PNR,23.175573,15.639085,3.8425517,1.37,0.17478001,0.09137999,45.645,1.607,0.864,0.15656,0.20087999,0.40886003,0.049,0.016,3.93,5.82387,14867509248.0,16532007936.0,1.14,0.2545,1.242,Industrials,Specialty Industrial Machinery,161602800.0,161885747.0,23.703,3.5602274,3.959,15.152,0.01,0.99398005,3.11,2025-12-31,2026-04-28
PNR,15.690955,11.566185,2.648768,1.05,0.1761,0.08878,54.634,1.877,1.1,0.15975,0.22687,0.41222998,0.026,0.13,3.98,5.39936,10092265472.0,12106166272.0,1.7,0.2563,1.029,Industrials,Specialty Industrial Machinery,161605541.0,160251287.0,23.577,2.4016051,2.881,11.001,0.00995,0.99141,3.05,2026-03-31,2026-07-28
PNR,14.412371,10.819261,2.380993,0.89,0.17126,0.08663,47.067,1.451,0.659,0.16237,0.2344,0.41388,-0.17,-0.111,3.88,5.16856,8924831744.0,10599854080.0,1.9,0.268,1.018,Industrials,Specialty Industrial Machinery,159600000.0,158432683.0,23.486,2.2246451,2.642,10.243,0.00957,1.00639,2.3,2026-06-30,2026-07-28
PNW,20.60198,18.636244,1.7851444,3.09,0.09059,0.02405,201.771,0.539,0.234,0.11545999,0.109919995,0.41601002,0.03,,5.05,5.58267,12591508480.0,26912641024.0,3.5,0.7119,0.476,Utilities,Utilities - Regulated Electric,121025652.0,120146104.0,58.281,2.3579874,5.04,13.13,0.00149,1.04034,5.08,2025-12-31,2026-05-04
PNW,20.09888,19.33112,1.8470639,3.82,0.09559,0.024920002,212.957,0.599,0.261,0.11986,0.11757,0.43014,0.114,,5.36,5.57288,13055494144.0,28235182080.0,3.38,0.6735,0.425,Utilities,Utilities - Regulated Electric,121187166.0,120527908.0,58.325,2.3923185,5.174,13.232,0.0014599999,1.08004,6.7,2026-03-31,2026-08-04
PNW,18.082533,16.92595,1.6229951,3.62,0.09365,0.02335,233.288,0.594,0.311,0.11525,0.21341999,0.43352002,0.071,-0.095,5.21,5.56601,11417991168.0,27954495488.0,3.86,0.6958,0.437,Utilities,Utilities - Regulated Electric,121197234.0,120530649.0,58.047,2.05572,5.033,13.007,0.00155,1.10514,8.89,2026-06-30,2026-08-04
PODD,58.543102,25.213047,9.464369,1.13,0.18124,0.09434,66.176,2.814,1.813,0.091239996,0.18665001,0.71633005,0.312,0.039,3.48,8.08034,14341745664.0,14628345856.0,,0.0,1.47,Healthcare,Medical Devices,69263714.0,70100185.0,21.526,5.29587,5.402,25.928,0.0031299999,1.05443,3.13,2025-12-31,2026-05-06
PODD,38.33177,20.36975,8.723811,1.45,0.22997999,0.097449996,77.844,2.487,1.491,0.10438,0.1603,0.71008,0.339,1.59,4.28,8.0541,11363561472.0,11897162752.0,,0.0,1.111,Healthcare,Medical Devices,69264674.0,68984152.0,18.806,3.917389,4.101,19.763,0.00329,1.0492901,3.05,2026-03-31,2026-08-05
PODD,26.378988,18.234024,6.856196,1.11,0.26016,0.09715,66.685,2.485,1.51,0.12291,0.16178,0.71075,0.235,3.286,5.33,7.71086,9751200768.0,10164700160.0,,0.0,1.079,Healthcare,Medical Devices,69354199.0,69063605.0,20.507,3.1935549,3.329,16.531,0.00329,1.07108,2.23,2026-06-30,2026-08-05
POOL,20.959484,19.134,7.024658,1.6,0.33058998,0.10374,129.513,2.238,0.514,0.07683,0.053239997,0.29728,-0.005,-0.129,10.86,11.8961,8373643264.0,9803711488.0,2.2,0.4562,1.262,Industrials,Industrial Distribution,36700584.0,32457158.0,32.403,1.5831,1.853,15.533,0.11821,0.94247,5.18,2025-12-31,2026-04-23
POOL,18.48989,16.71158,6.469321,1.6,0.34241,0.09491,140.423,1.872,0.505,0.07582,0.07259,0.29686,0.062,0.021,10.88,12.03776,7331238912.0,8850107392.0,2.58,0.4596,1.052,Industrials,Industrial Distribution,36443003.0,35160209.0,31.096,1.3688196,1.652,13.876,0.0353,1.06088,2.91,2026-03-31,2026-07-23
POOL,15.4375,14.216814,4.844255,1.6,0.31254998,0.099029996,134.537,2.671,0.858,0.07414,0.15137,0.29579002,0.022,0.0,10.88,11.81418,6103792128.0,7763923968.0,3.1,0.4637,1.055,Industrials,Industrial Distribution,36340747.0,35061189.0,34.672,1.1315279,1.439,12.082,0.03543,1.12399,5.84,2026-06-30,2026-07-23
PPG,16.572872,13.38823,3.231388,1.46,0.21077,0.063930005,97.592,1.624,1.134,0.09928001,0.111140005,0.41625,0.05,,6.93,8.57843,25703274496.0,31507367936.0,2.47,0.4017,1.155,Basic Materials,Specialty Chemicals,223798650.0,222982911.0,35.542,1.6191039,1.985,11.881,0.0014200001,0.9152,3.01,2025-12-31,2026-04-28
PPG,16.813753,13.550774,3.2279892,1.79,0.20748,0.06277,93.736,1.609,1.07,0.09832,0.1374,0.41691002,0.067,0.042,6.98,8.66076,26159544320.0,32422543360.0,2.52,0.4026,1.045,Basic Materials,Specialty Chemicals,222900000.0,222431910.0,36.357,1.6226999,2.011,11.951,0.00116,0.95096,3.65,2026-03-31,2026-07-28
PPG,14.995696,12.064909,2.7519746,1.49,0.19297001,0.060489997,86.938,1.58,1.055,0.09573,0.14016,0.41202998,0.072,-0.015,6.97,8.66314,23234795520.0,29242796032.0,2.83,0.4075,1.063,Basic Materials,Specialty Chemicals,222300000.0,221815386.0,37.98,1.4149439,1.781,10.839,0.0010899999,0.94168997,4.29,2026-06-30,2026-07-28
PPL,24.54088,18.428436,1.9693147,1.52,0.08157,0.03095,131.147,0.865,0.628,0.13061,0.18865,0.43475,0.028,0.499,1.59,2.11738,29349482496.0,47760990208.0,2.92,0.6855,0.68,Utilities,Utilities - Regulated Electric,752165097.0,749210646.0,19.814,3.245906,5.282,13.473,0.00149,0.87624,5.23,2025-12-31,2026-05-08
PPL,21.993864,16.9353,1.7954625,1.39,0.08316,0.031170001,135.116,1.003,0.714,0.13091,0.27181,0.43287998,0.108,0.073,1.63,2.11688,26971758592.0,46023761920.0,3.18,0.6764,0.589,Utilities,Utilities - Regulated Electric,752350362.0,750213687.0,19.967,2.8964517,4.942,12.602,0.00145,0.89048,3.25,2026-03-31,2026-08-07
PPL,19.72781,15.748479,1.6672502,1.22,0.086330004,0.03197,135.434,0.905,0.571,0.13471,0.23591,0.44094002,0.042,0.212,1.69,2.11703,25089845248.0,45133844480.0,3.42,0.65980005,0.583,Utilities,Utilities - Regulated Electric,752544841.0,750354936.0,19.997,2.6697006,4.802,12.007,0.00171,0.92384005,4.69,2026-06-30,2026-08-07
PRU,10.175176,6.685464,1.0903378,1.18,0.11359999,0.00424,124.482,0.916,0.811,0.0584,0.1041,0.29603,0.312,,9.99,15.20463,35374198784.0,41814200320.0,5.36,0.5405,0.94,Financial Services,Insurance - Life,347818703.0,346889880.0,93.228,0.5776983,0.683,7.975,0.00178,0.6317,4.62,2025-12-31,2026-05-05
PRU,12.275258,8.157155,1.2933816,1.29,0.10711,0.00409,158.972,0.81,0.715,0.054759998,0.04721,0.28956,0.153,-0.143,9.7,14.597,41356001280.0,61109288960.0,4.7,0.56130004,0.84,Financial Services,Insurance - Life,347325107.0,345910420.0,92.061,0.6534469,0.966,11.975,0.00174,0.64645,6.1,2026-03-31,2026-08-04
PRU,10.734362,7.9688406,1.2943994,0.69,0.12011,0.00435,163.891,0.777,0.681,0.06007,0.075219996,0.29015,0.141,0.892,11.03,14.85787,40847998976.0,61406998528.0,4.73,0.4986,0.819,Financial Services,Insurance - Life,345000000.0,343899450.0,91.471,0.6262725,0.941,11.795,0.00177,0.64999,7.37,2026-06-30,2026-08-04
PSA,34.357777,29.516907,11.079184,4.5,0.18763,0.07053,109.763,0.261,0.181,0.36915,0.46206,0.74723,0.033,-0.193,9.0,10.47603,54281183232.0,68649594880.0,3.88,1.3319,0.999,Real Estate,REIT - Industrial,175542279.0,157404712.0,27.91,11.229697,14.202,20.151,0.101739995,0.83337,5.09,2025-12-31,2026-04-27
PSA,32.88935,30.286495,11.453884,4.63,0.20175,0.072119996,107.646,0.188,0.091,0.39061,0.46252,0.74767995,0.032,0.328,9.67,10.50105,55841353728.0,70173605888.0,3.77,1.2397,0.952,Real Estate,REIT - Industrial,175579656.0,157436449.0,27.767,11.462907,14.405,20.418,0.10172,0.87208,6.64,2026-03-31,2026-07-29
PSA,28.246902,28.972116,10.7510605,3.97,0.21929,0.06985,109.632,0.22,0.13,0.41632998,0.45703998,0.7442,0.033,0.451,10.49,10.22742,55366201344.0,66404110336.0,4.05,1.145,0.935,Real Estate,REIT - Industrial,186852295.0,158598177.0,27.561,11.275192,13.523,19.323,0.09558,0.83833003,7.63,2026-06-30,2026-07-29
PSKY,391.33334,12.526408,1.1285206,1.31,-0.00863,0.026349999,117.11,1.257,0.933,-0.02149,-0.0064999997,0.3183,0.021,,0.03,0.93722,13051839488.0,26248747008.0,1.7,6.6667,1.388,Communication Services,Entertainment,1080241022.0,912602614.0,10.403,0.45176142,0.909,9.791,0.03345,0.28425,5.49,2025-12-31,2026-05-04
PSKY,437.5,9.876181,0.8357211,1.31,-0.0076800003,0.02812,130.167,1.1,0.837,-0.02083,0.095410004,0.32558998,0.022,-0.318,0.02,0.88597,9792764928.0,25490763776.0,2.29,6.6667,1.447,Communication Services,Entertainment,1087672971.0,489526296.0,10.47,0.33714676,0.878,8.249,0.0334,0.31402,8.74,2026-03-31,2026-05-04
PSKY,340.33334,12.00047,0.97238094,0.73,-0.00896,0.027490001,126.479,1.04,0.736,-0.021329999,0.09345,0.33328998,0.009,-0.541,0.03,0.8508,11455066112.0,27069067264.0,1.96,6.6667,1.52,Communication Services,Entertainment,1090445692.0,536940811.0,10.5,0.39350966,0.93,8.178,0.50798,0.31756002,6.72,2026-06-30,2026-08-04
PSX,14.492122,10.444727,2.1560543,0.94,0.15427,0.03748,71.38,1.296,0.817,0.03326,0.02747,0.123009995,0.013,2427.284,10.79,14.97119,62701645824.0,84282343424.0,3.25,0.4402,0.755,Energy,Oil & Gas Refining & Marketing,400982591.0,399870400.0,72.526,0.47366324,0.637,12.632,0.0023,0.78260005,1.83,2025-12-31,2026-04-29
PSX,20.440712,11.483635,2.9072154,1.2,0.14547,0.038,91.385,1.132,0.705,0.03066,0.0063899998,0.1252,0.069,-0.568,10.12,18.01346,82937413632.0,106064420864.0,2.46,0.48119998,0.681,Energy,Oil & Gas Refining & Marketing,400935020.0,400008860.0,71.154,0.6166992,0.789,15.066,0.00217,0.8082,3.0,2026-03-31,2026-08-05
PSX,15.5985155,11.11434,3.4591808,1.3,0.23452999,0.06036,62.884,1.32,0.862,0.046609998,0.08529,0.13098,0.531,3.449,17.51,24.57456,109507379200.0,126647582720.0,1.86,0.282,0.704,Energy,Oil & Gas Refining & Marketing,400935020.0,398103168.0,78.958,0.7196526,0.832,12.76,0.00211,0.80521005,1.98,2026-06-30,2026-10-28
PTC,20.580267,16.779076,4.3237724,1.44,0.23141001,0.112390004,35.942,1.219,0.891,0.28612,0.33803,0.84233004,0.214,1.044,6.79,8.32823,16628516864.0,17799839744.0,,0.0,1.058,Technology,Software - Application,118996116.0,118459444.0,32.319,5.8143234,6.224,14.517,0.00327,1.02308,4.0,2025-12-31,2026-05-06
PTC,11.947166,14.412041,3.721536,1.04,0.344,0.119899996,35.78,1.234,1.06,0.41575,0.41625,0.84713,0.217,2.689,10.41,8.62959,14365455360.0,15307395072.0,,0.0,0.994,Technology,Software - Application,115505791.0,114949053.0,33.419,4.791903,5.106,11.602,0.0032499998,1.0428901,2.4,2026-03-31,2026-07-29
PTC,13.180407,15.252721,4.3361306,1.27,0.35053003,0.11537,46.335,1.025,0.889,0.41429,0.28232,0.84501,-0.068,-0.12,10.31,8.90923,14744915968.0,16001156096.0,,0.0,1.002,Technology,Software - Application,108506261.0,107908392.0,31.339,4.9915557,5.417,12.54,0.00354,1.07912,4.57,2026-06-30,2026-07-29
PWR,88.511765,39.124374,10.072125,1.97,0.12739,0.045489997,71.102,1.136,1.011,0.03611,0.05228,0.15010999,0.197,0.026,6.8,15.38376,90316136448.0,96122011648.0,0.07,0.060300004,1.106,Industrials,Engineering & Construction,150056720.0,148097798.0,59.757,3.1712463,3.375,38.489,0.00758,0.95741,3.66,2025-12-31,2026-04-30
PWR,86.21811,38.16337,10.42788,1.95,0.13534,0.04709,69.121,1.135,1.02,0.036679998,0.04244,0.15100001,0.263,0.51,7.29,16.46946,94317305856.0,100370563072.0,0.07,0.057600003,1.215,Industrials,Engineering & Construction,150060149.0,148688599.0,60.274,3.1312652,3.332,37.746,0.00648,0.94814,2.29,2026-03-31,2026-07-30
PWR,73.017204,32.295567,9.927498,1.44,0.15337,0.052259997,67.78,1.098,0.979,0.04032,0.07217,0.15456,0.411,0.947,8.72,19.71509,95725142016.0,101925847040.0,0.07,0.049200002,1.2,Industrials,Engineering & Construction,150343393.0,148973765.0,64.136,2.9091244,3.098,33.473,0.0066799996,0.94098,2.77,2026-06-30,2026-07-30
PYPL,9.391868,8.735254,2.3077621,0.92,0.25732002,0.048800003,60.703,1.287,0.245,0.15775,0.17485,0.41484,0.037,0.394,5.41,5.81666,46778966016.0,48652963840.0,1.1,0.025899999,1.411,Financial Services,Credit Services,899673971.0,918583840.0,22.017,1.4101943,1.467,7.317,0.00662,0.84346,2.55,2025-12-31,2026-05-05
PYPL,10.611632,9.828198,2.5196009,1.02,0.25120002,0.04738,58.28,1.259,0.216,0.14997,0.17969999,0.40929002,0.072,-0.062,5.33,5.75487,49891885056.0,52219887616.0,0.99,0.0525,1.332,Financial Services,Credit Services,882105493.0,880006082.0,22.448,1.4789792,1.548,7.946,0.00679,0.80433,3.17,2026-03-31,2026-07-28
PYPL,9.907372,9.059308,2.2793894,0.93,0.24497,0.046230003,71.751,1.288,0.251,0.14364,0.16966,0.40477002,0.048,-0.031,5.29,5.78521,44834705408.0,47799705600.0,1.07,0.0794,1.286,Financial Services,Credit Services,855460874.0,853510423.0,22.993,1.313722,1.401,7.404,0.0070599997,0.78976,2.9,2026-06-30,2026-10-27
Q,41.3,31.077414,4.025103,2.77,0.079840004,0.048449997,61.431,1.945,1.406,0.14556,0.2042,0.46172002,0.081,-0.528,3.3,4.3855,28574410752.0,32457412608.0,0.23,0.0182,,Technology,Semiconductor Equipment & Materials,209441577.0,209145243.0,33.86,6.010604,6.827,23.234,0.00046,0.75144994,1.58,2025-12-31,2026-05-12
Q,43.842445,27.925068,3.9751031,2.24,0.07481,0.050630003,60.756,2.124,1.234,0.13129,0.22814,0.46091998,0.176,-0.217,3.11,4.88271,28543401984.0,32496400384.0,0.23,0.045100003,,Technology,Semiconductor Equipment & Materials,209339207.0,208797018.0,34.301,5.765179,6.564,22.427,0.00072999997,0.7661,2.24,2026-03-31,2026-08-04
Q,42.875,22.321844,3.462049,1.27,0.06722,0.053049996,59.992,2.008,1.202,0.11248,0.22323,0.46219003,0.221,-0.343,2.8,5.37814,25115486208.0,28968484864.0,0.27,0.078600004,,Technology,Semiconductor Equipment & Materials,209208543.0,208679245.0,34.676,4.820631,5.56,18.983,0.00075,0.78756,2.6,2026-06-30,2026-08-04
QCOM,27.459677,12.326572,6.3398967,0.58,0.2148,0.14047,64.218,2.505,1.626,0.11958,0.27473,0.55101,0.05,-0.018,4.96,11.0493,145467736064.0,148320403456.0,2.7,0.7097,1.279,Technology,Semiconductors,1067000000.0,1064705950.0,21.483,3.242199,3.306,10.776,0.0013600001,0.81656,3.52,2025-12-28,2026-04-29
QCOM,18.49085,15.542775,6.6689963,0.54,0.36083,0.12692,55.979,2.366,1.448,0.22308001,0.22059,0.54799,-0.035,1.73,9.29,11.05208,181056110592.0,186527121408.0,2.14,0.38279998,1.638,Technology,Semiconductors,1054000000.0,1051754980.0,25.758,4.0699573,4.193,14.349,0.00119,0.85653,1.79,2026-03-29,2026-07-29
QCOM,20.334097,17.416683,6.791761,0.79,0.33754003,0.11612,55.21,2.016,1.137,0.21013,0.18528,0.54226,-0.04,-0.23,8.74,10.20401,189815717888.0,193613578240.0,2.07,0.4103,1.679,Technology,Semiconductors,1068060487.0,1048438021.0,26.167,4.307239,4.393,16.136,0.00122,0.83045995,3.36,2026-06-28,2026-07-29
RCL,18.27657,14.210055,7.6915617,1.19,0.47731,0.07814,215.09,0.183,0.095,0.23797001,0.21977,0.50616,0.133,0.371,15.62,20.09,77854097408.0,98648416256.0,1.49,0.2242,1.941,Consumer Cyclical,Travel Services,270528303.0,256644790.0,37.116,4.3409033,5.5,14.863,0.0032300001,0.90915,4.5,2025-12-31,2026-04-30
RCL,17.508236,14.34303,7.845153,1.41,0.49576,0.0808,217.312,0.199,0.09,0.24358,0.26168,0.50914,0.113,0.289,16.39,20.00693,76961226752.0,98459230208.0,1.74,0.2593,1.764,Consumer Cyclical,Travel Services,268194978.0,254409756.0,36.578,4.185405,5.355,14.265,0.018170001,0.90432,4.68,2026-03-31,2026-07-28
RCL,15.173456,12.113128,6.4225435,0.99,0.44669998,0.07682,224.816,0.209,0.113,0.23541,0.2707,0.50284,0.065,-0.046,16.2,20.29286,65742393344.0,88609398784.0,2.44,0.30879998,1.75,Consumer Cyclical,Travel Services,267452084.0,241969249.0,38.273,3.5190234,4.743,12.794,0.06196,0.90814,7.01,2026-06-30,2026-07-28
RDDT,35.081394,15.571629,8.8299,0.75,0.30712,0.15653,0.635,10.486,10.175,0.31348,0.28788,0.91442,0.611,1.778,4.3,9.68749,29023014912.0,26257522688.0,,0.0,2.022,Communication Services,Internet Content & Information,146103200.0,140697644.0,17.084,10.444314,9.449,32.76,0.0065499996,0.89082,2.46,2026-06-30,2026-07-30
REG,28.698582,31.870485,2.2092705,2.61,0.07683,0.03153,69.389,0.618,0.549,0.32740003,0.38762,0.71623003,0.089,1.419,2.82,2.53934,15127561216.0,20134178816.0,3.73,1.0177,0.922,Real Estate,REIT - Retail,183083369.0,163833566.0,36.632,9.389918,12.498,19.675,0.0064,1.03948,4.08,2025-12-31,2026-04-29
REG,28.41237,32.79807,2.2640269,2.61,0.08003,0.03208,73.218,1.036,0.922,0.33106998,0.40727,0.71702003,0.1,0.172,2.91,2.52088,15455783936.0,20691976192.0,3.65,1.0034,0.825,Real Estate,REIT - Retail,183096790.0,164242944.0,36.519,9.36448,12.537,19.693,0.0064499998,1.04362,3.54,2026-03-31,2026-07-29
REG,24.562288,28.980843,2.004286,2.61,0.081870005,0.0323,71.972,0.964,0.888,0.32996,0.39643002,0.71539,0.089,0.089,2.97,2.51718,13638639616.0,18776547328.0,4.14,1.0009999,0.807,Real Estate,REIT - Retail,183120547.0,164375940.0,36.397,8.091593,11.14,17.528,0.0064600003,1.03529,4.94,2026-06-30,2026-07-29
REGN,18.081669,14.323804,2.4637287,1.6,0.14864999,0.05909,9.511,4.126,3.284,0.31409,0.23134,0.44566002,0.025,-0.026,41.51,52.40019,79350120448.0,71390846976.0,0.5,0.0849,0.397,Healthcare,Biotechnology,103902660.0,98552983.0,304.648,5.5323625,4.977,16.815,0.01984,0.90977997,4.46,2025-12-31,2026-04-29
REGN,16.528824,12.363912,2.1947296,1.17,0.14548,0.06126,8.612,3.565,2.836,0.29648,0.20658001,0.43885,0.19,-0.072,40.94,54.73106,70943522816.0,62798286848.0,0.56,0.0874,0.236,Healthcare,Biotechnology,103021886.0,97667436.0,308.325,4.7550554,4.209,14.328,0.02031,0.93447995,3.2,2026-03-31,2026-07-30
REGN,19.417368,12.945983,2.4828303,1.29,0.14043,0.06526,8.535,3.335,2.633,0.27865,0.33106,0.44458,0.167,-0.045,40.42,60.62498,80804225024.0,73083191296.0,0.48,0.090100005,0.193,Healthcare,Biotechnology,101137842.0,95849804.0,316.111,5.2015314,4.705,15.542,0.02085,0.93601,3.47,2026-06-30,2026-07-30
RF,11.1369295,9.403916,1.3165898,1.57,0.11895,0.01388,,,,0.30997,0.40067002,0.0,0.073,0.216,2.41,2.85413,22904707072.0,27231707136.0,3.95,0.4336,1.033,Financial Services,Banks - Regional,853379538.0,849428391.0,20.386,3.1909595,3.794,,0.0026,0.86336,4.61,2026-03-31,2026-07-17
RF,11.585365,10.01613,1.3910581,1.51,0.118669994,0.01393,,,,0.30837,0.39314997,0.0,0.034,0.085,2.46,2.84541,24279992320.0,30202990592.0,3.84,0.4309,1.003,Financial Services,Banks - Regional,851929506.0,847959515.0,20.488,3.3545167,4.173,,0.00263,0.87178004,7.36,2026-06-30,2026-10-16
RJF,14.833823,11.307025,2.3936841,0.95,0.17124,0.024530001,46.262,2.244,2.23,0.14758,0.19743,0.92980003,0.057,-0.024,10.23,13.42086,29966057472.0,19931564032.0,1.42,0.19940001,1.01,Financial Services,Asset Management,197091037.0,176392536.0,63.396,2.1079106,1.402,,0.10313,0.79398,6.46,2025-12-31,2026-04-22
RJF,15.898017,11.931118,2.607645,0.94,0.17289,0.024530001,48.477,2.295,2.282,0.14583,0.19323999,0.93031,0.131,0.153,10.59,14.111,32810508288.0,21987508224.0,1.28,0.19639999,0.939,Financial Services,Asset Management,194883034.0,174340413.0,64.564,2.2285206,1.493,,0.10423,0.81268996,6.63,2026-03-31,2026-07-22
RJF,14.363557,11.604327,2.492511,0.81,0.18416001,0.02576,47.594,2.109,2.097,0.15131,0.19301,0.93156,0.151,0.42,11.47,14.19729,31648475136.0,21839591424.0,1.31,0.1848,0.917,Financial Services,Asset Management,192100000.0,171742459.0,66.098,2.0766716,1.433,,0.105500005,0.81127,7.81,2026-06-30,2026-10-28
RL,21.830498,17.76544,6.72828,1.47,0.33846,0.09568,98.972,2.099,1.441,0.11726,0.20091,0.69649005,0.122,0.249,14.69,18.05134,19446853632.0,20021321728.0,1.14,0.24229999,1.387,Consumer Cyclical,Apparel Manufacturing,38655137.0,38056216.0,47.663,2.482651,2.556,14.643,0.038429998,1.05539,5.36,2025-12-27,2026-05-21
RL,25.195364,18.669891,8.047084,2.19,0.34664002,0.10882,105.913,2.128,1.502,0.11598,0.13372,0.69865,0.166,0.2,15.1,20.37773,22642993152.0,23587393536.0,0.98,0.24159999,1.352,Consumer Cyclical,Apparel Manufacturing,37635070.0,37178076.0,47.278,2.790436,2.907,15.515,0.02543,1.0760399,4.48,2026-03-28,2026-08-06
RL,21.102015,16.022392,7.3383846,1.8,0.37537,0.11005,110.373,2.045,1.325,0.117639996,0.18395,0.70268995,0.14,0.216,15.88,20.91448,19966009344.0,21028308992.0,1.19,0.2355,1.353,Consumer Cyclical,Apparel Manufacturing,37700963.0,37256178.0,45.664,2.3896506,2.517,13.199,0.025409998,1.0736799,4.61,2026-06-27,2026-08-06
RMD,22.563799,18.727127,5.2569475,1.41,0.25676,0.14745,13.411,3.06,1.974,0.27526,0.35162997,0.61474,0.11,0.145,10.11,12.18126,33297829888.0,32662808576.0,1.05,0.2235,0.928,Healthcare,Medical Instruments & Supplies,145678401.0,144788306.0,43.394,6.1684136,6.051,16.13,0.00504,0.68595004,11.24,2025-12-31,2026-04-30
RMD,19.189007,16.583883,4.44581,1.18,0.25246,0.14715,12.988,3.008,2.003,0.2744,0.35327,0.62181,0.108,0.105,10.37,11.999,28864770048.0,28047425536.0,1.21,0.22469999,0.775,Healthcare,Medical Instruments & Supplies,145056384.0,144155584.0,44.759,5.2123275,5.065,13.233,0.00501,0.69994,9.46,2026-03-31,2026-08-06
RMD,21.550768,17.003323,4.92794,1.31,0.24269,0.14002,12.542,3.1,1.831,0.26945,0.30857,0.61618,0.086,0.024,10.44,13.23212,32455325696.0,31812012032.0,1.17,0.2301,0.766,Healthcare,Medical Instruments & Supplies,144252306.0,143362269.0,45.656,5.740807,5.627,15.179,0.0049900003,0.71226,8.34,2026-06-30,2026-08-06
ROK,47.62085,30.254162,12.469406,2.28,0.23736,0.0871,99.289,1.156,0.642,0.11557,0.1753,0.48494,0.119,0.671,8.73,13.74125,46741848064.0,50093551616.0,1.33,0.6069,1.541,Industrials,Specialty Industrial Machinery,112357908.0,111990498.0,33.34,5.456671,5.848,26.947,0.0019699999,0.88591003,3.37,2025-12-31,2026-02-05
ROK,47.860107,31.572212,14.591495,2.01,0.27183,0.09337,113.367,1.091,0.616,0.12358,0.20724002,0.48921,0.119,0.396,9.65,14.62837,51391877120.0,55076876288.0,1.2,0.55869997,1.54,Industrials,Specialty Industrial Machinery,111273953.0,110904523.0,31.652,5.8373327,6.256,27.972,0.0017,0.91072,4.88,2026-03-31,2026-05-05
ROK,38.91573,27.976122,13.209382,1.83,0.30629,0.0999,103.347,1.075,0.658,0.13385001,0.20968,0.49091998,0.079,0.404,10.68,14.85624,46247677952.0,49290051584.0,1.33,0.5103,1.515,Industrials,Specialty Industrial Machinery,111273953.0,110697762.0,31.464,5.1540933,5.493,23.561,0.00169,0.92870003,4.27,2026-06-30,2026-08-04
ROL,50.458714,39.367542,19.257704,4.06,0.38944,0.15293999,75.529,0.602,0.442,0.14004,0.17643,0.52752,0.097,0.099,1.09,1.39709,26509385728.0,27398072320.0,1.33,0.6228,0.84,Consumer Cyclical,Personal Services,481988844.0,308885260.0,2.856,7.0484,7.285,32.082,0.38371,0.59316003,3.97,2025-12-31,2026-04-22
ROL,41.38532,32.436436,15.717771,3.25,0.38671002,0.14981,77.235,0.646,0.468,0.13766,0.16051,0.52603,0.102,0.013,1.09,1.39072,21718824960.0,22669422592.0,1.62,0.6388,0.747,Consumer Cyclical,Personal Services,481463663.0,309051525.0,2.87,5.648633,5.896,26.356,0.38414,0.61729,2.81,2026-03-31,2026-07-22
ROL,29.481817,24.93522,10.915517,2.61,0.37008998,0.14061,78.015,0.629,0.424,0.1355,0.18799,0.52366,0.079,0.031,1.1,1.30057,15603546112.0,16609763328.0,2.25,0.649,0.736,Consumer Cyclical,Personal Services,481145404.0,309068562.0,2.971,3.9764197,4.233,19.201,0.38422,0.61372,3.28,2026-06-30,
ROP,25.505981,15.5031805,1.9433155,1.6,0.07929,0.04239,47.957,0.518,0.416,0.19441,0.28577998,0.69244003,0.097,-0.073,14.21,23.37843,37305049088.0,46542147584.0,1.0,0.2324,0.89,Technology,Software - Application,102372821.0,102378911.0,186.506,4.7206645,5.89,14.853,0.00375,1.02192,2.47,2025-12-31,2026-04-23
ROP,22.682074,15.208454,1.976057,1.49,0.09012,0.04319,55.606,0.534,0.417,0.21123,0.27185,0.69404,0.113,0.592,16.01,23.87751,36647133184.0,46728228864.0,1.0,0.21139999,0.752,Technology,Software - Application,100917359.0,100359286.0,183.77,4.5159745,5.758,14.627,0.00386,1.04659,4.35,2026-03-31,2026-07-23
ROP,15.530833,15.343887,1.9713036,1.47,0.13066,0.04232,60.531,0.553,0.438,0.30244,0.27725,0.69525003,0.085,2.33,24.0,24.29241,36864311296.0,47818813440.0,0.98,0.1446,0.747,Technology,Software - Application,98900874.0,98352963.0,189.083,4.45205,5.775,14.768,0.00387,1.06774,7.9,2026-06-30,2026-07-23
ROST,32.17549,25.933485,11.0793915,3.07,0.36678,0.11112001,84.241,1.583,0.992,0.094289996,0.12269,0.32562,0.122,0.118,6.61,8.20098,68790263808.0,69176786944.0,0.84,0.2451,0.875,Consumer Cyclical,Apparel Retail,322148148.0,314613785.0,19.196,3.0236738,3.041,21.505,0.021370001,0.94119,3.35,2026-01-31,2026-05-21
ROST,33.00844,27.236425,11.949594,2.9,0.38981998,0.12161,74.911,1.541,0.884,0.097399995,0.13377,0.32740003,0.206,0.374,7.11,8.61677,75284111360.0,75876278272.0,0.75,0.2318,0.877,Consumer Cyclical,Apparel Retail,320781076.0,313037421.0,19.64,3.1663826,3.191,22.115,0.02128,0.95343,4.17,2026-05-02,2026-08-20
ROST,27.40145,25.341156,10.742866,2.43,0.42628,0.12785,70.281,1.612,0.929,0.10848,0.13578,0.33385,0.133,0.705,8.27,8.94237,72692203520.0,72842297344.0,0.79,0.2056,0.861,Consumer Cyclical,Apparel Retail,320781076.0,311811792.0,21.094,2.9656007,2.972,19.918,0.021370001,0.95755,3.16,2026-08-01,2026-08-20
RSG,30.315329,25.81006,5.344211,2.99,0.18301001,0.06221,115.348,0.642,0.572,0.12893,0.19492,0.43005002,0.022,0.074,6.85,8.0457,64157843456.0,77857439744.0,1.2,0.3518,0.535,Industrials,Waste Management,308956192.0,308066926.0,38.857,3.867027,4.693,15.144,0.0012899999,0.97356004,2.6,2025-12-31,2026-05-07
RSG,31.84957,27.56188,5.7154975,3.23,0.18346001,0.06181,117.578,0.671,0.597,0.12991999,0.20204,0.43049,0.026,0.075,6.98,8.06585,68396806144.0,82366799872.0,1.12,0.3522,0.405,Industrials,Waste Management,307664087.0,306891850.0,38.896,4.0968437,4.934,15.855,0.00127,0.97121,2.13,2026-03-31,2026-08-06
RSG,30.844414,27.059324,5.546033,2.81,0.18152,0.0617,118.798,0.644,0.579,0.12942,0.20429,0.43035,0.046,0.051,7.07,8.05896,66775867392.0,80964861952.0,1.23,0.3541,0.4,Industrials,Waste Management,306212978.0,305560744.0,39.32,3.95334,4.793,15.401,0.00179,0.98880994,2.99,2026-06-30,2026-08-06
RTX,39.52113,26.073082,4.040982,2.75,0.109519996,0.03877,59.513,1.026,0.667,0.07598,0.110240005,0.20076999,0.121,0.083,4.97,7.53344,264376270848.0,298066149376.0,1.38,0.53830004,0.428,Industrials,Aerospace & Defense,1345974220.0,1248367807.0,48.607,2.9838297,3.364,20.228,0.00072999997,0.80982,2.3,2025-12-31,2026-04-21
RTX,36.374058,25.503117,3.9317715,2.65,0.11571,0.040510003,57.229,1.024,0.646,0.080290005,0.13182001,0.20212999,0.087,0.325,5.32,7.5877,260596695040.0,294467698688.0,1.51,0.5103,0.298,Industrials,Aerospace & Defense,1346683428.0,1251621045.0,49.217,2.883568,3.258,19.293,0.00083,0.81357,2.95,2026-03-31,2026-07-23
RTX,34.15493,24.709002,3.9390862,2.25,0.12274,0.04212,57.02,1.011,0.652,0.08276,0.12696,0.20347,0.145,0.287,5.68,7.85139,261465063424.0,293783076864.0,1.51,0.48770002,0.287,Industrials,Aerospace & Defense,1347758144.0,1249856992.0,49.25,2.796418,3.142,18.483,0.00091,0.81702006,2.86,2026-06-30,2026-07-23
RVTY,45.611652,15.641048,1.4550973,0.57,0.03216,0.02217,46.869,1.682,1.25,0.08445,0.20066999,0.54774,0.059,0.125,2.06,6.00727,10505040896.0,12983016448.0,0.3,0.1359,1.129,Healthcare,Diagnostics & Research,111803327.0,102654185.0,64.573,3.67817,4.546,15.439,0.0034400001,1.0365,7.79,2025-12-28,2026-05-05
RVTY,52.956734,18.865694,1.7118657,0.69,0.03227,0.0227,46.642,1.718,1.253,0.08258,0.12355,0.54316,0.07,0.035,2.08,5.83864,12288309248.0,14778168320.0,0.25,0.1346,1.091,Healthcare,Diagnostics & Research,111559773.0,102139666.0,64.345,4.2338343,5.092,17.28,0.00352,1.06382,4.94,2026-04-05,2026-08-04
RVTY,68.96635,24.34401,2.2143157,0.73,0.03211,0.023740001,46.225,1.8,1.357,0.08158,0.17052999,0.54976004,0.013,0.012,2.08,5.89262,16007068672.0,18325641216.0,0.2,0.1346,1.089,Healthcare,Diagnostics & Research,111586401.0,102484298.0,64.783,5.4972897,6.294,20.924,0.0026699998,0.96531,4.14,2026-07-05,2026-08-04
SATS,,-90.67087,6.6728454,1.33,-1.11347,-0.0011,532.734,0.415,0.344,-0.96616,0.097679995,0.25823,-0.043,,-50.42,-1.46916,38481158144.0,66505867264.0,,0.0,1.003,Communication Services,Telecom Services,157527391.0,135936313.0,19.963,2.5645576,4.432,44.503,0.13399,0.99435997,4.16,2025-12-31,2026-03-02
SATS,,-1197.544,6.838652,1.33,-1.1228399,0.00397,515.06,0.302,0.236,-0.97559,0.08908,0.27082002,-0.052,,-50.21,-0.114,39565340672.0,67337351168.0,,0.0,0.96,Communication Services,Telecom Services,158465020.0,136644161.0,19.963,2.6728427,4.549,42.417,0.1373,1.1129,6.72,2026-03-31,2026-03-02
SBAC,22.769388,27.970222,-4.8579454,5.01,,0.082550004,,0.286,0.173,0.37427,0.52439,0.74485,0.037,1.156,9.8,7.97777,23666765824.0,38750756864.0,2.24,0.45310003,0.88,Real Estate,REIT - Specialty,106062407.0,105003641.0,-45.933,8.406961,13.765,21.402,0.0076200003,1.00376,3.03,2025-12-31,2026-04-29
SBAC,19.546316,23.061695,-4.144866,7.71,,0.08568,,0.196,0.136,0.35656,0.52423,0.74191004,0.059,-0.147,9.5,8.05188,19694841856.0,34932973568.0,2.69,0.48209998,0.997,Real Estate,REIT - Specialty,106063017.0,105268605.0,-44.8,6.89999,12.239,19.113,0.00769,1.00805,2.56,2026-03-31,2026-08-03
SBAC,19.265371,21.820593,-4.092159,10.37,,0.08406,,0.165,0.122,0.34512,0.52165,0.742,0.023,-0.105,9.27,8.18447,18946275328.0,33913493504.0,2.8,0.5092,0.984,Real Estate,REIT - Specialty,106088110.0,105298814.0,-43.642,6.6000595,11.814,18.496,0.00765,1.01343,3.73,2026-06-30,2026-08-03
SBUX,83.33333,33.99129,-13.5795765,1.72,,0.06874,,1.047,0.419,0.036310002,0.09262,0.22167999,0.055,-0.625,1.2,2.94193,113929994240.0,135827300352.0,2.48,2.0417,0.944,Consumer Cyclical,Restaurants,1139300000.0,1137032793.0,-7.364,3.0218794,3.603,25.641,0.0013,0.84665,5.28,2025-12-28,2026-04-28
SBUX,80.52672,35.094547,-14.199758,1.29,,0.07377,,0.922,0.261,0.03888,0.084180005,0.21897,0.088,0.326,1.31,3.00588,120226947072.0,142942552064.0,2.35,1.8778999,0.969,Consumer Cyclical,Restaurants,1139700000.0,1137375012.0,-7.429,3.1250832,3.716,26.494,0.00121,0.8815,5.89,2026-03-29,2026-07-29
SBUX,55.393063,30.687695,-14.232883,1.13,,0.08022001,,0.76,0.496,0.05172,0.12919,0.22341,-0.014,0.857,1.73,3.12275,109246201856.0,128096198656.0,2.59,1.4277,0.965,Consumer Cyclical,Restaurants,1140000000.0,1137606000.0,-6.733,2.8495317,3.341,22.703,0.00127,0.87097,6.2,2026-06-28,2026-07-29
SCHW,20.190853,13.499001,4.156333,1.21,0.19083,0.019709999,120.766,0.632,0.632,0.37986,0.49352002,0.9746,0.158,0.386,5.03,7.52352,176626597888.0,146372608000.0,1.26,0.22469999,0.762,Financial Services,Capital Markets,1739135507.0,1635256943.0,24.435,7.1208916,5.901,,0.061690003,0.88641,0.0,2026-03-31,2026-07-21
SCHW,19.17122,13.484306,4.139952,0.89,0.20273,0.020680001,151.106,0.655,0.655,0.38793,0.52277,0.97495,0.209,0.426,5.49,7.80537,182012575744.0,167644577792.0,1.22,0.2149,0.753,Financial Services,Capital Markets,1729335714.0,1625800385.0,25.423,6.9937587,6.442,,0.062119998,0.85546994,0.01,2026-06-30,2026-10-15
SHW,33.679337,25.876663,18.50731,3.0,0.59391,0.096140005,306.061,0.868,0.444,0.108950004,0.14162,0.48848,0.056,0.014,10.26,13.35373,85618565120.0,98991915008.0,0.93,0.308,1.269,Basic Materials,Specialty Chemicals,247362348.0,229665205.0,18.671,3.6318603,4.199,22.064,0.06277,0.83188003,2.93,2025-12-31,2026-04-28
SHW,31.857695,24.889925,18.334349,2.56,0.60723,0.09445,329.521,0.863,0.468,0.1086,0.14163,0.49036,0.068,0.075,10.4,13.31141,81715314688.0,95627059200.0,0.97,0.3045,1.1,Basic Materials,Specialty Chemicals,246635621.0,228549256.0,18.071,3.4139798,3.995,20.983,0.062750004,0.82758003,2.75,2026-03-31,2026-07-28
SHW,29.587639,23.582048,20.07951,2.07,0.65124,0.09516,389.958,0.727,0.413,0.11013,0.18124,0.48981997,0.075,0.143,10.84,13.6006,77859823616.0,92140380160.0,1.0,0.2934,1.089,Basic Materials,Specialty Chemicals,242758151.0,224686650.0,15.973,3.1896298,3.775,19.566,0.063590005,0.85042,4.17,2026-06-30,2026-07-28
SJM,,10.372354,2.0996861,2.17,-0.20683001,0.04804,143.204,0.844,0.296,-0.14068,0.18778,0.3421,0.07,,-11.79,9.9341,10989042688.0,18434543616.0,4.27,0.8606,0.245,Consumer Defensive,Packaged Foods,106648319.0,104356447.0,49.074,1.2310445,2.065,9.81,0.02234,0.92748,2.71,2026-01-31,2026-06-09
SJM,,11.422874,2.3634439,2.17,-0.02386,0.05065,128.609,0.777,0.282,-0.015319999,0.18456,0.34257,0.058,,-1.35,10.75386,13129223168.0,20173576192.0,3.78,0.8606,0.25,Consumer Defensive,Packaged Foods,106880690.0,104355031.0,51.975,1.4505986,2.229,10.474,0.022650002,0.90586,3.59,2026-04-30,2026-08-26
SJM,57.453266,11.296865,2.2838726,2.17,0.03931,0.06257,120.682,0.87,0.288,0.02506,0.17898001,0.37951002,0.05,,2.14,10.88355,13133910016.0,20030910464.0,3.64,2.0561,0.263,Consumer Defensive,Packaged Foods,106823183.0,104516870.0,53.834,1.4343184,2.188,8.848,0.02256,0.90779996,3.54,2026-07-31,2026-08-26
SLB,22.408512,15.76524,3.0160367,1.84,0.13904001,0.067719996,45.975,1.326,0.883,0.09449001,0.15988,0.18687999,0.05,-0.286,2.35,3.34026,79049678848.0,88168153088.0,2.24,0.48509997,0.695,Energy,Oil & Gas Equipment & Services,1501133298.0,1490606238.0,17.46,2.2137806,2.469,11.402,0.0021799998,0.87888,3.2,2025-12-31,2026-04-24
SLB,20.700441,14.249455,2.6837626,1.62,0.14066,0.06467,42.515,1.341,0.867,0.09263,0.12269,0.17802,0.027,-0.138,2.27,3.29767,70252765184.0,79605760000.0,2.51,0.5066,0.733,Energy,Oil & Gas Equipment & Services,1495057661.0,1490363180.0,17.509,1.954778,2.215,10.6,0.0021799998,0.93327004,3.21,2026-03-31,2026-07-24
SLB,24.936584,15.803385,2.9098358,1.35,0.12909001,0.06172,47.002,1.439,0.942,0.08527,0.12706,0.16991,0.05,-0.297,2.05,3.23475,75869396992.0,85735399424.0,2.31,0.5659,0.774,Energy,Oil & Gas Equipment & Services,1484143231.0,1479527546.0,17.568,2.0862727,2.358,11.613,0.0021600001,0.92523,4.9,2026-06-30,2026-07-24
SMCI,20.846714,9.560152,2.4464622,0.91,0.13193,0.03418,75.28,1.697,0.981,0.03111,0.0374,0.0802,1.234,0.192,1.37,2.9874,17149763584.0,18264739840.0,,0.0,1.629,Technology,Computer Hardware,600481952.0,499575153.0,11.674,0.611245,0.651,16.652,0.13854,0.56428003,1.85,2025-12-31,2026-02-03
SMCI,12.726316,7.7378225,1.9195046,0.91,0.17877,0.05524,120.798,2.655,1.2,0.03701,0.061100002,0.08394,1.227,3.26,1.9,3.12491,15641390080.0,22388582400.0,,0.0,1.936,Technology,Computer Hardware,646873027.0,508968433.0,12.597,0.46413335,0.664,14.182,0.12874,0.64165,1.38,2026-03-31,2026-05-05
SMCI,11.990798,7.3395767,2.5043244,0.91,0.21465999,0.07877,63.951,3.872,1.928,0.0571,0.13382,0.108219996,0.932,4.347,3.26,5.32592,25680777216.0,31622502400.0,,0.0,1.996,Technology,Computer Hardware,656965384.0,557625648.0,15.609,0.65741825,0.81,11.197,0.12696,0.69431,1.77,2026-06-30,2026-08-11
SNA,19.805727,17.738129,3.3250556,2.11,0.18327999,0.10032,21.711,4.793,3.512,0.19722,0.25397,0.51735,0.031,0.029,19.2,21.438,19795845120.0,19435202560.0,2.57,0.4617,0.761,Industrials,Tools & Accessories,52057343.0,50609063.0,114.365,3.8393059,3.769,13.924,0.02362,0.95501,6.97,2026-01-03,2026-04-23
SNA,21.22882,19.247114,3.5728629,2.3,0.18202,0.099180005,21.731,3.528,2.614,0.19601,0.24566,0.51616,0.052,0.04,19.36,21.35333,21290067968.0,20862470144.0,2.37,0.4729,0.721,Industrials,Tools & Accessories,51801916.0,50505314.0,115.031,4.07762,3.996,14.86,0.02395,0.98697,9.21,2026-04-04,2026-07-23
SNA,18.977562,17.441124,3.186052,1.9,0.17932,0.09849,21.595,3.433,2.508,0.19597,0.25397,0.5183,0.042,0.051,19.61,21.3375,19250249728.0,18941048832.0,2.62,0.4827,0.712,Industrials,Tools & Accessories,51727124.0,50417393.0,116.806,3.6494057,3.591,13.381,0.02421,0.9968,11.39,2026-07-04,2026-07-23
SNDK,,8.36906,13.346326,,-0.09372,0.05866,7.96,3.114,1.729,-0.11659,0.35504,0.34807998,0.612,6.18,-7.46,110.04701,135939022848.0,135181959168.0,,0.0,,Technology,Computer Hardware,147600972.0,139059997.0,69.007,15.224439,15.14,94.865,0.054780003,0.83167,0.43,2026-01-02,2026-04-30
SNDK,46.3028,6.3726068,14.554185,,0.39297,0.22823,1.503,4.782,3.432,0.34185,0.69983,0.56038,2.51,,29.26,212.60059,200634957824.0,197106958336.0,,0.0,,Technology,Computer Hardware,148089758.0,146003173.0,93.088,15.218064,14.95,34.998,0.0113,0.81167,0.63,2026-04-03,2026-08-05
SNDK,24.272825,6.7686954,16.966225,,0.9164,0.43910998,1.277,2.29,1.707,0.56465,0.78472,0.71474,3.716,,73.82,264.72162,262356500480.0,257795489792.0,,0.0,,Technology,Computer Hardware,146419001.0,144483342.0,105.611,12.957156,12.732,20.432,0.00983,0.80938005,0.41,2026-07-03,2026-08-05
SNPS,75.74693,28.956589,3.095083,3.29,0.055430003,0.02041,35.579,1.363,1.172,0.13756,0.13340001,0.82024,0.655,-0.82,6.52,17.05553,94606737408.0,103270981632.0,,0.0,1.245,Technology,Software - Infrastructure,191562027.0,190472039.0,159.566,11.814528,12.897,63.943,0.029830001,0.90906996,2.91,2026-01-31,2026-05-27
SNPS,92.66512,23.240767,2.520336,2.26,0.03824,0.014939999,35.574,1.434,0.997,0.089090005,0.10383,0.82598996,0.419,-0.96,4.33,17.26449,76829163520.0,85185617920.0,,0.0,1.213,Technology,Software - Infrastructure,191479325.0,190368745.0,159.201,8.851918,9.815,50.22,0.02987,0.93309,2.71,2026-04-30,2026-08-26
SNPS,67.06795,21.965788,2.3677783,2.06,0.03661,0.01353,34.804,1.337,1.166,0.11432999,0.14521,0.82921,0.424,0.893,5.74,17.52589,73774358528.0,81007321088.0,,0.0,1.227,Technology,Software - Infrastructure,191636646.0,190523237.0,162.587,7.8346124,8.603,39.031,0.029860001,0.93063,3.12,2026-07-31,2026-08-26
SO,24.109694,19.22627,2.9370086,2.7,0.11043,0.03281,190.586,0.646,0.338,0.14689,0.12735,0.48469,0.101,-0.221,3.92,4.91567,106541506560.0,181080670208.0,3.13,0.75,0.405,Utilities,Utilities - Regulated Electric,1127304104.0,1116917436.0,32.179,3.6050994,6.127,13.002,0.00097000005,0.72013,4.94,2025-12-31,2026-04-30
SO,24.373402,19.379726,2.8940177,2.61,0.109910004,0.03237,190.431,0.65,0.317,0.14458999,0.25819,0.48002997,0.08,-0.008,3.91,4.91751,107431796736.0,185245794304.0,3.19,0.75699997,0.332,Utilities,Utilities - Regulated Electric,1127301098.0,1124775944.0,32.93,3.5602915,6.139,13.256,0.00098,0.72592,5.16,2026-03-31,2026-07-30
SO,20.607227,17.367817,2.486191,2.02,0.114829995,0.03271,182.058,0.787,0.441,0.15435,0.29612,0.48289,0.001,0.304,4.15,4.92405,98379038720.0,175254044672.0,3.55,0.71809995,0.316,Utilities,Utilities - Regulated Electric,1150362966.0,1147648109.0,34.398,3.2598507,5.807,12.292,0.00096000003,0.74232,6.08,2026-06-30,2026-07-30
SOLV,7.9369373,10.028002,2.4218268,1.22,0.38861,0.02943,103.941,1.231,0.658,0.18691,0.07007,0.53574,-0.037,1.008,8.88,7.02832,12227787776.0,16597786624.0,,0.0,0.774,Healthcare,Medical Instruments & Supplies,173405254.0,147323320.0,29.102,1.4688033,1.994,14.235,0.14992,0.73761004,3.67,2025-12-31,2026-05-05
SOLV,9.952264,11.47388,2.839532,1.22,0.34794998,0.02747,106.48,1.071,0.52,0.17332001,0.0558,0.53655,-0.03,-0.91,8.17,7.08653,14080835584.0,18810834944.0,,0.0,0.716,Healthcare,Medical Instruments & Supplies,173174712.0,147065161.0,28.635,1.704289,2.277,16.736,0.15067,0.76101,2.93,2026-03-31,2026-08-05
SOLV,10.860635,12.287146,3.1485682,1.22,0.33960998,0.026989998,110.313,1.021,0.501,0.17256,0.09778,0.54777,0.022,0.039,8.18,7.23032,15122675712.0,20014675968.0,,0.0,0.687,Healthcare,Medical Instruments & Supplies,170223729.0,144089280.0,28.216,1.8198166,2.409,17.572,0.15342,0.75914,3.68,2026-06-30,2026-08-05
SPG,14.553987,29.834358,12.978602,4.58,1.04109,0.05436,435.463,0.236,0.184,0.7271,0.49717,0.81899,0.132,3.581,14.17,6.9125,78499995648.0,96929054720.0,4.19,0.6034,1.403,Real Estate,REIT - Retail,324840186.0,322298406.0,15.89,12.33403,15.23,20.608,0.01825,0.9335,0.0,2025-12-31,2026-05-11
SPG,15.892981,33.929787,15.392382,4.58,1.1359,0.05562,457.473,0.196,0.195,0.70594,0.43376,0.81582,0.193,0.164,14.39,6.74039,86901334016.0,104129593344.0,3.85,0.60150003,1.327,Real Estate,REIT - Retail,324281912.0,320570307.0,14.858,13.070648,15.662,21.186,0.01798,0.94905,0.0,2026-03-31,2026-08-10
SPG,14.489768,30.208912,15.11818,4.58,1.20508,0.05633,503.504,0.266,0.264,0.66571,0.46023998,0.81426,0.195,-0.125,14.17,6.79667,77944299520.0,96304054272.0,4.33,0.621,1.312,Real Estate,REIT - Retail,323551515.0,319851523.0,13.581,11.229995,13.875,18.79,0.01799,0.96129996,0.0,2026-06-30,2026-08-10
SPGI,30.209558,20.068525,4.248414,1.56,0.13087,0.06656,37.912,0.824,0.686,0.29154,0.38252997,0.70246005,0.09,0.32,14.65,22.05294,132239917056.0,149169913856.0,0.88,0.2619,1.204,Financial Services,Financial Data & Stock Exchanges,295979612.0,298088856.0,104.173,8.622843,9.727,19.515,0.00332,0.89682996,1.64,2025-12-31,2026-04-28
SPGI,28.498104,22.22232,4.2809124,1.87,0.13939999,0.06919,38.392,0.677,0.568,0.30361998,0.44282,0.7047,0.104,0.325,15.82,20.28771,133448638464.0,150570647552.0,0.86,0.24350001,1.079,Financial Services,Financial Data & Stock Exchanges,296000000.0,295277760.0,105.314,8.483703,9.572,19.125,0.0027599998,0.90789,1.42,2026-03-31,2026-07-28
SPGI,24.684532,20.046244,3.7931776,1.94,0.14255,0.07033,42.98,0.954,0.83,0.30536,0.4479,0.70903,0.104,0.177,16.42,20.21925,119488339968.0,136241332224.0,0.96,0.2349,1.077,Financial Services,Financial Data & Stock Exchanges,294800000.0,294086584.0,106.855,7.411508,8.451,16.731,0.00107,0.90812,3.87,2026-06-30,2026-07-28
SRE,34.18909,17.012268,1.9424415,0.84,0.051909998,0.01774,83.385,1.591,0.092,0.134,0.27741,0.41184,-0.002,-0.482,2.75,5.5266,61426323456.0,106818772992.0,2.8,0.9382,0.677,Utilities,Utilities - Diversified,653332556.0,652153958.0,48.403,4.483019,7.796,19.418,0.00103,0.94602996,2.97,2025-12-31,2026-02-26
SRE,31.37755,16.661068,1.8694903,0.82,0.05689,0.01809,85.267,1.689,0.131,0.1443,0.30616,0.42457,-0.039,0.137,2.94,5.53686,60304506880.0,106430906368.0,2.85,0.8818,0.568,Utilities,Utilities - Diversified,653707401.0,652526478.0,49.345,4.4488754,7.852,18.941,0.00099,0.93676,3.28,2026-03-31,2026-05-07
SRE,23.568115,14.672657,1.6263301,0.67,0.06679,0.01958,84.663,1.642,0.089,0.16824,0.28328,0.43994,-0.001,0.713,3.45,5.5416,53168635904.0,100405641216.0,3.23,0.7551,0.564,Utilities,Utilities - Diversified,653900348.0,652553313.0,49.996,3.9233055,7.409,17.093,0.00099,0.93753,2.42,2026-06-30,2026-08-06
STE,31.447075,20.380459,3.0959399,1.72,0.10468,0.06606,28.651,2.479,1.533,0.12144,0.18494,0.44322,0.092,0.121,7.18,11.07875,22160611328.0,23787759616.0,1.09,0.33470002,1.07,Healthcare,Medical Devices,98075025.0,97694494.0,72.931,3.8024285,4.082,15.105,0.00302,0.98573,1.99,2025-12-31,2026-02-04
STE,27.470366,17.885057,2.9657462,1.76,0.11368,0.06652,28.999,2.091,1.338,0.13179,0.20039,0.44236,0.073,0.522,7.93,12.18,21230180352.0,22922825728.0,1.16,0.3102,0.922,Healthcare,Medical Devices,97457680.0,97183770.0,73.452,3.5765731,3.862,14.346,0.00306,1.00855,2.64,2026-03-31,2026-05-11
STE,25.066013,16.741907,2.773997,1.71,0.11389,0.06797,28.312,1.906,1.165,0.13333,0.19153,0.44422,0.073,0.14,8.18,12.24711,19991422976.0,21568122880.0,1.26,0.3081,0.914,Healthcare,Medical Devices,97500110.0,97082810.0,73.915,3.3112087,3.572,13.147,0.00307,1.00956,3.48,2026-06-30,2026-08-05
STLD,25.07134,12.443783,3.2414765,11.95,0.13284001,0.05884,49.077,3.055,1.156,0.06523,0.07028,0.13161,0.14,0.347,7.99,16.098,29022842880.0,32609009664.0,1.01,0.25030002,1.4,Basic Materials,Steel,144722225.0,135013012.0,61.799,1.5967163,1.794,16.084,0.06568,0.86733,3.44,2025-12-31,2026-04-20
STLD,25.269314,12.477436,3.7117999,11.95,0.15247,0.06657,48.123,3.13,1.204,0.07216,0.103369996,0.14038,0.191,0.931,9.32,18.87487,33963552768.0,37770809344.0,0.9,0.2176,1.542,Basic Materials,Steel,144212781.0,134442365.0,63.449,1.7864043,1.987,16.31,0.06526,0.87028,2.76,2026-03-31,2026-07-20
STLD,21.367846,12.024054,3.5867722,11.95,0.17568001,0.0787,46.924,3.183,1.316,0.07825,0.114989996,0.14652,0.334,0.836,11.01,19.56578,33719367680.0,37488734208.0,0.9,0.1869,1.515,Basic Materials,Steel,143328088.0,133548813.0,65.591,1.6417497,1.825,14.017,0.06565,0.86,3.17,2026-06-30,2026-10-19
STT,16.922586,12.142087,2.1355507,0.81,0.12437,0.0086900005,,,,0.23005,0.27818,0.0,-0.028,-0.241,10.98,15.30297,51042332672.0,,1.92,0.29659998,1.418,Financial Services,Asset Management,274701765.0,346477392.0,87.008,3.3976126,,,0.00357,0.94842005,0.0,2019-09-30,2026-10-14
STT,16.126102,11.942718,2.1017606,0.68,0.12437,0.0086900005,,,,0.23005,0.34313,0.0,0.184,0.682,11.34,15.31226,50234707968.0,-56976289792.0,2.01,0.29659998,1.418,Financial Services,Asset Management,274701765.0,259543722.0,87.008,3.3438535,-3.793,,0.0035499998,0.9476,0.01,2026-06-30,2026-10-14
STX,61.7531,26.928822,260.33743,0.83,,0.19409999,1046.623,1.119,0.651,0.19586,0.29947,0.38775003,0.215,0.677,8.87,20.34066,122709901312.0,123207524352.0,0.54,0.32770002,1.634,Technology,Computer Hardware,224025376.0,217377414.0,2.104,12.200229,12.25,43.2,0.00259,0.87556,2.59,2026-01-02,2026-04-28
STX,74.65971,27.65697,161.40573,0.52,17.8797,0.24664,381.553,1.326,0.772,0.21599,0.35668,0.41571,0.441,1.083,10.55,28.47962,176616194048.0,179648200704.0,0.38,0.277,2.067,Technology,Computer Hardware,224228992.0,223554063.0,4.88,16.041435,16.317,51.124,0.00242,0.89231,1.45,2026-04-03,2026-07-28
STX,61.739037,15.509631,89.87859,0.49,3.7152898,0.29354998,179.88,1.67,1.075,0.26108998,0.4307,0.45576,0.485,1.488,13.91,55.3714,195282829312.0,196834050048.0,0.34,0.21149999,2.087,Technology,Computer Hardware,227393014.0,225833131.0,9.555,16.013351,16.141,43.721,0.00318,0.84463996,1.98,2026-07-03,2026-07-28
STZ,14.690947,11.376474,3.017892,2.61,0.22636999,0.08507,133.573,1.08,0.39,0.18456,0.26685,0.51651,-0.113,,9.61,12.40982,24314677248.0,36216483840.0,2.86,0.4246,0.384,Consumer Defensive,Beverages - Brewers,172172544.0,155134349.0,46.781,2.66054,3.963,10.702,0.12876001,0.88224,3.89,2026-02-28,2026-06-30
STZ,11.319695,9.626907,2.4709744,1.51,0.2369,0.08574,123.205,0.913,0.247,0.20143999,0.35931,0.5272,-0.033,0.307,10.51,12.35807,20320593920.0,31045826560.0,3.46,0.38950002,0.4,Consumer Defensive,Beverages - Brewers,170752511.0,157811178.0,48.147,2.2437084,3.428,8.984,0.12562999,0.88404,4.85,2026-05-31,2026-10-06
SW,31.7594,13.360029,1.2004775,0.26,0.03911,0.031689998,81.007,1.478,0.755,0.02242,0.061739996,0.19382,0.005,-0.33,1.33,3.16167,22144487424.0,36086259712.0,4.28,1.2955999,1.054,Consumer Cyclical,Packaging & Containers,524253964.0,519819202.0,35.186,0.71023726,1.157,7.512,0.00513,0.96427,5.11,2025-12-31,2026-04-30
SW,61.527775,13.180248,1.2848773,0.26,0.02113,0.03013,78.831,1.443,0.75,0.01217,0.06795,0.19027,0.007,-0.836,0.72,3.36109,23233757184.0,36808478720.0,4.08,2.4232001,0.935,Consumer Cyclical,Packaging & Containers,524464078.0,520610164.0,34.478,0.74383724,1.178,7.717,0.0051499996,1.02556,4.33,2026-03-31,2026-07-29
SW,47.159576,12.996151,1.2874652,0.26,0.02715,0.02621,78.427,1.447,0.773,0.01587,0.05466,0.18160999,0.011,,0.94,3.41101,23252101120.0,36731797504.0,4.08,1.8750999,0.931,Consumer Cyclical,Packaging & Containers,524522908.0,520621497.0,34.432,0.74226207,1.173,8.027,0.0051599997,1.01252,5.03,2026-06-30,2026-07-29
SWK,26.920752,11.683704,1.2215126,1.39,0.04522,0.03405,70.024,1.14,0.229,0.02656,0.10351,0.30628002,-0.01,-0.193,2.65,6.10594,11078133760.0,17123668992.0,4.65,1.2452999,1.201,Industrials,Tools & Accessories,155286429.0,154608026.0,58.403,0.7321772,1.132,10.155,0.0029300002,0.94581,3.68,2026-01-03,2026-04-29
SWK,36.954918,14.483186,1.5613853,1.39,0.04165,0.03329,77.606,1.138,0.31,0.024360001,0.06437,0.30622998,0.027,-0.348,2.44,6.22584,14017428480.0,20650227712.0,3.68,1.3566,1.164,Industrials,Tools & Accessories,155455564.0,154964324.0,57.75,0.92024976,1.356,12.354,0.0030399999,0.96602994,3.71,2026-04-04,2026-07-29
SWK,21.9022,14.041611,1.5099874,1.39,0.06886,0.038,58.172,1.432,0.466,0.040689997,0.08443,0.32213002,0.004,2.478,4.09,6.37961,13528071168.0,18147170304.0,3.75,0.8117,1.173,Industrials,Tools & Accessories,151016641.0,150519796.0,59.325,0.88722044,1.19,10.132,0.00318,1.01398,3.97,2026-07-04,2026-07-29
SWKS,22.601534,11.797174,1.535758,1.69,0.06485,0.03714,20.714,2.396,1.511,0.097270004,0.14709,0.41132,-0.031,-0.47,2.61,5.00035,8872448000.0,8504739328.0,4.81,1.0805,1.3,Technology,Semiconductors,150405963.0,149656330.0,38.411,2.1886744,2.098,8.993,0.0041,1.08227,6.55,2026-01-02,2026-02-03
SWKS,24.729164,11.558273,1.5481532,1.28,0.06171,0.03537,20.632,2.376,1.336,0.08931,0.07704,0.41075,-0.01,-0.449,2.4,5.13485,8926594048.0,8694393856.0,4.79,1.1791999,1.497,Technology,Semiconductors,150405963.0,149676494.0,38.336,2.2072036,2.15,9.564,0.00399,1.1502,5.18,2026-04-03,2026-07-28
SWKS,45.98964,17.885607,2.327948,12.57,0.05094,0.03441,11.869,3.101,1.312,0.072270006,0.08825,0.40734002,-0.031,-0.686,1.93,4.96265,13355964416.0,13237864448.0,4.13,1.4714999,1.518,Technology,Semiconductors,150472782.0,149742989.0,38.128,3.3272626,3.298,15.04,0.00403,1.23631,6.41,2026-07-03,2026-07-28
SYF,8.441811,7.5596013,1.7508492,3.89,0.21304001,0.029779999,,,,0.36408,0.48533002,0.0,0.05,0.078,9.28,10.36298,28215803904.0,28661692416.0,1.53,0.123900004,1.381,Financial Services,Credit Services,347596279.0,345336903.0,44.744,2.8921487,2.938,,0.00421,1.0758799,3.66,2025-12-31,2026-04-21
SYF,7.6211185,6.9930334,1.6263504,0.95,0.2178,0.02957,,,,0.36393002,0.48032,0.0,0.061,0.201,9.66,10.52762,24763578368.0,21897357312.0,1.63,0.1242,1.308,Financial Services,Credit Services,336370242.0,334838651.0,45.267,2.5033946,2.214,,0.00342,1.07836,5.15,2026-03-31,2026-07-21
SYF,7.69641,7.148614,1.606405,0.93,0.20786,0.02902,,,,0.35507,0.50219,0.0,0.006,0.036,9.75,10.49714,24415827968.0,26370828288.0,1.81,0.123100005,1.308,Financial Services,Credit Services,325370840.0,323122527.0,46.713,2.464254,2.662,,0.00349,1.09392,5.59,2026-06-30,2026-07-21
SYK,40.82283,20.504002,5.857304,1.63,0.15079,0.079229996,72.971,1.893,1.044,0.12923999,0.27235,0.65042,0.114,0.559,8.41,16.74405,131486154752.0,143644672000.0,1.03,0.4048,0.926,Healthcare,Medical Devices,382984253.0,346551383.0,58.614,5.235155,5.719,20.671,0.053740002,0.82107,1.95,2025-12-31,2026-04-30
SYK,37.021988,19.132824,5.336414,1.52,0.152,0.07716,66.295,2.112,1.035,0.13205,0.17824,0.64697,0.026,0.142,8.64,16.71839,122625605632.0,134894608384.0,1.1,0.39810002,0.778,Healthcare,Medical Devices,383360762.0,347566368.0,59.941,4.852616,5.338,19.499,0.05366,0.82632005,2.61,2026-03-31,2026-07-30
SYK,28.480331,16.44075,4.3992453,1.29,0.16508,0.08162,64.391,2.157,1.08,0.14433,0.27015,0.65588,0.094,0.441,9.66,16.73403,105528614912.0,117498617856.0,1.28,0.36060002,0.768,Healthcare,Medical Devices,383573046.0,348138568.0,62.538,4.0843987,4.548,15.93,0.053639997,0.82858,3.27,2026-06-30,2026-07-30
SYY,20.557951,15.217264,15.999579,1.03,0.82345,0.08505,640.248,1.295,0.709,0.021760002,0.03988,0.18462999,0.03,-0.012,3.71,5.01207,36528037888.0,50326040576.0,2.83,0.5741,0.693,Consumer Defensive,Food Distribution,478178260.0,477546539.0,4.767,0.4419819,0.609,11.141,0.00207,0.90033996,2.12,2025-12-27,2026-04-28
SYY,22.691668,16.493235,17.00458,1.6,0.81894994,0.08294,670.44,1.329,0.763,0.02079,0.03748,0.18537001,0.047,-0.135,3.6,4.95294,39062736896.0,52560736256.0,2.69,0.6,0.641,Consumer Defensive,Food Distribution,478182608.0,476762406.0,4.804,0.46744213,0.629,11.514,0.00141,0.89592004,4.07,2026-03-28,2026-08-04
SYY,21.59836,14.716642,14.189553,1.48,0.77692,0.079679996,564.591,1.277,0.729,0.02078,0.048449997,0.18496001,0.047,0.053,3.66,5.37147,37909872640.0,51137540096.0,2.78,0.59290004,0.627,Consumer Defensive,Food Distribution,479568281.0,477692265.0,5.571,0.44835633,0.605,11.382,0.00171,0.88561994,3.68,2026-06-27,2026-08-04
T,8.720395,10.415766,1.6878899,1.49,0.18805,0.040749997,124.179,0.906,0.605,0.17472,0.18416001,0.59554,0.036,-0.056,3.04,2.54518,185585303552.0,344870289408.0,4.19,0.2738,0.539,Communication Services,Telecom Services,6982145528.0,6985875989.0,15.706,1.4770255,2.745,7.795,0.00086000003,0.68154997,2.71,2025-12-31,2026-04-22
T,7.343434,8.541017,1.3852016,1.52,0.18370001,0.041160002,127.233,0.918,0.523,0.16938,0.22723,0.59414,0.029,-0.113,2.97,2.55356,151543267328.0,319918276608.0,5.09,0.3737,0.422,Communication Services,Telecom Services,6948338835.0,6933608357.0,15.745,1.1977054,2.528,7.203,0.00084,0.69263,2.06,2026-03-31,2026-07-22
T,8.382838,9.905663,1.5819632,1.54,0.18339,0.04163,129.054,0.971,0.602,0.16943,0.24786,0.59721,0.023,0.062,3.03,2.56419,174050590720.0,340231585792.0,4.37,0.36630002,0.431,Communication Services,Telecom Services,6852385650.0,6837790069.0,16.056,1.3679029,2.674,7.571,0.00091,0.68451,3.38,2026-06-30,2026-10-21
TAP,,8.900289,0.83162373,4.42,-0.18172,0.0429,61.772,0.553,0.352,-0.19205,0.13559,0.38369,-0.027,-0.125,-10.75,5.00995,8395641856.0,14224334848.0,4.31,0.35900003,0.499,Consumer Defensive,Beverages - Brewers,175639344.0,168692197.0,53.618,0.7535941,1.277,6.019,0.1266,0.98175,6.05,2025-12-31,2026-04-30
TAP,,8.220559,0.7644038,3.92,-0.18080999,0.04492,62.567,0.535,0.281,-0.18854,0.124239996,0.38622,0.02,0.356,-10.55,4.97898,7676477440.0,14001777664.0,4.69,0.35900003,0.419,Consumer Defensive,Beverages - Brewers,175215417.0,168312341.0,53.545,0.68614715,1.252,5.727,0.127,1.00299,8.03,2026-03-31,2026-08-06
TAP,,7.672164,0.69315153,3.92,-0.19466,0.03793,76.03,0.879,0.634,-0.20808001,0.11297,0.37013,-0.033,-0.423,-11.44,4.89171,6997616128.0,13072415744.0,5.12,0.35900003,0.42,Consumer Defensive,Beverages - Brewers,174117990.0,156149575.0,54.144,0.6313544,1.179,5.776,0.1278,1.10078,10.64,2026-06-30,2026-08-06
TDG,40.651253,27.54425,-7.7015457,3.13,,0.117819995,,2.75,1.736,0.22239,0.45602,0.59693,0.139,-0.129,31.14,45.95805,71488757760.0,99011756032.0,,0.0,0.955,Industrials,Aerospace & Defense,56473563.0,56195148.0,-164.367,7.8472843,10.868,21.32,0.00397,0.97398,2.55,2025-12-27,2026-02-03
TDG,37.879913,25.85603,-7.388527,3.05,,0.11769,,3.516,2.427,0.21909,0.46659002,0.59718,0.183,0.115,32.06,46.96893,67927425024.0,96047423488.0,,0.0,0.884,Industrials,Aerospace & Defense,55933583.0,55648881.0,-164.367,7.1479983,10.107,19.8,0.00403,0.98119,2.81,2026-03-28,2026-05-05
TDG,32.890675,22.45834,-6.4655843,3.05,,0.11817,,3.019,1.919,0.21277,0.46005002,0.59824,0.225,0.109,33.02,48.35843,60033073152.0,90828070912.0,,0.0,0.893,Industrials,Aerospace & Defense,55276525.0,54993509.0,-167.974,5.9997077,9.077,17.827,0.00409,0.97226,1.99,2026-06-27,2026-08-04
TDY,33.67744,24.714148,2.793077,1.4,0.08926,0.04921,25.13,1.643,0.924,0.14632,0.20604,0.42758,0.073,0.391,18.88,25.72737,29449918464.0,31732006912.0,,0.0,1.008,Technology,Scientific & Technical Instruments,46317285.0,45827440.0,227.645,4.8156977,5.189,21.197,0.00851,0.97964996,3.75,2025-12-28,2026-04-22
TDY,32.161945,24.41215,2.750526,1.4,0.09049,0.04893,23.133,1.756,1.009,0.14987001,0.19031,0.42873,0.076,0.216,19.76,26.03294,29443092480.0,31397994496.0,,0.0,0.924,Technology,Scientific & Technical Instruments,46329138.0,45852411.0,231.054,4.729358,5.043,20.411,0.00856,1.00376,4.7,2026-03-29,2026-07-22
TDY,29.152657,22.545069,2.562028,1.4,0.09154,0.05139,18.565,2.181,1.161,0.15292,0.20198,0.43339002,0.098,0.212,20.7,26.76683,27973795840.0,29660694528.0,,0.0,0.908,Technology,Scientific & Technical Instruments,46355673.0,45809603.0,235.54,4.388459,4.653,18.626,0.00841,1.00628,3.27,2026-06-28,
TECH,111.75472,27.366943,4.591117,0.76,0.03966,0.06518,17.449,4.539,2.593,0.06672,0.1967,0.66605,-0.004,0.091,0.53,2.16429,9266728960.0,9438078976.0,0.54,0.6038,1.486,Healthcare,Biotechnology,156453292.0,154571159.0,12.901,7.623311,7.764,28.554,0.00291,1.1364,6.41,2025-12-31,2026-05-06
TECH,103.02858,35.261677,5.4131956,0.97,0.053400002,0.07452,13.922,4.489,2.797,0.09049,0.25191,0.66399,-0.015,1.286,0.7,2.04528,11237064704.0,11367946240.0,0.44,0.4571,1.289,Healthcare,Biotechnology,155810652.0,155961264.0,13.323,9.28061,9.389,31.056,0.00306,1.18334,2.32,2026-03-31,2026-05-06
TECH,62.387936,31.378859,5.35836,2.11,0.09032,0.06671,13.712,4.547,2.945,0.14968,0.27871,0.66243,0.013,,1.16,2.30633,11348936704.0,11372544000.0,0.44,0.2759,1.275,Healthcare,Biotechnology,156818238.0,156167442.0,13.506,9.340389,9.36,34.039,0.00332,1.1511799,2.19,2026-06-30,2026-08-12
TEL,35.466858,19.824547,5.5666375,1.43,0.16097,0.09392,45.691,1.651,0.931,0.11406,0.20903999,0.35689,0.217,0.444,6.94,12.41592,72250826752.0,77125910528.0,1.18,0.40060002,1.259,Technology,Electronic Components,293434273.0,292900223.0,44.217,3.9928615,4.262,17.075,0.00118,0.93991,3.42,2025-12-26,2026-04-22
TEL,20.745918,16.105421,4.4880795,0.93,0.22719999,0.0955,43.798,1.888,1.046,0.15543,0.20341,0.36071998,0.145,71.5,9.8,12.6237,59345334272.0,64244334592.0,1.47,0.2901,1.169,Technology,Electronic Components,291895799.0,291364549.0,45.3,3.1742263,3.436,13.579,0.00159,0.9771,3.47,2026-03-27,2026-07-22
TEL,20.11949,15.907826,4.496443,0.88,0.23290001,0.09691,43.441,1.876,1.07,0.15609,0.20775,0.36119,0.138,0.192,10.21,12.91314,59471802368.0,64197808128.0,1.52,0.285,1.158,Technology,Electronic Components,289513228.0,288997894.0,45.685,3.0779321,3.323,12.967,0.00119,0.99196,4.83,2026-06-26,
TER,109.93642,45.1428,21.23723,2.1,0.19734,0.108339995,10.131,1.748,0.994,0.17368001,0.3035,0.58224,0.439,0.814,3.46,8.42615,59552075776.0,59511992320.0,0.14,0.1383,1.794,Technology,Semiconductor Equipment & Materials,156559428.0,156228748.0,17.911,18.668222,18.656,73.289,0.00209,0.98638,1.59,2025-12-31,2026-04-28
TER,59.917286,32.770447,16.051138,1.28,0.2875,0.15835,2.621,2.147,1.337,0.22553,0.37614,0.58702,0.87,3.148,5.38,9.83676,50462150656.0,50298949632.0,0.16,0.090900004,1.742,Technology,Semiconductor Equipment & Materials,156542162.0,156214989.0,20.083,13.325669,13.283,43.306,0.00264,0.97391,1.71,2026-03-29,2026-07-28
TER,51.026096,31.87908,18.496738,0.68,0.36465,0.19745001,2.883,2.125,1.315,0.25766,0.33161,0.59242,1.039,3.858,7.28,11.65247,58075897856.0,57857347584.0,0.14,0.0687,1.778,Technology,Semiconductor Equipment & Materials,156340750.0,156026505.0,20.083,13.009743,12.961,38.446,0.00198,1.00669,2.65,2026-06-28,2026-07-28
TFC,11.962872,9.442921,1.0154428,1.18,0.08579001,0.010190001,,,,0.29624,0.38990003,0.0,0.052,0.253,4.04,5.11812,60213350400.0,91487051776.0,4.23,0.5149,0.884,Financial Services,Banks - Regional,1245879275.0,1242639989.0,47.595,3.2273867,4.904,,0.00178,0.77147,4.83,2026-03-31,2026-07-17
TFC,11.1632185,9.758627,1.0108665,1.11,0.09059,0.010620001,,,,0.30692,0.39815,0.0,0.082,0.367,4.35,4.97611,59322171392.0,87566163968.0,4.28,0.4782,0.862,Financial Services,Banks - Regional,1221626188.0,1218364446.0,48.038,3.117625,4.602,,0.00177,0.78355,4.28,2026-06-30,2026-10-16
TGT,15.650676,14.834851,3.5644453,2.34,0.24034001,0.05264,125.518,0.942,0.344,0.03536,0.049089998,0.27934,-0.015,-0.05,8.13,8.5771,57789386752.0,72423342080.0,3.58,0.556,1.011,Consumer Defensive,Discount Stores,454176247.0,451501551.0,35.697,0.5515307,0.691,8.972,0.00278,0.876,3.34,2026-01-31,2026-05-20
TGT,18.441216,15.644665,3.8672504,2.59,0.22015,0.056750003,117.548,0.932,0.182,0.03243,0.0452,0.28139,0.067,-0.247,7.57,8.92317,63405080576.0,79143075840.0,3.32,0.59970003,0.981,Consumer Defensive,Discount Stores,454191112.0,452792203.0,36.098,0.59604126,0.744,9.485,0.00265,0.87472,3.94,2026-05-02,2026-08-19
TGT,16.426792,16.5683,4.027548,1.97,0.26408002,0.05689,107.583,0.988,0.255,0.04078,0.06044,0.2838,0.053,1.005,9.63,9.54775,71865204736.0,85650202624.0,2.93,0.473,0.986,Consumer Defensive,Discount Stores,454296736.0,452783928.0,39.277,0.6672411,0.795,9.967,0.00265,0.88977,3.26,2026-08-01,2026-11-18
TJX,30.94045,26.538027,16.371141,3.32,0.59129,0.13289,132.375,1.138,0.512,0.091000006,0.13267,0.30963,0.085,0.279,4.87,5.67789,166624083968.0,174033223680.0,1.27,0.3388,0.637,Consumer Cyclical,Apparel Retail,1105814263.0,1104021491.0,9.204,2.7599564,2.883,20.657,0.00168,0.93814003,3.77,2026-01-31,2026-05-20
TJX,29.310347,25.11912,15.349481,3.22,0.6125,0.13871999,136.307,1.139,0.489,0.09402,0.11771,0.31351998,0.092,0.293,4.93,5.75259,159629787136.0,175244673024.0,1.27,0.3307,0.616,Consumer Cyclical,Apparel Retail,1104704446.0,1102152579.0,9.414,2.592066,2.846,19.835,0.00155,0.94775003,3.89,2026-05-02,2026-08-19
TJX,23.60668,22.038548,13.516041,2.48,0.62171,0.13543001,134.419,1.147,0.504,0.09729,0.10909,0.31467,0.054,0.236,5.39,5.77352,139960696832.0,148273692672.0,1.51,0.325,0.593,Consumer Cyclical,Apparel Retail,1099974061.0,1097422121.0,9.414,2.2442906,2.378,16.654,0.00155,0.94943,3.12,2026-08-01,2026-11-18
TKO,82.80444,49.817772,3.8766932,1.46,0.056339998,0.03638,43.924,1.261,0.776,0.04127,0.09766,0.59808,0.119,,2.25,3.73983,14704024576.0,23270541312.0,1.67,1.0177,0.406,Communication Services,Entertainment,77966338.0,64607586.0,48.059,3.1052916,4.914,16.914,0.17046,0.98794997,6.03,2025-12-31,2026-05-06
TKO,69.07836,39.710255,4.1108027,1.3,0.06736,0.03852,58.229,1.339,0.74,0.044699997,0.21215001,0.59119,0.259,0.63,2.68,4.66202,35383209984.0,23205314560.0,1.68,1.0037,0.621,Communication Services,Entertainment,74967673.0,61424013.0,45.035,6.9882727,4.583,16.11,0.1768,1.03432,5.21,2026-03-31,2026-08-03
TKO,66.17483,40.429283,4.1423535,1.59,0.07063,0.04496,59.216,1.278,0.724,0.0433,0.32388002,0.59455,0.182,0.144,2.86,4.68126,35821182976.0,23167473664.0,1.67,1.0912,0.643,Communication Services,Entertainment,73111098.0,59720069.0,45.689,6.756339,4.37,14.3,0.18211001,1.16428,6.62,2026-06-30,2026-08-03
TMO,29.667604,19.400991,3.7096002,1.95,0.13024001,0.05031,77.255,1.89,1.361,0.15045999,0.21170999,0.41076002,0.072,0.093,17.75,27.14294,195695804416.0,227006595072.0,0.33,0.096999995,0.972,Healthcare,Diagnostics & Research,371621362.0,370551819.0,141.956,4.3921313,5.095,20.381,0.00166,0.95435,1.9,2025-12-31,2026-04-23
TMO,29.241077,19.536886,3.8102324,1.76,0.13523,0.04997,82.903,1.526,0.967,0.15151,0.17892,0.40932,0.062,0.113,18.21,27.25511,197880987648.0,237913997312.0,0.35,0.0968,0.868,Healthcare,Diagnostics & Research,371621465.0,370666398.0,139.75,4.3781886,5.264,21.062,0.0015199999,0.93917,2.33,2026-03-28,2026-07-23
TMO,35.080776,23.662271,4.5724454,1.94,0.13515,0.05129,80.575,1.551,1.009,0.15036,0.18751,0.40987998,0.105,0.094,18.57,27.53117,240871882752.0,279484858368.0,0.29,0.09689999,0.854,Healthcare,Diagnostics & Research,369747286.0,368822918.0,142.473,5.1983747,6.032,23.808,0.0013,0.94088,3.37,2026-06-27,2026-07-23
TMUS,20.31552,14.118792,3.6958716,0.76,0.18177,0.05678,208.851,0.998,0.669,0.124469995,0.18365,0.63165003,0.113,-0.266,9.73,14.00049,221095198720.0,335853223936.0,2.06,0.3765,0.422,Communication Services,Telecom Services,1101862739.0,515484445.0,53.484,2.5036542,3.803,10.233,0.55806,0.42462003,3.92,2025-12-31,2026-04-28
TMUS,20.449522,13.369238,3.7394092,0.76,0.18024999,0.05865,218.569,1.087,0.704,0.116459996,0.2401,0.63281,0.106,-0.12,9.41,14.39349,208248635392.0,326862667776.0,2.12,0.4038,0.319,Communication Services,Telecom Services,1082204717.0,495822913.0,51.46,2.3003275,3.611,9.646,0.55068,0.45554,3.18,2026-03-31,2026-07-23
TMUS,17.61047,11.647991,3.2127302,0.59,0.17994,0.05973,214.035,0.924,0.585,0.11455,0.2522,0.63054,0.079,0.053,9.55,14.43854,180401897472.0,298003922944.0,2.43,0.4121,0.331,Communication Services,Telecom Services,1072671613.0,486295676.0,52.348,1.9568701,3.233,8.67,0.55553,0.43480998,4.15,2026-06-30,2026-10-28
TPL,60.628407,5.7792664,19.967867,7.33,0.37152,0.25817,1.219,4.398,4.266,0.60308,0.70641,0.93294,0.139,0.043,6.97,73.12,29133320192.0,29006301184.0,0.57,0.3061,0.773,Energy,Oil & Gas E&P,68941554.0,58818866.0,21.163,36.49923,36.34,44.246,0.0016500001,0.73375,7.68,2025-12-31,2026-05-06
TPL,57.180195,5.685175,18.428053,7.33,0.36466,0.25188,1.156,4.227,4.164,0.60025,0.77222,0.93242997,0.208,0.183,7.27,73.12,28672671744.0,28443086848.0,0.58,0.3018,0.594,Energy,Oil & Gas E&P,68974429.0,58557221.0,22.558,34.173798,33.9,41.207,0.0016500001,0.7503,8.68,2026-03-31,2026-08-05
TPL,45.04087,4.8231673,14.544893,7.33,0.36566,0.25811002,1.077,4.552,4.498,0.60322,0.78177,0.93336,0.312,0.327,7.83,73.12,24325302272.0,24094705664.0,0.68,0.2891,0.618,Energy,Oil & Gas E&P,68974683.0,58866443.0,24.247,27.102163,26.845,32.491,0.0038400001,0.74592,11.28,2026-06-30,2026-08-05
TPR,60.173748,21.62385,57.318867,0.35,0.55337,0.15020001,715.475,1.626,0.96,0.0695,0.28764,0.75981003,0.14,0.942,2.59,7.20732,31894667264.0,34420047872.0,1.03,0.5814,1.61,Consumer Cyclical,Luxury Goods,202464223.0,201508592.0,2.719,4.244247,4.58,18.981,0.00341,0.98225,5.9,2025-12-27,2026-05-07
TPR,43.12805,18.184929,41.93893,0.29,0.60914004,0.16443,574.912,1.841,1.107,0.08442,0.22415,0.76177,0.212,0.737,3.28,7.77897,28581246976.0,31435845632.0,1.13,0.47259998,1.444,Consumer Cyclical,Luxury Goods,202044714.0,201078940.0,3.373,3.640552,4.004,15.954,0.00319,0.98371005,5.51,2026-03-28,2026-05-07
TPR,15.818432,12.92203,33.29473,1.65,1.97135,0.17543,571.608,1.752,1.008,0.19086,0.19823,0.76595,0.089,,7.27,8.89953,22930042880.0,25734141952.0,1.61,0.2201,1.432,Consumer Cyclical,Luxury Goods,199391678.0,198324933.0,3.454,2.8647513,3.215,12.718,0.00422,1.02382,4.28,2026-06-27,2026-11-05
TRGP,27.705883,20.466497,16.47775,1.25,0.51381,0.086840004,548.63,0.666,0.463,0.11293,0.22621,0.38292,-0.079,0.745,8.5,11.50661,50621145088.0,68131647488.0,1.8,0.44169998,0.811,Energy,Oil & Gas Midstream,214801969.0,211712474.0,14.292,2.9727657,4.001,14.058,0.01393,0.95932996,2.78,2025-12-31,2026-05-07
TRGP,28.897856,23.712654,19.36811,1.25,0.74097997,0.09126,585.249,0.718,0.528,0.12874,0.20899999,0.41766,-0.102,1.429,9.79,11.93076,60724908032.0,79889104896.0,1.77,0.4086,0.704,Energy,Oil & Gas Midstream,214643903.0,211299751.0,14.607,3.666631,4.824,15.312,0.013780001,0.97238,3.7,2026-03-31,2026-08-06
TRGP,27.934034,24.188736,20.003422,1.25,0.70839995,0.09237,515.794,0.771,0.611,0.13545,0.27803,0.43192002,0.042,0.233,10.46,12.07959,62654603264.0,82239496192.0,1.71,0.4063,0.722,Energy,Oil & Gas Midstream,214431021.0,211002269.0,14.607,3.7424724,4.912,14.959,0.0138,0.97476,4.12,2026-06-30,2026-08-06
TRMB,39.36932,17.13729,2.80186,3.88,0.07322,0.041100003,26.749,1.085,0.738,0.118190005,0.22499001,0.71081,-0.014,0.805,1.76,4.04323,16208968704.0,17516668928.0,,0.0,1.536,Technology,Scientific & Technical Instruments,232088731.0,232691921.0,24.73,4.518431,4.883,21.414,0.00373,1.01571,2.9,2026-01-02,2026-02-10
TRMB,27.602095,12.932092,2.1668723,1.47,0.08252,0.046529997,25.062,1.014,0.62,0.12375,0.15874,0.71480006,0.118,0.556,1.91,4.07668,12289639424.0,13468339200.0,,0.0,1.383,Technology,Scientific & Technical Instruments,233111519.0,231836399.0,24.33,3.3335972,3.653,15.536,0.00402,0.9859,3.24,2026-04-03,2026-05-06
TRMB,,13.959353,2.3658035,1.36,-0.01939,0.04804,28.553,0.954,0.576,-0.027679998,0.15134,0.71773005,0.11,,-0.48,4.1234,13421832192.0,14666732544.0,,0.0,1.362,Technology,Scientific & Technical Instruments,233179848.0,231955654.0,24.33,3.5480273,3.877,16.665,0.00403,1.02929,3.31,2026-07-03,2026-08-12
TROW,10.495671,10.144415,1.9517791,12.03,0.18791,0.106479995,3.891,6.234,6.234,0.28533,0.32217,0.5127,0.06,0.036,9.24,9.55994,21148710912.0,19432609792.0,5.36,0.5498,1.523,Financial Services,Asset Management,217605891.0,213763780.0,49.688,2.891222,2.657,6.832,0.0178,0.86476,8.88,2025-12-31,2026-04-30
TROW,12.591202,11.298549,2.3397002,6.71,0.18688999,0.10848,3.87,5.545,5.545,0.28278,0.37183997,0.51999,0.053,0.037,9.32,10.38629,25144186880.0,22971785216.0,4.43,0.5483,1.497,Financial Services,Asset Management,214266606.0,210054125.0,50.156,3.3942394,3.101,7.844,0.01768,0.89843005,11.53,2026-03-31,2026-07-31
TROW,10.457831,10.091841,2.0194266,2.47,0.19399999,0.10659,3.702,4.039,4.039,0.29262,0.28688,0.51614,0.107,0.286,9.96,10.32121,22218979328.0,20605579264.0,4.99,0.5161,1.48,Financial Services,Asset Management,213315850.0,209211653.0,51.579,2.9266305,2.714,6.952,0.01699,0.91735,15.6,2026-06-30,2026-07-31
TRV,9.158286,10.778273,2.0459018,2.36,0.25272,0.04442,28.975,0.335,0.204,0.15537,0.18744,0.32878,0.01,3.576,33.61,28.55838,65454161920.0,67517370368.0,1.63,0.1313,0.495,Financial Services,Insurance - Property & Casualty,212644693.0,211407101.0,150.452,1.3373823,1.38,6.385,0.0026699998,0.87921995,4.37,2026-03-31,2026-07-17
TRV,10.07043,12.388936,2.3593948,2.36,0.26511,0.04775,27.378,0.323,0.19,0.16951999,0.23698,0.34730998,0.003,0.571,37.2,30.23827,78136377344.0,82143371264.0,1.33,0.1223,0.451,Financial Services,Insurance - Property & Casualty,208575022.0,207363201.0,158.778,1.5953037,1.677,7.155,0.0028400002,0.91194,3.51,2026-06-30,2026-10-16
TSCO,21.849514,18.771452,9.1894655,1.82,0.45183998,0.08844,230.228,1.342,0.085,0.07061,0.07637,0.36424,0.033,-0.022,2.06,2.39779,23691071488.0,29439832064.0,2.13,0.4466,0.747,Consumer Cyclical,Specialty Retail,526006314.0,524566955.0,4.898,1.5260887,1.896,15.01,0.00245,0.99539,5.19,2025-12-27,2026-04-21
TSCO,15.029557,13.807616,6.378842,1.35,0.45504,0.08229999,254.949,1.38,0.08,0.06909,0.06499,0.36425,0.036,-0.081,2.03,2.20965,16000957440.0,22185465856.0,3.15,0.45810002,0.456,Consumer Cyclical,Specialty Retail,524449616.0,522655998.0,4.783,1.0224816,1.418,11.364,0.0024899999,0.95023,2.01,2026-03-28,2026-07-23
TSCO,16.776041,15.726386,6.40995,2.03,0.39513,0.07824,248.71,1.334,0.137,0.06425,0.120740004,0.36499,0.023,-0.15,1.92,2.04815,16782701568.0,23096092672.0,2.98,0.4896,0.469,Consumer Cyclical,Specialty Retail,521040137.0,519414492.0,5.025,1.0655195,1.466,11.958,0.00347,0.96759003,3.98,2026-06-27,2026-07-23
TSLA,370.94443,145.4885,18.295658,5.87,0.049250003,0.02095,17.763,2.164,1.538,0.040009998,0.047030002,0.18027,-0.031,-0.606,1.08,2.75362,1503299239936.0,1474687270912.0,,0.0,1.915,Consumer Cyclical,Auto Manufacturers,3752431984.0,2812635394.0,21.897,15.853071,15.551,140.406,0.1113,0.44684,1.06,2025-12-31,2026-04-22
TSLA,346.21817,149.10927,17.392338,4.77,0.04901,0.022330001,18.738,2.043,1.43,0.03946,0.04203,0.19065,0.158,0.083,1.1,2.5541,1430329884672.0,1402162905088.0,,0.0,1.802,Consumer Cyclical,Auto Manufacturers,3755723871.0,2625401215.0,21.897,14.613246,14.325,126.389,0.18737,0.45597,1.66,2026-03-31,2026-07-22
TSLA,334.19263,165.76111,16.561491,4.35,0.046669997,0.019299999,18.373,1.941,1.347,0.03671,0.014099999,0.18852,0.255,-0.03,1.09,2.19756,1438701584384.0,1411918594048.0,,0.0,1.845,Consumer Cyclical,Auto Manufacturers,3949547394.0,2819186930.0,21.995,13.884534,13.626,131.28,0.17819001,0.43667,2.14,2026-06-30,2026-07-22
TSN,115.75,14.724589,1.266263,1.06,0.012560001,0.02173,46.039,1.533,0.598,0.0036300002,0.02913,0.06151,0.051,-0.762,0.56,4.40216,22821758976.0,30045759488.0,3.15,3.5893,0.434,Consumer Defensive,Farm Products,282069961.0,274857486.0,51.19,0.4139551,0.545,11.619,0.02625,0.92200994,3.0,2025-12-27,2026-05-04
TSN,45.48819,12.892643,1.1240175,1.04,0.02619,0.0247,44.41,1.83,0.598,0.00813,0.0364,0.06385,0.044,36.022,1.27,4.48085,20342515712.0,28028516352.0,3.53,1.5906,0.391,Consumer Defensive,Farm Products,282120397.0,274928552.0,51.396,0.36515018,0.503,10.343,0.02619,0.92006,2.49,2026-03-28,2026-08-03
TSN,32.574074,12.783616,1.0268534,1.04,0.03263,0.02565,44.025,1.433,0.484,0.01031,0.02711,0.06554,-0.001,2.041,1.62,4.12794,18564564992.0,25936566272.0,3.87,1.2530999,0.371,Consumer Defensive,Farm Products,281792507.0,274493130.0,51.39,0.3333315,0.466,9.357,0.02621,0.94038004,2.85,2026-06-27,2026-08-03
TT,36.233635,28.262007,12.2908325,2.34,0.36956,0.11642,63.247,1.251,0.869,0.13688,0.15502,0.36161,0.056,-0.005,13.14,16.84629,105572155392.0,109076537344.0,0.88,0.2861,1.212,Industrials,Building Products & Equipment,221331905.0,220778575.0,38.737,4.9513483,5.116,25.891,0.00278,0.90276,2.62,2025-12-31,2026-04-30
TT,35.848972,27.50863,12.101346,2.0,0.36630002,0.11342,53.597,1.095,0.727,0.13415,0.15521,0.35924998,0.06,-0.021,13.11,17.08482,103891656704.0,107455053824.0,0.89,0.2956,1.195,Industrials,Building Products & Equipment,221055477.0,220496207.0,38.837,4.8091755,4.974,25.383,0.00265,0.91583,3.14,2026-03-31,2026-07-30
TT,31.9516,24.482183,10.962904,1.51,0.36643,0.110010006,53.404,1.073,0.742,0.13278,0.19251,0.35389,0.106,0.071,13.43,17.52744,94414143488.0,97734844416.0,0.98,0.29659998,1.197,Industrials,Building Products & Equipment,220023177.0,219418113.0,39.142,4.2509937,4.401,22.685,0.00266,0.90827006,2.96,2026-06-30,2026-07-30
TTD,24.966667,9.4450655,4.304598,0.86,0.16317,0.060060002,17.563,1.611,1.553,0.15306,0.30335,0.78625,0.143,0.075,0.9,2.37902,10695203840.0,9828476928.0,,0.0,1.174,Communication Services,Advertising Agencies,426989140.0,422520065.0,5.22,3.6927333,3.393,14.242,0.02262,0.83711,2.8,2025-12-31,2026-02-25
TTD,21.125,8.656296,3.568823,0.89,0.16735001,0.06573,17.264,1.682,1.636,0.14571,0.09675,0.77832,0.118,-0.2,0.88,2.14757,8739314688.0,7756974592.0,,0.0,1.04,Communication Services,Advertising Agencies,426999732.0,418025056.0,5.209,2.9434023,2.613,10.929,0.023039998,0.89148,3.42,2026-03-31,2026-05-07
TTD,16.571428,13.790644,2.5392194,1.0,0.15441,0.06252,16.863,1.724,1.677,0.13608,0.14205,0.76872003,0.03,-0.236,0.84,1.00938,6581307904.0,5489509376.0,,0.0,1.005,Communication Services,Advertising Agencies,429686475.0,416186984.0,5.482,2.2010047,1.836,7.865,0.027,0.89696,3.0,2026-06-30,2026-08-06
TTWO,,30.058922,12.610007,2.84,-0.86217004,-0.0027,100.449,1.137,1.011,-0.60449004,-0.020480001,0.59289,0.249,,-22.58,7.92244,44097683456.0,45249982464.0,,0.0,0.973,Communication Services,Electronic Gaming & Multimedia,185175456.0,184314390.0,18.885,6.72313,6.899,54.982,0.01362,0.94052005,4.25,2025-12-31,2026-05-21
TTWO,,23.658749,12.498283,3.31,-0.105579995,-0.00535,84.26,1.236,1.1,-0.0448,0.02328,0.57671,0.061,,-1.61,10.00391,43943583744.0,44912586752.0,,0.0,0.961,Communication Services,Electronic Gaming & Multimedia,185666663.0,184768036.0,18.937,6.601704,6.747,56.96,0.0135,0.94765,2.84,2026-03-31,2026-08-07
TTWO,,19.961777,10.849131,2.81,-0.09039,-0.00621,81.607,1.062,0.899,-0.04792,0.0051499996,0.57126,0.02,,-1.73,10.29217,38415130624.0,39533232128.0,,0.0,0.966,Communication Services,Electronic Gaming & Multimedia,186980443.0,186140901.0,18.937,5.7451777,5.912,51.576,0.01779,0.99907994,3.22,2026-06-30,2026-08-07
TXN,42.16881,28.794592,12.809052,1.81,0.30148,0.10925,90.819,4.353,2.708,0.28283,0.34027,0.57023996,0.104,-0.032,5.45,7.98136,209242701824.0,218471317504.0,2.47,1.0092,0.994,Technology,Semiconductors,910463377.0,905363577.0,17.942,11.833656,12.356,27.16,0.0028900001,0.9124,2.88,2025-12-31,2026-04-22
TXN,48.550426,29.667774,15.404892,1.37,0.32347,0.12161,83.741,4.456,2.827,0.29108,0.37824002,0.57322,0.186,0.313,5.85,9.57335,258484551680.0,267431559168.0,2.0,0.9504,1.31,Technology,Semiconductors,910092791.0,907899467.0,18.437,14.01912,14.504,30.863,0.00279,0.93934995,1.6,2026-03-31,2026-07-22
TXN,40.461308,25.048735,13.519242,0.95,0.35176,0.13059,78.036,4.857,3.245,0.31111,0.42576998,0.58325,0.228,0.518,6.59,10.64485,243508379648.0,250559365120.0,2.28,0.85410005,1.314,Technology,Semiconductors,913247686.0,911019362.0,19.723,12.51778,12.88,26.319,0.00279,0.91655,3.57,2026-06-30,2026-07-22
TXT,17.892578,12.557141,2.027757,1.17,0.12242,0.044650003,54.375,1.969,0.89,0.062230002,0.074250005,0.18035,0.156,0.744,5.12,7.29545,15955020800.0,18297020416.0,0.09,0.0156,0.971,Industrials,Aerospace & Defense,174098891.0,172922400.0,45.178,1.0781149,1.236,11.089,0.00708,0.91166,2.86,2026-01-03,2026-04-30
TXT,17.458017,12.557862,1.9875723,1.18,0.12254,0.04557,52.674,1.845,0.656,0.0615,0.08011,0.17836,0.118,0.106,5.24,7.28468,15907363840.0,18613364736.0,0.09,0.0153,0.905,Industrials,Aerospace & Defense,173888981.0,172616114.0,46.026,1.047364,1.226,11.053,0.0072399997,0.91619,3.89,2026-04-04,2026-07-28
TXT,15.007534,10.972005,1.7012148,0.93,0.12126,0.045479998,52.285,1.861,0.653,0.06125,0.08701,0.17628999,0.03,0.052,5.31,7.26303,13705637888.0,16480636928.0,0.1,0.0150999995,0.898,Industrials,Aerospace & Defense,171986917.0,170643699.0,46.843,0.89585185,1.077,9.81,0.00732,0.94315004,5.3,2026-07-04,2026-07-28
TYL,47.6509,24.145197,3.9898682,1.71,0.08901,0.04141,17.355,1.05,1.002,0.13532,0.13159001,0.46464002,0.063,0.011,7.19,14.18957,14727206912.0,14272615424.0,,0.0,0.921,Technology,Software - Application,42453700.0,42742903.0,85.87,6.314348,6.119,32.827,0.00494,1.02824,3.76,2025-12-31,2026-04-29
TYL,44.070347,21.543709,3.811495,1.53,0.08930001,0.04676,1.348,1.001,0.898,0.13262,0.17035,0.46754003,0.086,0.022,7.25,14.83078,13144819712.0,13174530048.0,,0.0,0.821,Technology,Software - Application,41140555.0,39504159.0,83.828,5.521461,5.534,28.986,0.00504,1.03657,3.51,2026-03-31,2026-07-29
TYL,44.466404,21.98475,4.548272,1.55,0.09731,0.04176,47.906,1.554,1.47,0.13361,0.14741,0.47205,0.082,0.155,7.59,15.35155,13821391872.0,14306387968.0,,0.0,0.835,Technology,Software - Application,40952274.0,38014358.0,74.204,5.688618,5.888,31.201,0.00519,1.08425,3.96,2026-06-30,2026-07-29
UAL,9.980392,7.085061,2.154771,6.5,0.23987,0.04231,203.089,0.645,0.56,0.056760002,0.09139,0.33963,0.048,0.081,10.2,14.36826,33049307136.0,51721216000.0,,0.0,1.286,Industrials,Airlines,324649382.0,320600403.0,47.244,0.55949396,0.876,6.669,0.00629,0.90478,1.83,2025-12-31,2026-04-21
UAL,7.9713774,6.3032627,1.8344998,6.5,0.25726998,0.041360002,195.081,0.698,0.606,0.06061,0.043470003,0.33795,0.106,0.845,11.18,14.13871,28925655040.0,45729652736.0,,0.0,1.206,Industrials,Airlines,324569728.0,321749217.0,48.58,0.47838676,0.756,5.8,0.00629,0.89759004,1.83,2026-03-31,2026-04-21
UAL,10.178839,7.448584,2.1132948,6.5,0.23252001,0.03381,201.641,0.78,0.688,0.05558,0.05534,0.31816,0.16,-0.172,10.68,14.59472,35283976192.0,52316499968.0,,0.0,1.272,Industrials,Airlines,324569728.0,322178606.0,51.441,0.5609357,0.832,7.378,0.0058600004,0.90689003,5.87,2026-06-30,2026-07-15
UBER,16.30444,17.972166,5.8973775,4.51,0.39925998,0.061529998,43.806,1.136,0.93,0.19326,0.12349,0.38497,0.201,-0.956,4.73,4.29108,158721916928.0,164432904192.0,,0.0,1.206,Technology,Software - Application,2036824858.0,2046384722.0,13.077,3.051347,3.161,26.051,0.00448,0.86706,3.17,2025-12-31,2026-05-06
UBER,17.980148,16.27382,5.961823,6.0,0.3531,0.06943,48.113,1.069,0.833,0.15907,0.14565,0.39635,0.145,-0.846,4.03,4.45255,147499499520.0,154888503296.0,,0.0,1.113,Technology,Software - Application,2035599013.0,2023873963.0,12.154,2.747397,2.885,22.064,0.00448,0.86139,2.38,2026-03-31,2026-08-05
UBER,15.460526,16.00207,5.265123,6.01,0.3716,0.06877,51.872,0.843,0.652,0.17345,0.13317999,0.40752,0.122,0.855,4.56,4.40568,144000483328.0,154423492608.0,,0.0,1.159,Technology,Software - Application,2042560121.0,2035901375.0,13.39,2.607429,2.796,20.661,0.0021,0.85361,2.39,2026-06-30,2026-08-05
UDR,31.221237,64.145454,3.568683,8.17,0.09378,0.020869998,144.726,0.156,0.001,0.21597,0.22202,0.66621,0.015,,1.13,0.55,13282533376.0,18498351104.0,4.93,1.5177001,0.72,Real Estate,REIT - Residential,328571965.0,295951340.0,9.886,7.5947714,10.577,17.869,0.00438,1.08108,4.21,2025-12-31,2026-04-29
UDR,27.047617,71.0,3.9959798,8.17,0.123500004,0.02214,142.368,0.223,0.003,0.27782,0.21954,0.66619,0.042,1.516,1.47,0.56,14731701248.0,19624867840.0,4.35,1.1701,0.695,Real Estate,REIT - Residential,324915653.0,292651529.0,9.95,8.338598,11.108,18.767,0.0044,1.10527,2.57,2026-03-31,2026-07-27
UDR,21.455696,60.535717,3.761234,8.17,0.13739,0.022449998,156.144,0.178,0.002,0.29563,0.20177999,0.66581,-0.001,0.909,1.58,0.56,12453647360.0,17826684928.0,5.1,1.0918,0.685,Real Estate,REIT - Residential,321264222.0,289047846.0,9.013,7.050578,10.092,17.128,0.0044400003,1.0826,3.09,2026-06-30,2026-07-27
UHS,7.8999567,7.1239076,1.5309274,1.26,0.21326,0.08309,69.729,1.052,0.846,0.08574,0.1153,0.43889,0.091,0.427,23.09,25.60533,11142814720.0,16305135616.0,0.44,0.0346,1.295,Healthcare,Medical Care Facilities,53780983.0,50857682.0,119.15,0.64168876,0.939,6.241,0.055430003,0.97692,2.63,2025-12-31,2026-04-27
UHS,6.314119,6.009098,1.2258338,1.05,0.21369,0.08354,67.405,1.079,0.883,0.08563,0.111870006,0.44233,0.096,0.177,23.94,25.15519,9150674944.0,14297085952.0,0.53,0.0334,1.075,Healthcare,Medical Care Facilities,53287606.0,50328711.0,123.312,0.51523226,0.805,5.359,0.04828,1.01261,2.91,2026-03-31,2026-07-27
UHS,7.2088943,7.3852425,1.3859127,1.19,0.20948,0.08321,68.74,1.116,0.892,0.08424,0.1114,0.44607,0.083,0.101,24.51,23.92474,10413493248.0,15678294016.0,0.45,0.0327,1.061,Healthcare,Medical Care Facilities,51687770.0,48738730.0,127.49,0.574871,0.866,5.808,0.04978,1.03457,3.77,2026-06-30,2026-07-27
ULTA,18.796251,15.212551,7.586609,1.6,0.43595,0.14739001,77.835,1.414,0.355,0.09308,0.12234,0.43047002,0.118,-0.054,25.62,31.65544,21061812224.0,22749630464.0,,0.0,0.891,Consumer Cyclical,Specialty Retail,43560416.0,43596235.0,63.475,1.6995174,1.836,12.407,0.0023100001,1.00521,3.26,2026-01-31,2026-06-02
ULTA,19.377752,16.587543,8.315872,1.77,0.47449002,0.15326001,89.209,1.311,0.204,0.09355,0.14168,0.43186,0.111,0.155,27.24,31.82207,22691907584.0,24773050368.0,,0.0,0.852,Consumer Cyclical,Specialty Retail,42989311.0,42848306.0,63.475,1.785596,1.949,13.112,0.00242,1.0387,4.04,2026-05-02,2026-08-27
ULTA,19.686317,16.863714,8.522725,1.95,0.46117002,0.14843,95.472,1.345,0.203,0.0934,0.12505999,0.43097,0.089,0.133,27.48,32.07953,23130937344.0,25441517568.0,,0.0,0.854,Consumer Cyclical,Specialty Retail,42757471.0,42615944.0,63.475,1.7854122,1.964,13.152,0.0025,1.0412,3.23,2026-08-01,2026-12-03
UNH,24.518883,16.132992,3.1252286,1.16,0.12538,0.039,81.618,0.788,0.704,0.02694,0.00336,0.18526,0.123,-0.999,13.24,20.12212,294658801664.0,357129814016.0,2.72,0.65989995,0.408,Healthcare,Healthcare Plans,907675839.0,899996901.0,103.874,0.65835685,0.798,16.515,0.008169999,0.84196,2.04,2025-12-31,2026-04-21
UNH,29.332327,18.745157,3.7472322,1.36,0.121759996,0.03783,73.982,0.798,0.722,0.02678,0.080469996,0.18801,0.02,0.007,13.27,20.76483,353486110720.0,407612129280.0,2.27,0.6657,0.646,Healthcare,Healthcare Plans,908144404.0,905438134.0,103.874,0.786026,0.906,18.991,0.00241,0.86384004,2.15,2026-03-31,2026-04-21
UNH,24.206808,16.669476,3.4647596,1.02,0.14152999,0.04871,69.211,0.777,0.695,0.03135,0.071329996,0.19723,0.004,0.615,15.57,22.61019,338303483904.0,387665494016.0,2.46,0.5752,0.622,Healthcare,Healthcare Plans,897594847.0,895000798.0,108.781,0.75090784,0.86,14.53,0.00248,0.89699,3.72,2026-06-30,2026-10-13
UNP,20.963272,18.48481,8.0677185,2.83,0.40377,0.09072,177.733,0.908,0.673,0.29123,0.40887,0.56353,-0.006,0.068,11.98,13.58629,149096366080.0,180330332160.0,2.2,0.4541,0.968,Industrials,Railroads,593678300.0,592091933.0,31.129,6.083083,7.357,14.498,0.00119,0.88982004,9.66,2025-12-31,2026-04-23
UNP,24.814968,21.756136,9.225572,3.66,0.40686,0.09137999,162.246,0.916,0.656,0.29202,0.40357,0.56526,0.032,0.062,12.16,13.86965,179152961536.0,209622958080.0,1.83,0.45099998,0.965,Industrials,Railroads,593713213.0,592407044.0,32.708,7.253156,8.487,16.655,0.00071000005,0.90663004,10.28,2026-03-31,2026-07-23
UNP,22.621052,19.724142,8.541335,2.77,0.39696,0.09274,150.772,0.986,0.756,0.28847,0.40982,0.56285,0.115,0.066,12.35,14.16386,165966872576.0,195021864960.0,2.03,0.447,0.966,Industrials,Railroads,594075498.0,592726947.0,32.708,6.531557,7.675,15.137,0.00071000005,0.91296995,11.25,2026-06-30,2026-07-23
UPS,16.22561,13.436697,5.5689845,1.63,0.33772,0.07443,175.884,1.219,1.112,0.06285,0.107480004,0.22601,-0.032,0.046,6.56,7.92159,90439188480.0,113109385216.0,6.16,1.0,1.098,Industrials,Integrated Freight & Logistics,745633402.0,744390491.0,19.113,1.020056,1.276,9.262,0.00023,0.69847,2.34,2025-12-31,2026-04-28
UPS,19.048544,14.688525,6.1591587,1.86,0.33353,0.07194,181.508,1.213,1.093,0.05943,0.0633,0.2245,-0.016,-0.272,6.18,8.01442,100062740480.0,122950737920.0,5.57,1.0615001,1.03,Industrials,Integrated Freight & Logistics,746581816.0,745761509.0,19.113,1.1329952,1.392,10.39,0.00017000001,0.70761,4.26,2026-03-31,2026-07-28
UPS,18.412638,12.275778,5.5950294,1.41,0.29602,0.07278,189.9,1.179,1.052,0.050819997,0.09052,0.22413,0.076,-0.53,5.38,8.06955,84278419456.0,108330426368.0,6.62,1.2193,1.038,Industrials,Integrated Freight & Logistics,749349405.0,748466589.0,17.705,0.9371558,1.205,8.965,0.00017000001,0.73375,5.41,2026-06-30,2026-10-27
URI,20.620306,15.151726,5.6014442,1.31,0.28357,0.08653,174.732,0.945,0.777,0.15492,0.25166,0.38356,0.028,-0.019,38.61,52.54517,50155978752.0,65366974464.0,0.99,0.18540001,1.681,Industrials,Rental & Leasing Services,62886315.0,62625828.0,142.133,3.1154716,4.06,14.673,0.00621,0.93343,2.97,2025-12-31,2026-04-22
URI,26.73855,19.331898,7.3111544,1.72,0.28237,0.088649996,167.473,0.802,0.658,0.15319,0.23087,0.38393003,0.072,0.066,39.09,54.0666,65478803456.0,80341811200.0,0.75,0.1876,1.794,Industrials,Rental & Leasing Services,62646557.0,62293857.0,142.961,4.001149,4.909,17.669,0.00433,0.96237,2.69,2026-03-31,2026-07-22
URI,24.390425,17.694668,6.8522243,1.32,0.28895,0.08768,166.793,0.764,0.619,0.15673,0.25986,0.3848,0.118,0.255,41.57,57.30031,63108280320.0,78381285376.0,0.78,0.18090001,1.787,Industrials,Rental & Leasing Services,62242489.0,61887084.0,147.968,3.7493038,4.657,16.709,0.00434,0.94885004,3.33,2026-06-30,2026-07-22
USB,11.174004,9.431392,1.4199324,1.82,0.123500004,0.0113699995,,,,0.29294002,0.37837002,0.0,0.046,0.148,4.77,5.65134,82737577984.0,119712579584.0,3.86,0.4319,1.016,Financial Services,Banks - Regional,1552299745.0,1547549708.0,37.537,3.1049492,4.493,,0.0013,0.84809995,0.0,2026-03-31,2026-07-16
USB,11.988024,10.380533,1.5435225,1.81,0.12623,0.0116,,,,0.29896,0.39646998,0.0,0.104,0.216,5.01,5.78583,93576568832.0,130164572160.0,3.6,0.4152,0.971,Financial Services,Banks - Regional,1558051446.0,1553330550.0,38.911,3.4250784,4.764,,0.00124,0.84492993,0.01,2026-06-30,2026-10-15
V,29.767136,21.789303,15.824099,1.73,0.53954,0.18364,54.612,1.111,0.725,0.50233,0.68296,0.97777003,0.146,0.174,10.65,14.54934,611227074560.0,609655848960.0,0.85,0.2291,0.799,Financial Services,Credit Services,1681093942.0,1739773915.0,20.034,14.767149,14.729,21.032,0.0058600004,0.90711,3.17,2025-12-31,2026-04-28
V,31.26068,24.116596,19.233988,1.58,0.60349,0.19193001,67.233,1.088,0.669,0.51679003,0.67346,0.97778,0.171,0.355,11.47,14.86777,681889234944.0,686275428352.0,0.75,0.2197,0.754,Financial Services,Credit Services,1659709932.0,1688155858.0,18.642,15.847938,15.95,22.767,0.00081,0.91573,2.31,2026-03-31,2026-07-28
V,31.34383,24.545631,19.517223,1.67,0.6119,0.1911,67.821,0.985,0.627,0.50782,0.66130996,0.97725,0.144,0.102,11.75,15.0043,691411156992.0,687486861312.0,0.73,0.22129999,0.761,Financial Services,Credit Services,1704112694.0,1703469556.0,18.87,15.54152,15.453,22.11,0.00085,0.90182,2.99,2026-06-30,2026-07-28
VEEV,30.02022,16.522696,3.7072098,0.76,0.13933,0.07254,1.329,4.885,4.808,0.28445,0.29413,0.75526,0.16,0.232,5.44,9.88398,26651979776.0,20208619520.0,,0.0,0.924,Healthcare,Health Information Services,163198698.0,149844698.0,44.052,8.340965,6.324,20.517,0.08542,0.88625,3.25,2026-01-31,2026-06-03
VEEV,43.127148,25.03049,5.5991793,1.1,0.13934,0.07298,1.411,4.738,4.666,0.28370002,0.30932,0.75021005,0.163,0.146,5.82,10.02777,40773267456.0,33563613184.0,,0.0,0.922,Healthcare,Health Information Services,162443291.0,148846788.0,44.828,12.284005,10.112,32.709,0.08583,0.93422997,4.24,2026-04-30,2026-08-26
VEEV,42.72742,25.384756,5.8046308,1.16,0.14425,0.075830005,2.041,5.458,5.363,0.29345,0.29637,0.74961,0.176,0.395,6.09,10.25064,42130300928.0,35039051776.0,,0.0,0.974,Healthcare,Health Information Services,161908850.0,148293935.0,44.828,12.183085,10.132,32.584,0.08613,0.93356,2.32,2026-07-31,2026-08-26
VICI,11.1149435,9.833899,1.1154261,,0.10217,0.049510002,62.679,17.233,17.231,0.69281,0.8031,0.9914,0.038,-0.034,2.61,2.95,31011371008.0,48555278336.0,6.14,0.67620003,0.728,Real Estate,REIT - Diversified,1068988999.0,1064291352.0,26.008,7.7410064,12.12,13.298,0.0028799998,1.0021399,2.58,2025-12-31,2026-04-29
VICI,9.202055,9.155026,1.0189996,,0.11331,0.05381,61.853,11.12,11.119,0.7683,1.0749099,0.99141,0.035,0.601,2.92,2.935,29586026496.0,46369832960.0,6.7,0.6104,0.683,Real Estate,REIT - Diversified,1101080187.0,1064593712.0,26.369,7.3224893,11.476,11.62,0.0028400002,0.98276,2.9,2026-03-31,2026-07-29
VICI,9.193798,7.93311,0.8953308,,0.09849,0.04818,60.277,11.236,11.235,0.67496,0.70182997,0.99271005,0.057,-0.414,2.58,2.99,26117558272.0,44092248064.0,7.76,0.69769996,0.682,Real Estate,REIT - Diversified,1101077562.0,1096706284.0,26.493,6.373861,10.76,12.116,0.00282,0.98407996,3.55,2026-06-30,2026-07-29
VLO,29.583332,12.95908,2.8180282,4.08,0.08299,0.05017,43.988,1.645,1.032,0.02025,0.059299998,0.13194,-0.021,3.179,7.56,17.25817,66877214720.0,76772212736.0,2.15,0.5971,0.612,Energy,Oil & Gas Refining & Marketing,298953671.0,297477270.0,79.364,0.57683104,0.662,10.103,0.00577,0.87966,2.07,2025-12-31,2026-04-30
VLO,22.6187,13.890322,3.851943,4.08,0.1585,0.06487,42.664,1.576,1.084,0.03569,0.060510002,0.14563,0.066,,13.69,22.2925,91945230336.0,100767236096.0,1.55,0.3353,0.545,Energy,Oil & Gas Refining & Marketing,296932782.0,295385762.0,80.388,0.7802482,0.855,10.949,0.0040599997,0.8782,3.13,2026-03-31,2026-07-30
VLO,17.241552,11.07206,4.759645,4.08,0.27637,0.105579995,40.148,1.636,1.047,0.05446,0.12269,0.16118999,0.517,4.535,23.97,37.32639,118994657280.0,125736665088.0,1.16,0.1943,0.568,Energy,Oil & Gas Refining & Marketing,287927461.0,286389928.0,86.83,0.8985476,0.949,9.398,0.00422,0.87031,3.96,2026-06-30,2026-10-22
VLTO,24.19681,19.937807,7.2784004,3.37,0.36498,0.11339,92.692,1.669,1.424,0.17082001,0.22708,0.59949,0.038,0.122,3.76,4.56319,22548789248.0,23397789696.0,0.57,0.1223,1.153,Industrials,Pollution & Treatment Controls,245565117.0,247325367.0,12.5,4.0975447,4.252,17.242,0.00195,1.00107,2.26,2025-12-31,2026-04-28
VLTO,24.177834,20.085857,7.667348,2.76,0.36463,0.11322,95.542,1.484,1.186,0.17325,0.23768999,0.59861,0.068,0.133,3.88,4.67045,23039666176.0,24481667072.0,0.55,0.1237,0.782,Industrials,Pollution & Treatment Controls,245599266.0,245061404.0,12.235,4.119375,4.377,17.766,0.00187,0.98726,2.79,2026-04-03,2026-07-28
VLTO,23.801006,19.809307,7.4507174,2.24,0.34312,0.10307,115.978,1.775,1.478,0.17346,0.21370001,0.60183,0.075,0.101,3.97,4.76998,23036033024.0,24511033344.0,0.55,0.1259,0.759,Industrials,Pollution & Treatment Controls,243793344.0,243244809.0,12.682,4.044247,4.303,17.634,0.0019200001,1.01396,4.04,2026-07-03,2026-07-28
VMC,35.836605,27.202642,4.4688706,3.05,0.12972,0.057789996,57.785,2.686,1.121,0.13559,0.17536,0.27384,0.032,-0.138,8.14,10.72359,38091603968.0,42872102912.0,0.71,0.24049999,1.095,Basic Materials,Building Materials,130462251.0,130193866.0,65.276,4.7967668,5.399,18.549,0.00296,0.97901,3.3,2025-12-31,2026-04-29
VMC,34.12189,26.762865,4.4170904,2.5,0.13458,0.06059,61.249,2.589,1.109,0.13809,0.15553,0.27684,0.074,0.297,8.45,10.77351,37412225024.0,42487726080.0,0.72,0.2358,1.05,Basic Materials,Building Materials,129754885.0,129369513.0,65.276,4.6403337,5.27,18.075,0.00208,0.98059,4.51,2026-03-31,2026-07-29
VMC,28.399765,22.633951,3.6815715,1.77,0.13234,0.06044,58.22,1.757,1.051,0.13748,0.21611,0.27506,0.025,0.027,8.48,10.64021,31206447104.0,35978248192.0,0.86,0.2382,1.054,Basic Materials,Building Materials,129578739.0,129155017.0,65.415,3.8451474,4.433,15.373,0.0023100001,1.00739,6.15,2026-06-30,2026-07-29
VMRK,23.45594,41.560028,,7.17,0.08487,0.02557,75.129,0.348,0.044,0.33253,0.29499,0.62325,0.033,,2.61,1.47305,47370760192.0,,4.16,0.96980006,0.537,Real Estate,REIT - Residential,773779120.0,,,15.330606,,,0.00485,0.48814,3.34,2026-06-30,
VRSK,27.479939,20.71581,79.74474,1.74,4.3794603,0.16462,1581.795,1.202,1.152,0.2956,0.43978,0.69879997,,,6.48,8.59585,24563312640.0,27285612544.0,1.12,0.2778,0.819,Industrials,Consulting Services,131000536.0,137547374.0,2.233,7.9940486,8.88,18.375,0.0028799998,1.03115,3.32,2025-12-31,2026-04-29
VRSK,30.591463,23.143545,-22.515427,1.95,,0.17999001,,1.018,0.914,0.2934,0.45004,0.6998,0.039,0.048,6.56,8.6711,26293460992.0,30394263552.0,1.0,0.282,0.688,Industrials,Consulting Services,131021840.0,130613052.0,-8.913,8.475473,9.797,20.154,0.0027700001,1.03664,1.97,2026-03-31,2026-07-29
VRSK,26.9447,20.16587,-19.680243,1.49,,0.18958001,,1.005,0.903,0.28237,0.45106998,0.70179003,0.044,-0.034,6.51,8.69836,22830667776.0,26895566848.0,1.14,0.2919,0.662,Industrials,Consulting Services,130156012.0,129759036.0,-8.913,7.2801876,8.576,17.743,0.00275,1.01343,2.62,2026-06-30,2026-07-29
VRSN,31.142044,26.761492,-11.691053,2.95,,0.51283,,0.489,0.447,0.49842998,0.66963995,0.8815,0.076,0.118,8.8,10.24046,25130383360.0,26347884544.0,1.18,0.2622,0.695,Technology,Software - Infrastructure,91115706.0,91120456.0,-23.441,15.169855,15.905,22.867,0.10561,0.90990996,2.59,2025-12-31,2026-04-23
VRSN,30.680662,26.510061,-11.428219,3.36,,0.52069,,0.462,0.419,0.49958,0.68454003,0.8835,0.066,0.114,9.05,10.47376,25267060736.0,26505259008.0,1.17,0.3448,0.707,Technology,Software - Infrastructure,91000000.0,90420330.0,-24.296,15.011324,15.747,22.613,0.10537,0.88789004,2.17,2026-03-31,2026-07-23
VRSN,32.912052,27.39763,-12.156406,2.24,,0.45124,,0.591,0.557,0.49769002,0.68178004,0.88465,0.06,0.077,9.21,11.06373,27402047488.0,28677935104.0,1.07,0.3431,0.699,Technology,Software - Infrastructure,90400000.0,84894642.0,-24.935,16.044292,16.791,24.18,0.10587,0.89825994,2.21,2026-06-30,2026-07-23
VRT,90.12903,37.843086,29.830145,2.08,0.41809,0.111219995,81.899,1.547,1.126,0.13028,0.21174,0.36317003,0.227,1.995,3.41,8.12143,117587812352.0,118964412416.0,0.08,0.0513,2.048,Industrials,Electrical Equipment & Parts,382598464.0,376331501.0,10.303,11.494522,11.629,53.886,0.00373,0.80593,1.18,2025-12-31,2026-04-22
VRT,72.93703,32.63328,26.190304,1.45,0.45097,0.111499995,76.913,1.494,1.057,0.14372,0.16364999,0.37151,0.301,1.357,3.97,8.87315,111222546432.0,111986950144.0,0.09,0.050300002,2.029,Industrials,Electrical Equipment & Parts,384108816.0,377744133.0,11.056,10.257165,10.328,46.994,0.00229,0.85706,2.01,2026-03-31,2026-07-29
VRT,56.55102,27.33832,20.178816,0.84,0.43943,0.10889,70.166,1.379,0.947,0.15088001,0.20362,0.38039002,0.241,0.53,4.41,9.12236,96012197888.0,96239804416.0,0.1,0.0509,2.075,Industrials,Electrical Equipment & Parts,384988173.0,383848608.0,12.359,8.363723,8.384,35.926,0.00238,0.84550005,2.85,2026-06-30,2026-07-29
VRTX,28.817766,20.230997,6.003538,2.15,0.22541,0.12162,10.908,2.901,2.243,0.32939997,0.39602003,0.53665,0.095,0.329,15.31,21.80812,112223518720.0,107507785728.0,,0.0,0.367,Healthcare,Biotechnology,254359735.0,253244144.0,73.49,9.350946,8.958,22.094,0.00209,0.97587997,2.8,2025-12-31,2026-05-04
VRTX,28.821957,22.681894,6.3751163,1.74,0.24197,0.12142,10.26,3.023,2.382,0.35507,0.38126,0.54390997,0.078,0.614,16.85,21.41135,123260600320.0,118000402432.0,,0.0,0.292,Healthcare,Biotechnology,253805417.0,253071919.0,76.179,10.088443,9.658,23.689,0.002,0.99337,2.71,2026-03-31,2026-08-03
VRTX,29.589056,25.249094,6.3605313,1.87,0.23542999,0.11926,9.767,3.185,2.536,0.34997,0.38055,0.54957,0.125,0.08,17.18,20.133,128844324864.0,122969522176.0,,0.0,0.32,Healthcare,Biotechnology,253460924.0,252685334.0,79.921,10.236138,9.769,24.109,0.00212,0.9796,3.92,2026-06-30,2026-11-02
VST,75.32719,14.549669,21.083452,1.4,0.17656,0.03487,399.55,0.777,0.264,0.05322,0.1322,0.33238998,0.136,-0.523,2.17,11.23462,55339266048.0,77189545984.0,0.56,0.41349998,1.498,Utilities,Utilities - Independent Power Producers,338549292.0,314317669.0,7.753,3.1198142,4.352,14.765,0.00798,0.92804,1.99,2025-12-31,2026-05-07
VST,25.99331,14.383456,16.837088,0.45,0.42898,0.06022,366.613,0.896,0.263,0.11525,0.26578,0.38637,0.434,,5.98,10.80686,52411641856.0,74809638912.0,0.59,0.1515,1.409,Utilities,Utilities - Independent Power Producers,337182468.0,314476601.0,9.232,2.6953788,3.847,11.018,0.0078799995,0.90976,3.62,2026-03-31,2026-08-07
VST,23.681818,13.570836,15.7225895,0.35,0.42962003,0.05886,373.28,0.973,0.258,0.1155,0.13766,0.38309,-0.055,-0.062,5.94,10.36561,47213801472.0,69774802944.0,0.65,0.1535,1.414,Utilities,Utilities - Independent Power Producers,335635195.0,312946256.0,8.947,2.4575162,3.632,10.499,0.0077899997,0.92068,2.37,2026-06-30,2026-08-07
VTR,157.59259,88.95439,3.2262955,1.72,0.0217,0.02178,101.996,0.341,0.31,0.04321,0.20349,0.41213,0.214,0.101,0.54,0.95667,40461914112.0,53331800064.0,2.44,3.5556,0.768,Real Estate,REIT - Healthcare Facilities,475463173.0,472680641.0,26.377,6.9552803,9.168,24.097,0.00537,1.05584,5.97,2025-12-31,2026-04-27
VTR,174.72726,113.503494,3.5591276,1.72,0.0214,0.022119999,93.736,0.206,0.188,0.042600002,0.13771,0.40493,0.219,0.1,0.55,0.84667,46720909312.0,59715063808.0,2.08,3.5635998,0.724,Real Estate,REIT - Healthcare Facilities,486169723.0,483695119.0,27.001,7.6430674,9.769,26.096,0.00528,1.06962,5.46,2026-03-31,2026-07-29
VTR,157.61818,109.73418,3.0354705,4.94,0.02012,0.02169,84.928,0.295,0.261,0.04093,0.14807999,0.39970002,0.217,-0.067,0.55,0.79,44467322880.0,57749598208.0,2.4,3.6364002,0.724,Real Estate,REIT - Healthcare Facilities,512946359.0,510525252.0,28.559,6.9274664,8.997,24.256,0.00505,1.0510501,6.69,2026-06-30,2026-07-29
VTRS,,5.5030947,1.1487597,0.15,-0.21080999,0.0196,99.91,1.38,0.685,-0.2458,0.07782,0.39547002,0.05,,-3.0,2.66759,17093698560.0,30087448576.0,3.27,9.6,0.822,Healthcare,Drug Manufacturers - Specialty & Generic,1164420909.0,1141444887.0,12.779,1.1953719,2.104,7.601,0.0045,0.8652,3.18,2025-12-31,2026-05-07
VTRS,,6.4939218,1.3735304,0.15,-0.01957,0.02306,99.675,1.603,0.902,-0.02036,0.06784,0.39816,0.081,,-0.3,2.66249,20135116800.0,32344915968.0,2.78,9.6,0.902,Healthcare,Drug Manufacturers - Specialty & Generic,1164552654.0,1158555208.0,12.588,1.3826594,2.221,7.841,0.00312,0.88221,4.83,2026-03-31,2026-08-06
VTRS,,6.370696,1.3465205,1.05,-0.02754,0.02668,95.535,1.585,0.816,-0.02787,0.12550999,0.40307,0.049,,-0.37,2.66062,19468615680.0,31581814784.0,2.83,9.6,0.883,Healthcare,Drug Manufacturers - Specialty & Generic,1148590864.0,1141791206.0,12.588,1.3210435,2.143,7.357,0.00318,0.93489,3.81,2026-06-30,2026-08-06
VZ,11.465517,8.85941,1.8792894,1.15,0.17069,0.05014,174.78,0.913,0.74,0.124280006,0.20989001,0.59071,0.02,-0.533,4.06,5.2543,196333191168.0,363380211712.0,6.08,0.5037,0.27,Communication Services,Telecom Services,4180000000.0,4211568526.0,24.77,1.420738,2.63,7.268,0.00052,0.69459,3.27,2025-12-31,2026-04-27
VZ,10.631707,8.278479,1.7618529,0.82,0.17198,0.0508,192.045,0.64,0.508,0.12462,0.25186002,0.58909,0.029,0.043,4.1,5.26546,182012608512.0,375845617664.0,6.49,0.67440003,0.238,Communication Services,Telecom Services,4175558910.0,4169587861.0,24.741,1.3080692,2.701,7.355,0.00037,0.70368,3.24,2026-03-31,2026-07-24
VZ,12.5234375,9.108507,1.9226772,0.86,0.15842,0.050479997,184.081,0.604,0.462,0.11643,0.22999,0.59453,-0.007,-0.22,3.84,5.27968,199803142144.0,392929148928.0,5.88,0.7279,0.24,Communication Services,Telecom Services,4154775202.0,4148833873.0,25.012,1.4385194,2.829,7.692,0.0005,0.71181,4.29,2026-06-30,2026-07-24
WAB,38.617302,22.096521,4.0325522,1.37,0.11096,0.06064,53.021,1.106,0.517,0.104770005,0.15008001,0.34665,0.148,-0.038,6.82,11.91907,44909109248.0,50126110720.0,0.4,0.1464,0.987,Industrials,Railroads,170171898.0,168435175.0,65.311,4.021591,4.489,20.586,0.0072600003,0.95763,2.55,2025-12-31,2026-04-22
WAB,37.01695,21.526749,4.0104055,1.37,0.11305001,0.06041,62.03,1.024,0.475,0.10515001,0.18983,0.35239,0.13,0.128,7.08,12.17462,44469035008.0,50913038336.0,0.47,0.1499,0.937,Industrials,Railroads,169677346.0,167576740.0,65.35,3.86452,4.425,20.204,0.0070499997,0.95787,3.47,2026-03-31,2026-07-22
WAB,37.71602,22.522509,4.225677,1.37,0.11553001,0.061669998,61.686,1.121,0.525,0.10593,0.19188,0.35735,0.175,0.189,7.43,12.44222,47333888000.0,53639888896.0,0.44,0.1507,0.921,Industrials,Railroads,168910851.0,166845071.0,66.316,3.9510758,4.477,20.234,0.00698,0.95798,3.79,2026-06-30,
WAT,30.490232,20.057852,7.6206083,1.42,0.29279,0.11524,60.282,1.733,1.143,0.20302,0.33757,0.59283,0.068,-0.031,10.75,16.34123,32175699968.0,33110980608.0,,0.0,1.203,Healthcare,Diagnostics & Research,98165491.0,97959623.0,43.011,10.16518,10.461,30.265,0.0011100001,0.62858003,2.98,2025-12-31,2026-02-09
WAT,46.94402,22.370708,2.3686426,1.64,0.05212,0.03313,36.634,1.788,0.974,0.11926,0.02841,0.55154,0.914,,7.86,16.49389,36228616192.0,41368616960.0,,0.0,1.202,Healthcare,Diagnostics & Research,98185855.0,98000284.0,155.777,9.608983,10.972,36.447,0.00103,0.99595,3.72,2026-04-04,2026-08-04
WAT,106.47222,25.48123,2.7255392,1.57,0.019199999,0.03558,36.045,1.861,1.053,0.03588,0.09422,0.56337,1.134,,3.96,16.54669,41398104064.0,46362349568.0,,0.0,1.194,Healthcare,Diagnostics & Research,98185855.0,98065370.0,154.696,8.913772,9.983,31.929,0.00103,1.0227101,4.01,2026-07-04,2026-08-04
WBD,94.72414,-1647.8704,1.8967065,216.92,0.02078,0.010249999,98.91,1.056,0.698,0.01949,0.07378,0.44546002,-0.057,,0.29,-0.01667,68860928000.0,101548662784.0,,0.0,1.637,Communication Services,Entertainment,2506768389.0,2353180317.0,14.483,1.8463354,2.723,13.794,0.0422,0.73200995,2.15,2025-12-31,2026-05-07
WBD,,839.6875,2.0677185,216.92,-0.049590003,0.01391,96.318,0.729,0.413,-0.04665,0.08590999,0.45748,-0.01,,-0.7,0.032,67366768640.0,97665761280.0,,0.0,1.548,Communication Services,Entertainment,2507136702.0,2381278440.0,12.995,1.8104479,2.625,12.878,0.042069998,0.76563,3.06,2026-03-31,2026-05-06
WBD,,397.14285,2.123272,55.18,-0.08786,0.01708,94.199,0.777,0.406,-0.08769,0.05105,0.47811002,-0.112,-0.906,-1.28,0.07,69698396160.0,99566551040.0,,0.0,1.571,Communication Services,Entertainment,2507136702.0,2385394112.0,13.093,1.9299015,2.757,12.776,0.04141,0.79235,3.4,2026-06-30,2026-08-06
WDAY,49.938225,10.392136,4.2941566,0.5,0.08231,0.03551,48.956,1.322,1.224,0.07255,0.120459996,0.75701,0.145,0.629,2.59,12.44595,32294328320.0,31618379776.0,,0.0,1.035,Technology,Software - Application,203712072.0,208080050.0,30.12,3.380897,3.31,23.062,0.021140002,1.02734,5.31,2026-01-31,2026-05-21
WDAY,59.585587,15.698269,7.3929725,0.78,0.10858,0.04343,56.936,1.009,0.912,0.08595,0.13297,0.75766,0.135,2.48,3.33,12.63961,49004474368.0,48461737984.0,,0.0,1.054,Technology,Software - Application,201000000.0,199114110.0,26.839,4.973054,4.918,32.051,0.02145,1.0991501,5.54,2026-04-30,2026-08-27
WDAY,39.565304,14.663316,7.223443,0.71,0.16006,0.04513,58.39,0.908,0.81,0.12319,0.11816,0.75795,0.128,2.06,4.9,13.22143,46722670592.0,47091671040.0,,0.0,1.082,Technology,Software - Application,196000000.0,194315890.0,26.839,4.600952,4.637,29.692,0.02182,1.12475,3.47,2026-07-31,2026-08-27
WDC,35.209827,26.555042,17.811138,0.75,0.41126,0.09147,65.436,1.455,1.107,0.35644,0.31919,0.42723998,0.252,1.896,10.58,14.02822,127364325376.0,127287410688.0,0.13,0.0307,1.829,Technology,Computer Hardware,339037922.0,336735855.0,20.915,11.865504,11.858,37.917,0.00526,1.03212,3.21,2026-01-02,2026-04-30
WDC,28.576046,25.730211,22.817116,0.42,0.85920995,0.14648,17.81,1.49,1.107,0.55286,0.37008998,0.45428002,0.455,4.829,16.7,18.54707,164489216000.0,162976202752.0,0.13,0.0269,2.166,Technology,Computer Hardware,344682131.0,342110802.0,20.915,13.966988,13.839,41.491,0.00543,1.01878,2.17,2026-04-03,2026-08-05
WDC,16.395245,13.901307,,0.84,1.30853,0.20758,13.436,1.329,0.85,0.72947,0.43608,0.48851,0.438,9.841,26.92,31.74953,159128338432.0,158740348928.0,0.14,0.0186,2.182,Technology,Computer Hardware,360540944.0,358024368.0,,12.317389,12.287,31.735,0.0050999997,0.91946,2.55,2026-07-03,2026-08-05
WEC,24.089397,19.278635,2.770088,2.57,0.11576,0.030199999,159.331,0.587,0.374,0.15893,0.21308,0.42378,0.111,-0.325,4.81,6.01028,37738815488.0,60521418752.0,3.29,0.7422,0.525,Utilities,Utilities - Regulated Electric,325699608.0,324632894.0,41.829,3.8508604,6.176,15.648,0.0015199999,0.84623003,7.28,2025-12-31,2026-05-05
WEC,22.715431,18.890282,2.7098424,2.38,0.11679,0.030439999,153.184,0.679,0.447,0.16239001,0.28952998,0.41764,0.09,0.079,4.99,6.00044,36921004032.0,59631505408.0,3.36,0.7275,0.46,Utilities,Utilities - Regulated Electric,325725678.0,324820161.0,41.829,3.6610544,5.913,15.164,0.00154,0.87088996,6.73,2026-03-31,2026-07-29
WEC,20.033009,17.198153,,2.03,0.11988,0.030250002,157.985,0.534,0.303,0.16686001,0.21802999,0.41909,0.026,0.197,5.15,5.9989,33617879040.0,57029181440.0,3.69,0.71650004,0.457,Utilities,Utilities - Regulated Electric,325849383.0,324914195.0,,3.316223,5.626,14.382,0.0015199999,0.87794995,6.17,2026-06-30,2026-07-29
WELL,149.30498,63.987843,3.4804175,3.66,0.025390001,0.00556,49.488,1.697,1.136,0.08644,-0.28201,0.40223,0.413,-0.263,1.41,3.29,148317765632.0,164310925312.0,1.41,1.9858999,0.821,Real Estate,REIT - Healthcare Facilities,704530489.0,696803587.0,60.487,13.684932,15.161,61.665,0.00068000006,0.98771006,5.29,2025-12-31,2026-04-28
WELL,117.51208,72.395836,3.9141698,3.66,0.03665,0.0074400003,44.486,1.646,1.237,0.119619995,0.18039,0.39870998,0.383,1.579,2.07,3.36,171713691648.0,188132605952.0,1.22,1.3961,0.763,Real Estate,REIT - Healthcare Facilities,705914450.0,704940288.0,62.146,14.592976,15.988,62.947,0.00062,1.0253199,5.04,2026-03-31,2026-07-27
WELL,103.09459,71.971695,3.5449092,3.66,0.03836,0.00825,41.375,1.317,0.946,0.12149999,0.16561002,0.39560002,0.391,0.356,2.22,3.18,164917313536.0,183961763840.0,1.49,1.3274001,0.76,Real Estate,REIT - Healthcare Facilities,720572011.0,719750323.0,64.563,12.921299,14.413,55.068,0.00061,1.00863,6.18,2026-06-30,2026-07-27
WFC,12.704791,10.406249,1.545287,1.46,0.12028,0.01051,,,,0.26742,0.29447,0.0,0.057,0.151,6.47,7.8991,251547566080.0,285558112256.0,2.12,0.2705,0.93,Financial Services,Banks - Diversified,3060189494.0,3051835177.0,53.194,3.1003582,3.52,,0.00090000004,0.7874,0.0,2026-03-31,2026-07-14
WFC,12.517442,10.898562,1.6189796,1.46,0.12575,0.0107700005,,,,0.27232,0.37387002,0.0,0.095,0.25,6.88,7.90196,260426825728.0,259965829120.0,2.32,0.2616,0.916,Financial Services,Banks - Diversified,3023999336.0,3015622858.0,53.194,3.13669,3.131,,0.00090000004,0.78763,0.0,2026-06-30,2026-10-13
WM,33.425373,24.00952,9.032792,2.28,0.29696,0.06493,239.385,0.889,0.77,0.10744,0.20038,0.40438,0.071,0.236,6.7,9.32755,90327048192.0,114044051456.0,1.53,0.4925,0.547,Industrials,Waste Management,402913509.0,402182241.0,24.793,3.5838377,4.525,15.087,0.00252,0.83982,2.66,2025-12-31,2026-04-28
WM,34.58237,25.9939,9.6066,2.44,0.29936,0.065960005,228.408,0.934,0.801,0.10994001,0.1752,0.40605,0.035,0.133,6.92,9.20639,96101089280.0,118835093504.0,1.48,0.49490002,0.448,Industrials,Waste Management,401575752.0,400383072.0,24.911,3.781572,4.676,15.51,0.00248,0.86123,2.57,2026-03-31,2026-07-28
WM,29.858557,23.156122,8.506951,1.93,0.29841,0.06566,235.301,0.907,0.801,0.11115,0.18986,0.40601003,0.04,0.083,7.07,9.11638,84379877376.0,107179876352.0,1.79,0.5007,0.431,Industrials,Waste Management,399715184.0,398528030.0,24.815,3.287485,4.176,13.787,0.0025499999,0.85867995,2.83,2026-06-30,2026-07-28
WMB,33.24766,27.275898,6.80731,2.39,0.18555,0.04896,197.026,0.531,0.297,0.22129999,0.41248,0.62122,0.087,0.508,2.14,2.60853,87006273536.0,118618218496.0,2.95,0.9346,0.653,Energy,Oil & Gas Midstream,1222856952.0,1214697926.0,10.452,7.354715,10.027,17.503,0.00452,0.88914,2.48,2025-12-31,2026-05-04
WMB,32.184208,28.547195,7.0206656,2.3,0.19656,0.048860002,199.855,0.829,0.623,0.23056999,0.33609,0.63506,0.09,0.25,2.28,2.57048,89743605760.0,121300615168.0,2.86,0.8882,0.595,Energy,Oil & Gas Midstream,1222998265.0,1215953795.0,10.452,7.4113145,10.017,17.783,0.00446,0.89036006,3.18,2026-03-31,2026-08-03
WMB,28.705181,27.743656,6.6985874,2.07,0.21503,0.05032,200.371,0.477,0.309,0.24937001,0.39540002,0.63637,0.078,0.512,2.51,2.59699,88129224704.0,120932212736.0,2.91,0.8167,0.618,Energy,Oil & Gas Midstream,1223167472.0,1215840699.0,10.756,7.1516047,9.814,17.195,0.00445,0.91457003,3.71,2026-06-30,2026-08-03
WMT,49.338234,40.75039,10.735141,4.97,0.21847,0.06834,64.443,0.79,0.204,0.0307,0.04567,0.24927,0.056,-0.19,2.72,3.29322,1069706903552.0,1134158413824.0,0.74,0.3443,0.652,Consumer Defensive,Discount Stores,7970990515.0,4374457252.0,12.501,1.4999473,1.59,25.76,0.44929,0.37987998,4.19,2026-01-31,2026-05-21
WMT,40.531918,34.84671,9.647199,4.39,0.24132,0.06835,74.816,0.771,0.187,0.03135,0.042150002,0.24976,0.073,0.194,2.82,3.28008,909608419328.0,981069463552.0,0.86,0.33540002,0.605,Consumer Defensive,Discount Stores,7958079155.0,4374476531.0,11.848,1.2541047,1.353,21.88,0.44852,0.38261002,3.22,2026-04-30,2026-08-20
WMT,38.67029,33.043858,9.008272,4.08,0.22313999,0.06414,71.653,0.767,0.195,0.03,0.0345,0.24836999,0.059,-0.091,2.76,3.22995,849365827584.0,916892745728.0,0.93,0.3496,0.595,Consumer Defensive,Discount Stores,7958079155.0,4350231739.0,11.848,1.1542807,1.246,20.804,0.44988,0.38209,3.1,2026-07-31,2026-11-19
WRB,15.017979,13.844781,2.5982661,10.28,0.19700001,0.03656,31.921,0.399,0.242,0.120979995,0.16360001,0.43407002,0.015,-0.218,4.45,4.82709,25396815872.0,24377434112.0,0.54,0.0787,0.373,Financial Services,Insurance - Property & Casualty,374490856.0,229420588.0,25.721,1.7267517,1.657,9.602,0.26116,0.79654,0.0,2025-12-31,2026-04-21
WRB,15.171611,14.947336,2.868071,4.09,0.20164,0.03672,31.76,0.385,0.23,0.12639,0.17093,0.43651,0.04,0.26,4.72,4.79082,26658738176.0,27565242368.0,0.56,0.0763,0.293,Financial Services,Insurance - Property & Casualty,372276732.0,256599864.0,24.968,1.7951056,1.856,10.683,0.26275,0.77976,0.01,2026-03-31,2026-07-20
WRB,14.401234,14.458025,,4.61,0.20207001,0.03561,31.527,0.406,0.249,0.12943,0.16385001,0.43785998,0.012,0.15,4.86,4.84091,25982214144.0,26412666880.0,0.57,0.0761,0.283,Financial Services,Insurance - Property & Casualty,371227529.0,243524048.0,,1.7442291,1.773,10.235,0.26361,0.76515,0.04,2026-06-30,
WSM,19.407907,16.955544,9.795825,2.28,0.51523995,0.16537,69.957,1.388,0.587,0.13942,0.20326,0.46153,-0.043,-0.073,8.85,10.13002,20223479808.0,20879300608.0,1.77,0.29860002,1.49,Consumer Cyclical,Specialty Retail,117742670.0,117443847.0,17.534,2.59049,2.674,12.664,0.011419999,0.99126,6.6,2026-02-01,2026-05-21
WSM,27.013376,23.473827,15.258816,3.18,0.54007,0.17356001,79.878,1.331,0.449,0.1381,0.16173,0.46062002,0.044,0.043,8.97,10.32256,28531179520.0,29373145088.0,1.26,0.30719998,1.47,Consumer Cyclical,Specialty Retail,117746611.0,116199421.0,15.88,3.6197162,3.727,17.805,0.01119,0.98688006,6.02,2026-05-03,2026-08-26
WSM,22.994871,21.323706,14.118387,2.55,0.54960996,0.16636999,71.369,1.447,0.619,0.14729,0.17272,0.45692003,0.067,0.42,9.75,10.51412,26406090752.0,26905100288.0,1.36,0.2913,1.463,Consumer Cyclical,Specialty Retail,117779173.0,116229199.0,15.88,3.2986355,3.361,16.211,0.01121,0.98486,5.07,2026-08-02,2026-08-26
WST,40.313698,30.78638,6.205482,3.34,0.16855,0.100889996,10.271,3.021,2.104,0.16059999,0.2164,0.35913,0.075,0.021,6.79,8.89127,19730898944.0,19249342464.0,0.32,0.1252,1.151,Healthcare,Medical Instruments & Supplies,72081610.0,71513019.0,44.111,6.4184313,6.262,23.762,0.0062300004,0.975,3.26,2025-12-31,2026-04-23
WST,47.829105,37.239975,8.493526,3.49,0.19131,0.11214,10.734,2.71,1.814,0.16849001,0.21695,0.36278,0.21,0.561,7.49,9.61977,25308792832.0,25108393984.0,0.25,0.115,1.159,Healthcare,Medical Instruments & Supplies,70647595.0,70161540.0,42.178,7.8574333,7.795,28.864,0.00636,1.0368,2.85,2026-03-31,2026-07-23
WST,46.27203,36.31598,8.53016,2.82,0.19087,0.11377,10.585,2.822,1.819,0.1698,0.22469,0.36786,0.138,0.181,7.83,9.9766,25497841664.0,25378541568.0,0.24,0.1114,1.135,Healthcare,Medical Instruments & Supplies,70375762.0,69849351.0,42.474,7.664375,7.629,27.821,0.00656,1.01957,4.33,2026-06-30,2026-07-23
WTW,18.316309,13.290705,3.5481064,1.27,0.20076,0.048309997,85.755,1.205,0.436,0.16533001,0.35388002,0.41584,-0.033,-0.382,16.25,22.3946,28140644352.0,31956641792.0,1.29,0.22629999,0.63,Financial Services,Insurance Brokers,94203101.0,94096810.0,83.887,2.8987067,3.292,12.165,0.00242,1.0171399,5.28,2025-12-31,2026-04-30
WTW,17.240305,13.237119,3.4679477,1.27,0.20611,0.050890002,85.693,1.187,0.332,0.16843,0.20522,0.42407,0.085,0.33,17.02,22.16721,27713869824.0,32846870528.0,1.31,0.2184,0.441,Financial Services,Insurance Brokers,94447976.0,93985181.0,84.612,2.8002293,3.319,11.88,0.00263,1.00386,6.01,2026-03-31,2026-07-30
WTW,19.19381,13.563699,3.7499244,1.27,0.19761999,0.05079,91.39,1.098,0.301,0.15492,0.17559,0.42516,0.091,-0.268,16.15,22.85365,28788443136.0,34310443008.0,1.24,0.2328,0.417,Financial Services,Insurance Brokers,92871937.0,92420579.0,82.663,2.8497767,3.396,12.184,0.0026800002,1.02423,4.6,2026-06-30,2026-07-30
WY,55.933334,36.229904,1.9240178,1.86,0.03384,0.0074299998,60.694,1.293,0.608,0.046919998,-0.114209995,0.14844,-0.098,-0.091,0.45,0.69473,18148642816.0,23396139008.0,3.34,1.8666999,0.998,Real Estate,REIT - Specialty,721042609.0,717018435.0,13.082,2.6283336,3.388,33.139,0.00356,0.92351997,3.36,2025-12-31,2026-04-30
WY,43.732143,37.19284,1.8707509,1.86,0.04161,0.00721,57.729,1.418,0.663,0.057800002,0.08975001,0.14675,-0.02,0.966,0.56,0.65846,17658333184.0,22808342528.0,3.43,1.5,0.911,Real Estate,REIT - Specialty,721042609.0,717531521.0,13.091,2.5707283,3.32,32.677,0.0033000002,0.93008006,3.97,2026-03-31,2026-07-30
WY,32.151512,31.555779,1.620961,1.86,0.04974,0.00674,57.625,1.816,1.004,0.06888,0.080340005,0.14507,-0.009,0.871,0.66,0.67246,15294017536.0,20216016896.0,3.96,1.2727,0.89,Real Estate,REIT - Specialty,720736000.0,717290882.0,13.091,2.2320516,2.95,29.384,0.0033000002,0.91441,5.25,2026-06-30,2026-07-30
WYNN,34.773884,18.81788,-40.62128,0.72,,0.054759998,,1.633,1.502,0.04586,0.1567,0.68184996,0.015,-0.593,3.14,5.80246,11386693632.0,20692690944.0,0.92,0.3185,1.034,Consumer Cyclical,Resorts & Casinos,104043396.0,74406946.0,-2.688,1.5952388,2.899,11.827,0.27143,0.68147004,4.44,2025-12-31,2026-05-07
WYNN,27.690544,18.191334,-46.640926,1.62,,0.05599,,1.242,1.116,0.051420003,0.15323,0.68108004,0.092,0.509,3.49,5.31242,10029948928.0,19517884416.0,1.03,0.2865,0.988,Consumer Cyclical,Resorts & Casinos,103786729.0,73534015.0,-2.072,1.3750414,2.676,11.09,0.27232,0.72589,5.89,2026-03-31,2026-08-04
WYNN,19.58753,15.852991,-49.116055,0.73,,0.05728,,0.912,0.838,0.060549997,0.16537,0.683,0.069,1.061,4.17,5.15234,8410907136.0,17791875072.0,1.22,0.23979999,0.991,Consumer Cyclical,Resorts & Casinos,102973891.0,80172616.0,-1.663,1.1345508,2.4,9.836,0.27445,0.73947996,5.59,2026-06-30,2026-08-04
XEL,23.707602,17.911701,2.141631,2.29,0.09358,0.023929998,152.832,0.707,0.379,0.13757,0.16680999,0.45743,0.141,0.208,3.42,4.52665,50607071232.0,86384934912.0,2.92,0.6667,0.44,Utilities,Utilities - Regulated Electric,624162193.0,622242256.0,37.859,3.4499333,5.889,14.446,0.00202,0.92262,7.05,2025-12-31,2026-04-30
XEL,22.700287,17.3777,2.0806148,2.13,0.0959,0.02338,164.845,0.77,0.533,0.14144,0.18155001,0.45928,0.029,0.06,3.47,4.53282,49173712896.0,86648717312.0,3.01,0.6635,0.405,Utilities,Utilities - Regulated Electric,624269560.0,622640216.0,37.859,3.326144,5.861,14.298,0.00201,0.95175004,7.0,2026-03-31,2026-07-30
XEL,19.80822,15.923988,1.8765574,1.82,0.0992,0.02365,173.135,0.701,0.477,0.15278,0.22700001,0.46825,-0.051,0.24,3.65,4.54032,45161062400.0,84794056704.0,3.28,0.637,0.399,Utilities,Utilities - Regulated Electric,624634306.0,623372545.0,38.528,3.0898373,5.801,13.848,0.00201,0.98153996,8.53,2026-06-30,2026-07-30
XOM,21.824142,14.426235,2.35931,1.34,0.110810004,0.04902,18.936,1.153,0.764,0.089049995,0.09527001,0.31049,-0.013,-0.11,6.71,10.15095,608686571520.0,657226858496.0,2.81,0.597,0.288,Energy,Oil & Gas Integrated,4156559415.0,4158096585.0,62.069,1.8792133,2.029,11.067,0.00086000003,0.67657995,2.13,2025-12-31,2026-05-01
XOM,24.80808,13.941488,2.4011343,1.25,0.09873,0.04221,18.261,1.036,0.744,0.077649996,0.06355,0.29768,0.026,-0.434,5.94,10.56989,610799452160.0,656640442368.0,2.8,0.6801,0.162,Energy,Oil & Gas Integrated,4144947162.0,4136159874.0,61.371,1.8735719,2.014,11.724,0.00085,0.68435997,2.08,2026-03-31,2026-07-31
XOM,21.047619,15.155684,2.5925806,1.4,0.12584,0.055209998,15.921,1.135,0.801,0.09072,0.15859,0.29767,0.441,1.128,7.77,10.79067,672462077952.0,710973063168.0,2.52,0.5251,0.175,Energy,Oil & Gas Integrated,4111911960.0,4103811493.0,63.08,1.8624662,1.969,10.465,0.00082,0.67060995,2.77,2026-06-30,2026-07-31
XYL,30.895409,19.921604,2.5697007,1.76,0.08396,0.048309997,21.066,1.625,1.134,0.10592,0.15978,0.38462,0.063,0.03,3.92,6.07933,29446856704.0,30711855104.0,1.42,0.4082,1.174,Industrials,Specialty Industrial Machinery,240826446.0,242460609.0,47.13,3.2591984,3.399,16.215,0.00318,0.97793,2.5,2025-12-31,2026-04-28
XYL,30.618452,20.109177,2.6051347,1.74,0.08724,0.05006,18.354,1.463,0.945,0.10791001,0.12894,0.3861,0.027,0.145,4.01,6.10567,29184006144.0,30694006784.0,1.4,0.4055,1.023,Industrials,Specialty Industrial Machinery,237693493.0,237049344.0,47.13,3.2102084,3.376,16.053,0.00324,0.97010005,3.99,2026-03-31,2026-07-28
XYL,25.670643,17.221972,2.2821982,1.31,0.09182999,0.051149998,28.642,1.613,1.161,0.111549996,0.16995001,0.39240003,0.015,0.195,4.19,6.24551,25113841664.0,27137841152.0,1.6,0.3952,1.0,Industrials,Specialty Industrial Machinery,233486812.0,232882081.0,47.13,2.7519004,2.974,13.72,0.0033500001,0.97628,4.98,2026-06-30,2026-07-28
XYZ,33.933334,14.9735775,1.9322649,0.81,0.060100004,0.028789999,40.444,2.201,1.147,0.053969998,0.07969,0.43056,0.036,-0.939,2.1,4.75905,43302211584.0,44431454208.0,,0.0,2.613,Technology,Software - Infrastructure,539103000.0,532812019.0,36.879,1.7898147,1.836,21.459,0.01402,0.83376,2.9,2025-12-31,2026-05-07
XYZ,62.45313,15.823249,2.1676292,0.86,0.03743,0.02053,37.514,1.986,0.974,0.03297,-0.02632,0.45078,0.049,,1.28,5.05206,47578771456.0,48356880384.0,,0.0,2.541,Technology,Software - Infrastructure,535195000.0,530347934.0,36.879,1.9436778,1.975,30.688,0.012610001,0.84349996,2.66,2026-03-31,2026-08-05
XYZ,136.21428,14.70696,2.0785873,0.58,0.01612,0.0201,32.58,2.209,1.077,0.01426,0.06999,0.46572,0.093,-0.833,0.56,5.18666,45828640768.0,46226022400.0,,0.0,2.522,Technology,Software - Infrastructure,540816000.0,535915148.0,36.698,1.8300738,1.846,29.864,0.01202,0.84220004,2.65,2026-06-30,2026-08-05
YUM,29.33153,21.808472,-6.1560273,2.0,,0.22648,,1.346,1.098,0.1898,0.31928,0.46165,0.065,0.277,5.55,7.46453,45000060928.0,57480060928.0,1.84,0.5117,0.662,Consumer Cyclical,Restaurants,276173275.0,275664419.0,-26.444,5.478459,6.998,19.753,0.0016500001,0.89439005,4.02,2025-12-31,2026-04-29
YUM,23.858065,19.816784,-5.605578,1.92,,0.23302001,,0.651,0.524,0.20481001,0.31083,0.45663,0.152,0.722,6.2,7.46438,40769888256.0,53224886272.0,2.03,0.4645,0.56,Consumer Cyclical,Restaurants,275621202.0,274866000.0,-26.388,4.8043704,6.272,17.783,0.00156,0.89413,3.73,2026-03-31,2026-07-30
YUM,17.40101,19.723001,-5.218197,1.72,,0.22694,,0.592,0.33,0.25406998,0.32779998,0.45311,0.122,1.316,7.93,6.9964,37657624576.0,50388619264.0,2.17,0.3678,0.551,Consumer Cyclical,Restaurants,272901085.0,272150607.0,-26.444,4.317545,5.777,16.424,0.00161,0.91350996,3.58,2026-06-30,2026-11-03
ZBH,26.698591,10.539719,1.4592764,0.65,0.05599,0.03941,61.971,1.982,0.9,0.08566,0.13967,0.69708,0.109,-0.408,3.55,8.99265,18543896576.0,25804996608.0,1.01,0.27040002,0.612,Healthcare,Medical Devices,193569082.0,195051352.0,64.95,2.252797,3.135,10.341,0.00201,1.05385,4.84,2025-12-31,2026-04-28
ZBH,23.606218,10.122725,1.3905294,0.65,0.060650002,0.040960003,59.827,1.733,0.771,0.09052,0.19687,0.70176005,0.093,0.341,3.86,9.00153,17628301312.0,24745000960.0,1.05,0.24870001,0.461,Healthcare,Medical Devices,193462482.0,192932395.0,65.529,2.0963364,2.943,9.587,0.0015199999,1.06354,5.22,2026-03-31,2026-08-05
ZBH,23.145632,10.516959,1.4397874,0.6,0.06413,0.03878,60.175,1.691,0.741,0.09481,0.17959999,0.69524,0.048,0.338,4.12,9.06726,18188746752.0,25334646784.0,1.01,0.233,0.471,Healthcare,Medical Devices,190737689.0,190131143.0,66.232,2.1376395,2.977,10.034,0.00158,1.11415,4.06,2026-06-30,2026-08-05
ZBRA,28.658922,11.671173,3.2402658,0.5,0.116809994,0.06072,75.167,0.97,0.517,0.077649996,0.15051,0.48054,0.106,-0.558,8.18,20.08624,11532010496.0,14104010752.0,,0.0,1.655,Technology,Communication Equipment,48362608.0,48730286.0,72.349,2.1371408,2.614,14.319,0.00825,1.00219,3.1,2025-12-31,2026-05-12
ZBRA,32.25573,12.907211,3.72844,0.57,0.11781,0.06361,82.104,0.961,0.497,0.07487,0.14983,0.48182,0.143,0.038,8.29,20.7171,12737168384.0,15472168960.0,,0.0,1.605,Technology,Communication Equipment,47633392.0,47172777.0,71.719,2.28142,2.771,15.08,0.00847,1.02091,3.77,2026-04-04,2026-08-04
ZBRA,31.742674,15.614203,4.782093,0.58,0.15286,0.07315,86.23,0.516,0.301,0.092180006,0.21259001,0.49581,0.204,1.215,10.92,22.19966,16399294464.0,19204294656.0,,0.0,1.607,Technology,Communication Equipment,47310660.0,46866886.0,72.485,2.8047364,3.284,16.22,0.00852,1.05905,2.34,2026-07-04,2026-11-03
ZTS,20.328903,16.160341,15.611685,1.98,0.65992,0.15255,279.586,3.028,1.746,0.28235,0.34688,0.71892,0.03,0.061,6.02,7.57286,51659988992.0,58660990976.0,1.73,0.33220002,0.974,Healthcare,Drug Manufacturers - Specialty & Generic,420517197.0,421296117.0,7.839,5.456849,6.196,14.427,0.00149,1.01165,3.6,2025-12-31,2026-05-07
ZTS,12.550819,10.358544,9.766551,1.83,0.67748,0.15525,286.236,3.153,1.679,0.28035,0.36561,0.71839,0.029,0.06,6.1,7.391,32096104448.0,39409102848.0,2.77,0.3328,0.749,Healthcare,Drug Manufacturers - Specialty & Generic,419228118.0,418377085.0,7.839,3.3675485,4.135,9.673,0.00154,1.02136,2.15,2026-03-31,2026-08-06
ZTS,11.6476345,10.93174,,6.64,0.64911,0.15352,293.996,3.084,1.575,0.27685,0.40721,0.71738,-0.002,0.012,6.13,6.53144,29504165888.0,37083164672.0,2.97,0.3361,0.729,Healthcare,Drug Manufacturers - Specialty & Generic,413223602.0,412372361.0,,3.0975502,3.893,9.12,0.00164,1.00055,2.99,2026-06-30,2026-08-06
