Ticker,Trailing P/E,Forward P/E,P/B,PEG Ratio,ROE,ROA,Debt/Equity,Current Ratio,Quick Ratio,Profit Margin,Operating Margin,Gross Margin,Revenue Growth,Earnings Growth,Trailing EPS,Forward EPS,Market Cap,Enterprise Value,Dividend Yield,Payout Ratio,Beta,Sector,Industry,Shares Outstanding,Float Shares,Book Value Per Share,P/S,EV/Revenue,EV/EBITDA,Insider Ownership,Institutional Ownership,Short Ratio,Last Fiscal Year End,Next Fiscal Year End
A,30.861933,23.155527,5.9920344,1.29,0.20971,0.086330004,56.336,2.05,1.414,0.19533001,0.25559,0.53648996,0.081,0.085,5.07,6.75735,44119191552.0,46503407616.0,0.65,0.1998,1.241,Healthcare,Diagnostics & Research,281965813.0,280964657.0,26.113,5.9846973,6.308,22.357,0.00195,0.95459,2.76,2025-10-31,2026-10-31
AAPL,38.591274,35.05517,45.669838,2.7,1.4875101,0.27082002,78.445,1.003,0.812,0.27618998,0.32623002,0.48653,0.164,0.287,8.71,9.5886,4905541566464.0,4927486689280.0,0.32,0.1204,1.085,Technology,Consumer Electronics,14594180000.0,14569078010.0,7.36,10.508355,10.555,29.337,0.01648,0.66341,2.97,2025-09-27,2026-09-27
ABBV,74.56497,16.226177,-78.58291,0.54,,0.105100006,,0.809,0.49,0.098000005,0.40035,0.72792,0.102,2.904,3.54,16.26754,466448285696.0,530811289600.0,2.62,1.9039999,0.281,Healthcare,Drug Manufacturers - General,1767117285.0,1763989487.0,-3.359,7.2445607,8.244,17.255,0.0011,0.7736,4.0,2025-12-31,2026-12-31
ABNB,37.863327,26.866573,12.574325,1.58,0.34542,0.061389998,32.004,1.408,0.679,0.2045,0.21009001,0.82901,0.165,0.334,4.39,6.18687,99530153984.0,88427929600.0,,0.0,1.161,Consumer Cyclical,Travel Services,419529556.0,405782346.0,13.219,7.5636563,6.72,32.028,0.01941,0.89352,2.56,2025-12-31,2026-12-31
ABT,33.20712,16.917128,3.4739478,1.88,0.10576,0.05328,63.212,1.376,0.797,0.116450004,0.14706999,0.56847,0.13,-0.475,3.09,6.06545,177554636800.0,205323632640.0,2.46,0.7896,0.586,Healthcare,Medical Devices,1730383296.0,1719931781.0,29.537,3.811412,4.408,17.578,0.00495,0.81823,2.83,2025-12-31,2026-12-31
ACGL,7.581377,9.93661,1.4182206,1.05,0.19936001,0.04124,17.836,0.589,0.288,0.24396999,0.26584998,0.38758,-0.105,-0.071,12.78,9.75081,33061689344.0,33577027584.0,,0.0,0.282,Financial Services,Insurance - Diversified,341229126.0,326902135.0,68.318,1.7190979,1.746,6.034,0.02786,0.94148004,4.23,2025-12-31,2026-12-31
ACN,14.468475,12.353157,3.4782524,1.32,0.24406,0.10903,25.035,1.339,1.213,0.10656,0.16964,0.32013,0.056,0.09,12.53,14.6756,110938972160.0,110773338112.0,3.6,0.5088,1.092,Technology,Information Technology Services,611942109.0,610969121.0,52.121,1.5176207,1.515,8.558,0.00035999998,0.825,4.62,2025-08-31,2026-08-31
ADBE,13.890625,8.994958,8.358068,0.6,0.61902,0.19731002,57.48,0.77,0.649,0.28048,0.34822,0.89252996,0.129,0.105,17.92,27.67328,98945695744.0,99446398976.0,,0.0,1.417,Technology,Software - Application,397500000.0,393736000.0,29.782,3.81,3.829,10.194,0.00223,0.87154996,3.99,2025-11-28,2026-11-28
ADI,44.622326,22.98246,5.4264216,0.56,0.12227,0.06406,27.314,1.25,0.834,0.29787,0.39503,0.65800005,0.396,1.635,8.42,16.34812,182060941312.0,188900065280.0,1.17,0.4964,1.205,Technology,Semiconductors,484565465.0,482758036.0,69.239,13.115134,13.608,27.287,0.00241,0.93808,2.43,2025-11-01,2026-11-01
ADM,23.273224,14.8526325,1.7416729,1.05,0.07642,0.02257,39.134,1.389,0.301,0.021559998,0.04008,0.0687,0.072,3.156,3.66,5.73501,41053319168.0,49601318912.0,2.44,0.5628,0.613,Consumer Defensive,Farm Products,481959583.0,477838829.0,48.907,0.5000465,0.604,16.561,0.0070700003,0.88953,3.59,2025-12-31,2026-12-31
ADP,23.812033,20.929571,16.10403,2.4,0.71208,0.05949,69.259,1.043,0.131,0.20118,0.30184,0.48497,0.07,0.105,10.72,12.19638,102038167552.0,103207772160.0,2.66,0.6045,0.841,Technology,Software - Application,399734282.0,398830883.0,15.851,4.7239017,4.778,16.279,0.0014399999,0.91936994,4.78,2025-06-30,2026-06-30
ADP,24.814272,20.242655,17.88932,2.52,0.72239,0.062470004,91.436,1.051,0.155,0.20109,0.23459,0.48653,0.068,0.098,10.93,13.39844,107745607680.0,109030203392.0,2.51,0.6069,0.83,Technology,Software - Application,397262737.0,396313279.0,15.161,4.909265,4.968,17.006,0.0016699999,0.91499,4.98,2026-06-30,2027-06-30
ADSK,28.102331,15.278825,13.40273,0.83,0.53854,0.11472999,109.518,0.855,0.73,0.21078,0.29228002,0.92503,0.161,0.596,7.72,14.19939,45342547968.0,44892549120.0,,0.0,1.309,Technology,Software - Application,209000000.0,208433610.0,16.187,5.8206096,5.763,19.638,0.0023100001,1.01568,4.45,2026-01-31,2027-01-31
AEE,17.998241,17.57254,2.0674663,2.52,0.11943,0.030569999,157.846,0.531,0.259,0.18583,0.25236,0.52408004,-0.062,0.119,5.68,5.8176,28301688832.0,50226683904.0,2.93,0.5141,0.47,Utilities,Utilities - Regulated Electric,276843251.0,275093602.0,49.447,3.3648424,5.972,12.846,0.00324,0.90207,8.27,2025-12-31,2026-12-31
AEP,20.797228,17.500772,2.0363488,2.03,0.10130999,0.029790001,160.789,0.504,0.277,0.13781999,0.23251,0.46352002,0.07,-0.432,5.77,6.85684,65327685632.0,119459684352.0,3.17,0.65510005,0.5,Utilities,Utilities - Regulated Electric,544397352.0,543509984.0,58.929,2.866381,5.242,13.231,0.00034000003,0.94308996,6.61,2025-12-31,2026-12-31
AES,7.692709,6.2070823,2.3830268,0.81,0.052600004,0.027139999,259.603,0.73,0.417,0.10819,0.18742001,0.19299999,0.087,9.511,1.92,2.37954,10533339136.0,48517341184.0,4.77,0.3666,0.942,Utilities,Utilities - Diversified,713157713.0,708671951.0,6.198,0.8435444,3.885,12.921,0.0057599996,0.8962,2.52,2025-12-31,2026-12-31
AFL,12.549083,15.425436,1.9275252,1.18,0.16908,0.0313,53.365,0.892,0.783,0.26908,0.25722998,0.50888,-0.01,0.468,9.27,7.54144,58321264640.0,65562267648.0,2.1,0.2567,0.58,Financial Services,Insurance - Life,501343298.0,497001665.0,60.352,3.2276974,3.628,10.81,0.1092,0.60108,5.18,2025-12-31,2026-12-31
AIG,13.74635,8.57337,0.9734319,0.64,0.0722,0.01765,22.466,0.612,0.218,0.11089,0.19414,0.35087,0.005,-0.101,5.48,8.78651,39389544448.0,38041542656.0,2.65,0.3376,0.511,Financial Services,Insurance - Diversified,522893169.0,521371550.0,77.386,1.4731121,1.423,4.67,0.00545,1.0031099,2.93,2025-12-31,2026-12-31
AIZ,13.510293,12.04389,2.2855594,2.16,0.18341999,0.02564,36.211,0.382,0.147,0.07903,0.11734,0.13272999,0.094,0.305,20.89,23.43346,13920647168.0,14094846976.0,1.25,0.16469999,0.542,Financial Services,Insurance - Property & Casualty,49323767.0,48956798.0,123.484,1.0345155,1.047,8.114,0.00701,0.99818003,3.65,2025-12-31,2026-12-31
AJG,39.714756,16.082468,2.5879657,0.71,0.06722,0.02317,59.401,1.053,0.173,0.10378,0.1916,0.43186,0.309,-0.107,6.03,14.89075,61388537856.0,74128728064.0,1.17,0.44779998,0.506,Financial Services,Insurance Brokers,256341000.0,253519145.0,92.536,4.0630445,4.906,17.287,0.00866,0.95513,5.09,2025-12-31,2026-12-31
AKAM,37.869564,14.49193,3.1605685,1.67,0.08918,0.025150001,196.672,1.637,1.517,0.09507,0.076290004,0.57452,0.054,-0.268,2.76,7.21229,15021259776.0,21004859392.0,,0.0,0.635,Technology,Software - Infrastructure,143716609.0,140441307.0,33.07,3.474864,4.859,19.451,0.02128,1.13753,5.46,2025-12-31,2026-12-31
ALB,410.77777,9.817434,1.6276784,0.79,0.02648,0.03165,18.976,2.086,1.248,0.03795,0.2771,0.23959999,0.311,,0.27,11.29725,13087941632.0,15948981248.0,1.48,6.0,1.334,Basic Materials,Specialty Chemicals,118005057.0,117607380.0,68.14,2.2153275,2.7,10.758,0.00217,1.01763,0.03,2025-12-31,2026-12-31
ALGN,25.582323,11.763112,2.484724,0.62,0.10155,0.07556,2.855,1.395,1.204,0.09991,0.18247,0.70741,0.043,-0.121,5.77,12.54855,10486193152.0,9504443392.0,,0.0,1.643,Healthcare,Medical Instruments & Supplies,71039852.0,66844238.0,59.407,2.5331833,2.296,10.268,0.06132,1.0515699,4.37,2025-12-31,2026-12-31
ALL,5.0026035,9.049241,2.0019872,1.84,0.46113998,0.086780004,22.261,0.363,0.243,0.18971,0.22827,0.36800998,0.118,0.612,49.94,27.60784,63171502080.0,66934501376.0,1.73,0.0833,0.15,Financial Services,Insurance - Property & Casualty,252857950.0,251323102.0,124.791,0.9006872,0.954,3.911,0.00496,0.86173,0.0,2025-12-31,2026-12-31
ALLE,20.010511,15.579807,6.113944,2.02,0.3373,0.1103,104.895,1.93,1.133,0.15357,0.22102,0.44801,0.127,0.162,7.61,9.77419,12949401600.0,14851101696.0,1.44,0.2782,0.841,Industrials,Security & Protection Services,85036786.0,84568233.0,24.907,3.0195644,3.463,14.153,0.0023100001,1.05329,2.89,2025-12-31,2026-12-31
AMAT,38.325,24.089682,13.767613,0.88,0.41068,0.15482001,28.666,2.423,1.634,0.30052,0.33736,0.49398,0.248,0.428,11.6,18.45479,352809615360.0,350922604544.0,0.48,0.16479999,1.597,Technology,Semiconductor Equipment & Materials,793597443.0,790486541.0,32.291,11.441113,11.38,34.557,0.0033000002,0.86256,2.17,2025-10-26,2026-10-26
AMCR,35.435482,10.280358,1.7428899,0.61,0.08737001,0.04079,143.74,1.443,0.749,0.030550001,0.0859,0.19143999,0.774,-0.117,1.24,4.27417,20315469824.0,35493683200.0,5.92,2.0683,0.614,Consumer Cyclical,Packaging & Containers,462345690.0,460038306.0,25.211,0.91552365,1.6,11.088,0.0025600002,0.77795,8.17,2025-06-30,2026-06-30
AMCR,17.605042,9.617437,1.641721,0.96,0.09396,0.035669997,128.294,1.254,0.639,0.04705,0.09691,0.19951999,0.259,,2.38,4.35667,19372285952.0,33391523840.0,6.21,1.0872,0.595,Consumer Cyclical,Packaging & Containers,462345690.0,459737590.0,25.522,0.82414216,1.421,9.443,0.00264,0.79721,4.91,2026-06-30,2027-06-30
AMD,142.81122,35.95345,13.590833,0.57,0.10196,0.05128,6.361,2.609,1.688,0.15577,0.1725,0.55724,0.501,1.595,3.92,15.57069,913892179968.0,905057206272.0,,0.0,2.476,Technology,Semiconductors,1632475042.0,1623529079.0,41.191,22.12546,21.912,94.651,0.00423,0.7539,1.88,2025-12-27,2026-12-27
AME,34.74269,24.792854,4.838145,2.7,0.14562,0.08162,20.522,1.214,0.645,0.20044,0.26182,0.36905998,0.15,0.142,6.84,9.58502,54481641472.0,56297140224.0,0.57,0.1901,0.989,Industrials,Specialty Industrial Machinery,229261244.0,227832946.0,49.118,6.9280486,7.159,22.513,0.00393,0.92657995,1.88,2025-12-31,2026-12-31
AMGN,23.98321,15.803838,17.83765,2.32,0.91473,0.08667,490.281,1.371,0.95,0.22951001,0.35548002,0.71891,0.095,0.649,16.08,24.4023,208494723072.0,251809726464.0,2.61,0.6087,0.426,Healthcare,Drug Manufacturers - General,540632005.0,539161486.0,21.62,5.4730206,6.61,14.582,0.00228,0.85006,5.11,2025-12-31,2026-12-31
AMP,13.157603,10.535054,7.5628705,1.53,0.63432,0.022750001,67.578,2.182,1.314,0.199,0.30719998,0.54932,0.116,0.117,41.37,51.66846,48082419712.0,42085421056.0,1.25,0.157,1.134,Financial Services,Asset Management,88333219.0,87956036.0,71.974,2.4236312,2.121,,0.0018099999,0.91636,7.18,2025-12-31,2026-12-31
AMT,23.931223,24.81869,21.793812,1.64,0.33914003,0.04893,438.721,0.352,0.299,0.31083,0.45411,0.73774004,0.047,1.385,7.27,7.01004,81067728896.0,130817925120.0,4.01,0.9601,0.895,Real Estate,REIT - Specialty,465960048.0,464454997.0,7.983,7.409197,11.956,18.57,0.00075999997,0.96757007,2.65,2025-12-31,2026-12-31
AMZN,20.411102,24.453907,4.959536,1.51,0.30558002,0.06589,45.617,1.033,0.843,0.1744,0.13689,0.5077,0.196,2.423,12.43,10.37503,2736595664896.0,2865242570752.0,,0.0,1.443,Consumer Cyclical,Internet Retail,10786313572.0,9810475783.0,51.156,3.5279956,3.694,16.963,0.08866,0.68711,2.16,2025-12-31,2026-12-31
ANET,59.937954,38.25895,16.681562,2.28,0.314,0.14392,0.732,3.048,2.349,0.38991,0.41519,0.64056,0.289,0.191,2.74,4.29259,206793392128.0,195708715008.0,,0.0,1.475,Technology,Computer Hardware,1259169438.0,1039131718.0,9.845,22.9625,21.732,49.815,0.17259,0.70864,2.57,2025-12-31,2026-12-31
AON,16.288706,14.577938,6.530018,2.32,0.44699,0.05829,163.481,1.033,0.242,0.22268,0.23457001,0.48154,0.022,-0.03,18.15,20.27996,62712766464.0,77601759232.0,1.11,0.1684,0.66,Financial Services,Insurance Brokers,212125434.0,209310529.0,45.274,3.5678878,4.415,13.153,0.01012,0.93113,4.15,2025-12-31,2026-12-31
AOS,15.86351,13.93678,4.202332,1.35,0.27133,0.1254,36.766,1.594,0.976,0.13149,0.18929,0.38592,-0.007,-0.15,3.59,4.08631,7739993600.0,8235893248.0,2.53,0.3955,1.153,Industrials,Specialty Industrial Machinery,110047214.0,107876071.0,13.552,2.0342174,2.165,10.509,0.0046200003,1.18015,7.32,2025-12-31,2026-12-31
APA,9.466245,10.218629,2.241035,1.21,0.26659,0.11598,48.854,0.946,0.692,0.19564,0.56331,0.78255,0.092,0.263,4.74,4.391,15720271872.0,20080271360.0,2.23,0.21100001,0.366,Energy,Oil & Gas E&P,350351510.0,348123274.0,20.022,1.8339094,2.343,3.511,0.0044299997,1.10156,4.22,2025-12-31,2026-12-31
APD,31.150684,20.704203,4.2063174,2.21,0.12353,0.03599,101.611,1.427,0.985,0.16906999,0.23595,0.31983998,0.088,,9.49,14.27826,65828864000.0,85816762368.0,2.45,0.7566,0.736,Basic Materials,Specialty Chemicals,222680686.0,222324397.0,70.28,5.2815623,6.885,22.131,0.0188,0.93377995,2.63,2025-09-30,2026-09-30
APH,38.775,23.687853,12.340866,0.88,0.38115,0.14473,120.415,1.888,1.294,0.17729001,0.29779,0.38952,0.55,0.593,2.0,3.27383,191235735552.0,204758433792.0,0.64,0.2288,1.242,Technology,Electronic Components,2465966914.0,2449913469.0,6.284,6.591699,7.058,21.636,0.00533,0.96709,2.32,2025-12-31,2026-12-31
APO,44.80783,11.728105,3.6985579,0.47,0.11412,0.0094099995,100.969,1.948,1.897,0.052670002,0.21952,0.36141998,0.638,0.637,2.81,10.73575,74355294208.0,90497286144.0,1.79,0.7447,1.514,Financial Services,Asset Management,590543159.0,465046832.0,34.043,2.0887492,2.542,,0.26332,0.68004996,6.77,2025-12-31,2026-12-31
APP,23.696922,14.685756,32.65423,0.67,2.03686,0.4646,111.13,4.3,4.166,0.64575994,0.77678,0.88464,0.528,0.57,13.0,20.97679,103489527808.0,103554351104.0,,0.0,2.488,Communication Services,Advertising Agencies,305732000.0,253431202.0,9.434,15.154143,15.164,19.124,0.14314,0.76066,1.54,2025-12-31,2026-12-31
APTV,19.723982,6.659008,1.0376595,0.95,0.05158,0.067150004,64.938,2.018,1.273,0.010720001,0.12675999,0.19251,0.023,-0.353,2.21,6.54602,9050736640.0,13973736448.0,,0.0,1.33,Consumer Cyclical,Auto Parts,207633331.0,205044143.0,42.008,0.441112,0.681,4.322,0.00841,1.07042,1.85,2025-12-31,2026-12-31
ARE,,-65.80247,0.5850521,3.24,-0.040760003,0.00928,68.67,2.35,1.977,-0.36078998,0.17282,0.68198997,-0.119,,-6.05,-0.81,9172678656.0,25606107136.0,5.4,6.8946996,1.168,Real Estate,REIT - Office,172095277.0,154683053.0,91.103,3.2294447,9.015,14.37,0.013839999,0.99601996,3.35,2025-12-31,2026-12-31
ARES,56.78899,17.210531,11.17026,0.92,0.14941,0.025940001,172.378,0.544,0.467,0.10628,0.19381,0.37407002,0.058,0.065,2.18,7.19327,41073860608.0,47298138112.0,4.36,2.2661,1.517,Financial Services,Asset Management,223957742.0,219696237.0,11.083,6.8598266,7.899,33.068,0.11158,0.93542,6.99,2025-12-31,2026-12-31
ATO,19.128878,17.770357,1.7753512,1.93,0.09792,0.03893,67.662,0.814,0.537,0.28496,0.37223998,0.62212,0.048,0.233,8.38,9.02064,27088867328.0,36891779072.0,2.5,0.46130002,0.594,Utilities,Utilities - Regulated Gas,168988553.0,168201066.0,90.292,5.5041604,7.496,14.058,0.00401,0.97769,4.29,2025-09-30,2026-09-30
AVB,25.248285,36.584446,2.1691887,7.17,0.08487,0.02628,75.129,0.338,0.034,0.33321998,0.30628002,0.62721,0.023,-0.413,7.29,5.00776,26283393024.0,35552079872.0,0.0387,0.96980006,0.773,Real Estate,REIT - Residential,142797963.0,133807765.0,84.852,8.52383,11.53,19.136,0.004,0.95484,4.56,2025-12-31,2026-12-31
AVGO,45.671772,18.448807,17.125275,0.35,0.44245,0.15369001,59.604,2.504,2.153,0.42944,0.54307,0.75515,0.855,2.153,7.83,19.38391,1707097718784.0,1742541815808.0,0.73,0.324,1.457,Technology,Semiconductors,4773629865.0,4714961954.0,20.882,19.158485,19.556,33.344,0.01941,0.79815,2.58,2025-11-02,2026-11-02
AVY,18.349016,14.992527,5.480361,1.92,0.3116,0.08394,158.653,1.132,0.688,0.076220006,0.13586001,0.28978002,0.109,0.108,9.14,11.18624,12710429696.0,16120929280.0,2.39,0.4179,0.814,Consumer Cyclical,Packaging & Containers,75788142.0,75223520.0,30.602,1.3743827,1.743,10.772,0.00641,1.00421,2.53,2025-12-31,2026-12-31
AWK,23.51211,20.698006,2.3152406,2.41,0.10095,0.03516,137.745,0.523,0.396,0.21347,0.40664002,0.61469,0.062,0.086,5.78,6.56585,27007268864.0,42848268288.0,2.63,0.5854,0.58,Utilities,Utilities - Regulated Water,198728989.0,198323582.0,58.698,5.111141,8.109,14.709,0.00116,1.0694001,5.2,2025-12-31,2026-12-31
AXON,185.0248,42.345898,9.898968,2.05,0.06221,0.00509,50.363,2.149,1.582,0.06191,0.0517,0.59525,0.353,-0.182,2.42,10.57387,36374867968.0,37532938240.0,,0.0,1.399,Industrials,Aerospace & Defense,81237415.0,77318522.0,45.233,11.2997055,11.659,227.326,0.04513,0.91170996,4.02,2025-12-31,2026-12-31
AXP,18.90534,15.493029,6.1348825,1.26,0.34377,0.037920002,172.38,1.553,1.542,0.16141,0.2032,0.62338,0.128,0.11,16.48,20.10969,210399526912.0,223739527168.0,1.22,0.2148,1.048,Financial Services,Credit Services,675309833.0,522223847.0,50.785,2.9670093,3.155,,0.22558,0.64621,4.48,2025-12-31,2026-12-31
AZO,20.963665,17.350313,-17.908543,1.39,,0.11389,,0.89,0.103,0.12399,0.19082001,0.51754004,0.084,0.077,145.32,175.58415,49734213632.0,62550228992.0,,0.0,0.335,Consumer Cyclical,Auto Parts,16325355.0,16272951.0,-170.111,2.4884024,3.13,14.669,0.0024899999,0.94889,0.9,2025-08-30,2026-08-30
BA,71.552345,48.455154,25.686884,1.48,1.73537,-0.01984,790.875,1.138,0.296,0.025910001,4.0000003e-05,0.0471,0.08,,2.77,4.09038,156651339776.0,185739345920.0,,0.0,1.213,Industrials,Aerospace & Defense,790370020.0,758462782.0,7.716,1.6665922,1.976,-64.048,0.00057,0.76808,0.02,2025-12-31,2026-12-31
BAC,13.332563,10.909805,1.4673885,0.87,0.111990005,0.00969,,,,0.29524,0.38305,0.0,0.168,0.341,4.33,5.29157,403691372544.0,349530357760.0,2.22,0.2587,1.164,Financial Services,Banks - Diversified,6992748365.0,6965127009.0,39.342,3.543297,3.068,,0.070300005,0.71269,0.0,2025-12-31,2026-12-31
BALL,17.234957,13.299373,2.7699747,1.01,0.17151,0.046329997,131.495,1.069,0.605,0.0661,0.09232,0.1863,0.197,0.092,3.49,4.52277,15921907712.0,23023906816.0,1.33,0.2292,0.951,Consumer Cyclical,Packaging & Containers,264703357.0,263660426.0,21.715,1.1113994,1.607,11.091,0.0025600002,0.90374,4.4,2025-12-31,2026-12-31
BAX,,11.196228,1.8993669,36.68,-0.14371,0.028499998,156.449,1.946,1.133,-0.09268,0.14425999,0.34098,0.053,0.368,-1.88,2.0364,11787508736.0,19277508608.0,0.18,3.0769,0.595,Healthcare,Medical Instruments & Supplies,516995999.0,514447209.0,12.004,1.0276817,1.681,10.232,0.00329,1.101,3.66,2025-12-31,2026-12-31
BBY,15.44925,12.872216,6.137625,1.74,0.43126,0.07254,130.097,1.117,0.373,0.03014,0.03896,0.22597,0.036,0.701,6.01,7.21321,19473215488.0,21204215808.0,4.14,0.63560003,1.305,Consumer Cyclical,Specialty Retail,209727698.0,196678441.0,15.128,0.46143964,0.502,8.099,0.06516,0.97055,3.8,2026-01-31,2027-01-31
BDX,31.358753,13.612198,2.0185862,1.11,0.06607,0.0434,68.84,0.865,0.327,0.0419,0.15732999,0.46936,0.054,-0.314,5.77,13.29249,49285672960.0,65384669184.0,2.32,0.7249,0.276,Healthcare,Medical Instruments & Supplies,272386800.0,271664975.0,89.637,2.192033,2.908,10.682,0.00435,0.99719,5.76,2025-09-30,2026-09-30
BEN,22.45578,10.379785,1.4272125,0.41,0.07887,0.02638,24.805,5.486,1.114,0.08717,0.12979001,0.37707,0.143,1.067,1.47,3.18022,16771617792.0,20335919104.0,4.0,0.8912,1.57,Financial Services,Asset Management,508076910.0,289918846.0,23.129,1.7987386,2.181,11.303,0.48496,0.50135,4.26,2025-09-30,2026-09-30
BG,24.963284,10.191098,1.3918258,1.37,0.071779996,0.03472,97.995,1.567,0.331,0.01097,0.04617,0.049239997,0.883,0.33,4.63,11.34127,22205128704.0,39935127552.0,2.49,0.6078,0.66,Consumer Defensive,Farm Products,192119123.0,157589553.0,83.042,0.24183588,0.435,12.775,0.18370001,0.80356,4.81,2025-12-31,2026-12-31
BIIB,38.345196,13.03229,1.6887391,2.22,0.04575,0.052059997,44.329,1.865,0.94,0.083229996,0.25058,0.78322,0.034,-0.848,5.62,16.53585,31840987136.0,38911086592.0,,0.0,0.171,Healthcare,Drug Manufacturers - General,147753998.0,147219129.0,127.61,3.1752398,3.88,11.583,0.0018799999,0.99522,7.4,2025-12-31,2026-12-31
BK,17.01737,14.225132,2.3863044,1.48,0.13472,0.01196,,,,0.28722,0.37647998,0.0,0.134,0.418,8.06,9.64209,94143750144.0,-66076041216.0,0.0153,0.2556,1.068,Financial Services,Banks - Diversified,686379000.0,684491503.0,57.478,4.536174,-3.184,,0.00241,0.87861997,0.0,2025-12-31,2026-12-31
BKNG,18.655556,13.5680275,-11.802334,0.62,,0.2038,,1.094,1.023,0.25527,0.34412,0.87227994,0.081,1.3,9.0,12.37468,126156775424.0,129866784768.0,1.0,0.17860001,1.068,Consumer Cyclical,Travel Services,751380500.0,748953541.0,-14.226,4.4671497,4.599,12.472,0.00177,0.98457,3.75,2025-12-31,2026-12-31
BKR,18.408361,18.402916,2.8536537,1.6,0.16463,0.04853,80.925,2.095,1.622,0.111669995,0.1283,0.23657,-0.024,-0.042,3.11,3.11092,56830590976.0,56235589632.0,1.61,0.2958,0.961,Energy,Oil & Gas Equipment & Services,992674071.0,990639089.0,20.062,2.0497959,2.028,11.621,0.00151,1.0000399,4.19,2025-12-31,2026-12-31
BLDR,22.750643,11.94137,2.248647,2.02,0.10064,0.04504,117.187,1.859,1.083,0.02865,0.0184,0.30386,-0.121,-0.829,3.89,7.41121,9788549120.0,14707066880.0,,0.0,1.636,Industrials,Building Products & Equipment,107515372.0,107408583.0,39.357,0.6443804,0.968,10.675,0.02582,0.96895,2.78,2025-12-31,2026-12-31
BLK,25.6419,16.634682,2.8780427,0.9,0.122779995,0.03737,23.192,2.447,1.846,0.24089001,0.35079,0.47152,0.306,0.196,41.72,64.31022,173813792768.0,173728038912.0,2.14,0.5243,1.429,Financial Services,Asset Management,154869259.0,143813143.0,371.704,6.3670387,6.364,15.629,0.01916,0.84615,3.33,2025-12-31,2026-12-31
BMY,13.889869,9.605719,5.7720823,17.56,0.46598998,0.10719,201.859,1.532,1.29,0.18871,0.34418,0.71661,0.057,1.531,4.54,6.56484,128813588480.0,162799583232.0,4.0,0.5529,0.227,Healthcare,Drug Manufacturers - General,2042714656.0,2039548448.0,10.925,2.6189075,3.31,8.6,0.00097000005,0.84898,4.07,2025-12-31,2026-12-31
BNY,17.945158,15.005541,2.6145422,1.16,0.14124,0.012560001,,,,0.29413998,0.40046,0.0,0.131,0.269,8.57,10.24888,104347148288.0,-21700847616.0,1.44,0.2474,1.048,Financial Services,Banks - Diversified,678504142.0,676794312.0,58.821,4.8726196,-1.013,,0.00236,0.87214994,0.01,2025-12-31,2026-12-31
BR,16.033155,14.393456,6.153183,1.05,0.42314,0.091709994,120.878,0.943,0.852,0.15028,0.18402,0.31314,0.078,0.151,9.35,10.41515,17338335232.0,20440035328.0,2.6,0.407,0.903,Technology,Information Technology Services,115658297.0,115121643.0,24.363,2.367881,2.791,11.601,0.00475,0.99557996,2.36,2025-06-30,2026-06-30
BR,17.010427,14.092307,6.546936,1.9,0.40916002,0.09295,123.939,1.236,1.084,0.15037,0.24609,0.31780002,0.075,0.084,9.59,11.57582,18600376320.0,21717075968.0,2.67,0.4063,0.91,Technology,Information Technology Services,114021798.0,113485896.0,24.917,2.4877455,2.905,12.005,0.00525,0.98132,2.17,2026-06-30,2027-06-30
BRO,20.77316,13.4752,1.7052189,1.51,0.10023,0.05381,63.975,1.127,0.396,0.18084998,0.41838002,0.56281,0.324,0.071,3.13,4.82516,21756364800.0,28929366016.0,1.02,0.2061,0.582,Financial Services,Insurance Brokers,334610357.0,287554102.0,38.13,3.2652507,4.342,10.003,0.13281,0.86499,7.62,2025-12-31,2026-12-31
BSX,17.546558,12.654458,2.515088,0.61,0.15338999,0.06191,50.151,1.24,0.558,0.17499,0.22895999,0.69189,0.075,0.151,2.47,3.42488,62809608192.0,75136606208.0,,0.0,0.568,Healthcare,Medical Devices,1449229526.0,1444983283.0,17.232,2.9915035,3.579,13.156,0.00254,0.94761,2.48,2025-12-31,2026-12-31
BX,27.95526,16.694946,11.088828,1.14,0.31374002,0.1433,68.185,0.872,0.828,0.22728,0.54357,1.0,0.286,0.573,4.47,7.4849,149364408320.0,126019280896.0,4.19,1.1119,1.558,Financial Services,Asset Management,750625114.0,747290884.0,11.269,9.646803,8.139,,0.01052,0.73743,5.53,2025-12-31,2026-12-31
BXP,33.962364,28.418854,1.9547591,2.35,0.05308,0.01683,211.631,0.506,0.448,0.09304,0.28755,0.56452,0.037,-0.232,1.86,2.22282,11426026496.0,28523356160.0,4.43,1.5054,1.033,Real Estate,REIT - Office,159661556.0,158227795.0,32.316,3.5815794,8.941,17.638,0.00375,1.13392,9.37,2025-12-31,2026-12-31
C,14.199354,10.227978,1.1484426,0.6,0.08529,0.0066299997,,,,0.21832001,0.36229,0.0,0.155,0.61,9.28,12.88329,221035855872.0,28920844288.0,2.03,0.2586,1.097,Financial Services,Banks - Diversified,1677436783.0,1672588991.0,114.738,2.70506,0.354,,0.00271,0.82102996,0.06,2025-12-31,2026-12-31
CAG,,8.227784,0.7735584,10.86,-0.00511,0.04202,89.813,0.901,0.253,-0.00387,0.105670005,0.24274999,-0.019,0.39,-0.1,1.60432,6315370496.0,13764908032.0,10.32,0.791,-0.042,Consumer Defensive,Packaged Foods,478437156.0,475016330.0,17.064,0.5648154,1.231,7.959,0.00684,0.90159,3.47,2025-05-25,2026-05-25
CAG,,9.7208395,1.1388785,10.86,-0.25064,0.04404,117.577,0.904,0.275,-0.16985,0.13771,0.23952,0.036,,-4.0,1.55645,7240697856.0,14497798144.0,8.1,0.791,-0.033,Consumer Defensive,Packaged Foods,478565642.0,475067327.0,13.285,0.64181477,1.285,8.324,0.00651,0.90620005,4.63,2026-05-31,2027-05-31
CAH,34.835365,18.99346,-18.962742,1.42,,0.03601,,0.907,0.419,0.0062,0.01413,0.037550002,0.11,-0.195,6.56,12.03151,53520723968.0,58659721216.0,0.9,0.31190002,0.493,Healthcare,Medical Distribution,234205855.0,233730417.0,-12.051,0.21345533,0.234,14.687,0.00259,0.90190005,2.91,2025-06-30,2026-06-30
CAH,31.172892,16.010809,-18.21547,1.13,,0.037219997,,0.883,0.425,0.00674,0.013300001,0.03844,0.058,0.688,7.23,14.07674,52417916928.0,57718919168.0,0.92,0.2833,0.519,Healthcare,Medical Distribution,232575728.0,232038478.0,-12.373,0.20616846,0.227,13.6,0.0026699998,0.91069,3.62,2026-06-30,2027-06-30
CARR,38.485714,16.31042,3.3812363,1.05,0.08966,0.02982,91.998,1.02,0.547,0.055180002,0.13069001,0.24691999,0.039,-0.118,1.4,3.30341,44414636032.0,55789633536.0,1.78,0.6643,1.298,Industrials,Building Products & Equipment,824325057.0,784097994.0,15.935,2.0089848,2.524,18.037,0.04765,0.90007,2.81,2025-12-31,2026-12-31
CASY,49.0305,42.27509,8.180379,2.05,0.17882,0.07129,75.146,1.042,0.609,0.03828,0.04975,0.24535999,0.003,0.498,17.38,20.15726,31586586624.0,33925339136.0,0.27,0.1269,0.65,Consumer Cyclical,Specialty Retail,36959030.0,36744298.0,104.17,1.8599952,1.998,24.417,0.00471,0.89268,1.4,2025-04-30,2026-04-30
CASY,28.766489,25.475676,5.3968997,2.7,0.19983,0.07912,70.547,1.019,0.565,0.041389998,0.065,0.2382,0.243,0.277,20.77,23.45296,22082961408.0,24447049728.0,0.44,0.1137,0.592,Consumer Cyclical,Specialty Retail,36960167.0,36698119.0,110.708,1.1826569,1.309,15.629,0.0057800002,0.90706,4.6,2026-04-30,2027-04-30
CAT,34.840225,24.986303,19.17356,1.42,0.56972003,0.090299994,232.783,1.368,0.78,0.14511,0.22183001,0.29713,0.24,0.682,23.22,32.37734,371872366592.0,411072397312.0,0.81,0.2601,1.594,Industrials,Farm & Heavy Construction Machinery,459674889.0,458222316.0,42.193,4.9762793,5.501,25.295,0.0022,0.73488,2.8,2025-12-31,2026-12-31
CB,12.0794325,11.704559,1.74285,2.56,0.14822,0.03358,30.941,0.41,0.203,0.18070999,0.23527001,0.31129998,0.061,-0.007,28.2,29.10319,131418873856.0,153937870848.0,1.2,0.1393,0.382,Financial Services,Insurance - Property & Casualty,385799859.0,349878034.0,195.45,2.123221,2.487,10.343,0.094519995,0.8382,2.05,2025-12-31,2026-12-31
CBOE,21.28393,17.924192,5.0710874,2.41,0.26297,0.11578,28.09,1.565,0.793,0.26734,0.34634,0.54078996,0.229,0.502,12.82,15.223,28495044608.0,27720847360.0,1.26,0.2245,0.408,Financial Services,Financial Data & Stock Exchanges,104431019.0,104036270.0,53.807,5.629985,5.477,14.358,0.0025499999,0.91256,2.87,2025-12-31,2026-12-31
CBRE,31.922197,15.337491,4.8146615,0.74,0.15798001,0.02585,117.789,1.141,0.971,0.029760001,0.03608,0.18574,0.155,-0.042,4.37,9.09536,40395755520.0,50488754176.0,,0.0,1.188,Real Estate,Real Estate Services,289575298.0,287559854.0,28.974,0.92415535,1.155,22.804,0.00509,1.00075,3.51,2025-12-31,2026-12-31
CCI,29.820406,25.303217,-9.517978,0.57,,0.04725,,0.522,0.429,0.20716,0.46825,0.73732,-0.049,-0.675,2.45,2.88738,31927218176.0,53445775360.0,5.82,1.7347,0.969,Real Estate,REIT - Specialty,437000000.0,424434346.0,-7.676,7.672968,12.844,19.868,0.00099,1.01776,3.15,2025-12-31,2026-12-31
CCL,9.837838,8.386163,2.3106222,0.76,0.26689,0.05367,201.556,0.334,0.214,0.11237001,0.12787,0.55676997,0.053,-0.065,2.22,2.60429,29913137152.0,53856137216.0,2.06,0.1351,2.312,Consumer Cyclical,Travel Services,1369649119.0,1270609791.0,9.452,1.095278,1.972,7.376,0.07107,0.71691,2.45,2025-11-30,2026-11-30
CDNS,56.13095,29.63725,11.360533,2.16,0.23229,0.10613,38.661,1.743,1.426,0.23605,0.28575,0.85871005,0.242,1.254,5.04,9.54542,77908672512.0,79028207616.0,,0.0,1.137,Technology,Software - Application,275393000.0,274164747.0,24.902,13.345959,13.538,36.656,0.00327,0.9161,2.85,2025-12-31,2026-12-31
CDW,17.570915,12.134438,7.5007696,1.33,0.44009998,0.06585,263.278,1.167,1.011,0.04597,0.07345,0.21360001,0.1,0.049,8.32,12.04753,18276296704.0,24343998464.0,1.72,0.3023,0.941,Technology,Information Technology Services,125017426.0,124547360.0,19.49,0.7777015,1.036,12.106,0.00456,1.1306,4.62,2025-12-31,2026-12-31
CEG,24.874025,19.140306,2.8301425,3.74,0.15055001,0.03888,76.419,1.455,0.471,0.110810004,0.086619996,0.22107,0.23,-0.468,10.24,13.30752,90245636096.0,114593636352.0,0.67,0.1592,1.117,Utilities,Utilities - Independent Power Producers,354307379.0,353148794.0,89.999,2.8860133,3.665,14.411,0.0033500001,0.82959,4.52,2025-12-31,2026-12-31
CF,9.466271,11.949198,3.3678825,0.58,0.29867,0.12934,40.504,4.86,4.142,0.27122,0.49325,0.42486,0.176,0.996,13.49,10.68691,19325878272.0,23630878720.0,1.88,0.14840001,0.399,Basic Materials,Agricultural Inputs,151338130.0,150281790.0,37.917,2.4972062,3.053,6.101,0.00449,1.08933,3.4,2025-12-31,2026-12-31
CFG,14.605664,10.264058,1.1771523,1.65,0.08270001,0.0094,,,,0.26051,0.35132998,0.0,0.147,0.413,4.59,6.53153,28235694080.0,32828692480.0,2.74,0.39220002,0.997,Financial Services,Banks - Regional,421176788.0,417036620.0,56.951,3.4598327,4.023,,0.00712,1.00198,0.01,2025-12-31,2026-12-31
CHD,30.368591,23.480576,5.167712,2.66,0.17041,0.07873,55.851,1.147,0.642,0.119569995,0.18065001,0.45562,0.016,0.09,3.12,4.03525,22475069440.0,24648570880.0,1.3,0.38619998,0.472,Consumer Defensive,Household & Personal Products,237203907.0,236468575.0,18.335,3.6080766,3.957,18.194,0.00196,0.94841003,6.62,2025-12-31,2026-12-31
CHRW,29.140953,20.40079,11.0080595,1.86,0.37123,0.099580005,121.188,1.582,1.528,0.03726,0.05337,0.08447,0.193,0.238,5.25,7.49922,17877073920.0,19695054848.0,1.65,0.479,0.943,Industrials,Integrated Freight & Logistics,116851258.0,116407223.0,13.898,1.0518084,1.159,21.118,0.00347,1.05178,2.93,2025-12-31,2026-12-31
CHTR,3.3351548,3.0618727,0.90183085,0.73,0.27201998,0.05311,441.578,0.361,0.302,0.09052,0.23503,0.55189997,-0.017,0.161,38.43,41.86,16656665600.0,116437794816.0,,0.0,0.687,Communication Services,Telecom Services,114457596.0,115225637.0,142.122,0.30621123,2.141,5.338,0.03098,0.88819003,5.79,2025-12-31,2026-12-31
CI,11.389325,8.229224,1.7032229,0.75,0.16758,0.04462,74.29,0.846,0.687,0.022720002,0.03985,0.091359995,0.067,0.102,24.17,33.45151,72740118528.0,97651122176.0,2.27,0.2539,0.317,Healthcare,Healthcare Plans,264240486.0,262919284.0,161.623,0.25759473,0.346,7.654,0.01444,0.9218,3.55,2025-12-31,2026-12-31
CIEN,78.206276,29.571627,16.191626,0.58,0.22396,0.07734,107.496,3.797,2.904,0.10869,0.18076,0.44072,0.37,4.229,4.46,11.79509,49462812672.0,50118688768.0,,0.0,1.309,Technology,Communication Equipment,141808525.0,141153370.0,21.542,8.215194,8.324,48.871,0.0058600004,0.95914,1.76,2025-11-01,2026-11-01
CINF,7.97546,18.712864,1.5550668,2.19,0.21484,0.06409,5.255,1.151,0.972,0.23843001,0.37202,0.31066,0.316,0.855,21.19,9.03122,25937790976.0,24921790464.0,2.23,0.1709,0.545,Financial Services,Insurance - Property & Casualty,153478045.0,150574240.0,108.677,1.8588068,1.786,5.709,0.017280001,0.74027,7.37,2025-12-31,2026-12-31
CL,34.437008,21.292498,295.50674,1.59,2.67367,0.15838,1388.163,1.026,0.555,0.096829996,0.20966,0.60431,0.049,-0.055,2.54,4.10802,69728706560.0,76462710784.0,2.42,0.8228,0.323,Consumer Defensive,Household & Personal Products,797172829.0,748409767.0,0.296,3.313,3.633,15.345,0.0014300001,0.86388,3.96,2025-12-31,2026-12-31
CLX,15.661788,15.994844,-173.86281,2.27,5.46099,0.110369995,4876.087,0.84,0.59,0.111829996,0.17006001,0.43846,0.001,0.027,6.15,6.02194,11647144960.0,15100144640.0,5.15,0.8033,0.531,Consumer Defensive,Household & Personal Products,120921351.0,120507800.0,-0.554,1.7229505,2.234,11.853,0.00721,0.86122,4.37,2025-06-30,2026-06-30
CLX,17.276506,13.273509,111.69354,1.04,1.6376,0.08321,2221.429,0.658,0.337,0.087349996,0.12885,0.42321,-0.02,-0.501,4.81,6.26059,10049367040.0,15666366464.0,6.02,1.0312,0.544,Consumer Defensive,Household & Personal Products,120931005.0,120525886.0,0.744,1.4954416,2.331,13.742,0.00721,0.88325,3.51,2026-06-30,2027-06-30
CMCSA,7.2884617,6.3516006,0.89842355,142.98,0.114879996,0.043080002,100.474,0.796,0.653,0.08966,0.17233999,0.6939,-0.012,-0.668,3.12,3.5802,80696000512.0,163608002560.0,5.8,0.42310002,0.662,Communication Services,Telecom Services,3539192198.0,3511198457.0,25.311,0.6460642,1.31,4.802,0.0074,0.91574997,3.63,2025-12-31,2026-12-31
CME,23.410519,21.352411,3.7391622,4.8,0.15802,0.01481,14.587,1.018,0.019,0.63443,0.65036005,1.0,0.008,0.025,11.79,12.92641,99247472640.0,100840374272.0,1.88,0.95419997,0.275,Financial Services,Financial Data & Stock Exchanges,359576125.0,354645836.0,73.816,14.687663,14.923,21.136,0.00434,0.91846,2.9,2025-12-31,2026-12-31
CMG,30.953703,24.398611,19.268011,1.49,0.49560001,0.13075,246.35,0.715,0.592,0.114250004,0.16108,0.39361998,0.093,-0.013,1.08,1.37016,42302922752.0,47044263936.0,,0.0,0.937,Consumer Cyclical,Restaurants,1265418000.0,1255319964.0,1.735,3.4050019,3.787,20.679,0.00722,0.92765,2.22,2025-12-31,2026-12-31
CMI,27.168451,15.425155,5.703218,1.07,0.21114,0.069970004,59.586,1.727,0.985,0.07822,0.11896,0.25772,0.094,0.047,19.59,34.50403,73269166080.0,78690172928.0,1.65,0.409,1.226,Industrials,Specialty Industrial Machinery,137664487.0,137082166.0,93.321,2.1110165,2.267,15.675,0.00212,0.87759,3.37,2025-12-31,2026-12-31
CMS,19.62162,15.723739,2.1456013,2.36,0.09158,0.02971,185.604,0.936,0.413,0.11642,0.17167999,0.40315,-0.005,-0.439,3.33,4.1555,20489129984.0,40398131200.0,3.49,0.6692,0.331,Utilities,Utilities - Regulated Electric,313577136.0,311473033.0,30.453,2.3248758,4.584,13.386,0.00546,1.0367299,0.01,2025-12-31,2026-12-31
CNC,,14.846497,1.531052,1.23,-0.26044,0.01222,76.049,1.123,1.076,-0.03613,0.05069,0.10559,0.051,0.183,-13.05,4.47513,32807872512.0,25537871872.0,,0.0,1.077,Healthcare,Healthcare Plans,493797000.0,458712723.0,43.395,0.18397076,0.143,8.791,0.00392,1.00607,2.64,2025-12-31,2026-12-31
CNP,22.750002,18.30986,2.148036,1.67,0.09825,0.029979998,210.256,1.123,0.353,0.11611,0.24489,0.47027,0.107,0.233,1.68,2.0874,25176289280.0,49365291008.0,2.51,0.5357,0.451,Utilities,Utilities - Regulated Electric,658720288.0,656263261.0,17.793,2.617078,5.132,12.809,0.00233,1.07342,7.16,2025-12-31,2026-12-31
COF,64.00923,8.574116,1.1989856,0.23,0.03259,0.00487,,,,0.08876,0.28586,0.0,0.463,-0.032,3.25,24.26256,128150528000.0,111351570432.0,1.54,0.86120003,1.022,Financial Services,Credit Services,616019481.0,609392654.0,173.505,3.5292482,3.067,,0.018919999,0.88045,2.3,2025-12-31,2026-12-31
COHR,331.75,46.33274,7.5725384,0.92,0.032360002,0.028959999,39.901,2.252,0.987,0.04657,0.11783,0.36380002,0.175,0.73,1.04,7.44657,64684986368.0,67709763584.0,,0.0,1.905,Technology,Scientific & Technical Instruments,187481852.0,176613529.0,45.562,10.27672,10.757,56.042,0.00495,0.8853,1.12,2025-06-30,2026-06-30
COHR,76.842606,22.741163,5.6976657,0.92,0.07981,0.03393,31.612,2.427,1.168,0.11309,0.118269995,0.37495998,0.337,,4.13,13.95531,62149316608.0,64046673920.0,,0.0,2.104,Technology,Scientific & Technical Instruments,195832246.0,195078292.0,55.7,8.731068,8.998,44.995,0.04449,0.87494004,1.46,2026-06-30,2027-06-30
COIN,57.7647,33.10926,3.0701292,1.51,0.06686,0.01926,59.081,2.141,1.176,0.12736,-0.07097,0.85475,-0.308,,2.72,4.7455,41394954240.0,38921375744.0,,0.0,3.351,Financial Services,Financial Data & Stock Exchanges,222426875.0,219344261.0,51.177,6.5852985,6.192,38.826,0.01337,0.68671,2.83,2025-12-31,2026-12-31
COO,19.0,11.779494,1.2620406,0.52,0.06838,0.02735,33.634,1.222,0.506,0.1346,0.20822,0.65928,0.006,3.571,2.91,4.69375,10513686528.0,13160386560.0,,0.0,0.818,Healthcare,Medical Instruments & Supplies,190155294.0,188765259.0,43.81,2.4814572,3.106,14.121,0.0063,1.11898,5.05,2025-10-31,2026-10-31
COP,17.460926,13.706977,2.4234793,1.12,0.1418,0.07533,35.639,1.542,1.176,0.144,0.3151,0.47574002,0.355,1.07,7.55,9.61773,158372315136.0,173970325504.0,2.55,0.4365,0.134,Energy,Oil & Gas E&P,1201337479.0,1198754603.0,54.397,2.4569464,2.699,6.496,0.00096000003,0.86927,2.42,2025-12-31,2026-12-31
COR,22.940565,15.589689,19.313234,0.65,0.96871,0.03559,446.516,0.935,0.477,0.00789,0.014149999,0.03961,0.051,0.119,13.46,19.80668,58923614208.0,70759505920.0,0.78,0.1745,0.574,Healthcare,Medical Distribution,190827165.0,180249615.0,15.988,0.17706938,0.213,12.758,0.04303,0.99665,3.16,2025-09-30,2026-09-30
COST,45.035717,39.576874,11.850092,4.39,0.29152,0.086660005,24.567,1.072,0.564,0.0301,0.03991,0.12876001,0.116,0.152,19.88,22.62205,397051002880.0,385286995968.0,0.66,0.2701,0.855,Consumer Defensive,Discount Stores,443478804.0,442241498.0,75.553,1.3524134,1.312,27.94,0.0016300001,0.74429,4.27,2025-08-31,2026-08-31
CPAY,24.209373,12.648173,7.3731627,0.76,0.29215,0.06316,275.291,0.972,0.48,0.22723,0.4692,0.80539,0.215,-0.07,16.43,31.44802,26116763648.0,34035322880.0,,0.0,0.873,Technology,Software - Infrastructure,65659599.0,63092309.0,53.947,5.2020226,6.779,12.163,0.03782,1.00683,5.41,2025-12-31,2026-12-31
CPB,10.823529,11.186827,1.6334985,0.75,0.15389,0.05393,182.035,0.866,0.323,0.061240003,0.13102001,0.292,-0.044,0.864,2.04,1.97375,6584393728.0,13520394240.0,7.07,0.7647,-0.001,Consumer Defensive,Packaged Foods,298206243.0,192286368.0,13.517,0.66321456,1.362,7.93,0.37464002,0.64072,3.66,2025-08-03,2026-08-03
CPB,15.793894,11.271887,1.6015172,0.53,0.1005,0.04952,171.728,0.815,0.291,0.04085,0.10342,0.28570998,-0.079,,1.31,1.83554,6169887232.0,13214619648.0,4.84,1.1908001,0.019,Consumer Defensive,Packaged Foods,298206243.0,192177220.0,12.919,0.6331986,1.356,8.142,0.37469003,0.63815,7.51,2026-08-02,2027-08-02
CPRT,21.024843,20.11373,3.5718052,3.8,0.17607,0.11336,1.059,7.613,7.289,0.33481997,0.37530997,0.47522998,0.021,0.023,1.61,1.68293,31338717184.0,27249303552.0,,0.0,1.014,Industrials,Specialty Business Services,925811482.0,845386239.0,9.477,6.7556834,5.874,13.894,0.09012,0.88025004,3.29,2025-07-31,2026-07-31
CPRT,18.890324,16.537703,2.983797,2.88,0.1616,0.10268,0.97,7.912,7.601,0.31809,0.32011002,0.4898,0.024,-0.146,1.55,1.7705,27107760128.0,22759671808.0,,0.0,1.029,Industrials,Specialty Business Services,925811482.0,846532690.0,9.813,5.809376,4.878,12.094,0.09012,0.87991995,3.69,2026-07-31,2027-07-31
CPT,32.71287,90.935776,2.6733556,9.17,0.07885,0.01867,125.648,0.352,0.027,0.20622,0.16104001,0.61619,-0.008,-0.757,3.03,1.09,11471413248.0,15068879872.0,4.28,1.3927001,0.782,Real Estate,REIT - Residential,115732578.0,100604989.0,37.077,7.2518144,9.526,16.856,0.01465,1.05733,4.91,2025-12-31,2026-12-31
CRH,15.220849,13.260272,2.3868232,1.55,0.15812,0.06061,77.592,1.579,1.005,0.099350005,0.19022,0.3625,0.056,0.139,5.66,6.49685,57314258944.0,75602264064.0,1.81,0.26860002,1.198,Basic Materials,Building Materials,665284511.0,663435020.0,36.094,1.4835954,1.957,9.778,0.00145,0.89352,2.82,2025-12-31,2026-12-31
CRL,,21.918686,4.6735916,0.12,-0.07516,0.04107,105.047,1.348,0.796,-0.05963,0.15113,0.34585,-0.027,,-4.81,12.68598,13393518592.0,16165455872.0,,0.0,1.405,Healthcare,Diagnostics & Research,48167730.0,47224247.0,59.496,3.349228,4.042,19.038,0.0047400002,1.23606,2.63,2025-12-27,2026-12-27
CRM,21.787546,14.859358,5.1020756,0.79,0.19381,0.05704,110.417,0.839,0.673,0.2199,0.21375,0.77282,0.108,1.189,10.92,16.01146,195808165888.0,226781167616.0,0.74,0.1568,1.202,Technology,Software - Application,823000000.0,797544610.0,46.632,4.4564652,5.161,17.581,0.02977,0.87477,1.9,2026-01-31,2027-01-31
CRWD,4753.0,147.98463,47.692154,7.6,0.01461,-0.0078100003,15.958,1.57,1.366,0.00834,-0.02259,0.75185996,0.258,,0.05,1.60591,243338117120.0,239182249984.0,,0.0,1.255,Technology,Software - Infrastructure,1023934842.0,1006548428.0,4.983,45.094807,44.325,2238.256,0.01446,0.76373,2.59,2026-01-31,2027-01-31
CSCO,37.313335,23.359718,9.026691,1.55,0.25229,0.07337,67.541,0.925,0.704,0.19685,0.24992001,0.64296997,0.12,0.371,3.0,4.79201,441204211712.0,457565208576.0,1.5,0.55,1.007,Technology,Communication Equipment,3941434665.0,3935049541.0,12.401,7.263099,7.532,26.905,0.00052,0.83825994,2.04,2025-07-26,2026-07-26
CSCO,32.885887,19.547468,8.593738,1.01,0.27319,0.079780005,62.017,0.931,0.691,0.20951,0.27719,0.64524,0.176,0.521,3.33,5.60226,431752708096.0,447019679744.0,1.53,0.4985,0.992,Technology,Communication Equipment,3942586873.0,3936239308.0,12.743,6.818045,7.059,23.979,0.0005,0.83378,2.71,2026-07-25,2027-07-25
CSGP,161.6111,16.400467,1.4845624,0.09,0.00894,0.00466,14.537,2.214,2.064,0.02081,0.082159996,0.78683996,0.184,12.61,0.18,1.77373,11787198464.0,11689197568.0,,0.0,0.747,Real Estate,Real Estate Services,405197588.0,401753409.0,19.595,3.3147352,3.287,29.668,0.012619999,1.0481501,2.72,2025-12-31,2026-12-31
CSX,27.38372,20.735106,6.1957374,1.69,0.24357,0.07383,138.068,0.82,0.685,0.22208999,0.38424,0.47070998,0.101,0.227,1.72,2.27151,87251566592.0,105310846976.0,1.19,0.314,1.207,Industrials,Railroads,1852474917.0,1848606378.0,7.602,6.0123734,7.257,15.417,0.00223,0.81552005,4.22,2025-12-31,2026-12-31
CTAS,36.044308,31.48421,14.271992,2.72,0.41303003,0.15942,60.943,1.983,0.95,0.17568001,0.23224,0.50361997,0.089,0.097,4.74,5.42653,68363390976.0,73434374144.0,1.02,0.3671,0.934,Industrials,Specialty Business Services,400136881.0,342074487.0,11.971,6.199518,6.659,25.295,0.14961,0.69383,5.74,2025-05-31,2026-05-31
CTAS,40.334694,32.316612,15.386532,3.14,0.40714002,0.161,52.646,1.434,0.686,0.17754,0.23688,0.50668997,0.089,0.156,4.9,6.11574,79089516544.0,81506451456.0,1.05,0.3666,0.913,Industrials,Specialty Business Services,400169561.0,342245017.0,12.845,7.020967,7.236,27.214,0.1446,0.69744,6.4,2026-05-31,2027-05-31
CTRA,15.004608,10.833689,1.6676911,44.67,0.11361,0.06199,24.381,1.005,0.92,0.22674,0.28242,0.74633,0.186,-0.103,2.17,2.95736,24724652032.0,27932704768.0,0.027,0.4055,0.304,Energy,Oil & Gas E&P,759356619.0,748021035.0,19.524,3.3629832,3.799,5.786,0.009330001,0.96602994,1.61,2025-12-31,2026-12-31
CTSH,12.84764,9.4735365,1.8711714,0.87,0.14924,0.10735,14.479,2.182,1.683,0.10258,0.17479,0.3344,0.045,0.038,4.66,6.31971,26968094720.0,28011094016.0,2.2,0.2747,0.83,Technology,Information Technology Services,450444209.0,449133416.0,31.996,1.2461,1.294,6.94,0.0012899999,1.1634899,4.48,2025-12-31,2026-12-31
CTVA,48.80606,19.52645,2.134998,1.05,0.04256,0.04546,19.191,1.516,0.989,0.056649998,0.3013,0.4954,-0.012,-0.099,1.65,4.12415,53729296384.0,56483295232.0,0.89,0.4364,0.577,Basic Materials,Agricultural Inputs,667196000.0,665461290.0,37.719,3.0164661,3.171,13.212,0.0010800001,0.92103994,3.57,2025-12-31,2026-12-31
CVNA,34.449738,28.783245,11.622634,,0.58773,0.116960004,110.88,3.926,1.724,0.06257,0.09219,0.19371,0.524,0.615,1.89,2.26208,72172077056.0,50548756480.0,,0.0,3.497,Consumer Cyclical,Auto & Truck Dealerships,719916415.0,706360389.0,5.602,2.8802009,2.017,20.139,0.02099,1.05315,7.51,2025-12-31,2026-12-31
CVS,23.440632,10.416923,1.4245169,0.21,0.06205,0.029679999,95.503,0.866,0.623,0.011849999,0.03861,0.13645001,0.071,1.888,3.79,8.52843,113623719936.0,176168730624.0,2.99,0.7018,0.58,Healthcare,Healthcare Plans,1278970369.0,1276463587.0,62.365,0.27535465,0.427,10.562,0.00063,0.90816003,2.32,2025-12-31,2026-12-31
CVX,20.16458,15.447548,2.1643593,0.93,0.12231,0.05861,18.959,1.252,0.843,0.09834,0.21866,0.44267,0.535,3.219,10.39,13.56267,410975502336.0,445195517952.0,3.4,0.6718,0.491,Energy,Oil & Gas Integrated,1961603274.0,1868505583.0,96.8,1.9627837,2.126,8.788,0.04768,0.71181,2.53,2025-12-31,2026-12-31
D,22.0,16.664003,2.0031507,2.47,0.08281,0.03041,160.459,0.809,0.317,0.13984999,0.29219,0.46222,0.176,-0.58,2.89,3.81541,55920263168.0,115234258944.0,4.2,0.9239,0.622,Utilities,Utilities - Regulated Electric,879525949.0,877766897.0,31.74,3.0862775,6.36,13.815,0.00132,0.83031,7.49,2025-12-31,2026-12-31
DAL,13.20398,9.382325,2.3871915,0.21,0.20125,0.04019,96.649,0.424,0.267,0.05784,0.07921,0.187,0.187,-0.254,6.03,8.48617,52359946240.0,68496035840.0,1.08,0.1244,1.291,Industrials,Airlines,657623030.0,649739825.0,33.353,0.76676303,1.003,9.124,0.091759995,0.80727994,5.43,2025-12-31,2026-12-31
DASH,101.01571,23.691092,8.425695,1.07,0.088870004,0.029719999,33.276,1.368,1.083,0.05292,0.03862,0.52225,0.356,-0.3,1.91,8.14399,83600506880.0,81569062912.0,,0.0,1.788,Consumer Cyclical,Internet Retail,409082893.0,382197098.0,22.899,5.2608714,5.133,56.803,0.0059100003,0.95798,4.08,2025-12-31,2026-12-31
DD,55.132477,16.1976,1.2652628,1.72,0.01792,0.020669999,22.902,2.427,1.636,0.00787,0.14239,0.35132,0.04,1.496,2.34,7.96476,17421893632.0,18972893184.0,1.86,1.3003999,1.085,Basic Materials,Specialty Chemicals,135042975.0,134463641.0,101.963,2.4931157,2.715,11.985,0.00159,0.79898,2.92,2025-12-31,2026-12-31
DDOG,450.82355,77.3238,18.89857,1.17,0.04696,0.0018000001,29.259,3.205,3.1,0.044770002,0.00666,0.79536,0.356,14.985,0.51,2.97347,82558525440.0,78850891776.0,,0.0,1.488,Technology,Software - Application,334904614.0,333009768.0,12.166,20.812767,19.878,951.191,0.00583,0.9279,2.03,2025-12-31,2026-12-31
DE,38.020565,30.121647,6.588801,1.59,0.18242,0.03759,230.298,2.132,1.911,0.10168,0.13372,0.25184,0.049,0.074,17.99,22.70759,184421072896.0,242110087168.0,0.95,0.36020002,0.911,Industrials,Farm & Heavy Construction Machinery,269625412.0,269080769.0,103.811,3.8479576,5.052,28.152,0.00169,0.84455,4.49,2025-11-02,2026-11-02
DECK,13.390625,12.84182,5.141813,1.29,0.39688,0.19903,13.14,2.856,2.122,0.19348,0.31384,0.57545,0.071,0.11,7.04,7.34086,13381622784.0,11637760000.0,,0.0,1.141,Consumer Cyclical,Footwear & Accessories,141949971.0,140671002.0,18.334,2.48974,2.165,8.557,0.00588,0.98467004,2.62,2025-03-31,2026-03-31
DECK,11.156472,9.42032,4.659024,0.96,0.42558,0.20319,20.521,2.747,1.866,0.18361,0.15233,0.57804,0.057,0.011,7.03,8.32562,10680742912.0,9568712704.0,,0.0,1.15,Consumer Cyclical,Footwear & Accessories,136181857.0,134883659.0,16.834,1.9323657,1.731,7.211,0.0070700003,1.01447,3.7,2026-03-31,2027-03-31
DELL,33.007557,19.529371,-256.80832,0.67,,0.08643,,0.962,0.565,0.07525,0.12020001,0.19910999,0.577,2.729,17.21,29.08747,361179774976.0,384893779968.0,0.44,0.1344,1.409,Technology,Computer Hardware,315433188.0,292022438.0,-2.212,2.3888023,2.546,21.714,0.07706,0.78014,2.7,2026-01-30,2027-01-30
DG,15.897404,14.813587,2.907394,1.63,0.19692,0.048899997,169.811,1.209,0.229,0.03903,0.06813,0.31160998,0.052,0.333,7.7,8.26336,27005702144.0,41189212160.0,1.93,0.3065,0.235,Consumer Defensive,Discount Stores,220616790.0,218642270.0,42.103,0.6188575,0.944,11.499,0.0028,1.00833,2.53,2026-01-30,2027-01-30
DGX,26.190224,20.439205,3.6069195,1.91,0.14602,0.06404,81.074,1.591,1.282,0.09187,0.15248,0.33192003,0.102,0.15,9.41,12.05771,27201513472.0,33362513920.0,1.4,0.2611,0.549,Healthcare,Diagnostics & Research,110373360.0,109812663.0,68.327,2.3530722,2.886,14.723,0.00433,0.99037004,4.25,2025-12-31,2026-12-31
DHI,13.157293,11.779004,1.6266737,1.16,0.12632,0.06884,29.451,6.011,0.423,0.09154,0.1299,0.21298,0.0,-0.048,10.49,11.71746,38604369920.0,44300570624.0,1.3,0.1668,1.371,Consumer Cyclical,Residential Construction,279701267.0,250595553.0,84.848,1.1575522,1.328,10.733,0.10398,0.87911004,5.27,2025-09-30,2026-09-30
DHR,37.75579,22.78046,2.8314574,1.27,0.07605,0.03949,52.97,1.651,1.149,0.15948,0.19777,0.58752996,0.055,0.597,5.61,9.29788,148899479552.0,172420481024.0,0.76,0.2567,0.808,Healthcare,Diagnostics & Research,702986054.0,625868484.0,74.806,5.9305964,6.867,21.477,0.1096,0.84393996,2.83,2025-12-31,2026-12-31
DIS,21.169073,13.729625,1.6142573,3.35,0.0801,0.048070002,39.404,0.709,0.562,0.086990006,0.19301,0.37595,0.068,-0.483,4.85,7.47799,177278943232.0,224944947200.0,1.46,0.3093,1.409,Communication Services,Entertainment,1726686902.0,1723872402.0,63.602,1.7932142,2.275,10.731,0.00063,0.78567004,2.16,2025-09-27,2026-09-27
DLR,88.40777,65.9129,2.523556,11.76,0.02912,0.01476,67.944,0.89,0.889,0.11825,0.25882,0.56994,0.299,-0.587,2.06,2.76304,68780113920.0,88401903616.0,2.68,2.3805,1.037,Real Estate,REIT - Specialty,370998727.0,350390955.0,72.168,10.179036,13.083,27.537,0.00014,1.0496299,0.0,2025-12-31,2026-12-31
DLTR,13.720589,14.158136,6.1344585,1.4,0.46032003,0.08262,223.945,1.134,0.32,0.08035,0.062090002,0.3718,0.07,1.972,8.16,7.90782,21007089664.0,27619788800.0,,0.0,0.662,Consumer Defensive,Discount Stores,187630299.0,177462613.0,18.251,1.0467589,1.376,11.031,0.00164,1.07709,3.23,2026-01-31,2027-01-31
DOC,58.085716,145.21428,1.7867814,4.32,0.03039,0.01513,108.653,2.286,1.928,0.08248,0.1599,0.57648,0.111,0.682,0.35,0.14,14412898304.0,24351246336.0,6.0,3.4857998,0.989,Real Estate,REIT - Healthcare Facilities,689527260.0,686693303.0,11.378,4.8860493,8.255,15.503,0.00296,0.97732,4.75,2025-12-31,2026-12-31
DOV,22.662634,16.1177,3.2764587,1.46,0.14914,0.07061,42.316,1.979,1.31,0.13475999,0.18691999,0.40092,0.069,0.141,8.27,11.62821,25241767936.0,26745784320.0,1.12,0.2515,1.146,Industrials,Specialty Industrial Machinery,134680225.0,133707834.0,57.202,2.997634,3.176,14.01,0.012560001,0.93402,5.1,2025-12-31,2026-12-31
DOW,,16.14698,1.3085262,38.89,-0.0554,0.012999999,111.913,1.749,0.894,-0.03129,0.11594,0.09787,0.197,,-1.83,1.77928,20752848896.0,37459849216.0,4.87,7.0,0.424,Basic Materials,Chemicals,722340711.0,720592646.0,21.956,0.50225925,0.907,9.452,0.0021,0.79490995,4.43,2025-12-31,2026-12-31
DPZ,16.668556,14.104143,-2.4429536,1.34,,0.33892,,1.538,0.795,0.118640006,0.19084999,0.28709,0.043,0.068,17.65,20.85912,9732646912.0,14690663424.0,2.71,0.42290002,0.946,Consumer Cyclical,Restaurants,33081735.0,30226781.0,-120.428,1.9357607,2.922,14.353,0.00476,1.1331401,3.51,2025-12-28,2026-12-28
DRI,22.492098,18.762476,11.635957,1.87,0.51539004,0.07255,387.681,0.387,0.133,0.086619996,0.13153,0.21507,0.059,-0.033,9.49,11.37643,24447496192.0,31859941376.0,2.87,0.6217,0.587,Consumer Cyclical,Restaurants,114535003.0,114024177.0,18.344,1.9153776,2.496,15.861,0.0028799998,0.99578005,5.7,2025-05-25,2026-05-25
DRI,20.045979,16.881163,10.814945,1.87,0.53718,0.07722,364.507,0.314,0.115,0.09134,0.14142,0.21667999,0.137,0.36,10.44,12.39725,23762020352.0,31701237760.0,3.1,0.5747,0.59,Consumer Cyclical,Restaurants,113541756.0,113554351.0,19.351,1.7986677,2.4,14.989,0.00299,1.0131,6.66,2026-05-31,2027-05-31
DTE,20.335443,15.364715,2.2012882,1.65,0.1103,0.02769,229.06,0.802,0.395,0.07999,0.13623999,0.29347,-0.015,0.224,6.32,8.36462,26743478272.0,54546477056.0,3.63,0.72550005,0.388,Utilities,Utilities - Regulated Electric,208088069.0,206947746.0,58.384,1.6242622,3.313,15.081,0.00402,0.82467,3.79,2025-12-31,2026-12-31
DUK,17.700302,16.388779,1.7046674,2.19,0.098570004,0.028369999,162.155,0.661,0.259,0.15995,0.27503002,0.51971,0.011,0.106,6.64,7.17137,91638398976.0,186256392192.0,3.69,0.6416,0.364,Utilities,Utilities - Regulated Electric,779702193.0,777480042.0,68.946,2.7935982,5.678,11.209,0.00131,0.71151,3.75,2025-12-31,2026-12-31
DVA,15.581356,10.658317,-15.369054,0.45,0.88475,0.07515,1241.986,1.467,1.333,0.060489997,0.16061,0.32364,0.052,0.558,11.8,17.25038,11730268160.0,26292398080.0,,0.0,0.83,Healthcare,Medical Care Facilities,63800000.0,33941600.0,-11.963,0.8372994,1.877,9.303,0.46909,0.48387,4.72,2025-12-31,2026-12-31
DVN,10.567391,9.067185,1.3389341,2.92,0.11522,0.05909,28.488,0.717,0.584,0.17464,0.41077,0.50349,0.642,0.44,4.6,5.36109,53471002624.0,64413999104.0,2.63,0.22610001,0.426,Energy,Oil & Gas E&P,1100000000.0,1090870000.0,36.305,2.8470798,3.43,7.218,0.00798,0.94741,2.66,2025-12-31,2026-12-31
DXCM,35.316204,28.600603,12.863518,1.37,0.38491002,0.103310004,53.346,1.733,1.37,0.20118,0.24327,0.62473,0.131,0.436,2.53,3.12406,33717184512.0,33168584704.0,,0.0,1.419,Healthcare,Medical Devices,377360765.0,375994719.0,6.946,6.785234,6.675,23.638,0.00262,1.06399,3.37,2025-12-31,2026-12-31
EA,76.34082,22.164276,8.288131,1.79,0.10027,0.048070002,36.443,0.926,0.84,0.09307,0.08574,0.78264,0.01,-0.685,2.67,9.19633,51009216512.0,50352214016.0,0.37,0.2846,0.725,Communication Services,Electronic Gaming & Multimedia,250253713.0,224762870.0,24.593,6.9818254,6.892,37.437,0.00206,0.95377,4.66,2025-03-31,2026-03-31
EA,59.743587,21.720531,7.7727118,1.3,0.16458,0.072340004,26.43,1.209,1.046,0.13803001,0.25881,0.79875,0.189,0.975,3.51,9.62882,52925640704.0,52392640512.0,0.0036000002,0.1776,0.642,Communication Services,Electronic Gaming & Multimedia,252387410.0,213719135.0,26.979,6.745557,6.678,30.355,0.00196,0.93203,4.0,2026-03-31,2027-03-31
EBAY,23.495796,16.639835,10.668701,1.6,0.46611,0.091450006,153.012,1.019,0.915,0.18571,0.2157,0.72052,0.148,0.55,4.76,6.72122,49768800256.0,53599801344.0,1.11,0.2521,1.339,Consumer Cyclical,Internet Retail,445000000.0,399783550.0,10.483,4.144637,4.464,17.313,0.10035,0.95338994,3.83,2025-12-31,2026-12-31
ECHO,,4.111747,1.9177182,1.33,-0.33428,0.01319,123.757,5.201,0.367,-0.38712,0.14279,0.29540002,-0.04,,-24.88,22.73,27149262848.0,44274601984.0,,0.0,1.009,Communication Services,Telecom Services,159142240.0,137454393.0,48.735,1.8526956,3.021,22.259,0.13053,1.11508,7.85,2025-12-31,2026-12-31
ECL,36.21774,28.616241,7.512127,2.43,0.21956,0.07233,138.023,1.841,1.501,0.12566,0.18521999,0.44210997,0.097,0.033,7.44,9.41633,75537342464.0,84349747200.0,1.08,0.3812,0.89,Basic Materials,Specialty Chemicals,280328603.0,279762339.0,35.87,4.484925,5.008,20.396,0.0015199999,0.94131,3.31,2025-12-31,2026-12-31
ED,17.340462,16.245268,1.5167383,2.09,0.08962,0.03237,110.113,1.268,0.967,0.12533,0.16540001,0.53372,0.132,0.221,6.08,6.48989,38991032320.0,65841033216.0,3.33,0.5715,0.259,Utilities,Utilities - Regulated Electric,369828633.0,369303476.0,69.511,2.204253,3.722,10.685,0.00202,0.78726995,4.36,2025-12-31,2026-12-31
EFX,27.920914,15.628443,4.26531,1.33,0.14275,0.061550003,120.956,0.602,0.508,0.10729,0.17305,0.55542,0.106,0.007,5.69,10.16544,18664824832.0,24101525504.0,1.41,0.3726,1.305,Industrials,Consulting Services,117484896.0,116982061.0,37.247,2.896241,3.74,12.525,0.0064499998,1.04759,7.24,2025-12-31,2026-12-31
EG,7.923272,6.2734346,0.9401617,0.97,0.12572,0.02489,23.26,0.388,0.241,0.11376,0.19132,0.15281,-0.113,-0.115,47.31,59.75196,14372774912.0,14341774336.0,2.13,0.1691,0.277,Financial Services,Insurance - Reinsurance,38342734.0,25990622.0,398.708,0.8542511,0.852,,0.0083,1.05237,6.25,2025-12-31,2026-12-31
EIX,5.707947,8.505436,1.219921,2.46,0.19734,0.04092,228.042,0.662,0.28,0.19281,0.26899,0.61005,-0.041,0.551,9.69,6.5029,21284061184.0,66229059584.0,6.35,0.35709998,0.614,Utilities,Utilities - Regulated Electric,384813979.0,383686474.0,45.339,1.0958173,3.41,7.416,0.00262,0.95952004,3.25,2025-12-31,2026-12-31
EL,,25.834517,7.441334,1.42,-0.05949,0.04874,232.908,1.268,0.824,-0.01672,0.14925,0.74651,0.046,-0.455,-0.7,3.17908,29714214912.0,35888218112.0,1.7,4.7143,1.261,Consumer Defensive,Household & Personal Products,247287571.0,246266563.0,11.037,2.0032504,2.419,15.272,0.00414,0.97244,2.04,2025-06-30,2026-06-30
EL,186.86,23.873648,8.881178,2.12,0.04745,0.0523,242.932,1.222,0.805,0.01209,0.07003,0.75487,0.063,,0.5,3.91352,33802840064.0,39550840832.0,1.5,2.8,1.274,Consumer Defensive,Household & Personal Products,247291223.0,246305228.0,10.52,2.246185,2.628,16.11,0.00433,0.95679003,1.93,2026-06-30,2027-06-30
ELV,18.183628,13.911853,1.9854001,1.34,0.11133,0.03832,68.953,1.518,1.374,0.02468,0.04559,0.2599,0.014,-0.131,22.6,29.53956,89122439168.0,82791432192.0,1.67,0.3034,0.696,Healthcare,Healthcare Plans,216869290.0,216368322.0,206.986,0.4431439,0.412,9.946,0.0019,0.9413,6.12,2025-12-31,2026-12-31
EME,23.367292,20.411175,8.135555,0.31,0.40348998,0.12029,13.432,1.277,1.232,0.07738,0.10618,0.19426,0.198,0.348,32.1,36.74899,33086396416.0,32711049216.0,0.21,0.0405,1.13,Industrials,Engineering & Construction,44109901.0,43771578.0,92.199,1.7790513,1.759,16.433,0.00708,0.96093005,2.4,2025-12-31,2026-12-31
EMR,32.80525,20.687666,4.103462,1.73,0.128,0.068969995,67.677,0.896,0.618,0.13828,0.26924,0.53161,0.07,0.23,4.57,7.24683,83625377792.0,95262375936.0,1.48,0.4798,1.233,Industrials,Specialty Industrial Machinery,557800000.0,555602268.0,36.535,4.4873033,5.112,15.725,0.00253,0.84076,3.23,2025-09-30,2026-09-30
EOG,11.224124,9.742999,2.37862,1.37,0.22507,0.11017,25.891,1.851,1.581,0.25733,0.40717998,0.62636,0.587,1.094,12.85,14.80345,75652841472.0,78995841024.0,2.83,0.314,0.272,Energy,Oil & Gas E&P,524529176.0,522761513.0,60.636,2.831213,2.956,5.45,0.0027200002,0.98135,5.08,2025-12-31,2026-12-31
EPAM,15.48913,8.107191,1.6712602,0.61,0.111770004,0.08453,4.326,2.755,2.581,0.07151,0.10936,0.29451,0.045,0.263,7.36,14.06159,5880915968.0,5244343808.0,,0.0,1.383,Technology,Information Technology Services,51586981.0,49634414.0,68.212,1.047032,0.934,6.961,0.03277,1.1923001,4.73,2025-12-31,2026-12-31
EQIX,65.80799,54.851772,7.007142,2.88,0.10735,0.03683,162.217,1.131,0.607,0.15479,0.27021998,0.51979,0.167,0.288,15.52,18.62,100777345024.0,123170340864.0,2.02,1.2677,0.973,Real Estate,REIT - Specialty,98671686.0,98291800.0,145.757,10.175419,12.436,27.13,0.00269,1.0076699,2.81,2025-12-31,2026-12-31
EQR,28.675674,41.35888,2.273409,16.1,0.080240004,0.026689999,78.679,0.127,0.032,0.27974,0.27879998,0.62336,0.021,-0.399,2.22,1.54921,24611481600.0,32786810880.0,0.042600002,1.2133,0.749,Real Estate,REIT - Residential,374944409.0,336298889.0,28.002,7.865061,10.478,17.342,0.00287,0.48609,3.47,2025-12-31,2026-12-31
EQT,11.600928,12.840036,1.238206,1.47,0.11078,0.06629,19.595,0.673,0.542,0.29176,0.23372999,0.80748004,-0.039,-0.74,4.31,3.89407,31275802624.0,40423170048.0,1.32,0.1514,0.576,Energy,Oil & Gas E&P,625516000.0,619110716.0,40.381,3.3651898,4.349,5.779,0.00902,0.95812,3.33,2025-12-31,2026-12-31
ERIE,21.692377,17.062813,5.0666585,2.67,0.24808,0.14147,2.56,1.246,1.107,0.14007,0.19096,0.17904,0.028,0.032,11.02,14.01,12499893248.0,12258040832.0,2.45,0.64589995,0.305,Financial Services,Insurance Brokers,46189068.0,25137831.0,47.181,3.0343456,2.976,14.681,0.45462,0.45976,7.78,2025-12-31,2026-12-31
ES,17.589611,13.774111,1.5607643,2.32,0.09016,0.03302,180.7,0.8,0.463,0.10354,0.23923,0.52752,0.023,-0.854,3.85,4.91647,25508415488.0,53652451328.0,4.65,0.8,0.698,Utilities,Utilities - Regulated Electric,376674754.0,376083375.0,43.389,1.8222414,3.833,10.876,0.0016699999,0.88225996,4.23,2025-12-31,2026-12-31
ESS,41.998444,42.867527,3.2604496,7.02,0.0771,0.029560002,122.409,0.249,0.091,0.20893,0.33975,0.68771005,0.031,-0.718,6.43,6.29964,18615324672.0,24226234368.0,3.84,1.6075,0.706,Real Estate,REIT - Residential,64268439.0,63553131.0,82.826,9.397996,12.231,19.687,0.00733,1.04476,5.61,2025-12-31,2026-12-31
ETN,43.29969,26.328268,8.145627,2.58,0.19684,0.07052,105.059,1.24,0.704,0.12752,0.16563,0.36022,0.214,-0.159,9.81,16.13361,164980670464.0,185656672256.0,1.04,0.43580002,1.168,Industrials,Specialty Industrial Machinery,388400000.0,387716416.0,52.147,5.4945936,6.183,27.965,0.00071999995,0.87899,3.59,2025-12-31,2026-12-31
ETR,26.089514,19.984718,2.611289,1.57,0.10248999,0.02683,186.77,0.912,0.618,0.13329001,0.24458,0.47000998,0.059,-0.019,3.91,5.1044,48738082816.0,78684332032.0,2.51,0.64449996,0.481,Utilities,Utilities - Regulated Electric,477777482.0,464503658.0,39.065,3.6149876,5.836,14.208,0.00217,0.97917,9.96,2025-12-31,2026-12-31
EVRG,20.300253,17.476336,1.7992783,2.05,0.092539996,0.02908,160.554,0.359,0.074,0.15192,0.25238,0.52696997,0.044,0.23,3.93,4.56503,18394648576.0,34923548672.0,3.49,0.7004,0.51,Utilities,Utilities - Regulated Electric,230567172.0,229222965.0,44.34,3.018535,5.731,12.295,0.0018799999,0.96872,9.21,2025-12-31,2026-12-31
EW,52.535717,26.13454,4.792832,1.88,0.09175,0.083680004,6.568,4.522,3.454,0.15431,0.29839,0.77839,0.136,-0.254,1.68,3.37714,50873065472.0,47431663616.0,,0.0,0.852,Healthcare,Medical Devices,576400000.0,574492116.0,18.415,7.811843,7.283,23.754,0.00195,0.95728,2.94,2025-12-31,2026-12-31
EXC,15.466911,13.846559,1.4622871,2.26,0.09711,0.028110001,177.362,1.088,0.716,0.10989001,0.16590999,0.42363998,0.099,-0.002,2.72,3.0383,43342782464.0,94286921728.0,3.99,0.6029,0.389,Utilities,Utilities - Regulated Electric,1030253967.0,1030416555.0,28.77,1.7113947,3.723,11.285,0.0007,0.95496005,5.18,2025-12-31,2026-12-31
EXE,7.542241,10.054946,1.0563235,0.82,0.14893,0.08486,19.207,0.959,0.594,0.2197,0.26323998,0.47069,-0.106,-0.455,11.6,8.70119,20254265344.0,23319267328.0,2.63,0.275,0.323,Energy,Oil & Gas E&P,231503789.0,230330065.0,82.825,1.6001158,1.842,3.47,0.0036000002,0.96399003,3.23,2025-12-31,2026-12-31
EXPD,27.793304,24.085474,11.717705,3.02,0.4267,0.1523,26.745,1.566,1.431,0.07634,0.107080005,0.13549,0.321,0.515,6.87,7.9276,24820410368.0,24358617088.0,0.85,0.23,1.058,Industrials,Integrated Freight & Logistics,129990622.0,129032591.0,16.295,2.0621808,2.024,19.275,0.00634,0.99741995,4.25,2025-12-31,2026-12-31
EXPE,17.569183,11.417905,27.727049,0.73,0.89489,0.061079998,230.271,0.801,0.637,0.12968001,0.1898,0.90433,0.14,1.887,15.9,24.46596,33528168448.0,33352402944.0,0.69,0.1107,1.25,Consumer Cyclical,Travel Services,114498625.0,113551501.0,10.075,2.1355522,2.124,11.541,0.0061500003,1.08734,3.41,2025-12-31,2026-12-31
EXR,30.178808,28.517849,2.1785762,5.43,0.06953,0.03358,101.674,0.886,0.305,0.2728,0.45882,0.74919,0.038,0.06,4.53,4.79384,30172246016.0,43520184320.0,4.74,1.4305,1.176,Real Estate,REIT - Industrial,211269558.0,208858972.0,62.752,8.593351,12.395,18.834,0.00944,0.99772,4.97,2025-12-31,2026-12-31
F,,7.7813134,1.5139908,8.48,-0.14813,0.0034,425.544,1.09,0.88,-0.03216,0.05743,0.07064,0.064,4.308,-1.55,1.82874,56702177280.0,194465169408.0,4.22,0.641,1.828,Consumer Cyclical,Auto Manufacturers,3913840554.0,3873479859.0,9.399,0.29865098,1.024,25.662,0.0028900001,0.67559,0.0,2025-12-31,2026-12-31
FANG,36.65143,10.303807,1.4244577,23.1,0.034930002,0.01308,28.678,0.467,0.421,0.09029,0.48466998,0.72353995,0.525,1.795,5.25,18.67465,53881405440.0,72119287808.0,2.29,0.79050004,0.414,Energy,Oil & Gas E&P,280019792.0,213336553.0,135.083,3.316187,4.439,6.122,0.23868999,0.73392,4.4,2025-12-31,2026-12-31
FAST,41.88889,34.93752,13.821206,3.26,0.34334,0.21521999,10.851,4.18,1.998,0.15454,0.21023001,0.44701,0.147,0.146,1.17,1.40279,56238854144.0,56475656192.0,1.96,0.78629994,0.713,Industrials,Industrial Distribution,1147497573.0,1144835379.0,3.546,6.427738,6.455,28.892,0.00088,0.87526,5.03,2025-12-31,2026-12-31
FCX,35.06863,17.270016,5.1089053,4.47,0.14755,0.07585,32.149,2.066,0.795,0.113850005,0.33404,0.38275,-0.073,0.281,2.04,4.14244,102732693504.0,121124691968.0,0.84,0.2941,1.401,Basic Materials,Copper,1436017523.0,1426353125.0,14.003,3.97142,4.682,12.678,0.00716,0.89408994,2.16,2025-12-31,2026-12-31
FDS,18.697628,14.384583,4.996655,1.26,0.27032,0.11079001,77.284,0.683,0.558,0.2321,0.30542,0.51382,0.064,-0.096,15.18,19.73154,10094567424.0,11360973824.0,1.63,0.2938,0.711,Financial Services,Financial Data & Stock Exchanges,35565543.0,35442486.0,56.804,4.1397324,4.659,12.183,0.0043200003,1.15171,5.62,2025-08-31,2026-08-31
FDX,19.9984,16.763515,3.0069044,1.31,0.15869,0.050279997,140.994,1.474,1.158,0.04877,0.06942,0.27552,0.083,0.173,18.75,22.36822,89470377984.0,123273371648.0,1.55,0.3059,1.303,Industrials,Integrated Freight & Logistics,238606756.0,220412991.0,124.703,0.97321284,1.341,10.664,0.074499995,0.81012,2.6,2025-05-31,2026-05-31
FDX,16.369272,14.556909,2.3027687,1.28,0.14846,0.050079998,135.697,1.475,1.387,0.0468,0.11129,0.27318,0.125,-0.043,18.55,20.85951,71864975360.0,101230878720.0,1.61,0.3127,1.364,Industrials,Integrated Freight & Logistics,236670435.0,218579725.0,131.863,0.7587096,1.069,8.547,0.06245,0.82686996,3.25,2026-05-31,2027-05-31
FDXF,33.463734,30.391214,0.0015906811,,,,,0.841,0.78,0.10398,0.06027,0.29674998,-0.047,,4.55,5.01,22672451584.0,5251806720.0,,0.0,,Industrials,Integrated Freight & Logistics,148906159.0,19958.0,95720.0,2.6108303,0.605,3.393,0.0,0.10208,1.04,2025-05-31,2026-05-31
FDXF,27.426939,23.532845,-36.140194,,0.69093,0.05669,,1.517,1.415,0.07447,-0.057719998,0.29278,0.048,-0.611,4.38,5.10478,17961613312.0,24075614208.0,,0.0,,Industrials,Integrated Freight & Logistics,149518133.0,119418638.0,-3.324,2.0422528,2.737,24.343,0.20084,0.63234,3.13,2026-05-31,2027-05-31
FE,24.203207,15.345493,2.0246935,1.5,0.09491,0.03682,200.908,0.541,0.35,0.06939,0.19304001,0.68605006,0.088,0.083,1.87,2.9494,26189242368.0,56600244224.0,4.11,0.9626,0.441,Utilities,Utilities - Regulated Electric,578639932.0,548267122.0,22.354,1.6749324,3.62,10.439,0.0013799999,0.95646006,7.13,2025-12-31,2026-12-31
FERG,21.105314,17.10766,6.689648,1.34,,,111.063,1.729,0.736,0.063200004,0.10159001,0.30633,0.046,0.069,10.16,12.53415,41482063872.0,47932067840.0,1.66,0.3327,1.112,Industrials,Industrial Distribution,193452717.0,193009710.0,32.054,1.3191439,1.524,15.61,0.0179,0.99189,1.34,2025-12-31,2026-12-31
FFIV,34.47965,23.899748,6.3673344,1.54,0.1983,0.07977,6.546,1.665,1.479,0.21952999,0.24649,0.81865996,0.109,0.114,12.53,18.07676,24464642048.0,23111239680.0,,0.0,1.03,Technology,Software - Infrastructure,56627182.0,56092621.0,67.851,7.3926225,6.984,25.031,0.0049799997,1.01639,2.71,2025-09-30,2026-09-30
FICO,27.471218,17.880419,-5.005983,0.76,,0.39981,,1.183,1.129,0.3405,0.53787,0.851,0.257,0.412,34.57,53.11285,20510842880.0,25860407296.0,,0.0,1.318,Technology,Software - Application,21597635.0,20896144.0,-189.709,8.569125,10.804,20.469,0.030150002,1.02347,5.43,2025-09-30,2026-09-30
FIS,8.122093,6.1184626,1.356179,0.24,0.17225,0.040700004,132.328,0.588,0.418,0.23347999,0.16388,0.36285,0.301,30.406,5.16,6.84976,21662404608.0,42056404992.0,4.01,0.31780002,0.813,Technology,Information Technology Services,516879151.0,515695498.0,30.903,1.8935668,3.676,12.714,0.00131,0.99502,2.93,2025-12-31,2026-12-31
FITB,17.814816,10.714019,1.4850261,1.68,0.08438,0.0092,,,,0.23239,0.39078,0.0,0.518,-0.057,2.97,4.93839,47983685632.0,66395684864.0,3.18,0.5387,0.913,Financial Services,Banks - Regional,906892564.0,902920375.0,35.629,4.7532134,6.577,,0.0035499998,0.93025,0.0,2025-12-31,2026-12-31
FIX,40.654114,27.441206,18.037903,0.55,0.55292,0.17039,11.498,1.214,1.172,0.12775,0.17062001,0.25661,0.503,0.919,40.62,60.17848,58118856704.0,56486592512.0,0.22,0.064,1.676,Industrials,Engineering & Construction,35194329.0,34716801.0,91.55,5.176232,5.031,28.205,0.01081,0.9597,2.3,2025-12-31,2026-12-31
FLEX,41.895756,15.259221,7.2874413,0.94,0.18378,0.044159997,107.818,1.38,0.701,0.03325,0.0497,0.0953,0.206,0.52,2.59,7.11111,40083918848.0,43173916672.0,,0.0,1.654,Technology,Electronic Components,369402978.0,366613986.0,14.89,1.3695945,1.475,20.336,0.00614,0.96674,3.08,2026-03-31,2027-03-31
FOX,13.586843,9.517051,1.9805892,,0.152,0.08713,67.867,2.896,2.516,0.10561,0.21357,0.36843,-0.086,-0.493,3.8,5.425,21679470592.0,25858220032.0,1.08,0.14739999,0.55,Communication Services,Entertainment,220426203.0,329493301.0,26.068,1.3381563,1.596,7.286,0.39736998,0.65866995,3.99,2025-06-30,2026-06-30
FOX,15.036459,10.050479,2.0834987,,0.14291,0.095010005,64.06,3.169,2.872,0.09839,0.25214002,0.36629,0.281,0.031,3.84,5.745,24347437056.0,27779600384.0,1.0,0.1458,0.559,Communication Services,Entertainment,220248764.0,328665800.0,27.713,1.4216652,1.622,7.156,0.39867002,0.65033996,9.97,2026-06-30,2027-06-30
FOXA,15.163157,9.935219,2.2103727,25.37,0.152,0.08713,67.867,2.896,2.516,0.10561,0.21357,0.36843,-0.086,-0.493,3.8,5.79957,24194674688.0,28375136256.0,0.97,0.14739999,0.55,Communication Services,Entertainment,199474449.0,329493301.0,26.068,1.4934063,1.751,7.995,0.01308,1.24226,4.29,2025-06-30,2026-06-30
FOXA,16.783854,11.044809,2.3256233,1.15,0.14291,0.095010005,64.06,3.169,2.872,0.09839,0.25214002,0.36629,0.281,0.031,3.84,5.83532,27176863744.0,30595452928.0,0.9,0.1458,0.559,Communication Services,Entertainment,201424858.0,328665800.0,27.713,1.5868775,1.786,7.881,0.01466,1.3177,8.36,2026-06-30,2027-06-30
FRT,22.406063,34.764755,3.0069137,3.59,0.12550999,0.03259,134.114,0.564,0.553,0.32663,0.35035,0.68136,0.072,-0.456,4.95,3.1903,9695567872.0,14786401280.0,4.18,0.9131,0.919,Real Estate,REIT - Retail,86889133.0,80133503.0,36.885,7.2602973,11.072,17.651,0.010290001,1.01063,0.03,2025-12-31,2026-12-31
FSLR,12.073938,8.428706,2.0405912,0.36,0.18509,0.08619001,1.88,2.518,1.701,0.32465,0.42641997,0.44015998,-0.037,0.233,16.23,23.24912,21059780608.0,19526825984.0,,0.0,1.733,Technology,Solar,107469788.0,101655672.0,96.031,3.9158614,3.631,8.184,0.053579997,0.96452004,3.72,2025-12-31,2026-12-31
FTNT,59.80282,44.957737,80.34058,1.87,1.17442,0.14166,36.194,1.282,1.141,0.28173,0.33595002,0.80204004,0.256,0.439,2.84,3.77777,124613926912.0,121105727488.0,,0.0,1.059,Technology,Software - Infrastructure,733713653.0,618909478.0,2.114,16.55471,16.089,46.654,0.17361,0.71551,2.89,2025-12-31,2026-12-31
FTV,29.100529,16.933653,2.7461555,0.98,0.07318,0.03295,59.283,1.241,0.802,0.12382,0.19137,0.6323,0.079,0.04,1.89,3.24797,16610937856.0,19843637248.0,0.51,0.127,0.973,Technology,Scientific & Technical Instruments,302017052.0,280954383.0,20.028,3.8488665,4.598,16.073,0.0041,1.12473,6.65,2025-12-31,2026-12-31
GD,21.501217,18.994131,3.5553875,2.18,0.17803,0.06079,35.335,1.441,0.852,0.08179,0.1038,0.15375,0.081,0.134,16.42,18.58732,95520210944.0,100522524672.0,1.8,0.3768,0.321,Industrials,Aerospace & Defense,270557195.0,254446369.0,99.3,1.7411314,1.832,15.155,0.00557,0.87617,3.25,2025-12-31,2026-12-31
GDDY,14.481426,8.837905,1838.8679,0.53,4.42861,0.09882,57334.33,0.632,0.415,0.17834999,0.27056998,0.63802,0.066,0.298,6.73,11.0275,12343085056.0,14981985280.0,,0.0,0.94,Technology,Software - Infrastructure,126647704.0,125663651.0,0.053,2.4182687,2.935,10.864,0.00974,1.0606999,2.74,2025-12-31,2026-12-31
GE,37.01649,34.57791,18.485384,4.0,0.48231998,0.05065,113.225,0.982,0.632,0.17716,0.20571,0.31051,0.211,0.194,8.49,9.08875,326074761216.0,336586768384.0,0.6,0.1958,1.35,Industrials,Aerospace & Defense,1037562513.0,1033619775.0,17.001,6.4392023,6.647,29.312,0.003,0.80945,4.45,2025-12-31,2026-12-31
GEHC,14.776497,11.853491,2.6393118,1.6,0.19376,0.05131,93.965,1.264,0.831,0.093339995,0.14976,0.39528,0.058,0.168,4.34,5.41022,28966637568.0,37671641088.0,0.22,0.0323,0.821,Healthcare,Medical Devices,451686252.0,450195687.0,24.298,1.3621103,1.771,10.485,0.00369,0.94008005,6.58,2025-12-31,2026-12-31
GEN,20.742268,7.018621,5.22869,0.49,0.26902,0.07169,363.379,0.466,0.363,0.12757,0.35806,0.78845,0.258,0.201,0.97,2.86666,12408328192.0,20043954176.0,2.49,0.5155,1.149,Technology,Software - Infrastructure,605663774.0,461370436.0,3.848,2.62499,4.24,9.957,0.09478,0.91054,3.44,2025-03-28,2026-03-28
GEN,16.964912,8.771797,6.5426254,1.46,0.41944,0.084910005,307.831,0.466,0.278,0.20732,0.35554,0.78007007,0.063,0.64,1.71,3.30719,17365008384.0,25008009216.0,1.72,0.2924,1.215,Technology,Software - Infrastructure,598587032.0,453381790.0,4.434,3.4189818,4.924,10.377,0.09729999,0.9385,6.1,2026-04-03,2027-04-03
GEV,26.951277,37.152172,20.945095,1.83,0.82577,0.02544,28.364,0.85,0.563,0.23035,0.07466,0.2057,0.219,0.328,34.89,25.31023,250441465856.0,242599460864.0,0.21,0.0573,0.967,Industrials,Specialty Industrial Machinery,266333581.0,265776944.0,44.895,6.0541368,5.865,61.777,0.00126,0.81653,4.28,2025-12-31,2026-12-31
GILD,18.269388,13.825525,7.092378,2.14,0.4336,0.13292,94.635,1.967,1.536,0.30993,0.39282,0.79367995,0.044,0.548,7.35,9.71247,166718013440.0,178991005696.0,2.44,0.43400002,0.343,Healthcare,Drug Manufacturers - General,1241569874.0,1238826005.0,18.933,5.6066055,6.019,12.145,0.00117,0.93230003,2.73,2025-12-31,2026-12-31
GIS,8.171148,10.63393,3.227738,11.74,0.23591,0.05311,217.629,0.563,0.304,0.12053,0.19194001,0.3314,0.022,-0.145,4.09,3.14277,17835624448.0,21131139072.0,7.09,0.5941,-0.041,Consumer Defensive,Packaged Foods,533681218.0,590270913.0,10.354,0.9708471,1.15,6.368,0.00333,0.90630996,4.91,2025-05-25,2026-05-25
GIS,,12.454064,3.8622756,11.74,-0.01028,0.057350002,217.629,0.682,0.346,-0.00475,0.19194001,0.33733,0.022,-0.145,-0.17,3.211,21379833856.0,24446568448.0,6.41,0.5941,-0.047,Consumer Defensive,Packaged Foods,534629472.0,590039604.0,10.354,1.1603961,1.327,7.087,0.00281,0.9202,4.53,2026-05-31,2027-05-31
GL,11.530585,10.498697,2.1707346,1.3,0.20944999,0.03358,55.675,0.795,0.64,0.19577,0.24642,0.33905998,0.08,0.197,15.04,16.51824,13327230976.0,16299099136.0,0.76,0.0798,0.462,Financial Services,Insurance - Life,76849447.0,76134747.0,79.89,2.1523452,2.632,9.7,0.00703,0.87249,0.07,2025-12-31,2026-12-31
GLW,68.866974,34.513756,10.829547,0.9,0.16813,0.05367,71.448,1.813,0.978,0.111999996,0.15649,0.36395,0.166,0.185,2.18,4.34986,129320239104.0,136762228736.0,0.75,0.5161,1.151,Technology,Electronic Components,861388331.0,790573596.0,13.863,7.623216,8.062,33.479,0.08067001,0.74901,2.03,2025-12-31,2026-12-31
GM,36.696426,5.4789844,1.1627249,0.29,0.03164,0.02247,202.341,1.136,0.892,0.01051,0.03202,0.10177,0.019,-0.262,2.24,15.00278,74345914368.0,177820516352.0,0.88,0.29459998,1.321,Consumer Cyclical,Auto Manufacturers,904451541.0,874819186.0,70.696,0.40072614,0.958,10.802,0.0017200001,0.90193003,4.17,2025-12-31,2026-12-31
GNRC,47.57798,16.747942,4.2535214,0.62,0.09491,0.04721,49.003,2.045,0.88,0.05817,0.17932,0.39539,0.106,0.92,4.36,12.386,12252223488.0,13379705856.0,,0.0,1.913,Industrials,Specialty Industrial Machinery,59063935.0,57945427.0,48.769,2.7602983,3.014,21.029,0.01687,0.91692,2.44,2025-12-31,2026-12-31
GOOG,17.272316,23.142925,6.766937,1.25,0.48676,0.12958999,18.859,2.724,2.471,0.54771,0.34033,0.60897,0.242,2.94,19.94,14.88187,4212111966208.0,4108474384384.0,0.26,0.042600002,1.225,Communication Services,Internet Content & Information,5527000000.0,10879441100.0,50.896,9.447036,9.215,23.726,0.00522,0.6213,2.58,2025-12-31,2026-12-31
GOOGL,17.54719,23.48764,6.8677306,1.27,0.48676,0.12958999,18.859,2.724,2.471,0.54771,0.34033,0.60897,0.242,2.94,19.92,14.88187,4274851676160.0,4171214094336.0,0.25,0.042600002,1.225,Communication Services,Internet Content & Information,5867155790.0,10879441100.0,50.896,9.58775,9.355,24.088,0.01596,0.80991,3.01,2025-12-31,2026-12-31
GPC,492.61542,15.422426,3.9011908,1.32,0.0070700003,0.04481,146.415,1.159,0.419,0.00131,0.06562,0.37564,0.06,-0.098,0.26,8.30479,17657077760.0,23768522752.0,3.32,16.74,0.656,Consumer Cyclical,Auto Parts,137859758.0,137465479.0,32.831,0.7042678,0.948,11.58,0.0051499996,0.98824,6.54,2025-12-31,2026-12-31
GPN,40.312798,5.319954,0.97833085,0.21,0.02428,0.023340002,98.273,0.825,0.494,-0.091529995,0.16108,0.63959,0.686,-0.952,2.11,15.98886,22508439552.0,41514229760.0,1.18,0.4739,0.785,Industrials,Specialty Business Services,264618390.0,219622679.0,86.944,2.2052515,4.067,9.262,0.00934,1.1294999,5.2,2025-12-31,2026-12-31
GRMN,28.253609,24.903135,5.855482,2.91,0.21886998,0.12174,2.513,3.028,1.845,0.24471001,0.30438998,0.60081,0.114,0.353,9.7,11.00504,52853166080.0,50413834240.0,1.53,0.387,0.866,Technology,Scientific & Technical Instruments,192852536.0,164499356.0,46.804,6.8896036,6.572,21.81,0.14694999,0.58348,3.59,2025-12-27,2026-12-27
GS,14.555006,12.724152,2.6018577,1.16,0.16902,0.010720001,725.381,1.563,1.407,0.31039,0.42176998,0.82075995,0.425,0.923,64.72,74.03244,274283446272.0,39847923712.0,2.12,0.2625,1.283,Financial Services,Capital Markets,291171408.0,301060743.0,362.049,4.059249,0.59,,0.00551,0.75835997,3.86,2025-12-31,2026-12-31
GWW,32.2621,24.814037,14.441543,1.73,0.46091,0.19934,61.977,2.805,1.597,0.09923001,0.16072,0.39395002,0.103,0.205,39.26,51.04409,59658526720.0,62248525824.0,0.79,0.23629999,1.034,Industrials,Industrial Distribution,47100942.0,43102543.0,87.706,3.1657484,3.303,19.356,0.062800005,0.77002996,4.02,2025-12-31,2026-12-31
HAL,17.612566,11.590966,2.5482917,0.7,0.14917,0.07258,74.186,2.018,1.252,0.0716,0.12793,0.15076,0.037,0.161,1.91,2.90226,28026505216.0,34219505664.0,2.02,0.35599998,0.769,Energy,Oil & Gas Equipment & Services,833130367.0,828614800.0,13.201,1.2526933,1.53,8.268,0.00401,0.90445,3.16,2025-12-31,2026-12-31
HAS,15.581851,13.4192295,17.542067,1.6,1.5956,0.13079001,531.042,1.661,1.295,0.15968001,0.22157,0.63822,0.162,,5.62,6.52571,12351263744.0,14876363776.0,3.2,0.4982,0.466,Consumer Cyclical,Leisure,141044467.0,140398483.0,4.992,2.4835646,2.991,11.442,0.00579,1.00899,4.57,2025-12-28,2026-12-28
HBAN,12.215385,8.747239,1.0787311,1.68,0.09002,0.00982,,,,0.26131,0.41932,0.0,0.476,-0.029,1.3,1.81543,32084187136.0,41009188864.0,3.91,0.47689998,0.941,Financial Services,Banks - Regional,2020414826.0,2007221517.0,14.721,3.4961522,4.469,,0.008090001,0.89924,2.38,2025-12-31,2026-12-31
HCA,14.34787,13.356758,-14.035704,1.31,,0.12291,,0.993,0.775,0.08768,0.15161,0.42580003,0.087,0.116,29.81,32.02199,92599853056.0,146454855680.0,0.73,0.100600004,1.109,Healthcare,Medical Care Facilities,216501500.0,144313405.0,-30.473,1.1869798,1.877,9.3,0.16611,0.78878,5.19,2025-12-31,2026-12-31
HD,21.007004,18.719736,18.016817,2.53,1.0429599,0.121379994,380.261,1.078,0.259,0.0841,0.12858,0.32801,0.057,0.046,14.28,16.0248,299286921216.0,360389935104.0,3.11,0.648,0.955,Consumer Cyclical,Home Improvement Retail,997689626.0,995983577.0,16.65,1.7690861,2.13,14.621,0.00068999996,0.76794,2.38,2026-02-01,2027-02-01
HIG,9.108426,9.64247,1.8562722,0.12,0.22061001,0.038510002,22.33,1.772,0.999,0.1489,0.17615,0.37868,0.081,0.361,14.48,13.67803,35725307904.0,36452306944.0,1.82,0.1602,0.45,Financial Services,Insurance - Diversified,270872002.0,269582651.0,71.051,1.2186699,1.243,6.526,0.00345,0.96257,0.03,2025-12-31,2026-12-31
HII,16.261023,13.096382,2.0240638,0.84,0.12968001,0.042779997,55.252,1.23,1.1,0.05013,0.0708,0.124,0.109,0.365,16.78,20.83476,10751938560.0,13674938368.0,2.02,0.32700002,0.225,Industrials,Aerospace & Defense,39404598.0,39115762.0,134.808,0.8154674,1.037,11.688,0.00477,0.92584,2.48,2025-12-31,2026-12-31
HLT,44.828445,29.242357,-10.947471,1.26,,0.11026,,0.649,0.551,0.31034002,0.62987,0.79036003,0.025,0.141,6.82,10.45504,68809097216.0,81856094208.0,0.2,0.0881,1.056,Consumer Cyclical,Lodging,225064910.0,220766170.0,-27.927,13.481406,16.038,26.508,0.021930002,0.96863,2.61,2025-12-31,2026-12-31
HOLX,31.53942,15.664253,3.2325425,,0.108559996,0.07434,48.051,4.04,3.102,0.13178,0.22990999,0.60378,0.025,-0.092,2.41,4.861,16968846336.0,17122545664.0,,0.0,0.703,Healthcare,Medical Instruments & Supplies,223244905.0,221206679.0,23.514,4.1121645,4.149,12.677,0.00836,0.96516,2.78,2025-09-27,2026-09-27
HON,7.9377165,20.772694,3.5300155,3.37,0.46577,0.0572,185.369,1.211,0.756,0.21581,0.20249,0.36511,0.043,2.639,26.01,9.93901,65435435008.0,91514437632.0,1.36,0.3614,0.901,Industrials,Conglomerates,316940010.0,297666888.0,58.487,1.719406,2.405,10.751,0.00081,0.84489,2.09,2025-12-31,2026-12-31
HONA,50.030582,18.001781,-9.102036,1.05,,,,1.526,0.764,0.10862,0.14684,0.34535,0.054,-0.709,3.27,9.08799,51853467648.0,67019464704.0,,0.0,,Industrials,Aerospace & Defense,316952725.0,316559704.0,-17.974,2.894416,3.741,18.943,0.00054000004,0.76719004,1.02,2025-12-31,2026-12-31
HOOD,53.0177,35.401524,11.362731,2.09,0.23618999,0.04528,240.279,1.116,1.066,0.42011002,0.43884,0.9189,0.323,0.476,2.26,3.3846,107728044032.0,106809040896.0,,0.0,2.34,Financial Services,Capital Markets,790630234.0,783765981.0,10.545,21.84267,21.656,,0.0095999995,0.79466003,1.91,2025-12-31,2026-12-31
HPE,31.319586,13.216424,3.043478,0.49,0.10936,0.02641,76.464,1.113,0.534,0.06666,0.12560001,0.36622003,0.337,4.102,1.94,4.59731,80656760832.0,94823759872.0,0.94,0.2874,1.442,Technology,Communication Equipment,1327464779.0,1321411540.0,19.964,1.9263157,2.265,13.763,0.0037599998,0.91306,3.44,2025-10-31,2026-10-31
HPQ,13.129772,10.962502,-337.2549,3.67,,0.05629,,0.788,0.44,0.04143,0.05396,0.1966,0.125,-0.113,2.62,3.13797,31021611008.0,37191610368.0,3.49,0.45400003,1.205,Technology,Computer Hardware,901790969.0,898499432.0,-0.102,0.5243503,0.629,8.022,0.00306,0.95927,5.06,2025-10-31,2026-10-31
HRL,33.596775,13.408174,1.4615493,1.47,0.042930003,0.04634,36.326,1.882,0.886,0.028210001,0.08615,0.15741,-0.024,-0.672,0.62,1.55353,11463806976.0,13466694656.0,5.62,1.8831,0.315,Consumer Defensive,Packaged Foods,550350800.0,290821873.0,14.252,0.94376314,1.109,10.646,0.00471,0.91362,4.17,2025-10-26,2026-10-26
HSIC,24.734692,14.143888,3.0075507,1.69,0.088549994,0.043920003,80.733,1.319,0.55,0.02963,0.057550002,0.31319,0.067,0.171,3.43,5.99835,9455124480.0,14677125120.0,,0.0,0.812,Healthcare,Medical Distribution,111446542.0,91710474.0,28.209,0.69512755,1.079,13.59,0.00833,1.12257,7.04,2025-12-27,2026-12-27
HST,14.657718,20.68985,2.34184,3.31,0.15558,0.0433,85.298,1.671,1.669,0.16474001,0.18215,0.29195,0.036,0.084,1.49,1.05559,15172826112.0,18885115904.0,3.66,0.5369,1.101,Real Estate,REIT - Hotel & Motel,685124399.0,674230921.0,9.326,2.433883,3.029,11.142,0.01469,1.0555,4.06,2025-12-31,2026-12-31
HSY,23.195354,17.205736,7.4767714,0.85,0.32808998,0.09922,129.821,1.18,0.507,0.12242,0.23119,0.38377,0.066,6.31,7.32,9.86822,34115166208.0,39247265792.0,3.42,0.77099997,0.097,Consumer Defensive,Confectioners,146312143.0,144760908.0,22.709,2.8046212,3.227,14.421,0.00321,0.91463,7.53,2025-12-31,2026-12-31
HUBB,26.460629,19.50494,6.035952,1.88,0.24444,0.08427,141.642,1.609,0.826,0.14491999,0.21666999,0.35338002,0.153,-0.009,16.89,22.91317,23611934720.0,28784932864.0,1.27,0.33040002,0.889,Industrials,Electrical Equipment & Parts,52832571.0,52573691.0,74.043,3.793935,4.625,18.994,0.00343,0.99112,6.3,2025-12-31,2026-12-31
HUM,36.504726,23.311161,2.4138598,1.29,0.06893,0.03896,76.485,1.742,1.285,0.00878,0.034649998,0.13653,0.262,0.271,10.58,16.56803,46377414656.0,37314416640.0,0.92,0.3346,0.745,Healthcare,Healthcare Plans,120080308.0,119823336.0,160.001,0.31835344,0.256,10.377,0.00212,1.0085,2.8,2025-12-31,2026-12-31
HWM,49.497845,35.564358,16.027216,0.8,0.34732,0.12815,81.368,1.818,0.695,0.20522,0.28504,0.36032,0.241,0.33,4.64,6.45787,91592720384.0,95693717504.0,0.24,0.1034,1.186,Industrials,Aerospace & Defense,398801399.0,395216174.0,14.33,10.046367,10.496,34.25,0.00874,0.93307996,3.45,2025-12-31,2026-12-31
IBKR,35.9881,28.462301,6.921316,1.46,0.24018998,0.022839999,205.748,1.093,1.093,0.16474001,0.76532996,0.93036,0.263,0.353,2.52,3.18632,154519044096.0,-27644340224.0,0.39,0.13,1.349,Financial Services,Capital Markets,453077771.0,439168671.0,13.103,22.607029,-4.045,,0.026659999,0.88549006,2.4,2025-12-31,2026-12-31
IBM,20.368235,17.439816,6.277346,2.17,0.34460998,0.053039998,188.97,0.791,0.609,0.15522,0.16548,0.58098,0.011,-0.018,11.27,13.16241,216266948608.0,273495949312.0,2.94,0.5977,0.708,Technology,Information Technology Services,942134390.0,940193593.0,36.568,3.1299944,3.958,16.603,0.00105,0.66607004,4.02,2025-12-31,2026-12-31
ICE,21.928068,17.665781,2.9514391,2.15,0.14094,0.02172,69.226,1.012,0.024,0.38246,0.52626,1.0,0.048,0.142,7.09,8.80063,87280001024.0,106840997888.0,1.34,0.2821,0.934,Financial Services,Financial Data & Stock Exchanges,561394487.0,557537707.0,52.676,8.266717,10.119,15.913,0.00813,0.96656996,1.51,2025-12-31,2026-12-31
IDXX,35.98101,30.565063,25.025679,2.8,0.74211,0.27085,67.971,1.172,0.729,0.25030002,0.3498,0.62446,0.097,0.176,14.22,16.7397,40308359168.0,41207504896.0,,0.0,1.538,Healthcare,Diagnostics & Research,78781116.0,78499867.0,20.445,8.852709,9.05,25.41,0.0022,0.96739995,3.41,2025-12-31,2026-12-31
IEX,32.143677,23.241608,4.1305714,1.7,0.12955,0.0684,47.06,3.049,2.01,0.1449,0.2217,0.4473,0.064,0.109,6.96,9.62584,16492615680.0,17755414528.0,1.31,0.5165,0.972,Industrials,Specialty Industrial Machinery,73719896.0,73506846.0,54.162,4.6000657,4.952,18.348,0.00223,1.0537,3.29,2025-12-31,2026-12-31
IFF,,20.944153,1.5154449,1.71,-0.05548,0.0227,44.821,2.061,0.491,0.02569,0.08495,0.36583,0.018,-0.916,-3.09,3.96101,21167241216.0,26910240768.0,1.93,0.4954,0.953,Basic Materials,Specialty Chemicals,255149963.0,254448301.0,54.743,1.9633839,2.496,14.082,0.00113,1.09576,10.32,2025-12-31,2026-12-31
INCY,15.9834175,14.102783,3.9695258,10.82,0.30667,0.16832,0.603,4.593,4.314,0.27706,0.41899,0.55659,0.377,0.377,7.84,8.88548,25400053760.0,20902582272.0,,0.0,0.77,Healthcare,Biotechnology,202697746.0,170560018.0,31.568,4.3646226,3.592,10.762,0.01845,1.03447,6.93,2025-12-31,2026-12-31
INTC,,52.66527,6.256121,1.36,-0.10715,0.0141199995,48.997,1.604,1.157,-0.19794,0.12189999,0.38873002,0.254,,-2.09,2.06208,574070980608.0,584189411328.0,,0.0,2.231,Technology,Semiconductors,5286105262.0,4619496960.0,17.359,10.06577,10.243,34.691,0.13988,0.62532,1.51,2025-12-27,2026-12-27
INTU,21.372053,13.2866535,4.819119,0.9,0.22496,0.09465,33.448,1.453,0.624,0.21907,0.46974,0.80793,0.104,0.107,16.96,27.28076,99148955648.0,99268960256.0,1.37,0.2831,0.959,Technology,Software - Application,273537000.0,267196412.0,75.215,4.7383013,4.744,15.487,0.02355,0.9432,2.78,2025-07-31,2026-07-31
INTU,18.419807,11.196379,4.284523,0.96,0.23596,0.1047,44.34,1.507,0.782,0.21289,0.17638999,0.80982,0.137,-0.014,16.46,27.07929,81023287296.0,82244280320.0,1.82,0.2916,0.976,Technology,Software - Application,267236000.0,260873111.0,70.764,3.7776618,3.835,12.008,0.024130002,0.93546,1.98,2026-07-31,2027-07-31
INVH,24.688072,37.85396,1.755267,13.14,0.070539996,0.02479,94.425,0.43,0.142,0.23197001,0.25115,0.56262,0.101,0.605,1.09,0.71089,15893670912.0,24404502528.0,4.46,1.0917,0.831,Real Estate,REIT - Residential,590623226.0,536817450.0,15.331,5.580635,8.569,16.266,0.00341,1.02756,3.72,2025-12-31,2026-12-31
IP,,11.4852295,1.2648815,1.58,-0.16479,0.01591,68.509,1.098,0.682,-0.14205,0.02298,0.29608,-0.022,,-5.39,3.00647,18286047232.0,27463049216.0,5.36,1.5812,0.883,Consumer Cyclical,Packaging & Containers,529569895.0,527165648.0,27.299,0.75552815,1.135,6.981,0.00241,1.02553,11.64,2025-12-31,2026-12-31
IQV,33.095654,18.425283,7.106239,0.97,0.22818,0.05061,257.975,0.706,0.62,0.08096,0.13027,0.32968,0.087,-0.006,8.05,14.45948,43852734464.0,58157731840.0,,0.0,1.186,Healthcare,Diagnostics & Research,164600000.0,156249842.0,37.491,2.5821548,3.424,19.081,0.01086,1.03413,3.0,2025-12-31,2026-12-31
IR,55.567566,21.346788,3.1625903,0.78,0.057150003,0.0512,48.353,2.227,1.426,0.075440004,0.17069,0.43222,0.076,0.065,1.48,3.85257,32183539712.0,35907842048.0,0.1,0.0541,1.168,Industrials,Specialty Industrial Machinery,391336834.0,390088469.0,26.004,4.1360106,4.615,17.76,0.00209,1.07116,3.78,2025-12-31,2026-12-31
IRM,134.58696,46.281277,-30.318314,2.7,,0.04557,,0.769,0.63,0.03758,0.20955999,0.55018,0.216,8.6,0.92,2.67538,36839505920.0,56645783552.0,2.79,3.5848,1.219,Real Estate,REIT - Specialty,297524681.0,294692246.0,-4.084,5.0845675,7.818,23.123,0.008909999,0.87889,4.78,2025-12-31,2026-12-31
ISRG,59.544415,41.061413,9.34793,2.41,0.16690001,0.09392,0.953,4.875,3.77,0.28375998,0.30155,0.65996003,0.188,0.166,7.88,11.42703,166649167872.0,160984350720.0,,0.0,1.679,Healthcare,Medical Instruments & Supplies,355169692.0,352939083.0,50.194,16.557787,15.995,45.246,0.00556,0.89108,4.19,2025-12-31,2026-12-31
IT,13.852767,9.160051,150.09636,0.58,0.94878,0.09377,5293.41,0.939,0.804,0.1144,0.20499,0.68987,-0.015,0.173,10.12,15.3045,9385985024.0,11074213888.0,,0.0,0.963,Technology,Information Technology Services,66951889.0,60946305.0,0.934,1.4497662,1.711,8.283,0.035439998,1.18378,7.81,2025-12-31,2026-12-31
ITW,24.3819,21.72607,26.512499,2.5,1.04618,0.16924,334.853,1.109,0.74,0.19393998,0.26900998,0.44162,0.061,0.101,11.05,12.40077,76730818560.0,85586812928.0,2.55,0.5833,0.997,Industrials,Specialty Industrial Machinery,284800000.0,257732608.0,10.162,4.6591063,5.197,17.808,0.0037200002,0.86816,8.85,2025-12-31,2026-12-31
IVZ,,9.267454,1.347921,0.9,-0.01535,0.02683,14.829,0.822,0.822,-0.03692,0.191,0.28915,0.141,0.35,-1.47,3.19721,13134878720.0,17812480000.0,2.9,0.5646,1.597,Financial Services,Asset Management,443296629.0,358228006.0,21.982,1.9924275,2.702,13.417,0.00603,0.97240996,3.13,2025-12-31,2026-12-31
J,47.641193,17.363192,5.145317,0.43,0.07998,0.04551,124.734,1.287,1.25,0.0238,0.07387,0.22067,0.345,-0.254,3.01,8.25885,16783335424.0,19645046784.0,1.0,0.4518,0.679,Industrials,Engineering & Construction,117038611.0,116280201.0,27.87,1.1803278,1.382,18.595,0.00519,0.94803,3.75,2025-09-26,2026-09-26
JBHT,33.368946,23.331953,6.0155106,1.69,0.18448,0.0738,38.373,1.255,1.014,0.05311,0.07423,0.18505,0.194,0.458,7.02,10.03988,21999572992.0,23398750208.0,0.77,0.2532,1.289,Industrials,Integrated Freight & Logistics,93914939.0,73231113.0,38.941,1.7320712,1.842,13.978,0.20436001,0.78829,3.37,2025-12-31,2026-12-31
JBL,37.44625,17.793272,23.735838,0.82,0.65876,0.05011,297.136,0.981,0.448,0.02566,0.05211,0.092259996,0.118,0.276,8.0,16.83614,31391068160.0,33978068992.0,0.11,0.0401,1.292,Technology,Electronic Components,104787089.0,102784608.0,12.621,0.9345361,1.012,14.175,0.01192,0.99167997,3.07,2025-08-31,2026-08-31
JCI,40.360565,23.59404,6.4375253,1.64,0.14332,0.05402,70.107,1.0,0.675,0.14319,0.15875,0.36651,0.093,0.153,3.55,6.07272,86790635520.0,95657639936.0,1.12,0.45069999,1.304,Industrials,Building Products & Equipment,605741470.0,603803097.0,22.257,3.4723198,3.827,22.117,0.0017200001,0.92209,3.32,2025-09-30,2026-09-30
JKHY,23.36103,20.885046,5.439141,2.03,0.24892001,0.13664,6.398,1.744,1.008,0.20637,0.24369,0.44057,0.087,0.125,6.98,7.8075,11585541120.0,10995309568.0,1.59,0.32819998,0.553,Technology,Information Technology Services,71050780.0,70572608.0,29.979,4.605317,4.371,15.369,0.00599,1.0165,3.88,2025-06-30,2026-06-30
JKHY,22.184814,19.71775,5.287871,1.89,0.24040002,0.12989001,3.793,1.167,0.734,0.19760999,0.22503,0.43897998,0.047,-0.104,6.98,7.85333,10856937472.0,10922702848.0,1.58,0.341,0.564,Technology,Information Technology Services,70112608.0,69628831.0,29.284,4.2670956,4.293,15.555,0.0061000003,1.0263,4.49,2026-06-30,2027-06-30
JNJ,31.357723,22.243368,7.65191,2.83,0.25742,0.08595,57.709,1.089,0.725,0.21482,0.2919,0.6814,0.066,-0.009,8.61,12.138,650648485888.0,678926548992.0,1.99,0.6079,0.235,Healthcare,Drug Manufacturers - General,2409898597.0,2405994561.0,35.284,6.6440835,6.933,19.469,0.00053,0.76726997,3.32,2025-12-28,2026-12-28
JPM,14.994426,13.993524,2.6289594,1.63,0.17789,0.0136,,,,0.34921002,0.50394,0.0,0.304,0.469,23.32,24.98799,929488044032.0,767415943168.0,1.89,0.2571,0.975,Financial Services,Banks - Diversified,2658186195.0,2643991481.0,133.007,4.9884505,4.119,,0.00391,0.75688004,4.65,2025-12-31,2026-12-31
KDP,31.272726,12.21456,1.683066,0.96,0.051,0.03378,99.649,0.479,0.2,0.07103,0.12888,0.50956,0.756,-0.9,0.99,2.53468,42131169280.0,82747170816.0,2.97,0.9293,0.414,Consumer Defensive,Beverages - Non-Alcoholic,1360826038.0,1354389331.0,18.395,2.0971215,4.119,17.214,0.049879998,1.09474,6.67,2025-12-31,2026-12-31
KEY,12.16959,9.739364,1.2896628,1.36,0.1033,0.0107700005,,,,0.2754,0.3471,0.0,0.101,0.253,1.71,2.13669,22206945280.0,37209944064.0,3.94,0.4795,1.023,Financial Services,Banks - Regional,1067128554.0,1062603929.0,16.136,3.0127454,5.048,,0.00298,0.90213996,0.0,2025-12-31,2026-12-31
KEYS,45.27027,24.150114,8.682131,0.66,0.20897,0.072270006,42.094,2.024,1.43,0.19143,0.25677,0.63278997,0.365,1.091,7.4,13.87157,57031991296.0,57192988672.0,,0.0,1.208,Technology,Scientific & Technical Instruments,170244745.0,169107510.0,38.585,8.664842,8.689,33.683,0.0058099995,0.92964995,2.02,2025-10-31,2026-10-31
KHC,,12.350451,0.7321489,0.99,-0.12576,0.03467,50.258,1.195,0.716,-0.23049,0.20738001,0.33973998,0.008,0.136,-4.86,2.09547,30687924224.0,47855927296.0,6.18,0.7306,0.077,Consumer Defensive,Packaged Foods,1185777638.0,855929872.0,35.348,1.2280083,1.915,8.305,0.2778,0.64989,6.49,2025-12-27,2026-12-27
KIM,26.197676,25.602274,1.4710108,3.37,0.05806,0.023740001,84.993,0.971,0.97,0.27759,0.36565,0.68933,0.049,-0.058,0.86,0.88,15112885248.0,23426789376.0,4.97,1.1977,0.956,Real Estate,REIT - Retail,670789373.0,654113549.0,15.316,6.909904,10.711,17.586,0.022079999,1.0417,6.94,2025-12-31,2026-12-31
KKR,31.568687,13.336176,3.1121259,0.42,0.0728,0.01386,69.812,0.856,0.817,0.12201,0.2065,0.54767,0.078,0.4,3.13,7.40917,91259977728.0,149249032192.0,0.79,0.23959999,1.791,Financial Services,Asset Management,897635601.0,690577997.0,31.75,3.5326738,5.777,,0.23047,0.62389,2.87,2025-12-31,2026-12-31
KLAC,60.269123,41.513813,47.6911,2.27,0.94975996,0.21282,105.4,3.026,1.963,0.35661998,0.41215,0.61446,0.115,0.118,3.53,5.1248,277910061056.0,279097475072.0,0.43,0.2152,1.407,Technology,Semiconductor Equipment & Materials,1306275210.0,1303166275.0,4.461,21.219917,21.311,47.707,0.00085,0.94637,2.34,2025-06-30,2026-06-30
KLAC,48.357925,26.395184,36.43269,1.69,0.87496,0.20799999,96.88,2.876,1.841,0.35574,0.42486,0.61301,0.152,0.138,3.66,6.70539,231245725696.0,232495022080.0,0.52,0.2186,1.444,Technology,Semiconductor Equipment & Materials,1306546783.0,1303476398.0,4.858,17.02906,17.121,38.399,0.00124,0.93846,3.03,2026-06-30,2027-06-30
KMB,19.339922,13.081558,18.597492,2.0,1.04913,0.10195,348.933,0.909,0.403,0.1179,0.19002001,0.37612998,0.006,-0.323,5.06,7.48076,32546185216.0,38253182976.0,5.23,1.0040001,0.273,Consumer Defensive,Household & Personal Products,332579038.0,331308586.0,5.262,1.9627419,2.307,10.989,0.00709,0.99244004,14.47,2025-12-31,2026-12-31
KMI,20.541937,20.591755,2.2395723,3.25,0.109910004,0.04453,98.619,0.458,0.293,0.19305,0.30065,0.49407002,0.108,0.212,1.55,1.54625,70901383168.0,104483381248.0,3.71,0.7581,0.551,Energy,Oil & Gas Midstream,2226802089.0,1935692252.0,14.217,3.9479582,5.818,13.685,0.12699,0.70822,4.64,2025-12-31,2026-12-31
KO,26.501503,25.025663,10.504702,4.01,0.42054,0.09401,115.519,1.305,0.798,0.28558,0.34873,0.61888003,0.067,0.169,3.33,3.52638,379699953664.0,409754959872.0,2.4,0.6246,0.342,Consumer Defensive,Beverages - Non-Alcoholic,4302549243.0,3874015338.0,8.401,7.574457,8.174,24.106,0.098950006,0.68241,2.71,2025-12-31,2026-12-31
KR,32.43243,10.884748,6.1168313,0.59,0.14442,0.05801,413.24,0.702,0.21,0.0072600003,0.029779999,0.23900999,0.02,0.136,1.85,5.5123,35760001024.0,58241998848.0,2.6,0.7568,0.406,Consumer Defensive,Grocery Stores,596000000.0,593276280.0,9.809,0.23947604,0.39,7.241,0.0687,0.84699994,4.8,2026-01-31,2027-01-31
KVUE,20.95294,14.365104,3.2405386,1.41,0.15581,0.06992,81.617,1.005,0.611,0.107609995,0.19418,0.58437,0.03,0.085,0.85,1.23981,34208974848.0,41711976448.0,4.72,0.97650003,0.426,Consumer Defensive,Household & Personal Products,1920773467.0,1918142007.0,5.496,2.2202086,2.707,11.983,0.00071999995,0.95919,3.4,2025-12-28,2026-12-28
L,13.223313,37.162067,1.1523985,1.32,0.09313,0.01909,44.609,0.507,0.507,0.09024,0.14533,0.36290002,0.039,0.156,8.15,2.9,22031173632.0,25487175680.0,0.23,0.0307,0.507,Financial Services,Insurance - Property & Casualty,204427720.0,164423259.0,93.518,1.1785157,1.363,7.874,0.20066,0.6186,7.81,2025-12-31,2026-12-31
LDOS,11.9225025,10.014667,3.0325847,2.46,0.27781,0.089099996,123.276,1.629,1.154,0.07803,0.11715999,0.17795,0.072,-0.067,10.71,12.7503,16024099840.0,21906100224.0,1.35,0.1578,0.572,Technology,Information Technology Services,125492209.0,124554782.0,42.106,0.9087047,1.242,9.197,0.0055400003,0.84738,2.44,2026-01-02,2027-01-02
LEN,14.475378,14.1423645,0.85157824,11.3,0.05962,0.03402,27.736,11.392,1.056,0.04092,0.05766,0.16014999,-0.087,-0.48,5.28,5.40433,18411616256.0,23176855552.0,2.62,0.3788,1.398,Consumer Cyclical,Residential Construction,210506003.0,198500107.0,89.751,0.5758475,0.725,11.597,0.08234999,0.98,0.19,2025-11-30,2026-11-30
LH,26.52688,16.165861,3.0145316,1.25,0.11728,0.05527,79.124,1.796,1.246,0.069860004,0.1224,0.28882998,0.058,0.282,12.09,19.83872,26009579520.0,32707180544.0,0.9,0.2382,0.851,Healthcare,Diagnostics & Research,81100000.0,80717208.0,106.388,1.8127669,2.28,14.099,0.0034999999,1.0192701,3.45,2025-12-31,2026-12-31
LHX,25.004044,18.264566,2.3153844,1.23,0.0934,0.04384,52.753,1.184,0.839,0.08172,0.12566,0.25484,0.084,0.283,9.89,13.53933,46049013760.0,57463013376.0,2.02,0.49490002,0.506,Industrials,Aerospace & Defense,186214616.0,185233265.0,106.803,2.0080678,2.506,13.873,0.00454,0.89255995,2.36,2026-01-02,2027-01-02
LII,15.951599,13.743739,9.57028,0.91,0.71757007,0.15994,156.082,1.569,0.674,0.14871,0.22856002,0.33330002,0.03,0.001,22.52,26.13772,12415232000.0,14387830784.0,1.51,0.2337,1.184,Industrials,Building Products & Equipment,34560675.0,31233864.0,37.536,2.3415248,2.714,12.289,0.095970005,0.79160005,3.61,2025-12-31,2026-12-31
LIN,29.664948,23.543587,5.430654,1.78,0.18400998,0.07164,68.947,0.879,0.68,0.20435,0.28119,0.48348,0.093,0.113,15.52,19.55522,212235255808.0,236899270656.0,1.39,0.4,0.727,Basic Materials,Specialty Chemicals,460980163.0,459412830.0,84.778,5.987059,6.683,17.139,0.0024899999,0.88677,2.47,2025-12-31,2026-12-31
LITE,128.11539,40.041878,17.671087,0.63,0.22834998,0.028900001,111.445,1.137,0.938,0.17678,0.21771,0.40837002,0.901,,5.72,18.30134,57013395456.0,52684595200.0,,0.0,1.482,Technology,Communication Equipment,77800000.0,71165118.0,41.47,22.911669,21.172,103.547,0.00774,1.05404,1.58,2025-06-28,2026-06-28
LITE,,23.448614,17.760712,0.63,-2.40027,0.05815,35.987,1.678,1.318,-2.3009598,0.27954,0.44244,1.093,,-93.0,39.7,83502620672.0,82435424256.0,,0.0,1.541,Technology,Communication Equipment,89700000.0,89059542.0,52.414,27.704916,27.351,102.954,0.00601,0.94247,1.45,2026-06-27,2027-06-27
LLY,38.753952,24.352015,30.338669,1.14,1.02286,0.20357001,162.071,1.355,0.679,0.33528998,0.54222,0.83399004,0.477,0.262,29.75,47.34434,1028115464192.0,1073630281728.0,0.6,0.2169,0.502,Healthcare,Drug Manufacturers - General,891741406.0,888950401.0,38.002,12.905322,13.477,25.742,0.0015700001,0.85319,2.76,2025-12-31,2026-12-31
LMT,19.68192,16.284359,13.991396,1.01,0.89165,0.08638,234.238,1.193,0.974,0.08163,0.119569995,0.11798,0.105,4.438,27.1,32.75413,123099168768.0,139846172672.0,2.59,0.5033,0.104,Industrials,Aerospace & Defense,230790753.0,197395331.0,38.122,1.5983999,1.816,14.447,0.0011100001,0.76658,2.66,2025-12-31,2026-12-31
LNT,20.761076,17.799925,2.2592812,2.02,0.11135,0.02448,160.951,0.466,0.173,0.18447,0.19053,0.44502,0.01,-0.04,3.16,3.68569,17010373632.0,29103372288.0,3.26,0.65980005,0.532,Utilities,Utilities - Regulated Electric,259284699.0,258439431.0,29.038,3.8406804,6.571,15.912,0.00154,0.99120003,10.22,2025-12-31,2026-12-31
LOW,16.2576,14.774964,-14.5198765,2.28,,0.12519,,1.105,0.209,0.073460005,0.13365,0.32994,0.083,0.0,11.84,13.02812,107997290496.0,146856280064.0,2.6,0.41,0.846,Consumer Cyclical,Home Improvement Retail,561054019.0,559797258.0,-13.257,1.1942376,1.624,11.537,0.0010899999,0.81348,3.09,2026-01-30,2027-01-30
LRCX,59.224953,38.766644,37.015594,1.81,0.66762,0.22778,35.282,2.536,1.695,0.30938998,0.35042998,0.49979,0.238,0.408,5.29,8.08169,391803895808.0,390787432448.0,0.33,0.1909,1.805,Technology,Semiconductor Equipment & Materials,1250571000.0,1245593727.0,8.464,18.070599,18.024,49.796,0.0027599998,0.88758004,2.12,2025-06-29,2026-06-29
LRCX,50.019093,24.726564,28.90639,1.34,0.65066004,0.22840999,33.049,2.629,1.839,0.31272,0.37390998,0.50469,0.3,0.348,5.76,11.65184,360518057984.0,359060471808.0,0.46,0.18059999,1.859,Technology,Semiconductor Equipment & Materials,1251321000.0,1246478388.0,9.967,15.517706,15.455,41.552,0.00279,0.88834,3.34,2026-06-28,2027-06-28
LULU,8.070782,11.162577,2.2857807,1.07,0.30898002,0.14401,44.689,2.19,0.866,0.12782,0.13212,0.54895,-0.043,-0.059,12.15,8.78471,10856224768.0,11607615488.0,,0.0,0.864,Consumer Cyclical,Apparel Retail,105594064.0,101712621.0,42.9,0.97857124,1.046,4.869,0.04541,0.8076,4.09,2026-02-01,2027-02-01
LUV,25.6125,8.752838,2.8308926,0.19,0.11099,0.02318,97.275,0.489,0.378,0.02783,0.033800002,0.22399001,0.164,0.205,1.6,4.68191,20047751168.0,23145752576.0,1.76,0.45,1.12,Industrials,Airlines,489208201.0,484125328.0,14.476,0.6666362,0.77,9.9,0.01018,0.93819,6.29,2025-12-31,2026-12-31
LVS,15.496124,11.387718,44.57079,0.85,1.22869,0.09549,1703.902,0.997,0.927,0.12588,0.19658001,0.79335,-0.007,-0.198,2.58,3.5108,25895092224.0,38117765120.0,3.0,0.4264,0.819,Consumer Cyclical,Resorts & Casinos,647701184.0,290692811.0,0.897,1.887535,2.778,8.217,0.61711,0.42655,3.7,2025-12-31,2026-12-31
LW,21.967134,15.530146,3.558987,1.06,0.17355,0.06337,220.065,1.461,0.573,0.04607,0.109280005,0.2066,0.029,-0.622,2.13,3.01285,6460426240.0,10423726080.0,3.25,0.69949996,0.455,Consumer Defensive,Packaged Foods,138072803.0,136751446.0,13.147,0.99116695,1.599,8.941,0.030669998,0.98837996,5.02,2025-05-25,2026-05-25
LW,22.4375,13.833312,3.5153658,0.76,0.16280001,0.060310002,221.223,1.423,0.599,0.043860003,0.097729996,0.20678,0.056,-0.062,2.08,3.37374,6416338432.0,10385138688.0,3.26,0.72120005,0.461,Consumer Defensive,Packaged Foods,137483158.0,136106201.0,13.276,0.9703641,1.571,9.404,0.028870001,0.97819,4.93,2026-05-31,2027-05-31
LYB,,9.618745,1.874565,1.53,-0.02269,0.04112,132.759,1.641,0.931,-0.01132,0.17924999,0.12888,0.198,3.96,-0.83,6.43847,20005740544.0,31809740800.0,4.46,11.468101,0.353,Basic Materials,Specialty Chemicals,323037952.0,257697065.0,33.037,0.64137405,1.02,8.915,0.20121999,0.76132005,3.39,2025-12-31,2026-12-31
LYV,,88.51226,468.12323,4.36,0.17677,0.02101,620.214,0.852,0.681,0.00513,0.06696,0.25777,0.094,1.562,-1.1,1.8881,38932189184.0,42879791104.0,,0.0,1.116,Communication Services,Entertainment,232959505.0,157240677.0,0.357,1.4818588,1.632,27.65,0.32414,0.85557,12.42,2025-12-31,2026-12-31
MA,31.05714,24.54917,88.373985,1.48,2.41202,0.24063,439.583,1.061,0.666,0.46339,0.61108,1.0,0.141,0.221,18.2,23.02481,495155838976.0,508184854528.0,0.62,0.17930001,0.735,Financial Services,Credit Services,869464115.0,868353613.0,6.396,14.113839,14.485,22.89,0.00112,0.91177005,2.57,2025-12-31,2026-12-31
MAA,34.67347,36.2639,2.5391233,7.03,0.0705,0.03129,102.377,0.048,0.032,0.18173,0.25356,0.58392,0.01,0.137,3.43,3.27957,14148364288.0,19610531840.0,5.15,1.7807001,0.715,Real Estate,REIT - Residential,116021957.0,114758478.0,46.839,6.376639,8.838,15.84,0.00463,1.00084,4.69,2025-12-31,2026-12-31
MAR,35.08489,25.759928,-19.608887,1.7,,0.09761,,0.535,0.481,0.35029998,0.65276,0.79241997,0.111,0.043,9.66,13.15687,88378916864.0,105690906624.0,0.86,0.2836,1.104,Consumer Cyclical,Lodging,260766288.0,225304680.0,-17.284,11.967355,14.312,21.955,0.18083,0.63589,4.07,2025-12-31,2026-12-31
MAS,19.467823,16.690859,-65.541664,1.99,84.57143,0.15679,12229.63,1.751,1.033,0.109,0.16528,0.35682,0.065,0.2,4.04,4.71216,15866413056.0,19049412608.0,1.63,0.3094,1.282,Industrials,Building Products & Equipment,201734437.0,200838736.0,-1.2,2.0662081,2.481,13.156,0.00225,1.0560299,4.48,2025-12-31,2026-12-31
MCD,20.165718,17.759768,-171.67358,2.14,,0.1325,,1.081,0.823,0.3172,0.46485,0.57382,0.037,0.057,12.31,13.97766,175664939008.0,229446926336.0,3.11,0.5971,0.414,Consumer Cyclical,Restaurants,707641531.0,706580069.0,-1.446,6.3412366,8.283,15.368,0.0025600002,0.76341003,2.7,2025-12-31,2026-12-31
MCHP,,29.602236,6.496742,0.98,-0.010930001,0.011569999,82.382,2.162,0.927,-0.01574,0.13196,0.55407,0.156,,-0.3,2.66061,42619830272.0,47773728768.0,2.31,3.1772,1.474,Technology,Semiconductors,541135458.0,529565982.0,12.123,9.747468,10.926,48.754,0.02088,0.99924004,3.31,2025-03-31,2026-03-31
MCHP,107.74999,16.049856,6.167508,0.22,0.0719,0.03536,83.688,1.921,0.958,0.0934,0.23958,0.60194,0.38,,0.68,4.56515,39786246144.0,44912648192.0,2.48,2.6764998,1.736,Technology,Semiconductors,543008691.0,532751257.0,11.88,7.767262,8.768,29.82,0.01787,1.02586,3.4,2026-03-31,2027-03-31
MCK,24.996538,19.637754,-82.09798,1.05,,0.0433,,0.876,0.458,0.01091,0.01545,0.03453,0.114,0.38,34.66,44.11808,106934378496.0,113095680000.0,0.38,0.0883,0.423,Healthcare,Medical Distribution,122487456.0,122325773.0,-10.553,0.2687077,0.284,19.078,0.00096000003,0.91527003,3.18,2025-03-31,2026-03-31
MCK,23.474237,17.330372,-23.928925,1.65,,0.04743,,0.893,0.504,0.01117,0.01348,0.03633,0.077,-0.176,37.26,50.4692,101975760896.0,111546761216.0,0.43,0.088,0.307,Healthcare,Medical Distribution,116590363.0,116394491.0,-36.552,0.24812646,0.271,15.775,0.00062,0.93491995,2.78,2026-03-31,2027-03-31
MCO,29.770649,24.76148,26.827162,1.62,0.76932,0.15619999,240.682,1.19,1.043,0.34252,0.49473998,0.74974996,0.151,0.567,15.74,18.92415,81150877696.0,87415873536.0,0.88,0.25,1.334,Financial Services,Financial Data & Stock Exchanges,173180984.0,158522946.0,17.467,9.944961,10.713,21.568,0.14384,0.78913003,3.61,2025-12-31,2026-12-31
MDLZ,22.289377,18.100153,2.9250588,0.9,0.13340001,0.04123,82.643,0.599,0.311,0.08862001,0.21978001,0.31146,0.041,1.449,2.73,3.36185,77663346688.0,98059345920.0,3.42,0.73260003,0.402,Consumer Defensive,Confectioners,1276308057.0,1272670579.0,20.803,1.9574883,2.472,16.128,0.0023700001,0.89426005,4.47,2025-12-31,2026-12-31
MDT,21.949722,12.960858,2.058739,1.35,0.0939,0.04567,57.06,2.535,1.553,0.13,0.20007,0.65159,0.087,-0.118,3.58,6.06287,100887683072.0,120786681856.0,3.61,0.79050004,0.632,Healthcare,Medical Devices,1283884964.0,1281484099.0,38.169,2.843188,3.404,12.795,0.00298,0.89475995,1.7,2025-04-25,2026-04-25
MDT,22.692118,14.381246,2.3477395,1.66,0.106479995,0.05118,55.365,2.067,1.286,0.13934,0.19332,0.65271,0.137,0.407,4.06,6.40626,117846974464.0,137798975488.0,3.13,0.70199996,0.574,Healthcare,Medical Devices,1279137890.0,1276681945.0,39.242,3.1390703,3.671,13.24,0.0039399997,0.88662004,1.74,2026-04-24,2027-04-24
MET,18.590038,8.885975,2.2552757,0.51,0.13094,0.00451,179.933,2.027,1.705,0.04567,0.055180002,0.23951,0.105,0.058,5.22,10.92058,61666680832.0,85180678144.0,2.44,0.4397,0.759,Financial Services,Insurance - Life,635476927.0,531233292.0,43.028,0.77667797,1.073,14.103,0.16349001,0.78366995,3.58,2025-12-31,2026-12-31
META,25.06589,19.043377,6.493855,0.88,0.29848,0.14591,42.997,2.226,1.987,0.29834998,0.34827,0.81747,0.28,-0.134,26.56,34.95966,1696002211840.0,1718060318720.0,0.32,0.0791,1.243,Communication Services,Internet Content & Information,2205128509.0,2201758680.0,102.52,7.430557,7.527,15.668,0.00148,0.79014,1.77,2025-12-31,2026-12-31
MGM,22.915154,18.300623,3.7840276,0.47,0.18924999,0.01766,893.311,1.335,1.207,0.02398,0.067880005,0.44157,0.01,5.194,1.65,2.06605,9673735168.0,37773139968.0,,0.0,1.282,Consumer Cyclical,Resorts & Casinos,255851235.0,181282644.0,9.992,0.54464805,2.127,16.882,0.27876,0.68065,8.42,2025-12-31,2026-12-31
MKC,8.106489,14.782271,1.8724059,1.89,0.24728,0.05136,65.143,0.781,0.291,0.21912001,0.17422001,0.38853002,0.167,-0.142,6.01,3.29584,13098447872.0,18278447104.0,3.94,0.3095,0.634,Consumer Defensive,Packaged Foods,254055150.0,265496285.0,26.02,1.7734636,2.475,12.593,0.000120000004,0.96633005,0.0,2025-11-30,2026-11-30
MLM,31.94271,24.052727,2.5518281,1.92,0.08894,0.045679998,54.945,1.407,0.651,0.36737,0.20185,0.2823,0.21,-0.232,15.36,20.39852,34844950528.0,35705704448.0,0.68,0.2159,1.101,Basic Materials,Building Materials,71019382.0,50431879.0,192.27,5.21007,5.339,16.795,0.16148001,0.86120003,4.71,2025-12-31,2026-12-31
MMM,29.517794,16.953934,28.981482,1.56,0.81891996,0.087419994,437.937,1.24,0.811,0.11902001,0.20354,0.39408,0.025,0.328,5.62,9.78475,85553192960.0,93463191552.0,1.88,0.5364,1.074,Industrials,Conglomerates,515722417.0,514856003.0,5.724,3.3976645,3.712,14.406,0.00096000003,0.76693,3.51,2025-12-31,2026-12-31
MNST,41.398144,34.15219,9.353556,2.3,0.25704,0.17483999,0.992,3.729,3.099,0.23079,0.2918,0.55546004,0.202,0.18,1.08,1.30914,87589199872.0,84262879232.0,,0.0,0.515,Consumer Defensive,Beverages - Non-Alcoholic,1959051764.0,1812808550.0,4.78,9.500988,9.14,28.726,0.283,0.69583,4.15,2025-12-31,2026-12-31
MO,14.635789,11.855328,-43.504375,2.66,,0.29486,,0.518,0.344,0.38999,0.7612,0.87008005,0.012,-0.027,4.75,5.86403,116080590848.0,138340597760.0,6.39,0.8926,0.494,Consumer Defensive,Tobacco,1669743926.0,1666454530.0,-1.598,5.6779785,6.767,8.792,0.00117,0.65167,4.37,2025-12-31,2026-12-31
MOH,1254.9375,20.60437,2.5032413,0.93,-0.0016,0.0116,94.773,1.679,1.61,-0.00016000001,0.01398,0.08427,-0.057,-0.753,0.16,9.74502,10481238016.0,5519238144.0,,0.0,0.755,Healthcare,Healthcare Plans,52200000.0,47886714.0,80.212,0.24679738,0.13,14.152,0.014199999,1.1180301,5.08,2025-12-31,2026-12-31
MOS,158.07143,11.81054,0.5959016,2.02,0.0059399996,0.02,48.19,1.246,0.359,0.0036199999,0.00791,0.13307999,0.144,,0.14,1.87375,7033946112.0,12668446720.0,3.98,6.2857,0.825,Basic Materials,Agricultural Inputs,317846644.0,315901423.0,37.137,0.56590736,1.019,6.356,0.00341,0.94149,2.87,2025-12-31,2026-12-31
MPC,14.727556,9.791252,6.3030705,2.06,0.42099,0.087390006,133.328,1.25,0.857,0.05549,0.13561,0.12819,0.537,3.48,28.85,43.39486,119319642112.0,152486641664.0,0.94,0.1356,0.527,Energy,Oil & Gas Refining & Marketing,280824763.0,279987905.0,67.41,0.774069,0.989,9.904,0.00331,0.79488,3.01,2025-12-31,2026-12-31
MPWR,74.075424,34.9233,15.36288,0.91,0.21979,0.13573,0.486,4.975,3.529,0.24500999,0.30989,0.55195,0.476,0.858,16.44,34.8707,59846348800.0,58451517440.0,0.66,0.4344,1.664,Technology,Semiconductors,49143000.0,47357635.0,79.269,18.28398,17.858,58.435,0.03588,1.00728,2.9,2025-12-31,2026-12-31
MRK,16.355768,12.222726,5.601186,3.64,0.36882,0.12042,95.959,1.536,0.963,0.28078,0.32773998,0.77212,0.05,-0.193,7.28,9.74169,294387712000.0,330412720128.0,2.86,0.45049998,0.275,Healthcare,Drug Manufacturers - General,2469879206.0,2468386728.0,21.258,4.5282755,5.082,11.352,0.00064000004,0.81378996,2.69,2025-12-31,2026-12-31
MRNA,,-34.4691,9.090587,,-0.38998002,-0.13256,19.036,2.295,2.068,-1.41427,-5.5793104,-0.66023004,0.021,,-7.98,-4.46893,61498294272.0,57647296512.0,,0.0,1.106,Healthcare,Biotechnology,399235889.0,372187658.0,16.945,27.602467,25.874,-26.263,0.07322,0.8044,1.36,2025-12-31,2026-12-31
MRSH,21.368742,15.337802,5.508829,1.54,0.25902998,0.07244,145.027,1.139,0.528,0.14241,0.26323998,0.43994,0.062,0.073,8.19,11.41037,83516743680.0,104448745472.0,2.26,0.4396,0.577,Financial Services,Insurance Brokers,477211268.0,476271162.0,31.769,2.9883974,3.737,13.463,0.00079,0.94158,3.41,2025-12-31,2026-12-31
MRVL,80.610565,36.127113,11.74053,1.3,0.16523,0.04125,28.525,3.168,2.461,0.27934998,0.16679001,0.52216,0.365,0.5,3.03,6.76085,219508604928.0,215536123904.0,0.1,0.0795,2.253,Technology,Semiconductors,876926613.0,873865926.0,20.804,23.227686,22.807,75.619,0.00494,0.81843,1.54,2026-01-31,2027-01-31
MS,16.36349,14.849326,2.9878614,1.78,0.17969999,0.01345,517.282,1.999,1.603,0.25897,0.41567,0.87641,0.28,0.624,12.38,13.64237,318165319680.0,197446320128.0,2.27,0.3231,1.207,Financial Services,Capital Markets,1570566292.0,1190065196.0,67.801,4.0880575,2.537,,0.24410999,0.63207,0.0,2025-12-31,2026-12-31
MSCI,30.211477,24.574894,-14.944856,1.88,,0.21134001,,0.894,0.77,0.40735,0.56298,0.82975,0.122,0.196,18.3,22.49735,40193650688.0,46385147904.0,1.48,0.42099997,1.219,Financial Services,Financial Data & Stock Exchanges,72700000.0,69021380.0,-36.994,12.056556,13.914,23.638,0.03596,0.95662004,1.97,2025-12-31,2026-12-31
MSFT,23.469606,20.324642,7.0606165,1.21,0.34013999,0.14814,30.271,1.283,1.142,0.39341998,0.46326,0.68309,0.183,0.234,16.78,19.37648,2925466222592.0,2972670230528.0,0.92,0.20729999,1.13,Technology,Software - Infrastructure,7428434704.0,7417366336.0,55.777,9.191689,9.34,16.116,0.00078,0.76155996,1.84,2025-06-30,2026-06-30
MSFT,27.47802,20.929373,8.289767,1.6,0.34039003,0.14088,29.118,1.23,1.099,0.40305,0.45111,0.67944,0.177,0.317,17.97,23.59268,3666585845760.0,3718555893760.0,0.79,0.1983,1.108,Technology,Software - Infrastructure,7425545491.0,7414407173.0,59.565,11.049291,11.206,19.144,0.00091,0.75795996,2.49,2026-06-30,2027-06-30
MSI,36.087334,23.703876,28.409414,2.02,0.91567004,0.1125,357.85,1.099,0.778,0.17438999,0.27354,0.52112,0.133,0.095,12.71,19.35,75907039232.0,84832034816.0,1.06,0.3719,0.881,Technology,Communication Equipment,165493788.0,164724242.0,16.145,6.203076,6.932,22.574,0.0039500003,0.91713995,3.3,2025-12-31,2026-12-31
MTB,12.033351,10.780415,1.291314,1.39,0.10742,0.01408,,,,0.32092,0.45108002,0.0,0.062,0.255,18.89,21.08546,32827258880.0,36266262528.0,2.64,0.3176,0.563,Financial Services,Banks - Regional,144416262.0,143741838.0,176.03,3.4734166,3.837,,0.0032300001,0.92437,6.02,2025-12-31,2026-12-31
MTCH,15.31915,9.437384,-41.901066,0.36,,0.17361,,1.724,1.563,0.20169,0.28771,0.74872,-0.012,0.504,2.82,4.57754,10077114368.0,13001034752.0,1.85,0.2766,1.323,Communication Services,Internet Content & Information,233266526.0,227911991.0,-1.031,2.871529,3.705,10.935,0.0076200003,1.09447,2.99,2025-12-31,2026-12-31
MTD,31.34444,26.933218,2175.5,2.59,,0.21098,16668.447,1.122,0.66,0.21907,0.312,0.60256,0.045,0.183,44.42,51.69527,27897303040.0,29983313920.0,,0.0,1.22,Healthcare,Diagnostics & Research,20036559.0,19926959.0,0.64,6.748463,7.253,23.503,0.00438,1.05411,3.6,2025-12-31,2026-12-31
MU,22.9352,6.489501,11.385978,0.15,0.66638,0.3487,6.33,3.425,2.927,0.55906,0.80370003,0.72569,3.457,13.685,44.29,156.52975,1147237564416.0,1127591575552.0,0.05,0.0112,2.222,Technology,Semiconductors,1129393151.0,1125541920.0,89.215,12.708394,12.491,16.528,0.00238,0.79899,0.95,2025-08-28,2026-08-28
NCLH,8.557576,8.344118,2.5200784,1.18,0.3673,0.042529996,621.051,0.2,0.078,0.07492,0.14042,0.42457,0.049,6.163,1.65,1.69221,6483732480.0,22244452352.0,,0.0,1.881,Consumer Cyclical,Travel Services,459187846.0,455349036.0,5.603,0.6385205,2.191,8.575,0.00546,1.04469,6.17,2025-12-31,2026-12-31
NDAQ,27.271137,19.989656,4.385167,1.73,0.16521999,0.058530003,77.687,1.006,0.386,0.35037,0.49333,1.0,0.149,0.141,3.43,4.67942,52286742528.0,61053743104.0,1.24,0.32650003,0.974,Financial Services,Financial Data & Stock Exchanges,558977372.0,496522830.0,21.331,9.313634,10.875,18.209,0.10998999,0.87126,2.25,2025-12-31,2026-12-31
NDSN,31.535425,23.998566,5.3086505,1.78,0.17763,0.084709994,55.619,1.823,1.047,0.18631001,0.27403998,0.55391,0.103,0.23,9.88,12.98286,17354252288.0,19058538496.0,1.21,0.33200002,0.972,Industrials,Specialty Industrial Machinery,55699366.0,49635376.0,58.691,5.8239756,6.396,19.896,0.0559,0.78323996,3.9,2025-10-31,2026-10-31
NEE,18.083147,18.30457,2.938148,1.62,0.11677,0.024430001,161.676,0.534,0.348,0.32401,0.31524,0.61024,0.124,0.531,4.45,4.39617,167858667520.0,286208589824.0,3.1,0.53470004,0.644,Utilities,Utilities - Regulated Electric,2085978209.0,2081172706.0,27.388,5.848734,9.972,19.613,0.00118,0.87016,0.0,2025-12-31,2026-12-31
NEM,15.542822,12.1026745,3.7082334,2.78,0.25905,0.15755,15.807,2.546,1.949,0.33363998,0.51569,0.68041,0.151,0.114,7.94,10.19692,130036170752.0,126796161024.0,0.84,0.1286,0.543,Basic Materials,Gold,1053692271.0,1051332000.0,33.28,5.0466166,4.921,7.433,0.0030500002,0.81634,2.1,2025-12-31,2026-12-31
NFLX,22.575472,18.799002,9.914376,1.23,0.49541,0.16084999,55.236,1.142,0.917,0.28219,0.33381,0.49118,0.134,0.111,3.18,3.81882,298929225728.0,306455969792.0,,0.0,1.526,Communication Services,Entertainment,4163939676.0,4134708819.0,7.241,6.1799564,6.336,20.809,0.0057200002,0.84012,3.1,2025-12-31,2026-12-31
NI,21.585108,18.010342,2.0322516,2.09,0.085489996,0.032420002,146.649,0.498,0.218,0.13153,0.17156,0.50971,0.046,-0.584,1.88,2.25315,19460548608.0,39153348608.0,2.96,0.617,0.54,Utilities,Utilities - Regulated Gas,479560100.0,477732976.0,19.968,2.8279514,5.69,12.939,0.00347,0.98119,2.38,2025-12-31,2026-12-31
NKE,29.736843,24.892061,4.747899,1.58,0.16016,0.05195,79.333,2.139,1.239,0.04836,0.06942,0.40919998,0.001,-0.348,1.52,1.81584,66936094720.0,69820153856.0,3.64,1.0658001,1.116,Consumer Cyclical,Footwear & Accessories,1199499281.0,1174269373.0,9.52,1.4387743,1.501,18.069,0.0146,0.82535005,2.4,2025-05-31,2026-05-31
NKE,16.909523,15.515018,3.5424979,1.38,0.22138001,0.06971,74.289,1.961,1.192,0.066989996,0.12687,0.43245,-0.011,4.28,2.1,2.28875,52679036928.0,54695038976.0,4.62,0.77620006,1.11,Consumer Cyclical,Footwear & Accessories,1202110951.0,1176666666.0,10.024,1.135373,1.179,11.097,0.019550001,0.82558995,2.79,2026-05-31,2027-05-31
NOC,16.747856,17.319885,4.1893587,3.49,0.26958,0.07148,95.348,1.168,1.014,0.104820006,0.11604,0.2006,0.051,-0.058,31.49,30.44997,74922622976.0,89667616768.0,1.87,0.2988,-0.11,Industrials,Aerospace & Defense,142063026.0,141607004.0,125.888,1.7467737,2.091,12.359,0.00266,0.84486,3.63,2025-12-31,2026-12-31
NOW,84.66875,27.064177,11.190319,0.98,0.14244,0.04249,67.538,0.701,0.565,0.11336,0.04063,0.74768996,0.24,-0.219,1.6,5.00551,140057280512.0,143846277120.0,,0.0,0.972,Technology,Software - Application,1033862000.0,1031298022.0,12.106,9.50701,9.764,49.654,0.0017499999,0.84832,1.62,2025-12-31,2026-12-31
NRG,143.45557,11.24027,6.503299,0.6,0.062480003,0.022449998,479.237,0.838,0.334,0.00738,0.03637,0.16445999,0.195,-0.856,0.9,11.48638,27240462336.0,51070464000.0,1.47,1.9725,1.201,Utilities,Utilities - Independent Power Producers,210986470.0,210110876.0,19.853,0.84117043,1.577,22.618,0.044109996,0.95342004,2.94,2025-12-31,2026-12-31
NSC,26.80546,21.936832,4.3415055,3.71,0.16985,0.05953,105.519,0.831,0.666,0.21021,0.35296002,0.45159,0.114,-0.044,11.72,14.32112,70562963456.0,86643965952.0,1.72,0.46080002,1.268,Industrials,Railroads,224608373.0,224246754.0,72.362,5.6270304,6.909,15.3,0.00045000002,0.77630997,4.95,2025-12-31,2026-12-31
NTAP,20.233221,14.133185,20.620724,1.37,1.12587,0.10272,236.097,1.39,1.205,0.18065001,0.25160998,0.70458,0.044,0.16,5.96,8.5324,23884097536.0,23515072512.0,1.72,0.349,1.267,Technology,Software - Infrastructure,197330400.0,196069459.0,5.848,3.5600085,3.505,13.43,0.0051200003,1.05251,10.43,2025-04-25,2026-04-25
NTAP,27.93644,17.785366,25.92947,2.19,1.14818,0.116560005,169.498,1.242,0.994,0.19184999,0.26667,0.70625997,0.299,0.635,7.08,11.12094,38849716224.0,37807714304.0,1.05,0.2938,1.432,Technology,Software - Infrastructure,196419005.0,195332808.0,7.628,5.2563543,5.115,18.047,0.00417,1.01968,4.53,2026-04-24,2027-04-24
NTRS,15.282645,14.033441,2.6001987,1.01,0.17066,0.01276,,,,0.2467,0.42496,0.0,0.364,0.986,11.64,12.67615,32545980416.0,39771181056.0,1.84,0.2749,1.257,Financial Services,Asset Management,182955653.0,179788691.0,68.414,3.582189,4.377,,0.00858,0.8617,3.67,2025-12-31,2026-12-31
NUE,19.838657,12.564497,2.5487943,5.21,0.14548999,0.0732,30.512,2.508,1.284,0.07989,0.15668,0.15554,0.23,0.938,12.52,19.7684,56351383552.0,61915381760.0,0.9,0.17799999,1.881,Basic Materials,Steel,226875676.0,223447585.0,97.45,1.5609368,1.715,10.899,0.0117999995,0.80968004,2.77,2025-12-31,2026-12-31
NVDA,28.099874,14.173006,23.438786,0.47,1.17211,0.53572,16.971,4.589,2.918,0.63663,0.66236997,0.74674004,1.059,1.278,7.91,15.68263,5367153557504.0,5333097906176.0,0.45,0.0354,2.217,Technology,Semiconductors,24147000000.0,23130698000.0,9.483,17.715132,17.603,26.498,0.04008,0.71411,2.33,2026-01-25,2027-01-25
NVR,15.974418,15.020788,4.857255,4.97,0.31544,0.16547,32.15,5.67,1.754,0.1185,0.13889,0.2184,-0.109,-0.226,385.02,409.46387,16471900160.0,16386660352.0,,0.0,0.913,Consumer Cyclical,Residential Construction,2678153.0,2620996.0,1266.244,1.7102405,1.701,10.664,0.05551,0.91196,3.31,2025-12-31,2026-12-31
NWS,41.03797,25.108814,2.0780718,3.53,0.06524,0.04113,31.559,1.702,1.479,0.1292,0.10114,0.5717,0.088,-0.104,0.79,1.29118,17574434816.0,19197224960.0,0.62,0.2532,0.899,Communication Services,Entertainment,180862344.0,545733252.0,15.601,1.9970949,2.182,15.333,0.34837002,0.51378,3.76,2025-06-30,2026-06-30
NWS,31.728157,21.617762,2.082988,2.93,0.07979,0.04658,31.561,1.623,1.403,0.06347,0.12537,0.57167,0.108,-0.749,1.03,1.51172,17518325760.0,19205599232.0,0.61,0.1942,0.923,Communication Services,Entertainment,177393176.0,539402427.0,15.689,1.9404438,2.127,14.354,0.35224,0.49977002,4.62,2026-06-30,2027-06-30
NWSA,35.987343,22.01862,1.8223191,3.07,0.06524,0.04113,31.559,1.702,1.479,0.1292,0.10114,0.5717,0.088,-0.104,0.79,1.29118,15411511296.0,17012911104.0,0.7,0.2532,0.899,Communication Services,Entertainment,361223863.0,545733252.0,15.601,1.7513081,1.933,13.589,0.00027000002,1.11138,1.69,2025-06-30,2026-06-30
NWSA,28.912622,19.699417,1.8981452,2.68,0.07979,0.04658,31.561,1.623,1.403,0.06347,0.12537,0.57167,0.108,-0.749,1.03,1.51172,15963761664.0,17636546560.0,0.67,0.1942,0.923,Communication Services,Entertainment,358663283.0,539402427.0,15.689,1.7682501,1.954,13.181,0.00028,1.08499,2.87,2026-06-30,2027-06-30
NXPI,19.453072,12.599537,5.045478,0.45,0.27921,0.10457,93.325,2.04,1.194,0.22564,0.30406,0.56102,0.195,0.726,11.72,18.09511,57490911232.0,65606909952.0,1.78,0.3461,1.817,Technology,Semiconductors,252164174.0,251692627.0,45.187,4.360327,4.976,12.945,0.00141,0.99369,2.45,2025-12-31,2026-12-31
O,41.357662,36.483753,1.3555672,2.86,0.03225,0.02359,74.722,1.528,0.741,0.20898001,0.46965998,0.9268,0.096,0.692,1.37,1.55302,53612716032.0,86761078784.0,5.75,2.3641999,0.712,Real Estate,REIT - Retail,946218033.0,944060656.0,41.798,8.838947,14.304,16.194,0.00124,0.81723,7.53,2025-12-31,2026-12-31
ODFL,33.205376,26.012691,7.8930564,2.11,0.24818,0.15775,0.44,1.889,1.713,0.19443001,0.28835,0.39566,0.104,0.323,5.21,6.6506,35978514432.0,35608752128.0,0.67,0.2192,1.165,Industrials,Trucking,207968283.0,185716885.0,21.918,6.42186,6.356,19.857,0.082370006,0.81227994,5.2,2025-12-31,2026-12-31
OKE,16.141623,15.013461,2.5684996,1.77,0.16277,0.05767,143.07,0.737,0.515,0.09287,0.13254,0.27214,0.528,0.142,5.79,6.22508,58918043648.0,91919351808.0,4.58,0.72540003,0.719,Energy,Oil & Gas Midstream,630409203.0,628547899.0,36.387,1.4966733,2.335,11.984,0.0015199999,0.84819,6.93,2025-12-31,2026-12-31
OMC,206.94594,6.519881,2.1741724,15.97,0.060510002,0.05092,107.744,0.924,0.668,0.017439999,0.15384,0.18959999,0.634,0.588,0.37,11.74408,21006669824.0,30010869760.0,4.18,8.3784,0.673,Communication Services,Advertising Agencies,274345967.0,271704015.0,35.218,0.9390009,1.341,8.163,0.00934,1.10685,11.79,2025-12-31,2026-12-31
ON,45.738564,15.451195,3.7739313,0.16,0.08312,0.0675,65.055,3.464,2.287,0.10168,0.19532,0.42776,0.092,0.366,1.53,4.5291,27244519424.0,28108335104.0,,0.0,1.997,Technology,Semiconductors,389318613.0,387633787.0,18.543,4.3958373,4.535,13.45,0.00332,1.05965,3.46,2025-12-31,2026-12-31
ORCL,32.5781,22.590698,15.554604,1.18,0.57572,0.06335,415.265,1.347,1.224,0.25298,0.32676,0.67084,0.217,0.245,5.57,8.03251,521887350784.0,650430316544.0,1.1,0.35909998,1.544,Technology,Software - Infrastructure,2876046000.0,1708946533.0,11.666,8.144817,10.151,23.703,0.40545,0.43956003,1.04,2025-05-31,2026-05-31
ORCL,23.136364,13.42252,7.220918,0.83,0.41192,0.06357,251.716,1.171,1.02,0.2636,0.35632,0.63957,0.296,0.545,6.38,10.99719,446333681664.0,583777648640.0,1.35,0.31350002,1.732,Technology,Software - Infrastructure,3023736000.0,1856573904.0,20.442,6.218425,8.133,16.954,0.38579,0.43584,1.77,2026-05-31,2027-05-31
ORLY,26.892063,23.19373,-37.665627,1.59,,0.13670999,,0.752,0.093,0.1427,0.2015,0.51636004,0.081,0.103,3.15,3.65228,68527067136.0,77852319744.0,,0.0,0.515,Consumer Cyclical,Auto Parts,808960792.0,801202858.0,-2.249,3.6896937,4.192,18.671,0.00504,0.90194,5.64,2025-12-31,2026-12-31
OTIS,17.614395,15.091845,-4.5380487,2.23,,0.14249,,0.831,0.684,0.10167,0.15133001,0.30313,0.073,0.13,3.89,4.5402,26083463168.0,34410463232.0,2.57,0.437,0.875,Industrials,Specialty Industrial Machinery,380669339.0,379927034.0,-15.099,1.7492766,2.308,13.034,0.0014300001,0.96075,4.79,2025-12-31,2026-12-31
OXY,17.356932,14.582404,1.7580447,1.18,0.10629,0.046830002,34.511,1.411,1.038,0.30318,0.45443,0.73318,0.534,9.649,3.39,4.035,58818662400.0,78216658944.0,1.9,0.295,0.164,Energy,Oil & Gas E&P,999637371.0,995558851.0,33.469,2.4583576,3.269,5.702,0.26812,0.58033,0.01,2025-12-31,2026-12-31
PANW,132.66852,60.335537,17.972458,4.15,0.16259001,0.034479998,4.887,1.045,0.914,0.12956999,0.15496999,0.73502,0.149,0.605,1.81,3.97991,194745434112.0,191869075456.0,,0.0,0.77,Technology,Software - Infrastructure,811000000.0,809047680.0,13.361,19.68418,19.393,124.874,0.00774,0.83515,3.31,2025-07-31,2026-07-31
PANW,908.94995,74.5183,10.778169,1.86,0.01739,0.014040001,9.337,0.871,0.735,0.02674,0.05396,0.70383,0.345,,0.4,4.87907,297408430080.0,296904425472.0,,0.0,0.908,Technology,Software - Infrastructure,818000000.0,811235140.0,33.733,25.906656,25.863,190.323,0.00756,0.84462,3.77,2026-07-31,2027-07-31
PAYC,23.91966,16.220673,17.223322,1.2,0.41089,0.087790005,171.969,1.074,0.079,0.22778,0.31721002,0.88055,0.098,0.481,9.46,13.9501,10198806528.0,10805672960.0,0.66,0.1587,0.786,Technology,Software - Application,45071619.0,37538861.0,13.138,4.764239,5.048,14.7,0.14067,0.95996004,2.62,2025-12-31,2026-12-31
PAYX,24.5,19.187004,11.662224,2.15,,,123.967,1.152,0.303,0.26633,0.38325,0.67197996,0.125,0.434,5.0,6.38453,43571150848.0,47057752064.0,3.97,0.90589994,,Technology,Software - Application,355682860.0,,10.504,10.980633,11.859,29.265,0.103590004,0.85679,6.09,2019-08-31,2020-08-31
PAYX,23.750511,18.163818,11.056741,2.04,0.44769,0.09823,123.967,1.259,0.49,0.27029,0.38325,0.74286,0.125,0.434,4.89,6.39403,41343574016.0,44795609088.0,4.1,0.90589994,0.808,Technology,Software - Application,355980473.0,318827002.0,10.504,6.348829,6.879,14.856,0.10334,0.85877,8.89,2026-05-31,2027-05-31
PCAR,24.433683,16.064558,3.0061905,0.86,0.12755999,0.041160002,72.91,5.519,4.888,0.09003,0.12024,0.13715,0.005,0.042,4.75,7.2246,61089914880.0,67238817792.0,1.21,0.2821,0.972,Industrials,Farm & Heavy Construction Machinery,526364953.0,515985036.0,38.607,2.1962306,2.417,20.552,0.01858,0.76244,4.26,2025-12-31,2026-12-31
PCG,9.496403,7.3267393,0.89942765,0.55,0.09318,0.02568,189.45,1.216,0.52,0.11828,0.24788,0.39823002,0.001,0.398,1.39,1.80162,39631245312.0,94633246720.0,1.52,0.1259,0.245,Utilities,Utilities - Regulated Electric,2202366906.0,2082448028.0,14.676,1.533895,3.663,9.053,0.00204,1.04265,0.0,2025-12-31,2026-12-31
PEG,17.35572,14.932304,2.0050578,3.3,0.11835,0.03238,142.409,0.877,0.487,0.16041,0.18872,0.33333,-0.089,-0.427,4.02,4.67242,34774765568.0,59260764160.0,3.84,0.6468,0.519,Utilities,Utilities - Regulated Electric,498420030.0,497099217.0,34.797,2.7724442,4.725,13.278,0.0012800001,0.79333997,3.78,2025-12-31,2026-12-31
PEP,17.005241,14.456196,8.020647,1.33,0.51508,0.08931,238.949,0.934,0.69,0.10785,0.16836001,0.54171,0.064,1.37,7.63,8.97539,177238507520.0,219764686848.0,4.56,0.7533,0.361,Consumer Defensive,Beverages - Non-Alcoholic,1366000000.0,1361806903.0,16.177,1.8290112,2.268,11.639,0.00183,0.81492996,3.19,2025-12-27,2026-12-27
PFE,19.122137,8.8405,1.5844401,2.96,0.083100006,0.05687,71.602,1.247,0.852,0.118310004,0.31617,0.74801004,0.054,-0.101,1.31,2.83355,142771077120.0,194724069376.0,6.87,1.3130001,0.307,Healthcare,Drug Manufacturers - General,5699444169.0,5691578936.0,15.81,2.2549329,3.075,7.648,0.00095,0.69536,3.45,2025-12-31,2026-12-31
PFG,16.738264,11.325945,2.0799305,1.06,0.12949,0.00352,35.307,1.586,0.38,0.09932999,0.12336001,0.47345,0.064,0.028,7.03,10.38942,25193693184.0,24123592704.0,2.86,0.45439997,0.872,Financial Services,Asset Management,214104641.0,212790039.0,56.574,1.6053891,1.537,11.212,0.0112,0.81351,9.25,2025-12-31,2026-12-31
PG,21.926899,21.265072,6.4979854,4.21,0.31112,0.10925999,67.651,0.732,0.487,0.19162,0.23047,0.50984,0.074,0.058,6.84,7.05288,349243277312.0,374948265984.0,2.9,0.618,0.38,Consumer Defensive,Household & Personal Products,2328598978.0,2324267784.0,23.081,4.0273914,4.324,14.973,0.00065,0.71834,2.5,2025-06-30,2026-06-30
PG,22.113293,19.782967,6.379483,3.75,0.30290002,0.107209995,64.49,0.677,0.413,0.18437,0.22084999,0.50873,0.015,-0.155,6.62,7.3998,340016005120.0,366342766592.0,2.97,0.6433,0.377,Consumer Defensive,Household & Personal Products,2322672312.0,2320086370.0,22.947,3.906793,4.209,14.801,0.00091,0.71835,3.08,2026-06-30,2027-06-30
PGR,10.706118,13.113553,3.6126106,65.46,0.34943,0.07839,24.428,0.293,0.234,0.12849,0.18208,0.18521,0.073,0.05,19.94,16.27934,123903787008.0,130342248448.0,0.19,0.6974,0.259,Financial Services,Insurance - Property & Casualty,580400000.0,579110234.0,59.093,1.3612958,1.432,8.465,0.00243,0.89761,2.7,2025-12-31,2026-12-31
PH,35.212784,27.950726,8.226902,3.73,0.24841999,0.095410004,65.554,1.129,0.604,0.16582,0.21528,0.37442002,0.106,-0.042,27.07,34.10323,120186814464.0,129300807680.0,0.84,0.26569998,1.11,Industrials,Specialty Industrial Machinery,126086389.0,125698043.0,115.865,5.7267265,6.161,23.599,0.00187,0.90979,1.99,2025-06-30,2026-06-30
PH,33.118286,24.094769,7.7239947,3.16,0.25076,0.09787,56.66,1.262,0.674,0.16968,0.23458,0.37546003,0.098,0.193,28.49,39.15954,118992109568.0,127171829760.0,0.85,0.2598,1.123,Industrials,Specialty Industrial Machinery,126112415.0,125676889.0,122.157,5.534774,5.915,22.453,0.0018099999,0.90489,1.94,2026-06-30,2027-06-30
PHM,11.977529,10.448327,1.6910142,0.98,0.14901,0.092080005,19.065,7.272,0.608,0.1162,0.15685001,0.25565,-0.096,-0.182,9.79,11.22285,22336430080.0,23124609024.0,0.89,0.1021,1.201,Consumer Cyclical,Residential Construction,190486353.0,185996034.0,69.343,1.3613901,1.409,8.397,0.0066799996,0.97786003,6.53,2025-12-31,2026-12-31
PKG,30.229872,17.741982,4.421755,1.5,0.14887,0.082779996,94.474,2.941,1.767,0.07256,0.13121,0.21385999,0.147,-0.195,7.7,13.11973,20739409920.0,24423942144.0,2.58,0.6818,0.797,Consumer Cyclical,Packaging & Containers,89098299.0,86966636.0,52.642,2.1751735,2.562,12.211,0.01579,1.00063,5.45,2025-12-31,2026-12-31
PLD,30.031181,39.600586,2.3444319,117.38,0.07749,0.02516,63.823,0.649,0.488,0.43575,0.43030998,0.75549006,0.123,0.853,4.49,3.405,131076800512.0,165600755712.0,3.17,0.9265,1.316,Real Estate,REIT - Industrial,950333372.0,928625227.0,57.515,13.572576,17.147,24.58,0.00261,0.96102,4.17,2025-12-31,2026-12-31
PLTR,151.82907,76.47041,43.667652,1.71,0.38097,0.17292999,2.139,7.228,7.095,0.49005002,0.47120997,0.84796,0.928,2.154,1.17,2.32299,426879287296.0,417792294912.0,,0.0,1.621,Technology,Software - Infrastructure,2300713329.0,2109957437.0,4.068,69.34428,67.868,156.91,0.03477,0.64745003,1.44,2025-12-31,2026-12-31
PM,25.90934,20.537825,-34.250954,2.27,,0.14591,,0.98,0.47,0.25559,0.40002,0.67481005,0.104,-0.075,7.28,9.18403,293985648640.0,339047677952.0,3.12,0.80730003,0.395,Consumer Defensive,Tobacco,1558613439.0,1554701319.0,-5.507,6.9099927,7.969,18.82,0.00164,0.84418,3.66,2025-12-31,2026-12-31
PNC,12.839758,10.894424,1.6023886,1.64,0.12623,0.01307,,,,0.31366,0.38689,0.0,0.236,0.249,18.16,21.40269,93021700096.0,173458702336.0,3.43,0.3744,0.889,Financial Services,Banks - Regional,398943667.0,396071273.0,145.514,3.8250625,7.133,,0.00303,0.85599,4.81,2025-12-31,2026-12-31
PNR,14.412371,10.819261,2.380993,0.89,0.17126,0.08663,47.067,1.451,0.659,0.16237,0.2344,0.41388,-0.17,-0.111,3.88,5.16856,8924831744.0,10599854080.0,1.9,0.268,1.018,Industrials,Specialty Industrial Machinery,159600000.0,158432683.0,23.486,2.2246451,2.642,10.243,0.00957,1.00639,2.3,2025-12-31,2026-12-31
PNW,18.082533,16.92595,1.6229951,3.62,0.09365,0.02335,233.288,0.594,0.311,0.11525,0.21341999,0.43352002,0.071,-0.095,5.21,5.56601,11417991168.0,27954495488.0,3.86,0.6958,0.437,Utilities,Utilities - Regulated Electric,121197234.0,120530649.0,58.047,2.05572,5.033,13.007,0.00155,1.10514,8.89,2025-12-31,2026-12-31
PODD,26.378988,18.234024,6.856196,1.11,0.26016,0.09715,66.685,2.485,1.51,0.12291,0.16178,0.71075,0.235,3.286,5.33,7.71086,9751200768.0,10164700160.0,,0.0,1.079,Healthcare,Medical Devices,69354199.0,69063605.0,20.507,3.1935549,3.329,16.531,0.00329,1.07108,2.23,2025-12-31,2026-12-31
POOL,15.4375,14.216814,4.844255,1.6,0.31254998,0.099029996,134.537,2.671,0.858,0.07414,0.15137,0.29579002,0.022,0.0,10.88,11.81418,6103792128.0,7763923968.0,3.1,0.4637,1.055,Industrials,Industrial Distribution,36340747.0,35061189.0,34.672,1.1315279,1.439,12.082,0.03543,1.12399,5.84,2025-12-31,2026-12-31
PPG,14.995696,12.064909,2.7519746,1.49,0.19297001,0.060489997,86.938,1.58,1.055,0.09573,0.14016,0.41202998,0.072,-0.015,6.97,8.66314,23234795520.0,29242796032.0,2.83,0.4075,1.063,Basic Materials,Specialty Chemicals,222300000.0,221815386.0,37.98,1.4149439,1.781,10.839,0.0010899999,0.94168997,4.29,2025-12-31,2026-12-31
PPL,19.72781,15.748479,1.6672502,1.22,0.086330004,0.03197,135.434,0.905,0.571,0.13471,0.23591,0.44094002,0.042,0.212,1.69,2.11703,25089845248.0,45133844480.0,3.42,0.65980005,0.583,Utilities,Utilities - Regulated Electric,752544841.0,750354936.0,19.997,2.6697006,4.802,12.007,0.00171,0.92384005,4.69,2025-12-31,2026-12-31
PRU,10.734362,7.9688406,1.2943994,0.69,0.12011,0.00435,163.891,0.777,0.681,0.06007,0.075219996,0.29015,0.141,0.892,11.03,14.85787,40847998976.0,61406998528.0,4.73,0.4986,0.819,Financial Services,Insurance - Life,345000000.0,343899450.0,91.471,0.6262725,0.941,11.795,0.00177,0.64999,7.37,2025-12-31,2026-12-31
PSA,28.246902,28.972116,10.7510605,3.97,0.21929,0.06985,109.632,0.22,0.13,0.41632998,0.45703998,0.7442,0.033,0.451,10.49,10.22742,55366201344.0,66404110336.0,4.05,1.145,0.935,Real Estate,REIT - Industrial,186852295.0,158598177.0,27.561,11.275192,13.523,19.323,0.09558,0.83833003,7.63,2025-12-31,2026-12-31
PSKY,340.33334,12.00047,0.97238094,0.73,-0.00896,0.027490001,126.479,1.04,0.736,-0.021329999,0.09345,0.33328998,0.009,-0.541,0.03,0.8508,11455066112.0,27069067264.0,1.96,6.6667,1.52,Communication Services,Entertainment,1090445692.0,536940811.0,10.5,0.39350966,0.93,8.178,0.50798,0.31756002,6.72,2025-12-31,2026-12-31
PSX,15.5985155,11.11434,3.4591808,1.3,0.23452999,0.06036,62.884,1.32,0.862,0.046609998,0.08529,0.13098,0.531,3.449,17.51,24.57456,109507379200.0,126647582720.0,1.86,0.282,0.704,Energy,Oil & Gas Refining & Marketing,400935020.0,398103168.0,78.958,0.7196526,0.832,12.76,0.00211,0.80521005,1.98,2025-12-31,2026-12-31
PTC,13.180407,15.252721,4.3361306,1.27,0.35053003,0.11537,46.335,1.025,0.889,0.41429,0.28232,0.84501,-0.068,-0.12,10.31,8.90923,14744915968.0,16001156096.0,,0.0,1.002,Technology,Software - Application,108506261.0,107908392.0,31.339,4.9915557,5.417,12.54,0.00354,1.07912,4.57,2025-09-30,2026-09-30
PWR,73.017204,32.295567,9.927498,1.44,0.15337,0.052259997,67.78,1.098,0.979,0.04032,0.07217,0.15456,0.411,0.947,8.72,19.71509,95725142016.0,101925847040.0,0.07,0.049200002,1.2,Industrials,Engineering & Construction,150343393.0,148973765.0,64.136,2.9091244,3.098,33.473,0.0066799996,0.94098,2.77,2025-12-31,2026-12-31
PYPL,9.907372,9.059308,2.2793894,0.93,0.24497,0.046230003,71.751,1.288,0.251,0.14364,0.16966,0.40477002,0.048,-0.031,5.29,5.78521,44834705408.0,47799705600.0,1.07,0.0794,1.286,Financial Services,Credit Services,855460874.0,853510423.0,22.993,1.313722,1.401,7.404,0.0070599997,0.78976,2.9,2025-12-31,2026-12-31
Q,42.875,22.321844,3.462049,1.27,0.06722,0.053049996,59.992,2.008,1.202,0.11248,0.22323,0.46219003,0.221,-0.343,2.8,5.37814,25115486208.0,28968484864.0,0.27,0.078600004,,Technology,Semiconductor Equipment & Materials,209208543.0,208679245.0,34.676,4.820631,5.56,18.983,0.00075,0.78756,2.6,2025-12-31,2026-12-31
QCOM,20.334097,17.416683,6.791761,0.79,0.33754003,0.11612,55.21,2.016,1.137,0.21013,0.18528,0.54226,-0.04,-0.23,8.74,10.20401,189815717888.0,193613578240.0,2.07,0.4103,1.679,Technology,Semiconductors,1068060487.0,1048438021.0,26.167,4.307239,4.393,16.136,0.00122,0.83045995,3.36,2025-09-28,2026-09-28
RCL,15.173456,12.113128,6.4225435,0.99,0.44669998,0.07682,224.816,0.209,0.113,0.23541,0.2707,0.50284,0.065,-0.046,16.2,20.29286,65742393344.0,88609398784.0,2.44,0.30879998,1.75,Consumer Cyclical,Travel Services,267452084.0,241969249.0,38.273,3.5190234,4.743,12.794,0.06196,0.90814,7.01,2025-12-31,2026-12-31
RDDT,35.081394,15.571629,8.8299,0.75,0.30712,0.15653,0.635,10.486,10.175,0.31348,0.28788,0.91442,0.611,1.778,4.3,9.68749,29023014912.0,26257522688.0,,0.0,2.022,Communication Services,Internet Content & Information,146103200.0,140697644.0,17.084,10.444314,9.449,32.76,0.0065499996,0.89082,2.46,2025-12-31,2026-12-31
REG,24.562288,28.980843,2.004286,2.61,0.081870005,0.0323,71.972,0.964,0.888,0.32996,0.39643002,0.71539,0.089,0.089,2.97,2.51718,13638639616.0,18776547328.0,4.14,1.0009999,0.807,Real Estate,REIT - Retail,183120547.0,164375940.0,36.397,8.091593,11.14,17.528,0.0064600003,1.03529,4.94,2025-12-31,2026-12-31
REGN,19.417368,12.945983,2.4828303,1.29,0.14043,0.06526,8.535,3.335,2.633,0.27865,0.33106,0.44458,0.167,-0.045,40.42,60.62498,80804225024.0,73083191296.0,0.48,0.090100005,0.193,Healthcare,Biotechnology,101137842.0,95849804.0,316.111,5.2015314,4.705,15.542,0.02085,0.93601,3.47,2025-12-31,2026-12-31
RF,11.585365,10.01613,1.3910581,1.51,0.118669994,0.01393,,,,0.30837,0.39314997,0.0,0.034,0.085,2.46,2.84541,24279992320.0,30202990592.0,3.84,0.4309,1.003,Financial Services,Banks - Regional,851929506.0,847959515.0,20.488,3.3545167,4.173,,0.00263,0.87178004,7.36,2025-12-31,2026-12-31
RJF,14.363557,11.604327,2.492511,0.81,0.18416001,0.02576,47.594,2.109,2.097,0.15131,0.19301,0.93156,0.151,0.42,11.47,14.19729,31648475136.0,21839591424.0,1.31,0.1848,0.917,Financial Services,Asset Management,192100000.0,171742459.0,66.098,2.0766716,1.433,,0.105500005,0.81127,7.81,2025-09-30,2026-09-30
RL,21.830498,17.76544,6.72828,1.47,0.33846,0.09568,98.972,2.099,1.441,0.11726,0.20091,0.69649005,0.122,0.249,14.69,18.05134,19446853632.0,20021321728.0,1.14,0.24229999,1.387,Consumer Cyclical,Apparel Manufacturing,38655137.0,38056216.0,47.663,2.482651,2.556,14.643,0.038429998,1.05539,5.36,2025-03-29,2026-03-29
RL,21.102015,16.022392,7.3383846,1.8,0.37537,0.11005,110.373,2.045,1.325,0.117639996,0.18395,0.70268995,0.14,0.216,15.88,20.91448,19966009344.0,21028308992.0,1.19,0.2355,1.353,Consumer Cyclical,Apparel Manufacturing,37700963.0,37256178.0,45.664,2.3896506,2.517,13.199,0.025409998,1.0736799,4.61,2026-03-28,2027-03-28
RMD,19.189007,16.583883,4.44581,1.18,0.25246,0.14715,12.988,3.008,2.003,0.2744,0.35327,0.62181,0.108,0.105,10.37,11.999,28864770048.0,28047425536.0,1.21,0.22469999,0.775,Healthcare,Medical Instruments & Supplies,145056384.0,144155584.0,44.759,5.2123275,5.065,13.233,0.00501,0.69994,9.46,2025-06-30,2026-06-30
RMD,21.550768,17.003323,4.92794,1.31,0.24269,0.14002,12.542,3.1,1.831,0.26945,0.30857,0.61618,0.086,0.024,10.44,13.23212,32455325696.0,31812012032.0,1.17,0.2301,0.766,Healthcare,Medical Instruments & Supplies,144252306.0,143362269.0,45.656,5.740807,5.627,15.179,0.0049900003,0.71226,8.34,2026-06-30,2027-06-30
ROK,38.91573,27.976122,13.209382,1.83,0.30629,0.0999,103.347,1.075,0.658,0.13385001,0.20968,0.49091998,0.079,0.404,10.68,14.85624,46247677952.0,49290051584.0,1.33,0.5103,1.515,Industrials,Specialty Industrial Machinery,111273953.0,110697762.0,31.464,5.1540933,5.493,23.561,0.00169,0.92870003,4.27,2025-09-30,2026-09-30
ROL,29.481817,24.93522,10.915517,2.61,0.37008998,0.14061,78.015,0.629,0.424,0.1355,0.18799,0.52366,0.079,0.031,1.1,1.30057,15603546112.0,16609763328.0,2.25,0.649,0.736,Consumer Cyclical,Personal Services,481145404.0,309068562.0,2.971,3.9764197,4.233,19.201,0.38422,0.61372,3.28,2025-12-31,2026-12-31
ROP,15.530833,15.343887,1.9713036,1.47,0.13066,0.04232,60.531,0.553,0.438,0.30244,0.27725,0.69525003,0.085,2.33,24.0,24.29241,36864311296.0,47818813440.0,0.98,0.1446,0.747,Technology,Software - Application,98900874.0,98352963.0,189.083,4.45205,5.775,14.768,0.00387,1.06774,7.9,2025-12-31,2026-12-31
ROST,27.40145,25.341156,10.742866,2.43,0.42628,0.12785,70.281,1.612,0.929,0.10848,0.13578,0.33385,0.133,0.705,8.27,8.94237,72692203520.0,72842297344.0,0.79,0.2056,0.861,Consumer Cyclical,Apparel Retail,320781076.0,311811792.0,21.094,2.9656007,2.972,19.918,0.021370001,0.95755,3.16,2026-01-31,2027-01-31
RSG,30.844414,27.059324,5.546033,2.81,0.18152,0.0617,118.798,0.644,0.579,0.12942,0.20429,0.43035,0.046,0.051,7.07,8.05896,66775867392.0,80964861952.0,1.23,0.3541,0.4,Industrials,Waste Management,306212978.0,305560744.0,39.32,3.95334,4.793,15.401,0.00179,0.98880994,2.99,2025-12-31,2026-12-31
RTX,34.15493,24.709002,3.9390862,2.25,0.12274,0.04212,57.02,1.011,0.652,0.08276,0.12696,0.20347,0.145,0.287,5.68,7.85139,261465063424.0,293783076864.0,1.51,0.48770002,0.287,Industrials,Aerospace & Defense,1347758144.0,1249856992.0,49.25,2.796418,3.142,18.483,0.00091,0.81702006,2.86,2025-12-31,2026-12-31
RVTY,68.96635,24.34401,2.2143157,0.73,0.03211,0.023740001,46.225,1.8,1.357,0.08158,0.17052999,0.54976004,0.013,0.012,2.08,5.89262,16007068672.0,18325641216.0,0.2,0.1346,1.089,Healthcare,Diagnostics & Research,111586401.0,102484298.0,64.783,5.4972897,6.294,20.924,0.0026699998,0.96531,4.14,2025-12-28,2026-12-28
SATS,,-911.5351,5.338282,1.33,-1.1228399,0.00397,515.06,0.302,0.236,-0.97559,0.08908,0.27082002,-0.052,,-50.21,-0.114,30115971072.0,56712790016.0,,0.0,0.963,Communication Services,Telecom Services,158465020.0,136568810.0,19.466,2.0344892,3.831,35.725,0.1379,1.12194,6.63,2025-12-31,2026-12-31
SBAC,19.265371,21.820593,-4.092159,10.37,,0.08406,,0.165,0.122,0.34512,0.52165,0.742,0.023,-0.105,9.27,8.18447,18946275328.0,33913493504.0,2.8,0.5092,0.984,Real Estate,REIT - Specialty,106088110.0,105298814.0,-43.642,6.6000595,11.814,18.496,0.00765,1.01343,3.73,2025-12-31,2026-12-31
SBUX,55.393063,30.687695,-14.232883,1.13,,0.08022001,,0.76,0.496,0.05172,0.12919,0.22341,-0.014,0.857,1.73,3.12275,109246201856.0,128096198656.0,2.59,1.4277,0.965,Consumer Cyclical,Restaurants,1140000000.0,1137606000.0,-6.733,2.8495317,3.341,22.703,0.00127,0.87097,6.2,2025-09-28,2026-09-28
SCHW,19.17122,13.484306,4.139952,0.89,0.20273,0.020680001,151.106,0.655,0.655,0.38793,0.52277,0.97495,0.209,0.426,5.49,7.80537,182012575744.0,167644577792.0,1.22,0.2149,0.753,Financial Services,Capital Markets,1729335714.0,1625800385.0,25.423,6.9937587,6.442,,0.062119998,0.85546994,0.01,2025-12-31,2026-12-31
SHW,29.587639,23.582048,20.07951,2.07,0.65124,0.09516,389.958,0.727,0.413,0.11013,0.18124,0.48981997,0.075,0.143,10.84,13.6006,77859823616.0,92140380160.0,1.0,0.2934,1.089,Basic Materials,Specialty Chemicals,242758151.0,224686650.0,15.973,3.1896298,3.775,19.566,0.063590005,0.85042,4.17,2025-12-31,2026-12-31
SJM,,10.372354,2.0996861,2.17,-0.20683001,0.04804,143.204,0.844,0.296,-0.14068,0.18778,0.3421,0.07,,-11.79,9.9341,10989042688.0,18434543616.0,4.27,0.8606,0.245,Consumer Defensive,Packaged Foods,106648319.0,104356447.0,49.074,1.2310445,2.065,9.81,0.02234,0.92748,2.71,2025-04-30,2026-04-30
SJM,57.453266,11.296865,2.2838726,2.17,0.03931,0.06257,120.682,0.87,0.288,0.02506,0.17898001,0.37951002,0.05,,2.14,10.88355,13133910016.0,20030910464.0,3.64,2.0561,0.263,Consumer Defensive,Packaged Foods,106823183.0,104516870.0,53.834,1.4343184,2.188,8.848,0.02256,0.90779996,3.54,2026-04-30,2027-04-30
SLB,24.936584,15.803385,2.9098358,1.35,0.12909001,0.06172,47.002,1.439,0.942,0.08527,0.12706,0.16991,0.05,-0.297,2.05,3.23475,75869396992.0,85735399424.0,2.31,0.5659,0.774,Energy,Oil & Gas Equipment & Services,1484143231.0,1479527546.0,17.568,2.0862727,2.358,11.613,0.0021600001,0.92523,4.9,2025-12-31,2026-12-31
SMCI,12.726316,7.7378225,1.9195046,0.91,0.17877,0.05524,120.798,2.655,1.2,0.03701,0.061100002,0.08394,1.227,3.26,1.9,3.12491,15641390080.0,22388582400.0,,0.0,1.936,Technology,Computer Hardware,646873027.0,508968433.0,12.597,0.46413335,0.664,14.182,0.12874,0.64165,1.38,2025-06-30,2026-06-30
SMCI,11.990798,7.3395767,2.5043244,0.91,0.21465999,0.07877,63.951,3.872,1.928,0.0571,0.13382,0.108219996,0.932,4.347,3.26,5.32592,25680777216.0,31622502400.0,,0.0,1.996,Technology,Computer Hardware,656965384.0,557625648.0,15.609,0.65741825,0.81,11.197,0.12696,0.69431,1.77,2026-06-30,2027-06-30
SNA,18.977562,17.441124,3.186052,1.9,0.17932,0.09849,21.595,3.433,2.508,0.19597,0.25397,0.5183,0.042,0.051,19.61,21.3375,19250249728.0,18941048832.0,2.62,0.4827,0.712,Industrials,Tools & Accessories,51727124.0,50417393.0,116.806,3.6494057,3.591,13.381,0.02421,0.9968,11.39,2026-01-03,2027-01-03
SNDK,46.3028,6.3726068,14.554185,,0.39297,0.22823,1.503,4.782,3.432,0.34185,0.69983,0.56038,2.51,,29.26,212.60059,200634957824.0,197106958336.0,,0.0,,Technology,Computer Hardware,148089758.0,146003173.0,93.088,15.218064,14.95,34.998,0.0113,0.81167,0.63,2025-06-27,2026-06-27
SNDK,24.272825,6.7686954,16.966225,,0.9164,0.43910998,1.277,2.29,1.707,0.56465,0.78472,0.71474,3.716,,73.82,264.72162,262356500480.0,257795489792.0,,0.0,,Technology,Computer Hardware,146419001.0,144483342.0,105.611,12.957156,12.732,20.432,0.00983,0.80938005,0.41,2026-07-03,2027-07-03
SNPS,67.06795,21.965788,2.3677783,2.06,0.03661,0.01353,34.804,1.337,1.166,0.11432999,0.14521,0.82921,0.424,0.893,5.74,17.52589,73774358528.0,81007321088.0,,0.0,1.227,Technology,Software - Infrastructure,191636646.0,190523237.0,162.587,7.8346124,8.603,39.031,0.029860001,0.93063,3.12,2025-10-31,2026-10-31
SO,20.607227,17.367817,2.486191,2.02,0.114829995,0.03271,182.058,0.787,0.441,0.15435,0.29612,0.48289,0.001,0.304,4.15,4.92405,98379038720.0,175254044672.0,3.55,0.71809995,0.316,Utilities,Utilities - Regulated Electric,1150362966.0,1147648109.0,34.398,3.2598507,5.807,12.292,0.00096000003,0.74232,6.08,2025-12-31,2026-12-31
SOLV,10.860635,12.287146,3.1485682,1.22,0.33960998,0.026989998,110.313,1.021,0.501,0.17256,0.09778,0.54777,0.022,0.039,8.18,7.23032,15122675712.0,20014675968.0,,0.0,0.687,Healthcare,Medical Instruments & Supplies,170223729.0,144089280.0,28.216,1.8198166,2.409,17.572,0.15342,0.75914,3.68,2025-12-31,2026-12-31
SPG,14.489768,30.208912,15.11818,4.58,1.20508,0.05633,503.504,0.266,0.264,0.66571,0.46023998,0.81426,0.195,-0.125,14.17,6.79667,77944299520.0,96304054272.0,4.33,0.621,1.312,Real Estate,REIT - Retail,323551515.0,319851523.0,13.581,11.229995,13.875,18.79,0.01799,0.96129996,0.0,2025-12-31,2026-12-31
SPGI,24.684532,20.046244,3.7931776,1.94,0.14255,0.07033,42.98,0.954,0.83,0.30536,0.4479,0.70903,0.104,0.177,16.42,20.21925,119488339968.0,136241332224.0,0.96,0.2349,1.077,Financial Services,Financial Data & Stock Exchanges,294800000.0,294086584.0,106.855,7.411508,8.451,16.731,0.00107,0.90812,3.87,2025-12-31,2026-12-31
SRE,23.568115,14.672657,1.6263301,0.67,0.06679,0.01958,84.663,1.642,0.089,0.16824,0.28328,0.43994,-0.001,0.713,3.45,5.5416,53168635904.0,100405641216.0,3.23,0.7551,0.564,Utilities,Utilities - Diversified,653900348.0,652553313.0,49.996,3.9233055,7.409,17.093,0.00099,0.93753,2.42,2025-12-31,2026-12-31
STE,31.447075,20.380459,3.0959399,1.72,0.10468,0.06606,28.651,2.479,1.533,0.12144,0.18494,0.44322,0.092,0.121,7.18,11.07875,22160611328.0,23787759616.0,1.09,0.33470002,1.07,Healthcare,Medical Devices,98075025.0,97694494.0,72.931,3.8024285,4.082,15.105,0.00302,0.98573,1.99,2025-03-31,2026-03-31
STE,25.066013,16.741907,2.773997,1.71,0.11389,0.06797,28.312,1.906,1.165,0.13333,0.19153,0.44422,0.073,0.14,8.18,12.24711,19991422976.0,21568122880.0,1.26,0.3081,0.914,Healthcare,Medical Devices,97500110.0,97082810.0,73.915,3.3112087,3.572,13.147,0.00307,1.00956,3.48,2026-03-31,2027-03-31
STLD,21.367846,12.024054,3.5867722,11.95,0.17568001,0.0787,46.924,3.183,1.316,0.07825,0.114989996,0.14652,0.334,0.836,11.01,19.56578,33719367680.0,37488734208.0,0.9,0.1869,1.515,Basic Materials,Steel,143328088.0,133548813.0,65.591,1.6417497,1.825,14.017,0.06565,0.86,3.17,2025-12-31,2026-12-31
STT,16.126102,11.942718,2.1017606,0.68,0.12437,0.0086900005,,,,0.23005,0.34313,0.0,0.184,0.682,11.34,15.31226,50234707968.0,-56976289792.0,2.01,0.29659998,1.418,Financial Services,Asset Management,274701765.0,259543722.0,87.008,3.3438535,-3.793,,0.0035499998,0.9476,0.01,2025-12-31,2026-12-31
STX,74.65971,27.65697,161.40573,0.52,17.8797,0.24664,381.553,1.326,0.772,0.21599,0.35668,0.41571,0.441,1.083,10.55,28.47962,176616194048.0,179648200704.0,0.38,0.277,2.067,Technology,Computer Hardware,224228992.0,223554063.0,4.88,16.041435,16.317,51.124,0.00242,0.89231,1.45,2025-06-27,2026-06-27
STX,61.739037,15.509631,89.87859,0.49,3.7152898,0.29354998,179.88,1.67,1.075,0.26108998,0.4307,0.45576,0.485,1.488,13.91,55.3714,195282829312.0,196834050048.0,0.34,0.21149999,2.087,Technology,Computer Hardware,227393014.0,225833131.0,9.555,16.013351,16.141,43.721,0.00318,0.84463996,1.98,2026-07-03,2027-07-03
STZ,11.319695,9.626907,2.4709744,1.51,0.2369,0.08574,123.205,0.913,0.247,0.20143999,0.35931,0.5272,-0.033,0.307,10.51,12.35807,20320593920.0,31045826560.0,3.46,0.38950002,0.4,Consumer Defensive,Beverages - Brewers,170752511.0,157811178.0,48.147,2.2437084,3.428,8.984,0.12562999,0.88404,4.85,2026-02-28,2027-02-28
SW,61.527775,13.180248,1.2848773,0.26,0.02113,0.03013,78.831,1.443,0.75,0.01217,0.06795,0.19027,0.007,-0.836,0.72,3.36109,23233757184.0,36808478720.0,4.08,2.4232001,0.935,Consumer Cyclical,Packaging & Containers,524464078.0,520610164.0,34.478,0.74383724,1.178,7.717,0.0051499996,1.02556,4.33,2025-12-31,2026-12-31
SWK,21.9022,14.041611,1.5099874,1.39,0.06886,0.038,58.172,1.432,0.466,0.040689997,0.08443,0.32213002,0.004,2.478,4.09,6.37961,13528071168.0,18147170304.0,3.75,0.8117,1.173,Industrials,Tools & Accessories,151016641.0,150519796.0,59.325,0.88722044,1.19,10.132,0.00318,1.01398,3.97,2026-01-03,2027-01-03
SWKS,45.98964,17.885607,2.327948,12.57,0.05094,0.03441,11.869,3.101,1.312,0.072270006,0.08825,0.40734002,-0.031,-0.686,1.93,4.96265,13355964416.0,13237864448.0,4.13,1.4714999,1.518,Technology,Semiconductors,150472782.0,149742989.0,38.128,3.3272626,3.298,15.04,0.00403,1.23631,6.41,2025-10-03,2026-10-03
SYF,7.69641,7.148614,1.606405,0.93,0.20786,0.02902,,,,0.35507,0.50219,0.0,0.006,0.036,9.75,10.49714,24415827968.0,26370828288.0,1.81,0.123100005,1.308,Financial Services,Credit Services,325370840.0,323122527.0,46.713,2.464254,2.662,,0.00349,1.09392,5.59,2025-12-31,2026-12-31
SYK,28.480331,16.44075,4.3992453,1.29,0.16508,0.08162,64.391,2.157,1.08,0.14433,0.27015,0.65588,0.094,0.441,9.66,16.73403,105528614912.0,117498617856.0,1.28,0.36060002,0.768,Healthcare,Medical Devices,383573046.0,348138568.0,62.538,4.0843987,4.548,15.93,0.053639997,0.82858,3.27,2025-12-31,2026-12-31
SYY,22.691668,16.493235,17.00458,1.6,0.81894994,0.08294,670.44,1.329,0.763,0.02079,0.03748,0.18537001,0.047,-0.135,3.6,4.95294,39062736896.0,52560736256.0,2.69,0.6,0.641,Consumer Defensive,Food Distribution,478182608.0,476762406.0,4.804,0.46744213,0.629,11.514,0.00141,0.89592004,4.07,2025-06-28,2026-06-28
SYY,21.59836,14.716642,14.189553,1.48,0.77692,0.079679996,564.591,1.277,0.729,0.02078,0.048449997,0.18496001,0.047,0.053,3.66,5.37147,37909872640.0,51137540096.0,2.78,0.59290004,0.627,Consumer Defensive,Food Distribution,479568281.0,477692265.0,5.571,0.44835633,0.605,11.382,0.00171,0.88561994,3.68,2026-06-27,2027-06-27
T,8.382838,9.905663,1.5819632,1.54,0.18339,0.04163,129.054,0.971,0.602,0.16943,0.24786,0.59721,0.023,0.062,3.03,2.56419,174050590720.0,340231585792.0,4.37,0.36630002,0.431,Communication Services,Telecom Services,6852385650.0,6837790069.0,16.056,1.3679029,2.674,7.571,0.00091,0.68451,3.38,2025-12-31,2026-12-31
TAP,,7.672164,0.69315153,3.92,-0.19466,0.03793,76.03,0.879,0.634,-0.20808001,0.11297,0.37013,-0.033,-0.423,-11.44,4.89171,6997616128.0,13072415744.0,5.12,0.35900003,0.42,Consumer Defensive,Beverages - Brewers,174117990.0,156149575.0,54.144,0.6313544,1.179,5.776,0.1278,1.10078,10.64,2025-12-31,2026-12-31
TDG,32.890675,22.45834,-6.4655843,3.05,,0.11817,,3.019,1.919,0.21277,0.46005002,0.59824,0.225,0.109,33.02,48.35843,60033073152.0,90828070912.0,,0.0,0.893,Industrials,Aerospace & Defense,55276525.0,54993509.0,-167.974,5.9997077,9.077,17.827,0.00409,0.97226,1.99,2025-09-30,2026-09-30
TDY,29.152657,22.545069,2.562028,1.4,0.09154,0.05139,18.565,2.181,1.161,0.15292,0.20198,0.43339002,0.098,0.212,20.7,26.76683,27973795840.0,29660694528.0,,0.0,0.908,Technology,Scientific & Technical Instruments,46355673.0,45809603.0,235.54,4.388459,4.653,18.626,0.00841,1.00628,3.27,2025-12-28,2026-12-28
TECH,103.02858,35.261677,5.4131956,0.97,0.053400002,0.07452,13.922,4.489,2.797,0.09049,0.25191,0.66399,-0.015,1.286,0.7,2.04528,11237064704.0,11367946240.0,0.44,0.4571,1.289,Healthcare,Biotechnology,155810652.0,155961264.0,13.323,9.28061,9.389,31.056,0.00306,1.18334,2.32,2025-06-30,2026-06-30
TECH,62.387936,31.378859,5.35836,2.11,0.09032,0.06671,13.712,4.547,2.945,0.14968,0.27871,0.66243,0.013,,1.16,2.30633,11348936704.0,11372544000.0,0.44,0.2759,1.275,Healthcare,Biotechnology,156818238.0,156167442.0,13.506,9.340389,9.36,34.039,0.00332,1.1511799,2.19,2026-06-30,2027-06-30
TEL,20.11949,15.907826,4.496443,0.88,0.23290001,0.09691,43.441,1.876,1.07,0.15609,0.20775,0.36119,0.138,0.192,10.21,12.91314,59471802368.0,64197808128.0,1.52,0.285,1.158,Technology,Electronic Components,289513228.0,288997894.0,45.685,3.0779321,3.323,12.967,0.00119,0.99196,4.83,2025-09-26,2026-09-26
TER,51.026096,31.87908,18.496738,0.68,0.36465,0.19745001,2.883,2.125,1.315,0.25766,0.33161,0.59242,1.039,3.858,7.28,11.65247,58075897856.0,57857347584.0,0.14,0.0687,1.778,Technology,Semiconductor Equipment & Materials,156340750.0,156026505.0,20.083,13.009743,12.961,38.446,0.00198,1.00669,2.65,2025-12-31,2026-12-31
TFC,11.1632185,9.758627,1.0108665,1.11,0.09059,0.010620001,,,,0.30692,0.39815,0.0,0.082,0.367,4.35,4.97611,59322171392.0,87566163968.0,4.28,0.4782,0.862,Financial Services,Banks - Regional,1221626188.0,1218364446.0,48.038,3.117625,4.602,,0.00177,0.78355,4.28,2025-12-31,2026-12-31
TGT,16.426792,16.5683,4.027548,1.97,0.26408002,0.05689,107.583,0.988,0.255,0.04078,0.06044,0.2838,0.053,1.005,9.63,9.54775,71865204736.0,85650202624.0,2.93,0.473,0.986,Consumer Defensive,Discount Stores,454296736.0,452783928.0,39.277,0.6672411,0.795,9.967,0.00265,0.88977,3.26,2026-01-31,2027-01-31
TJX,23.60668,22.038548,13.516041,2.48,0.62171,0.13543001,134.419,1.147,0.504,0.09729,0.10909,0.31467,0.054,0.236,5.39,5.77352,139960696832.0,148273692672.0,1.51,0.325,0.593,Consumer Cyclical,Apparel Retail,1099974061.0,1097422121.0,9.414,2.2442906,2.378,16.654,0.00155,0.94943,3.12,2026-01-31,2027-01-31
TKO,66.17483,40.429283,4.1423535,1.59,0.07063,0.04496,59.216,1.278,0.724,0.0433,0.32388002,0.59455,0.182,0.144,2.86,4.68126,35821182976.0,23167473664.0,1.67,1.0912,0.643,Communication Services,Entertainment,73111098.0,59720069.0,45.689,6.756339,4.37,14.3,0.18211001,1.16428,6.62,2025-12-31,2026-12-31
TMO,35.080776,23.662271,4.5724454,1.94,0.13515,0.05129,80.575,1.551,1.009,0.15036,0.18751,0.40987998,0.105,0.094,18.57,27.53117,240871882752.0,279484858368.0,0.29,0.09689999,0.854,Healthcare,Diagnostics & Research,369747286.0,368822918.0,142.473,5.1983747,6.032,23.808,0.0013,0.94088,3.37,2025-12-31,2026-12-31
TMUS,17.61047,11.647991,3.2127302,0.59,0.17994,0.05973,214.035,0.924,0.585,0.11455,0.2522,0.63054,0.079,0.053,9.55,14.43854,180401897472.0,298003922944.0,2.43,0.4121,0.331,Communication Services,Telecom Services,1072671613.0,486295676.0,52.348,1.9568701,3.233,8.67,0.55553,0.43480998,4.15,2025-12-31,2026-12-31
TPL,45.04087,4.8231673,14.544893,7.33,0.36566,0.25811002,1.077,4.552,4.498,0.60322,0.78177,0.93336,0.312,0.327,7.83,73.12,24325302272.0,24094705664.0,0.68,0.2891,0.618,Energy,Oil & Gas E&P,68974683.0,58866443.0,24.247,27.102163,26.845,32.491,0.0038400001,0.74592,11.28,2025-12-31,2026-12-31
TPR,43.12805,18.184929,41.93893,0.29,0.60914004,0.16443,574.912,1.841,1.107,0.08442,0.22415,0.76177,0.212,0.737,3.28,7.77897,28581246976.0,31435845632.0,1.13,0.47259998,1.444,Consumer Cyclical,Luxury Goods,202044714.0,201078940.0,3.373,3.640552,4.004,15.954,0.00319,0.98371005,5.51,2025-06-28,2026-06-28
TPR,15.818432,12.92203,33.29473,1.65,1.97135,0.17543,571.608,1.752,1.008,0.19086,0.19823,0.76595,0.089,,7.27,8.89953,22930042880.0,25734141952.0,1.61,0.2201,1.432,Consumer Cyclical,Luxury Goods,199391678.0,198324933.0,3.454,2.8647513,3.215,12.718,0.00422,1.02382,4.28,2026-06-27,2027-06-27
TRGP,27.934034,24.188736,20.003422,1.25,0.70839995,0.09237,515.794,0.771,0.611,0.13545,0.27803,0.43192002,0.042,0.233,10.46,12.07959,62654603264.0,82239496192.0,1.71,0.4063,0.722,Energy,Oil & Gas Midstream,214431021.0,211002269.0,14.607,3.7424724,4.912,14.959,0.0138,0.97476,4.12,2025-12-31,2026-12-31
TRMB,27.602095,12.932092,2.1668723,1.47,0.08252,0.046529997,25.062,1.014,0.62,0.12375,0.15874,0.71480006,0.118,0.556,1.91,4.07668,12289639424.0,13468339200.0,,0.0,1.383,Technology,Scientific & Technical Instruments,233111519.0,231836399.0,24.33,3.3335972,3.653,15.536,0.00402,0.9859,3.24,2026-01-02,2027-01-02
TROW,10.457831,10.091841,2.0194266,2.47,0.19399999,0.10659,3.702,4.039,4.039,0.29262,0.28688,0.51614,0.107,0.286,9.96,10.32121,22218979328.0,20605579264.0,4.99,0.5161,1.48,Financial Services,Asset Management,213315850.0,209211653.0,51.579,2.9266305,2.714,6.952,0.01699,0.91735,15.6,2025-12-31,2026-12-31
TRV,10.07043,12.388936,2.3593948,2.36,0.26511,0.04775,27.378,0.323,0.19,0.16951999,0.23698,0.34730998,0.003,0.571,37.2,30.23827,78136377344.0,82143371264.0,1.33,0.1223,0.451,Financial Services,Insurance - Property & Casualty,208575022.0,207363201.0,158.778,1.5953037,1.677,7.155,0.0028400002,0.91194,3.51,2025-12-31,2026-12-31
TSCO,16.776041,15.726386,6.40995,2.03,0.39513,0.07824,248.71,1.334,0.137,0.06425,0.120740004,0.36499,0.023,-0.15,1.92,2.04815,16782701568.0,23096092672.0,2.98,0.4896,0.469,Consumer Cyclical,Specialty Retail,521040137.0,519414492.0,5.025,1.0655195,1.466,11.958,0.00347,0.96759003,3.98,2025-12-27,2026-12-27
TSLA,334.19263,165.76111,16.561491,4.35,0.046669997,0.019299999,18.373,1.941,1.347,0.03671,0.014099999,0.18852,0.255,-0.03,1.09,2.19756,1438701584384.0,1411918594048.0,,0.0,1.845,Consumer Cyclical,Auto Manufacturers,3949547394.0,2819186930.0,21.995,13.884534,13.626,131.28,0.17819001,0.43667,2.14,2025-12-31,2026-12-31
TSN,32.574074,12.783616,1.0268534,1.04,0.03263,0.02565,44.025,1.433,0.484,0.01031,0.02711,0.06554,-0.001,2.041,1.62,4.12794,18564564992.0,25936566272.0,3.87,1.2530999,0.371,Consumer Defensive,Farm Products,281792507.0,274493130.0,51.39,0.3333315,0.466,9.357,0.02621,0.94038004,2.85,2025-09-27,2026-09-27
TT,31.9516,24.482183,10.962904,1.51,0.36643,0.110010006,53.404,1.073,0.742,0.13278,0.19251,0.35389,0.106,0.071,13.43,17.52744,94414143488.0,97734844416.0,0.98,0.29659998,1.197,Industrials,Building Products & Equipment,220023177.0,219418113.0,39.142,4.2509937,4.401,22.685,0.00266,0.90827006,2.96,2025-12-31,2026-12-31
TTD,16.571428,13.790644,2.5392194,1.0,0.15441,0.06252,16.863,1.724,1.677,0.13608,0.14205,0.76872003,0.03,-0.236,0.84,1.00938,6581307904.0,5489509376.0,,0.0,1.005,Communication Services,Advertising Agencies,429686475.0,416186984.0,5.482,2.2010047,1.836,7.865,0.027,0.89696,3.0,2025-12-31,2026-12-31
TTWO,,30.058922,12.610007,2.84,-0.86217004,-0.0027,100.449,1.137,1.011,-0.60449004,-0.020480001,0.59289,0.249,,-22.58,7.92244,44097683456.0,45249982464.0,,0.0,0.973,Communication Services,Electronic Gaming & Multimedia,185175456.0,184314390.0,18.885,6.72313,6.899,54.982,0.01362,0.94052005,4.25,2025-03-31,2026-03-31
TTWO,,19.961777,10.849131,2.81,-0.09039,-0.00621,81.607,1.062,0.899,-0.04792,0.0051499996,0.57126,0.02,,-1.73,10.29217,38415130624.0,39533232128.0,,0.0,0.966,Communication Services,Electronic Gaming & Multimedia,186980443.0,186140901.0,18.937,5.7451777,5.912,51.576,0.01779,0.99907994,3.22,2026-03-31,2027-03-31
TXN,40.461308,25.048735,13.519242,0.95,0.35176,0.13059,78.036,4.857,3.245,0.31111,0.42576998,0.58325,0.228,0.518,6.59,10.64485,243508379648.0,250559365120.0,2.28,0.85410005,1.314,Technology,Semiconductors,913247686.0,911019362.0,19.723,12.51778,12.88,26.319,0.00279,0.91655,3.57,2025-12-31,2026-12-31
TXT,15.007534,10.972005,1.7012148,0.93,0.12126,0.045479998,52.285,1.861,0.653,0.06125,0.08701,0.17628999,0.03,0.052,5.31,7.26303,13705637888.0,16480636928.0,0.1,0.0150999995,0.898,Industrials,Aerospace & Defense,171986917.0,170643699.0,46.843,0.89585185,1.077,9.81,0.00732,0.94315004,5.3,2026-01-03,2027-01-03
TYL,44.466404,21.98475,4.548272,1.55,0.09731,0.04176,47.906,1.554,1.47,0.13361,0.14741,0.47205,0.082,0.155,7.59,15.35155,13821391872.0,14306387968.0,,0.0,0.835,Technology,Software - Application,40952274.0,38014358.0,74.204,5.688618,5.888,31.201,0.00519,1.08425,3.96,2025-12-31,2026-12-31
UAL,10.178839,7.448584,2.1132948,6.5,0.23252001,0.03381,201.641,0.78,0.688,0.05558,0.05534,0.31816,0.16,-0.172,10.68,14.59472,35283976192.0,52316499968.0,,0.0,1.272,Industrials,Airlines,324569728.0,322178606.0,51.441,0.5609357,0.832,7.378,0.0058600004,0.90689003,5.87,2025-12-31,2026-12-31
UBER,15.460526,16.00207,5.265123,6.01,0.3716,0.06877,51.872,0.843,0.652,0.17345,0.13317999,0.40752,0.122,0.855,4.56,4.40568,144000483328.0,154423492608.0,,0.0,1.159,Technology,Software - Application,2042560121.0,2035901375.0,13.39,2.607429,2.796,20.661,0.0021,0.85361,2.39,2025-12-31,2026-12-31
UDR,21.455696,60.535717,3.761234,8.17,0.13739,0.022449998,156.144,0.178,0.002,0.29563,0.20177999,0.66581,-0.001,0.909,1.58,0.56,12453647360.0,17826684928.0,5.1,1.0918,0.685,Real Estate,REIT - Residential,321264222.0,289047846.0,9.013,7.050578,10.092,17.128,0.0044400003,1.0826,3.09,2025-12-31,2026-12-31
UHS,7.2088943,7.3852425,1.3859127,1.19,0.20948,0.08321,68.74,1.116,0.892,0.08424,0.1114,0.44607,0.083,0.101,24.51,23.92474,10413493248.0,15678294016.0,0.45,0.0327,1.061,Healthcare,Medical Care Facilities,51687770.0,48738730.0,127.49,0.574871,0.866,5.808,0.04978,1.03457,3.77,2025-12-31,2026-12-31
ULTA,19.686317,16.863714,8.522725,1.95,0.46117002,0.14843,95.472,1.345,0.203,0.0934,0.12505999,0.43097,0.089,0.133,27.48,32.07953,23130937344.0,25441517568.0,,0.0,0.854,Consumer Cyclical,Specialty Retail,42757471.0,42615944.0,63.475,1.7854122,1.964,13.152,0.0025,1.0412,3.23,2026-01-31,2027-01-31
UNH,24.206808,16.669476,3.4647596,1.02,0.14152999,0.04871,69.211,0.777,0.695,0.03135,0.071329996,0.19723,0.004,0.615,15.57,22.61019,338303483904.0,387665494016.0,2.46,0.5752,0.622,Healthcare,Healthcare Plans,897594847.0,895000798.0,108.781,0.75090784,0.86,14.53,0.00248,0.89699,3.72,2025-12-31,2026-12-31
UNP,22.621052,19.724142,8.541335,2.77,0.39696,0.09274,150.772,0.986,0.756,0.28847,0.40982,0.56285,0.115,0.066,12.35,14.16386,165966872576.0,195021864960.0,2.03,0.447,0.966,Industrials,Railroads,594075498.0,592726947.0,32.708,6.531557,7.675,15.137,0.00071000005,0.91296995,11.25,2025-12-31,2026-12-31
UPS,18.412638,12.275778,5.5950294,1.41,0.29602,0.07278,189.9,1.179,1.052,0.050819997,0.09052,0.22413,0.076,-0.53,5.38,8.06955,84278419456.0,108330426368.0,6.62,1.2193,1.038,Industrials,Integrated Freight & Logistics,749349405.0,748466589.0,17.705,0.9371558,1.205,8.965,0.00017000001,0.73375,5.41,2025-12-31,2026-12-31
URI,24.390425,17.694668,6.8522243,1.32,0.28895,0.08768,166.793,0.764,0.619,0.15673,0.25986,0.3848,0.118,0.255,41.57,57.30031,63108280320.0,78381285376.0,0.78,0.18090001,1.787,Industrials,Rental & Leasing Services,62242489.0,61887084.0,147.968,3.7493038,4.657,16.709,0.00434,0.94885004,3.33,2025-12-31,2026-12-31
USB,11.988024,10.380533,1.5435225,1.81,0.12623,0.0116,,,,0.29896,0.39646998,0.0,0.104,0.216,5.01,5.78583,93576568832.0,130164572160.0,3.6,0.4152,0.971,Financial Services,Banks - Regional,1558051446.0,1553330550.0,38.911,3.4250784,4.764,,0.00124,0.84492993,0.01,2025-12-31,2026-12-31
V,31.34383,24.545631,19.517223,1.67,0.6119,0.1911,67.821,0.985,0.627,0.50782,0.66130996,0.97725,0.144,0.102,11.75,15.0043,691411156992.0,687486861312.0,0.73,0.22129999,0.761,Financial Services,Credit Services,1704112694.0,1703469556.0,18.87,15.54152,15.453,22.11,0.00085,0.90182,2.99,2025-09-30,2026-09-30
VEEV,42.72742,25.384756,5.8046308,1.16,0.14425,0.075830005,2.041,5.458,5.363,0.29345,0.29637,0.74961,0.176,0.395,6.09,10.25064,42130300928.0,35039051776.0,,0.0,0.974,Healthcare,Health Information Services,161908850.0,148293935.0,44.828,12.183085,10.132,32.584,0.08613,0.93356,2.32,2026-01-31,2027-01-31
VICI,9.193798,7.93311,0.8953308,,0.09849,0.04818,60.277,11.236,11.235,0.67496,0.70182997,0.99271005,0.057,-0.414,2.58,2.99,26117558272.0,44092248064.0,7.76,0.69769996,0.682,Real Estate,REIT - Diversified,1101077562.0,1096706284.0,26.493,6.373861,10.76,12.116,0.00282,0.98407996,3.55,2025-12-31,2026-12-31
VLO,17.241552,11.07206,4.759645,4.08,0.27637,0.105579995,40.148,1.636,1.047,0.05446,0.12269,0.16118999,0.517,4.535,23.97,37.32639,118994657280.0,125736665088.0,1.16,0.1943,0.568,Energy,Oil & Gas Refining & Marketing,287927461.0,286389928.0,86.83,0.8985476,0.949,9.398,0.00422,0.87031,3.96,2025-12-31,2026-12-31
VLTO,23.801006,19.809307,7.4507174,2.24,0.34312,0.10307,115.978,1.775,1.478,0.17346,0.21370001,0.60183,0.075,0.101,3.97,4.76998,23036033024.0,24511033344.0,0.55,0.1259,0.759,Industrials,Pollution & Treatment Controls,243793344.0,243244809.0,12.682,4.044247,4.303,17.634,0.0019200001,1.01396,4.04,2025-12-31,2026-12-31
VMC,28.399765,22.633951,3.6815715,1.77,0.13234,0.06044,58.22,1.757,1.051,0.13748,0.21611,0.27506,0.025,0.027,8.48,10.64021,31206447104.0,35978248192.0,0.86,0.2382,1.054,Basic Materials,Building Materials,129578739.0,129155017.0,65.415,3.8451474,4.433,15.373,0.0023100001,1.00739,6.15,2025-12-31,2026-12-31
VMRK,23.45594,41.560028,,7.17,0.08487,0.02557,75.129,0.348,0.044,0.33253,0.29499,0.62325,0.033,,2.61,1.47305,47370760192.0,,4.16,0.96980006,0.537,Real Estate,REIT - Residential,773779120.0,,,15.330606,,,0.00485,0.48814,3.34,2025-12-31,2026-12-31
VRSK,26.9447,20.16587,-19.680243,1.49,,0.18958001,,1.005,0.903,0.28237,0.45106998,0.70179003,0.044,-0.034,6.51,8.69836,22830667776.0,26895566848.0,1.14,0.2919,0.662,Industrials,Consulting Services,130156012.0,129759036.0,-8.913,7.2801876,8.576,17.743,0.00275,1.01343,2.62,2025-12-31,2026-12-31
VRSN,32.912052,27.39763,-12.156406,2.24,,0.45124,,0.591,0.557,0.49769002,0.68178004,0.88465,0.06,0.077,9.21,11.06373,27402047488.0,28677935104.0,1.07,0.3431,0.699,Technology,Software - Infrastructure,90400000.0,84894642.0,-24.935,16.044292,16.791,24.18,0.10587,0.89825994,2.21,2025-12-31,2026-12-31
VRT,56.55102,27.33832,20.178816,0.84,0.43943,0.10889,70.166,1.379,0.947,0.15088001,0.20362,0.38039002,0.241,0.53,4.41,9.12236,96012197888.0,96239804416.0,0.1,0.0509,2.075,Industrials,Electrical Equipment & Parts,384988173.0,383848608.0,12.359,8.363723,8.384,35.926,0.00238,0.84550005,2.85,2025-12-31,2026-12-31
VRTX,29.589056,25.249094,6.3605313,1.87,0.23542999,0.11926,9.767,3.185,2.536,0.34997,0.38055,0.54957,0.125,0.08,17.18,20.133,128844324864.0,122969522176.0,,0.0,0.32,Healthcare,Biotechnology,253460924.0,252685334.0,79.921,10.236138,9.769,24.109,0.00212,0.9796,3.92,2025-12-31,2026-12-31
VST,23.681818,13.570836,15.7225895,0.35,0.42962003,0.05886,373.28,0.973,0.258,0.1155,0.13766,0.38309,-0.055,-0.062,5.94,10.36561,47213801472.0,69774802944.0,0.65,0.1535,1.414,Utilities,Utilities - Independent Power Producers,335635195.0,312946256.0,8.947,2.4575162,3.632,10.499,0.0077899997,0.92068,2.37,2025-12-31,2026-12-31
VTR,157.61818,109.73418,3.0354705,4.94,0.02012,0.02169,84.928,0.295,0.261,0.04093,0.14807999,0.39970002,0.217,-0.067,0.55,0.79,44467322880.0,57749598208.0,2.4,3.6364002,0.724,Real Estate,REIT - Healthcare Facilities,512946359.0,510525252.0,28.559,6.9274664,8.997,24.256,0.00505,1.0510501,6.69,2025-12-31,2026-12-31
VTRS,,6.370696,1.3465205,1.05,-0.02754,0.02668,95.535,1.585,0.816,-0.02787,0.12550999,0.40307,0.049,,-0.37,2.66062,19468615680.0,31581814784.0,2.83,9.6,0.883,Healthcare,Drug Manufacturers - Specialty & Generic,1148590864.0,1141791206.0,12.588,1.3210435,2.143,7.357,0.00318,0.93489,3.81,2025-12-31,2026-12-31
VZ,12.5234375,9.108507,1.9226772,0.86,0.15842,0.050479997,184.081,0.604,0.462,0.11643,0.22999,0.59453,-0.007,-0.22,3.84,5.27968,199803142144.0,392929148928.0,5.88,0.7279,0.24,Communication Services,Telecom Services,4154775202.0,4148833873.0,25.012,1.4385194,2.829,7.692,0.0005,0.71181,4.29,2025-12-31,2026-12-31
WAB,37.71602,22.522509,4.225677,1.37,0.11553001,0.061669998,61.686,1.121,0.525,0.10593,0.19188,0.35735,0.175,0.189,7.43,12.44222,47333888000.0,53639888896.0,0.44,0.1507,0.921,Industrials,Railroads,168910851.0,166845071.0,66.316,3.9510758,4.477,20.234,0.00698,0.95798,3.79,2025-12-31,2026-12-31
WAT,30.490232,20.057852,7.6206083,1.42,0.29279,0.11524,60.282,1.733,1.143,0.20302,0.33757,0.59283,0.068,-0.031,10.75,16.34123,32175699968.0,33110980608.0,,0.0,1.203,Healthcare,Diagnostics & Research,98165491.0,97959623.0,43.011,10.16518,10.461,30.265,0.0011100001,0.62858003,2.98,2025-12-31,2026-12-31
WBD,,397.14285,2.123272,55.18,-0.08786,0.01708,94.199,0.777,0.406,-0.08769,0.05105,0.47811002,-0.112,-0.906,-1.28,0.07,69698396160.0,99566551040.0,,0.0,1.571,Communication Services,Entertainment,2507136702.0,2385394112.0,13.093,1.9299015,2.757,12.776,0.04141,0.79235,3.4,2025-12-31,2026-12-31
WDAY,39.565304,14.663316,7.223443,0.71,0.16006,0.04513,58.39,0.908,0.81,0.12319,0.11816,0.75795,0.128,2.06,4.9,13.22143,46722670592.0,47091671040.0,,0.0,1.082,Technology,Software - Application,196000000.0,194315890.0,26.839,4.600952,4.637,29.692,0.02182,1.12475,3.47,2026-01-31,2027-01-31
WDC,28.576046,25.730211,22.817116,0.42,0.85920995,0.14648,17.81,1.49,1.107,0.55286,0.37008998,0.45428002,0.455,4.829,16.7,18.54707,164489216000.0,162976202752.0,0.13,0.0269,2.166,Technology,Computer Hardware,344682131.0,342110802.0,20.915,13.966988,13.839,41.491,0.00543,1.01878,2.17,2025-06-27,2026-06-27
WDC,16.395245,13.901307,,0.84,1.30853,0.20758,13.436,1.329,0.85,0.72947,0.43608,0.48851,0.438,9.841,26.92,31.74953,159128338432.0,158740348928.0,0.14,0.0186,2.182,Technology,Computer Hardware,360540944.0,358024368.0,,12.317389,12.287,31.735,0.0050999997,0.91946,2.55,2026-07-03,2027-07-03
WEC,22.715431,18.890282,2.7098424,2.38,0.11679,0.030439999,153.184,0.679,0.447,0.16239001,0.28952998,0.41764,0.09,0.079,4.99,6.00044,36921004032.0,59631505408.0,3.36,0.7275,0.46,Utilities,Utilities - Regulated Electric,325725678.0,324820161.0,41.829,3.6610544,5.913,15.164,0.00154,0.87088996,6.73,2025-12-31,2026-12-31
WELL,103.09459,71.971695,3.5449092,3.66,0.03836,0.00825,41.375,1.317,0.946,0.12149999,0.16561002,0.39560002,0.391,0.356,2.22,3.18,164917313536.0,183961763840.0,1.49,1.3274001,0.76,Real Estate,REIT - Healthcare Facilities,720572011.0,719750323.0,64.563,12.921299,14.413,55.068,0.00061,1.00863,6.18,2025-12-31,2026-12-31
WFC,12.517442,10.898562,1.6189796,1.46,0.12575,0.0107700005,,,,0.27232,0.37387002,0.0,0.095,0.25,6.88,7.90196,260426825728.0,259965829120.0,2.32,0.2616,0.916,Financial Services,Banks - Diversified,3023999336.0,3015622858.0,53.194,3.13669,3.131,,0.00090000004,0.78763,0.0,2025-12-31,2026-12-31
WM,29.858557,23.156122,8.506951,1.93,0.29841,0.06566,235.301,0.907,0.801,0.11115,0.18986,0.40601003,0.04,0.083,7.07,9.11638,84379877376.0,107179876352.0,1.79,0.5007,0.431,Industrials,Waste Management,399715184.0,398528030.0,24.815,3.287485,4.176,13.787,0.0025499999,0.85867995,2.83,2025-12-31,2026-12-31
WMB,28.705181,27.743656,6.6985874,2.07,0.21503,0.05032,200.371,0.477,0.309,0.24937001,0.39540002,0.63637,0.078,0.512,2.51,2.59699,88129224704.0,120932212736.0,2.91,0.8167,0.618,Energy,Oil & Gas Midstream,1223167472.0,1215840699.0,10.756,7.1516047,9.814,17.195,0.00445,0.91457003,3.71,2025-12-31,2026-12-31
WMT,38.67029,33.043858,9.008272,4.08,0.22313999,0.06414,71.653,0.767,0.195,0.03,0.0345,0.24836999,0.059,-0.091,2.76,3.22995,849365827584.0,916892745728.0,0.93,0.3496,0.595,Consumer Defensive,Discount Stores,7958079155.0,4350231739.0,11.848,1.1542807,1.246,20.804,0.44988,0.38209,3.1,2026-01-31,2027-01-31
WRB,15.171611,14.947336,2.868071,4.09,0.20164,0.03672,31.76,0.385,0.23,0.12639,0.17093,0.43651,0.04,0.26,4.72,4.79082,26658738176.0,27565242368.0,0.56,0.0763,0.293,Financial Services,Insurance - Property & Casualty,372276732.0,256599864.0,24.968,1.7951056,1.856,10.683,0.26275,0.77976,0.01,2025-12-31,2026-12-31
WSM,22.994871,21.323706,14.118387,2.55,0.54960996,0.16636999,71.369,1.447,0.619,0.14729,0.17272,0.45692003,0.067,0.42,9.75,10.51412,26406090752.0,26905100288.0,1.36,0.2913,1.463,Consumer Cyclical,Specialty Retail,117779173.0,116229199.0,15.88,3.2986355,3.361,16.211,0.01121,0.98486,5.07,2026-02-01,2027-02-01
WST,46.27203,36.31598,8.53016,2.82,0.19087,0.11377,10.585,2.822,1.819,0.1698,0.22469,0.36786,0.138,0.181,7.83,9.9766,25497841664.0,25378541568.0,0.24,0.1114,1.135,Healthcare,Medical Instruments & Supplies,70375762.0,69849351.0,42.474,7.664375,7.629,27.821,0.00656,1.01957,4.33,2025-12-31,2026-12-31
WTW,19.19381,13.563699,3.7499244,1.27,0.19761999,0.05079,91.39,1.098,0.301,0.15492,0.17559,0.42516,0.091,-0.268,16.15,22.85365,28788443136.0,34310443008.0,1.24,0.2328,0.417,Financial Services,Insurance Brokers,92871937.0,92420579.0,82.663,2.8497767,3.396,12.184,0.0026800002,1.02423,4.6,2025-12-31,2026-12-31
WY,32.151512,31.555779,1.620961,1.86,0.04974,0.00674,57.625,1.816,1.004,0.06888,0.080340005,0.14507,-0.009,0.871,0.66,0.67246,15294017536.0,20216016896.0,3.96,1.2727,0.89,Real Estate,REIT - Specialty,720736000.0,717290882.0,13.091,2.2320516,2.95,29.384,0.0033000002,0.91441,5.25,2025-12-31,2026-12-31
WYNN,19.58753,15.852991,-49.116055,0.73,,0.05728,,0.912,0.838,0.060549997,0.16537,0.683,0.069,1.061,4.17,5.15234,8410907136.0,17791875072.0,1.22,0.23979999,0.991,Consumer Cyclical,Resorts & Casinos,102973891.0,80172616.0,-1.663,1.1345508,2.4,9.836,0.27445,0.73947996,5.59,2025-12-31,2026-12-31
XEL,19.80822,15.923988,1.8765574,1.82,0.0992,0.02365,173.135,0.701,0.477,0.15278,0.22700001,0.46825,-0.051,0.24,3.65,4.54032,45161062400.0,84794056704.0,3.28,0.637,0.399,Utilities,Utilities - Regulated Electric,624634306.0,623372545.0,38.528,3.0898373,5.801,13.848,0.00201,0.98153996,8.53,2025-12-31,2026-12-31
XOM,21.047619,15.155684,2.5925806,1.4,0.12584,0.055209998,15.921,1.135,0.801,0.09072,0.15859,0.29767,0.441,1.128,7.77,10.79067,672462077952.0,710973063168.0,2.52,0.5251,0.175,Energy,Oil & Gas Integrated,4111911960.0,4103811493.0,63.08,1.8624662,1.969,10.465,0.00082,0.67060995,2.77,2025-12-31,2026-12-31
XYL,25.670643,17.221972,2.2821982,1.31,0.09182999,0.051149998,28.642,1.613,1.161,0.111549996,0.16995001,0.39240003,0.015,0.195,4.19,6.24551,25113841664.0,27137841152.0,1.6,0.3952,1.0,Industrials,Specialty Industrial Machinery,233486812.0,232882081.0,47.13,2.7519004,2.974,13.72,0.0033500001,0.97628,4.98,2025-12-31,2026-12-31
XYZ,136.21428,14.70696,2.0785873,0.58,0.01612,0.0201,32.58,2.209,1.077,0.01426,0.06999,0.46572,0.093,-0.833,0.56,5.18666,45828640768.0,46226022400.0,,0.0,2.522,Technology,Software - Infrastructure,540816000.0,535915148.0,36.698,1.8300738,1.846,29.864,0.01202,0.84220004,2.65,2025-12-31,2026-12-31
YUM,17.40101,19.723001,-5.218197,1.72,,0.22694,,0.592,0.33,0.25406998,0.32779998,0.45311,0.122,1.316,7.93,6.9964,37657624576.0,50388619264.0,2.17,0.3678,0.551,Consumer Cyclical,Restaurants,272901085.0,272150607.0,-26.444,4.317545,5.777,16.424,0.00161,0.91350996,3.58,2025-12-31,2026-12-31
ZBH,23.145632,10.516959,1.4397874,0.6,0.06413,0.03878,60.175,1.691,0.741,0.09481,0.17959999,0.69524,0.048,0.338,4.12,9.06726,18188746752.0,25334646784.0,1.01,0.233,0.471,Healthcare,Medical Devices,190737689.0,190131143.0,66.232,2.1376395,2.977,10.034,0.00158,1.11415,4.06,2025-12-31,2026-12-31
ZBRA,31.742674,15.614203,4.782093,0.58,0.15286,0.07315,86.23,0.516,0.301,0.092180006,0.21259001,0.49581,0.204,1.215,10.92,22.19966,16399294464.0,19204294656.0,,0.0,1.607,Technology,Communication Equipment,47310660.0,46866886.0,72.485,2.8047364,3.284,16.22,0.00852,1.05905,2.34,2025-12-31,2026-12-31
ZTS,12.550819,10.358544,9.766551,1.83,0.67748,0.15525,286.236,3.153,1.679,0.28035,0.36561,0.71839,0.029,0.06,6.1,7.391,32096104448.0,39409102848.0,2.77,0.3328,0.749,Healthcare,Drug Manufacturers - Specialty & Generic,419228118.0,418377085.0,7.839,3.3675485,4.135,9.673,0.00154,1.02136,2.15,2025-12-31,2026-12-31
